# vtk DataFile Version 5.1
vtk output
ASCII
DATASET POLYDATA
POINTS 8990 float
44.2043 -113.71 56.9697 31.8673 -117.764 71.6437 29.0389 -118.494 52.6322 
-119.053 -26.6539 154.957 -118.21 -30.1718 135.15 -113.199 -45.4983 144.418 
103.008 -65.3709 1316.38 112.394 -47.4507 1320.1 109.918 -52.9338 1331.46 
119.684 -23.6584 205.867 119.741 -23.3663 232.803 112.399 -47.4394 209.128 
55.0548 108.871 148.64 57.5705 107.562 120.399 36.4582 116.425 137.689 
111.754 -48.9394 234.735 -70.4248 99.621 905.816 -83.6027 88.8515 892.408 
-84.6567 87.8478 924.981 -66.0114 -102.599 41.2417 -48.5208 -111.936 30.7804 
-51.3952 -110.646 48.2334 97.8498 72.8658 886.625 111.562 49.3761 879.971 
101.038 68.3758 860.075 122 -2.98814e-14 1317.55 120.399 19.7015 1318.66 
119.75 23.3214 1331.46 -113.608 44.4658 1309.4 -118.006 30.9593 1320.67 
-113.084 45.7826 1331.46 -107.185 58.2706 1317.99 -107.442 -57.7943 918.529 
-116.146 -37.3379 908.084 -106.427 -59.6439 893.699 -87.6386 -84.8733 13.5364 
-99.3585 -70.7946 17.811 -92.8964 -79.0839 0 -114.029 -43.3744 165.308 
-102.247 -66.5553 0 122 -2.98814e-14 27.449 118.01 -30.9459 27.1559 
119.75 -23.3214 13.5364 81.6139 -90.6817 1101.15 90.8929 -81.3786 1126.43 
77.2784 -94.4037 1130.14 -87.6386 84.8733 1331.46 -98.5398 71.9299 1327.71 
-92.8964 79.0839 1345 103.973 -63.8242 1223.57 101.519 -67.6604 1253.3 
91.4377 -80.766 1235.07 -102.247 66.5553 1345 111.633 -49.2146 1151.93 
119.461 -24.762 1165.23 114.352 -42.515 1183.98 -43.6246 -113.934 229.122 
-63.7855 -103.997 219.199 -40.4016 -115.116 205.043 -121.134 14.5123 82.0488 
-120.943 16.0251 60.5633 -121.996 -0.958241 73.2391 117.635 -32.3413 66.6832 
112.035 -48.2926 83.4063 109.942 -52.8843 62.2429 122 -2.98814e-14 137.245 
117.468 32.9431 140.085 119.736 23.3956 158.657 92.1819 79.9155 359.952 
96.3854 74.792 330.645 77.4478 94.2647 346.48 -119.264 -25.6947 261.421 
-119.226 -25.8665 283.619 -121.878 -5.4436 263.864 -119.824 -22.9417 995.82 
-121.999 -0.362512 1009.96 -121.728 8.1486 986.502 -119.916 22.4534 484.7 
-121.999 -0.588433 492.295 -119.437 24.8767 510.11 -11.9076 121.417 1159.57 
9.54955 121.626 1154.37 -12.3879 121.369 1137.55 -121.273 -13.3028 973.086 
63.9621 -103.889 1110.24 -97.8992 72.7994 900.004 -82.4761 -89.8982 1297.63 
-82.1265 -90.2177 1315.56 -93.4435 -78.4366 1305.22 91.313 -80.907 1187.04 
104.907 -62.2771 1168.43 103.929 -63.8959 1198.19 119.752 23.311 13.5425 
117.117 34.1715 28.2874 120.443 19.4282 41.1735 122 -2.98814e-14 164.694 
-61.2111 -105.533 27.8669 85.2674 87.2552 244.583 101.818 67.2096 233.645 
87.4339 85.0842 221.244 99.005 -71.2882 32.64 92.8964 -79.0839 13.4992 
102.418 -66.2921 13.5404 119.756 -23.2913 1248.28 113.724 -44.1688 1263.95 
113.734 -44.1432 1236 102.245 -66.5574 1331.52 -121.941 -3.79269 286.615 
-94.3481 -77.3462 227.534 -78.0881 -93.735 233.652 -93.2408 -78.6775 247.478 
112.826 46.4148 850.918 -119.086 26.5046 1281.55 -121.133 14.5174 1296.94 
-118.23 30.0951 1302.99 -58.9719 -106.8 198.594 82.0207 90.3139 13.5364 
71.0193 99.1981 26.4482 84.1256 88.3566 33.9607 36.2363 116.494 116.558 
-3.00762 -121.963 942.654 -0.886732 -121.997 974.882 -26.2971 -119.132 956.329 
-87.6386 84.8733 13.5364 -97.7725 72.9695 12.8459 -93.2894 78.6199 28.795 
-93.6186 -78.2277 1288.09 114.59 -41.8707 45.1953 -83.5521 88.8991 25.5111 
-22.2113 -119.961 215.972 -25.3205 -119.343 238.711 119.272 25.6552 182.48 
122 -2.98814e-14 192.143 122 -2.98814e-14 1097.96 118.687 28.2395 1111.86 
122 -2.98814e-14 1125.41 60.9744 105.67 939.093 56.3722 108.195 965.87 
77.3847 94.3166 951.666 49.3475 -111.574 79.7209 50.7279 110.953 1186.07 
66.8411 102.06 1199.46 66.0258 102.589 1175.4 114.387 42.423 41.2542 
115.197 40.1707 60.9629 77.8502 -93.9327 1245.95 69.2978 -100.408 1264.45 
55.6494 -108.569 1253.57 62.3221 -104.881 1233.87 80.8382 91.3739 320.192 
-121.327 -12.8001 896.003 -121.097 -14.8192 868.802 -116.043 -37.6563 881.648 
-64.2028 -103.74 58.3494 -4.41607 -121.92 181.961 9.64196 -121.618 165.242 
15.5316 -121.007 191.474 -18.9488 -120.519 1212.07 -27.1616 -118.938 1226.3 
-40.1794 -115.194 1212.69 65.1241 -103.164 1320.37 79.8073 -92.2757 1312.02 
82.0207 -90.3139 1331.46 119.684 -23.6584 1276.38 -63.2439 104.327 1331.46 
-50.1081 111.235 1331.92 -54.3286 109.236 1315.44 -119.817 22.9777 42.894 
-121.596 9.92359 41.38 119.645 23.856 1301.87 -32.2566 -117.658 1197.29 
-120.319 20.1851 563.724 -121.87 -5.6273 577.878 -120.42 19.5716 589.847 
-88.3282 84.1553 1053.38 -82.4893 89.8862 1069.76 -71.121 99.1252 1058.95 
114.192 -42.9449 128.855 119.938 -22.3334 118.187 118.26 -29.9776 148.729 
-111.889 48.6298 1216.57 -109.249 54.3014 1192.85 -117.498 32.8367 1205.02 
-121.959 3.17947 59.1047 97.981 72.6893 256.781 74.4946 96.6155 108.716 
74.1886 96.8507 136.264 74.0426 96.9623 974.174 10.7586 121.525 410.179 
8.56843 121.699 385.463 -13.8773 121.208 402.077 114.179 42.978 1311.48 
109.912 52.9474 1331.42 115.793 38.4176 1331.45 92.8964 -79.0839 1331.46 
93.9458 -77.8343 1317.53 -49.4217 -111.541 65.8657 -74.6508 96.4949 1038.44 
-63.2759 104.308 13.5568 -76.1348 95.3283 13.5508 -72.074 98.4344 29.5916 
88.2439 84.2438 122.172 -121.998 0.677794 522.374 -121.93 -4.13792 341.429 
-121.663 -9.05841 365.794 -121.007 15.535 345.769 119.684 23.6584 1139.13 
-114.345 42.5346 199.981 -119.62 23.9806 189.155 -120.612 18.35 210.154 
21.945 -120.01 960.062 -32.5886 117.567 133.133 -46.1457 112.936 137.624 
-39.3928 115.465 157.188 6.29587 121.837 1135.29 -112.331 47.5999 63.7666 
-117.25 33.7101 54.0526 -117.734 31.9786 73.4601 111.857 -48.7025 1307.21 
34.1702 -117.117 179.422 -68.8426 100.721 1318.61 -117.467 -32.9469 79.4093 
-120.973 -15.793 67.6239 -118.147 -30.4172 62.0285 119.789 -23.121 42.1176 
-19.1895 120.481 148.758 -113.798 43.9777 1291.36 86.6763 -85.8558 28.1519 
-54.2439 109.278 1046.5 106.295 59.8772 1316.52 -116.175 37.2484 221.249 
-119.538 -24.3877 305.948 51.9363 110.393 1208.2 -93.8352 -77.9677 270.446 
-80.8171 -91.3926 253.93 -19.4712 120.436 1331.46 -22.7043 119.869 1315.25 
-35.6362 116.679 1323.52 -103.918 63.9137 1207.52 -55.9349 -108.422 1054.05 
-36.9012 -116.285 1070.84 -55.3101 -108.742 1077.87 69.7982 -100.061 1333.62 
-44.3105 -113.669 252.15 -121.497 11.0713 369.696 -60.3985 106 1026.65 
38.0415 -115.917 43.0919 119.85 22.8031 1276.54 120.697 17.7801 1248.93 
114.232 42.838 1268.7 -14.0381 121.19 377.325 -60.6357 105.865 26.9112 
-113.084 45.7826 13.5364 -111.504 49.5065 29.6597 -104.942 62.2181 22.2 
-83.0411 -89.3766 1279.42 77.6488 94.0993 1315.12 69.7982 100.061 1333.11 
82.0207 90.3139 1331.46 -16.4558 120.885 427.77 -109.326 54.1467 232.791 
-107.082 58.4591 211.172 -69.9897 99.9272 924.168 -78.7056 -93.2171 276.508 
-121.493 11.1149 883.748 -121.661 9.08203 857.543 41.1162 -114.863 1242.97 
42.9746 -114.18 1223.15 34.3386 117.068 95.5157 14.9756 121.077 84.8949 
17.491 120.74 106.1 -121.853 -5.9794 308.79 -121.24 -13.5952 842.289 
-118.978 -26.9859 507.272 -92.896 -79.0843 1319.42 115.419 39.5279 1247.13 
116.03 37.6976 1222.63 -39.5231 -115.421 1052.91 97.5079 73.3226 41.0847 
92.9021 79.0772 20.4603 110.759 51.1521 320.218 113.701 44.2286 339.923 
118.946 27.1262 316.804 -121.967 -2.81629 551.805 -119.611 24.0231 537.298 
112.457 47.3003 823.302 111.78 48.8799 794.585 98.6713 71.7494 805.543 
29.3064 118.428 38.8193 43.0213 114.163 30.1042 27.2292 118.923 21.1879 
-118.565 -28.7474 588.542 -118.575 -28.7044 615.326 -121.94 -3.83263 602.66 
88.2162 84.2728 95.1084 100.483 69.1899 109.91 -121.722 8.23166 1279.03 
95.8103 -75.5274 1109.72 -114.645 -41.7195 932.455 -105.694 -60.9319 153.079 
-106.366 -59.7516 175.866 -112.238 -47.8198 546.579 -119.564 -24.2586 534.448 
-112.101 -48.1402 520.19 100.656 68.9373 26.7697 -121.66 -9.09613 737.209 
-117.291 -33.5672 749.691 -121.629 -9.51246 763.08 87.0083 -85.5194 439.734 
83.1474 -89.2777 418.011 99.174 -71.0529 428.987 98.2207 -72.365 407.247 
-1.01647 121.996 138.228 -16.2851 120.908 124.177 -121.836 -6.32595 710.159 
-118.083 -30.6665 722.985 8.33322 121.715 436.304 -121.255 -13.4596 1332.7 
-117.361 -33.3221 1332.88 -119.75 -23.3214 1345 53.1031 -109.837 1310.69 
37.0341 -116.243 1318.15 38.8144 -115.661 1301.06 -118.195 -30.2326 946.017 
-120.741 -17.4821 925.037 -41.0141 -114.899 183.925 -57.9528 -107.357 174.062 
-110.443 -51.83 681.77 -118.692 -28.2177 668.987 -110.447 -51.8221 655.169 
-102.588 -66.0282 1314.75 -97.7662 -72.9779 1331.47 -106.296 -59.8768 1331.46 
120.06 21.6683 68.7528 100.439 69.2531 833.175 119.825 -22.9334 1195.3 
-108.603 -55.5815 788.315 -117.811 -31.6965 776.458 -108.771 -55.2529 762.475 
42.1666 114.481 13.3373 119.208 -25.9508 93.5418 23.9713 119.622 258.713 
2.84917 121.967 246.48 6.49025 121.827 268.756 117.363 -33.3157 351.983 
120.009 -21.9533 373.551 109.259 -54.2822 366.437 87.0631 85.4635 74.7831 
99.8546 70.0932 88.4739 98.4476 72.0561 63.8844 114.013 -43.4179 389.405 
-121.473 -11.3262 814.096 -121.659 -9.11676 788.788 -117.189 -33.9231 802.597 
49.2419 111.621 219.589 71.1905 99.0753 208.68 54.069 109.364 195.85 
-113.032 45.9107 82.3058 112.447 47.3245 1068.29 111.409 49.719 1094.01 
119.44 24.8628 1084.19 90.3886 -81.9384 1164.3 -38.3226 115.825 1213.64 
-16.7993 120.838 1225.2 -19.0168 120.509 1203.95 -121.785 7.23395 194.31 
-121.713 -8.35781 208.441 31.5343 117.854 75.8056 -22.4422 -119.918 981.342 
0.068365 -122 1001.01 -121.015 -15.4696 136.044 -106.301 59.8675 9.67937 
120.854 16.6828 1221.48 -120.823 16.9031 1314.1 -120.998 15.601 1331.46 
-42.1345 -114.493 1345 -48.0509 -112.139 1332.78 -32.7701 -117.516 1332.63 
-121.991 1.45295 225.184 8.91806 -121.674 28.6487 -6.09019 -121.848 25.865 
-3.83465 -121.94 13.5458 2.35147 -121.977 1156.62 2.92605 -121.965 1181.02 
-16.8576 -120.83 1168.42 112.239 47.8162 248.795 49.3841 -111.558 1321.97 
-16.8656 120.829 258.435 -36.3464 116.46 246.211 -34.8644 116.912 268.669 
-94.6529 76.9729 793.995 -81.6225 90.6739 812.059 -78.6099 93.2978 780.359 
-3.84828 121.939 21.2016 12.7574 121.331 30.6973 11.6499 121.442 13.2502 
-14.5804 121.126 452.971 8.17757 121.726 463.687 -120.611 -18.3542 81.4909 
-118.215 -30.1516 695.885 -84.96 -87.5546 216.122 -24.6853 -119.477 150.852 
-43.2305 -114.084 141.94 -28.3098 -118.67 128.008 -41.4729 -114.734 1289.06 
-26.7971 -119.021 1298.54 -41.3638 -114.774 1306.45 122 -2.98814e-14 1290.1 
118.346 -29.6343 1299.11 -34.7124 116.957 1335.72 -120.524 18.9215 617.312 
-121.861 -5.81343 629.301 -120.548 18.7683 643.567 108.404 55.9688 929.516 
104.224 63.4137 954.967 112.937 46.1429 959.589 11.75 -121.433 13.5357 
61.6173 105.296 95.6391 7.40661 121.775 1317.04 -8.24225 121.721 1320.4 
-3.92086 121.937 1331.46 108.662 55.4675 903.089 113.052 -45.8621 1286.32 
-116.975 34.6526 819.106 -121.55 10.4738 830.937 -117.131 34.1217 845.038 
21.0738 120.166 238.912 109.151 54.4989 270.361 41.2892 114.801 242.895 
66.4009 102.347 232.178 63.1297 -104.397 67.774 -68.2071 101.152 1200.07 
-52.8455 109.961 1195.74 -70.4985 99.5689 1183.81 -88.765 83.6945 1302.18 
-77.0906 94.5571 1312.44 -77.7567 94.0101 1294.87 116.015 37.7438 933.279 
-116.668 35.6732 243.138 -119.844 22.8354 1012.46 -105.941 60.5028 149.529 
-97.1046 73.8559 139.538 -105.937 60.509 130.507 61.4303 105.406 1320.23 
-119.599 -24.0851 1321.27 -121.88 5.41981 470.09 90.3671 -81.9621 1256.23 
119.684 23.6584 123.52 -112.713 -46.6873 106.037 -117.274 -33.6274 93.6784 
-112.822 -46.4236 87.9476 -15.8672 -120.964 1190.53 -65.0987 103.18 798.785 
119.684 23.6584 1194.03 114.465 42.2117 1197.88 -23.8836 -119.639 262.226 
-21.5177 -120.087 1002.85 -116.537 -36.0993 828.547 -62.9848 -104.484 76.0884 
38.3021 115.832 925.031 16.0295 120.942 935.647 36.1448 116.523 950.604 
-89.4047 83.0108 1317 -109.504 -53.7846 708.467 119.525 24.4481 1056.73 
67.3036 -101.756 460.435 66.6631 -102.176 433.954 122 -2.98814e-14 356.837 
83.6192 88.836 845.208 83.7812 88.6832 818.73 -119.292 -25.5632 177.414 
-114.317 -42.6109 187.016 -72.7533 -97.9335 202.625 -33.7747 117.232 1232.1 
33.267 117.377 226.081 4.49131 -121.917 1202.54 46.9334 112.611 1272.62 
33.2569 117.38 1258.3 28.9825 118.507 1275.38 86.954 -85.5745 466.728 
32.0982 -117.702 155.135 -45.0713 -113.369 121.894 -90.3144 -82.0201 27.922 
119.604 24.0576 809.65 -102.87 -65.5884 1067.97 -101.308 -67.9751 1091.24 
-112.019 -48.3286 1081.04 28.5445 118.614 1124.8 28.9472 118.516 1150.1 
-93.8592 -77.9388 292.734 -11.6875 -121.439 1307.5 -26.8574 -119.007 1316.6 
122 -2.98814e-14 1180.31 112.245 47.8021 738.443 111.59 49.3109 766.767 
119.263 25.6956 754.568 54.4973 -109.151 690.809 72.5766 -98.0645 673.821 
74.021 -96.9788 703.943 72.2491 98.306 44.8848 -57.0332 107.848 1179.5 
-96.4642 74.6904 47.5803 -84.3671 88.1261 39.0895 -41.1351 -114.856 1320.8 
120.337 -20.0741 335.915 16.0532 120.939 960.547 -89.8459 82.5331 531.999 
-91.0777 81.1717 500.163 -103.586 64.4503 512.547 -118.31 -29.7785 1093.54 
-110.559 -51.5816 1103.99 -121.255 -13.4662 53.7115 -78.5663 -93.3346 300.036 
-118.978 -26.9867 561.408 -100.807 -68.717 533.049 -89.0954 -83.3428 516.721 
-86.7252 -85.8064 547.826 119.448 24.8237 727.229 65.05 -103.211 88.9936 
13.6347 121.236 48.0456 -2.38896 121.977 38.2659 -2.08659 121.982 57.3212 
114.844 41.168 1289.01 -35.4952 116.722 388.931 -35.5482 116.706 364.61 
-117.43 -33.0783 1115.63 115.367 -39.6798 1015.66 104.16 -63.5195 996.26 
113.036 -45.9007 988.465 -96.6763 -74.4157 143.418 -85.9476 -86.5853 154.286 
-96.8072 -74.2454 165.384 -116.158 37.3005 1184.84 -120.493 19.1194 1173.68 
-120.493 19.1135 1194.1 -73.8116 -97.1383 530.285 -97.5456 73.2725 120.96 
-86.0573 86.4763 128.611 -77.1737 94.4893 516.352 52.1418 -110.296 167.113 
-72.8513 -97.8606 184.481 -121.92 -4.41279 656.22 -118.263 -29.9628 642.539 
-102.665 -65.9087 452.956 -90.511 -81.8031 437.216 -88.8792 -83.5732 466.94 
101.604 67.5324 1299.27 109.432 53.9316 1302.07 105.993 60.4115 1280.81 
-18.6126 120.572 237.766 -117.208 -33.8565 107.747 -98.2405 72.3382 1187.34 
4.42257 -121.92 1221.63 -9.9605 -121.593 1232.5 67.6909 -101.498 487.143 
-113.514 44.7048 101.465 -118.386 29.4761 91.9215 106.831 -58.9168 1019.89 
115.813 38.3567 301.159 45.0554 113.376 343.256 61.6608 105.271 359.586 
63.6599 104.074 330.041 45.4314 -113.225 1122.79 37.2203 -116.184 1138.02 
20.8021 -120.213 1126.92 -86.5316 86.0017 56.3512 -2.99305 -121.963 273.162 
-3.10412 -121.961 250.031 -118.01 30.9459 1334.06 -5.61593 -121.871 916.399 
19.9965 -120.35 934.265 86.8961 -85.6333 493.991 -25.8631 -119.227 1280.1 
-69.5621 -100.225 1288.9 -115.719 38.6415 1163.87 -76.0658 -95.3834 1331.46 
-87.6267 -84.8856 1331.46 -121.824 6.5548 444.381 -121.149 14.3865 419.362 
-121.927 -4.21937 415.985 -113.084 -45.7826 1331.46 -115.714 -38.6558 1315.57 
100.493 -69.1756 1134.56 -64.2029 103.74 739.517 -62.9569 104.501 771.907 
-44.0893 113.755 758.902 17.4655 -120.743 907.41 73.9107 97.0629 64.9265 
59.4915 106.512 56.182 121.042 -15.2615 1308.93 25.3194 -119.344 1111.22 
58.9103 106.834 37.9153 113.084 -45.7821 28.5812 17.2285 120.777 1248.61 
15.2408 121.044 1265.86 -121.994 -1.20393 1290.78 -121.856 -5.93581 1276.81 
-120.718 -17.6387 1290.06 -75.5319 -95.8068 86.3408 -76.7565 -94.8285 68.0534 
106.74 -59.081 1111.94 -33.9958 117.168 22.5409 -49.3739 111.563 13.5425 
-48.0007 112.16 30.6572 120.231 20.7009 96.3908 122 -2.98814e-14 82.3469 
122 -2.98814e-14 1262.65 21.3247 -120.122 1308.69 3.91029 -121.937 1317.32 
6.06929 -121.849 1299.35 -88.5809 83.8894 1284.9 23.2517 -119.764 1291.36 
112.338 47.5844 711.212 122 -2.98814e-14 768.571 119.174 26.1084 782.345 
122 -2.98814e-14 796.02 59.939 -106.261 1189.02 60.3086 -106.051 1212.38 
42.2631 -114.446 1200.78 88.0911 84.4035 147.596 22.0215 -119.996 1167.17 
122 -2.98814e-14 54.898 -15.9508 120.953 479.074 28.0414 118.734 1173.39 
1.71847 121.988 1171.86 -70.2118 -99.7712 1270.35 -121.903 -4.87402 43.264 
-18.5331 120.584 30.745 -19.4712 120.436 13.5364 87.4172 -85.1013 521.676 
69.2625 -100.433 540.863 69.4718 -100.288 513.954 6.84295 121.808 490.27 
-10.5526 -121.543 676.337 -10.2225 -121.571 705.785 -31.9622 -117.739 690.641 
-72.687 -97.9826 588.907 -72.1886 -98.3504 557.128 -53.8524 -109.471 570.185 
-108.985 -54.8303 26.4213 -114.734 -41.4742 24.5473 -113.084 -45.7826 13.5364 
-112.664 -46.8066 1057.04 -43.0286 -114.16 298.726 -43.5894 -113.947 275.278 
-23.297 -119.755 285.766 -79.5942 92.4595 754.491 -49.3836 -111.558 13.5364 
86.9463 -85.5823 549.306 -86.7921 -85.7387 572.95 -121.376 -12.3256 440.603 
-121.825 -6.53924 148.61 -121.438 11.6971 139.005 -121.959 -3.15574 127.518 
-76.2213 95.2592 1276.82 119.695 -23.6039 1032.04 120.884 -16.4613 1056.79 
116.154 -37.3113 1058.12 -120.876 16.5215 1266.65 -121.998 -0.752237 1262.9 
6.75347 -121.813 1281.02 119.718 23.484 342.806 102.801 -65.6953 892.018 
113.296 -45.2544 906.01 102.523 -66.1284 921.538 -109.177 54.4467 254.965 
-98.7686 71.6153 244.812 -99.397 70.7407 266.852 -121.322 12.8472 804.515 
-54.8156 -108.992 650.742 -70.3375 -99.6826 671.365 -78.9875 -92.9783 653.306 
119.494 24.6 699.865 -9.13501 -121.658 167.236 48.6161 111.895 1138.05 
-34.8849 116.906 1288.77 -36.9607 116.267 1307.02 -19.8374 120.376 1298.98 
18.2897 120.621 910.813 -5.79608 121.862 894.824 -5.73518 121.865 920.774 
-120.215 20.7954 1151.64 56.439 -108.16 1331.46 -5.5044 121.876 1308.89 
-19.4712 -120.436 13.5364 -20.0278 -120.345 29.9328 -34.5879 -116.994 21.71 
-116.27 -36.9502 1297.65 -110.401 -51.92 1305.57 -9.72268 -121.612 1289.61 
-9.81995 -121.604 1271.21 -70.6774 -99.442 635.013 -17.6662 120.714 48.1499 
-86.7147 85.817 111.231 -63.2771 -104.307 13.531 4.14159 121.93 362.59 
30.0086 118.252 378.257 24.9747 119.416 355.484 18.1085 120.649 884.166 
114.48 -42.169 1035.78 -97.3527 73.5286 65.5141 -33.8363 -117.214 38.535 
-87.5327 84.9825 324.285 -88.8538 83.6002 350.634 -72.85 97.8615 338.524 
-118.645 28.4123 987.888 -105.723 -60.8822 238.89 -105.534 -61.2094 260.219 
119.684 23.6584 205.867 33.2595 117.379 1198.48 -88.6482 -83.8182 42.6691 
-98.2446 -72.3326 51.8339 -99.3469 -70.811 34.7191 -4.51308 -121.916 890.488 
-6.57576 -121.823 864.086 17.7652 -120.7 880.882 44.3216 113.664 47.4745 
-37.267 -116.169 1134.96 -35.9282 -116.59 1158.43 -55.5685 -108.61 1146.55 
-59.0937 -106.733 410.843 -75.6612 -95.7047 426.408 -76.7447 -94.8381 398.853 
38.573 115.742 1285.56 -1.65776 121.989 75.832 -17.7974 120.695 84.5315 
-0.0737066 122 96.1875 -73.3678 -97.4739 505.962 -73.7696 -97.1702 476.505 
-55.8278 -108.477 489.542 74.3366 96.7371 85.1423 -106.956 58.6894 1283.18 
-107.104 58.4182 1300.67 122 -2.98814e-14 1043.06 122 -2.98814e-14 1070.51 
61.0031 -105.653 305.046 41.1211 -114.861 295.33 57.9978 -107.332 280.645 
119.737 23.3881 1166.11 114.48 42.1705 1179.07 15.4347 -121.02 853.983 
-33.6249 -117.275 56.2224 -18.0775 -120.653 46.2148 -87.2239 85.2994 74.7956 
79.0754 92.9036 1294.68 89.4292 82.9845 1305.84 107.235 58.1779 31.1777 
109.923 52.9232 13.5465 102.247 66.5553 13.5364 -17.0834 120.798 505.413 
6.19721 121.842 517.327 -109.918 -52.9345 1319.83 -71.402 -98.923 1158.12 
-73.5042 -97.3711 1136.2 -106.631 -59.2777 43.9648 -106.333 -59.81 61.0362 
65.651 102.83 1283.16 80.7102 91.487 1274.52 -82.0272 90.308 1322.44 
-76.0514 95.3949 1331.47 -53.5831 -109.603 1164.68 -70.3044 -99.706 1175.05 
112.633 46.8811 683.968 -94.2847 77.4234 1203.4 86.6068 85.9259 53.9558 
101.08 68.3142 208.833 16.4567 120.885 1188.45 -96.8031 74.2506 180.198 
-96.5581 74.569 158.79 -106.565 59.3964 169.703 -75.2365 -96.0389 450.374 
-121.362 -12.4626 947.651 -117.94 -31.2102 971.513 -53.0537 109.86 958.452 
-54.6829 109.059 938.129 -74.1549 96.8764 940.38 -121.761 7.63728 323.163 
-106.592 59.3478 92.5647 64.9057 103.302 1301.99 104.891 62.3049 347.812 
23.4933 -119.717 1271.91 -56.7057 -108.021 1279.53 -56.6349 -108.058 1261.03 
54.2044 -109.297 1292.34 -32.8398 117.497 39.1992 -17.5711 -120.728 64.2591 
-89.1134 -83.3235 1147.36 -86.328 -86.206 1165.18 -100.637 -68.965 1155.77 
-121.182 -14.1019 1107.85 -121.527 -10.7295 1082.75 -47.7254 112.278 48.1325 
-0.511247 121.999 116.568 48.6384 111.885 1113.64 -120.691 -17.8261 1171.88 
-116.57 -35.9915 1181.8 -120.651 -18.093 1192.84 19.157 120.487 856.703 
-4.45568 121.919 868.408 -11.7148 -121.436 1320.89 -86.0955 -86.4383 174.841 
-61.4992 105.365 39.6958 -74.7029 96.4546 47.9752 -15.3389 121.032 352.375 
-110.919 -50.8025 1288.43 -116.615 -35.847 1279.78 113.085 -45.7791 934.337 
-109.638 -53.511 1170.79 -110.588 -51.5193 1193.64 100.209 69.586 751.165 
99.8858 70.0488 778.614 92.6721 79.3465 1286.75 41.3948 -114.763 1178.02 
23.4871 -119.718 1190.81 -121.578 10.1433 158.522 -96.8001 -74.2546 1172.3 
119.753 -23.3074 177.802 29.439 118.395 57.0735 -111.25 -50.0742 1270.36 
89.0823 -83.3568 686.395 -113.699 -44.2316 124.263 -106.771 -59.0247 12.6089 
48.3485 112.011 105.791 78.0946 -93.7296 57.0196 77.612 -94.1296 38.3865 
89.7872 -82.5969 45.9879 96.6073 74.5052 1197.76 82.6909 89.7007 1186.61 
83.4146 89.0281 1208.67 -62.0966 105.014 56.96 -75.3498 95.95 65.9802 
-94.2177 -77.505 1269.86 119.684 -23.6584 1221.48 119.684 -23.6584 919.541 
-56.0673 -108.353 1316.39 -63.2439 -104.327 1331.46 79.2401 -92.7632 77.4239 
90.5872 -81.7188 65.6395 17.8058 120.694 127.43 -92.7528 -79.2522 315.922 
-106.74 59.081 1332.36 114.366 42.4777 1153.55 91.9906 -80.1357 1303.85 
81.1522 -91.0951 1293.42 32.8606 -117.491 91.0358 15.987 -120.948 101.311 
15.8938 -120.96 81.2156 -116.682 -35.6272 1202.71 -65.0185 103.231 1304.12 
-50.4966 111.059 1296.68 -61.5473 -105.337 94.5484 39.1286 -115.555 271.609 
122 -2.98814e-14 1152.86 119.573 24.2137 1029.31 -83.4611 -88.9845 1260.79 
11.7458 121.433 1331.48 56.9265 107.904 20.4383 114.019 -43.4002 105.353 
-87.5279 84.9874 1266.54 -116.003 -37.7802 854.836 -120.433 -19.4935 1271.17 
-120.559 -18.6947 1252.51 119.587 24.1446 672.443 14.4455 -121.142 62.7807 
-121.294 -13.1066 467.578 112.124 48.0864 196.003 113.162 45.5892 219.588 
77.4469 -94.2654 1223.65 76.709 -94.8669 1199.99 -47.6794 112.297 978.396 
-34.2155 117.104 958.153 66.9944 101.96 1262.84 -89.4478 -82.9644 491.763 
-70.6308 -99.4751 1251.36 -118.119 -30.5265 27.8809 -113.508 -44.7196 36.3148 
-117.93 -31.2475 44.768 -0.504368 -121.999 321.43 -22.2485 -119.954 309.915 
-1.61683 -121.989 297.326 95.4563 75.9743 1175.67 107.964 56.8134 73.3071 
51.5468 110.575 1251.36 63.4027 -104.231 29.7525 56.4203 -108.17 13.5302 
69.7896 -100.067 13.5425 -62.3656 104.855 75.3586 -121.267 13.3533 394.589 
-121.91 -4.68492 390.767 -77.4744 -94.2429 323.899 -121.853 5.97952 1097.03 
122 -2.98814e-14 1235.2 122 -2.98814e-14 109.796 119.542 24.3641 645.101 
112.51 47.1761 657.526 -14.538 121.131 1097.94 -13.587 121.241 1074.17 
-36.0579 116.55 1084.38 -37.6177 -116.056 1180.19 -106.952 -58.6957 196.803 
-25.7618 -119.249 1261.28 -63.3973 104.234 1286.77 67.7106 -101.485 1301.97 
-33.0727 117.432 57.1685 119.684 -23.6584 1139.13 113.727 -44.1614 1125.54 
119.721 -23.4719 1111.36 91.5474 -80.6416 1211.26 95.9849 75.3054 1243.86 
94.3958 77.2879 1266.41 106.459 59.5859 1257.16 113.547 -44.6216 1209.91 
101.288 68.0053 1053.81 112.673 46.7849 1041.62 102.033 66.8821 1028.13 
112.836 46.391 576.398 101.914 67.0643 561.338 101.483 67.7134 589.572 
-109.588 53.6141 277.508 -103.038 -65.3229 1043.81 -17.9986 120.665 531.977 
39.6333 -115.383 1282.1 -33.0144 117.448 1060.48 -11.6436 121.443 1048.93 
-121.69 -8.68783 324.852 119.811 23.0057 233.046 120.143 21.2037 260.197 
-115.283 39.9239 1141.52 -80.4053 -91.755 34.0762 50.4635 -111.074 121.816 
49.6568 -111.437 100.506 65.9196 -102.658 109.914 5.24218 121.887 544.188 
113.226 -45.431 146.667 -84.4128 88.0822 169.892 -17.7874 -120.696 1145.61 
-97.9608 -72.7164 69.3354 -56.0519 -108.361 1182.1 51.3462 -110.669 144.092 
67.242 -101.796 131.913 24.1064 -119.595 1212.33 99.6011 70.453 1104.42 
109.876 53.0212 1119.06 -56.3489 -108.207 1297.8 75.3841 -95.9231 1153.88 
58.5631 -107.025 1142.95 113.046 -45.8762 165.525 -120.98 15.7394 1214.63 
-117.801 31.7317 1225.85 -97.725 73.033 1165.56 -108.16 56.439 1175.11 
18.8897 120.529 1227.62 34.7833 116.936 1239.69 114.651 -41.7037 303.082 
115.717 -38.6461 329.985 106.606 -59.3223 317.852 -56.0438 -108.366 1124.11 
119.684 -23.6584 260.765 122 -2.98814e-14 247.041 -2.17282 -121.981 54.3856 
-4.25917 -121.926 37.2893 13.1957 -121.284 44.4326 -47.1961 -112.501 84.2892 
-52.885 109.942 1092.25 -32.8726 117.488 1104.71 -119.746 23.3421 27.0399 
-99.4596 -70.6526 695.53 -85.1821 -87.3385 680.84 -84.0033 -88.4728 709.694 
11.6935 -121.438 692.216 87.5945 84.9188 172.049 71.7126 98.698 160.583 
64.7875 -103.376 48.4233 -106.446 -59.6092 867.445 -107.001 -58.6072 841.404 
-121.854 -5.97084 1034.3 -119.363 -25.2273 1021.05 119.718 23.484 288.521 
122 -2.98814e-14 274.49 31.2804 117.922 450.912 -116.904 -34.8906 1261.46 
-121.984 -1.95334 1243.49 119.915 22.4561 974.62 113.198 45.5008 989.666 
-113.443 44.8847 1273.46 -100.737 -68.8187 614.759 -87.8975 -84.6051 600.02 
-84.853 -87.6583 629.59 -116.768 35.3451 265.319 -116.894 34.9246 288.274 
112.704 46.7098 122.03 100.711 68.8577 134.336 -19.0161 120.509 558.6 
4.45693 121.919 571.356 -37.3997 116.126 1191.95 -121.899 -4.95671 683.297 
-21.4343 -120.102 334.477 119.771 23.2139 1002.67 113.001 45.9856 1015.52 
-104.11 63.6015 961.933 -99.8401 70.1139 938.993 -109.847 53.0822 937.397 
-32.5196 -117.586 74.2996 -86.1884 -86.3456 133.705 -73.5881 -97.3077 143.589 
8.44872 121.707 1086.81 7.50589 121.769 1111.3 29.109 118.476 1100.35 
-120.594 -18.4687 1233.24 -116.782 -35.2975 1222.92 -116.958 -34.7109 1242.66 
-87.8648 -84.6391 1125.33 -107.335 -57.9934 815.213 -105.38 61.4737 55.7514 
-105.947 60.4913 74.1794 -116.662 -35.6934 1160.44 -58.763 106.915 1247.98 
-45.8783 113.045 1245.07 -49.9195 111.32 1230.17 119.707 -23.5445 288.414 
122 -2.98814e-14 1207.76 102.911 65.5242 975.446 -99.1433 71.0957 1310.11 
-98.8058 71.564 1292.63 -113.07 -45.8155 52.8985 -60.9117 -105.706 335.807 
-61.2814 -105.492 311.406 -42.7201 -114.276 322.929 33.1226 -117.418 111.737 
119.706 -23.549 947.182 -17.2089 120.78 103.003 -100.546 69.0983 336.192 
29.9648 118.263 1075.46 -41.8956 -114.581 1270.45 -14.2439 -121.166 1082.21 
7.28287 -121.782 1093.52 -16.6098 -120.864 1100.14 -121.754 -7.73957 168.124 
-48.0045 112.159 66.2146 -63.48 104.184 1231.09 -69.4436 -100.307 1306.08 
11.0359 -121.5 664.754 9.34958 -121.641 635.917 32.9758 -117.459 650.618 
107.6 57.4995 52.1722 -121.991 -1.45676 1224.02 68.6661 -100.841 1283.32 
-120.613 -18.3468 1213.5 -121.998 -0.639638 1203.73 -119.919 -22.4395 1307.27 
-85.1765 87.344 149.425 9.27111 121.647 1062.13 -113.829 43.898 159.497 
-113.732 44.149 139.857 -87.6769 -84.8338 77.8552 -121.999 0.381359 1183.04 
-73.9503 -97.0328 123.855 -74.5791 -96.5503 104.731 -60.4891 -105.948 113.483 
119.718 -23.484 1002.19 119.684 -23.6584 974.439 -103.812 -64.0866 1278.99 
-103.491 -64.6032 1296.72 -118.257 29.9862 1263.73 -85.5829 86.9458 1177.45 
-107.647 57.4123 1153.56 113.519 -44.6934 1099.38 119.684 -23.6584 1084.23 
-90.7149 -81.577 413.113 -121.124 14.5976 1253.13 -57.8878 107.392 149.774 
-73.6935 97.228 139.024 -70.2786 99.7242 159.61 24.9552 -119.42 1232.62 
-59.5775 -106.464 132.994 30.2675 -118.186 569.345 8.90367 -121.675 583.567 
6.99383 -121.799 554.641 -105.032 62.0671 38.4113 110.651 -51.3848 410.84 
21.6627 -120.061 332.998 42.4901 -114.362 318.835 43.2545 -114.075 344.582 
-112.957 -46.0951 389.542 -118.892 -27.3611 378.295 -113.08 -45.7929 364.965 
-109.811 -53.1564 1149.02 -72.6983 -97.9743 164.013 -58.5066 -107.056 153.025 
-87.0082 -85.5194 96.0291 -112.2 -47.9079 466.506 -118.837 -27.6005 454.073 
-112.602 -46.9554 440.343 41.5348 114.712 871.125 122 -2.98814e-14 988.163 
119.715 23.5001 370.952 -41.7527 -114.633 162.557 -41.706 -114.65 347.464 
-3.60093 121.947 1291.02 54.8854 -108.957 1273.12 19.9071 120.365 829.745 
-3.7603 121.942 841.618 -116.947 -34.746 1138.44 -110.192 -52.3618 1126.44 
-88.1389 -84.3536 60.0786 -35.426 -116.743 1016.6 -40.5766 -115.055 991.383 
-118.827 -27.6418 353.377 -113.174 -45.5584 341.058 -97.6588 73.1216 83.7578 
-77.4988 -94.2228 50.6432 68.8108 -100.743 154.516 -113.651 44.3557 120.362 
-118.508 28.9811 110.535 -118.715 28.12 129.526 -97.5968 -73.2042 87.374 
52.6815 110.039 1230.01 111.324 49.9097 146.373 100.931 68.5339 159.377 
-119.217 -25.9117 329.576 122 -2.98814e-14 219.592 -120.809 -17.0083 36.9253 
-120.929 -16.1273 20.086 -100.293 -69.4645 1136.82 -62.6469 -104.687 264.397 
34.2739 117.087 975.506 82.1968 90.1536 1253.31 -48.8773 111.781 1278.64 
-98.1321 72.4851 1274.81 -94.4368 -77.2379 1251.4 -86.5383 -85.9949 114.723 
-118.792 27.7936 149.222 -103.36 -64.8131 376.477 -12.3655 -121.372 649.579 
-97.3846 -73.4863 185.906 20.5735 120.253 802.716 21.6028 120.072 775.194 
-2.35064 121.977 787.8 -113.966 -43.5415 250.051 -119.078 -26.5418 239.744 
-114.041 -43.3435 228.792 -106.436 59.6274 1264.98 -62.0453 -105.045 287.712 
32.3926 117.621 424.313 53.3487 109.717 438.306 -121.589 10.0077 27.3262 
-121.674 -8.90896 1317.31 -122 -9.06101e-13 1331.46 -119.13 -26.3072 1045.61 
-118.956 -27.083 1069.77 -63.1432 -104.388 241.954 -62.3888 104.841 1268.49 
66.358 102.375 1151.36 82.4104 89.9585 1164.45 -70.5408 -99.5389 692.462 
86.8946 85.6349 574.138 -121.002 15.5696 253.919 -121.997 -0.842095 241.896 
-76.8487 -94.7538 348.59 -91.8447 -80.3028 339.024 -103.712 -64.2477 352.102 
-73.2163 -97.5878 1113.22 -118.061 30.7511 1244.88 -18.4131 120.602 1280.74 
-121.079 14.9601 1234.51 47.9788 112.17 1162.51 -89.7262 -82.6633 1055.2 
-90.6439 -81.6559 1030.98 -113.425 -44.9301 317.372 -104.228 -63.4073 328.513 
-114.247 -42.7969 207.723 -106.63 -59.2799 217.555 -19.7687 120.388 585.301 
119.684 -23.6584 315.663 -120.729 17.5625 231.679 -113.539 -44.6421 294.45 
-104.766 -62.5149 305.24 103.04 -65.32 1295.54 -113.745 -44.1145 272.038 
-105.256 -61.6859 282.554 100.782 -68.753 53.8111 3.45621 121.951 598.34 
-112.651 -46.837 414.616 -102.849 -65.6204 426.509 0.84189 -121.997 1110.84 
10.9674 121.506 1301.04 25.6456 119.274 1311.76 26.2318 119.147 1293.91 
-103.063 -65.2846 401.646 45.6143 113.152 65.7471 -100.576 -69.0538 1114.51 
20.7833 -120.217 308.593 -121.242 13.5797 100.634 122 -2.98814e-14 301.939 
-121.991 1.50765 1161.71 -111.329 -49.8985 1251.89 43.8069 113.864 789.676 
-103.772 -64.1516 1260.82 -113.134 45.6597 1255.1 36.3275 116.466 1218.27 
-120.842 -16.7681 1150.19 25.8591 -119.228 34.8725 102.216 -66.6021 809.563 
112.759 -46.5774 823.295 102.302 -66.471 837.527 67.3184 101.746 1126.78 
83.4057 89.0365 1140.23 -33.222 117.39 75.4932 -72.5496 -98.0844 611.35 
1.07047 121.995 1215.46 18.3705 120.609 1206.18 -112.103 -48.1345 492.915 
-100.942 -68.5185 479.361 -120.945 16.0067 276.07 -97.2683 -73.6402 105.903 
-41.3887 -114.765 1251.61 51.9533 110.385 1290.34 -106.203 -60.0417 78.8188 
-81.8563 90.4629 725.618 23.8116 -119.654 1062.51 3.06129 -121.962 1075.55 
2.31171 -121.978 1050.92 -112.632 46.8826 958.573 -88.383 -84.0978 1102.31 
-112.875 -46.2944 70.2476 7.09311 -121.794 1262.01 -121.8 -6.99081 1058.56 
-121.309 12.9665 119.036 0.188292 122 1194.12 -118.774 -27.8705 427.333 
-84.7961 87.7133 1155.37 1.75356 121.987 652.691 2.74318 121.969 625.35 
-21.2068 120.143 638.955 42.5581 114.336 843.968 -3.06812 121.961 814.785 
-18.5709 120.578 1181.85 -17.7368 120.704 66.3738 -50.4829 111.065 893.179 
-69.336 100.382 879.264 50.1487 -111.216 40.0783 44.9435 -113.42 1098.52 
-97.1121 73.8461 1143.33 -111.956 48.4751 46.3047 -116.834 35.1258 36.847 
-60.086 -106.178 360.741 68.0663 101.247 1241.68 -75.0402 96.1924 1258.15 
-31.4647 -117.873 92.7503 -118.463 -29.1639 481.161 112.784 46.5172 603.803 
101.553 67.6088 616.185 112.682 46.7637 631.272 32.3159 117.642 398.699 
107.055 -58.5086 26.4768 -37.3055 116.156 1169.94 -121.986 -1.84958 90.9378 
24.3904 -119.537 1086.95 49.9261 111.317 1088.81 -95.1243 76.3896 741.426 
14.0059 121.193 66.3968 -117.548 32.6579 923.661 -117.849 31.5517 948.708 
122 -2.98814e-14 1015.61 122 -2.98814e-14 329.388 -1.16895 -121.994 72.5371 
-49.8846 111.335 866.73 -105.509 61.2523 591.113 -93.6267 78.2179 606.036 
-91.158 81.0815 577.569 110.711 51.2546 97.6152 43.8893 -113.832 1024.6 
23.2381 -119.766 1037.83 22.2771 -119.949 1012.56 30.4005 118.152 477.637 
29.5267 118.373 504.587 51.7221 110.494 491.717 113.744 44.1157 361.518 
52.3001 110.221 464.869 112.96 -46.0864 961.495 1.14263 -121.995 1026.11 
69.7982 100.061 12.1071 -121.041 15.2663 298.975 -7.57773 -121.764 837.57 
14.3446 -121.154 826.979 78.4695 -93.416 945.432 90.8455 -81.4315 931.507 
90.4466 -81.8744 960.683 -14.5076 -121.134 568.352 112.844 -46.3712 851.068 
119.663 -23.7648 837.319 -10.5807 121.54 1023.85 10.4167 121.554 1037.27 
27.7063 -118.812 488.51 6.34398 -121.835 502.586 4.57004 -121.914 474.255 
-46.3139 -112.867 102.943 -8.46524 121.706 998.696 11.8752 121.421 1012.17 
-9.10509 -121.66 1252.06 112.791 -46.4982 439.467 119.629 -23.9373 425.668 
-18.3793 -120.608 1064.13 -21.881 -120.022 1039.71 -112.93 -46.1597 1032.67 
-16.3556 -120.899 82.6075 15.1374 -121.057 142.775 -0.84822 -121.997 131.705 
16.3054 -120.905 122.055 54.1596 109.319 411.797 62.7526 -104.624 1010.73 
43.0525 -114.151 998.877 39.793 -115.328 1262.74 101.788 -67.2545 590.018 
112.905 -46.2226 603.861 102.04 -66.8711 617.779 -83.2575 -89.1751 1241.91 
119.773 23.2051 398.403 122 -2.98814e-14 384.286 76.203 -95.2739 1176.81 
-75.6549 95.7096 84.2709 0.991441 121.996 679.938 24.6978 119.474 666.921 
68.12 101.211 1102.19 -97.9719 72.7014 102.138 -30.7623 118.058 1036.19 
-106.732 59.0956 111.198 61.6299 105.289 912.191 66.3174 102.401 256.766 
47.2237 112.49 268.972 62.8322 -104.576 985.116 42.1998 -114.469 972.843 
-87.5343 84.9808 93.157 -114.114 -43.1505 958.175 -104.833 -62.4026 944.611 
-53.6481 109.571 1071.3 -71.7591 98.6642 1083.09 62.6213 -104.702 330.717 
80.0152 -92.0954 316.825 -30.8817 118.027 1124.53 -11.0792 121.496 1118.07 
43.868 -113.84 1049.42 -103.652 -64.3454 1185.28 119.67 -23.7309 809.76 
-101.652 -67.4596 505.341 -70.5329 99.5445 1166.77 -53.4172 109.684 1157.37 
-48.3257 112.021 84.7841 -119.268 -25.6742 197.854 92.0393 -80.0798 86.3805 
-119.159 -26.1732 402.584 112.864 -46.3216 521.57 102.195 -66.6351 535.429 
102.023 -66.8981 507.591 -55.0054 108.896 170.38 -91.6784 -80.4927 362.172 
-91.1205 -81.1237 388.158 -8.69201 121.69 972.134 13.1022 121.294 986.592 
-1.07753 121.995 159.975 17.7211 120.706 149.188 -29.3738 118.411 1010.5 
21.7268 -120.05 986.677 -121.74 -7.96597 188.138 53.6279 109.581 384.983 
-56.402 -108.18 1241.89 -121.639 9.37536 178.261 -119.018 26.8089 168.979 
-46.4771 -112.8 969.229 -47.2243 -112.489 943.504 59.1768 -106.687 1165.96 
-121.652 9.20668 961.219 73.8314 97.1232 399.262 37.5241 -116.086 840.113 
-70.6351 99.472 180.758 122 -2.98814e-14 411.735 119.691 -23.6214 398.01 
-51.1883 110.742 919.528 -29.411 118.402 907.063 63.1005 -104.414 1036.54 
-107.326 58.0106 1131.2 -28.5522 118.612 880.675 112.854 -46.3461 878.399 
51.0953 110.785 518.637 -121.557 -10.3828 1301.41 71.9373 -98.5344 249.184 
53.9484 -109.424 237.789 71.792 -98.6403 225.18 28.7005 118.576 531.423 
27.8705 118.774 558.52 50.375 111.114 545.621 103.387 -64.7704 948.342 
122 -2.98814e-14 439.184 44.3209 -113.665 1074.27 -30.2215 118.198 933.24 
-8.2206 121.723 947.028 122 -2.98814e-14 658.776 122 -2.98814e-14 686.224 
-103.478 -64.6244 1019.51 -113.26 -45.3452 1008.03 93.7804 -78.0335 1285.34 
-117.275 33.6231 897.734 -109.563 53.6651 910.897 75.3485 95.9511 373.757 
79.8551 -92.2343 98.153 -49.138 111.667 840.027 -68.0255 101.275 825.855 
-69.6124 100.19 852.744 -20.2647 120.305 612.102 122 -2.98814e-14 933.265 
-105.2 61.7822 1038.02 -92.6155 79.4127 1026.81 -104.672 62.6713 1013.77 
62.3209 -104.881 959.043 41.8436 -114.6 946.72 -74.4002 96.6882 362.83 
-89.6164 82.7823 374.063 -75.3888 95.9194 387.852 47.4962 112.375 654.026 
25.587 119.287 639.659 87.2167 85.3068 1040.08 70.9824 99.2245 1026.3 
69.9956 99.9231 1052.2 61.5989 -105.307 932.724 40.6897 -115.015 920.14 
122 -2.98814e-14 960.714 -83.5245 -88.925 1182.65 40.4893 -115.085 1155.68 
-108.865 55.0672 885.555 73.2511 97.5616 425.694 119.689 23.6323 452.887 
113.413 44.9607 439.469 113.088 45.7715 466.798 63.2137 104.346 858.235 
-26.702 -119.042 930.013 -47.9479 -112.183 917.541 -97.0679 -73.9042 206.434 
-117.018 34.5072 871.526 41.0155 114.899 898.095 102.672 -65.8973 975.207 
102.675 -65.8927 699.577 113.03 -45.916 713.731 101.746 -67.3178 727.537 
-55.3608 108.716 257.148 -71.7182 98.694 245.782 -70.9795 99.2265 267.963 
-121.576 10.1656 935.615 21.4202 -120.105 1144.65 119.688 -23.6407 892.123 
64.3894 103.624 804.057 43.191 114.099 816.97 112.843 46.373 493.935 
112.895 46.2474 521.509 119.694 23.6095 507.73 13.5225 -121.248 800.182 
12.9375 -121.312 773.161 35.7222 -116.653 786.282 77.9319 -93.8649 292.209 
-27.61 118.835 854.117 60.9549 -105.681 906.255 40.23 -115.176 893.789 
36.5822 -116.386 813.241 101.752 -67.3098 480.371 80.2264 91.9115 926.13 
-86.1446 -86.3893 195.238 -56.3148 108.225 375.972 -91.8985 80.2413 1002.39 
-26.9873 -118.978 903.816 -47.6497 -112.31 891.401 72.5693 98.0698 452.175 
122 -2.98814e-14 466.633 119.648 -23.8396 452.984 122 -2.98814e-14 823.469 
-16.6949 -120.852 487.824 62.3419 104.869 885.321 80.7998 91.4079 899.491 
44.404 113.632 762.525 37.1208 -116.216 25.5349 -48.0602 112.135 813.201 
-19.8582 120.373 170.617 -22.0614 119.989 665.837 -108.331 56.1109 859.367 
-27.713 -118.811 877.887 -48.3864 -111.994 865.089 1.43735 -121.992 1133.68 
49.3831 -111.559 25.6656 64.2248 103.726 831.101 -115.848 38.2536 765.43 
-121.058 15.1315 777.865 -116.154 37.3125 792.115 112.848 -46.3619 631.295 
23.9207 -119.632 409.423 2.76055 -121.969 423.097 1.94226 -121.985 397.073 
23.8543 119.645 694.029 -121.875 5.51409 1319.89 49.5284 111.494 572.632 
12.0388 -121.405 746.497 12.1888 -121.39 719.419 33.934 -117.186 732.236 
41.3458 114.78 1304.25 -76.7719 94.816 1015.59 119.684 23.6595 480.336 
101.869 -67.1316 453.488 -28.305 -118.671 851.269 -49.0763 -111.694 838.638 
71.4154 98.9133 478.917 112.839 -46.3825 741.162 119.684 -23.6584 864.643 
-121.488 11.1672 909.885 119.681 23.675 535.233 101.814 -67.215 864.748 
112.93 -46.1615 796.067 102.274 -66.5129 782.249 119.684 23.6584 425.459 
33.3902 -117.342 132.92 112.838 -46.3862 494.093 112.84 -46.3804 768.572 
112.815 -46.4413 466.72 35.1541 -116.825 202.332 -108.176 56.4084 832.773 
122 -2.98814e-14 521.531 119.678 -23.6899 727.453 87.9299 84.5715 1014.12 
60.0953 -106.172 879.558 39.0514 -115.581 866.742 71.0501 99.176 505.996 
34.7995 -116.932 759.286 81.6701 90.6311 872.51 102.129 66.7357 480.218 
-77.3517 94.3436 991.316 -20.6302 -120.243 359.295 102.096 -66.7855 645.19 
112.827 -46.4118 658.825 -23.6552 -119.685 172.121 -28.9938 -118.505 824.734 
-49.7949 -111.375 812.054 48.1722 112.087 626.886 122 -2.98814e-14 850.918 
71.1046 -99.137 567.964 88.2915 -84.1939 576.447 71.8351 -98.6089 595.049 
65.0475 103.213 776.883 -2.52707 -121.974 226.733 -64.1649 103.763 978.95 
-60.2424 106.089 1002.44 -76.6296 94.9311 438.299 -77.1062 94.5443 464.161 
-59.1348 106.71 452.122 59.2131 -106.667 852.752 119.685 -23.6538 507.814 
-84.9342 87.5796 191.08 27.0378 118.966 585.545 -83.6898 88.7695 1193.21 
119.685 -23.6538 590.161 112.93 -46.1618 576.377 -107.315 58.0295 806.362 
58.4316 -107.097 825.916 33.1573 -117.408 705.17 -29.6818 -118.334 798.091 
-50.4765 -111.068 785.376 70.9472 99.2497 532.778 119.673 23.7148 617.575 
119.685 -23.6538 782.288 119.68 -23.679 480.369 -118.846 -27.5596 218.127 
-71.4196 98.9103 290.987 -72.2172 98.3294 314.619 -54.4517 109.174 303.378 
88.7081 83.7549 988.279 71.332 98.9734 1000.25 48.8386 111.798 599.74 
122 -2.98814e-14 494.082 -117.678 -32.1849 121.387 -30.3733 -118.159 771.353 
-51.1736 -110.749 758.598 -26.5725 119.071 827.403 -120.92 16.1993 751.151 
71.9551 98.5214 184.186 119.68 -23.679 699.954 119.676 -23.6985 645.089 
-41.0108 -114.9 372.304 57.6668 -107.511 798.989 -45.318 113.271 786.807 
-31.02 -117.991 744.614 -51.6333 -110.535 731.708 122 -2.98814e-14 878.367 
119.69 -23.6307 562.623 122 -2.98814e-14 576.429 -111.349 -49.8529 573.78 
70.317 99.6971 559.796 -25.1765 119.374 800.758 30.9782 118.001 1050.66 
117.302 -33.5281 1315.99 89.0861 -83.3527 603.715 112.96 46.0863 548.85 
-106.793 58.9858 779.703 50.7231 110.956 1063.97 112.861 -46.3302 548.962 
-59.7293 -106.379 385.275 -76.8614 -94.7435 373.575 56.8797 -107.929 772.017 
101.744 -67.3209 754.868 -105.568 -61.1508 96.9075 102.33 -66.4269 562.439 
69.4223 100.322 586.806 119.696 23.5992 562.667 119.683 23.6615 590.141 
45.2223 113.309 735.37 22.2912 119.946 748.132 -39.9285 -115.281 1034.84 
-16.7797 -120.841 1020.93 120.091 21.4986 947.504 56.097 -108.338 744.983 
-31.2866 -117.92 717.598 -51.5166 -110.589 704.092 -120.776 17.2394 724.359 
-115.502 39.2851 738.668 -24.5757 119.499 773.729 102.463 -66.2225 672.907 
-112.874 46.2972 497.733 -101.204 68.1297 485.736 119.682 -23.6672 617.61 
33.5388 -117.299 678.292 26.2509 119.142 612.532 83.3592 89.08 791.212 
112.829 -46.4074 686.243 55.2974 -108.748 717.92 122 -2.98814e-14 631.327 
119.684 -23.6584 754.847 119.684 23.6584 837.194 119.685 23.6538 864.635 
68.8028 100.748 614.076 -54.1672 -109.316 677.768 65.7671 102.755 749.685 
122 -2.98814e-14 603.878 -96.4627 74.6924 847.522 -95.2409 76.2441 820.752 
122 -2.98814e-14 905.816 -113.789 44.0007 577.347 -102.719 65.8243 564.869 
-65.8035 102.732 691.378 -83.4276 89.0159 703.952 -66.505 102.279 718.301 
122 -2.98814e-14 713.673 119.691 -23.6214 535.255 -120.632 18.221 697.522 
-115.157 40.2861 711.851 -61.3662 105.443 127.772 0.568037 -121.999 346.214 
-53.9267 109.434 279.902 119.683 -23.6647 672.512 53.1399 -109.819 190.031 
-110.291 -52.1517 628.154 -32.6406 -117.553 663.637 -46.212 112.909 732.461 
-24.2872 119.558 746.66 -110.967 -50.6986 600.938 122 -2.98814e-14 741.122 
-121.96 -3.12746 28.6351 -56.078 108.348 351.431 -106.262 59.9371 752.975 
-113.07 45.8163 550.89 -101.978 66.9664 538.446 -112.704 46.7087 524.29 
5.87875 121.858 292.732 -14.6927 121.112 280.565 30.4784 -118.132 623.463 
7.67358 -121.758 610.796 30.96 -118.006 596.927 68.4694 100.975 641.136 
83.9792 88.4957 764.012 -96.8951 74.1305 873.837 53.6897 -109.551 663.678 
-120.491 19.1315 670.634 -114.812 41.2577 684.98 -109.716 53.3527 300.497 
84.3751 88.1183 1115.58 -58.2511 107.195 426.388 -75.4616 95.8621 412.63 
-105.53 61.2163 699.454 -105.172 61.8285 672.626 -45.446 113.22 705.545 
-33.91 -117.193 636.987 -54.0624 -109.368 623.183 -113.882 43.7597 604.25 
-114.433 42.2968 658.12 -65.0817 103.191 664.46 -83.8466 88.6214 677.208 
46.7253 112.698 681.162 -117.055 34.3811 311.291 -114.408 42.3651 631.044 
-104.993 62.1324 618.968 69.0409 100.585 1077.3 53.041 -109.867 636.554 
-35.7781 -116.636 609.249 -56.1026 -108.335 596.653 101.208 68.1239 669.508 
100.624 68.9841 696.637 -106.88 58.8277 726.574 -93.3632 78.5323 767.27 
-83.2347 89.1963 650.292 120.341 20.0517 891.226 -56.8956 -107.921 1030 
122 -2.98814e-14 548.98 -64.3123 103.672 637.557 -44.679 113.524 678.628 
23.0878 119.795 721.089 -97.6033 73.1956 222.757 -99.5613 -70.5092 560.277 
-59.3734 -106.578 1005.88 -104.042 63.713 645.579 -51.6123 110.545 1111.98 
120.305 20.2646 919.529 100.271 69.4962 1079.88 52.4691 -110.141 609.562 
-33.9887 -117.17 582.653 -80.5013 91.6708 623.13 -114.645 41.7205 1073.1 
-119.488 24.6302 1084.58 -114.781 41.3447 1096.29 -18.4842 -120.592 1122.93 
-90.7004 81.5931 553.114 -15.1397 121.057 304.315 -35.1452 116.828 292.06 
-111.218 50.1462 420.865 -100.589 69.0354 434.453 -100.998 68.4361 409.066 
-99.4505 70.6654 289.732 -111.803 48.827 472.037 -100.811 68.7101 459.816 
-111.31 49.9412 446.487 27.8225 -118.785 542.493 5.13979 -121.892 529.591 
28.3963 -118.649 515.825 -100.81 -68.712 586.439 -36.0174 -116.562 555.906 
-34.7124 116.957 9.65766 23.3503 -119.745 383.659 24.5773 -119.499 435.615 
-43.9012 113.827 651.743 54.1479 -109.325 213.508 -54.9742 108.912 1212.22 
-60.4795 105.954 584.466 -80.1096 92.0133 596.355 -63.2636 104.315 610.701 
51.2203 -110.727 582.298 93.9122 77.8749 939.721 96.3848 74.7928 913.651 
63.4702 -104.19 1085.88 -0.624057 121.998 733.887 0.17107 122 706.898 
-23.4645 119.722 719.708 85.8136 86.7181 682.42 90.9665 81.2963 386.895 
63.4809 -104.183 356.373 -60.7598 105.793 504.29 -78.1495 93.6838 490.213 
67.1052 101.887 695.432 67.8092 101.42 668.292 85.1611 87.3589 709.596 
-42.9714 114.182 624.913 -108.542 -55.7022 735.599 45.9686 113.008 708.266 
-57.0969 107.814 400.901 66.4481 102.316 722.525 99.3422 -70.8176 1154.23 
-98.0998 -72.5288 641.422 -99.6253 -70.4188 667.518 -55.318 108.738 327.211 
-1.3636 121.992 760.85 84.5794 87.9223 736.805 107.031 58.5518 1191.44 
106.198 60.0502 1166.81 100.16 69.6557 723.906 -60.6551 105.853 530.069 
-59.9608 106.248 478.05 49.7901 -111.378 555.43 104.386 63.1479 374.229 
72.7079 -97.9671 648.595 -37.9482 -115.948 1112.11 -89.0317 -83.4108 1078.87 
86.6411 85.8914 628.25 -22.6958 119.87 692.791 -56.5862 -108.083 1101.11 
25.4147 -119.323 462.007 2.55677 -121.973 449.336 -120.682 -17.8844 99.2964 
46.9407 112.608 293.666 27.0646 118.96 281.338 80.9834 -91.2452 342.568 
-41.6478 114.671 598.334 -40.9831 114.91 571.479 -41.0532 114.885 544.632 
-57.3806 -107.664 462.13 -59.3727 -106.578 436.43 74.2994 -96.7657 730.567 
-121.993 1.27895 1307.79 72.4832 -98.1335 621.698 -73.7196 -97.2081 1090.14 
-97.0356 -73.9466 124.492 -105.414 -61.4156 115.86 86.4037 86.1301 1065.72 
-96.1843 -75.0506 721.494 -81.3633 -90.9066 734.213 -95.7652 -75.5845 748.228 
-95.7049 -75.6609 774.936 -78.836 -93.1068 787.32 -94.6962 -76.9196 801.265 
-103.798 -64.1087 994.941 -55.9814 -108.398 542.166 -57.8767 -107.398 515.769 
-118.01 -30.9459 12.8442 -40.3485 115.135 518.181 49.2604 -111.613 528.225 
-119.968 22.1742 1060.8 75.331 -95.9648 784.601 17.6196 120.721 192.639 
-0.922682 121.997 181.906 -0.535167 121.999 204.175 -83.9072 -88.564 1202.73 
-94.811 -76.7781 1213.93 -95.4965 -75.9238 1193.04 -121.976 2.42347 1139.94 
48.8112 -111.81 501.455 -105.84 -60.6788 134.363 -117.46 32.9734 358.918 
-117.548 32.6564 382.57 88.3682 84.1134 519.928 78.4862 -93.4019 892.169 
-37.7328 -116.018 475.633 -36.2004 -116.506 501.937 -37.8774 -115.971 528.307 
-91.628 -80.55 956.617 -76.1925 -95.2822 968.654 -91.2049 -81.0288 981.685 
-59.1829 106.684 556.881 17.6735 120.713 215.464 -93.3911 -78.4991 879.92 
-77.7719 -93.9975 892.131 -93.7732 -78.0422 905.94 78.053 -93.7643 838.598 
-94.2857 -77.4223 827.642 -77.7816 -93.9895 840.028 -93.7026 -78.127 853.802 
-90.7475 -81.5407 1006.62 86.2941 86.24 655.386 83.0169 89.3991 294.658 
97.558 73.2559 307.632 74.6443 -96.4999 757.495 66.029 102.587 281.57 
-118.091 30.6364 433.283 -118.742 28.0041 458.159 96.8058 -74.2471 354.451 
108.699 -55.3939 340.794 -121.974 -2.52526 109.095 83.1597 -89.2663 141.782 
-39.7035 115.359 491.874 63.2363 -104.332 1061.8 33.1549 117.408 1000.34 
-104.29 -63.3063 969.876 87.6543 84.8571 546.982 -39.0274 115.589 465.719 
-38.2663 115.843 439.911 -80.4783 -91.691 760.799 -8.36421 -121.713 810.963 
102.305 66.4652 506.482 102.215 66.6042 534.135 95.1027 -76.4164 1059.37 
94.9023 -76.6652 1034 106.888 -58.8124 1046.26 -114.393 42.4068 1049.39 
115.576 39.0664 82.5285 -104.02 63.7476 989.009 -113.328 45.1741 1001.17 
-114.109 43.1648 1025.21 76.6106 -94.9464 811.702 -70.7503 -99.3901 1212.51 
-71.543 -98.8211 1192.62 -91.0882 81.16 977.379 89.8108 82.5713 439.521 
-92.1526 -79.9493 931.287 -76.6441 -94.9193 943.386 -19.4712 -120.436 1331.46 
86.6838 85.8482 601.049 -37.3953 116.127 414.383 -120.562 -18.6774 117.592 
80.0991 -92.0225 997.579 -78.3966 -93.4771 813.749 95.4683 -75.9592 1084.6 
77.8496 -93.9332 865.393 47.6113 -112.326 474.557 87.604 84.909 196.316 
-76.7449 94.8379 965.031 97.7308 73.0253 282.384 83.2632 89.1698 269.519 
96.2336 -74.9873 380.182 82.5108 -89.8664 394.857 81.8104 -90.5045 368.489 
89.2642 -83.1619 631.592 -14.8212 -121.096 137.982 102.292 66.486 1001.9 
1.34299 -121.993 371.408 -3.2208 -121.957 152.97 -22.6659 -119.876 193.568 
-111.198 50.19 396.477 -77.4161 -94.2907 866.155 85.6503 86.8793 1090.67 
25.6999 119.262 330.315 77.5457 -94.1842 918.657 -74.9476 96.2645 118.129 
46.8535 -112.644 447.99 93.8778 -77.9163 303.269 -74.9674 -96.2491 1018.3 
-75.3537 -95.9469 1042.33 -96.6181 74.4913 1218.58 -105.902 60.5703 1227.48 
-97.1203 73.8353 1237.55 107.848 -57.033 42.5619 54.5989 109.101 172.066 
78.315 -93.5455 971.39 26.4645 119.095 305.502 46.5533 112.769 318.362 
-106.308 59.8552 1085.45 -94.5782 77.0646 1074.75 -105.852 60.6574 1062.07 
-77.4202 -94.2874 917.82 70.0436 -99.8894 177.61 101.558 -67.6015 248.272 
88.1789 -84.3118 261.533 87.8137 -84.6921 236.592 -69.4751 100.286 1103.23 
-85.4562 87.0703 1087.51 -83.2983 89.1369 1110.49 45.8574 -113.054 421.804 
101.536 67.6348 642.566 -103.885 -63.9685 1242.31 -89.6308 82.7667 952.507 
100.951 -68.5054 223.332 88.1015 84.3927 492.987 88.6878 83.7763 465.518 
119.752 -23.311 1331.46 97.4894 73.3472 1128.68 -112.929 -46.1643 984.006 
31.953 117.741 1025.76 -43.6753 113.914 997.151 -110.456 51.8013 347.253 
-109.975 52.8161 323.802 -120.051 21.7184 1129.64 90.2784 82.0598 413 
96.5345 74.5995 1153.65 44.1002 -113.75 370.026 22.5836 -119.892 358.099 
-52.0948 110.318 1134.66 -119.85 22.801 1036.82 -97.5742 73.2343 1256.55 
87.0048 -85.5229 212.119 71.0134 -99.2023 200.945 116.275 36.9325 274.674 
-3.37426 -121.953 203.935 103.899 63.9449 400.62 44.9812 -113.405 395.664 
-36.2175 116.5 339.883 111.415 49.7058 171.512 -94.5632 -77.0831 1232.68 
95.825 -75.5087 328.616 -113.474 44.8061 976.106 -9.14338 -121.657 784.261 
100.96 68.4913 184.062 16.541 -120.873 214.503 -38.5329 -115.755 448.842 
64.2614 -103.704 382.032 -76.7634 -94.8229 993.79 -35.6504 116.675 315.779 
-38.2327 115.854 181.241 -38.4389 115.786 203.494 -19.8904 120.368 192.795 
-114.081 43.2387 179.434 105.59 -61.1119 142.172 105.065 -62.0106 118.16 
-20.1168 120.33 215.08 -0.444847 121.999 226.556 115.631 -38.9038 190.4 
4.8006 121.906 340.253 -121.749 7.81657 0 -120.997 15.6115 13.5425 
-119.75 23.3214 0 -37.9228 115.956 225.733 19.1615 -120.486 284.323 
109.081 54.6386 294.941 -25.4002 -119.327 1242.35 99.8782 -70.0596 199.009 
-82.0207 -90.3139 0 -82.0207 90.3139 1345 -33.3661 117.349 1270.56 
-40.1923 -115.189 397.411 -109.918 52.9338 1345 -115.785 38.4432 1345 
-109.918 -52.9338 0 -115.785 -38.4432 0 -39.3672 -115.474 422.923 
-121.749 -7.81657 0 -122 -9.06101e-13 13.5364 -121.749 7.81657 1345 
-121.749 -7.81657 1345 65.1849 103.126 306.072 51.5362 110.58 1039.1 
-86.5328 86.0004 278.814 -86.1646 86.3693 256.31 -69.7982 -100.061 0 
-76.109 -95.3489 13.5067 -69.7982 100.061 1345 -30.1058 -118.227 110.697 
114.776 41.3569 1134.28 -0.195744 -122 90.9012 -118.007 30.9561 13.5302 
-115.785 38.4432 0 107.205 -58.234 1070.98 -119.75 23.3214 1345 
-114.991 40.7565 1119.2 -109.918 -52.9338 1345 -102.247 -66.5553 1345 
107.458 57.765 1233.76 -109.918 52.9338 0 -115.785 -38.4432 1345 
17.5421 -120.732 260.849 -68.4986 100.955 1122.77 -69.5397 100.241 1145.05 
-97.1971 73.7341 201.092 -85.1566 87.3633 212.468 102.879 -65.5734 273.272 
-86.7683 85.7629 1247.94 -118.188 30.2606 407.516 96.8891 74.1384 1220.9 
83.3159 89.1205 1231.37 -110.571 51.556 371.423 17.1187 -120.793 237.346 
113.575 44.5509 387.829 -12.834 -121.323 594.239 -14.2262 -121.168 622.556 
12.7278 121.334 1283.37 -70.5613 -99.5244 1232.31 -57.7883 -107.445 1202.98 
-56.1842 -108.293 1222.34 -56.4297 -108.165 0 -56.4297 108.165 1345 
-117.093 34.2532 334.585 -92.8964 -79.0839 1345 -92.8964 79.0839 0 
-82.0207 90.3139 0 -82.0207 -90.3139 1345 -106.845 58.8914 1108.59 
-96.403 74.7694 1120.88 -85.8511 86.681 1228.65 -73.7281 97.2017 1219.42 
-85.1654 87.3547 1209.12 -85.5019 87.0255 234.154 -71.0797 99.1548 223.633 
76.0649 -95.3841 24.42 -42.1345 -114.493 0 -74.6992 -96.4574 1066.68 
-76.7178 94.8597 540.556 -76.2498 95.2364 569.878 -96.2721 74.9379 1098.2 
-34.619 116.985 1147.22 -62.7196 104.643 93.8237 80.2936 -91.8528 1072.76 
-69.7982 100.061 0 -69.7982 -100.061 1345 97.7664 72.9776 1317.87 
-83.3922 -89.0491 1222.78 -56.4297 108.165 0 -42.1345 114.493 0 
0.194112 -122 111.314 -119.898 22.5513 1107.33 -37.1919 -116.193 1088.98 
-106.791 58.9879 190.236 -33.1127 117.42 94.248 -93.4517 78.4269 636.343 
-2.09857 121.982 1272.57 -56.4297 -108.165 1345 -11.7148 -121.436 0 
-27.1476 -118.941 0 -11.7148 121.436 1345 -27.1476 118.941 1345 
-111.37 -49.8058 1233.3 -41.181 -114.84 1232.28 -48.5954 111.904 122.838 
-32.9705 117.46 113.299 -48.2923 112.035 103.682 114.238 -42.8224 280.728 
5.41636 121.88 316.779 -99.7693 70.2146 312.664 -86.8593 85.6706 301.82 
-69.7982 -100.061 1320.22 47.0066 112.581 84.0116 -120.964 -15.8648 1128.53 
-111.305 -49.9529 1212.86 -103.934 -63.8877 1223.41 -100.973 68.4721 920.327 
84.4111 -88.0838 165.182 -121.96 3.1317 1117.97 116.319 36.7951 107.543 
23.8472 -119.647 1252.65 -106.014 60.3744 1246.68 3.91029 121.937 1345 
7.3485 -121.778 1242.33 -15.1663 -121.054 513.331 -16.5209 -120.876 541.461 
3.91029 -121.937 0 -27.1476 118.941 0 -11.7148 121.436 0 
-27.1476 -118.941 1345 -11.7148 -121.436 1345 19.4712 -120.436 1345 
27.1794 -118.934 1331.48 34.7124 -116.957 1345 -63.2674 104.313 112.786 
-3.91029 -121.937 1331.46 3.91029 -121.937 1345 -15.4682 121.015 328.19 
3.91029 121.937 0 19.4712 120.436 0 11.716 -121.436 1331.47 
34.7124 116.957 0 49.3836 111.558 0 42.1345 -114.493 1331.46 
49.3836 -111.558 1345 86.0953 -86.4384 188.213 -71.0757 99.1577 202.014 
-34.7124 -116.957 9.32124 -19.9916 -120.351 384.235 63.6577 -104.075 1127.06 
102.935 65.4859 453.454 103.54 64.525 425.793 81.3399 -90.9275 119.4 
65.0415 -103.216 407.816 63.2439 -104.327 1345 -84.0501 88.4284 1133.21 
37.4947 116.095 1318.4 19.4712 120.436 1322.16 27.2098 118.927 1331.48 
80.4172 -91.7446 1048.61 36.392 116.446 160.37 -9.83569 -121.603 757.556 
103.78 -64.1379 1275.29 19.4712 -120.436 0 19.4712 120.436 1345 
113.528 44.6706 413.93 -15.859 -120.965 101.054 112.156 -48.0115 259.994 
76.0658 -95.3834 0 63.2439 -104.327 0 -73.945 97.0368 1239.71 
-55.4167 108.688 191.624 -82.0273 -90.308 22.6771 60.0771 106.183 75.0548 
-17.1154 120.793 1262.18 34.7124 -116.957 0 27.1372 -118.944 13.5425 
87.6386 -84.8733 0 82.0207 -90.3139 13.5364 87.6386 84.8733 1345 
76.0658 95.3834 1345 96.8226 -74.2253 175.478 34.7124 116.957 1345 
52.674 110.043 1014.02 -27.6219 118.832 985.101 -32.5197 117.586 1251.78 
49.3836 -111.558 0 76.0658 -95.3834 1345 87.6386 -84.8733 1345 
76.0658 95.3834 0 87.6386 84.8733 0 116.199 37.1729 905.754 
35.8791 -116.605 225.12 -76.0315 95.4107 102.265 108.422 -55.934 185.036 
-104.209 -63.4393 1204.98 19.4718 -120.436 1321.84 42.1379 -114.492 13.5214 
49.3836 111.558 1345 42.1345 114.493 1331.46 97.7725 -72.9695 0 
-15.1992 121.05 1243.14 -19.6519 -120.407 409.459 -55.7455 108.519 212.71 
-120.998 -15.6002 8.5272 18.2032 120.634 170.882 -47.6689 112.302 1260.47 
83.3101 -89.1259 1273.95 79.8082 -92.2749 1023.18 -42.1345 114.493 1345 
97.7725 72.9695 1345 92.8964 79.0839 1331.46 114.616 -41.7986 1079.77 
37.0438 116.24 181.703 54.2068 109.296 988.409 97.7725 -72.9695 1345 
-121.748 7.83795 1072.51 -18.5784 -120.577 461.332 -72.1289 -98.3942 24.6101 
68.2202 101.143 1220.3 106.967 58.6687 1211.16 104.007 -63.7695 95.5904 
93.4868 -78.3851 107.74 -10.0108 -121.589 732.676 89.5936 -82.8069 658.888 
-89.986 82.3803 395.617 -90.0666 82.2922 422.072 102.091 -66.7944 74.7596 
1.01002 121.996 1236.52 90.099 -82.2568 713.754 106.301 -59.8675 0 
106.301 59.8675 1345 102.239 66.5676 1331.46 94.5167 -77.1401 129.092 
-3.90945 121.937 9.01298 106.301 -59.8675 1345 97.7725 72.9695 0 
106.301 59.8675 0 -55.5394 108.625 235.063 -119.75 -23.3214 0 
27.1484 118.941 9.03154 -112.981 46.0354 1236.86 -102.247 66.5553 0 
-83.0218 89.3946 865.573 113.084 -45.7826 0 109.985 -52.7951 13.5445 
113.084 45.7826 1345 113.084 45.7826 0 113.084 -45.7826 1345 
-18.6796 -120.561 435.261 36.6805 -116.355 248.344 105.615 -61.0694 393.275 
-101.529 67.6456 359.925 118.01 -30.9459 0 115.786 -38.4392 13.545 
118.01 30.9459 1345 115.785 -38.4432 1331.46 118.01 -30.9459 1345 
115.785 38.4432 13.5364 118.01 30.9459 0 21.5979 -120.073 24.4029 
-101.816 67.2118 384.272 90.0673 -82.2914 768.714 90.4553 -81.8647 797.184 
-118.752 27.9655 968.437 87.6386 84.8733 1320.05 91.3901 -80.8199 906.421 
94.0249 -77.7387 1010.1 56.4302 108.165 8.73038 -44.5285 113.584 1022.84 
105.203 -61.7762 293.051 -68.3828 -101.034 718.688 94.2422 -77.4752 1270.79 
-15.38 -121.027 117.95 91.0641 81.187 966.616 53.4181 109.684 1306.77 
56.5558 -108.099 259.379 0.133293 122 1254.58 95.5653 -75.8371 152.029 
-82.8598 89.5447 838.823 90.3878 -81.9393 741.2 35.5437 116.708 203.668 
105.466 -61.3268 160.796 -45.8771 -113.046 1192.37 91.3222 -80.8966 878.22 
56.4297 108.165 1332.93 80.727 -91.4721 1260.1 63.2439 104.327 0 
63.2439 104.327 1345 44.2362 113.698 365.981 91.4448 -80.758 984.003 
-66.6146 -102.208 746.601 -121.202 -13.9353 228.695 113.088 45.773 26.525 
-90.669 81.628 447.319 120.998 -15.601 1345 120.998 15.601 0 
120.998 -15.601 0 120.998 15.601 1345 90.7074 -81.5853 824.467 
91.5272 -80.6646 280.968 -115.784 38.4443 24.0649 50.454 111.078 1319.71 
92.8969 79.0833 8.73522 116.493 -36.2415 246.807 -60.9407 -105.689 982.422 
-91.3369 80.8799 473.202 -121.141 -14.4491 250.84 -61.401 -105.423 956.934 
-121.593 9.96162 1024.65 74.6783 -96.4736 269.343 -62.4169 -104.824 930.97 
-95.0702 76.457 716.481 -94.6682 76.954 690.233 -94.4697 77.1977 663.179 
-63.0834 -104.425 904.919 106.938 58.7215 1142.47 90.9738 -81.2882 851.438 
105.976 -60.441 1093.04 89.039 -83.403 1144.42 -63.5662 -104.131 878.725 
-64.3401 -103.655 852.844 -65.7412 -102.772 800.234 -66.2285 -102.459 773.492 
-64.7927 -103.373 826.385 -121.662 9.08166 1048.45 122 -2.98814e-14 1345 
122 -2.98814e-14 0 101.163 -13.0435 1345 109.672 -21.367 1345 
111.51 -7.16587 1345 -17.842 110.359 1345 -31.7752 107.067 1345 
-22.6971 99.4426 1345 -47.1789 90.4331 1345 -45.2244 102.179 1345 
-57.952 95.598 1345 102 -2.49828e-14 1345 111.562 7.16253 1345 
41.2879 93.2701 1345 51.6601 99.0227 1345 38.609 104.913 1345 
73.2716 -70.9596 1345 75.118 -82.7232 1345 85.1234 -72.4666 1345 
109.678 21.3666 1345 106.039 35.2161 1345 98.6641 25.8728 1345 
10.7346 111.275 1345 -3.57978 111.631 1345 3.26926 101.948 1345 
98.6641 -25.8728 1345 106.038 -35.2162 1345 -22.6971 -99.4426 1345 
-31.7784 -107.072 1345 -17.842 -110.359 1345 63.596 79.7468 1345 
75.0881 82.6803 1345 63.958 91.6886 1345 -3.57477 -111.683 1345 
10.7256 -111.166 1345 3.26926 -101.948 1345 52.876 -87.2246 1345 
51.6734 -99.0666 1345 63.9181 -91.6459 1345 100.665 48.487 1345 
94.5455 38.2772 1345 93.6516 -60.9525 1345 81.7442 -61.0073 1345 
24.853 108.888 1345 29.0218 97.7841 1345 16.2792 100.693 1345 
-97.3595 54.822 1345 -103.571 41.9218 1345 -91.8988 44.2561 1345 
85.1234 72.4666 1345 73.2716 70.9596 1345 24.876 -108.989 1345 
38.5691 -104.81 1345 29.0218 -97.7841 1345 101.163 13.0435 1345 
94.5455 -38.2772 1345 100.616 -48.4544 1345 -96.8037 -32.141 1345 
-108.087 -28.3369 1345 -103.622 -41.9518 1345 88.8745 -50.0532 1345 
93.5978 60.9277 1345 88.8745 50.0532 1345 -9.79435 101.529 1345 
-69.674 87.3577 1345 -58.3559 83.6576 1345 -108.081 28.3333 1345 
-110.817 14.2796 1345 -100.119 19.4982 1345 81.7442 61.0073 1345 
16.2792 -100.693 1345 41.2879 -93.2701 1345 -80.2698 77.7255 1345 
-89.5497 66.822 1345 -77.6675 66.1193 1345 52.876 87.2246 1345 
-35.2272 95.7238 1345 -47.1789 -90.4331 1345 -57.9309 -95.5502 1345 
-45.2515 -102.224 1345 63.596 -79.7468 1345 -58.3559 -83.6576 1345 
-69.6715 -87.352 1345 -77.6675 -66.1193 1345 -89.4984 -66.794 1345 
-80.2695 -77.7248 1345 -101.79 -6.53516 1345 -111.675 -5.05217e-05 1345 
-110.818 -14.28 1345 -68.5747 -75.5084 1345 -68.5747 75.5084 1345 
-101.79 6.53516 1345 -97.3579 -54.8386 1345 -91.8988 -44.2561 1345 
-35.2272 -95.7238 1345 -9.79435 -101.529 1345 -85.485 -55.6446 1345 
-85.485 55.6446 1345 -100.119 -19.4982 1345 -96.8037 32.141 1345 
101.163 -13.0435 0 111.51 -7.16587 0 109.672 -21.367 0 
102 -2.49828e-14 0 111.562 7.16253 0 41.2879 93.2701 0 
38.609 104.913 0 51.6601 99.0227 0 73.2716 -70.9596 0 
85.1234 -72.4666 0 75.118 -82.7232 0 101.163 13.0435 0 
109.678 21.3666 0 98.6641 -25.8728 0 106.038 -35.2162 0 
-22.6971 -99.4426 0 -17.842 -110.359 0 -31.7784 -107.072 0 
63.596 79.7468 0 63.958 91.6886 0 75.0881 82.6803 0 
-3.57477 -111.683 0 3.26926 -101.948 0 10.7256 -111.166 0 
52.876 -87.2246 0 63.9181 -91.6459 0 51.6734 -99.0666 0 
106.039 35.2161 0 94.5455 38.2772 0 100.665 48.487 0 
98.6641 25.8728 0 10.7346 111.275 0 3.26926 101.948 0 
-3.58812 111.682 0 81.7442 -61.0073 0 93.6516 -60.9525 0 
16.2792 100.693 0 24.853 108.888 0 -47.1789 90.4331 0 
-57.952 95.598 0 -45.2095 102.129 0 -58.3559 83.6576 0 
-69.674 87.3577 0 29.0218 97.7841 0 -9.79435 101.529 0 
-17.826 110.25 0 -22.6971 99.4426 0 -31.8079 107.171 0 
-91.8988 44.2561 0 -103.622 41.9518 0 -97.3111 54.8024 0 
85.1234 72.4666 0 73.2716 70.9596 0 24.876 -108.989 0 
29.0218 -97.7841 0 38.5691 -104.81 0 94.5455 -38.2772 0 
100.616 -48.4544 0 -58.3559 -83.6576 0 -57.9309 -95.5502 0 
-69.6715 -87.352 0 88.8745 -50.0532 0 -35.2272 95.7238 0 
88.8745 50.0532 0 93.5978 60.9277 0 81.7442 61.0073 0 
16.2792 -100.693 0 41.2879 -93.2701 0 -108.087 28.3369 0 
-100.119 19.4982 0 -110.818 14.28 0 -96.8037 -32.141 0 
-103.622 -41.9518 0 -108.035 -28.3302 0 52.876 87.2246 0 
-80.2698 77.7255 0 -77.6675 66.1193 0 -89.5497 66.822 0 
-47.1789 -90.4331 0 -45.2515 -102.224 0 63.596 -79.7468 0 
-68.5747 75.5084 0 -110.874 -14.2956 0 -100.119 -19.4982 0 
-91.8988 -44.2561 0 -97.3579 -54.8386 0 -89.5402 -66.8359 0 
-77.6675 -66.1193 0 -80.2215 -77.6902 0 -101.79 6.53516 0 
-111.682 -0.00185512 0 -35.2272 -95.7238 0 -9.79435 -101.529 0 
-85.485 -55.6446 0 -85.485 55.6446 0 -101.79 -6.53516 0 
-68.5747 -75.5084 0 -96.8037 32.141 0 45.9627 38.5673 1295 
73.9266 41.2504 1324.35 62.3223 58.6832 1325.48 -30 51.9615 1295 
-40.283 74.7045 1324.61 -57.8531 62.2988 1324.78 60 -1.46958e-14 1295 
67.0034 -31.7858 1311.86 82.3844 -20.4033 1324.61 54.1415 -77.6158 1336.23 
64.3707 -70.0089 1336.79 43.3849 -72.969 1324.63 -83.4628 -15.5144 1324.63 
-91.5386 -24.0042 1336.23 -87.9325 -36.2312 1336.79 -82.8676 11.1517 1323.11 
-56.3816 20.5212 1295 -76.9813 31.6372 1322.65 -59.8823 43.5196 1311.7 
62.3725 -56.0064 1323.37 -2.27543 83.4103 1322.91 10.4189 59.0885 1295 
19.0087 80.9796 1322.6 -78.7858 -39.255 1328.36 1.99488 -84.869 1324.63 
9.087 -94.1963 1336.23 20.74 -92.179 1336.05 -67.98 -65.8349 1336.23 
-57.8127 -75.0708 1336.37 -63.2403 -56.7575 1324.73 37.8381 66.1894 1314.34 
-43.2776 -71.0371 1322.6 65.3265 25.8048 1307.19 -24.9139 -80.7393 1324.16 
-12.4999 -70.8902 1309.27 32.6831 -88.8106 1336.23 19.4116 -76.3467 1317.35 
-72.5275 -6.77507 1310.29 -94.6336 -1.14488e-13 1336.23 49.5427 71.3958 1327.03 
-15.1035 -93.4206 1336.23 -17.7053 71.9014 1311.73 -24.6074 82.1352 1325.65 
76.7448 -38.3243 1325.69 36.1014 -62.5295 1309.53 45.9627 -38.5673 1295 
-30 -51.9615 1295 -55.2579 -46.3669 1309.45 -67.98 65.8349 1336.23 
-76.5665 56.4129 1336.79 -68.5121 50.381 1324.81 -2.46333 -95.0724 1336.79 
-94.2469 -12.7418 1336.79 44.5074 -84.0472 1336.79 -71.1414 -30.1073 1315.54 
-48.7402 81.6102 1336.73 -59.9751 74.3689 1337.31 10.4189 -59.0885 1295 
-56.3816 -20.5212 1295 9.087 94.1963 1336.23 89.8126 29.8198 1336.23 
85.2245 40.9977 1336.16 79.459 24.4783 1322.55 73.0854 -61.5327 1337.31 
-91.5386 24.0042 1336.23 -38.3061 -86.5341 1336.23 21.3258 92.4554 1336.53 
-87.7752 35.5424 1336.31 -49.1434 -81.0671 1336.43 32.6831 88.8106 1336.23 
35.0873 78.2083 1325.62 -15.1035 93.4206 1336.23 -3.03013 94.6521 1336.31 
79.9473 50.7016 1336.27 72.0361 62.0937 1336.79 -94.0846 12.3493 1336.54 
-82.6018 -47.6439 1337.09 -39.0858 86.4754 1336.55 -82.456 46.4384 1336.23 
89.8126 -29.8198 1336.23 80.3929 -49.9964 1336.28 54.1415 77.6158 1336.23 
85.4841 -40.9329 1336.4 -26.9595 -90.7945 1336.32 -76.413 -56.5702 1336.76 
44.2091 83.7436 1336.31 -27.6203 91.0052 1336.79 92.5102 -23.5761 1337.22 
63.8436 71.0756 1337.31 87.5 -2.14313e-14 8.05556 94.7217 -4.77073 3.97681 
92.598 7.36858 5.06069 12.6287 -91.008 5.62222 26.7114 -87.8508 5.65451 
87.5 -5.00249 7.97618 -89.6485 20.9743 5.51698 -93.9365 4.88962 4.40909 
-52.4103 70.7772 7.73913 -66.1734 64.7309 5.2395 -59.6487 74.9117 3.46738 
-66.1734 -64.7309 5.2395 -52.4103 -70.7772 7.73913 -59.6487 -74.9117 3.46738 
12.4412 91.1491 5.55873 26.7114 87.8508 5.65451 43.0798 84.3721 4.03668 
87.5 10 7.73913 79.6324 20.9037 10.9276 91.5801 17.4341 4.8751 
-35.0897 -80.7772 7.73913 -27.7077 -67.9912 15.8777 -21.1059 -79.7185 10.8527 
52.4103 -70.7772 7.73913 45.0282 -57.9912 15.8777 58.4853 -58.1375 10.8527 
45.0282 57.9912 15.8777 52.4103 70.7772 7.73913 56.1488 62.6289 9.937 
18.1165 -80.4547 10.8505 -27.7077 67.9912 15.8777 -35.0897 80.7772 7.73913 
-26.0265 80.28 9.78142 -80.1138 -45.1193 5.58585 -74.8222 -33.9292 11.0246 
-67.2791 -50.4259 9.95621 -74.8222 33.9292 11.0246 -80.1138 45.1193 5.58585 
-67.5635 49.8198 10.0303 87.5 5.00249 7.97618 -61.3869 35.3447 17.3139 
-61.9441 -35.6802 16.9526 -56.3654 59.5321 11.1209 -56.3654 -59.5321 11.1209 
18.9941 80.2492 10.852 52.6383 -24.3211 24.4526 62.6746 -36.0811 16.4898 
46.1367 -34.8014 24.5609 69.3297 -58.2141 6.37282 -26.5572 -88.6734 5.24173 
-87.5 -10 7.73913 -72.736 -10 15.8777 -79.5912 -21.581 10.8527 
-72.736 10 15.8777 -87.5 10 7.73913 -79.5912 21.581 10.8527 
72.736 -10 15.8777 87.5 -10 7.73913 79.6324 -20.9037 10.9276 
72.736 10 15.8777 67.8806 -23.7949 16.7054 -53.5002 45.0075 17.8257 
-53.6057 -46.2731 17.3249 -14.7459 -88.8418 6.63484 62.6559 -67.7981 5.37971 
53.3209 -45.1397 17.8544 -43.1542 -10 32.0568 -28.2843 -10 40 
-32.8321 -18.9556 35.6048 -28.2843 10 40 -43.1542 10 32.0568 
-33.3475 19.3414 35.2497 -22.8024 -19.4949 40 -30.2374 -32.3726 32.0568 
-30.2374 32.3726 32.0568 -22.8024 19.4949 40 12.9168 42.3726 32.0568 
5.48188 29.4949 40 -6.96396e-15 37.9113 35.6048 -5.48188 29.4949 40 
-12.9168 42.3726 32.0568 5.48188 -29.4949 40 12.9168 -42.3726 32.0568 
-0.076414 -38.5505 35.2497 -12.9168 -42.3726 32.0568 -5.48188 -29.4949 40 
43.1542 10 32.0568 28.2843 10 40 32.8321 18.9556 35.6048 
22.8024 19.4949 40 30.2374 32.3726 32.0568 28.2843 -10 40 
43.1542 -10 32.0568 33.3475 -19.3414 35.2497 30.2374 -32.3726 32.0568 
22.8024 -19.4949 40 27.7077 -67.9912 15.8777 35.0897 -80.7772 7.73913 
35.0897 80.7772 7.73913 27.7077 67.9912 15.8777 -65.9043 -23.764 17.7456 
-52.9372 -23.2539 24.5447 -52.593 24.2842 24.484 -65.9043 23.764 17.7456 
-93.9365 -4.88962 4.40909 -44.6853 36.3984 24.648 -57.9585 -10 23.9918 
-57.9585 10 23.9918 66.9767 46.8577 11.2552 60.3689 54.8191 11.364 
72.4638 57.3726 5.31873 5.19889 -57.6843 24.4899 12.0465 -68.8193 17.8524 
-1.16315 -69.8906 17.8332 -45.0282 57.9912 15.8777 -45.0282 -57.9912 15.8777 
12.0465 68.8193 17.8524 6.27987 57.4736 24.5468 -0.319118 71.6428 16.8647 
-9.1793 -56.8978 24.648 65.8346 23.9684 17.7433 52.9578 23.2261 24.5405 
61.7566 35.8234 17.003 6.0887 81.1325 11.4663 57.9585 -10 23.9918 
57.9585 10 23.9918 -12.6655 -68.948 17.7213 74.0131 -35.4453 11.0762 
87.1223 -30.5923 5.36813 5.71072 -81.1072 11.4956 20.319 -55.1935 23.9918 
20.319 55.1935 23.9918 87.3238 28.9935 5.54934 -40.2669 -23.9969 30.6249 
45.8266 35.05 24.6145 -0.651223 46.8691 30.6258 40.269 23.996 30.6242 
-16.2903 79.9467 11.3392 -13.6564 91.2155 5.42659 -5.17681 81.188 11.4706 
-25.2102 88.7007 5.43682 -7.44087 57.212 24.6145 -45.8266 -35.05 24.6145 
65.5813 -46.4999 12.0035 -7.16427 -79.9213 12.0879 -13.8263 69.8921 17.0852 
63.2054 65.873 5.94906 59.4707 73.4331 4.1698 53.8533 45.6385 17.4496 
77.8436 49.3199 5.47086 77.0584 -50.1595 5.58585 -37.6395 -45.1935 23.9918 
-37.6395 45.1935 23.9918 -84.9712 33.5868 5.90645 -84.9712 -33.5868 5.90645 
-20.319 55.1935 23.9918 -20.319 -55.1935 23.9918 37.6395 45.1935 23.9918 
37.6395 -45.1935 23.9918 -2.947 -91.8982 5.58585 94.0005 -12.9205 3.95318 
-89.6485 -20.9743 5.51698 83.1168 -40.0269 5.41519 -41.1248 23.6791 30.3029 
0.0497134 -47.451 30.305 40.9856 -24.3253 30.1885 89.9365 -21.2912 5.32091 
74.0131 35.4453 11.0762 58.2731 -74.924 3.93462 51.2902 -79.0644 4.30909 
-35.3822 88.1254 3.90939 52.7048 78.3629 4.20111 -1.95032 92.1423 5.46506 
83.7391 39.8712 5.14074 -49.9112 80.0265 4.26928 -49.9112 -80.0265 4.26928 
-75.1443 -56.0817 4.57516 -75.1443 56.0817 4.57516 -36.3606 -87.787 3.8782 
-42.7265 83.7842 4.41682 -42.7265 -83.7842 4.41682 43.0798 -84.3721 4.03668 
43.75 -75.7772 8.05556 43.75 75.7772 8.05556 -43.75 -75.7772 8.05556 
-43.75 75.7772 8.05556 34.9928 -88.3318 3.88302 -87.5 2.61649e-17 8.05556 
-94.2751 -12.54 3.83029 -20.9201 56.2348 1145 20.9201 56.2348 1145 
1.49093 59.9815 1152.73 38.2407 46.2348 1145 59.1608 10 1145 
51.6878 30.4692 1157.6 -38.2407 -46.2348 1145 -55.2966 -23.287 1157.76 
-46.7039 -37.6662 1156.95 59.1608 -10 1145 38.2407 -46.2348 1145 
51.2895 -31.1351 1161.95 10.9961 -58.9838 1156.57 20.9201 -56.2348 1145 
-4.31448 -59.8447 1156.54 -58.2028 -14.5752 1253.89 -42.6217 -42.2302 1262.23 
-43.032 41.8121 1174.99 -51.2063 31.2716 1171.22 -46.043 38.4713 1162.69 
-58.1268 -14.8752 1174.64 -55.759 -22.1571 1203.41 -52.5412 -28.9729 1181.13 
57.0041 18.7227 1161.7 -59.9977 -0.530936 1198.72 26.1626 -53.9955 1178.53 
25.5496 -54.2883 1158.4 5.21698 -59.7728 1169.26 41.7971 -43.0465 1165.41 
-27.1806 -53.4903 1200 -42.8957 -41.9519 1216.02 -16.564 -57.6683 1232.37 
-60 3.3872e-14 1145 -59.1608 10 1145 -59.789 5.02735 1154.52 
50.0386 33.108 1211.41 38.4872 46.0297 1202.75 51.7691 30.3308 1195.01 
-58.7189 12.3327 1149.11 -58.7744 12.0654 1267.35 -53.2519 -27.6448 1232.41 
-20.9201 -56.2348 1145 -30 -51.9615 1145 -34.2403 -49.2707 1158.4 
-5.40629 -59.7559 1207.59 -7.21766 59.5643 1187.04 -24.4956 54.772 1202.72 
-21.9432 55.8435 1182.04 43.4165 41.4127 1185.14 25.5496 54.2883 1158.4 
9.13696 59.3002 1172.22 9.79711 -59.1947 1191.8 -36.0712 47.9465 1152.06 
-39.1168 45.4959 1163.44 -41.8837 42.9623 1155.31 -11.5113 58.8854 1167.65 
-28.1751 52.9732 1161.17 13.2465 58.5195 1193.93 28.9975 52.5276 1178.93 
-54.174 25.7911 1149.08 -51.9609 30.0011 1149.11 -54.3344 25.4514 1154.2 
-59.9946 0.804472 1176.18 -51.321 31.083 1187.54 -38.5384 45.9869 1192.4 
-35.0292 48.713 1174.14 -10.4189 -59.0885 1259.64 25.0278 -54.5308 1261.12 
-48.1662 35.7774 1153.93 -50.9633 31.6661 1160.18 -51.3218 31.0817 1153.66 
-44.6954 -40.0291 1171.62 58.2639 14.329 1186.67 53.6104 26.943 1173.31 
-58.949 11.1811 1164.75 -59.4529 -8.08435 1158.4 -38.2407 46.2348 1145 
-30 51.9615 1145 31.523 -51.0519 1221.93 10.0055 -59.1599 1236.08 
39.0714 -45.5348 1242.54 -45.9627 38.5673 1259.64 30 -51.9615 1145 
30 51.9615 1145 -4.75896 59.811 1234.72 -16.9396 57.5591 1263.16 
-29.7248 52.1195 1234.64 60 -1.46958e-14 1161.67 60 -1.46958e-14 1145 
15.8233 -57.8759 1213.81 49.8449 -33.3989 1261.67 -57.2976 17.8041 1180.78 
-56.1001 21.2785 1163.27 58.2649 14.3247 1236.66 47.7208 36.3693 1247.2 
52.1495 29.6721 1227.82 27.0985 53.532 1243.28 21.4167 56.0475 1217.17 
41.5416 43.2932 1224.61 57.628 -16.7038 1272.61 57.2672 17.9017 1270.68 
49.3767 34.0873 1271.14 56.0343 21.4514 1253.46 -17.6936 57.3318 1220.89 
-40.0399 44.6857 1149.23 58.7043 12.4017 1173.41 -59.9996 -0.223145 1222.1 
-56.8756 19.1093 1198.98 43.9138 -40.8849 1186.07 53.5443 -27.0741 1177.31 
57.8298 -15.9911 1220.81 49.6282 -33.7201 1226.86 57.5394 -17.0065 1236.22 
30.6078 -51.6058 1199.66 45.1416 -39.5251 1206.82 -17.3068 -57.4498 1164.35 
58.1112 -14.9362 1161.8 -11.6838 -58.8514 1184.56 -37.2257 -47.0558 1238.05 
-45.0498 39.6297 1153.31 -2.20323 59.9595 1209.33 40.3417 44.4134 1165.62 
53.6148 -26.9343 1210.86 -56.747 19.488 1222.08 9.94686 59.1698 1263.17 
60 -1.46958e-14 1195 60 -1.46958e-14 1178.33 58.3237 -14.0836 1186.95 
-30.5189 -51.6585 1177.22 60 -1.46958e-14 1211.67 58.12 14.9018 1203.44 
58.2639 -14.329 1203.33 -57.5667 16.9137 1149.15 -58.4557 13.5254 1156 
60 -1.46958e-14 1228.33 58.1333 14.8498 1219.88 -42.3378 -42.5149 1192.33 
53.4536 -27.2528 1194.97 -56.0404 21.4354 1149.11 -49.5692 33.8067 1234.24 
-56.8449 19.2004 1145 -55.1489 23.6346 1145 -53.1077 27.9208 1145 
-48.0426 35.9431 1145 -45.0505 39.6289 1145 -46.5818 37.8172 1149.12 
-58.185 14.6461 1145 -50.4206 32.5232 1208.12 -36.8074 47.3837 1214.4 
34.0345 49.4131 1270.36 58.3572 -13.9442 1174.77 -50.734 32.0322 1145 
-49.4329 34.0057 1149.12 60 -1.46958e-14 1245 -56.7354 19.5216 1154.36 
-59.1608 -10 1145 -41.7764 43.0666 1145 -43.6729 41.1422 1149.13 
60 -1.46958e-14 1261.67 57.5379 -17.0116 1253.82 50.7079 -32.0735 1244.39 
60 -1.46958e-14 1278.33 -57.9953 15.3799 1243.97 22.8024 19.4949 858.571 
22.8024 19.4949 839.082 25.9803 15.0008 848.827 22.8024 19.4949 819.592 
25.9803 15.0008 829.337 22.8024 19.4949 741.633 22.8024 19.4949 722.143 
25.9803 15.0008 731.888 22.8024 19.4949 585.714 22.8024 19.4949 566.224 
25.9803 15.0008 575.969 22.8024 19.4949 429.796 22.8024 19.4949 410.306 
25.9803 15.0008 420.051 28.2843 10 663.673 28.2843 10 683.163 
25.9812 14.9992 673.418 28.2843 10 546.735 28.2843 10 566.224 
25.9812 14.9992 556.48 22.8024 19.4949 273.878 22.8024 19.4949 254.388 
25.9803 15.0008 264.133 28.2843 10 507.755 28.2843 10 527.245 
25.9812 14.9992 517.5 22.8024 19.4949 449.286 25.9803 15.0008 439.541 
22.8024 19.4949 507.755 22.8024 19.4949 488.265 25.9803 15.0008 498.01 
22.8024 19.4949 332.347 22.8024 19.4949 312.857 25.9803 15.0008 322.602 
22.8024 19.4949 137.449 22.8024 19.4949 117.959 25.9803 15.0008 127.704 
22.8024 19.4949 195.918 22.8024 19.4949 176.429 25.9803 15.0008 186.173 
22.8024 19.4949 234.898 25.9803 15.0008 244.643 22.8024 19.4949 371.327 
22.8024 19.4949 351.837 25.9803 15.0008 361.582 22.8024 19.4949 390.816 
25.9803 15.0008 400.561 22.8024 19.4949 468.776 25.9803 15.0008 478.52 
28.2843 10 195.918 28.2843 10 215.408 25.9812 14.9992 205.663 
25.9803 15.0008 381.071 22.8024 19.4949 98.4694 25.9803 15.0008 108.214 
28.2843 10 644.184 25.9812 14.9992 653.929 28.2843 10 702.653 
25.9812 14.9992 692.908 22.8024 19.4949 800.102 25.9803 15.0008 809.847 
22.8024 19.4949 995 22.8024 19.4949 975.51 25.9803 15.0008 985.255 
22.8024 19.4949 605.204 25.9803 15.0008 595.459 22.8024 19.4949 761.122 
25.9803 15.0008 751.378 22.8024 19.4949 936.531 22.8024 19.4949 917.041 
25.9803 15.0008 926.786 28.2843 10 605.204 28.2843 10 624.694 
25.9812 14.9992 614.949 22.8024 19.4949 780.612 25.9803 15.0008 770.867 
22.8024 19.4949 878.061 25.9803 15.0008 868.316 22.8024 19.4949 897.551 
25.9803 15.0008 887.806 22.8024 19.4949 956.02 25.9808 15 946.212 
28.2843 10 936.531 28.2843 10 956.02 25.9808 15 907.36 
25.9808 15 965.829 25.9808 15 634.375 22.8024 19.4949 156.939 
25.9808 15 147.13 22.8024 19.4949 59.4898 25.9808 15 49.6811 
22.8024 19.4949 78.9796 25.9808 15 88.6607 25.9808 15 166.748 
22.8024 19.4949 293.367 25.9808 15 283.559 25.9808 15 303.048 
25.9808 15 342.156 28.2843 10 137.449 28.2843 10 156.939 
28.2843 10 59.4898 28.2843 10 78.9796 28.2843 10 98.4694 
28.2843 10 176.429 28.2843 10 273.878 28.2843 10 293.367 
28.2843 10 312.857 28.2843 10 332.347 28.2843 10 351.837 
25.9808 15 69.1709 28.2843 10 449.286 28.2843 10 468.776 
25.9808 15 458.967 22.8024 19.4949 215.408 25.9808 15 225.089 
28.2843 10 234.898 22.8024 19.4949 644.184 22.8024 19.4949 624.694 
28.2843 10 897.551 28.2843 10 917.041 28.2843 10 975.51 
22.8024 19.4949 546.735 22.8024 19.4949 527.245 25.9808 15 536.926 
25.9808 15 790.293 22.8024 19.4949 702.653 25.9808 15 712.334 
28.2843 10 722.143 28.2843 10 780.612 28.2843 10 800.102 
28.2843 10 741.633 28.2843 10 858.571 28.2843 10 878.061 
28.2843 10 761.122 28.2843 10 819.592 28.2843 10 839.082 
28.2843 10 429.796 28.2843 10 488.265 28.2843 10 995 
28.2843 10 585.714 22.8024 19.4949 663.673 22.8024 19.4949 683.163 
28.2843 10 371.327 28.2843 10 390.816 28.2843 10 117.959 
28.2843 10 254.388 28.2843 10 410.306 30.8553 33.4429 168.003 
38.3677 46.4548 179.393 39.309 48.0852 157.93 30.9519 33.6102 674.902 
38.3835 46.4822 686.275 39.3107 48.0881 664.848 39.1504 47.8105 913.014 
30.623 33.0406 924.642 39.2859 48.0452 930.157 45.1518 58.2052 346.814 
37.6738 45.2529 333.427 37.7454 45.3769 354.227 45.7199 59.1893 172.468 
45.7211 59.1912 679.353 37.7463 45.3785 622.473 37.513 44.9744 643.627 
45.1537 58.2085 629.936 37.753 45.3902 115.573 37.5429 45.0262 136.683 
45.1577 58.2154 123.046 31.1066 33.8783 907.124 45.145 58.1934 521.736 
37.6376 45.1903 508.717 37.7353 45.3594 529.315 30.606 33.0111 342.973 
30.6182 33.0323 633.713 38.7092 47.0464 290.795 38.2287 46.214 271.799 
30.8986 33.518 282.921 30.6213 33.0376 126.777 37.7453 45.3768 447.299 
37.6727 45.251 467.747 45.1499 58.2018 454.96 38.8794 47.341 797.99 
38.2721 46.2891 778.681 30.8337 33.4056 789.324 45.7241 59.1965 786.672 
45.6984 59.152 279.776 30.5995 32.9998 518.277 30.6138 33.0246 458.23 
32.7229 36.6777 939.546 45.148 58.1986 852.243 37.5853 45.0996 840.261 
37.9334 45.7026 858.759 45.4744 58.764 328.229 47.3294 61.9769 819.777 
46.0445 59.7514 805.063 39.5136 48.4396 819.929 45.4736 58.7626 648.549 
45.4808 58.7751 141.651 39.4515 48.332 312.861 46.986 61.3821 313.393 
45.8857 59.4764 298.218 45.6163 59.0098 834.983 31.3754 34.3438 887.562 
28.5214 29.4004 949.676 30.8389 33.4145 770.103 45.4779 58.7701 503.221 
30.6725 33.1263 829.652 31.2576 34.1398 810.349 45.486 58.7841 473.451 
39.0313 47.6043 488.264 52.4103 70.7772 42.6959 44.9641 57.88 33.2216 
44.8587 57.6976 50.4437 31.1376 33.9319 303.166 37.4374 44.8435 41.1029 
47.0652 61.5193 663.822 47.066 61.5208 156.932 30.6204 33.0361 654.162 
30.6658 33.1147 147.11 37.5909 45.1093 59.1623 37.9536 45.7375 77.6141 
44.9482 57.8525 68.4619 30.7329 33.2309 867.571 30.2477 32.3906 68.4067 
29.9594 31.8911 48.9062 30.8338 33.4057 694.722 37.8398 45.5405 875.815 
30.8372 33.4117 187.87 30.5195 32.8612 751.06 30.6706 33.1231 732.361 
30.6136 33.0243 538.513 30.6232 33.041 713.851 30.6432 33.0756 363.353 
30.6405 33.071 613.316 30.7312 33.228 594.799 30.676 33.1323 225.437 
30.6264 33.0465 207.019 30.6409 33.0715 106.482 30.7539 33.2673 263.075 
30.5077 32.8409 244.199 30.6042 33.008 438.114 30.6496 33.0866 322.727 
30.5095 32.844 575.912 30.7024 33.1782 557.161 30.573 32.954 498.081 
30.6896 33.1559 419.456 30.5085 32.8422 400.745 30.5348 32.8879 848.991 
30.6686 33.1196 478.351 52.4103 70.7772 25.2175 30.7427 33.248 381.889 
30.7374 33.2388 87.9469 46.9632 61.3426 488.345 52.4103 70.7772 846.701 
52.4103 70.7772 864.18 36.439 43.1143 898.859 52.4103 70.7772 60.1742 
38.065 45.9305 705.905 45.3056 58.4717 868.864 52.4103 70.7772 776.788 
52.4103 70.7772 794.266 52.4103 70.7772 567.047 44.9057 57.779 575.786 
52.4103 70.7772 584.526 52.4103 70.7772 269.915 52.4103 70.7772 287.393 
52.4103 70.7772 497.134 52.4103 70.7772 514.612 52.4103 70.7772 234.958 
44.9309 57.8225 243.697 52.4103 70.7772 252.436 52.4103 70.7772 322.35 
52.4103 70.7772 339.828 52.4103 70.7772 427.22 44.936 57.8315 435.959 
52.4103 70.7772 444.698 52.4103 70.7772 77.6526 52.4103 70.7772 462.177 
52.4103 70.7772 479.655 52.4103 70.7772 95.131 44.9432 57.8439 103.87 
52.4103 70.7772 112.609 52.4103 70.7772 130.088 52.4103 70.7772 147.566 
52.4103 70.7772 165.044 52.4103 70.7772 182.523 52.4103 70.7772 200.001 
44.9327 57.8258 208.74 52.4103 70.7772 217.48 52.4103 70.7772 706.874 
44.9323 57.825 715.613 52.4103 70.7772 724.352 52.4103 70.7772 357.307 
44.9442 57.8457 366.046 52.4103 70.7772 374.785 52.4103 70.7772 602.004 
44.9435 57.8444 610.743 52.4103 70.7772 619.482 52.4103 70.7772 636.961 
52.4103 70.7772 654.439 52.4103 70.7772 671.917 52.4103 70.7772 689.396 
52.4103 70.7772 392.263 44.931 57.8227 401.003 52.4103 70.7772 409.742 
52.4103 70.7772 532.09 44.9386 57.8359 540.83 52.4103 70.7772 549.569 
45.0222 57.9808 86.3534 52.4103 70.7772 741.831 44.9656 57.8828 750.57 
52.4103 70.7772 759.309 45.4221 58.6734 191.043 52.4103 70.7772 829.223 
45.0472 58.024 226.219 45.3348 58.5222 261.363 45.0963 58.109 383.524 
45.0849 58.0894 593.265 45.1435 58.1908 418.481 45.4187 58.6676 697.918 
45.0638 58.0528 558.308 45.1297 58.1669 733.092 45.3494 58.5475 768.239 
37.9508 45.7327 888.765 38.0627 45.9265 199.042 37.9762 45.7767 602.73 
41.7247 52.2692 966.707 34.6192 39.9621 971.377 40.1933 49.6169 981.351 
50.8864 68.1379 878.827 44.0118 56.2307 883.527 49.3619 65.4973 893.475 
37.9803 45.7838 374.013 42.6119 53.806 897.829 47.8365 62.8553 908.122 
46.3102 60.2117 922.769 37.9687 45.7638 95.8127 44.7829 57.5663 937.415 
37.9364 45.7079 217.06 43.2545 54.9189 952.061 35.7959 42.0003 954.762 
37.9525 45.7357 548.963 37.977 45.7781 252.865 28.5518 29.4532 978.245 
37.9569 45.7432 427.752 37.9515 45.734 723.93 37.9265 45.6907 566.877 
38.0067 45.8296 759.758 37.9227 45.684 409.803 28.9259 30.1011 964.238 
37.9303 45.6972 391.958 37.9453 45.7232 741.791 37.918 45.6759 584.774 
37.8983 45.6418 234.941 39.1684 47.8417 942.788 33.6092 38.2129 985.101 
52.4103 70.7772 304.871 52.4103 70.7772 811.744 38.6603 46.9615 995 
38.6603 46.9615 995.995 43.75 75.7772 17.9876 35.0897 80.7772 864.18 
35.0897 80.7772 846.701 43.75 75.7772 854.443 43.75 75.7772 866.935 
35.0897 80.7772 25.2175 43.75 75.7772 837.962 35.0897 80.7772 794.266 
43.75 75.7772 785.527 43.75 75.7772 803.005 43.75 75.7772 698.135 
43.75 75.7772 715.613 35.0897 80.7772 706.874 43.75 75.7772 733.092 
43.75 75.7772 750.57 43.75 75.7772 540.83 43.75 75.7772 558.308 
35.0897 80.7772 549.569 43.75 75.7772 663.178 43.75 75.7772 680.657 
35.0897 80.7772 671.917 35.0897 80.7772 741.831 43.75 75.7772 768.048 
35.0897 80.7772 759.309 43.75 75.7772 610.743 43.75 75.7772 628.221 
35.0897 80.7772 619.482 43.75 75.7772 383.524 43.75 75.7772 401.003 
35.0897 80.7772 392.263 43.75 75.7772 488.394 43.75 75.7772 505.873 
35.0897 80.7772 497.134 43.75 75.7772 575.786 43.75 75.7772 593.265 
35.0897 80.7772 427.22 43.75 75.7772 418.481 43.75 75.7772 435.959 
35.0897 80.7772 584.526 35.0897 80.7772 287.393 43.75 75.7772 278.654 
43.75 75.7772 296.132 43.75 75.7772 243.697 43.75 75.7772 261.176 
35.0897 80.7772 252.436 43.75 75.7772 453.438 35.0897 80.7772 444.698 
35.0897 80.7772 532.09 35.0897 80.7772 636.961 43.75 75.7772 348.567 
43.75 75.7772 331.089 35.0897 80.7772 654.439 35.0897 80.7772 322.35 
43.75 75.7772 313.611 35.0897 80.7772 829.223 35.0897 80.7772 339.828 
43.75 75.7772 173.784 43.75 75.7772 191.262 35.0897 80.7772 182.523 
35.0897 80.7772 357.307 43.75 75.7772 121.349 35.0897 80.7772 112.609 
43.75 75.7772 103.87 35.0897 80.7772 304.871 35.0897 80.7772 409.742 
35.0897 80.7772 217.48 43.75 75.7772 208.74 43.75 75.7772 226.219 
35.0897 80.7772 234.958 43.75 75.7772 645.7 35.0897 80.7772 95.131 
43.75 75.7772 86.3918 43.75 75.7772 68.9134 35.0897 80.7772 130.088 
35.0897 80.7772 479.655 43.75 75.7772 366.046 43.75 75.7772 33.9567 
43.75 75.7772 523.351 43.75 75.7772 820.484 35.0897 80.7772 200.001 
35.0897 80.7772 514.612 35.0897 80.7772 567.047 35.0897 80.7772 602.004 
35.0897 80.7772 689.396 35.0897 80.7772 724.352 35.0897 80.7772 776.788 
35.0897 80.7772 811.744 35.0897 80.7772 60.1742 43.75 75.7772 51.4351 
43.75 75.7772 470.916 35.0897 80.7772 77.6526 35.0897 80.7772 374.785 
43.75 75.7772 138.827 43.75 75.7772 156.305 35.0897 80.7772 42.6959 
35.0897 80.7772 147.566 35.0897 80.7772 165.044 35.0897 80.7772 462.177 
35.0897 80.7772 269.915 13.6314 43.6102 674.902 21.9902 58.0881 664.848 
21.063 56.4822 686.275 21.8299 57.8105 913.014 21.9654 58.0452 930.157 
13.3025 43.0406 924.642 27.8313 68.2052 346.814 20.4249 55.3769 354.227 
20.3533 55.2529 333.427 28.4006 69.1912 679.353 20.4258 55.3785 622.473 
27.8332 68.2085 629.936 20.1925 54.9744 643.627 20.4371 55.398 115.591 
27.8433 68.2259 123.04 20.3584 55.2617 136.277 13.7861 43.8783 907.124 
27.8245 68.1934 521.736 20.4148 55.3594 529.315 20.3171 55.1903 508.717 
13.2855 43.0111 342.973 13.2977 43.0323 633.713 21.3887 57.0464 290.795 
13.5781 43.518 282.921 20.9082 56.214 271.799 13.3065 43.0476 126.848 
20.4248 55.3768 447.299 27.8293 68.2018 454.96 20.3522 55.251 467.747 
21.5589 57.341 797.99 13.5132 43.4056 789.324 20.9515 56.2891 778.681 
28.4036 69.1965 786.672 28.3779 69.152 279.776 27.8237 68.192 189.816 
20.4102 55.3515 197.569 20.3471 55.2422 177.23 13.279 42.9998 518.277 
13.2933 43.0246 458.23 13.2785 42.999 186.752 5.48188 29.4949 936.531 
15.4023 46.6777 939.546 27.8275 68.1986 852.243 20.6129 55.7026 858.759 
20.2648 55.0996 840.261 28.1539 68.764 328.229 30.0089 71.9769 819.777 
22.1931 58.4396 819.929 28.724 69.7514 805.063 28.1531 68.7626 648.549 
28.1608 68.7759 141.616 22.131 58.332 312.861 28.5652 69.4764 298.218 
29.6655 71.3821 313.393 28.2958 69.0098 834.983 5.48188 29.4949 897.551 
14.0549 44.3438 887.562 11.2008 39.4004 949.676 5.48188 29.4949 780.612 
13.5184 43.4145 770.103 28.1574 68.7701 503.221 21.8928 57.9195 156.804 
13.352 43.1263 829.652 13.9371 44.1398 810.349 5.48188 29.4949 819.592 
28.1655 68.7841 473.451 21.7108 57.6043 488.264 27.5366 67.6948 50.4379 
27.6431 67.8792 33.2198 5.48188 29.4949 800.102 13.8171 43.9319 303.166 
20.1155 54.8411 41.0979 28.1617 68.7774 171.386 29.7447 71.5193 663.822 
5.48188 29.4949 644.184 13.2999 43.0361 654.162 20.2699 55.1085 59.1625 
27.6277 67.8525 68.4619 20.633 55.7374 77.6212 5.48188 29.4949 878.061 
13.4124 43.2309 867.571 12.9272 42.3906 68.4186 5.48188 29.4949 59.4898 
12.6389 41.8911 48.9062 13.5133 43.4057 694.722 5.48188 29.4949 917.041 
20.5193 55.5405 875.815 29.679 71.4055 156.483 5.48188 29.4949 741.633 
13.3501 43.1231 732.361 13.1989 42.8612 751.06 5.48188 29.4949 527.245 
13.2931 43.0243 538.513 5.48188 29.4949 702.653 13.3027 43.041 713.851 
5.48188 29.4949 351.837 13.3227 43.0756 363.353 5.48188 29.4949 605.204 
13.4107 43.228 594.799 13.32 43.071 613.316 5.48188 29.4949 293.367 
5.48188 29.4949 449.286 13.2836 43.008 438.114 13.3554 43.1323 225.437 
5.48188 29.4949 215.408 13.2662 42.9778 206.833 5.48188 29.4949 98.4694 
13.4169 43.2388 88.0186 13.3271 43.0832 106.506 5.48188 29.4949 176.429 
13.2569 42.9617 166.719 13.4334 43.2673 263.075 5.48188 29.4949 254.388 
13.1872 42.8409 244.199 5.48188 29.4949 332.347 13.3291 43.0866 322.727 
5.48188 29.4949 566.224 13.3819 43.1782 557.161 13.189 42.844 575.912 
5.48188 29.4949 507.755 13.2525 42.954 498.081 13.369 43.1559 419.456 
5.48188 29.4949 410.306 13.1879 42.8422 400.745 5.48188 29.4949 858.571 
13.2143 42.8879 848.991 5.48188 29.4949 468.776 13.3481 43.1196 478.351 
5.48188 29.4949 137.449 13.3462 43.1163 147.015 5.48188 29.4949 839.082 
5.48188 29.4949 663.673 5.48188 29.4949 546.735 5.48188 29.4949 722.143 
5.48188 29.4949 683.163 13.4222 43.248 381.889 5.48188 29.4949 371.327 
5.48188 29.4949 429.796 5.48188 29.4949 273.878 5.48188 29.4949 761.122 
5.48188 29.4949 234.898 5.48188 29.4949 624.694 5.48188 29.4949 78.9796 
5.48188 29.4949 195.918 5.48188 29.4949 585.714 5.48188 29.4949 117.959 
5.48188 29.4949 156.939 5.48188 29.4949 312.857 5.48188 29.4949 488.265 
5.48188 29.4949 390.816 29.6427 71.3426 488.345 19.1185 53.1143 898.859 
20.7445 55.9305 705.905 27.9851 68.4716 868.864 27.5852 67.779 575.786 
27.6104 67.8225 243.697 27.6155 67.8315 435.959 27.6242 67.8465 103.87 
27.6122 67.8258 208.74 27.6118 67.825 715.613 27.6237 67.8457 366.046 
27.623 67.8444 610.743 27.7019 67.981 86.3534 27.618 67.8359 540.83 
27.6451 67.8828 750.57 27.6105 67.8227 401.003 27.7267 68.024 226.219 
28.0143 68.5222 261.363 27.7758 68.109 383.524 27.823 68.1908 418.481 
27.7644 68.0894 593.265 28.0982 68.6676 697.918 27.7433 68.0528 558.308 
27.8092 68.1669 733.092 28.0289 68.5475 768.239 20.6554 55.7761 95.8298 
20.6303 55.7327 888.765 20.6557 55.7767 602.73 24.4041 62.2692 966.707 
22.8728 59.6169 981.351 17.2986 49.9621 971.377 33.5659 78.1379 878.827 
32.0414 75.4973 893.475 26.6913 66.2307 883.527 20.6598 55.7838 374.013 
30.516 72.8553 908.122 25.2914 63.806 897.829 28.9897 70.2117 922.769 
27.4624 67.5663 937.415 20.6093 55.6964 217.028 25.9339 64.9189 952.061 
18.4754 52.0003 954.762 20.632 55.7357 548.963 20.6565 55.7781 252.865 
5.48188 29.4949 995 5.48188 29.4949 975.51 11.2313 39.4532 978.245 
20.6364 55.7432 427.752 20.631 55.734 723.93 20.606 55.6907 566.877 
20.6862 55.8296 759.758 20.6021 55.684 409.803 5.48188 29.4949 956.02 
11.6054 40.1011 964.238 20.6098 55.6972 391.958 20.6248 55.7232 741.791 
20.5975 55.6759 584.774 20.5778 55.6418 234.941 21.8479 57.8417 942.788 
16.2887 48.2129 985.101 21.3397 56.9615 995 21.3397 56.9615 995.995 
-5.48188 29.4949 741.633 -5.48188 29.4949 722.143 -0.000878243 30 731.888 
-5.48188 29.4949 663.673 -5.48188 29.4949 644.184 -0.000878243 30 653.929 
-5.48188 29.4949 585.714 -5.48188 29.4949 566.224 -0.000878243 30 575.969 
0.000878243 30 556.48 -5.48188 29.4949 507.755 -5.48188 29.4949 488.265 
-0.000878243 30 498.01 0.000878243 30 595.459 0.000878243 30 809.847 
0.000878243 30 868.316 0.000878243 30 926.786 0.000878243 30 517.5 
-5.48188 29.4949 449.286 -5.48188 29.4949 429.796 -0.000878243 30 439.541 
-5.48188 29.4949 390.816 -5.48188 29.4949 371.327 -0.000878243 30 381.071 
0.000878243 30 147.194 0.000878243 30 478.52 -5.48188 29.4949 839.082 
-5.48188 29.4949 819.592 -0.000878243 30 829.337 -5.48188 29.4949 98.4694 
-5.48188 29.4949 78.9796 -0.000878243 30 88.7245 -5.48188 29.4949 215.408 
-5.48188 29.4949 195.918 -0.000878243 30 205.663 -5.48188 29.4949 254.388 
-5.48188 29.4949 234.898 -0.000878243 30 244.643 -5.48188 29.4949 624.694 
-5.48188 29.4949 605.204 -0.000878243 30 614.949 -5.48188 29.4949 468.776 
-0.000878243 30 459.031 -5.48188 29.4949 117.959 -0.000878243 30 108.214 
-5.48188 29.4949 176.429 -5.48188 29.4949 156.939 -0.000878243 30 166.684 
-5.48188 29.4949 293.367 -5.48188 29.4949 273.878 -0.000878243 30 283.622 
-5.48188 29.4949 351.837 -5.48188 29.4949 332.347 -0.000878243 30 342.092 
-0.000878243 30 225.153 -5.48188 29.4949 975.51 -5.48188 29.4949 956.02 
-0.000878243 30 965.765 -5.48188 29.4949 780.612 -5.48188 29.4949 761.122 
-0.000878243 30 770.867 0.000878243 30 712.398 -5.48188 29.4949 917.041 
-5.48188 29.4949 897.551 -0.000878243 30 907.296 -3.86174e-12 30 946.212 
-5.48188 29.4949 936.531 -4.66776e-12 30 985.319 -3.85508e-12 30 634.375 
-3.85508e-12 30 673.355 -3.84842e-12 30 751.314 -5.48188 29.4949 702.653 
-5.48188 29.4949 683.163 -3.85508e-12 30 692.844 -5.48188 29.4949 858.571 
-3.85508e-12 30 848.763 -1.89664e-12 30 49.6811 -3.84842e-12 30 264.069 
-3.84842e-12 30 303.048 -3.85508e-12 30 322.538 -3.84842e-12 30 361.518 
-3.85508e-12 30 400.497 -3.84842e-12 30 186.11 -5.48188 29.4949 59.4898 
-5.48188 29.4949 312.857 -5.48188 29.4949 410.306 -3.84842e-12 30 69.2985 
-5.48188 29.4949 137.449 -3.84842e-12 30 127.768 -3.84842e-12 30 419.987 
-5.48188 29.4949 995 -3.84842e-12 30 536.926 -3.85508e-12 30 790.293 
-3.84842e-12 30 887.742 -5.48188 29.4949 546.735 -5.48188 29.4949 527.245 
-5.48188 29.4949 800.102 -5.48188 29.4949 878.061 -21.9654 58.0452 930.157 
-21.8299 57.8105 913.014 -13.3025 43.0406 924.642 -20.4249 55.3769 354.227 
-27.8313 68.2052 346.814 -20.3533 55.2529 333.427 -27.8347 68.2111 629.918 
-20.4254 55.3778 622.456 -20.5237 55.5481 642.549 -13.7861 43.8783 907.124 
-27.8445 68.2282 123.023 -20.4372 55.3982 115.572 -20.3554 55.2565 136.221 
-13.9222 44.1139 981.529 -18.3599 51.8002 969.273 -12.1424 41.0312 964.304 
-20.4151 55.3601 529.299 -27.823 68.1908 521.718 -20.5208 55.543 509.23 
-13.2855 43.0111 342.973 -13.5781 43.518 282.921 -21.3887 57.0464 290.795 
-20.9082 56.214 271.799 -13.2887 43.0167 633.672 -13.2972 43.0315 126.807 
-13.575 43.5125 789.7 -21.3802 57.0316 797.603 -20.91 56.2172 778.635 
-20.4105 55.352 197.553 -27.8223 68.1896 189.798 -20.3378 55.2262 177.174 
-28.3779 69.152 279.776 -13.2879 43.0154 518.236 -28.3737 69.1448 786.627 
-20.6369 55.7442 858.514 -27.8161 68.1788 851.984 -20.388 55.313 839.7 
-13.2874 43.0144 186.711 -21.3397 56.9615 995 -22.8728 59.6169 981.351 
-15.4279 46.7219 939.615 -28.2713 68.9673 834.749 -28.1539 68.764 328.229 
-28.1554 68.7665 648.473 -28.5652 69.4764 298.218 -22.131 58.332 312.861 
-29.6655 71.3821 313.393 -28.1622 68.7784 141.54 -14.0583 44.3498 887.549 
-22.1141 58.3028 819.592 -29.9741 71.9166 819.663 -28.6703 69.6584 804.916 
-28.1556 68.767 503.145 -11.4107 39.7639 950.268 -21.791 57.7431 488.842 
-21.8003 57.7592 662.792 -28.1608 68.776 171.31 -21.8184 57.7906 156.586 
-13.4364 43.2725 867.483 -13.3982 43.2063 848.68 -27.5475 67.7136 50.4237 
-35.0897 80.7772 42.6959 -27.6471 67.8861 33.2187 -13.8171 43.9319 303.166 
-13.8119 43.923 809.903 -20.1287 54.8638 41.1058 -27.6337 67.8629 68.4443 
-20.2823 55.13 59.1786 -20.6359 55.7424 77.6176 -13.2977 43.0323 498.198 
-13.2587 42.9647 166.617 -13.342 43.109 829.291 -20.5279 55.5553 875.758 
-13.2946 43.0269 538.506 -14.497 45.1095 692.07 -13.4667 43.3249 713.409 
-13.3227 43.0756 363.353 -13.3501 43.1231 732.361 -13.1855 42.838 751.031 
-13.2983 43.0333 653.626 -13.3554 43.1323 225.437 -13.2677 42.9803 206.826 
-13.427 43.2563 87.9828 -13.3272 43.0834 106.493 -14.4855 45.0896 459.678 
-13.4824 43.3521 438.356 -13.4334 43.2673 263.075 -13.1872 42.8409 244.199 
-13.4107 43.228 594.799 -13.3185 43.0684 613.309 -13.3291 43.0866 322.727 
-13.3819 43.1782 557.161 -13.189 42.844 575.912 -13.369 43.1559 419.456 
-13.1879 42.8422 400.745 -29.4735 71.0496 488.294 -12.9404 42.4134 68.4156 
-12.6717 41.9481 49.0292 -29.4769 71.0556 663.298 -13.6232 43.5961 672.183 
-13.6183 43.5876 479.553 -13.3558 43.1328 146.897 -29.6642 71.3799 156.409 
-35.0897 80.7772 25.2175 -13.4222 43.248 381.889 -13.4379 43.2751 769.928 
-35.0897 80.7772 864.18 -35.0897 80.7772 846.701 -20.9168 56.2289 446.283 
-19.1194 53.1157 898.855 -35.0897 80.7772 60.1742 -20.9083 56.2142 705.363 
-27.2496 67.1977 678.867 -27.2415 67.1836 472.694 -27.9851 68.4716 868.864 
-20.0035 54.647 678.394 -35.0897 80.7772 549.569 -35.0897 80.7772 532.09 
-27.618 67.8359 540.83 -35.0897 80.7772 759.309 -35.0897 80.7772 741.831 
-27.6451 67.8828 750.57 -35.0897 80.7772 829.223 -35.0897 80.7772 357.307 
-35.0897 80.7772 339.828 -35.0897 80.7772 409.742 -35.0897 80.7772 392.263 
-27.6105 67.8227 401.003 -35.0897 80.7772 322.35 -35.0897 80.7772 200.001 
-35.0897 80.7772 182.523 -35.0897 80.7772 252.436 -35.0897 80.7772 234.958 
-27.6104 67.8225 243.697 -35.0897 80.7772 444.698 -35.0897 80.7772 427.22 
-27.6155 67.8315 435.959 -35.0897 80.7772 77.6526 -35.0897 80.7772 479.655 
-35.0897 80.7772 462.177 -35.0897 80.7772 95.131 -27.7023 67.9817 86.3519 
-35.0897 80.7772 217.48 -27.6122 67.8258 208.74 -35.0897 80.7772 112.609 
-27.6242 67.8465 103.87 -35.0897 80.7772 147.566 -35.0897 80.7772 130.088 
-35.0897 80.7772 165.044 -35.0897 80.7772 724.352 -35.0897 80.7772 706.874 
-27.6118 67.825 715.613 -35.0897 80.7772 374.785 -27.6237 67.8457 366.046 
-35.0897 80.7772 619.482 -35.0897 80.7772 602.004 -27.623 67.8444 610.743 
-35.0897 80.7772 654.439 -35.0897 80.7772 636.961 -35.0897 80.7772 689.396 
-35.0897 80.7772 671.917 -27.7267 68.024 226.219 -35.0897 80.7772 794.266 
-35.0897 80.7772 776.788 -35.0897 80.7772 584.526 -35.0897 80.7772 567.047 
-27.5852 67.779 575.786 -35.0897 80.7772 287.393 -35.0897 80.7772 269.915 
-35.0897 80.7772 514.612 -35.0897 80.7772 497.134 -27.7433 68.0528 558.308 
-28.0143 68.5222 261.363 -27.7758 68.109 383.524 -27.9156 68.3513 453.734 
-27.7644 68.0894 593.265 -27.9064 68.3353 697.837 -27.823 68.1908 418.481 
-28.024 68.5389 768.232 -27.8092 68.1669 733.092 -20.6576 55.78 95.8208 
-20.6312 55.7342 888.76 -20.6554 55.7762 602.729 -33.5659 78.1379 878.827 
-22.1797 58.4164 690.102 -32.0414 75.4973 893.475 -26.6913 66.2307 883.527 
-19.9741 54.5961 473.234 -20.6598 55.7838 374.013 -30.516 72.8553 908.122 
-25.2914 63.806 897.829 -28.9897 70.2117 922.769 -22.1637 58.3887 461.513 
-27.4624 67.5663 937.415 -24.4041 62.2692 966.707 -20.6096 55.6968 217.027 
-25.9339 64.9189 952.061 -18.5196 52.0768 954.868 -20.6323 55.7361 548.962 
-20.6565 55.7781 252.865 -20.6695 55.8006 427.792 -20.658 55.7807 723.856 
-20.606 55.6907 566.877 -20.6694 55.8004 759.722 -20.6021 55.684 409.803 
-20.6098 55.6972 391.958 -20.6226 55.7194 741.786 -20.5975 55.6759 584.774 
-20.5778 55.6418 234.941 -21.8618 57.8658 942.823 -35.0897 80.7772 811.744 
-35.0897 80.7772 304.871 -21.3397 56.9615 995.995 -43.75 75.7772 17.9876 
-43.75 75.7772 854.443 -43.75 75.7772 866.935 -52.4103 70.7772 25.2175 
-52.4103 70.7772 846.701 -52.4103 70.7772 864.18 -43.75 75.7772 837.962 
-43.75 75.7772 785.527 -43.75 75.7772 803.005 -52.4103 70.7772 794.266 
-52.4103 70.7772 706.874 -43.75 75.7772 698.135 -43.75 75.7772 715.613 
-43.75 75.7772 663.178 -43.75 75.7772 680.657 -52.4103 70.7772 671.917 
-43.75 75.7772 540.83 -43.75 75.7772 558.308 -52.4103 70.7772 549.569 
-52.4103 70.7772 741.831 -43.75 75.7772 733.092 -43.75 75.7772 750.57 
-43.75 75.7772 768.048 -52.4103 70.7772 759.309 -43.75 75.7772 628.221 
-43.75 75.7772 610.743 -52.4103 70.7772 619.482 -43.75 75.7772 401.003 
-43.75 75.7772 383.524 -52.4103 70.7772 392.263 -43.75 75.7772 505.873 
-43.75 75.7772 488.394 -52.4103 70.7772 497.134 -52.4103 70.7772 584.526 
-43.75 75.7772 575.786 -43.75 75.7772 593.265 -43.75 75.7772 435.959 
-43.75 75.7772 418.481 -52.4103 70.7772 427.22 -43.75 75.7772 296.132 
-43.75 75.7772 278.654 -52.4103 70.7772 287.393 -43.75 75.7772 261.176 
-43.75 75.7772 243.697 -43.75 75.7772 453.438 -52.4103 70.7772 444.698 
-52.4103 70.7772 252.436 -52.4103 70.7772 567.047 -52.4103 70.7772 689.396 
-52.4103 70.7772 776.788 -43.75 75.7772 191.262 -43.75 75.7772 173.784 
-52.4103 70.7772 322.35 -43.75 75.7772 313.611 -43.75 75.7772 331.089 
-52.4103 70.7772 654.439 -52.4103 70.7772 339.828 -43.75 75.7772 348.567 
-52.4103 70.7772 182.523 -52.4103 70.7772 479.655 -43.75 75.7772 226.219 
-43.75 75.7772 208.74 -52.4103 70.7772 217.48 -43.75 75.7772 366.046 
-52.4103 70.7772 357.307 -52.4103 70.7772 374.785 -52.4103 70.7772 514.612 
-52.4103 70.7772 269.915 -52.4103 70.7772 304.871 -52.4103 70.7772 409.742 
-52.4103 70.7772 112.609 -43.75 75.7772 103.87 -43.75 75.7772 121.349 
-52.4103 70.7772 234.958 -43.75 75.7772 86.3918 -52.4103 70.7772 95.131 
-52.4103 70.7772 130.088 -43.75 75.7772 523.351 -52.4103 70.7772 532.09 
-52.4103 70.7772 602.004 -52.4103 70.7772 636.961 -43.75 75.7772 645.7 
-52.4103 70.7772 724.352 -52.4103 70.7772 811.744 -43.75 75.7772 820.484 
-52.4103 70.7772 829.223 -52.4103 70.7772 60.1742 -43.75 75.7772 68.9134 
-52.4103 70.7772 77.6526 -52.4103 70.7772 200.001 -43.75 75.7772 33.9567 
-43.75 75.7772 51.4351 -52.4103 70.7772 42.6959 -52.4103 70.7772 462.177 
-43.75 75.7772 470.916 -43.75 75.7772 138.827 -43.75 75.7772 156.305 
-52.4103 70.7772 147.566 -52.4103 70.7772 165.044 -39.2859 48.0452 930.157 
-30.623 33.0406 924.642 -39.1504 47.8105 913.014 -37.7454 45.3769 354.227 
-37.6738 45.2529 333.427 -45.1518 58.2052 346.814 -45.1552 58.2111 629.918 
-37.8442 45.5481 642.549 -37.7459 45.3778 622.456 -31.1066 33.8783 907.124 
-45.165 58.2282 123.023 -37.6759 45.2565 136.221 -37.7577 45.3982 115.572 
-37.7356 45.3601 529.299 -37.8413 45.543 509.23 -45.1435 58.1908 521.718 
-30.606 33.0111 342.973 -30.8986 33.518 282.921 -38.2287 46.214 271.799 
-38.7092 47.0464 290.795 -30.6092 33.0167 633.672 -30.6177 33.0315 126.807 
-30.8955 33.5125 789.7 -38.2305 46.2172 778.635 -38.7007 47.0316 797.603 
-37.731 45.352 197.553 -37.6583 45.2262 177.174 -45.1428 58.1896 189.798 
-45.6984 59.152 279.776 -30.6084 33.0154 518.236 -45.6943 59.1448 786.627 
-37.9574 45.7442 858.514 -37.7085 45.313 839.7 -45.1366 58.1788 851.984 
-30.6079 33.0144 186.711 -32.7484 36.7219 939.615 -22.8024 19.4949 936.531 
-45.5918 58.9673 834.749 -45.4744 58.764 328.229 -45.4759 58.7665 648.473 
-45.8857 59.4764 298.218 -46.986 61.3821 313.393 -39.4515 48.332 312.861 
-45.4828 58.7784 141.54 -22.8024 19.4949 897.551 -31.3789 34.3498 887.549 
-39.4346 48.3028 819.592 -45.9908 59.6584 804.916 -47.2946 61.9166 819.663 
-45.4761 58.767 503.145 -28.6377 29.6019 950.263 -39.1115 47.7431 488.842 
-39.1208 47.7592 662.792 -45.4813 58.776 171.31 -39.1389 47.7906 156.586 
-22.8024 19.4949 858.571 -30.7187 33.2063 848.68 -30.7569 33.2725 867.483 
-44.8664 57.7108 50.4179 -44.9671 57.8852 33.2169 -31.1376 33.9319 303.166 
-31.1324 33.923 809.903 -37.4478 44.8615 41.1008 -44.9542 57.8629 68.4443 
-37.9564 45.7424 77.6175 -37.6023 45.1291 59.1768 -22.8024 19.4949 507.755 
-30.6182 33.0323 498.198 -22.8024 19.4949 176.429 -30.5792 32.9647 166.617 
-22.8024 19.4949 878.061 -22.8024 19.4949 839.082 -30.6625 33.109 829.291 
-22.8024 19.4949 917.041 -37.8484 45.5553 875.758 -30.6151 33.0269 538.506 
-22.8024 19.4949 527.245 -30.6432 33.0756 363.353 -22.8024 19.4949 351.837 
-30.6706 33.1231 732.361 -30.506 32.838 751.031 -22.8024 19.4949 741.633 
-22.8024 19.4949 293.367 -30.6188 33.0333 653.626 -22.8024 19.4949 644.184 
-31.8175 35.1095 692.07 -30.7872 33.3249 713.409 -22.8024 19.4949 702.653 
-22.8024 19.4949 215.408 -30.5882 32.9803 206.826 -30.676 33.1323 225.437 
-22.8024 19.4949 449.286 -30.8029 33.3521 438.356 -31.806 35.0896 459.678 
-30.7475 33.2563 87.9828 -30.6477 33.0834 106.493 -22.8024 19.4949 98.4694 
-30.7312 33.228 594.799 -30.639 33.0684 613.309 -22.8024 19.4949 605.204 
-22.8024 19.4949 800.102 -22.8024 19.4949 254.388 -30.5077 32.8409 244.199 
-30.7539 33.2673 263.075 -22.8024 19.4949 332.347 -30.6496 33.0866 322.727 
-30.7024 33.1782 557.161 -30.5095 32.844 575.912 -22.8024 19.4949 566.224 
-22.8024 19.4949 410.306 -30.5085 32.8422 400.745 -30.6896 33.1559 419.456 
-46.794 61.0496 488.294 -22.8024 19.4949 59.4898 -29.9922 31.9481 49.0292 
-30.2609 32.4134 68.4156 -46.7975 61.0556 663.298 -22.8024 19.4949 683.163 
-30.9437 33.5961 672.183 -22.8024 19.4949 78.9796 -30.9388 33.5876 479.553 
-30.6763 33.1328 146.897 -22.8024 19.4949 819.592 -46.9847 61.3799 156.409 
-22.8024 19.4949 488.265 -22.8024 19.4949 156.939 -22.8024 19.4949 371.327 
-30.7427 33.248 381.889 -22.8024 19.4949 546.735 -22.8024 19.4949 722.143 
-22.8024 19.4949 585.714 -22.8024 19.4949 429.796 -22.8024 19.4949 468.776 
-22.8024 19.4949 761.122 -30.7584 33.2751 769.928 -22.8024 19.4949 663.673 
-22.8024 19.4949 117.959 -22.8024 19.4949 624.694 -22.8024 19.4949 273.878 
-22.8024 19.4949 195.918 -22.8024 19.4949 137.449 -22.8024 19.4949 234.898 
-22.8024 19.4949 312.857 -22.8024 19.4949 390.816 -22.8024 19.4949 780.612 
-38.2373 46.2289 446.283 -36.4399 43.1157 898.855 -38.2288 46.2142 705.363 
-44.5701 57.1977 678.867 -44.562 57.1836 472.694 -45.3056 58.4717 868.864 
-37.324 44.647 678.394 -44.9386 57.8359 540.83 -44.9656 57.8828 750.57 
-44.931 57.8227 401.003 -44.9309 57.8225 243.697 -44.9327 57.8258 208.74 
-44.936 57.8315 435.959 -45.0228 57.9817 86.3519 -44.9323 57.825 715.613 
-44.9447 57.8465 103.87 -44.9442 57.8457 366.046 -44.9435 57.8444 610.743 
-44.9057 57.779 575.786 -45.0472 58.024 226.219 -45.0638 58.0528 558.308 
-45.3348 58.5222 261.363 -45.0963 58.109 383.524 -45.2361 58.3513 453.734 
-45.1435 58.1908 418.481 -45.2269 58.3353 697.837 -45.0849 58.0894 593.265 
-45.3445 58.5389 768.232 -45.1297 58.1669 733.092 -37.9781 45.78 95.8208 
-37.9517 45.7342 888.76 -37.9759 45.7762 602.729 -50.8864 68.1379 878.827 
-39.5002 48.4164 690.102 -49.3619 65.4973 893.475 -44.0118 56.2307 883.527 
-37.2946 44.5961 473.234 -37.9803 45.7838 374.013 -47.8365 62.8553 908.122 
-42.6119 53.806 897.829 -46.3102 60.2117 922.769 -39.4842 48.3887 461.513 
-44.7829 57.5663 937.415 -22.8024 19.4949 975.51 -28.6141 29.5611 978.266 
-22.8024 19.4949 995 -37.9301 45.6968 217.027 -40.1933 49.6169 981.351 
-34.8238 40.3166 971.463 -41.7247 52.2692 966.707 -35.8401 42.0768 954.868 
-43.2545 54.9189 952.061 -37.9528 45.7361 548.962 -37.977 45.7781 252.865 
-37.99 45.8006 427.792 -37.9785 45.7807 723.856 -37.9265 45.6907 566.877 
-37.9899 45.8004 759.722 -37.9227 45.684 409.803 -37.9303 45.6972 391.958 
-37.9431 45.7194 741.786 -37.918 45.6759 584.774 -22.8024 19.4949 956.02 
-28.9952 30.2212 964.28 -37.8983 45.6418 234.941 -39.1824 47.8658 942.823 
-33.6468 38.2779 985.078 -38.6603 46.9615 995 -38.6603 46.9615 995.995 
-28.2843 10 741.633 -28.2843 10 722.143 -25.9812 14.9992 731.888 
-28.2843 10 956.02 -28.2843 10 936.531 -25.9812 14.9992 946.276 
-28.2843 10 371.327 -28.2843 10 351.837 -25.9812 14.9992 361.582 
-28.2843 10 975.51 -25.9812 14.9992 965.765 -28.2843 10 507.755 
-28.2843 10 488.265 -25.9812 14.9992 498.01 -28.2843 10 312.857 
-28.2843 10 293.367 -25.9812 14.9992 303.112 -28.2843 10 410.306 
-28.2843 10 390.816 -25.9812 14.9992 400.561 -28.2843 10 663.673 
-28.2843 10 644.184 -25.9812 14.9992 653.929 -28.2843 10 176.429 
-28.2843 10 156.939 -25.9812 14.9992 166.684 -28.2843 10 780.612 
-28.2843 10 761.122 -25.9812 14.9992 770.867 -28.2843 10 215.408 
-28.2843 10 195.918 -25.9812 14.9992 205.663 -25.9812 14.9992 381.071 
-28.2843 10 78.9796 -28.2843 10 59.4898 -25.9812 14.9992 69.2347 
-28.2843 10 98.4694 -25.9812 14.9992 88.7245 -28.2843 10 254.388 
-28.2843 10 234.898 -25.9812 14.9992 244.643 -25.9803 15.0008 517.5 
-28.2843 10 117.959 -25.9812 14.9992 108.214 -28.2843 10 273.878 
-25.9812 14.9992 283.622 -28.2843 10 624.694 -25.9812 14.9992 634.439 
-28.2843 10 683.163 -25.9812 14.9992 673.418 -25.9803 15.0008 575.969 
-25.9803 15.0008 614.949 -25.9803 15.0008 907.296 -25.9803 15.0008 868.316 
-25.9803 15.0008 712.398 -28.2843 10 897.551 -28.2843 10 878.061 
-25.9812 14.9992 887.806 -28.2843 10 819.592 -28.2843 10 800.102 
-25.9812 14.9992 809.847 -28.2843 10 468.776 -28.2843 10 449.286 
-25.9812 14.9992 459.031 -25.9808 15 829.273 -28.2843 10 839.082 
-25.9808 15 439.605 -28.2843 10 429.796 -25.9808 15 985.191 
-25.9808 15 556.416 -25.9808 15 595.395 -25.9808 15 692.844 
-25.9808 15 751.314 -25.9808 15 848.763 -25.9808 15 926.722 
-28.2843 10 702.653 -28.2843 10 858.571 -25.9808 15 49.6811 
-25.9808 15 147.13 -25.9808 15 186.11 -25.9808 15 264.069 
-25.9808 15 322.538 -25.9808 15 342.028 -25.9808 15 478.457 
-28.2843 10 137.449 -28.2843 10 332.347 -25.9808 15 127.64 
-25.9808 15 419.987 -25.9808 15 225.089 -28.2843 10 995 
-28.2843 10 566.224 -28.2843 10 546.735 -28.2843 10 605.204 
-28.2843 10 585.714 -28.2843 10 917.041 -25.9808 15 536.926 
-25.9808 15 790.293 -28.2843 10 527.245 -61.2513 10 930.157 
-60.9803 10 913.014 -43.9255 10 924.642 -58.1702 10 354.227 
-72.9831 10 346.814 -58.027 10 333.427 -72.9899 10 629.918 
-58.1712 10 622.456 -58.3679 10 642.549 -44.8928 10 907.124 
-73.0096 10 123.023 -58.1948 10 115.572 -58.0312 10 136.221 
-58.1508 10 529.299 -72.9665 10 521.718 -58.362 10 509.23 
-43.8914 10 342.973 -44.4767 10 282.921 -60.098 10 290.795 
-59.1368 10 271.799 -43.898 10 633.672 -43.915 10 126.807 
-44.4705 10 789.7 -60.0809 10 797.603 -59.1406 10 778.635 
-58.1415 10 197.553 -72.9651 10 189.798 -57.9962 10 177.174 
-74.0764 10 279.776 -43.8964 10 518.236 -74.068 10 786.627 
-58.5943 10 858.514 -72.9526 10 851.984 -58.0965 10 839.7 
-43.8952 10 186.711 -48.1763 10 939.615 -73.8631 10 834.749 
-73.6283 10 328.229 -73.6312 10 648.473 -74.451 10 298.218 
-61.5825 10 312.861 -76.6514 10 313.393 -73.645 10 141.54 
-45.4372 10 887.549 -61.5488 10 819.592 -77.2686 10 819.663 
-74.6611 10 804.916 -73.6318 10 503.145 -39.9549 10 950.263 
-60.9025 10 488.842 -60.921 10 662.792 -73.6422 10 171.31 
-60.9573 10 156.586 -44.1932 10 867.483 -44.1168 10 848.68 
-72.4154 10 50.4237 -87.5 10 42.6959 -72.6146 10 33.2187 
-44.9547 10 303.166 -44.9444 10 809.903 -57.5778 10 41.1058 
-72.5879 10 68.4443 -57.8851 10 59.1786 -58.5923 10 77.6176 
-43.916 10 498.198 -43.8378 10 166.617 -44.0045 10 829.291 
-58.3763 10 875.758 -43.9097 10 538.506 -46.3145 10 692.07 
-44.2538 10 713.409 -43.9659 10 363.353 -44.0207 10 732.361 
-43.6916 10 751.031 -44.1419 10 594.799 -43.9576 10 613.309 
-43.917 10 653.626 -44.1745 10 87.9828 -43.9749 10 106.493 
-44.0314 10 225.437 -43.8559 10 206.826 -46.2915 10 459.678 
-44.2852 10 438.356 -44.1873 10 263.075 -43.695 10 244.199 
-43.9787 10 322.727 -44.0843 10 557.161 -43.6985 10 575.912 
-44.0586 10 419.456 -43.6964 10 400.745 -76.2675 10 488.294 
-43.2013 10 68.4156 -42.664 10 49.0292 -76.2744 10 663.298 
-44.5669 10 672.183 -44.5571 10 479.553 -44.032 10 146.897 
-76.6489 10 156.409 -87.5 10 25.2175 -44.165 10 381.889 
-44.1963 10 769.928 -87.5 10 864.18 -87.5 10 846.701 
-59.1541 10 446.283 -55.5593 10 898.855 -87.5 10 60.1742 
-59.1371 10 705.363 -71.8198 10 678.867 -71.8034 10 472.694 
-73.2907 10 868.864 -57.3275 10 678.394 -87.5 10 357.307 
-87.5 10 339.828 -87.5 10 549.569 -87.5 10 532.09 
-72.5566 10 540.83 -87.5 10 759.309 -87.5 10 741.831 
-72.6108 10 750.57 -87.5 10 829.223 -87.5 10 514.612 
-87.5 10 497.134 -87.5 10 409.742 -87.5 10 392.263 
-72.5414 10 401.003 -87.5 10 252.436 -87.5 10 234.958 
-72.5412 10 243.697 -87.5 10 200.001 -87.5 10 182.523 
-87.5 10 322.35 -87.5 10 444.698 -87.5 10 427.22 
-72.5516 10 435.959 -87.5 10 77.6526 -87.5 10 479.655 
-87.5 10 462.177 -87.5 10 147.566 -87.5 10 130.088 
-87.5 10 217.48 -72.5449 10 208.74 -87.5 10 724.352 
-87.5 10 706.874 -72.544 10 715.613 -87.5 10 112.609 
-87.5 10 95.131 -72.5688 10 103.87 -87.5 10 165.044 
-72.725 10 86.3519 -87.5 10 374.785 -72.5679 10 366.046 
-87.5 10 619.482 -87.5 10 602.004 -72.5665 10 610.743 
-87.5 10 654.439 -87.5 10 636.961 -87.5 10 689.396 
-87.5 10 671.917 -87.5 10 584.526 -87.5 10 567.047 
-72.491 10 575.786 -87.5 10 287.393 -87.5 10 269.915 
-87.5 10 794.266 -87.5 10 776.788 -72.7738 10 226.219 
-73.3492 10 261.363 -72.872 10 383.524 -73.1517 10 453.734 
-73.1333 10 697.837 -72.9664 10 418.481 -72.8493 10 593.265 
-72.8071 10 558.308 -73.3684 10 768.232 -72.9388 10 733.092 
-58.6357 10 95.8208 -58.5828 10 888.76 -58.6314 10 602.729 
-84.4524 10 878.827 -61.6799 10 690.102 -81.4033 10 893.475 
-70.7031 10 883.527 -57.2686 10 473.234 -58.6401 10 374.013 
-78.3525 10 908.122 -67.9033 10 897.829 -75.3 10 922.769 
-61.6479 10 461.513 -72.2454 10 937.415 -39.9077 10 978.266 
-58.5396 10 217.027 -63.0662 10 981.351 -66.1288 10 966.707 
-52.3271 10 971.463 -69.1884 10 952.061 -54.3596 10 954.868 
-58.585 10 548.962 -58.6335 10 252.865 -58.6595 10 427.792 
-58.6365 10 723.856 -58.5326 10 566.877 -58.6592 10 759.722 
-58.5248 10 409.803 -58.54 10 391.958 -58.5657 10 741.786 
-58.5155 10 584.774 -40.6699 10 964.28 -58.4761 10 234.941 
-61.0442 10 942.823 -49.9731 10 985.078 -87.5 10 811.744 
-87.5 10 304.871 -60 10 995 -60 10 995.995 
-87.5 -3.55271e-15 17.9876 -87.5 -10 846.701 -87.5 -5.32907e-15 854.443 
-87.5 -10 864.18 -87.5 -1.86368e-14 866.935 -87.5 -10 25.2175 
-87.5 0 837.962 -87.5 0 803.005 -87.5 1.77636e-15 785.527 
-87.5 -10 794.266 -87.5 3.55271e-15 715.613 -87.5 1.77636e-15 698.135 
-87.5 -10 706.874 -87.5 1.77636e-15 540.83 -87.5 1.06581e-14 558.308 
-87.5 -10 549.569 -87.5 0 680.657 -87.5 1.77636e-15 663.178 
-87.5 -10 671.917 -87.5 -10 741.831 -87.5 1.77636e-15 733.092 
-87.5 7.10543e-15 750.57 -87.5 1.06581e-14 768.048 -87.5 -10 759.309 
-87.5 -10 619.482 -87.5 1.77636e-15 610.743 -87.5 7.10543e-15 628.221 
-87.5 0 401.003 -87.5 0 383.524 -87.5 -10 392.263 
-87.5 -10 497.134 -87.5 3.55271e-15 488.394 -87.5 0 505.873 
-87.5 5.32907e-15 575.786 -87.5 8.88178e-15 593.265 -87.5 -10 584.526 
-87.5 0 435.959 -87.5 0 418.481 -87.5 -10 427.22 
-87.5 0 296.132 -87.5 0 278.654 -87.5 -10 287.393 
-87.5 0 261.176 -87.5 3.55271e-15 243.697 -87.5 -10 252.436 
-87.5 3.55271e-15 453.438 -87.5 -10 567.047 -87.5 -10 776.788 
-87.5 -10 689.396 -87.5 -10 339.828 -87.5 0 331.089 
-87.5 0 348.567 -87.5 -10 654.439 -87.5 -1.77636e-15 191.262 
-87.5 -1.77636e-15 173.784 -87.5 -10 182.523 -87.5 -10 322.35 
-87.5 0 313.611 -87.5 -10 444.698 -87.5 -10 479.655 
-87.5 -10 514.612 -87.5 -10 357.307 -87.5 -10 217.48 
-87.5 0 208.74 -87.5 3.55271e-15 226.219 -87.5 -10 269.915 
-87.5 -10 112.609 -87.5 0 103.87 -87.5 0 121.349 
-87.5 -10 304.871 -87.5 -10 409.742 -87.5 -10 234.958 
-87.5 3.55271e-15 366.046 -87.5 0 820.484 -87.5 0 86.3918 
-87.5 -10 95.131 -87.5 -10 130.088 -87.5 -10 60.1742 
-87.5 0 68.9134 -87.5 -10 77.6526 -87.5 7.10543e-15 523.351 
-87.5 -10 532.09 -87.5 -10 602.004 -87.5 -10 636.961 
-87.5 0 645.7 -87.5 -10 724.352 -87.5 -1.77636e-15 33.9567 
-87.5 -10 42.6959 -87.5 0 51.4351 -87.5 -10 200.001 
-87.5 -10 374.785 -87.5 -10 811.744 -87.5 -10 462.177 
-87.5 0 470.916 -87.5 0 138.827 -87.5 -1.77636e-15 156.305 
-87.5 -10 147.566 -87.5 -10 165.044 -87.5 -10 829.223 
-61.2513 -10 930.157 -43.9255 -10 924.642 -60.9803 -10 913.014 
-58.1702 -10 354.227 -58.027 -10 333.427 -72.9831 -10 346.814 
-72.9899 -10 629.918 -58.3679 -10 642.549 -58.1712 -10 622.456 
-44.8928 -10 907.124 -73.0096 -10 123.023 -58.0312 -10 136.221 
-58.1948 -10 115.572 -45.1648 -10 981.529 -41.6052 -10 964.304 
-54.0402 -10 969.273 -58.1508 -10 529.299 -58.362 -10 509.23 
-72.9665 -10 521.718 -43.8914 -10 342.973 -44.4767 -10 282.921 
-59.1368 -10 271.799 -60.098 -10 290.795 -43.898 -10 633.672 
-43.915 -10 126.807 -44.4705 -10 789.7 -59.1406 -10 778.635 
-60.0809 -10 797.603 -58.1415 -10 197.553 -57.9962 -10 177.174 
-72.9651 -10 189.798 -74.0764 -10 279.776 -43.8964 -10 518.236 
-74.068 -10 786.627 -28.2843 -10 975.51 -58.5943 -10 858.514 
-58.0965 -10 839.7 -72.9526 -10 851.984 -43.8952 -10 186.711 
-60 -10 995 -63.0662 -10 981.351 -48.1763 -10 939.615 
-28.2843 -10 936.531 -73.8631 -10 834.749 -73.6283 -10 328.229 
-73.6312 -10 648.473 -74.451 -10 298.218 -76.6514 -10 313.393 
-61.5825 -10 312.861 -73.645 -10 141.54 -28.2843 -10 897.551 
-45.4372 -10 887.549 -61.5488 -10 819.592 -74.6611 -10 804.916 
-77.2686 -10 819.663 -73.6318 -10 503.145 -40.1419 -10 950.268 
-60.9025 -10 488.842 -60.921 -10 662.792 -73.6422 -10 171.31 
-60.9573 -10 156.586 -28.2843 -10 858.571 -44.1168 -10 848.68 
-44.1932 -10 867.483 -72.4122 -10 50.4179 -72.6136 -10 33.2169 
-44.9547 -10 303.166 -44.9444 -10 809.903 -57.5751 -10 41.1008 
-72.5879 -10 68.4443 -58.5922 -10 77.6175 -57.8841 -10 59.1768 
-28.2843 -10 507.755 -43.916 -10 498.198 -28.2843 -10 176.429 
-43.8378 -10 166.617 -28.2843 -10 878.061 -28.2843 -10 839.082 
-44.0045 -10 829.291 -28.2843 -10 917.041 -58.3763 -10 875.758 
-43.9097 -10 538.506 -28.2843 -10 527.245 -46.3145 -10 692.07 
-44.2538 -10 713.409 -28.2843 -10 702.653 -43.9659 -10 363.353 
-28.2843 -10 351.837 -44.0207 -10 732.361 -43.6916 -10 751.031 
-28.2843 -10 741.633 -44.1419 -10 594.799 -43.9576 -10 613.309 
-28.2843 -10 605.204 -28.2843 -10 293.367 -43.917 -10 653.626 
-28.2843 -10 644.184 -44.1745 -10 87.9828 -43.9749 -10 106.493 
-28.2843 -10 98.4694 -28.2843 -10 215.408 -43.8559 -10 206.826 
-44.0314 -10 225.437 -28.2843 -10 449.286 -44.2852 -10 438.356 
-46.2915 -10 459.678 -28.2843 -10 254.388 -43.695 -10 244.199 
-44.1873 -10 263.075 -28.2843 -10 332.347 -43.9787 -10 322.727 
-28.2843 -10 800.102 -44.0843 -10 557.161 -43.6985 -10 575.912 
-28.2843 -10 566.224 -28.2843 -10 410.306 -43.6964 -10 400.745 
-44.0586 -10 419.456 -76.2675 -10 488.294 -28.2843 -10 59.4898 
-42.664 -10 49.0292 -43.2013 -10 68.4156 -76.2744 -10 663.298 
-28.2843 -10 683.163 -44.5669 -10 672.183 -28.2843 -10 78.9796 
-44.5571 -10 479.553 -44.032 -10 146.897 -28.2843 -10 819.592 
-76.6489 -10 156.409 -28.2843 -10 488.265 -28.2843 -10 156.939 
-28.2843 -10 722.143 -28.2843 -10 546.735 -28.2843 -10 585.714 
-28.2843 -10 273.878 -28.2843 -10 371.327 -44.165 -10 381.889 
-28.2843 -10 429.796 -28.2843 -10 624.694 -28.2843 -10 468.776 
-44.1963 -10 769.928 -28.2843 -10 780.612 -28.2843 -10 761.122 
-28.2843 -10 117.959 -28.2843 -10 195.918 -28.2843 -10 137.449 
-28.2843 -10 663.673 -28.2843 -10 234.898 -28.2843 -10 312.857 
-28.2843 -10 390.816 -59.1541 -10 446.283 -28.2843 -10 995 
-55.5593 -10 898.855 -59.1371 -10 705.363 -71.8198 -10 678.867 
-71.8034 -10 472.694 -73.2907 -10 868.864 -57.3275 -10 678.394 
-72.5566 -10 540.83 -72.6108 -10 750.57 -72.5414 -10 401.003 
-72.5412 -10 243.697 -72.5516 -10 435.959 -72.5449 -10 208.74 
-72.544 -10 715.613 -72.5688 -10 103.87 -72.725 -10 86.3519 
-72.5679 -10 366.046 -72.5665 -10 610.743 -72.491 -10 575.786 
-72.7738 -10 226.219 -73.3492 -10 261.363 -72.872 -10 383.524 
-73.1517 -10 453.734 -73.1333 -10 697.837 -72.9664 -10 418.481 
-72.8493 -10 593.265 -72.8071 -10 558.308 -73.3684 -10 768.232 
-72.9388 -10 733.092 -58.6357 -10 95.8208 -58.5828 -10 888.76 
-58.6314 -10 602.729 -84.4524 -10 878.827 -61.6799 -10 690.102 
-81.4033 -10 893.475 -70.7031 -10 883.527 -57.2686 -10 473.234 
-58.6401 -10 374.013 -78.3525 -10 908.122 -67.9033 -10 897.829 
-75.3 -10 922.769 -61.6479 -10 461.513 -72.2454 -10 937.415 
-66.1288 -10 966.707 -58.5396 -10 217.027 -54.3596 -10 954.868 
-69.1884 -10 952.061 -58.585 -10 548.962 -58.6335 -10 252.865 
-58.6595 -10 427.792 -58.6365 -10 723.856 -58.5326 -10 566.877 
-58.6592 -10 759.722 -58.5248 -10 409.803 -58.54 -10 391.958 
-58.5657 -10 741.786 -28.2843 -10 956.02 -58.5155 -10 584.774 
-58.4761 -10 234.941 -61.0442 -10 942.823 -60 -10 995.995 
-22.8024 -19.4949 995 -22.8024 -19.4949 975.51 -25.9803 -15.0008 985.255 
-22.8024 -19.4949 663.673 -22.8024 -19.4949 644.184 -25.9803 -15.0008 653.929 
-22.8024 -19.4949 878.061 -22.8024 -19.4949 858.571 -25.9803 -15.0008 868.316 
-22.8024 -19.4949 956.02 -22.8024 -19.4949 936.531 -25.9803 -15.0008 946.276 
-22.8024 -19.4949 254.388 -22.8024 -19.4949 234.898 -25.9803 -15.0008 244.643 
-22.8024 -19.4949 351.837 -22.8024 -19.4949 332.347 -25.9803 -15.0008 342.092 
-22.8024 -19.4949 605.204 -22.8024 -19.4949 585.714 -25.9803 -15.0008 595.459 
-22.8024 -19.4949 780.612 -22.8024 -19.4949 761.122 -25.9803 -15.0008 770.867 
-22.8024 -19.4949 683.163 -25.9803 -15.0008 673.418 -22.8024 -19.4949 819.592 
-22.8024 -19.4949 800.102 -25.9803 -15.0008 809.847 -22.8024 -19.4949 156.939 
-22.8024 -19.4949 137.449 -25.9803 -15.0008 147.194 -22.8024 -19.4949 215.408 
-22.8024 -19.4949 195.918 -25.9803 -15.0008 205.663 -22.8024 -19.4949 468.776 
-22.8024 -19.4949 449.286 -25.9803 -15.0008 459.031 -25.9803 -15.0008 225.153 
-22.8024 -19.4949 117.959 -22.8024 -19.4949 98.4694 -25.9803 -15.0008 108.214 
-22.8024 -19.4949 176.429 -25.9803 -15.0008 166.684 -25.9803 -15.0008 186.173 
-22.8024 -19.4949 371.327 -25.9803 -15.0008 361.582 -22.8024 -19.4949 78.9796 
-22.8024 -19.4949 59.4898 -25.9803 -15.0008 69.2347 -25.9803 -15.0008 127.704 
-22.8024 -19.4949 293.367 -22.8024 -19.4949 273.878 -25.9803 -15.0008 283.622 
-25.9803 -15.0008 264.133 -22.8024 -19.4949 312.857 -25.9803 -15.0008 322.602 
-22.8024 -19.4949 722.143 -22.8024 -19.4949 702.653 -25.9803 -15.0008 712.398 
-22.8024 -19.4949 624.694 -25.9803 -15.0008 614.949 -22.8024 -19.4949 527.245 
-22.8024 -19.4949 507.755 -25.9803 -15.0008 517.5 -22.8024 -19.4949 566.224 
-22.8024 -19.4949 546.735 -25.9803 -15.0008 556.48 -22.8024 -19.4949 429.796 
-22.8024 -19.4949 410.306 -25.9803 -15.0008 420.051 -25.9803 -15.0008 536.99 
-25.9803 -15.0008 439.541 -22.8024 -19.4949 839.082 -25.9803 -15.0008 848.827 
-22.8024 -19.4949 741.633 -25.9803 -15.0008 751.378 -22.8024 -19.4949 917.041 
-25.9803 -15.0008 926.786 -25.9803 -15.0008 634.439 -25.9812 -14.9992 965.765 
-25.9812 -14.9992 829.337 -25.9812 -14.9992 303.112 -25.9812 -14.9992 731.888 
-25.9812 -14.9992 498.01 -25.9812 -14.9992 88.7245 -25.9812 -14.9992 381.071 
-25.9812 -14.9992 575.969 -25.9812 -14.9992 692.908 -25.9812 -14.9992 907.296 
-25.9808 -15 49.6811 -25.9808 -15 400.497 -25.9808 -15 478.457 
-22.8024 -19.4949 390.816 -22.8024 -19.4949 488.265 -25.9808 -15 790.293 
-25.9808 -15 887.742 -22.8024 -19.4949 897.551 -39.2859 -48.0452 930.157 
-39.1504 -47.8105 913.014 -30.623 -33.0406 924.642 -37.7454 -45.3769 354.227 
-45.1518 -58.2052 346.814 -37.6738 -45.2529 333.427 -45.1552 -58.2111 629.918 
-37.7459 -45.3778 622.456 -37.8442 -45.5481 642.549 -31.1066 -33.8783 907.124 
-45.165 -58.2282 123.023 -37.7577 -45.3982 115.572 -37.6759 -45.2565 136.221 
-37.7356 -45.3601 529.299 -45.1435 -58.1908 521.718 -37.8413 -45.543 509.23 
-30.606 -33.0111 342.973 -30.8986 -33.518 282.921 -38.7092 -47.0464 290.795 
-38.2287 -46.214 271.799 -30.6092 -33.0167 633.672 -30.6177 -33.0315 126.807 
-30.8955 -33.5125 789.7 -38.7007 -47.0316 797.603 -38.2305 -46.2172 778.635 
-37.731 -45.352 197.553 -45.1428 -58.1896 189.798 -37.6583 -45.2262 177.174 
-45.6984 -59.152 279.776 -30.6084 -33.0154 518.236 -45.6943 -59.1448 786.627 
-37.9574 -45.7442 858.514 -45.1366 -58.1788 851.984 -37.7085 -45.313 839.7 
-30.6079 -33.0144 186.711 -32.7484 -36.7219 939.615 -45.5918 -58.9673 834.749 
-45.4744 -58.764 328.229 -45.4759 -58.7665 648.473 -45.8857 -59.4764 298.218 
-39.4515 -48.332 312.861 -46.986 -61.3821 313.393 -45.4828 -58.7784 141.54 
-31.3789 -34.3498 887.549 -39.4346 -48.3028 819.592 -47.2946 -61.9166 819.663 
-45.9908 -59.6584 804.916 -45.4761 -58.767 503.145 -28.6377 -29.6019 950.263 
-39.1115 -47.7431 488.842 -39.1208 -47.7592 662.792 -45.4813 -58.776 171.31 
-39.1389 -47.7906 156.586 -30.7569 -33.2725 867.483 -30.7187 -33.2063 848.68 
-44.8664 -57.7108 50.4179 -52.4103 -70.7772 42.6959 -44.9671 -57.8852 33.2169 
-31.1376 -33.9319 303.166 -31.1324 -33.923 809.903 -37.4478 -44.8615 41.1008 
-44.9542 -57.8629 68.4443 -37.6023 -45.1291 59.1768 -37.9564 -45.7424 77.6175 
-30.6182 -33.0323 498.198 -30.5792 -32.9647 166.617 -30.6625 -33.109 829.291 
-37.8484 -45.5553 875.758 -30.6151 -33.0269 538.506 -31.8175 -35.1095 692.07 
-30.7872 -33.3249 713.409 -30.6432 -33.0756 363.353 -30.6706 -33.1231 732.361 
-30.506 -32.838 751.031 -30.676 -33.1323 225.437 -30.5882 -32.9803 206.826 
-30.7475 -33.2563 87.9828 -30.6477 -33.0834 106.493 -31.806 -35.0896 459.678 
-30.8029 -33.3521 438.356 -30.7539 -33.2673 263.075 -30.5077 -32.8409 244.199 
-30.7024 -33.1782 557.161 -30.5095 -32.844 575.912 -30.7312 -33.228 594.799 
-30.639 -33.0684 613.309 -30.6496 -33.0866 322.727 -30.6188 -33.0333 653.626 
-30.6896 -33.1559 419.456 -30.5085 -32.8422 400.745 -46.794 -61.0496 488.294 
-30.2609 -32.4134 68.4156 -29.9922 -31.9481 49.0292 -46.7975 -61.0556 663.298 
-30.9437 -33.5961 672.183 -30.9388 -33.5876 479.553 -30.6763 -33.1328 146.897 
-46.9847 -61.3799 156.409 -52.4103 -70.7772 25.2175 -30.7427 -33.248 381.889 
-30.7584 -33.2751 769.928 -52.4103 -70.7772 864.18 -52.4103 -70.7772 846.701 
-38.2373 -46.2289 446.283 -36.4399 -43.1157 898.855 -52.4103 -70.7772 60.1742 
-38.2288 -46.2142 705.363 -44.5701 -57.1977 678.867 -44.562 -57.1836 472.694 
-45.3056 -58.4717 868.864 -37.324 -44.647 678.394 -52.4103 -70.7772 549.569 
-52.4103 -70.7772 532.09 -44.9386 -57.8359 540.83 -52.4103 -70.7772 759.309 
-52.4103 -70.7772 741.831 -44.9656 -57.8828 750.57 -52.4103 -70.7772 829.223 
-52.4103 -70.7772 409.742 -52.4103 -70.7772 392.263 -44.931 -57.8227 401.003 
-52.4103 -70.7772 252.436 -52.4103 -70.7772 234.958 -44.9309 -57.8225 243.697 
-52.4103 -70.7772 339.828 -52.4103 -70.7772 322.35 -52.4103 -70.7772 217.48 
-52.4103 -70.7772 200.001 -44.9327 -57.8258 208.74 -52.4103 -70.7772 444.698 
-52.4103 -70.7772 427.22 -44.936 -57.8315 435.959 -52.4103 -70.7772 77.6526 
-52.4103 -70.7772 479.655 -52.4103 -70.7772 462.177 -52.4103 -70.7772 724.352 
-52.4103 -70.7772 706.874 -44.9323 -57.825 715.613 -52.4103 -70.7772 112.609 
-52.4103 -70.7772 95.131 -44.9447 -57.8465 103.87 -52.4103 -70.7772 147.566 
-52.4103 -70.7772 130.088 -52.4103 -70.7772 182.523 -52.4103 -70.7772 165.044 
-45.0228 -57.9817 86.3519 -52.4103 -70.7772 374.785 -52.4103 -70.7772 357.307 
-44.9442 -57.8457 366.046 -52.4103 -70.7772 619.482 -52.4103 -70.7772 602.004 
-44.9435 -57.8444 610.743 -52.4103 -70.7772 654.439 -52.4103 -70.7772 636.961 
-52.4103 -70.7772 689.396 -52.4103 -70.7772 671.917 -52.4103 -70.7772 794.266 
-52.4103 -70.7772 776.788 -45.0472 -58.024 226.219 -52.4103 -70.7772 287.393 
-52.4103 -70.7772 269.915 -52.4103 -70.7772 514.612 -52.4103 -70.7772 497.134 
-52.4103 -70.7772 584.526 -52.4103 -70.7772 567.047 -44.9057 -57.779 575.786 
-45.0638 -58.0528 558.308 -45.3348 -58.5222 261.363 -45.0963 -58.109 383.524 
-45.2361 -58.3513 453.734 -45.1435 -58.1908 418.481 -45.2269 -58.3353 697.837 
-45.0849 -58.0894 593.265 -45.3445 -58.5389 768.232 -45.1297 -58.1669 733.092 
-37.9781 -45.78 95.8208 -37.9517 -45.7342 888.76 -37.9759 -45.7762 602.729 
-50.8864 -68.1379 878.827 -39.5002 -48.4164 690.102 -49.3619 -65.4973 893.475 
-44.0118 -56.2307 883.527 -37.2946 -44.5961 473.234 -37.9803 -45.7838 374.013 
-47.8365 -62.8553 908.122 -42.6119 -53.806 897.829 -46.3102 -60.2117 922.769 
-39.4842 -48.3887 461.513 -44.7829 -57.5663 937.415 -28.6141 -29.5611 978.266 
-37.9301 -45.6968 217.027 -40.1933 -49.6169 981.351 -41.7247 -52.2692 966.707 
-34.8238 -40.3166 971.463 -43.2545 -54.9189 952.061 -35.8401 -42.0768 954.868 
-37.9528 -45.7361 548.962 -37.977 -45.7781 252.865 -37.99 -45.8006 427.792 
-37.9785 -45.7807 723.856 -37.9265 -45.6907 566.877 -37.9899 -45.8004 759.722 
-37.9227 -45.684 409.803 -37.9303 -45.6972 391.958 -37.9431 -45.7194 741.786 
-37.918 -45.6759 584.774 -28.9952 -30.2212 964.28 -37.8983 -45.6418 234.941 
-39.1824 -47.8658 942.823 -33.6468 -38.2779 985.078 -52.4103 -70.7772 811.744 
-52.4103 -70.7772 304.871 -38.6603 -46.9615 995 -38.6603 -46.9615 995.995 
-43.75 -75.7772 17.9876 -35.0897 -80.7772 846.701 -43.75 -75.7772 854.443 
-35.0897 -80.7772 864.18 -43.75 -75.7772 866.935 -35.0897 -80.7772 25.2175 
-43.75 -75.7772 837.962 -35.0897 -80.7772 794.266 -43.75 -75.7772 785.527 
-43.75 -75.7772 803.005 -35.0897 -80.7772 706.874 -43.75 -75.7772 698.135 
-43.75 -75.7772 715.613 -43.75 -75.7772 680.657 -43.75 -75.7772 663.178 
-43.75 -75.7772 750.57 -43.75 -75.7772 733.092 -43.75 -75.7772 540.83 
-43.75 -75.7772 558.308 -35.0897 -80.7772 549.569 -35.0897 -80.7772 671.917 
-43.75 -75.7772 768.048 -35.0897 -80.7772 759.309 -35.0897 -80.7772 741.831 
-43.75 -75.7772 628.221 -43.75 -75.7772 610.743 -35.0897 -80.7772 619.482 
-43.75 -75.7772 401.003 -43.75 -75.7772 383.524 -35.0897 -80.7772 392.263 
-43.75 -75.7772 593.265 -43.75 -75.7772 575.786 -43.75 -75.7772 505.873 
-43.75 -75.7772 488.394 -35.0897 -80.7772 497.134 -35.0897 -80.7772 584.526 
-35.0897 -80.7772 427.22 -43.75 -75.7772 418.481 -43.75 -75.7772 435.959 
-43.75 -75.7772 278.654 -43.75 -75.7772 296.132 -35.0897 -80.7772 287.393 
-43.75 -75.7772 243.697 -43.75 -75.7772 261.176 -35.0897 -80.7772 252.436 
-35.0897 -80.7772 339.828 -43.75 -75.7772 331.089 -43.75 -75.7772 348.567 
-43.75 -75.7772 453.438 -35.0897 -80.7772 776.788 -43.75 -75.7772 191.262 
-43.75 -75.7772 173.784 -35.0897 -80.7772 322.35 -43.75 -75.7772 313.611 
-35.0897 -80.7772 444.698 -35.0897 -80.7772 654.439 -35.0897 -80.7772 182.523 
-35.0897 -80.7772 479.655 -43.75 -75.7772 226.219 -43.75 -75.7772 208.74 
-35.0897 -80.7772 217.48 -35.0897 -80.7772 374.785 -35.0897 -80.7772 514.612 
-35.0897 -80.7772 269.915 -35.0897 -80.7772 304.871 -35.0897 -80.7772 409.742 
-35.0897 -80.7772 112.609 -43.75 -75.7772 103.87 -43.75 -75.7772 121.349 
-35.0897 -80.7772 234.958 -43.75 -75.7772 86.3918 -35.0897 -80.7772 95.131 
-35.0897 -80.7772 130.088 -43.75 -75.7772 523.351 -35.0897 -80.7772 532.09 
-35.0897 -80.7772 567.047 -35.0897 -80.7772 602.004 -35.0897 -80.7772 636.961 
-43.75 -75.7772 645.7 -35.0897 -80.7772 689.396 -35.0897 -80.7772 724.352 
-35.0897 -80.7772 811.744 -43.75 -75.7772 820.484 -35.0897 -80.7772 829.223 
-35.0897 -80.7772 60.1742 -43.75 -75.7772 68.9134 -35.0897 -80.7772 77.6526 
-43.75 -75.7772 366.046 -35.0897 -80.7772 200.001 -43.75 -75.7772 33.9567 
-43.75 -75.7772 51.4351 -35.0897 -80.7772 42.6959 -35.0897 -80.7772 357.307 
-35.0897 -80.7772 462.177 -43.75 -75.7772 470.916 -43.75 -75.7772 138.827 
-43.75 -75.7772 156.305 -35.0897 -80.7772 147.566 -35.0897 -80.7772 165.044 
-21.9654 -58.0452 930.157 -13.3025 -43.0406 924.642 -21.8299 -57.8105 913.014 
-20.4249 -55.3769 354.227 -20.3533 -55.2529 333.427 -27.8313 -68.2052 346.814 
-27.8347 -68.2111 629.918 -20.5237 -55.5481 642.549 -20.4254 -55.3778 622.456 
-13.7861 -43.8783 907.124 -27.8445 -68.2282 123.023 -20.3554 -55.2565 136.221 
-20.4372 -55.3982 115.572 -20.4151 -55.3601 529.299 -20.5208 -55.543 509.23 
-27.823 -68.1908 521.718 -13.2855 -43.0111 342.973 -13.5781 -43.518 282.921 
-20.9082 -56.214 271.799 -21.3887 -57.0464 290.795 -13.2887 -43.0167 633.672 
-13.2972 -43.0315 126.807 -13.575 -43.5125 789.7 -20.91 -56.2172 778.635 
-21.3802 -57.0316 797.603 -20.4105 -55.352 197.553 -20.3378 -55.2262 177.174 
-27.8223 -68.1896 189.798 -28.3779 -69.152 279.776 -13.2879 -43.0154 518.236 
-28.3737 -69.1448 786.627 -20.6369 -55.7442 858.514 -20.388 -55.313 839.7 
-27.8161 -68.1788 851.984 -13.2874 -43.0144 186.711 -15.4279 -46.7219 939.615 
-5.48188 -29.4949 936.531 -28.2713 -68.9673 834.749 -28.1539 -68.764 328.229 
-28.1554 -68.7665 648.473 -28.5652 -69.4764 298.218 -29.6655 -71.3821 313.393 
-22.131 -58.332 312.861 -28.1622 -68.7784 141.54 -5.48188 -29.4949 897.551 
-14.0583 -44.3498 887.549 -22.1141 -58.3028 819.592 -28.6703 -69.6584 804.916 
-29.9741 -71.9166 819.663 -28.1556 -68.767 503.145 -11.3172 -39.6019 950.263 
-21.791 -57.7431 488.842 -21.8003 -57.7592 662.792 -28.1608 -68.776 171.31 
-21.8184 -57.7906 156.586 -5.48188 -29.4949 858.571 -13.3982 -43.2063 848.68 
-13.4364 -43.2725 867.483 -27.5475 -67.7136 50.4237 -27.6471 -67.8861 33.2187 
-13.8171 -43.9319 303.166 -13.8119 -43.923 809.903 -20.1287 -54.8638 41.1058 
-27.6337 -67.8629 68.4443 -20.6359 -55.7424 77.6176 -20.2823 -55.13 59.1786 
-5.48188 -29.4949 507.755 -13.2977 -43.0323 498.198 -5.48188 -29.4949 176.429 
-13.2587 -42.9647 166.617 -5.48188 -29.4949 878.061 -5.48188 -29.4949 839.082 
-13.342 -43.109 829.291 -5.48188 -29.4949 917.041 -20.5279 -55.5553 875.758 
-13.3501 -43.1231 732.361 -13.1855 -42.838 751.031 -5.48188 -29.4949 741.633 
-13.2946 -43.0269 538.506 -5.48188 -29.4949 527.245 -5.48188 -29.4949 800.102 
-13.3227 -43.0756 363.353 -5.48188 -29.4949 351.837 -5.48188 -29.4949 293.367 
-14.497 -45.1095 692.07 -13.4667 -43.3249 713.409 -5.48188 -29.4949 702.653 
-5.48188 -29.4949 215.408 -13.2677 -42.9803 206.826 -13.3554 -43.1323 225.437 
-13.2983 -43.0333 653.626 -5.48188 -29.4949 644.184 -5.48188 -29.4949 449.286 
-13.4824 -43.3521 438.356 -14.4855 -45.0896 459.678 -5.48188 -29.4949 332.347 
-13.3291 -43.0866 322.727 -13.427 -43.2563 87.9828 -13.3272 -43.0834 106.493 
-5.48188 -29.4949 98.4694 -5.48188 -29.4949 254.388 -13.1872 -42.8409 244.199 
-13.4334 -43.2673 263.075 -13.4107 -43.228 594.799 -13.3185 -43.0684 613.309 
-5.48188 -29.4949 605.204 -13.3819 -43.1782 557.161 -13.189 -42.844 575.912 
-5.48188 -29.4949 566.224 -5.48188 -29.4949 410.306 -13.1879 -42.8422 400.745 
-13.369 -43.1559 419.456 -29.4735 -71.0496 488.294 -5.48188 -29.4949 59.4898 
-12.6717 -41.9481 49.0292 -12.9404 -42.4134 68.4156 -29.4769 -71.0556 663.298 
-5.48188 -29.4949 683.163 -13.6232 -43.5961 672.183 -5.48188 -29.4949 78.9796 
-13.6183 -43.5876 479.553 -13.3558 -43.1328 146.897 -5.48188 -29.4949 819.592 
-29.6642 -71.3799 156.409 -5.48188 -29.4949 488.265 -5.48188 -29.4949 156.939 
-5.48188 -29.4949 371.327 -13.4222 -43.248 381.889 -5.48188 -29.4949 273.878 
-5.48188 -29.4949 722.143 -5.48188 -29.4949 624.694 -5.48188 -29.4949 546.735 
-5.48188 -29.4949 468.776 -5.48188 -29.4949 585.714 -5.48188 -29.4949 761.122 
-13.4379 -43.2751 769.928 -5.48188 -29.4949 312.857 -5.48188 -29.4949 429.796 
-5.48188 -29.4949 663.673 -5.48188 -29.4949 234.898 -5.48188 -29.4949 117.959 
-5.48188 -29.4949 195.918 -5.48188 -29.4949 137.449 -5.48188 -29.4949 780.612 
-5.48188 -29.4949 390.816 -20.9168 -56.2289 446.283 -19.1194 -53.1157 898.855 
-20.9083 -56.2142 705.363 -27.2496 -67.1977 678.867 -27.2415 -67.1836 472.694 
-27.9851 -68.4716 868.864 -20.0035 -54.647 678.394 -27.618 -67.8359 540.83 
-27.6451 -67.8828 750.57 -27.6105 -67.8227 401.003 -27.6104 -67.8225 243.697 
-27.6155 -67.8315 435.959 -27.6122 -67.8258 208.74 -27.6118 -67.825 715.613 
-27.6242 -67.8465 103.87 -27.6237 -67.8457 366.046 -27.623 -67.8444 610.743 
-27.7023 -67.9817 86.3519 -27.7267 -68.024 226.219 -27.5852 -67.779 575.786 
-28.0143 -68.5222 261.363 -27.823 -68.1908 418.481 -27.7758 -68.109 383.524 
-27.9156 -68.3513 453.734 -27.9064 -68.3353 697.837 -27.7644 -68.0894 593.265 
-27.7433 -68.0528 558.308 -27.8092 -68.1669 733.092 -28.024 -68.5389 768.232 
-20.6576 -55.78 95.8208 -20.6312 -55.7342 888.76 -20.6554 -55.7762 602.729 
-33.5659 -78.1379 878.827 -22.1797 -58.4164 690.102 -32.0414 -75.4973 893.475 
-26.6913 -66.2307 883.527 -19.9741 -54.5961 473.234 -20.6598 -55.7838 374.013 
-30.516 -72.8553 908.122 -25.2914 -63.806 897.829 -28.9897 -70.2117 922.769 
-22.1637 -58.3887 461.513 -27.4624 -67.5663 937.415 -5.48188 -29.4949 975.51 
-11.2936 -39.5611 978.266 -5.48188 -29.4949 995 -20.6096 -55.6968 217.027 
-22.8728 -59.6169 981.351 -17.5033 -50.3166 971.463 -24.4041 -62.2692 966.707 
-18.5196 -52.0768 954.868 -25.9339 -64.9189 952.061 -20.6323 -55.7361 548.962 
-20.6565 -55.7781 252.865 -20.6695 -55.8006 427.792 -20.658 -55.7807 723.856 
-20.606 -55.6907 566.877 -20.6694 -55.8004 759.722 -20.6021 -55.684 409.803 
-20.6098 -55.6972 391.958 -20.6226 -55.7194 741.786 -20.5975 -55.6759 584.774 
-5.48188 -29.4949 956.02 -11.6747 -40.2212 964.28 -20.5778 -55.6418 234.941 
-21.8618 -57.8658 942.823 -16.3263 -48.2779 985.078 -21.3397 -56.9615 995 
-21.3397 -56.9615 995.995 5.48188 -29.4949 780.612 5.48188 -29.4949 761.122 
0.000878243 -30 770.867 5.48188 -29.4949 741.633 5.48188 -29.4949 722.143 
0.000878243 -30 731.888 5.48188 -29.4949 312.857 5.48188 -29.4949 293.367 
0.000878243 -30 303.112 5.48188 -29.4949 254.388 5.48188 -29.4949 234.898 
0.000878243 -30 244.643 5.48188 -29.4949 390.816 5.48188 -29.4949 371.327 
0.000878243 -30 381.071 5.48188 -29.4949 585.714 5.48188 -29.4949 566.224 
0.000878243 -30 575.969 5.48188 -29.4949 917.041 5.48188 -29.4949 897.551 
0.000878243 -30 907.296 5.48188 -29.4949 839.082 5.48188 -29.4949 819.592 
0.000878243 -30 829.337 5.48188 -29.4949 468.776 5.48188 -29.4949 449.286 
0.000878243 -30 459.031 5.48188 -29.4949 215.408 5.48188 -29.4949 195.918 
0.000878243 -30 205.663 5.48188 -29.4949 351.837 0.000878243 -30 361.582 
5.48188 -29.4949 956.02 5.48188 -29.4949 936.531 0.000878243 -30 946.276 
5.48188 -29.4949 702.653 0.000878243 -30 712.398 5.48188 -29.4949 156.939 
5.48188 -29.4949 137.449 0.000878243 -30 147.194 5.48188 -29.4949 117.959 
0.000878243 -30 127.704 5.48188 -29.4949 527.245 5.48188 -29.4949 507.755 
0.000878243 -30 517.5 5.48188 -29.4949 624.694 5.48188 -29.4949 605.204 
0.000878243 -30 614.949 5.48188 -29.4949 858.571 0.000878243 -30 848.827 
5.48188 -29.4949 683.163 5.48188 -29.4949 663.673 0.000878243 -30 673.418 
5.48188 -29.4949 98.4694 0.000878243 -30 108.214 5.48188 -29.4949 410.306 
0.000878243 -30 400.561 5.48188 -29.4949 429.796 0.000878243 -30 420.051 
5.48188 -29.4949 975.51 0.000878243 -30 965.765 -0.000878243 -30 439.541 
-0.000878243 -30 692.908 -0.000878243 -30 634.439 -0.000878243 -30 342.092 
-0.000878243 -30 225.153 -0.000878243 -30 166.684 -0.000878243 -30 264.133 
-0.000878243 -30 478.52 -0.000878243 -30 556.48 -0.000878243 -30 985.255 
1.15586e-11 -30 498.074 1.15319e-11 -30 868.253 1.15586e-11 -30 595.523 
1.15586e-11 -30 751.441 1.15852e-11 -30 809.911 1.15586e-11 -30 926.85 
5.48188 -29.4949 644.184 1.15319e-11 -30 653.865 5.48188 -29.4949 488.265 
5.69659e-12 -30 49.6811 1.15586e-11 -30 88.6607 1.15586e-11 -30 186.11 
1.15586e-11 -30 283.559 1.15586e-11 -30 322.538 1.15852e-11 -30 69.1709 
5.48188 -29.4949 59.4898 5.48188 -29.4949 78.9796 5.48188 -29.4949 176.429 
5.48188 -29.4949 273.878 5.48188 -29.4949 332.347 5.48188 -29.4949 800.102 
5.48188 -29.4949 878.061 1.15586e-11 -30 536.926 1.15319e-11 -30 790.293 
1.15586e-11 -30 887.742 5.48188 -29.4949 546.735 5.48188 -29.4949 995 
13.6314 -43.6102 674.902 21.063 -56.4822 686.275 21.9902 -58.0881 664.848 
21.7631 -57.6948 912.442 13.3025 -43.0406 924.642 21.9654 -58.0452 930.157 
27.8313 -68.2052 346.814 20.3533 -55.2529 333.427 20.4249 -55.3769 354.227 
28.4006 -69.1912 679.353 20.4258 -55.3785 622.473 20.1925 -54.9744 643.627 
27.8332 -68.2085 629.936 20.4371 -55.398 115.591 20.3584 -55.2617 136.277 
27.8433 -68.2259 123.04 13.9212 -44.1122 907.296 27.8245 -68.1934 521.736 
20.3171 -55.1903 508.717 20.4148 -55.3594 529.315 13.2855 -43.0111 342.973 
13.2977 -43.0323 633.713 21.3887 -57.0464 290.795 20.9082 -56.214 271.799 
13.5781 -43.518 282.921 13.3065 -43.0476 126.848 20.4248 -55.3768 447.299 
20.3522 -55.251 467.747 27.8293 -68.2018 454.96 21.559 -57.3413 797.99 
20.9516 -56.2892 778.681 13.5132 -43.4056 789.324 14.495 -45.1061 983.648 
16.7904 -49.0818 970.975 28.4036 -69.1965 786.672 11.4418 -39.8178 961.117 
28.3779 -69.152 279.776 27.8237 -68.192 189.816 20.3471 -55.2422 177.23 
20.4102 -55.3515 197.569 13.279 -42.9998 518.277 13.2933 -43.0246 458.23 
25.2663 -63.7625 896.431 27.9249 -68.3673 883.691 20.9913 -56.358 880.336 
18.5585 -52.1443 897.479 13.2785 -42.999 186.752 22.8728 -59.6169 981.351 
21.3397 -56.9615 995 15.4023 -46.6777 939.546 27.7595 -68.0809 869.386 
20.6887 -55.8338 860.12 27.8025 -68.1553 852.557 20.4269 -55.3804 840.53 
28.1539 -68.764 328.229 30.009 -71.9772 819.777 28.7242 -69.7517 805.063 
22.1938 -58.4409 819.93 28.1531 -68.7626 648.549 28.1608 -68.7759 141.616 
22.131 -58.332 312.861 29.6655 -71.3821 313.393 28.5652 -69.4764 298.218 
28.2958 -69.0098 834.983 11.2567 -39.4971 949.595 13.3771 -43.1698 888.128 
13.9212 -44.1122 868.316 13.5184 -43.4145 770.103 28.1574 -68.7701 503.221 
21.8928 -57.9195 156.804 13.3661 -43.1507 829.673 13.9371 -44.1398 810.349 
28.1655 -68.7841 473.451 21.7108 -57.6043 488.264 35.0897 -80.7772 42.6959 
27.6431 -67.8792 33.2198 27.5366 -67.6948 50.4379 13.8171 -43.9319 303.166 
20.1155 -54.8411 41.0979 28.1617 -68.7774 171.386 29.7447 -71.5193 663.822 
13.2999 -43.0361 654.162 20.2699 -55.1085 59.1625 20.633 -55.7374 77.6212 
27.6277 -67.8525 68.4619 12.9272 -42.3906 68.4186 12.6389 -41.8911 48.9062 
13.5133 -43.4057 694.722 29.679 -71.4055 156.483 13.1989 -42.8612 751.06 
13.3501 -43.1231 732.361 13.2931 -43.0243 538.513 13.3227 -43.0756 363.353 
13.32 -43.071 613.316 13.4107 -43.228 594.799 13.3027 -43.041 713.851 
13.3271 -43.0832 106.506 13.4169 -43.2388 88.0186 13.3554 -43.1323 225.437 
13.2662 -42.9778 206.833 13.4334 -43.2673 263.075 13.1872 -42.8409 244.199 
13.2569 -42.9617 166.719 13.2836 -43.008 438.114 13.3291 -43.0866 322.727 
13.189 -42.844 575.912 13.3819 -43.1782 557.161 13.2525 -42.954 498.081 
13.369 -43.1559 419.456 13.1879 -42.8422 400.745 13.2991 -43.0348 849.116 
13.3481 -43.1196 478.351 13.3462 -43.1163 147.015 35.0897 -80.7772 25.2175 
13.4222 -43.248 381.889 29.6427 -71.3426 488.345 35.0897 -80.7772 846.701 
35.0897 -80.7772 864.18 35.0897 -80.7772 60.1742 20.7445 -55.9305 705.905 
35.0897 -80.7772 776.788 35.0897 -80.7772 794.266 35.0897 -80.7772 567.047 
27.5852 -67.779 575.786 35.0897 -80.7772 584.526 35.0897 -80.7772 497.134 
35.0897 -80.7772 514.612 35.0897 -80.7772 269.915 35.0897 -80.7772 287.393 
35.0897 -80.7772 322.35 35.0897 -80.7772 339.828 35.0897 -80.7772 77.6526 
35.0897 -80.7772 234.958 27.6104 -67.8225 243.697 35.0897 -80.7772 252.436 
35.0897 -80.7772 427.22 27.6155 -67.8315 435.959 35.0897 -80.7772 444.698 
35.0897 -80.7772 462.177 35.0897 -80.7772 479.655 35.0897 -80.7772 130.088 
35.0897 -80.7772 147.566 35.0897 -80.7772 95.131 27.6242 -67.8465 103.87 
35.0897 -80.7772 112.609 35.0897 -80.7772 165.044 35.0897 -80.7772 182.523 
35.0897 -80.7772 200.001 27.6122 -67.8258 208.74 35.0897 -80.7772 217.48 
35.0897 -80.7772 706.874 27.6118 -67.825 715.613 35.0897 -80.7772 724.352 
35.0897 -80.7772 357.307 27.6237 -67.8457 366.046 35.0897 -80.7772 374.785 
35.0897 -80.7772 602.004 27.623 -67.8444 610.743 35.0897 -80.7772 619.482 
35.0897 -80.7772 636.961 35.0897 -80.7772 654.439 35.0897 -80.7772 671.917 
35.0897 -80.7772 689.396 35.0897 -80.7772 532.09 27.618 -67.8359 540.83 
35.0897 -80.7772 549.569 35.0897 -80.7772 741.831 27.6451 -67.8828 750.57 
35.0897 -80.7772 759.309 27.7019 -67.981 86.3534 35.0897 -80.7772 392.263 
27.6105 -67.8227 401.003 35.0897 -80.7772 409.742 35.0897 -80.7772 829.223 
27.7267 -68.024 226.219 27.7758 -68.109 383.524 27.7433 -68.0528 558.308 
28.0143 -68.5222 261.363 27.823 -68.1908 418.481 28.0982 -68.6676 697.918 
27.7644 -68.0894 593.265 28.0289 -68.5475 768.239 27.8092 -68.1669 733.092 
20.6554 -55.7761 95.8298 20.6557 -55.7767 602.73 24.4041 -62.2692 966.707 
33.5659 -78.1379 878.827 20.6598 -55.7838 374.013 32.0414 -75.4973 893.475 
30.516 -72.8553 908.122 28.9897 -70.2117 922.769 27.4624 -67.5663 937.415 
20.6093 -55.6964 217.028 25.9339 -64.9189 952.061 18.4754 -52.0003 954.762 
20.632 -55.7357 548.963 20.6565 -55.7781 252.865 20.6364 -55.7432 427.752 
20.631 -55.734 723.93 20.606 -55.6907 566.877 20.6862 -55.8296 759.758 
20.6021 -55.684 409.803 20.6098 -55.6972 391.958 20.6248 -55.7232 741.791 
20.5975 -55.6759 584.774 20.5778 -55.6418 234.941 21.8479 -57.8417 942.788 
35.0897 -80.7772 304.871 35.0897 -80.7772 811.744 21.3397 -56.9615 995.995 
43.75 -75.7772 17.9876 52.4103 -70.7772 864.18 52.4103 -70.7772 846.701 
43.75 -75.7772 854.443 43.75 -75.7772 866.935 52.4103 -70.7772 25.2175 
43.75 -75.7772 837.962 52.4103 -70.7772 794.266 43.75 -75.7772 785.527 
43.75 -75.7772 803.005 43.75 -75.7772 698.135 43.75 -75.7772 715.613 
52.4103 -70.7772 706.874 43.75 -75.7772 540.83 43.75 -75.7772 558.308 
52.4103 -70.7772 549.569 43.75 -75.7772 663.178 43.75 -75.7772 680.657 
52.4103 -70.7772 671.917 52.4103 -70.7772 741.831 43.75 -75.7772 733.092 
43.75 -75.7772 750.57 43.75 -75.7772 768.048 52.4103 -70.7772 759.309 
43.75 -75.7772 610.743 43.75 -75.7772 628.221 52.4103 -70.7772 619.482 
43.75 -75.7772 383.524 43.75 -75.7772 401.003 52.4103 -70.7772 392.263 
43.75 -75.7772 488.394 43.75 -75.7772 505.873 43.75 -75.7772 575.786 
43.75 -75.7772 593.265 52.4103 -70.7772 497.134 52.4103 -70.7772 584.526 
52.4103 -70.7772 427.22 43.75 -75.7772 418.481 43.75 -75.7772 435.959 
52.4103 -70.7772 287.393 43.75 -75.7772 278.654 43.75 -75.7772 296.132 
43.75 -75.7772 243.697 43.75 -75.7772 261.176 52.4103 -70.7772 252.436 
43.75 -75.7772 453.438 52.4103 -70.7772 444.698 52.4103 -70.7772 532.09 
52.4103 -70.7772 636.961 43.75 -75.7772 348.567 43.75 -75.7772 331.089 
52.4103 -70.7772 654.439 52.4103 -70.7772 322.35 43.75 -75.7772 313.611 
52.4103 -70.7772 829.223 52.4103 -70.7772 339.828 43.75 -75.7772 173.784 
43.75 -75.7772 191.262 52.4103 -70.7772 182.523 52.4103 -70.7772 357.307 
43.75 -75.7772 121.349 52.4103 -70.7772 112.609 43.75 -75.7772 103.87 
52.4103 -70.7772 304.871 52.4103 -70.7772 409.742 52.4103 -70.7772 217.48 
43.75 -75.7772 208.74 43.75 -75.7772 226.219 52.4103 -70.7772 234.958 
43.75 -75.7772 645.7 52.4103 -70.7772 95.131 43.75 -75.7772 86.3918 
52.4103 -70.7772 130.088 43.75 -75.7772 68.9134 52.4103 -70.7772 479.655 
43.75 -75.7772 366.046 43.75 -75.7772 33.9567 43.75 -75.7772 523.351 
43.75 -75.7772 820.484 52.4103 -70.7772 200.001 52.4103 -70.7772 462.177 
52.4103 -70.7772 514.612 52.4103 -70.7772 567.047 52.4103 -70.7772 602.004 
52.4103 -70.7772 689.396 52.4103 -70.7772 724.352 52.4103 -70.7772 776.788 
52.4103 -70.7772 811.744 52.4103 -70.7772 60.1742 43.75 -75.7772 51.4351 
43.75 -75.7772 470.916 52.4103 -70.7772 77.6526 52.4103 -70.7772 374.785 
43.75 -75.7772 138.827 43.75 -75.7772 156.305 52.4103 -70.7772 42.6959 
52.4103 -70.7772 147.566 52.4103 -70.7772 165.044 52.4103 -70.7772 269.915 
30.9519 -33.6102 674.902 39.3107 -48.0881 664.848 38.3835 -46.4822 686.275 
39.1504 -47.8105 913.014 39.2859 -48.0452 930.157 30.623 -33.0406 924.642 
45.1518 -58.2052 346.814 37.7454 -45.3769 354.227 37.6738 -45.2529 333.427 
45.7211 -59.1912 679.353 37.7463 -45.3785 622.473 45.1537 -58.2085 629.936 
37.513 -44.9744 643.627 37.7576 -45.398 115.591 45.1638 -58.2259 123.04 
37.6789 -45.2617 136.277 31.1066 -33.8783 907.124 45.145 -58.1934 521.736 
37.7353 -45.3594 529.315 37.6376 -45.1903 508.717 30.606 -33.0111 342.973 
30.6182 -33.0323 633.713 38.7092 -47.0464 290.795 30.8986 -33.518 282.921 
38.2287 -46.214 271.799 30.627 -33.0476 126.848 37.7453 -45.3768 447.299 
45.1499 -58.2018 454.96 37.6727 -45.251 467.747 38.8794 -47.341 797.99 
30.8337 -33.4056 789.324 38.2721 -46.2891 778.681 45.7241 -59.1965 786.672 
45.6984 -59.152 279.776 45.1442 -58.192 189.816 37.7307 -45.3515 197.569 
37.6676 -45.2422 177.23 30.5995 -32.9998 518.277 30.6138 -33.0246 458.23 
30.599 -32.999 186.752 22.8024 -19.4949 936.531 32.7229 -36.6777 939.546 
45.148 -58.1986 852.243 37.9334 -45.7026 858.759 37.5853 -45.0996 840.261 
45.4744 -58.764 328.229 47.3294 -61.9769 819.777 39.5136 -48.4396 819.929 
46.0445 -59.7514 805.063 45.4736 -58.7626 648.549 45.4813 -58.7759 141.616 
39.4515 -48.332 312.861 45.8857 -59.4764 298.218 46.986 -61.3821 313.393 
45.6163 -59.0098 834.983 22.8024 -19.4949 897.551 31.3754 -34.3438 887.562 
28.5214 -29.4004 949.676 22.8024 -19.4949 780.612 30.8389 -33.4145 770.103 
45.4779 -58.7701 503.221 39.2133 -47.9195 156.804 30.6725 -33.1263 829.652 
31.2576 -34.1398 810.349 22.8024 -19.4949 819.592 45.486 -58.7841 473.451 
39.0313 -47.6043 488.264 44.8571 -57.6948 50.4379 44.9636 -57.8792 33.2198 
22.8024 -19.4949 800.102 31.1376 -33.9319 303.166 37.436 -44.8411 41.0979 
45.4822 -58.7774 171.386 47.0652 -61.5193 663.822 22.8024 -19.4949 644.184 
30.6204 -33.0361 654.162 37.5904 -45.1085 59.1625 44.9482 -57.8525 68.4619 
37.9535 -45.7374 77.6212 22.8024 -19.4949 878.061 30.7329 -33.2309 867.571 
30.2477 -32.3906 68.4186 22.8024 -19.4949 59.4898 29.9594 -31.8911 48.9062 
30.8338 -33.4057 694.722 22.8024 -19.4949 917.041 37.8398 -45.5405 875.815 
46.9995 -61.4055 156.483 22.8024 -19.4949 741.633 30.6706 -33.1231 732.361 
30.5195 -32.8612 751.06 22.8024 -19.4949 527.245 30.6136 -33.0243 538.513 
22.8024 -19.4949 351.837 30.6432 -33.0756 363.353 22.8024 -19.4949 605.204 
30.7312 -33.228 594.799 30.6405 -33.071 613.316 22.8024 -19.4949 293.367 
22.8024 -19.4949 702.653 30.6232 -33.041 713.851 22.8024 -19.4949 98.4694 
30.7374 -33.2388 88.0186 30.6476 -33.0832 106.506 30.7539 -33.2673 263.075 
22.8024 -19.4949 254.388 30.5077 -32.8409 244.199 30.676 -33.1323 225.437 
22.8024 -19.4949 215.408 30.5867 -32.9778 206.833 22.8024 -19.4949 176.429 
30.5774 -32.9617 166.719 22.8024 -19.4949 449.286 30.6042 -33.008 438.114 
22.8024 -19.4949 332.347 30.6496 -33.0866 322.727 22.8024 -19.4949 566.224 
30.7024 -33.1782 557.161 30.5095 -32.844 575.912 22.8024 -19.4949 507.755 
30.573 -32.954 498.081 30.6896 -33.1559 419.456 22.8024 -19.4949 410.306 
30.5085 -32.8422 400.745 22.8024 -19.4949 858.571 30.5348 -32.8879 848.991 
22.8024 -19.4949 468.776 30.6686 -33.1196 478.351 22.8024 -19.4949 137.449 
30.6667 -33.1163 147.015 22.8024 -19.4949 839.082 22.8024 -19.4949 663.673 
22.8024 -19.4949 683.163 22.8024 -19.4949 546.735 22.8024 -19.4949 722.143 
30.7427 -33.248 381.889 22.8024 -19.4949 371.327 22.8024 -19.4949 429.796 
22.8024 -19.4949 624.694 22.8024 -19.4949 273.878 22.8024 -19.4949 761.122 
22.8024 -19.4949 195.918 22.8024 -19.4949 78.9796 22.8024 -19.4949 585.714 
22.8024 -19.4949 234.898 22.8024 -19.4949 117.959 22.8024 -19.4949 312.857 
22.8024 -19.4949 156.939 22.8024 -19.4949 488.265 22.8024 -19.4949 390.816 
46.9632 -61.3426 488.345 36.439 -43.1143 898.859 38.065 -45.9305 705.905 
45.3056 -58.4717 868.864 44.9057 -57.779 575.786 44.9309 -57.8225 243.697 
44.936 -57.8315 435.959 45.0224 -57.981 86.3534 44.9327 -57.8258 208.74 
44.9447 -57.8465 103.87 44.9323 -57.825 715.613 44.9442 -57.8457 366.046 
44.9435 -57.8444 610.743 44.931 -57.8227 401.003 44.9386 -57.8359 540.83 
44.9656 -57.8828 750.57 45.0472 -58.024 226.219 45.0638 -58.0528 558.308 
45.3348 -58.5222 261.363 45.0963 -58.109 383.524 45.1435 -58.1908 418.481 
45.4187 -58.6676 697.918 45.0849 -58.0894 593.265 45.1297 -58.1669 733.092 
45.3494 -58.5475 768.239 37.9759 -45.7761 95.8298 37.9508 -45.7327 888.765 
37.9762 -45.7767 602.73 41.7247 -52.2692 966.707 40.1933 -49.6169 981.351 
34.6192 -39.9621 971.377 50.8864 -68.1379 878.827 49.3619 -65.4973 893.475 
44.0118 -56.2307 883.527 37.9803 -45.7838 374.013 47.8365 -62.8553 908.122 
42.6119 -53.806 897.829 46.3102 -60.2117 922.769 44.7829 -57.5663 937.415 
37.9298 -45.6964 217.028 43.2545 -54.9189 952.061 35.7959 -42.0003 954.762 
37.9525 -45.7357 548.963 37.977 -45.7781 252.865 22.8024 -19.4949 995 
22.8024 -19.4949 975.51 28.5518 -29.4532 978.245 37.9569 -45.7432 427.752 
37.9515 -45.734 723.93 37.9265 -45.6907 566.877 38.0067 -45.8296 759.758 
37.9227 -45.684 409.803 22.8024 -19.4949 956.02 28.9259 -30.1011 964.238 
37.9303 -45.6972 391.958 37.9453 -45.7232 741.791 37.918 -45.6759 584.774 
37.8983 -45.6418 234.941 39.1684 -47.8417 942.788 33.6092 -38.2129 985.101 
38.6603 -46.9615 995 38.6603 -46.9615 995.995 28.2843 -10 702.653 
28.2843 -10 683.163 25.9812 -14.9992 692.908 28.2843 -10 936.531 
28.2843 -10 917.041 25.9812 -14.9992 926.786 28.2843 -10 780.612 
28.2843 -10 761.122 25.9812 -14.9992 770.867 28.2843 -10 449.286 
28.2843 -10 429.796 25.9812 -14.9992 439.541 28.2843 -10 975.51 
28.2843 -10 956.02 25.9812 -14.9992 965.765 28.2843 -10 878.061 
28.2843 -10 858.571 25.9812 -14.9992 868.316 28.2843 -10 839.082 
25.9812 -14.9992 848.827 28.2843 -10 819.592 25.9812 -14.9992 829.337 
28.2843 -10 488.265 28.2843 -10 468.776 25.9812 -14.9992 478.52 
28.2843 -10 741.633 28.2843 -10 722.143 25.9812 -14.9992 731.888 
25.9812 -14.9992 712.398 28.2843 -10 507.755 25.9812 -14.9992 498.01 
25.9812 -14.9992 751.378 28.2843 -10 351.837 28.2843 -10 332.347 
25.9812 -14.9992 342.092 28.2843 -10 156.939 28.2843 -10 137.449 
25.9812 -14.9992 147.194 28.2843 -10 195.918 28.2843 -10 176.429 
25.9812 -14.9992 186.173 28.2843 -10 293.367 28.2843 -10 273.878 
25.9812 -14.9992 283.622 28.2843 -10 312.857 25.9812 -14.9992 303.112 
28.2843 -10 371.327 25.9812 -14.9992 361.582 28.2843 -10 117.959 
25.9812 -14.9992 127.704 28.2843 -10 663.673 28.2843 -10 644.184 
25.9812 -14.9992 653.929 28.2843 -10 78.9796 28.2843 -10 59.4898 
25.9812 -14.9992 69.2347 28.2843 -10 98.4694 25.9812 -14.9992 88.7245 
25.9812 -14.9992 108.214 28.2843 -10 215.408 25.9812 -14.9992 205.663 
28.2843 -10 254.388 28.2843 -10 234.898 25.9812 -14.9992 244.643 
25.9812 -14.9992 264.133 28.2843 -10 390.816 25.9812 -14.9992 381.071 
28.2843 -10 605.204 28.2843 -10 585.714 25.9812 -14.9992 595.459 
28.2843 -10 410.306 25.9812 -14.9992 400.561 28.2843 -10 800.102 
25.9812 -14.9992 790.357 25.9812 -14.9992 809.847 28.2843 -10 546.735 
28.2843 -10 527.245 25.9812 -14.9992 536.99 25.9803 -15.0008 556.48 
25.9803 -15.0008 634.439 25.9803 -15.0008 517.5 25.9803 -15.0008 614.949 
25.9803 -15.0008 907.296 25.9808 -15 946.212 25.9808 -15 985.319 
25.9808 -15 673.355 28.2843 -10 566.224 25.9808 -15 575.906 
25.9808 -15 49.6811 25.9808 -15 166.62 25.9808 -15 322.538 
25.9808 -15 225.217 28.2843 -10 995 25.9808 -15 420.115 
25.9808 -15 458.967 25.9808 -15 887.742 28.2843 -10 897.551 
28.2843 -10 624.694 44.5833 -10 674.902 59.4465 -10 686.275 
61.3008 -10 664.848 60.9803 -10 913.014 43.9255 -10 924.642 
61.2513 -10 930.157 72.9831 -10 346.814 58.0268 -10 333.427 
58.1678 -10 354.232 74.1217 -10 679.353 58.172 -10 622.473 
57.7054 -10 643.627 72.9868 -10 629.936 58.1946 -10 115.591 
58.0373 -10 136.277 73.007 -10 123.04 44.8928 -10 907.124 
72.9694 -10 521.736 57.9547 -10 508.717 58.1501 -10 529.315 
43.8914 -10 342.973 43.9159 -10 633.713 60.098 -10 290.795 
59.1368 -10 271.799 44.4767 -10 282.921 43.9336 -10 126.848 
58.1667 -10 447.305 58.0246 -10 467.747 72.9792 -10 454.96 
60.4382 -10 797.99 59.2236 -10 778.681 44.3469 -10 789.324 
74.1278 -10 786.672 74.0764 -10 279.776 72.9679 -10 189.816 
58.0146 -10 177.23 58.1409 -10 197.569 43.8784 -10 518.277 
43.9071 -10 458.23 43.8774 -10 186.752 48.1252 -10 939.546 
72.9754 -10 852.243 57.85 -10 840.261 58.5463 -10 858.759 
73.6283 -10 328.229 77.3383 -10 819.777 74.7685 -10 805.063 
61.7067 -10 819.929 73.6267 -10 648.549 73.6421 -10 141.616 
61.5825 -10 312.861 76.6514 -10 313.393 74.451 -10 298.218 
73.9122 -10 834.983 45.4303 -10 887.562 39.7222 -10 949.676 
44.3573 -10 770.103 73.6354 -10 503.221 61.1062 -10 156.804 
44.0244 -10 829.652 45.1948 -10 810.349 73.6515 -10 473.451 
60.7422 -10 488.264 87.5 -10 42.6959 72.6066 -10 33.2198 
72.3938 -10 50.4379 44.9547 -10 303.166 57.5516 -10 41.0979 
73.6438 -10 171.386 76.8098 -10 663.822 43.9203 -10 654.162 
57.8603 -10 59.1625 58.5865 -10 77.6212 72.5758 -10 68.4619 
44.1453 -10 867.571 43.1749 -10 68.4186 42.5982 -10 48.9062 
44.347 -10 694.722 58.3591 -10 875.815 76.6784 -10 156.483 
43.9067 -10 538.513 43.7184 -10 751.06 44.0207 -10 732.361 
43.9259 -10 713.851 43.9622 -10 363.365 43.8918 -10 438.126 
44.0314 -10 225.437 43.8529 -10 206.833 43.9746 -10 106.506 
44.1543 -10 88.0186 43.9606 -10 613.316 44.1419 -10 594.799 
44.1873 -10 263.075 43.695 -10 244.199 43.8344 -10 166.719 
43.6985 -10 575.912 44.0843 -10 557.161 43.9787 -10 322.727 
43.8255 -10 498.081 43.6991 -10 400.769 44.1432 -10 381.961 
43.7491 -10 848.991 44.0168 -10 478.351 44.013 -10 147.015 
87.5 -10 25.2175 44.0827 -10 419.528 76.6058 -10 488.345 
87.5 -10 846.701 87.5 -10 864.18 55.5576 -10 898.859 
87.5 -10 60.1742 58.8095 -10 705.905 73.2907 -10 868.864 
87.5 -10 776.788 87.5 -10 794.266 87.5 -10 567.047 
72.491 -10 575.786 87.5 -10 584.526 87.5 -10 269.915 
87.5 -10 287.393 87.5 -10 497.134 87.5 -10 514.612 
87.5 -10 234.958 72.5412 -10 243.697 87.5 -10 252.436 
87.5 -10 322.35 87.5 -10 339.828 87.5 -10 427.22 
72.5516 -10 435.959 87.5 -10 444.698 87.5 -10 462.177 
87.5 -10 479.655 87.5 -10 77.6526 72.7242 -10 86.3534 
87.5 -10 95.131 72.5688 -10 103.87 87.5 -10 112.609 
87.5 -10 130.088 87.5 -10 147.566 87.5 -10 165.044 
87.5 -10 182.523 87.5 -10 706.874 72.544 -10 715.613 
87.5 -10 724.352 87.5 -10 200.001 72.5449 -10 208.74 
87.5 -10 217.48 87.5 -10 602.004 72.5665 -10 610.743 
87.5 -10 619.482 87.5 -10 636.961 87.5 -10 654.439 
87.5 -10 357.307 72.5679 -10 366.046 87.5 -10 374.785 
87.5 -10 671.917 87.5 -10 689.396 87.5 -10 532.09 
72.5566 -10 540.83 87.5 -10 549.569 87.5 -10 741.831 
72.6108 -10 750.57 87.5 -10 759.309 87.5 -10 392.263 
72.4911 -10 401.003 87.5 -10 409.742 87.5 -10 829.223 
72.7738 -10 226.219 72.8071 -10 558.308 73.3492 -10 261.363 
72.8505 -10 383.524 72.8053 -10 418.481 73.517 -10 697.918 
72.8493 -10 593.265 73.3784 -10 768.239 72.9388 -10 733.092 
58.6312 -10 95.8298 58.5811 -10 888.765 58.6319 -10 602.73 
66.1288 -10 966.707 51.9178 -10 971.377 63.0662 -10 981.351 
84.4524 -10 878.827 70.7031 -10 883.527 81.4033 -10 893.475 
58.6294 -10 374.031 67.9033 -10 897.829 78.3525 -10 908.122 
75.3 -10 922.769 72.2454 -10 937.415 58.5392 -10 217.028 
69.1884 -10 952.061 54.2713 -10 954.762 58.5845 -10 548.963 
58.6335 -10 252.865 39.7831 -10 978.245 58.569 -10 427.778 
58.5228 -10 391.987 58.5826 -10 723.93 58.5326 -10 566.877 
58.693 -10 759.758 40.5312 -10 964.238 58.5702 -10 741.791 
58.5155 -10 584.774 58.5122 -10 409.877 58.4761 -10 234.941 
61.0163 -10 942.788 49.898 -10 985.101 87.5 -10 304.871 
87.5 -10 811.744 60 -10 995 60 -10 995.995 
87.5 3.1719 13.9204 87.5 -2.14313e-14 866.935 87.5 5.1729 866.196 
87.5 -1.94626 862.086 87.5 -1.81822 852.858 87.5 -4.52647 15.8956 
87.5 -5.1729 866.196 87.5 4.03209 858.49 87.5 10 25.2175 
87.5 -0.270913 22.8415 87.5 10 846.701 87.5 -4.44089e-14 837.962 
87.5 10 794.266 87.5 0 785.527 87.5 -1.77636e-15 803.005 
87.5 -1.77636e-15 698.135 87.5 0 715.613 87.5 10 706.874 
87.5 1.77636e-15 540.83 87.5 1.06581e-14 558.308 87.5 1.77636e-15 663.178 
87.5 0 680.657 87.5 10 671.917 87.5 10 549.569 
87.5 3.55271e-15 750.57 87.5 0 733.092 87.5 10 741.831 
87.5 10 759.309 87.5 0 768.048 87.5 1.77636e-15 628.221 
87.5 0 610.743 87.5 10 619.482 87.5 -3.55271e-15 383.524 
87.5 -5.32907e-15 401.003 87.5 10 392.263 87.5 1.77636e-15 488.394 
87.5 0 505.873 87.5 10 497.134 87.5 1.77636e-15 575.786 
87.5 0 593.265 87.5 10 584.526 87.5 10 427.22 
87.5 -1.77636e-15 418.481 87.5 0 435.959 87.5 -1.77636e-15 278.654 
87.5 -5.32907e-15 296.132 87.5 10 287.393 87.5 10 252.436 
87.5 3.55271e-15 243.697 87.5 1.77636e-15 261.176 87.5 10 444.698 
87.5 0 453.438 87.5 0 331.089 87.5 10 322.35 
87.5 -1.77636e-15 313.611 87.5 10 532.09 87.5 10 636.961 
87.5 10 654.439 87.5 10 339.828 87.5 0 348.567 
87.5 0 173.784 87.5 0 191.262 87.5 10 182.523 
87.5 10 829.223 87.5 0 366.046 87.5 10 357.307 
87.5 3.55271e-15 226.219 87.5 0 208.74 87.5 10 217.48 
87.5 0 121.349 87.5 5.32907e-15 103.87 87.5 10 234.958 
87.5 10 112.609 87.5 10 811.744 87.5 -7.10543e-15 820.484 
87.5 3.55271e-15 86.3918 87.5 10 130.088 87.5 0 68.9134 
87.5 7.10543e-15 523.351 87.5 7.10543e-15 645.7 87.5 10 479.655 
87.5 10 95.131 87.5 -1.77636e-15 33.9567 87.5 0 51.4351 
87.5 10 200.001 87.5 10 374.785 87.5 10 514.612 
87.5 10 567.047 87.5 10 602.004 87.5 10 689.396 
87.5 10 724.352 87.5 10 776.788 87.5 0 470.916 
87.5 10 77.6526 87.5 10 60.1742 87.5 0 138.827 
87.5 -1.77636e-15 156.305 87.5 10 42.6959 87.5 10 147.566 
87.5 10 165.044 87.5 10 462.177 87.5 10 269.915 
87.5 10 304.871 87.5 10 409.742 87.5 10 864.18 
44.5833 10 674.902 61.3008 10 664.848 59.4465 10 686.275 
60.9803 10 913.014 61.2513 10 930.157 43.9255 10 924.642 
72.9831 10 346.814 58.1678 10 354.232 58.0268 10 333.427 
74.1217 10 679.353 58.172 10 622.473 72.9868 10 629.936 
57.7054 10 643.627 58.1946 10 115.591 73.007 10 123.04 
58.0373 10 136.277 44.8928 10 907.124 72.9694 10 521.736 
58.1501 10 529.315 57.9547 10 508.717 43.8914 10 342.973 
43.9159 10 633.713 60.098 10 290.795 44.4767 10 282.921 
59.1368 10 271.799 43.9336 10 126.848 58.1667 10 447.305 
72.9792 10 454.96 58.0246 10 467.747 60.4382 10 797.99 
44.3469 10 789.324 59.2236 10 778.681 46.3105 10 983.648 
50.9013 10 970.975 74.1278 10 786.672 40.2041 10 961.117 
74.0764 10 279.776 72.9679 10 189.816 58.1409 10 197.569 
58.0146 10 177.23 43.8784 10 518.277 43.9071 10 458.23 
43.8774 10 186.752 63.0662 10 981.351 60 10 995 
48.1252 10 939.546 72.9754 10 852.243 58.5463 10 858.759 
57.85 10 840.261 73.6283 10 328.229 77.3383 10 819.777 
61.7067 10 819.929 74.7685 10 805.063 73.6267 10 648.549 
73.6421 10 141.616 61.5825 10 312.861 74.451 10 298.218 
76.6514 10 313.393 73.9122 10 834.983 45.4303 10 887.562 
39.8338 10 949.595 44.3573 10 770.103 73.6354 10 503.221 
61.1062 10 156.804 44.0244 10 829.652 45.1948 10 810.349 
73.6515 10 473.451 60.7422 10 488.264 72.3938 10 50.4379 
72.6066 10 33.2198 44.9547 10 303.166 57.5516 10 41.0979 
73.6438 10 171.386 76.8098 10 663.822 43.9203 10 654.162 
57.8603 10 59.1625 72.5758 10 68.4619 58.5865 10 77.6212 
44.1453 10 867.571 43.1749 10 68.4186 42.5982 10 48.9062 
44.347 10 694.722 58.3591 10 875.815 76.6784 10 156.483 
43.9067 10 538.513 44.0207 10 732.361 43.7184 10 751.06 
43.9259 10 713.851 43.9622 10 363.365 43.8918 10 438.126 
44.0314 10 225.437 43.8529 10 206.833 44.1543 10 88.0186 
43.9746 10 106.506 44.1419 10 594.799 43.9606 10 613.316 
44.1873 10 263.075 43.695 10 244.199 43.8344 10 166.719 
44.0843 10 557.161 43.6985 10 575.912 43.9787 10 322.727 
43.8255 10 498.081 44.1432 10 381.961 43.6991 10 400.769 
43.7491 10 848.991 44.0168 10 478.351 44.013 10 147.015 
44.0827 10 419.528 76.6058 10 488.345 55.5576 10 898.859 
58.8095 10 705.905 73.2907 10 868.864 72.491 10 575.786 
72.5412 10 243.697 72.7242 10 86.3534 72.5516 10 435.959 
72.5688 10 103.87 72.544 10 715.613 72.5449 10 208.74 
72.5665 10 610.743 72.5679 10 366.046 72.5566 10 540.83 
72.6108 10 750.57 72.4911 10 401.003 72.7738 10 226.219 
72.8071 10 558.308 73.3492 10 261.363 72.8505 10 383.524 
72.8053 10 418.481 73.517 10 697.918 72.8493 10 593.265 
73.3784 10 768.239 72.9388 10 733.092 58.6312 10 95.8298 
58.5811 10 888.765 58.6319 10 602.73 66.1288 10 966.707 
84.4524 10 878.827 81.4033 10 893.475 70.7031 10 883.527 
58.6294 10 374.031 78.3525 10 908.122 67.9033 10 897.829 
75.3 10 922.769 72.2454 10 937.415 58.5392 10 217.028 
69.1884 10 952.061 54.2713 10 954.762 58.5845 10 548.963 
58.6335 10 252.865 58.569 10 427.778 58.5228 10 391.987 
58.5826 10 723.93 58.5326 10 566.877 58.693 10 759.758 
58.5702 10 741.791 58.5155 10 584.774 58.5122 10 409.877 
58.4761 10 234.941 61.0163 10 942.788 60 10 995.995 
60 -10 1145 48.3054 -32.1692 1135.18 53.3409 -21.8013 1133.12 
24.5575 -22.5349 1011.65 27.5216 -15.8933 1003.91 31.7945 -10 1011.65 
52.3839 -10 1111.65 48.9849 -10 1094.98 44.2439 -27.1946 1104.67 
49.6683 -24.032 1120.88 41.9861 -24.1361 1087.15 33.1527 -37.4222 1094.98 
31.4486 -34.4707 1078.3 45.5768 -10 1078.3 55.7754 -10 1128.32 
34.8522 -40.3658 1111.65 38.7961 -23.0404 1070.61 42.1573 -10 1061.64 
42.6808 -34.6869 1119.99 36.1365 -21.07 1054.15 26.2959 -25.5458 1028.31 
30.3351 -17.7021 1020.61 35.2713 -10 1028.31 29.7389 -31.5093 1061.64 
38.7235 -10 1044.97 28.022 -28.5356 1044.97 36.548 -43.3029 1128.32 
33.2351 -19.3873 1037.38 38.6603 -46.9615 1145 21.3397 -56.9615 1145 
-3.70668 -57.9183 1135.18 7.78995 -57.0952 1133.12 -7.237 -32.5349 1011.65 
-0.00319416 -31.7811 1003.91 7.237 -32.5349 1011.65 17.5317 -50.3658 1111.65 
15.8322 -47.4222 1094.98 -1.42928 -51.9136 1104.67 4.02183 -55.03 1120.88 
0.0906352 -48.4291 1087.15 -15.8322 -47.4222 1094.98 -14.1281 -44.4707 1078.3 
14.1281 -44.4707 1078.3 19.2275 -53.3029 1128.32 -17.5317 -50.3658 1111.65 
-0.5555 -45.1187 1070.61 12.4184 -41.5093 1061.64 -8.69928 -54.3061 1119.99 
-0.0269868 -41.8298 1054.15 -8.97538 -35.5458 1028.31 -5.69115e-13 -35.1937 1020.97 
8.97538 -35.5458 1028.31 -12.4184 -41.5093 1061.64 10.7015 -38.5356 1044.97 
-7.04862e-15 -38.3722 1036.86 -10.7015 -38.5356 1044.97 -19.2275 -53.3029 1128.32 
-21.3397 -56.9615 1145 -38.6603 -46.9615 1145 -52.0121 -25.7491 1135.18 
-45.5509 -35.2939 1133.12 -24.5575 -22.5349 1011.65 -27.5129 -15.8846 1003.85 
-31.7945 -10 1011.65 -34.8522 -40.3658 1111.65 -33.1527 -37.4222 1094.98 
-45.6731 -24.719 1104.67 -45.6465 -30.998 1120.88 -41.8955 -24.293 1087.15 
-48.9849 -10 1094.98 -45.5768 -10 1078.3 -31.4486 -34.4707 1078.3 
-36.548 -43.3029 1128.32 -52.3839 -10 1111.65 -38.8196 -23.0558 1070.75 
-29.7389 -31.5093 1061.64 -51.3801 -19.6193 1119.99 -36.2141 -20.9395 1054.16 
-26.2959 -25.5458 1028.31 -30.3351 -17.7021 1020.61 -35.2713 -10 1028.31 
-42.1573 -10 1061.64 -38.7235 -10 1044.97 -33.2313 -19.1861 1036.86 
-28.022 -28.5356 1044.97 -55.7754 -10 1128.32 -60 -10 1145 
-60 10 1145 -55.7754 10 1128.32 -56.806 16.6702 1141.01 
-36.548 43.3029 1128.32 -42.8648 40.8252 1140.98 -50.1081 23.4457 1121.61 
-52.3839 10 1111.65 -44.4889 26.795 1104.67 -24.5575 22.5349 1011.65 
-27.5129 15.8846 1003.85 -31.7945 10 1011.65 -48.9849 10 1094.98 
-41.9861 24.1361 1087.15 -47.6757 32.8091 1134.37 -52.0026 25.0519 1133.61 
-44.5817 34.1407 1125.76 -54.8092 18.2808 1133.89 -44.4519 37.0764 1134.42 
-43.2462 32.2484 1114.73 -33.1527 37.4222 1094.98 -31.4486 34.4707 1078.3 
-34.8522 40.3658 1111.65 -45.5768 10 1078.3 -39.3721 22.1111 1070.78 
-42.1573 10 1061.64 -36.2408 20.8941 1054.16 -55.2882 21.1277 1140.94 
-53.4265 25.499 1141 -26.2959 25.5458 1028.31 -30.4787 17.5969 1020.97 
-35.2713 10 1028.31 -29.7389 31.5093 1061.64 -51.2617 29.596 1140.96 
-28.022 28.5356 1044.97 -33.2313 19.1861 1036.86 -38.7235 10 1044.97 
-45.7895 37.5043 1140.94 -48.7934 33.5265 1141.01 -38.6603 46.9615 1145 
-21.3397 56.9615 1145 0.365462 57.7255 1133.63 19.2275 53.3029 1128.32 
-7.237 32.5349 1011.65 2.31571e-12 31.7691 1003.85 7.237 32.5349 1011.65 
15.8322 47.4222 1094.98 17.5317 50.3658 1111.65 -1.42448 51.918 1104.69 
4.02183 55.03 1120.88 0.0325351 48.5461 1087.73 -15.8322 47.4222 1094.98 
-14.1281 44.4707 1078.3 0.183148 45.1842 1070.92 14.1281 44.4707 1078.3 
-17.5317 50.3658 1111.65 -19.2275 53.3029 1128.32 -8.92296 54.3729 1120.5 
-12.4184 41.5093 1061.64 12.4184 41.5093 1061.64 -0.000703461 41.8348 1054.17 
8.97538 35.5458 1028.31 0.162945 35.1221 1020.61 -8.97538 35.5458 1028.31 
-10.7015 38.5356 1044.97 -1.08415e-13 38.3722 1036.86 10.7015 38.5356 1044.97 
21.3397 56.9615 1145 38.6603 46.9615 1145 50.1745 28.5462 1133.63 
31.7945 10 1011.65 27.5248 15.8878 1003.91 55.7754 10 1128.32 
24.5575 22.5349 1011.65 48.9849 10 1094.98 52.3839 10 1111.65 
44.25 27.1926 1104.69 49.6683 24.032 1120.88 42.0487 24.2616 1087.73 
33.1527 37.4222 1094.98 31.4486 34.4707 1078.3 45.5768 10 1078.3 
34.8522 40.3658 1111.65 39.21 22.4926 1071.02 36.548 43.3029 1128.32 
42.6269 34.914 1120.5 42.1573 10 1061.64 29.7389 31.5093 1061.64 
36.2288 20.9224 1054.18 35.2713 10 1028.31 30.4787 17.5969 1020.97 
26.2959 25.5458 1028.31 28.022 28.5356 1044.97 33.2313 19.1861 1036.86 
38.7235 10 1044.97 60 10 1145 33.0603 51.8499 992.776 
29.2959 54.0658 992.777 30 51.9615 1000 25.3825 54.6275 998.856 
34.6175 49.2956 998.856 43.0886 73.8442 876.632 32.7409 56.709 973.475 
37.2079 64.4518 930.222 35.6849 61.814 944.96 41.7258 72.2822 886.478 
40.2275 69.6761 901.024 34.1673 59.2242 959.484 38.7292 67.0704 915.568 
31.5413 54.6312 985.084 33.7653 38.4833 1004.39 38.6603 46.9615 1012.55 
35.8344 42.0669 1086.98 28.578 29.4985 1002.78 31.7023 34.91 1017.45 
38.6603 46.9615 1029.11 32.578 36.4268 1035.34 38.6603 46.9615 1045.66 
34.9007 40.4498 1070.36 38.6603 46.9615 1062.22 33.3161 37.7052 1051.1 
38.6603 46.9615 1078.78 38.6603 46.9615 1095.33 38.6603 46.9615 1128.44 
38.6603 46.9615 1111.89 21.3397 56.9615 1012.55 16.4448 48.4833 1004.39 
18.5139 52.0669 1086.98 14.3818 44.91 1017.45 11.2575 39.4985 1002.78 
21.3397 56.9615 1029.11 21.3397 56.9615 1045.66 15.2575 46.4268 1035.34 
21.3397 56.9615 1062.22 17.5802 50.4498 1070.36 15.9956 47.7052 1051.1 
21.3397 56.9615 1078.78 21.3397 56.9615 1095.33 21.3397 56.9615 1128.44 
21.3397 56.9615 1111.89 -21.3397 56.9615 1012.55 -16.4448 48.4833 1004.39 
-18.5139 52.0669 1086.98 -14.3818 44.91 1017.45 -11.2575 39.4985 1002.78 
-21.3397 56.9615 1029.11 -21.3397 56.9615 1045.66 -15.2575 46.4268 1035.34 
-21.3397 56.9615 1062.22 -17.5802 50.4498 1070.36 -15.9956 47.7052 1051.1 
-21.3397 56.9615 1078.78 -21.3397 56.9615 1095.33 -21.3397 56.9615 1128.44 
-21.3397 56.9615 1111.89 -28.3732 54.556 992.776 -32.1744 52.4039 992.777 
-30 51.9615 1000 -34.6175 49.2956 998.856 -25.3825 54.6275 998.856 
-42.4066 74.2379 876.632 -32.7409 56.709 973.475 -41.7352 72.2763 886.48 
-40.2247 69.6719 901.048 -34.1003 59.2515 959.531 -35.6464 61.8579 944.869 
-38.7172 67.0765 915.572 -37.1831 64.4671 930.218 -31.5413 54.6312 985.084 
-38.6603 46.9615 1012.55 -33.7653 38.4833 1004.39 -35.8344 42.0669 1086.98 
-31.7023 34.91 1017.45 -28.578 29.4985 1002.78 -38.6603 46.9615 1029.11 
-38.6603 46.9615 1045.66 -32.578 36.4268 1035.34 -38.6603 46.9615 1062.22 
-34.9007 40.4498 1070.36 -33.3161 37.7052 1051.1 -38.6603 46.9615 1078.78 
-38.6603 46.9615 1095.33 -38.6603 46.9615 1128.44 -38.6603 46.9615 1111.89 
-60 10 1012.55 -50.2102 10 1004.39 -54.3482 10 1086.98 
-46.0841 10 1017.45 -39.8354 10 1002.78 -60 10 1029.11 
-60 10 1045.66 -47.8355 10 1035.34 -60 10 1062.22 
-52.4809 10 1070.36 -49.3117 10 1051.1 -60 10 1078.78 
-60 10 1095.33 -60 10 1128.44 -60 10 1111.89 
-61.4335 -2.70611 992.776 -61.4703 1.66187 992.777 -60 -1.3487e-06 1000 
-60 5.33187 998.856 -60 -5.33187 998.856 -85.4952 0.393712 876.632 
-65.4819 -8.01895e-15 973.475 -68.3701 0.0589407 959.5 -77.4497 -0.0523657 915.566 
-71.3939 0.032844 944.868 -74.4197 -0.0517008 930.227 -80.4759 -0.0489345 900.923 
-83.4631 -0.00768022 886.469 -63.0826 -6.42233e-07 985.084 -60 -10 1012.55 
-50.2102 -10 1004.39 -54.3482 -10 1086.98 -46.0841 -10 1017.45 
-39.8354 -10 1002.78 -60 -10 1029.11 -60 -10 1045.66 
-47.8355 -10 1035.34 -60 -10 1062.22 -52.4809 -10 1070.36 
-49.3117 -10 1051.1 -60 -10 1078.78 -60 -10 1095.33 
-60 -10 1128.44 -60 -10 1111.89 -38.6603 -46.9615 1012.55 
-33.7653 -38.4833 1004.39 -35.8344 -42.0669 1086.98 -31.7023 -34.91 1017.45 
-28.578 -29.4985 1002.78 -38.6603 -46.9615 1029.11 -38.6603 -46.9615 1045.66 
-32.578 -36.4268 1035.34 -38.6603 -46.9615 1062.22 -34.9007 -40.4498 1070.36 
-33.3161 -37.7052 1051.1 -38.6603 -46.9615 1078.78 -38.6603 -46.9615 1095.33 
-38.6603 -46.9615 1128.44 -38.6603 -46.9615 1111.89 -33.0603 -51.8499 992.776 
-29.2959 -54.0658 992.777 -30 -51.9615 1000 -25.3825 -54.6275 998.856 
-34.6175 -49.2956 998.856 -42.3537 -74.2666 876.638 -32.7409 -56.709 973.475 
-37.2079 -64.4518 930.222 -35.6849 -61.814 944.96 -34.1673 -59.2242 959.484 
-38.7364 -67.0707 915.549 -40.2564 -69.686 900.913 -41.7531 -72.2822 886.412 
-31.5413 -54.6312 985.084 -21.3397 -56.9615 1012.55 -16.4448 -48.4833 1004.39 
-18.5139 -52.0669 1086.98 -14.3818 -44.91 1017.45 -11.2575 -39.4985 1002.78 
-21.3397 -56.9615 1029.11 -21.3397 -56.9615 1045.66 -15.2575 -46.4268 1035.34 
-21.3397 -56.9615 1062.22 -17.5802 -50.4498 1070.36 -15.9956 -47.7052 1051.1 
-21.3397 -56.9615 1078.78 -21.3397 -56.9615 1095.33 -21.3397 -56.9615 1128.44 
-21.3397 -56.9615 1111.89 33.0603 -51.8499 992.776 29.2959 -54.0658 992.777 
30 -51.9615 1000 25.3825 -54.6275 998.856 34.6175 -49.2956 998.856 
43.1399 -73.8126 876.638 32.7409 -56.709 973.475 41.7228 -72.2977 886.421 
40.2189 -69.6768 901.042 34.1003 -59.2515 959.531 35.6186 -61.8715 944.879 
38.6799 -67.0974 915.574 37.1651 -64.4752 930.227 31.5413 -54.6312 985.084 
16.4448 -48.4833 1004.39 21.3397 -56.9615 1012.55 18.5139 -52.0669 1086.98 
11.2575 -39.4985 1002.78 14.3818 -44.91 1017.45 21.3397 -56.9615 1029.11 
15.2575 -46.4268 1035.34 21.3397 -56.9615 1045.66 17.5802 -50.4498 1070.36 
21.3397 -56.9615 1062.22 15.9956 -47.7052 1051.1 21.3397 -56.9615 1078.78 
21.3397 -56.9615 1095.33 21.3397 -56.9615 1128.44 21.3397 -56.9615 1111.89 
38.6603 -46.9615 1012.55 33.7653 -38.4833 1004.39 35.8344 -42.0669 1086.98 
31.7023 -34.91 1017.45 28.578 -29.4985 1002.78 38.6603 -46.9615 1029.11 
38.6603 -46.9615 1045.66 32.578 -36.4268 1035.34 38.6603 -46.9615 1062.22 
34.9007 -40.4498 1070.36 33.3161 -37.7052 1051.1 38.6603 -46.9615 1078.78 
38.6603 -46.9615 1095.33 38.6603 -46.9615 1128.44 38.6603 -46.9615 1111.89 
60 -1.46958e-14 1000 63.0556 -1.54442e-14 985.215 60 -5.33187 998.856 
84.4444 -2.06829e-14 881.72 81.3889 -1.99345e-14 896.505 78.3333 -1.91861e-14 911.29 
75.2778 -1.84377e-14 926.075 72.2222 -1.76893e-14 940.86 69.1667 -1.69409e-14 955.645 
66.1111 -1.61926e-14 970.43 50.2102 -10 1004.39 60 -10 1012.55 
54.3482 -10 1086.98 39.8354 -10 1002.78 46.0841 -10 1017.45 
60 -10 1029.11 47.8355 -10 1035.34 60 -10 1045.66 
52.4809 -10 1070.36 60 -10 1062.22 49.3117 -10 1051.1 
60 -10 1078.78 60 -10 1095.33 60 -10 1128.44 
60 -10 1111.89 61.3027 4.81994 992.781 60 5.33187 998.856 
60 10 1012.55 50.2102 10 1004.39 54.3482 10 1086.98 
46.0841 10 1017.45 39.8354 10 1002.78 60 10 1029.11 
60 10 1045.66 47.8355 10 1035.34 60 10 1062.22 
52.4809 10 1070.36 49.3117 10 1051.1 60 10 1078.78 
60 10 1095.33 60 10 1128.44 60 10 1111.89 
60 0 1134.87 60 0 1021.99 60 1.77636e-15 1070.5 
60 0 1087.05 60 0 1103.61 60 0 1037.39 
60 0 1053.94 60 0 1120.17 60 -1.77636e-15 1011.25 
60 -3.65673 1004.05 60 3.65673 1004.05 30 -51.9615 1134.87 
30 -51.9615 1021.99 30 -51.9615 1070.5 30 -51.9615 1087.05 
30 -51.9615 1120.17 30 -51.9615 1103.61 30 -51.9615 1053.94 
30 -51.9615 1037.39 30 -51.9615 1011.25 26.8332 -53.7899 1004.05 
33.1668 -50.1332 1004.05 -30 -51.9615 1134.87 -30 -51.9615 1021.99 
-30 -51.9615 1053.94 -30 -51.9615 1037.39 -30 -51.9615 1070.5 
-30 -51.9615 1120.17 -30 -51.9615 1087.05 -30 -51.9615 1103.61 
-30 -51.9615 1011.25 -33.1668 -50.1332 1004.05 -26.8332 -53.7899 1004.05 
-60 3.55271e-15 1134.87 -60 -8.49263e-08 1021.99 -60 0 1070.5 
-60 0 1087.05 -60 0 1037.39 -60 0 1053.94 
-60 3.55271e-15 1103.61 -60 0 1120.17 -60 -5.09558e-07 1011.25 
-60 3.65673 1004.05 -60 -3.65673 1004.05 -30 51.9615 1134.87 
-30 51.9615 1021.99 -30 51.9615 1120.17 -30 51.9615 1103.61 
-30 51.9615 1053.94 -30 51.9615 1037.39 -30 51.9615 1070.5 
-30 51.9615 1087.05 -30 51.9615 1011.25 -26.8332 53.7899 1004.05 
-33.1668 50.1332 1004.05 30 51.9615 1134.87 30 51.9615 1021.99 
30 51.9615 1070.5 30 51.9615 1087.05 30 51.9615 1103.61 
30 51.9615 1120.17 30 51.9615 1053.94 30 51.9615 1037.39 
30 51.9615 1011.25 26.8332 53.7899 1004.05 33.1668 50.1332 1004.05 
-92.8964 -79.0839 0 -102.247 -66.5553 0 -92.8964 79.0839 1345 
-102.247 66.5553 1345 -119.75 -23.3214 1345 -42.1345 -114.493 1345 
-121.749 7.81657 0 -119.75 23.3214 0 -82.0207 -90.3139 0 
-82.0207 90.3139 1345 -109.918 52.9338 1345 -115.785 38.4432 1345 
-109.918 -52.9338 0 -115.785 -38.4432 0 -121.749 -7.81657 0 
-121.749 7.81657 1345 -121.749 -7.81657 1345 -69.7982 -100.061 0 
-69.7982 100.061 1345 -115.785 38.4432 0 -119.75 23.3214 1345 
-109.918 -52.9338 1345 -102.247 -66.5553 1345 -109.918 52.9338 0 
-115.785 -38.4432 1345 -56.4297 -108.165 0 -56.4297 108.165 1345 
-92.8964 -79.0839 1345 -92.8964 79.0839 0 -82.0207 90.3139 0 
-82.0207 -90.3139 1345 -42.1345 -114.493 0 -69.7982 100.061 0 
-69.7982 -100.061 1345 -56.4297 108.165 0 -42.1345 114.493 0 
-56.4297 -108.165 1345 -11.7148 -121.436 0 -27.1476 -118.941 0 
-11.7148 121.436 1345 -27.1476 118.941 1345 3.91029 121.937 1345 
3.91029 -121.937 0 -27.1476 118.941 0 -11.7148 121.436 0 
-27.1476 -118.941 1345 -11.7148 -121.436 1345 19.4712 -120.436 1345 
34.7124 -116.957 1345 3.91029 -121.937 1345 3.91029 121.937 0 
19.4712 120.436 0 34.7124 116.957 0 49.3836 111.558 0 
49.3836 -111.558 1345 63.2439 -104.327 1345 19.4712 -120.436 0 
19.4712 120.436 1345 76.0658 -95.3834 0 63.2439 -104.327 0 
34.7124 -116.957 0 87.6386 -84.8733 0 87.6386 84.8733 1345 
76.0658 95.3834 1345 34.7124 116.957 1345 49.3836 -111.558 0 
76.0658 -95.3834 1345 87.6386 -84.8733 1345 76.0658 95.3834 0 
87.6386 84.8733 0 49.3836 111.558 1345 97.7725 -72.9695 0 
-42.1345 114.493 1345 97.7725 72.9695 1345 97.7725 -72.9695 1345 
106.301 -59.8675 0 106.301 59.8675 1345 106.301 -59.8675 1345 
97.7725 72.9695 0 106.301 59.8675 0 -119.75 -23.3214 0 
-102.247 66.5553 0 113.084 -45.7826 0 113.084 45.7826 1345 
113.084 45.7826 0 113.084 -45.7826 1345 118.01 -30.9459 0 
118.01 30.9459 1345 118.01 -30.9459 1345 118.01 30.9459 0 
63.2439 104.327 0 63.2439 104.327 1345 120.998 -15.601 1345 
120.998 15.601 0 120.998 -15.601 0 120.998 15.601 1345 
122 -2.98814e-14 1345 122 -2.98814e-14 0 101.163 -13.0435 1345 
-22.6971 99.4426 1345 -47.1789 90.4331 1345 102 -2.49828e-14 1345 
41.2879 93.2701 1345 73.2716 -70.9596 1345 98.6641 25.8728 1345 
3.26926 101.948 1345 98.6641 -25.8728 1345 -22.6971 -99.4426 1345 
63.596 79.7468 1345 3.26926 -101.948 1345 52.876 -87.2246 1345 
94.5455 38.2772 1345 81.7442 -61.0073 1345 29.0218 97.7841 1345 
16.2792 100.693 1345 -91.8988 44.2561 1345 73.2716 70.9596 1345 
29.0218 -97.7841 1345 101.163 13.0435 1345 94.5455 -38.2772 1345 
-96.8037 -32.141 1345 88.8745 -50.0532 1345 88.8745 50.0532 1345 
-9.79435 101.529 1345 -58.3559 83.6576 1345 -100.119 19.4982 1345 
81.7442 61.0073 1345 16.2792 -100.693 1345 41.2879 -93.2701 1345 
-77.6675 66.1193 1345 52.876 87.2246 1345 -35.2272 95.7238 1345 
-47.1789 -90.4331 1345 63.596 -79.7468 1345 -58.3559 -83.6576 1345 
-77.6675 -66.1193 1345 -101.79 -6.53516 1345 -68.5747 -75.5084 1345 
-68.5747 75.5084 1345 -101.79 6.53516 1345 -91.8988 -44.2561 1345 
-35.2272 -95.7238 1345 -9.79435 -101.529 1345 -85.485 -55.6446 1345 
-85.485 55.6446 1345 -100.119 -19.4982 1345 -96.8037 32.141 1345 
45.9627 38.5673 1295 -30 51.9615 1295 60 -1.46958e-14 1295 
-56.3816 20.5212 1295 10.4189 59.0885 1295 45.9627 -38.5673 1295 
-30 -51.9615 1295 10.4189 -59.0885 1295 -56.3816 -20.5212 1295 
87.5 -2.14313e-14 8.05556 87.5 -5.00249 7.97618 -52.4103 70.7772 7.73913 
-52.4103 70.7772 7.73913 -52.4103 -70.7772 7.73913 -52.4103 -70.7772 7.73913 
87.5 10 7.73913 87.5 10 7.73913 -35.0897 -80.7772 7.73913 
-35.0897 -80.7772 7.73913 -27.7077 -67.9912 15.8777 52.4103 -70.7772 7.73913 
52.4103 -70.7772 7.73913 45.0282 -57.9912 15.8777 45.0282 57.9912 15.8777 
52.4103 70.7772 7.73913 52.4103 70.7772 7.73913 -27.7077 67.9912 15.8777 
-35.0897 80.7772 7.73913 -35.0897 80.7772 7.73913 87.5 5.00249 7.97618 
-87.5 -10 7.73913 -87.5 -10 7.73913 -72.736 -10 15.8777 
-72.736 10 15.8777 -87.5 10 7.73913 -87.5 10 7.73913 
72.736 -10 15.8777 87.5 -10 7.73913 87.5 -10 7.73913 
72.736 10 15.8777 -43.1542 -10 32.0568 -28.2843 -10 40 
-28.2843 -10 40 -28.2843 10 40 -28.2843 10 40 
-43.1542 10 32.0568 -22.8024 -19.4949 40 -22.8024 -19.4949 40 
-30.2374 -32.3726 32.0568 -30.2374 32.3726 32.0568 -22.8024 19.4949 40 
-22.8024 19.4949 40 12.9168 42.3726 32.0568 5.48188 29.4949 40 
5.48188 29.4949 40 -5.48188 29.4949 40 -5.48188 29.4949 40 
-12.9168 42.3726 32.0568 5.48188 -29.4949 40 5.48188 -29.4949 40 
12.9168 -42.3726 32.0568 -12.9168 -42.3726 32.0568 -5.48188 -29.4949 40 
-5.48188 -29.4949 40 43.1542 10 32.0568 28.2843 10 40 
28.2843 10 40 22.8024 19.4949 40 22.8024 19.4949 40 
30.2374 32.3726 32.0568 28.2843 -10 40 28.2843 -10 40 
43.1542 -10 32.0568 30.2374 -32.3726 32.0568 22.8024 -19.4949 40 
22.8024 -19.4949 40 27.7077 -67.9912 15.8777 35.0897 -80.7772 7.73913 
35.0897 -80.7772 7.73913 35.0897 80.7772 7.73913 35.0897 80.7772 7.73913 
27.7077 67.9912 15.8777 -57.9585 -10 23.9918 -57.9585 10 23.9918 
-45.0282 57.9912 15.8777 -45.0282 -57.9912 15.8777 57.9585 -10 23.9918 
57.9585 10 23.9918 20.319 -55.1935 23.9918 20.319 55.1935 23.9918 
-37.6395 -45.1935 23.9918 -37.6395 45.1935 23.9918 -20.319 55.1935 23.9918 
-20.319 -55.1935 23.9918 37.6395 45.1935 23.9918 37.6395 -45.1935 23.9918 
43.75 -75.7772 8.05556 43.75 75.7772 8.05556 -43.75 -75.7772 8.05556 
-43.75 75.7772 8.05556 -87.5 2.61649e-17 8.05556 -20.9201 56.2348 1145 
-20.9201 56.2348 1145 -20.9201 56.2348 1145 20.9201 56.2348 1145 
20.9201 56.2348 1145 20.9201 56.2348 1145 20.9201 56.2348 1145 
38.2407 46.2348 1145 38.2407 46.2348 1145 59.1608 10 1145 
59.1608 10 1145 -38.2407 -46.2348 1145 -38.2407 -46.2348 1145 
59.1608 -10 1145 59.1608 -10 1145 38.2407 -46.2348 1145 
38.2407 -46.2348 1145 20.9201 -56.2348 1145 20.9201 -56.2348 1145 
-60 3.3872e-14 1145 -60 3.3872e-14 1145 -60 3.3872e-14 1145 
-59.1608 10 1145 -59.1608 10 1145 -20.9201 -56.2348 1145 
-20.9201 -56.2348 1145 -30 -51.9615 1145 -30 -51.9615 1145 
-30 -51.9615 1145 -38.2407 46.2348 1145 -38.2407 46.2348 1145 
-30 51.9615 1145 -30 51.9615 1145 -30 51.9615 1145 
30 -51.9615 1145 30 -51.9615 1145 30 -51.9615 1145 
30 51.9615 1145 30 51.9615 1145 30 51.9615 1145 
60 -1.46958e-14 1145 60 -1.46958e-14 1145 60 -1.46958e-14 1145 
-59.1608 -10 1145 -59.1608 -10 1145 22.8024 19.4949 858.571 
22.8024 19.4949 839.082 22.8024 19.4949 819.592 22.8024 19.4949 741.633 
22.8024 19.4949 722.143 22.8024 19.4949 585.714 22.8024 19.4949 566.224 
22.8024 19.4949 429.796 22.8024 19.4949 410.306 28.2843 10 663.673 
28.2843 10 683.163 28.2843 10 546.735 28.2843 10 566.224 
22.8024 19.4949 273.878 22.8024 19.4949 254.388 28.2843 10 507.755 
28.2843 10 527.245 22.8024 19.4949 449.286 22.8024 19.4949 507.755 
22.8024 19.4949 488.265 22.8024 19.4949 332.347 22.8024 19.4949 312.857 
22.8024 19.4949 137.449 22.8024 19.4949 117.959 22.8024 19.4949 195.918 
22.8024 19.4949 176.429 22.8024 19.4949 234.898 22.8024 19.4949 371.327 
22.8024 19.4949 351.837 22.8024 19.4949 390.816 22.8024 19.4949 468.776 
28.2843 10 195.918 28.2843 10 215.408 22.8024 19.4949 98.4694 
28.2843 10 644.184 28.2843 10 702.653 22.8024 19.4949 800.102 
22.8024 19.4949 995 22.8024 19.4949 975.51 22.8024 19.4949 605.204 
22.8024 19.4949 761.122 22.8024 19.4949 936.531 22.8024 19.4949 917.041 
28.2843 10 605.204 28.2843 10 624.694 22.8024 19.4949 780.612 
22.8024 19.4949 878.061 22.8024 19.4949 897.551 22.8024 19.4949 956.02 
28.2843 10 936.531 28.2843 10 956.02 22.8024 19.4949 156.939 
22.8024 19.4949 59.4898 22.8024 19.4949 78.9796 22.8024 19.4949 293.367 
28.2843 10 137.449 28.2843 10 156.939 28.2843 10 59.4898 
28.2843 10 78.9796 28.2843 10 98.4694 28.2843 10 176.429 
28.2843 10 273.878 28.2843 10 293.367 28.2843 10 312.857 
28.2843 10 332.347 28.2843 10 351.837 28.2843 10 449.286 
28.2843 10 468.776 22.8024 19.4949 215.408 28.2843 10 234.898 
22.8024 19.4949 644.184 22.8024 19.4949 624.694 28.2843 10 897.551 
28.2843 10 917.041 28.2843 10 975.51 22.8024 19.4949 546.735 
22.8024 19.4949 527.245 22.8024 19.4949 702.653 28.2843 10 722.143 
28.2843 10 780.612 28.2843 10 800.102 28.2843 10 741.633 
28.2843 10 858.571 28.2843 10 878.061 28.2843 10 761.122 
28.2843 10 819.592 28.2843 10 839.082 28.2843 10 429.796 
28.2843 10 488.265 28.2843 10 995 28.2843 10 585.714 
22.8024 19.4949 663.673 22.8024 19.4949 683.163 28.2843 10 371.327 
28.2843 10 390.816 28.2843 10 117.959 28.2843 10 254.388 
28.2843 10 410.306 52.4103 70.7772 42.6959 52.4103 70.7772 25.2175 
52.4103 70.7772 846.701 52.4103 70.7772 864.18 52.4103 70.7772 60.1742 
52.4103 70.7772 776.788 52.4103 70.7772 794.266 52.4103 70.7772 567.047 
52.4103 70.7772 584.526 52.4103 70.7772 269.915 52.4103 70.7772 287.393 
52.4103 70.7772 497.134 52.4103 70.7772 514.612 52.4103 70.7772 234.958 
52.4103 70.7772 252.436 52.4103 70.7772 322.35 52.4103 70.7772 339.828 
52.4103 70.7772 427.22 52.4103 70.7772 444.698 52.4103 70.7772 77.6526 
52.4103 70.7772 462.177 52.4103 70.7772 479.655 52.4103 70.7772 95.131 
52.4103 70.7772 112.609 52.4103 70.7772 130.088 52.4103 70.7772 147.566 
52.4103 70.7772 165.044 52.4103 70.7772 182.523 52.4103 70.7772 200.001 
52.4103 70.7772 217.48 52.4103 70.7772 706.874 52.4103 70.7772 724.352 
52.4103 70.7772 357.307 52.4103 70.7772 374.785 52.4103 70.7772 602.004 
52.4103 70.7772 619.482 52.4103 70.7772 636.961 52.4103 70.7772 654.439 
52.4103 70.7772 671.917 52.4103 70.7772 689.396 52.4103 70.7772 392.263 
52.4103 70.7772 409.742 52.4103 70.7772 532.09 52.4103 70.7772 549.569 
52.4103 70.7772 741.831 52.4103 70.7772 759.309 52.4103 70.7772 829.223 
41.7247 52.2692 966.707 40.1933 49.6169 981.351 50.8864 68.1379 878.827 
49.3619 65.4973 893.475 47.8365 62.8553 908.122 46.3102 60.2117 922.769 
44.7829 57.5663 937.415 43.2545 54.9189 952.061 52.4103 70.7772 304.871 
52.4103 70.7772 811.744 38.6603 46.9615 995.995 35.0897 80.7772 864.18 
35.0897 80.7772 846.701 35.0897 80.7772 25.2175 35.0897 80.7772 794.266 
35.0897 80.7772 706.874 35.0897 80.7772 549.569 35.0897 80.7772 671.917 
35.0897 80.7772 741.831 35.0897 80.7772 759.309 35.0897 80.7772 619.482 
35.0897 80.7772 392.263 35.0897 80.7772 497.134 35.0897 80.7772 427.22 
35.0897 80.7772 584.526 35.0897 80.7772 287.393 35.0897 80.7772 252.436 
35.0897 80.7772 444.698 35.0897 80.7772 532.09 35.0897 80.7772 636.961 
35.0897 80.7772 654.439 35.0897 80.7772 322.35 35.0897 80.7772 829.223 
35.0897 80.7772 339.828 35.0897 80.7772 182.523 35.0897 80.7772 357.307 
35.0897 80.7772 112.609 35.0897 80.7772 304.871 35.0897 80.7772 409.742 
35.0897 80.7772 217.48 35.0897 80.7772 234.958 35.0897 80.7772 95.131 
35.0897 80.7772 130.088 35.0897 80.7772 479.655 35.0897 80.7772 200.001 
35.0897 80.7772 514.612 35.0897 80.7772 567.047 35.0897 80.7772 602.004 
35.0897 80.7772 689.396 35.0897 80.7772 724.352 35.0897 80.7772 776.788 
35.0897 80.7772 811.744 35.0897 80.7772 60.1742 35.0897 80.7772 77.6526 
35.0897 80.7772 374.785 35.0897 80.7772 42.6959 35.0897 80.7772 147.566 
35.0897 80.7772 165.044 35.0897 80.7772 462.177 35.0897 80.7772 269.915 
5.48188 29.4949 936.531 5.48188 29.4949 897.551 5.48188 29.4949 780.612 
5.48188 29.4949 819.592 5.48188 29.4949 800.102 5.48188 29.4949 644.184 
5.48188 29.4949 878.061 5.48188 29.4949 59.4898 5.48188 29.4949 917.041 
5.48188 29.4949 741.633 5.48188 29.4949 527.245 5.48188 29.4949 702.653 
5.48188 29.4949 351.837 5.48188 29.4949 605.204 5.48188 29.4949 293.367 
5.48188 29.4949 449.286 5.48188 29.4949 215.408 5.48188 29.4949 98.4694 
5.48188 29.4949 176.429 5.48188 29.4949 254.388 5.48188 29.4949 332.347 
5.48188 29.4949 566.224 5.48188 29.4949 507.755 5.48188 29.4949 410.306 
5.48188 29.4949 858.571 5.48188 29.4949 468.776 5.48188 29.4949 137.449 
5.48188 29.4949 839.082 5.48188 29.4949 663.673 5.48188 29.4949 546.735 
5.48188 29.4949 722.143 5.48188 29.4949 683.163 5.48188 29.4949 371.327 
5.48188 29.4949 429.796 5.48188 29.4949 273.878 5.48188 29.4949 761.122 
5.48188 29.4949 234.898 5.48188 29.4949 624.694 5.48188 29.4949 78.9796 
5.48188 29.4949 195.918 5.48188 29.4949 585.714 5.48188 29.4949 117.959 
5.48188 29.4949 156.939 5.48188 29.4949 312.857 5.48188 29.4949 488.265 
5.48188 29.4949 390.816 24.4041 62.2692 966.707 22.8728 59.6169 981.351 
33.5659 78.1379 878.827 32.0414 75.4973 893.475 30.516 72.8553 908.122 
28.9897 70.2117 922.769 27.4624 67.5663 937.415 25.9339 64.9189 952.061 
5.48188 29.4949 995 5.48188 29.4949 975.51 5.48188 29.4949 956.02 
21.3397 56.9615 995.995 -5.48188 29.4949 741.633 -5.48188 29.4949 722.143 
-5.48188 29.4949 663.673 -5.48188 29.4949 644.184 -5.48188 29.4949 585.714 
-5.48188 29.4949 566.224 -5.48188 29.4949 507.755 -5.48188 29.4949 488.265 
-5.48188 29.4949 449.286 -5.48188 29.4949 429.796 -5.48188 29.4949 390.816 
-5.48188 29.4949 371.327 -5.48188 29.4949 839.082 -5.48188 29.4949 819.592 
-5.48188 29.4949 98.4694 -5.48188 29.4949 78.9796 -5.48188 29.4949 215.408 
-5.48188 29.4949 195.918 -5.48188 29.4949 254.388 -5.48188 29.4949 234.898 
-5.48188 29.4949 624.694 -5.48188 29.4949 605.204 -5.48188 29.4949 468.776 
-5.48188 29.4949 117.959 -5.48188 29.4949 176.429 -5.48188 29.4949 156.939 
-5.48188 29.4949 293.367 -5.48188 29.4949 273.878 -5.48188 29.4949 351.837 
-5.48188 29.4949 332.347 -5.48188 29.4949 975.51 -5.48188 29.4949 956.02 
-5.48188 29.4949 780.612 -5.48188 29.4949 761.122 -5.48188 29.4949 917.041 
-5.48188 29.4949 897.551 -5.48188 29.4949 936.531 -5.48188 29.4949 702.653 
-5.48188 29.4949 683.163 -5.48188 29.4949 858.571 -5.48188 29.4949 59.4898 
-5.48188 29.4949 312.857 -5.48188 29.4949 410.306 -5.48188 29.4949 137.449 
-5.48188 29.4949 995 -5.48188 29.4949 546.735 -5.48188 29.4949 527.245 
-5.48188 29.4949 800.102 -5.48188 29.4949 878.061 -22.8728 59.6169 981.351 
-35.0897 80.7772 42.6959 -35.0897 80.7772 25.2175 -35.0897 80.7772 864.18 
-35.0897 80.7772 846.701 -35.0897 80.7772 60.1742 -35.0897 80.7772 549.569 
-35.0897 80.7772 532.09 -35.0897 80.7772 759.309 -35.0897 80.7772 741.831 
-35.0897 80.7772 829.223 -35.0897 80.7772 357.307 -35.0897 80.7772 339.828 
-35.0897 80.7772 409.742 -35.0897 80.7772 392.263 -35.0897 80.7772 322.35 
-35.0897 80.7772 200.001 -35.0897 80.7772 182.523 -35.0897 80.7772 252.436 
-35.0897 80.7772 234.958 -35.0897 80.7772 444.698 -35.0897 80.7772 427.22 
-35.0897 80.7772 77.6526 -35.0897 80.7772 479.655 -35.0897 80.7772 462.177 
-35.0897 80.7772 95.131 -35.0897 80.7772 217.48 -35.0897 80.7772 112.609 
-35.0897 80.7772 147.566 -35.0897 80.7772 130.088 -35.0897 80.7772 165.044 
-35.0897 80.7772 724.352 -35.0897 80.7772 706.874 -35.0897 80.7772 374.785 
-35.0897 80.7772 619.482 -35.0897 80.7772 602.004 -35.0897 80.7772 654.439 
-35.0897 80.7772 636.961 -35.0897 80.7772 689.396 -35.0897 80.7772 671.917 
-35.0897 80.7772 794.266 -35.0897 80.7772 776.788 -35.0897 80.7772 584.526 
-35.0897 80.7772 567.047 -35.0897 80.7772 287.393 -35.0897 80.7772 269.915 
-35.0897 80.7772 514.612 -35.0897 80.7772 497.134 -33.5659 78.1379 878.827 
-32.0414 75.4973 893.475 -30.516 72.8553 908.122 -28.9897 70.2117 922.769 
-27.4624 67.5663 937.415 -24.4041 62.2692 966.707 -25.9339 64.9189 952.061 
-35.0897 80.7772 811.744 -35.0897 80.7772 304.871 -21.3397 56.9615 995.995 
-52.4103 70.7772 25.2175 -52.4103 70.7772 846.701 -52.4103 70.7772 864.18 
-52.4103 70.7772 794.266 -52.4103 70.7772 706.874 -52.4103 70.7772 671.917 
-52.4103 70.7772 549.569 -52.4103 70.7772 741.831 -52.4103 70.7772 759.309 
-52.4103 70.7772 619.482 -52.4103 70.7772 392.263 -52.4103 70.7772 497.134 
-52.4103 70.7772 584.526 -52.4103 70.7772 427.22 -52.4103 70.7772 287.393 
-52.4103 70.7772 444.698 -52.4103 70.7772 252.436 -52.4103 70.7772 567.047 
-52.4103 70.7772 689.396 -52.4103 70.7772 776.788 -52.4103 70.7772 322.35 
-52.4103 70.7772 654.439 -52.4103 70.7772 339.828 -52.4103 70.7772 182.523 
-52.4103 70.7772 479.655 -52.4103 70.7772 217.48 -52.4103 70.7772 357.307 
-52.4103 70.7772 374.785 -52.4103 70.7772 514.612 -52.4103 70.7772 269.915 
-52.4103 70.7772 304.871 -52.4103 70.7772 409.742 -52.4103 70.7772 112.609 
-52.4103 70.7772 234.958 -52.4103 70.7772 95.131 -52.4103 70.7772 130.088 
-52.4103 70.7772 532.09 -52.4103 70.7772 602.004 -52.4103 70.7772 636.961 
-52.4103 70.7772 724.352 -52.4103 70.7772 811.744 -52.4103 70.7772 829.223 
-52.4103 70.7772 60.1742 -52.4103 70.7772 77.6526 -52.4103 70.7772 200.001 
-52.4103 70.7772 42.6959 -52.4103 70.7772 462.177 -52.4103 70.7772 147.566 
-52.4103 70.7772 165.044 -22.8024 19.4949 936.531 -22.8024 19.4949 897.551 
-22.8024 19.4949 858.571 -22.8024 19.4949 507.755 -22.8024 19.4949 176.429 
-22.8024 19.4949 878.061 -22.8024 19.4949 839.082 -22.8024 19.4949 917.041 
-22.8024 19.4949 527.245 -22.8024 19.4949 351.837 -22.8024 19.4949 741.633 
-22.8024 19.4949 293.367 -22.8024 19.4949 644.184 -22.8024 19.4949 702.653 
-22.8024 19.4949 215.408 -22.8024 19.4949 449.286 -22.8024 19.4949 98.4694 
-22.8024 19.4949 605.204 -22.8024 19.4949 800.102 -22.8024 19.4949 254.388 
-22.8024 19.4949 332.347 -22.8024 19.4949 566.224 -22.8024 19.4949 410.306 
-22.8024 19.4949 59.4898 -22.8024 19.4949 683.163 -22.8024 19.4949 78.9796 
-22.8024 19.4949 819.592 -22.8024 19.4949 488.265 -22.8024 19.4949 156.939 
-22.8024 19.4949 371.327 -22.8024 19.4949 546.735 -22.8024 19.4949 722.143 
-22.8024 19.4949 585.714 -22.8024 19.4949 429.796 -22.8024 19.4949 468.776 
-22.8024 19.4949 761.122 -22.8024 19.4949 663.673 -22.8024 19.4949 117.959 
-22.8024 19.4949 624.694 -22.8024 19.4949 273.878 -22.8024 19.4949 195.918 
-22.8024 19.4949 137.449 -22.8024 19.4949 234.898 -22.8024 19.4949 312.857 
-22.8024 19.4949 390.816 -22.8024 19.4949 780.612 -50.8864 68.1379 878.827 
-49.3619 65.4973 893.475 -47.8365 62.8553 908.122 -46.3102 60.2117 922.769 
-44.7829 57.5663 937.415 -22.8024 19.4949 975.51 -22.8024 19.4949 995 
-40.1933 49.6169 981.351 -41.7247 52.2692 966.707 -43.2545 54.9189 952.061 
-22.8024 19.4949 956.02 -38.6603 46.9615 995.995 -28.2843 10 741.633 
-28.2843 10 722.143 -28.2843 10 956.02 -28.2843 10 936.531 
-28.2843 10 371.327 -28.2843 10 351.837 -28.2843 10 975.51 
-28.2843 10 507.755 -28.2843 10 488.265 -28.2843 10 312.857 
-28.2843 10 293.367 -28.2843 10 410.306 -28.2843 10 390.816 
-28.2843 10 663.673 -28.2843 10 644.184 -28.2843 10 176.429 
-28.2843 10 156.939 -28.2843 10 780.612 -28.2843 10 761.122 
-28.2843 10 215.408 -28.2843 10 195.918 -28.2843 10 78.9796 
-28.2843 10 59.4898 -28.2843 10 98.4694 -28.2843 10 254.388 
-28.2843 10 234.898 -28.2843 10 117.959 -28.2843 10 273.878 
-28.2843 10 624.694 -28.2843 10 683.163 -28.2843 10 897.551 
-28.2843 10 878.061 -28.2843 10 819.592 -28.2843 10 800.102 
-28.2843 10 468.776 -28.2843 10 449.286 -28.2843 10 839.082 
-28.2843 10 429.796 -28.2843 10 702.653 -28.2843 10 858.571 
-28.2843 10 137.449 -28.2843 10 332.347 -28.2843 10 995 
-28.2843 10 566.224 -28.2843 10 546.735 -28.2843 10 605.204 
-28.2843 10 585.714 -28.2843 10 917.041 -28.2843 10 527.245 
-87.5 10 42.6959 -87.5 10 25.2175 -87.5 10 864.18 
-87.5 10 846.701 -87.5 10 60.1742 -87.5 10 357.307 
-87.5 10 339.828 -87.5 10 549.569 -87.5 10 532.09 
-87.5 10 759.309 -87.5 10 741.831 -87.5 10 829.223 
-87.5 10 514.612 -87.5 10 497.134 -87.5 10 409.742 
-87.5 10 392.263 -87.5 10 252.436 -87.5 10 234.958 
-87.5 10 200.001 -87.5 10 182.523 -87.5 10 322.35 
-87.5 10 444.698 -87.5 10 427.22 -87.5 10 77.6526 
-87.5 10 479.655 -87.5 10 462.177 -87.5 10 147.566 
-87.5 10 130.088 -87.5 10 217.48 -87.5 10 724.352 
-87.5 10 706.874 -87.5 10 112.609 -87.5 10 95.131 
-87.5 10 165.044 -87.5 10 374.785 -87.5 10 619.482 
-87.5 10 602.004 -87.5 10 654.439 -87.5 10 636.961 
-87.5 10 689.396 -87.5 10 671.917 -87.5 10 584.526 
-87.5 10 567.047 -87.5 10 287.393 -87.5 10 269.915 
-87.5 10 794.266 -87.5 10 776.788 -84.4524 10 878.827 
-81.4033 10 893.475 -78.3525 10 908.122 -75.3 10 922.769 
-72.2454 10 937.415 -63.0662 10 981.351 -66.1288 10 966.707 
-69.1884 10 952.061 -87.5 10 811.744 -87.5 10 304.871 
-60 10 995.995 -87.5 -10 846.701 -87.5 -10 864.18 
-87.5 -10 25.2175 -87.5 -10 794.266 -87.5 -10 706.874 
-87.5 -10 549.569 -87.5 -10 671.917 -87.5 -10 741.831 
-87.5 -10 759.309 -87.5 -10 619.482 -87.5 -10 392.263 
-87.5 -10 497.134 -87.5 -10 584.526 -87.5 -10 427.22 
-87.5 -10 287.393 -87.5 -10 252.436 -87.5 -10 567.047 
-87.5 -10 776.788 -87.5 -10 689.396 -87.5 -10 339.828 
-87.5 -10 654.439 -87.5 -10 182.523 -87.5 -10 322.35 
-87.5 -10 444.698 -87.5 -10 479.655 -87.5 -10 514.612 
-87.5 -10 357.307 -87.5 -10 217.48 -87.5 -10 269.915 
-87.5 -10 112.609 -87.5 -10 304.871 -87.5 -10 409.742 
-87.5 -10 234.958 -87.5 -10 95.131 -87.5 -10 130.088 
-87.5 -10 60.1742 -87.5 -10 77.6526 -87.5 -10 532.09 
-87.5 -10 602.004 -87.5 -10 636.961 -87.5 -10 724.352 
-87.5 -10 42.6959 -87.5 -10 200.001 -87.5 -10 374.785 
-87.5 -10 811.744 -87.5 -10 462.177 -87.5 -10 147.566 
-87.5 -10 165.044 -87.5 -10 829.223 -28.2843 -10 975.51 
-63.0662 -10 981.351 -28.2843 -10 936.531 -28.2843 -10 897.551 
-28.2843 -10 858.571 -28.2843 -10 507.755 -28.2843 -10 176.429 
-28.2843 -10 878.061 -28.2843 -10 839.082 -28.2843 -10 917.041 
-28.2843 -10 527.245 -28.2843 -10 702.653 -28.2843 -10 351.837 
-28.2843 -10 741.633 -28.2843 -10 605.204 -28.2843 -10 293.367 
-28.2843 -10 644.184 -28.2843 -10 98.4694 -28.2843 -10 215.408 
-28.2843 -10 449.286 -28.2843 -10 254.388 -28.2843 -10 332.347 
-28.2843 -10 800.102 -28.2843 -10 566.224 -28.2843 -10 410.306 
-28.2843 -10 59.4898 -28.2843 -10 683.163 -28.2843 -10 78.9796 
-28.2843 -10 819.592 -28.2843 -10 488.265 -28.2843 -10 156.939 
-28.2843 -10 722.143 -28.2843 -10 546.735 -28.2843 -10 585.714 
-28.2843 -10 273.878 -28.2843 -10 371.327 -28.2843 -10 429.796 
-28.2843 -10 624.694 -28.2843 -10 468.776 -28.2843 -10 780.612 
-28.2843 -10 761.122 -28.2843 -10 117.959 -28.2843 -10 195.918 
-28.2843 -10 137.449 -28.2843 -10 663.673 -28.2843 -10 234.898 
-28.2843 -10 312.857 -28.2843 -10 390.816 -28.2843 -10 995 
-84.4524 -10 878.827 -81.4033 -10 893.475 -78.3525 -10 908.122 
-75.3 -10 922.769 -72.2454 -10 937.415 -66.1288 -10 966.707 
-69.1884 -10 952.061 -28.2843 -10 956.02 -60 -10 995.995 
-22.8024 -19.4949 995 -22.8024 -19.4949 975.51 -22.8024 -19.4949 663.673 
-22.8024 -19.4949 644.184 -22.8024 -19.4949 878.061 -22.8024 -19.4949 858.571 
-22.8024 -19.4949 956.02 -22.8024 -19.4949 936.531 -22.8024 -19.4949 254.388 
-22.8024 -19.4949 234.898 -22.8024 -19.4949 351.837 -22.8024 -19.4949 332.347 
-22.8024 -19.4949 605.204 -22.8024 -19.4949 585.714 -22.8024 -19.4949 780.612 
-22.8024 -19.4949 761.122 -22.8024 -19.4949 683.163 -22.8024 -19.4949 819.592 
-22.8024 -19.4949 800.102 -22.8024 -19.4949 156.939 -22.8024 -19.4949 137.449 
-22.8024 -19.4949 215.408 -22.8024 -19.4949 195.918 -22.8024 -19.4949 468.776 
-22.8024 -19.4949 449.286 -22.8024 -19.4949 117.959 -22.8024 -19.4949 98.4694 
-22.8024 -19.4949 176.429 -22.8024 -19.4949 371.327 -22.8024 -19.4949 78.9796 
-22.8024 -19.4949 59.4898 -22.8024 -19.4949 293.367 -22.8024 -19.4949 273.878 
-22.8024 -19.4949 312.857 -22.8024 -19.4949 722.143 -22.8024 -19.4949 702.653 
-22.8024 -19.4949 624.694 -22.8024 -19.4949 527.245 -22.8024 -19.4949 507.755 
-22.8024 -19.4949 566.224 -22.8024 -19.4949 546.735 -22.8024 -19.4949 429.796 
-22.8024 -19.4949 410.306 -22.8024 -19.4949 839.082 -22.8024 -19.4949 741.633 
-22.8024 -19.4949 917.041 -22.8024 -19.4949 390.816 -22.8024 -19.4949 488.265 
-22.8024 -19.4949 897.551 -52.4103 -70.7772 42.6959 -52.4103 -70.7772 25.2175 
-52.4103 -70.7772 864.18 -52.4103 -70.7772 846.701 -52.4103 -70.7772 60.1742 
-52.4103 -70.7772 549.569 -52.4103 -70.7772 532.09 -52.4103 -70.7772 759.309 
-52.4103 -70.7772 741.831 -52.4103 -70.7772 829.223 -52.4103 -70.7772 409.742 
-52.4103 -70.7772 392.263 -52.4103 -70.7772 252.436 -52.4103 -70.7772 234.958 
-52.4103 -70.7772 339.828 -52.4103 -70.7772 322.35 -52.4103 -70.7772 217.48 
-52.4103 -70.7772 200.001 -52.4103 -70.7772 444.698 -52.4103 -70.7772 427.22 
-52.4103 -70.7772 77.6526 -52.4103 -70.7772 479.655 -52.4103 -70.7772 462.177 
-52.4103 -70.7772 724.352 -52.4103 -70.7772 706.874 -52.4103 -70.7772 112.609 
-52.4103 -70.7772 95.131 -52.4103 -70.7772 147.566 -52.4103 -70.7772 130.088 
-52.4103 -70.7772 182.523 -52.4103 -70.7772 165.044 -52.4103 -70.7772 374.785 
-52.4103 -70.7772 357.307 -52.4103 -70.7772 619.482 -52.4103 -70.7772 602.004 
-52.4103 -70.7772 654.439 -52.4103 -70.7772 636.961 -52.4103 -70.7772 689.396 
-52.4103 -70.7772 671.917 -52.4103 -70.7772 794.266 -52.4103 -70.7772 776.788 
-52.4103 -70.7772 287.393 -52.4103 -70.7772 269.915 -52.4103 -70.7772 514.612 
-52.4103 -70.7772 497.134 -52.4103 -70.7772 584.526 -52.4103 -70.7772 567.047 
-50.8864 -68.1379 878.827 -49.3619 -65.4973 893.475 -47.8365 -62.8553 908.122 
-46.3102 -60.2117 922.769 -44.7829 -57.5663 937.415 -40.1933 -49.6169 981.351 
-41.7247 -52.2692 966.707 -43.2545 -54.9189 952.061 -52.4103 -70.7772 811.744 
-52.4103 -70.7772 304.871 -38.6603 -46.9615 995.995 -35.0897 -80.7772 846.701 
-35.0897 -80.7772 864.18 -35.0897 -80.7772 25.2175 -35.0897 -80.7772 794.266 
-35.0897 -80.7772 706.874 -35.0897 -80.7772 549.569 -35.0897 -80.7772 671.917 
-35.0897 -80.7772 759.309 -35.0897 -80.7772 741.831 -35.0897 -80.7772 619.482 
-35.0897 -80.7772 392.263 -35.0897 -80.7772 497.134 -35.0897 -80.7772 584.526 
-35.0897 -80.7772 427.22 -35.0897 -80.7772 287.393 -35.0897 -80.7772 252.436 
-35.0897 -80.7772 339.828 -35.0897 -80.7772 776.788 -35.0897 -80.7772 322.35 
-35.0897 -80.7772 444.698 -35.0897 -80.7772 654.439 -35.0897 -80.7772 182.523 
-35.0897 -80.7772 479.655 -35.0897 -80.7772 217.48 -35.0897 -80.7772 374.785 
-35.0897 -80.7772 514.612 -35.0897 -80.7772 269.915 -35.0897 -80.7772 304.871 
-35.0897 -80.7772 409.742 -35.0897 -80.7772 112.609 -35.0897 -80.7772 234.958 
-35.0897 -80.7772 95.131 -35.0897 -80.7772 130.088 -35.0897 -80.7772 532.09 
-35.0897 -80.7772 567.047 -35.0897 -80.7772 602.004 -35.0897 -80.7772 636.961 
-35.0897 -80.7772 689.396 -35.0897 -80.7772 724.352 -35.0897 -80.7772 811.744 
-35.0897 -80.7772 829.223 -35.0897 -80.7772 60.1742 -35.0897 -80.7772 77.6526 
-35.0897 -80.7772 200.001 -35.0897 -80.7772 42.6959 -35.0897 -80.7772 357.307 
-35.0897 -80.7772 462.177 -35.0897 -80.7772 147.566 -35.0897 -80.7772 165.044 
-5.48188 -29.4949 936.531 -5.48188 -29.4949 897.551 -5.48188 -29.4949 858.571 
-5.48188 -29.4949 507.755 -5.48188 -29.4949 176.429 -5.48188 -29.4949 878.061 
-5.48188 -29.4949 839.082 -5.48188 -29.4949 917.041 -5.48188 -29.4949 741.633 
-5.48188 -29.4949 527.245 -5.48188 -29.4949 800.102 -5.48188 -29.4949 351.837 
-5.48188 -29.4949 293.367 -5.48188 -29.4949 702.653 -5.48188 -29.4949 215.408 
-5.48188 -29.4949 644.184 -5.48188 -29.4949 449.286 -5.48188 -29.4949 332.347 
-5.48188 -29.4949 98.4694 -5.48188 -29.4949 254.388 -5.48188 -29.4949 605.204 
-5.48188 -29.4949 566.224 -5.48188 -29.4949 410.306 -5.48188 -29.4949 59.4898 
-5.48188 -29.4949 683.163 -5.48188 -29.4949 78.9796 -5.48188 -29.4949 819.592 
-5.48188 -29.4949 488.265 -5.48188 -29.4949 156.939 -5.48188 -29.4949 371.327 
-5.48188 -29.4949 273.878 -5.48188 -29.4949 722.143 -5.48188 -29.4949 624.694 
-5.48188 -29.4949 546.735 -5.48188 -29.4949 468.776 -5.48188 -29.4949 585.714 
-5.48188 -29.4949 761.122 -5.48188 -29.4949 312.857 -5.48188 -29.4949 429.796 
-5.48188 -29.4949 663.673 -5.48188 -29.4949 234.898 -5.48188 -29.4949 117.959 
-5.48188 -29.4949 195.918 -5.48188 -29.4949 137.449 -5.48188 -29.4949 780.612 
-5.48188 -29.4949 390.816 -33.5659 -78.1379 878.827 -32.0414 -75.4973 893.475 
-30.516 -72.8553 908.122 -28.9897 -70.2117 922.769 -27.4624 -67.5663 937.415 
-5.48188 -29.4949 975.51 -5.48188 -29.4949 995 -22.8728 -59.6169 981.351 
-24.4041 -62.2692 966.707 -25.9339 -64.9189 952.061 -5.48188 -29.4949 956.02 
-21.3397 -56.9615 995.995 5.48188 -29.4949 780.612 5.48188 -29.4949 761.122 
5.48188 -29.4949 741.633 5.48188 -29.4949 722.143 5.48188 -29.4949 312.857 
5.48188 -29.4949 293.367 5.48188 -29.4949 254.388 5.48188 -29.4949 234.898 
5.48188 -29.4949 390.816 5.48188 -29.4949 371.327 5.48188 -29.4949 585.714 
5.48188 -29.4949 566.224 5.48188 -29.4949 917.041 5.48188 -29.4949 897.551 
5.48188 -29.4949 839.082 5.48188 -29.4949 819.592 5.48188 -29.4949 468.776 
5.48188 -29.4949 449.286 5.48188 -29.4949 215.408 5.48188 -29.4949 195.918 
5.48188 -29.4949 351.837 5.48188 -29.4949 956.02 5.48188 -29.4949 936.531 
5.48188 -29.4949 702.653 5.48188 -29.4949 156.939 5.48188 -29.4949 137.449 
5.48188 -29.4949 117.959 5.48188 -29.4949 527.245 5.48188 -29.4949 507.755 
5.48188 -29.4949 624.694 5.48188 -29.4949 605.204 5.48188 -29.4949 858.571 
5.48188 -29.4949 683.163 5.48188 -29.4949 663.673 5.48188 -29.4949 98.4694 
5.48188 -29.4949 410.306 5.48188 -29.4949 429.796 5.48188 -29.4949 975.51 
5.48188 -29.4949 644.184 5.48188 -29.4949 488.265 5.48188 -29.4949 59.4898 
5.48188 -29.4949 78.9796 5.48188 -29.4949 176.429 5.48188 -29.4949 273.878 
5.48188 -29.4949 332.347 5.48188 -29.4949 800.102 5.48188 -29.4949 878.061 
5.48188 -29.4949 546.735 5.48188 -29.4949 995 22.8728 -59.6169 981.351 
35.0897 -80.7772 42.6959 35.0897 -80.7772 25.2175 35.0897 -80.7772 846.701 
35.0897 -80.7772 864.18 35.0897 -80.7772 60.1742 35.0897 -80.7772 776.788 
35.0897 -80.7772 794.266 35.0897 -80.7772 567.047 35.0897 -80.7772 584.526 
35.0897 -80.7772 497.134 35.0897 -80.7772 514.612 35.0897 -80.7772 269.915 
35.0897 -80.7772 287.393 35.0897 -80.7772 322.35 35.0897 -80.7772 339.828 
35.0897 -80.7772 77.6526 35.0897 -80.7772 234.958 35.0897 -80.7772 252.436 
35.0897 -80.7772 427.22 35.0897 -80.7772 444.698 35.0897 -80.7772 462.177 
35.0897 -80.7772 479.655 35.0897 -80.7772 130.088 35.0897 -80.7772 147.566 
35.0897 -80.7772 95.131 35.0897 -80.7772 112.609 35.0897 -80.7772 165.044 
35.0897 -80.7772 182.523 35.0897 -80.7772 200.001 35.0897 -80.7772 217.48 
35.0897 -80.7772 706.874 35.0897 -80.7772 724.352 35.0897 -80.7772 357.307 
35.0897 -80.7772 374.785 35.0897 -80.7772 602.004 35.0897 -80.7772 619.482 
35.0897 -80.7772 636.961 35.0897 -80.7772 654.439 35.0897 -80.7772 671.917 
35.0897 -80.7772 689.396 35.0897 -80.7772 532.09 35.0897 -80.7772 549.569 
35.0897 -80.7772 741.831 35.0897 -80.7772 759.309 35.0897 -80.7772 392.263 
35.0897 -80.7772 409.742 35.0897 -80.7772 829.223 24.4041 -62.2692 966.707 
33.5659 -78.1379 878.827 32.0414 -75.4973 893.475 30.516 -72.8553 908.122 
28.9897 -70.2117 922.769 27.4624 -67.5663 937.415 25.9339 -64.9189 952.061 
35.0897 -80.7772 304.871 35.0897 -80.7772 811.744 21.3397 -56.9615 995.995 
52.4103 -70.7772 864.18 52.4103 -70.7772 846.701 52.4103 -70.7772 25.2175 
52.4103 -70.7772 794.266 52.4103 -70.7772 706.874 52.4103 -70.7772 549.569 
52.4103 -70.7772 671.917 52.4103 -70.7772 741.831 52.4103 -70.7772 759.309 
52.4103 -70.7772 619.482 52.4103 -70.7772 392.263 52.4103 -70.7772 497.134 
52.4103 -70.7772 584.526 52.4103 -70.7772 427.22 52.4103 -70.7772 287.393 
52.4103 -70.7772 252.436 52.4103 -70.7772 444.698 52.4103 -70.7772 532.09 
52.4103 -70.7772 636.961 52.4103 -70.7772 654.439 52.4103 -70.7772 322.35 
52.4103 -70.7772 829.223 52.4103 -70.7772 339.828 52.4103 -70.7772 182.523 
52.4103 -70.7772 357.307 52.4103 -70.7772 112.609 52.4103 -70.7772 304.871 
52.4103 -70.7772 409.742 52.4103 -70.7772 217.48 52.4103 -70.7772 234.958 
52.4103 -70.7772 95.131 52.4103 -70.7772 130.088 52.4103 -70.7772 479.655 
52.4103 -70.7772 200.001 52.4103 -70.7772 462.177 52.4103 -70.7772 514.612 
52.4103 -70.7772 567.047 52.4103 -70.7772 602.004 52.4103 -70.7772 689.396 
52.4103 -70.7772 724.352 52.4103 -70.7772 776.788 52.4103 -70.7772 811.744 
52.4103 -70.7772 60.1742 52.4103 -70.7772 77.6526 52.4103 -70.7772 374.785 
52.4103 -70.7772 42.6959 52.4103 -70.7772 147.566 52.4103 -70.7772 165.044 
52.4103 -70.7772 269.915 22.8024 -19.4949 936.531 22.8024 -19.4949 897.551 
22.8024 -19.4949 780.612 22.8024 -19.4949 819.592 22.8024 -19.4949 800.102 
22.8024 -19.4949 644.184 22.8024 -19.4949 878.061 22.8024 -19.4949 59.4898 
22.8024 -19.4949 917.041 22.8024 -19.4949 741.633 22.8024 -19.4949 527.245 
22.8024 -19.4949 351.837 22.8024 -19.4949 605.204 22.8024 -19.4949 293.367 
22.8024 -19.4949 702.653 22.8024 -19.4949 98.4694 22.8024 -19.4949 254.388 
22.8024 -19.4949 215.408 22.8024 -19.4949 176.429 22.8024 -19.4949 449.286 
22.8024 -19.4949 332.347 22.8024 -19.4949 566.224 22.8024 -19.4949 507.755 
22.8024 -19.4949 410.306 22.8024 -19.4949 858.571 22.8024 -19.4949 468.776 
22.8024 -19.4949 137.449 22.8024 -19.4949 839.082 22.8024 -19.4949 663.673 
22.8024 -19.4949 683.163 22.8024 -19.4949 546.735 22.8024 -19.4949 722.143 
22.8024 -19.4949 371.327 22.8024 -19.4949 429.796 22.8024 -19.4949 624.694 
22.8024 -19.4949 273.878 22.8024 -19.4949 761.122 22.8024 -19.4949 195.918 
22.8024 -19.4949 78.9796 22.8024 -19.4949 585.714 22.8024 -19.4949 234.898 
22.8024 -19.4949 117.959 22.8024 -19.4949 312.857 22.8024 -19.4949 156.939 
22.8024 -19.4949 488.265 22.8024 -19.4949 390.816 41.7247 -52.2692 966.707 
40.1933 -49.6169 981.351 50.8864 -68.1379 878.827 49.3619 -65.4973 893.475 
47.8365 -62.8553 908.122 46.3102 -60.2117 922.769 44.7829 -57.5663 937.415 
43.2545 -54.9189 952.061 22.8024 -19.4949 995 22.8024 -19.4949 975.51 
22.8024 -19.4949 956.02 38.6603 -46.9615 995.995 28.2843 -10 702.653 
28.2843 -10 683.163 28.2843 -10 936.531 28.2843 -10 917.041 
28.2843 -10 780.612 28.2843 -10 761.122 28.2843 -10 449.286 
28.2843 -10 429.796 28.2843 -10 975.51 28.2843 -10 956.02 
28.2843 -10 878.061 28.2843 -10 858.571 28.2843 -10 839.082 
28.2843 -10 819.592 28.2843 -10 488.265 28.2843 -10 468.776 
28.2843 -10 741.633 28.2843 -10 722.143 28.2843 -10 507.755 
28.2843 -10 351.837 28.2843 -10 332.347 28.2843 -10 156.939 
28.2843 -10 137.449 28.2843 -10 195.918 28.2843 -10 176.429 
28.2843 -10 293.367 28.2843 -10 273.878 28.2843 -10 312.857 
28.2843 -10 371.327 28.2843 -10 117.959 28.2843 -10 663.673 
28.2843 -10 644.184 28.2843 -10 78.9796 28.2843 -10 59.4898 
28.2843 -10 98.4694 28.2843 -10 215.408 28.2843 -10 254.388 
28.2843 -10 234.898 28.2843 -10 390.816 28.2843 -10 605.204 
28.2843 -10 585.714 28.2843 -10 410.306 28.2843 -10 800.102 
28.2843 -10 546.735 28.2843 -10 527.245 28.2843 -10 566.224 
28.2843 -10 995 28.2843 -10 897.551 28.2843 -10 624.694 
87.5 -10 42.6959 87.5 -10 25.2175 87.5 -10 846.701 
87.5 -10 864.18 87.5 -10 60.1742 87.5 -10 776.788 
87.5 -10 794.266 87.5 -10 567.047 87.5 -10 584.526 
87.5 -10 269.915 87.5 -10 287.393 87.5 -10 497.134 
87.5 -10 514.612 87.5 -10 234.958 87.5 -10 252.436 
87.5 -10 322.35 87.5 -10 339.828 87.5 -10 427.22 
87.5 -10 444.698 87.5 -10 462.177 87.5 -10 479.655 
87.5 -10 77.6526 87.5 -10 95.131 87.5 -10 112.609 
87.5 -10 130.088 87.5 -10 147.566 87.5 -10 165.044 
87.5 -10 182.523 87.5 -10 706.874 87.5 -10 724.352 
87.5 -10 200.001 87.5 -10 217.48 87.5 -10 602.004 
87.5 -10 619.482 87.5 -10 636.961 87.5 -10 654.439 
87.5 -10 357.307 87.5 -10 374.785 87.5 -10 671.917 
87.5 -10 689.396 87.5 -10 532.09 87.5 -10 549.569 
87.5 -10 741.831 87.5 -10 759.309 87.5 -10 392.263 
87.5 -10 409.742 87.5 -10 829.223 66.1288 -10 966.707 
63.0662 -10 981.351 84.4524 -10 878.827 81.4033 -10 893.475 
78.3525 -10 908.122 75.3 -10 922.769 72.2454 -10 937.415 
69.1884 -10 952.061 87.5 -10 304.871 87.5 -10 811.744 
60 -10 995.995 87.5 10 25.2175 87.5 10 846.701 
87.5 10 794.266 87.5 10 706.874 87.5 10 671.917 
87.5 10 549.569 87.5 10 741.831 87.5 10 759.309 
87.5 10 619.482 87.5 10 392.263 87.5 10 497.134 
87.5 10 584.526 87.5 10 427.22 87.5 10 287.393 
87.5 10 252.436 87.5 10 444.698 87.5 10 322.35 
87.5 10 532.09 87.5 10 636.961 87.5 10 654.439 
87.5 10 339.828 87.5 10 182.523 87.5 10 829.223 
87.5 10 357.307 87.5 10 217.48 87.5 10 234.958 
87.5 10 112.609 87.5 10 811.744 87.5 10 130.088 
87.5 10 479.655 87.5 10 95.131 87.5 10 200.001 
87.5 10 374.785 87.5 10 514.612 87.5 10 567.047 
87.5 10 602.004 87.5 10 689.396 87.5 10 724.352 
87.5 10 776.788 87.5 10 77.6526 87.5 10 60.1742 
87.5 10 42.6959 87.5 10 147.566 87.5 10 165.044 
87.5 10 462.177 87.5 10 269.915 87.5 10 304.871 
87.5 10 409.742 87.5 10 864.18 63.0662 10 981.351 
66.1288 10 966.707 84.4524 10 878.827 81.4033 10 893.475 
78.3525 10 908.122 75.3 10 922.769 72.2454 10 937.415 
69.1884 10 952.061 60 10 995.995 60 -10 1145 
60 -10 1145 24.5575 -22.5349 1011.65 31.7945 -10 1011.65 
52.3839 -10 1111.65 48.9849 -10 1094.98 33.1527 -37.4222 1094.98 
31.4486 -34.4707 1078.3 45.5768 -10 1078.3 55.7754 -10 1128.32 
34.8522 -40.3658 1111.65 42.1573 -10 1061.64 26.2959 -25.5458 1028.31 
35.2713 -10 1028.31 29.7389 -31.5093 1061.64 38.7235 -10 1044.97 
28.022 -28.5356 1044.97 36.548 -43.3029 1128.32 38.6603 -46.9615 1145 
38.6603 -46.9615 1145 21.3397 -56.9615 1145 21.3397 -56.9615 1145 
-7.237 -32.5349 1011.65 7.237 -32.5349 1011.65 17.5317 -50.3658 1111.65 
15.8322 -47.4222 1094.98 -15.8322 -47.4222 1094.98 -14.1281 -44.4707 1078.3 
14.1281 -44.4707 1078.3 19.2275 -53.3029 1128.32 -17.5317 -50.3658 1111.65 
12.4184 -41.5093 1061.64 -8.97538 -35.5458 1028.31 8.97538 -35.5458 1028.31 
-12.4184 -41.5093 1061.64 10.7015 -38.5356 1044.97 -10.7015 -38.5356 1044.97 
-19.2275 -53.3029 1128.32 -21.3397 -56.9615 1145 -21.3397 -56.9615 1145 
-38.6603 -46.9615 1145 -38.6603 -46.9615 1145 -24.5575 -22.5349 1011.65 
-31.7945 -10 1011.65 -34.8522 -40.3658 1111.65 -33.1527 -37.4222 1094.98 
-48.9849 -10 1094.98 -45.5768 -10 1078.3 -31.4486 -34.4707 1078.3 
-36.548 -43.3029 1128.32 -52.3839 -10 1111.65 -29.7389 -31.5093 1061.64 
-26.2959 -25.5458 1028.31 -35.2713 -10 1028.31 -42.1573 -10 1061.64 
-38.7235 -10 1044.97 -28.022 -28.5356 1044.97 -55.7754 -10 1128.32 
-60 -10 1145 -60 -10 1145 -60 10 1145 
-60 10 1145 -55.7754 10 1128.32 -36.548 43.3029 1128.32 
-52.3839 10 1111.65 -24.5575 22.5349 1011.65 -31.7945 10 1011.65 
-48.9849 10 1094.98 -33.1527 37.4222 1094.98 -31.4486 34.4707 1078.3 
-34.8522 40.3658 1111.65 -45.5768 10 1078.3 -42.1573 10 1061.64 
-26.2959 25.5458 1028.31 -35.2713 10 1028.31 -29.7389 31.5093 1061.64 
-28.022 28.5356 1044.97 -38.7235 10 1044.97 -38.6603 46.9615 1145 
-38.6603 46.9615 1145 -21.3397 56.9615 1145 -21.3397 56.9615 1145 
19.2275 53.3029 1128.32 -7.237 32.5349 1011.65 7.237 32.5349 1011.65 
15.8322 47.4222 1094.98 17.5317 50.3658 1111.65 -15.8322 47.4222 1094.98 
-14.1281 44.4707 1078.3 14.1281 44.4707 1078.3 -17.5317 50.3658 1111.65 
-19.2275 53.3029 1128.32 -12.4184 41.5093 1061.64 12.4184 41.5093 1061.64 
8.97538 35.5458 1028.31 -8.97538 35.5458 1028.31 -10.7015 38.5356 1044.97 
10.7015 38.5356 1044.97 21.3397 56.9615 1145 21.3397 56.9615 1145 
38.6603 46.9615 1145 38.6603 46.9615 1145 31.7945 10 1011.65 
55.7754 10 1128.32 24.5575 22.5349 1011.65 48.9849 10 1094.98 
52.3839 10 1111.65 33.1527 37.4222 1094.98 31.4486 34.4707 1078.3 
45.5768 10 1078.3 34.8522 40.3658 1111.65 36.548 43.3029 1128.32 
42.1573 10 1061.64 29.7389 31.5093 1061.64 35.2713 10 1028.31 
26.2959 25.5458 1028.31 28.022 28.5356 1044.97 38.7235 10 1044.97 
60 10 1145 60 10 1145 38.6603 46.9615 1012.55 
38.6603 46.9615 1029.11 38.6603 46.9615 1045.66 38.6603 46.9615 1062.22 
38.6603 46.9615 1078.78 38.6603 46.9615 1095.33 38.6603 46.9615 1128.44 
38.6603 46.9615 1111.89 21.3397 56.9615 1012.55 21.3397 56.9615 1029.11 
21.3397 56.9615 1045.66 21.3397 56.9615 1062.22 21.3397 56.9615 1078.78 
21.3397 56.9615 1095.33 21.3397 56.9615 1128.44 21.3397 56.9615 1111.89 
-21.3397 56.9615 1012.55 -21.3397 56.9615 1029.11 -21.3397 56.9615 1045.66 
-21.3397 56.9615 1062.22 -21.3397 56.9615 1078.78 -21.3397 56.9615 1095.33 
-21.3397 56.9615 1128.44 -21.3397 56.9615 1111.89 -38.6603 46.9615 1012.55 
-38.6603 46.9615 1029.11 -38.6603 46.9615 1045.66 -38.6603 46.9615 1062.22 
-38.6603 46.9615 1078.78 -38.6603 46.9615 1095.33 -38.6603 46.9615 1128.44 
-38.6603 46.9615 1111.89 -60 10 1012.55 -60 10 1029.11 
-60 10 1045.66 -60 10 1062.22 -60 10 1078.78 
-60 10 1095.33 -60 10 1128.44 -60 10 1111.89 
-60 -10 1012.55 -60 -10 1029.11 -60 -10 1045.66 
-60 -10 1062.22 -60 -10 1078.78 -60 -10 1095.33 
-60 -10 1128.44 -60 -10 1111.89 -38.6603 -46.9615 1012.55 
-38.6603 -46.9615 1029.11 -38.6603 -46.9615 1045.66 -38.6603 -46.9615 1062.22 
-38.6603 -46.9615 1078.78 -38.6603 -46.9615 1095.33 -38.6603 -46.9615 1128.44 
-38.6603 -46.9615 1111.89 -21.3397 -56.9615 1012.55 -21.3397 -56.9615 1029.11 
-21.3397 -56.9615 1045.66 -21.3397 -56.9615 1062.22 -21.3397 -56.9615 1078.78 
-21.3397 -56.9615 1095.33 -21.3397 -56.9615 1128.44 -21.3397 -56.9615 1111.89 
21.3397 -56.9615 1012.55 21.3397 -56.9615 1029.11 21.3397 -56.9615 1045.66 
21.3397 -56.9615 1062.22 21.3397 -56.9615 1078.78 21.3397 -56.9615 1095.33 
21.3397 -56.9615 1128.44 21.3397 -56.9615 1111.89 38.6603 -46.9615 1012.55 
38.6603 -46.9615 1029.11 38.6603 -46.9615 1045.66 38.6603 -46.9615 1062.22 
38.6603 -46.9615 1078.78 38.6603 -46.9615 1095.33 38.6603 -46.9615 1128.44 
38.6603 -46.9615 1111.89 60 -10 1012.55 60 -10 1029.11 
60 -10 1045.66 60 -10 1062.22 60 -10 1078.78 
60 -10 1095.33 60 -10 1128.44 60 -10 1111.89 
60 10 1012.55 60 10 1029.11 60 10 1045.66 
60 10 1062.22 60 10 1078.78 60 10 1095.33 
60 10 1128.44 60 10 1111.89 
POLYGONS 14395 43182
OFFSETS vtktypeint64
0 3 6 9 12 15 18 21 24 
27 30 33 36 39 42 45 48 51 
54 57 60 63 66 69 72 75 78 
81 84 87 90 93 96 99 102 105 
108 111 114 117 120 123 126 129 132 
135 138 141 144 147 150 153 156 159 
162 165 168 171 174 177 180 183 186 
189 192 195 198 201 204 207 210 213 
216 219 222 225 228 231 234 237 240 
243 246 249 252 255 258 261 264 267 
270 273 276 279 282 285 288 291 294 
297 300 303 306 309 312 315 318 321 
324 327 330 333 336 339 342 345 348 
351 354 357 360 363 366 369 372 375 
378 381 384 387 390 393 396 399 402 
405 408 411 414 417 420 423 426 429 
432 435 438 441 444 447 450 453 456 
459 462 465 468 471 474 477 480 483 
486 489 492 495 498 501 504 507 510 
513 516 519 522 525 528 531 534 537 
540 543 546 549 552 555 558 561 564 
567 570 573 576 579 582 585 588 591 
594 597 600 603 606 609 612 615 618 
621 624 627 630 633 636 639 642 645 
648 651 654 657 660 663 666 669 672 
675 678 681 684 687 690 693 696 699 
702 705 708 711 714 717 720 723 726 
729 732 735 738 741 744 747 750 753 
756 759 762 765 768 771 774 777 780 
783 786 789 792 795 798 801 804 807 
810 813 816 819 822 825 828 831 834 
837 840 843 846 849 852 855 858 861 
864 867 870 873 876 879 882 885 888 
891 894 897 900 903 906 909 912 915 
918 921 924 927 930 933 936 939 942 
945 948 951 954 957 960 963 966 969 
972 975 978 981 984 987 990 993 996 
999 1002 1005 1008 1011 1014 1017 1020 1023 
1026 1029 1032 1035 1038 1041 1044 1047 1050 
1053 1056 1059 1062 1065 1068 1071 1074 1077 
1080 1083 1086 1089 1092 1095 1098 1101 1104 
1107 1110 1113 1116 1119 1122 1125 1128 1131 
1134 1137 1140 1143 1146 1149 1152 1155 1158 
1161 1164 1167 1170 1173 1176 1179 1182 1185 
1188 1191 1194 1197 1200 1203 1206 1209 1212 
1215 1218 1221 1224 1227 1230 1233 1236 1239 
1242 1245 1248 1251 1254 1257 1260 1263 1266 
1269 1272 1275 1278 1281 1284 1287 1290 1293 
1296 1299 1302 1305 1308 1311 1314 1317 1320 
1323 1326 1329 1332 1335 1338 1341 1344 1347 
1350 1353 1356 1359 1362 1365 1368 1371 1374 
1377 1380 1383 1386 1389 1392 1395 1398 1401 
1404 1407 1410 1413 1416 1419 1422 1425 1428 
1431 1434 1437 1440 1443 1446 1449 1452 1455 
1458 1461 1464 1467 1470 1473 1476 1479 1482 
1485 1488 1491 1494 1497 1500 1503 1506 1509 
1512 1515 1518 1521 1524 1527 1530 1533 1536 
1539 1542 1545 1548 1551 1554 1557 1560 1563 
1566 1569 1572 1575 1578 1581 1584 1587 1590 
1593 1596 1599 1602 1605 1608 1611 1614 1617 
1620 1623 1626 1629 1632 1635 1638 1641 1644 
1647 1650 1653 1656 1659 1662 1665 1668 1671 
1674 1677 1680 1683 1686 1689 1692 1695 1698 
1701 1704 1707 1710 1713 1716 1719 1722 1725 
1728 1731 1734 1737 1740 1743 1746 1749 1752 
1755 1758 1761 1764 1767 1770 1773 1776 1779 
1782 1785 1788 1791 1794 1797 1800 1803 1806 
1809 1812 1815 1818 1821 1824 1827 1830 1833 
1836 1839 1842 1845 1848 1851 1854 1857 1860 
1863 1866 1869 1872 1875 1878 1881 1884 1887 
1890 1893 1896 1899 1902 1905 1908 1911 1914 
1917 1920 1923 1926 1929 1932 1935 1938 1941 
1944 1947 1950 1953 1956 1959 1962 1965 1968 
1971 1974 1977 1980 1983 1986 1989 1992 1995 
1998 2001 2004 2007 2010 2013 2016 2019 2022 
2025 2028 2031 2034 2037 2040 2043 2046 2049 
2052 2055 2058 2061 2064 2067 2070 2073 2076 
2079 2082 2085 2088 2091 2094 2097 2100 2103 
2106 2109 2112 2115 2118 2121 2124 2127 2130 
2133 2136 2139 2142 2145 2148 2151 2154 2157 
2160 2163 2166 2169 2172 2175 2178 2181 2184 
2187 2190 2193 2196 2199 2202 2205 2208 2211 
2214 2217 2220 2223 2226 2229 2232 2235 2238 
2241 2244 2247 2250 2253 2256 2259 2262 2265 
2268 2271 2274 2277 2280 2283 2286 2289 2292 
2295 2298 2301 2304 2307 2310 2313 2316 2319 
2322 2325 2328 2331 2334 2337 2340 2343 2346 
2349 2352 2355 2358 2361 2364 2367 2370 2373 
2376 2379 2382 2385 2388 2391 2394 2397 2400 
2403 2406 2409 2412 2415 2418 2421 2424 2427 
2430 2433 2436 2439 2442 2445 2448 2451 2454 
2457 2460 2463 2466 2469 2472 2475 2478 2481 
2484 2487 2490 2493 2496 2499 2502 2505 2508 
2511 2514 2517 2520 2523 2526 2529 2532 2535 
2538 2541 2544 2547 2550 2553 2556 2559 2562 
2565 2568 2571 2574 2577 2580 2583 2586 2589 
2592 2595 2598 2601 2604 2607 2610 2613 2616 
2619 2622 2625 2628 2631 2634 2637 2640 2643 
2646 2649 2652 2655 2658 2661 2664 2667 2670 
2673 2676 2679 2682 2685 2688 2691 2694 2697 
2700 2703 2706 2709 2712 2715 2718 2721 2724 
2727 2730 2733 2736 2739 2742 2745 2748 2751 
2754 2757 2760 2763 2766 2769 2772 2775 2778 
2781 2784 2787 2790 2793 2796 2799 2802 2805 
2808 2811 2814 2817 2820 2823 2826 2829 2832 
2835 2838 2841 2844 2847 2850 2853 2856 2859 
2862 2865 2868 2871 2874 2877 2880 2883 2886 
2889 2892 2895 2898 2901 2904 2907 2910 2913 
2916 2919 2922 2925 2928 2931 2934 2937 2940 
2943 2946 2949 2952 2955 2958 2961 2964 2967 
2970 2973 2976 2979 2982 2985 2988 2991 2994 
2997 3000 3003 3006 3009 3012 3015 3018 3021 
3024 3027 3030 3033 3036 3039 3042 3045 3048 
3051 3054 3057 3060 3063 3066 3069 3072 3075 
3078 3081 3084 3087 3090 3093 3096 3099 3102 
3105 3108 3111 3114 3117 3120 3123 3126 3129 
3132 3135 3138 3141 3144 3147 3150 3153 3156 
3159 3162 3165 3168 3171 3174 3177 3180 3183 
3186 3189 3192 3195 3198 3201 3204 3207 3210 
3213 3216 3219 3222 3225 3228 3231 3234 3237 
3240 3243 3246 3249 3252 3255 3258 3261 3264 
3267 3270 3273 3276 3279 3282 3285 3288 3291 
3294 3297 3300 3303 3306 3309 3312 3315 3318 
3321 3324 3327 3330 3333 3336 3339 3342 3345 
3348 3351 3354 3357 3360 3363 3366 3369 3372 
3375 3378 3381 3384 3387 3390 3393 3396 3399 
3402 3405 3408 3411 3414 3417 3420 3423 3426 
3429 3432 3435 3438 3441 3444 3447 3450 3453 
3456 3459 3462 3465 3468 3471 3474 3477 3480 
3483 3486 3489 3492 3495 3498 3501 3504 3507 
3510 3513 3516 3519 3522 3525 3528 3531 3534 
3537 3540 3543 3546 3549 3552 3555 3558 3561 
3564 3567 3570 3573 3576 3579 3582 3585 3588 
3591 3594 3597 3600 3603 3606 3609 3612 3615 
3618 3621 3624 3627 3630 3633 3636 3639 3642 
3645 3648 3651 3654 3657 3660 3663 3666 3669 
3672 3675 3678 3681 3684 3687 3690 3693 3696 
3699 3702 3705 3708 3711 3714 3717 3720 3723 
3726 3729 3732 3735 3738 3741 3744 3747 3750 
3753 3756 3759 3762 3765 3768 3771 3774 3777 
3780 3783 3786 3789 3792 3795 3798 3801 3804 
3807 3810 3813 3816 3819 3822 3825 3828 3831 
3834 3837 3840 3843 3846 3849 3852 3855 3858 
3861 3864 3867 3870 3873 3876 3879 3882 3885 
3888 3891 3894 3897 3900 3903 3906 3909 3912 
3915 3918 3921 3924 3927 3930 3933 3936 3939 
3942 3945 3948 3951 3954 3957 3960 3963 3966 
3969 3972 3975 3978 3981 3984 3987 3990 3993 
3996 3999 4002 4005 4008 4011 4014 4017 4020 
4023 4026 4029 4032 4035 4038 4041 4044 4047 
4050 4053 4056 4059 4062 4065 4068 4071 4074 
4077 4080 4083 4086 4089 4092 4095 4098 4101 
4104 4107 4110 4113 4116 4119 4122 4125 4128 
4131 4134 4137 4140 4143 4146 4149 4152 4155 
4158 4161 4164 4167 4170 4173 4176 4179 4182 
4185 4188 4191 4194 4197 4200 4203 4206 4209 
4212 4215 4218 4221 4224 4227 4230 4233 4236 
4239 4242 4245 4248 4251 4254 4257 4260 4263 
4266 4269 4272 4275 4278 4281 4284 4287 4290 
4293 4296 4299 4302 4305 4308 4311 4314 4317 
4320 4323 4326 4329 4332 4335 4338 4341 4344 
4347 4350 4353 4356 4359 4362 4365 4368 4371 
4374 4377 4380 4383 4386 4389 4392 4395 4398 
4401 4404 4407 4410 4413 4416 4419 4422 4425 
4428 4431 4434 4437 4440 4443 4446 4449 4452 
4455 4458 4461 4464 4467 4470 4473 4476 4479 
4482 4485 4488 4491 4494 4497 4500 4503 4506 
4509 4512 4515 4518 4521 4524 4527 4530 4533 
4536 4539 4542 4545 4548 4551 4554 4557 4560 
4563 4566 4569 4572 4575 4578 4581 4584 4587 
4590 4593 4596 4599 4602 4605 4608 4611 4614 
4617 4620 4623 4626 4629 4632 4635 4638 4641 
4644 4647 4650 4653 4656 4659 4662 4665 4668 
4671 4674 4677 4680 4683 4686 4689 4692 4695 
4698 4701 4704 4707 4710 4713 4716 4719 4722 
4725 4728 4731 4734 4737 4740 4743 4746 4749 
4752 4755 4758 4761 4764 4767 4770 4773 4776 
4779 4782 4785 4788 4791 4794 4797 4800 4803 
4806 4809 4812 4815 4818 4821 4824 4827 4830 
4833 4836 4839 4842 4845 4848 4851 4854 4857 
4860 4863 4866 4869 4872 4875 4878 4881 4884 
4887 4890 4893 4896 4899 4902 4905 4908 4911 
4914 4917 4920 4923 4926 4929 4932 4935 4938 
4941 4944 4947 4950 4953 4956 4959 4962 4965 
4968 4971 4974 4977 4980 4983 4986 4989 4992 
4995 4998 5001 5004 5007 5010 5013 5016 5019 
5022 5025 5028 5031 5034 5037 5040 5043 5046 
5049 5052 5055 5058 5061 5064 5067 5070 5073 
5076 5079 5082 5085 5088 5091 5094 5097 5100 
5103 5106 5109 5112 5115 5118 5121 5124 5127 
5130 5133 5136 5139 5142 5145 5148 5151 5154 
5157 5160 5163 5166 5169 5172 5175 5178 5181 
5184 5187 5190 5193 5196 5199 5202 5205 5208 
5211 5214 5217 5220 5223 5226 5229 5232 5235 
5238 5241 5244 5247 5250 5253 5256 5259 5262 
5265 5268 5271 5274 5277 5280 5283 5286 5289 
5292 5295 5298 5301 5304 5307 5310 5313 5316 
5319 5322 5325 5328 5331 5334 5337 5340 5343 
5346 5349 5352 5355 5358 5361 5364 5367 5370 
5373 5376 5379 5382 5385 5388 5391 5394 5397 
5400 5403 5406 5409 5412 5415 5418 5421 5424 
5427 5430 5433 5436 5439 5442 5445 5448 5451 
5454 5457 5460 5463 5466 5469 5472 5475 5478 
5481 5484 5487 5490 5493 5496 5499 5502 5505 
5508 5511 5514 5517 5520 5523 5526 5529 5532 
5535 5538 5541 5544 5547 5550 5553 5556 5559 
5562 5565 5568 5571 5574 5577 5580 5583 5586 
5589 5592 5595 5598 5601 5604 5607 5610 5613 
5616 5619 5622 5625 5628 5631 5634 5637 5640 
5643 5646 5649 5652 5655 5658 5661 5664 5667 
5670 5673 5676 5679 5682 5685 5688 5691 5694 
5697 5700 5703 5706 5709 5712 5715 5718 5721 
5724 5727 5730 5733 5736 5739 5742 5745 5748 
5751 5754 5757 5760 5763 5766 5769 5772 5775 
5778 5781 5784 5787 5790 5793 5796 5799 5802 
5805 5808 5811 5814 5817 5820 5823 5826 5829 
5832 5835 5838 5841 5844 5847 5850 5853 5856 
5859 5862 5865 5868 5871 5874 5877 5880 5883 
5886 5889 5892 5895 5898 5901 5904 5907 5910 
5913 5916 5919 5922 5925 5928 5931 5934 5937 
5940 5943 5946 5949 5952 5955 5958 5961 5964 
5967 5970 5973 5976 5979 5982 5985 5988 5991 
5994 5997 6000 6003 6006 6009 6012 6015 6018 
6021 6024 6027 6030 6033 6036 6039 6042 6045 
6048 6051 6054 6057 6060 6063 6066 6069 6072 
6075 6078 6081 6084 6087 6090 6093 6096 6099 
6102 6105 6108 6111 6114 6117 6120 6123 6126 
6129 6132 6135 6138 6141 6144 6147 6150 6153 
6156 6159 6162 6165 6168 6171 6174 6177 6180 
6183 6186 6189 6192 6195 6198 6201 6204 6207 
6210 6213 6216 6219 6222 6225 6228 6231 6234 
6237 6240 6243 6246 6249 6252 6255 6258 6261 
6264 6267 6270 6273 6276 6279 6282 6285 6288 
6291 6294 6297 6300 6303 6306 6309 6312 6315 
6318 6321 6324 6327 6330 6333 6336 6339 6342 
6345 6348 6351 6354 6357 6360 6363 6366 6369 
6372 6375 6378 6381 6384 6387 6390 6393 6396 
6399 6402 6405 6408 6411 6414 6417 6420 6423 
6426 6429 6432 6435 6438 6441 6444 6447 6450 
6453 6456 6459 6462 6465 6468 6471 6474 6477 
6480 6483 6486 6489 6492 6495 6498 6501 6504 
6507 6510 6513 6516 6519 6522 6525 6528 6531 
6534 6537 6540 6543 6546 6549 6552 6555 6558 
6561 6564 6567 6570 6573 6576 6579 6582 6585 
6588 6591 6594 6597 6600 6603 6606 6609 6612 
6615 6618 6621 6624 6627 6630 6633 6636 6639 
6642 6645 6648 6651 6654 6657 6660 6663 6666 
6669 6672 6675 6678 6681 6684 6687 6690 6693 
6696 6699 6702 6705 6708 6711 6714 6717 6720 
6723 6726 6729 6732 6735 6738 6741 6744 6747 
6750 6753 6756 6759 6762 6765 6768 6771 6774 
6777 6780 6783 6786 6789 6792 6795 6798 6801 
6804 6807 6810 6813 6816 6819 6822 6825 6828 
6831 6834 6837 6840 6843 6846 6849 6852 6855 
6858 6861 6864 6867 6870 6873 6876 6879 6882 
6885 6888 6891 6894 6897 6900 6903 6906 6909 
6912 6915 6918 6921 6924 6927 6930 6933 6936 
6939 6942 6945 6948 6951 6954 6957 6960 6963 
6966 6969 6972 6975 6978 6981 6984 6987 6990 
6993 6996 6999 7002 7005 7008 7011 7014 7017 
7020 7023 7026 7029 7032 7035 7038 7041 7044 
7047 7050 7053 7056 7059 7062 7065 7068 7071 
7074 7077 7080 7083 7086 7089 7092 7095 7098 
7101 7104 7107 7110 7113 7116 7119 7122 7125 
7128 7131 7134 7137 7140 7143 7146 7149 7152 
7155 7158 7161 7164 7167 7170 7173 7176 7179 
7182 7185 7188 7191 7194 7197 7200 7203 7206 
7209 7212 7215 7218 7221 7224 7227 7230 7233 
7236 7239 7242 7245 7248 7251 7254 7257 7260 
7263 7266 7269 7272 7275 7278 7281 7284 7287 
7290 7293 7296 7299 7302 7305 7308 7311 7314 
7317 7320 7323 7326 7329 7332 7335 7338 7341 
7344 7347 7350 7353 7356 7359 7362 7365 7368 
7371 7374 7377 7380 7383 7386 7389 7392 7395 
7398 7401 7404 7407 7410 7413 7416 7419 7422 
7425 7428 7431 7434 7437 7440 7443 7446 7449 
7452 7455 7458 7461 7464 7467 7470 7473 7476 
7479 7482 7485 7488 7491 7494 7497 7500 7503 
7506 7509 7512 7515 7518 7521 7524 7527 7530 
7533 7536 7539 7542 7545 7548 7551 7554 7557 
7560 7563 7566 7569 7572 7575 7578 7581 7584 
7587 7590 7593 7596 7599 7602 7605 7608 7611 
7614 7617 7620 7623 7626 7629 7632 7635 7638 
7641 7644 7647 7650 7653 7656 7659 7662 7665 
7668 7671 7674 7677 7680 7683 7686 7689 7692 
7695 7698 7701 7704 7707 7710 7713 7716 7719 
7722 7725 7728 7731 7734 7737 7740 7743 7746 
7749 7752 7755 7758 7761 7764 7767 7770 7773 
7776 7779 7782 7785 7788 7791 7794 7797 7800 
7803 7806 7809 7812 7815 7818 7821 7824 7827 
7830 7833 7836 7839 7842 7845 7848 7851 7854 
7857 7860 7863 7866 7869 7872 7875 7878 7881 
7884 7887 7890 7893 7896 7899 7902 7905 7908 
7911 7914 7917 7920 7923 7926 7929 7932 7935 
7938 7941 7944 7947 7950 7953 7956 7959 7962 
7965 7968 7971 7974 7977 7980 7983 7986 7989 
7992 7995 7998 8001 8004 8007 8010 8013 8016 
8019 8022 8025 8028 8031 8034 8037 8040 8043 
8046 8049 8052 8055 8058 8061 8064 8067 8070 
8073 8076 8079 8082 8085 8088 8091 8094 8097 
8100 8103 8106 8109 8112 8115 8118 8121 8124 
8127 8130 8133 8136 8139 8142 8145 8148 8151 
8154 8157 8160 8163 8166 8169 8172 8175 8178 
8181 8184 8187 8190 8193 8196 8199 8202 8205 
8208 8211 8214 8217 8220 8223 8226 8229 8232 
8235 8238 8241 8244 8247 8250 8253 8256 8259 
8262 8265 8268 8271 8274 8277 8280 8283 8286 
8289 8292 8295 8298 8301 8304 8307 8310 8313 
8316 8319 8322 8325 8328 8331 8334 8337 8340 
8343 8346 8349 8352 8355 8358 8361 8364 8367 
8370 8373 8376 8379 8382 8385 8388 8391 8394 
8397 8400 8403 8406 8409 8412 8415 8418 8421 
8424 8427 8430 8433 8436 8439 8442 8445 8448 
8451 8454 8457 8460 8463 8466 8469 8472 8475 
8478 8481 8484 8487 8490 8493 8496 8499 8502 
8505 8508 8511 8514 8517 8520 8523 8526 8529 
8532 8535 8538 8541 8544 8547 8550 8553 8556 
8559 8562 8565 8568 8571 8574 8577 8580 8583 
8586 8589 8592 8595 8598 8601 8604 8607 8610 
8613 8616 8619 8622 8625 8628 8631 8634 8637 
8640 8643 8646 8649 8652 8655 8658 8661 8664 
8667 8670 8673 8676 8679 8682 8685 8688 8691 
8694 8697 8700 8703 8706 8709 8712 8715 8718 
8721 8724 8727 8730 8733 8736 8739 8742 8745 
8748 8751 8754 8757 8760 8763 8766 8769 8772 
8775 8778 8781 8784 8787 8790 8793 8796 8799 
8802 8805 8808 8811 8814 8817 8820 8823 8826 
8829 8832 8835 8838 8841 8844 8847 8850 8853 
8856 8859 8862 8865 8868 8871 8874 8877 8880 
8883 8886 8889 8892 8895 8898 8901 8904 8907 
8910 8913 8916 8919 8922 8925 8928 8931 8934 
8937 8940 8943 8946 8949 8952 8955 8958 8961 
8964 8967 8970 8973 8976 8979 8982 8985 8988 
8991 8994 8997 9000 9003 9006 9009 9012 9015 
9018 9021 9024 9027 9030 9033 9036 9039 9042 
9045 9048 9051 9054 9057 9060 9063 9066 9069 
9072 9075 9078 9081 9084 9087 9090 9093 9096 
9099 9102 9105 9108 9111 9114 9117 9120 9123 
9126 9129 9132 9135 9138 9141 9144 9147 9150 
9153 9156 9159 9162 9165 9168 9171 9174 9177 
9180 9183 9186 9189 9192 9195 9198 9201 9204 
9207 9210 9213 9216 9219 9222 9225 9228 9231 
9234 9237 9240 9243 9246 9249 9252 9255 9258 
9261 9264 9267 9270 9273 9276 9279 9282 9285 
9288 9291 9294 9297 9300 9303 9306 9309 9312 
9315 9318 9321 9324 9327 9330 9333 9336 9339 
9342 9345 9348 9351 9354 9357 9360 9363 9366 
9369 9372 9375 9378 9381 9384 9387 9390 9393 
9396 9399 9402 9405 9408 9411 9414 9417 9420 
9423 9426 9429 9432 9435 9438 9441 9444 9447 
9450 9453 9456 9459 9462 9465 9468 9471 9474 
9477 9480 9483 9486 9489 9492 9495 9498 9501 
9504 9507 9510 9513 9516 9519 9522 9525 9528 
9531 9534 9537 9540 9543 9546 9549 9552 9555 
9558 9561 9564 9567 9570 9573 9576 9579 9582 
9585 9588 9591 9594 9597 9600 9603 9606 9609 
9612 9615 9618 9621 9624 9627 9630 9633 9636 
9639 9642 9645 9648 9651 9654 9657 9660 9663 
9666 9669 9672 9675 9678 9681 9684 9687 9690 
9693 9696 9699 9702 9705 9708 9711 9714 9717 
9720 9723 9726 9729 9732 9735 9738 9741 9744 
9747 9750 9753 9756 9759 9762 9765 9768 9771 
9774 9777 9780 9783 9786 9789 9792 9795 9798 
9801 9804 9807 9810 9813 9816 9819 9822 9825 
9828 9831 9834 9837 9840 9843 9846 9849 9852 
9855 9858 9861 9864 9867 9870 9873 9876 9879 
9882 9885 9888 9891 9894 9897 9900 9903 9906 
9909 9912 9915 9918 9921 9924 9927 9930 9933 
9936 9939 9942 9945 9948 9951 9954 9957 9960 
9963 9966 9969 9972 9975 9978 9981 9984 9987 
9990 9993 9996 9999 10002 10005 10008 10011 10014 
10017 10020 10023 10026 10029 10032 10035 10038 10041 
10044 10047 10050 10053 10056 10059 10062 10065 10068 
10071 10074 10077 10080 10083 10086 10089 10092 10095 
10098 10101 10104 10107 10110 10113 10116 10119 10122 
10125 10128 10131 10134 10137 10140 10143 10146 10149 
10152 10155 10158 10161 10164 10167 10170 10173 10176 
10179 10182 10185 10188 10191 10194 10197 10200 10203 
10206 10209 10212 10215 10218 10221 10224 10227 10230 
10233 10236 10239 10242 10245 10248 10251 10254 10257 
10260 10263 10266 10269 10272 10275 10278 10281 10284 
10287 10290 10293 10296 10299 10302 10305 10308 10311 
10314 10317 10320 10323 10326 10329 10332 10335 10338 
10341 10344 10347 10350 10353 10356 10359 10362 10365 
10368 10371 10374 10377 10380 10383 10386 10389 10392 
10395 10398 10401 10404 10407 10410 10413 10416 10419 
10422 10425 10428 10431 10434 10437 10440 10443 10446 
10449 10452 10455 10458 10461 10464 10467 10470 10473 
10476 10479 10482 10485 10488 10491 10494 10497 10500 
10503 10506 10509 10512 10515 10518 10521 10524 10527 
10530 10533 10536 10539 10542 10545 10548 10551 10554 
10557 10560 10563 10566 10569 10572 10575 10578 10581 
10584 10587 10590 10593 10596 10599 10602 10605 10608 
10611 10614 10617 10620 10623 10626 10629 10632 10635 
10638 10641 10644 10647 10650 10653 10656 10659 10662 
10665 10668 10671 10674 10677 10680 10683 10686 10689 
10692 10695 10698 10701 10704 10707 10710 10713 10716 
10719 10722 10725 10728 10731 10734 10737 10740 10743 
10746 10749 10752 10755 10758 10761 10764 10767 10770 
10773 10776 10779 10782 10785 10788 10791 10794 10797 
10800 10803 10806 10809 10812 10815 10818 10821 10824 
10827 10830 10833 10836 10839 10842 10845 10848 10851 
10854 10857 10860 10863 10866 10869 10872 10875 10878 
10881 10884 10887 10890 10893 10896 10899 10902 10905 
10908 10911 10914 10917 10920 10923 10926 10929 10932 
10935 10938 10941 10944 10947 10950 10953 10956 10959 
10962 10965 10968 10971 10974 10977 10980 10983 10986 
10989 10992 10995 10998 11001 11004 11007 11010 11013 
11016 11019 11022 11025 11028 11031 11034 11037 11040 
11043 11046 11049 11052 11055 11058 11061 11064 11067 
11070 11073 11076 11079 11082 11085 11088 11091 11094 
11097 11100 11103 11106 11109 11112 11115 11118 11121 
11124 11127 11130 11133 11136 11139 11142 11145 11148 
11151 11154 11157 11160 11163 11166 11169 11172 11175 
11178 11181 11184 11187 11190 11193 11196 11199 11202 
11205 11208 11211 11214 11217 11220 11223 11226 11229 
11232 11235 11238 11241 11244 11247 11250 11253 11256 
11259 11262 11265 11268 11271 11274 11277 11280 11283 
11286 11289 11292 11295 11298 11301 11304 11307 11310 
11313 11316 11319 11322 11325 11328 11331 11334 11337 
11340 11343 11346 11349 11352 11355 11358 11361 11364 
11367 11370 11373 11376 11379 11382 11385 11388 11391 
11394 11397 11400 11403 11406 11409 11412 11415 11418 
11421 11424 11427 11430 11433 11436 11439 11442 11445 
11448 11451 11454 11457 11460 11463 11466 11469 11472 
11475 11478 11481 11484 11487 11490 11493 11496 11499 
11502 11505 11508 11511 11514 11517 11520 11523 11526 
11529 11532 11535 11538 11541 11544 11547 11550 11553 
11556 11559 11562 11565 11568 11571 11574 11577 11580 
11583 11586 11589 11592 11595 11598 11601 11604 11607 
11610 11613 11616 11619 11622 11625 11628 11631 11634 
11637 11640 11643 11646 11649 11652 11655 11658 11661 
11664 11667 11670 11673 11676 11679 11682 11685 11688 
11691 11694 11697 11700 11703 11706 11709 11712 11715 
11718 11721 11724 11727 11730 11733 11736 11739 11742 
11745 11748 11751 11754 11757 11760 11763 11766 11769 
11772 11775 11778 11781 11784 11787 11790 11793 11796 
11799 11802 11805 11808 11811 11814 11817 11820 11823 
11826 11829 11832 11835 11838 11841 11844 11847 11850 
11853 11856 11859 11862 11865 11868 11871 11874 11877 
11880 11883 11886 11889 11892 11895 11898 11901 11904 
11907 11910 11913 11916 11919 11922 11925 11928 11931 
11934 11937 11940 11943 11946 11949 11952 11955 11958 
11961 11964 11967 11970 11973 11976 11979 11982 11985 
11988 11991 11994 11997 12000 12003 12006 12009 12012 
12015 12018 12021 12024 12027 12030 12033 12036 12039 
12042 12045 12048 12051 12054 12057 12060 12063 12066 
12069 12072 12075 12078 12081 12084 12087 12090 12093 
12096 12099 12102 12105 12108 12111 12114 12117 12120 
12123 12126 12129 12132 12135 12138 12141 12144 12147 
12150 12153 12156 12159 12162 12165 12168 12171 12174 
12177 12180 12183 12186 12189 12192 12195 12198 12201 
12204 12207 12210 12213 12216 12219 12222 12225 12228 
12231 12234 12237 12240 12243 12246 12249 12252 12255 
12258 12261 12264 12267 12270 12273 12276 12279 12282 
12285 12288 12291 12294 12297 12300 12303 12306 12309 
12312 12315 12318 12321 12324 12327 12330 12333 12336 
12339 12342 12345 12348 12351 12354 12357 12360 12363 
12366 12369 12372 12375 12378 12381 12384 12387 12390 
12393 12396 12399 12402 12405 12408 12411 12414 12417 
12420 12423 12426 12429 12432 12435 12438 12441 12444 
12447 12450 12453 12456 12459 12462 12465 12468 12471 
12474 12477 12480 12483 12486 12489 12492 12495 12498 
12501 12504 12507 12510 12513 12516 12519 12522 12525 
12528 12531 12534 12537 12540 12543 12546 12549 12552 
12555 12558 12561 12564 12567 12570 12573 12576 12579 
12582 12585 12588 12591 12594 12597 12600 12603 12606 
12609 12612 12615 12618 12621 12624 12627 12630 12633 
12636 12639 12642 12645 12648 12651 12654 12657 12660 
12663 12666 12669 12672 12675 12678 12681 12684 12687 
12690 12693 12696 12699 12702 12705 12708 12711 12714 
12717 12720 12723 12726 12729 12732 12735 12738 12741 
12744 12747 12750 12753 12756 12759 12762 12765 12768 
12771 12774 12777 12780 12783 12786 12789 12792 12795 
12798 12801 12804 12807 12810 12813 12816 12819 12822 
12825 12828 12831 12834 12837 12840 12843 12846 12849 
12852 12855 12858 12861 12864 12867 12870 12873 12876 
12879 12882 12885 12888 12891 12894 12897 12900 12903 
12906 12909 12912 12915 12918 12921 12924 12927 12930 
12933 12936 12939 12942 12945 12948 12951 12954 12957 
12960 12963 12966 12969 12972 12975 12978 12981 12984 
12987 12990 12993 12996 12999 13002 13005 13008 13011 
13014 13017 13020 13023 13026 13029 13032 13035 13038 
13041 13044 13047 13050 13053 13056 13059 13062 13065 
13068 13071 13074 13077 13080 13083 13086 13089 13092 
13095 13098 13101 13104 13107 13110 13113 13116 13119 
13122 13125 13128 13131 13134 13137 13140 13143 13146 
13149 13152 13155 13158 13161 13164 13167 13170 13173 
13176 13179 13182 13185 13188 13191 13194 13197 13200 
13203 13206 13209 13212 13215 13218 13221 13224 13227 
13230 13233 13236 13239 13242 13245 13248 13251 13254 
13257 13260 13263 13266 13269 13272 13275 13278 13281 
13284 13287 13290 13293 13296 13299 13302 13305 13308 
13311 13314 13317 13320 13323 13326 13329 13332 13335 
13338 13341 13344 13347 13350 13353 13356 13359 13362 
13365 13368 13371 13374 13377 13380 13383 13386 13389 
13392 13395 13398 13401 13404 13407 13410 13413 13416 
13419 13422 13425 13428 13431 13434 13437 13440 13443 
13446 13449 13452 13455 13458 13461 13464 13467 13470 
13473 13476 13479 13482 13485 13488 13491 13494 13497 
13500 13503 13506 13509 13512 13515 13518 13521 13524 
13527 13530 13533 13536 13539 13542 13545 13548 13551 
13554 13557 13560 13563 13566 13569 13572 13575 13578 
13581 13584 13587 13590 13593 13596 13599 13602 13605 
13608 13611 13614 13617 13620 13623 13626 13629 13632 
13635 13638 13641 13644 13647 13650 13653 13656 13659 
13662 13665 13668 13671 13674 13677 13680 13683 13686 
13689 13692 13695 13698 13701 13704 13707 13710 13713 
13716 13719 13722 13725 13728 13731 13734 13737 13740 
13743 13746 13749 13752 13755 13758 13761 13764 13767 
13770 13773 13776 13779 13782 13785 13788 13791 13794 
13797 13800 13803 13806 13809 13812 13815 13818 13821 
13824 13827 13830 13833 13836 13839 13842 13845 13848 
13851 13854 13857 13860 13863 13866 13869 13872 13875 
13878 13881 13884 13887 13890 13893 13896 13899 13902 
13905 13908 13911 13914 13917 13920 13923 13926 13929 
13932 13935 13938 13941 13944 13947 13950 13953 13956 
13959 13962 13965 13968 13971 13974 13977 13980 13983 
13986 13989 13992 13995 13998 14001 14004 14007 14010 
14013 14016 14019 14022 14025 14028 14031 14034 14037 
14040 14043 14046 14049 14052 14055 14058 14061 14064 
14067 14070 14073 14076 14079 14082 14085 14088 14091 
14094 14097 14100 14103 14106 14109 14112 14115 14118 
14121 14124 14127 14130 14133 14136 14139 14142 14145 
14148 14151 14154 14157 14160 14163 14166 14169 14172 
14175 14178 14181 14184 14187 14190 14193 14196 14199 
14202 14205 14208 14211 14214 14217 14220 14223 14226 
14229 14232 14235 14238 14241 14244 14247 14250 14253 
14256 14259 14262 14265 14268 14271 14274 14277 14280 
14283 14286 14289 14292 14295 14298 14301 14304 14307 
14310 14313 14316 14319 14322 14325 14328 14331 14334 
14337 14340 14343 14346 14349 14352 14355 14358 14361 
14364 14367 14370 14373 14376 14379 14382 14385 14388 
14391 14394 14397 14400 14403 14406 14409 14412 14415 
14418 14421 14424 14427 14430 14433 14436 14439 14442 
14445 14448 14451 14454 14457 14460 14463 14466 14469 
14472 14475 14478 14481 14484 14487 14490 14493 14496 
14499 14502 14505 14508 14511 14514 14517 14520 14523 
14526 14529 14532 14535 14538 14541 14544 14547 14550 
14553 14556 14559 14562 14565 14568 14571 14574 14577 
14580 14583 14586 14589 14592 14595 14598 14601 14604 
14607 14610 14613 14616 14619 14622 14625 14628 14631 
14634 14637 14640 14643 14646 14649 14652 14655 14658 
14661 14664 14667 14670 14673 14676 14679 14682 14685 
14688 14691 14694 14697 14700 14703 14706 14709 14712 
14715 14718 14721 14724 14727 14730 14733 14736 14739 
14742 14745 14748 14751 14754 14757 14760 14763 14766 
14769 14772 14775 14778 14781 14784 14787 14790 14793 
14796 14799 14802 14805 14808 14811 14814 14817 14820 
14823 14826 14829 14832 14835 14838 14841 14844 14847 
14850 14853 14856 14859 14862 14865 14868 14871 14874 
14877 14880 14883 14886 14889 14892 14895 14898 14901 
14904 14907 14910 14913 14916 14919 14922 14925 14928 
14931 14934 14937 14940 14943 14946 14949 14952 14955 
14958 14961 14964 14967 14970 14973 14976 14979 14982 
14985 14988 14991 14994 14997 15000 15003 15006 15009 
15012 15015 15018 15021 15024 15027 15030 15033 15036 
15039 15042 15045 15048 15051 15054 15057 15060 15063 
15066 15069 15072 15075 15078 15081 15084 15087 15090 
15093 15096 15099 15102 15105 15108 15111 15114 15117 
15120 15123 15126 15129 15132 15135 15138 15141 15144 
15147 15150 15153 15156 15159 15162 15165 15168 15171 
15174 15177 15180 15183 15186 15189 15192 15195 15198 
15201 15204 15207 15210 15213 15216 15219 15222 15225 
15228 15231 15234 15237 15240 15243 15246 15249 15252 
15255 15258 15261 15264 15267 15270 15273 15276 15279 
15282 15285 15288 15291 15294 15297 15300 15303 15306 
15309 15312 15315 15318 15321 15324 15327 15330 15333 
15336 15339 15342 15345 15348 15351 15354 15357 15360 
15363 15366 15369 15372 15375 15378 15381 15384 15387 
15390 15393 15396 15399 15402 15405 15408 15411 15414 
15417 15420 15423 15426 15429 15432 15435 15438 15441 
15444 15447 15450 15453 15456 15459 15462 15465 15468 
15471 15474 15477 15480 15483 15486 15489 15492 15495 
15498 15501 15504 15507 15510 15513 15516 15519 15522 
15525 15528 15531 15534 15537 15540 15543 15546 15549 
15552 15555 15558 15561 15564 15567 15570 15573 15576 
15579 15582 15585 15588 15591 15594 15597 15600 15603 
15606 15609 15612 15615 15618 15621 15624 15627 15630 
15633 15636 15639 15642 15645 15648 15651 15654 15657 
15660 15663 15666 15669 15672 15675 15678 15681 15684 
15687 15690 15693 15696 15699 15702 15705 15708 15711 
15714 15717 15720 15723 15726 15729 15732 15735 15738 
15741 15744 15747 15750 15753 15756 15759 15762 15765 
15768 15771 15774 15777 15780 15783 15786 15789 15792 
15795 15798 15801 15804 15807 15810 15813 15816 15819 
15822 15825 15828 15831 15834 15837 15840 15843 15846 
15849 15852 15855 15858 15861 15864 15867 15870 15873 
15876 15879 15882 15885 15888 15891 15894 15897 15900 
15903 15906 15909 15912 15915 15918 15921 15924 15927 
15930 15933 15936 15939 15942 15945 15948 15951 15954 
15957 15960 15963 15966 15969 15972 15975 15978 15981 
15984 15987 15990 15993 15996 15999 16002 16005 16008 
16011 16014 16017 16020 16023 16026 16029 16032 16035 
16038 16041 16044 16047 16050 16053 16056 16059 16062 
16065 16068 16071 16074 16077 16080 16083 16086 16089 
16092 16095 16098 16101 16104 16107 16110 16113 16116 
16119 16122 16125 16128 16131 16134 16137 16140 16143 
16146 16149 16152 16155 16158 16161 16164 16167 16170 
16173 16176 16179 16182 16185 16188 16191 16194 16197 
16200 16203 16206 16209 16212 16215 16218 16221 16224 
16227 16230 16233 16236 16239 16242 16245 16248 16251 
16254 16257 16260 16263 16266 16269 16272 16275 16278 
16281 16284 16287 16290 16293 16296 16299 16302 16305 
16308 16311 16314 16317 16320 16323 16326 16329 16332 
16335 16338 16341 16344 16347 16350 16353 16356 16359 
16362 16365 16368 16371 16374 16377 16380 16383 16386 
16389 16392 16395 16398 16401 16404 16407 16410 16413 
16416 16419 16422 16425 16428 16431 16434 16437 16440 
16443 16446 16449 16452 16455 16458 16461 16464 16467 
16470 16473 16476 16479 16482 16485 16488 16491 16494 
16497 16500 16503 16506 16509 16512 16515 16518 16521 
16524 16527 16530 16533 16536 16539 16542 16545 16548 
16551 16554 16557 16560 16563 16566 16569 16572 16575 
16578 16581 16584 16587 16590 16593 16596 16599 16602 
16605 16608 16611 16614 16617 16620 16623 16626 16629 
16632 16635 16638 16641 16644 16647 16650 16653 16656 
16659 16662 16665 16668 16671 16674 16677 16680 16683 
16686 16689 16692 16695 16698 16701 16704 16707 16710 
16713 16716 16719 16722 16725 16728 16731 16734 16737 
16740 16743 16746 16749 16752 16755 16758 16761 16764 
16767 16770 16773 16776 16779 16782 16785 16788 16791 
16794 16797 16800 16803 16806 16809 16812 16815 16818 
16821 16824 16827 16830 16833 16836 16839 16842 16845 
16848 16851 16854 16857 16860 16863 16866 16869 16872 
16875 16878 16881 16884 16887 16890 16893 16896 16899 
16902 16905 16908 16911 16914 16917 16920 16923 16926 
16929 16932 16935 16938 16941 16944 16947 16950 16953 
16956 16959 16962 16965 16968 16971 16974 16977 16980 
16983 16986 16989 16992 16995 16998 17001 17004 17007 
17010 17013 17016 17019 17022 17025 17028 17031 17034 
17037 17040 17043 17046 17049 17052 17055 17058 17061 
17064 17067 17070 17073 17076 17079 17082 17085 17088 
17091 17094 17097 17100 17103 17106 17109 17112 17115 
17118 17121 17124 17127 17130 17133 17136 17139 17142 
17145 17148 17151 17154 17157 17160 17163 17166 17169 
17172 17175 17178 17181 17184 17187 17190 17193 17196 
17199 17202 17205 17208 17211 17214 17217 17220 17223 
17226 17229 17232 17235 17238 17241 17244 17247 17250 
17253 17256 17259 17262 17265 17268 17271 17274 17277 
17280 17283 17286 17289 17292 17295 17298 17301 17304 
17307 17310 17313 17316 17319 17322 17325 17328 17331 
17334 17337 17340 17343 17346 17349 17352 17355 17358 
17361 17364 17367 17370 17373 17376 17379 17382 17385 
17388 17391 17394 17397 17400 17403 17406 17409 17412 
17415 17418 17421 17424 17427 17430 17433 17436 17439 
17442 17445 17448 17451 17454 17457 17460 17463 17466 
17469 17472 17475 17478 17481 17484 17487 17490 17493 
17496 17499 17502 17505 17508 17511 17514 17517 17520 
17523 17526 17529 17532 17535 17538 17541 17544 17547 
17550 17553 17556 17559 17562 17565 17568 17571 17574 
17577 17580 17583 17586 17589 17592 17595 17598 17601 
17604 17607 17610 17613 17616 17619 17622 17625 17628 
17631 17634 17637 17640 17643 17646 17649 17652 17655 
17658 17661 17664 17667 17670 17673 17676 17679 17682 
17685 17688 17691 17694 17697 17700 17703 17706 17709 
17712 17715 17718 17721 17724 17727 17730 17733 17736 
17739 17742 17745 17748 17751 17754 17757 17760 17763 
17766 17769 17772 17775 17778 17781 17784 17787 17790 
17793 17796 17799 17802 17805 17808 17811 17814 17817 
17820 17823 17826 17829 17832 17835 17838 17841 17844 
17847 17850 17853 17856 17859 17862 17865 17868 17871 
17874 17877 17880 17883 17886 17889 17892 17895 17898 
17901 17904 17907 17910 17913 17916 17919 17922 17925 
17928 17931 17934 17937 17940 17943 17946 17949 17952 
17955 17958 17961 17964 17967 17970 17973 17976 17979 
17982 17985 17988 17991 17994 17997 18000 18003 18006 
18009 18012 18015 18018 18021 18024 18027 18030 18033 
18036 18039 18042 18045 18048 18051 18054 18057 18060 
18063 18066 18069 18072 18075 18078 18081 18084 18087 
18090 18093 18096 18099 18102 18105 18108 18111 18114 
18117 18120 18123 18126 18129 18132 18135 18138 18141 
18144 18147 18150 18153 18156 18159 18162 18165 18168 
18171 18174 18177 18180 18183 18186 18189 18192 18195 
18198 18201 18204 18207 18210 18213 18216 18219 18222 
18225 18228 18231 18234 18237 18240 18243 18246 18249 
18252 18255 18258 18261 18264 18267 18270 18273 18276 
18279 18282 18285 18288 18291 18294 18297 18300 18303 
18306 18309 18312 18315 18318 18321 18324 18327 18330 
18333 18336 18339 18342 18345 18348 18351 18354 18357 
18360 18363 18366 18369 18372 18375 18378 18381 18384 
18387 18390 18393 18396 18399 18402 18405 18408 18411 
18414 18417 18420 18423 18426 18429 18432 18435 18438 
18441 18444 18447 18450 18453 18456 18459 18462 18465 
18468 18471 18474 18477 18480 18483 18486 18489 18492 
18495 18498 18501 18504 18507 18510 18513 18516 18519 
18522 18525 18528 18531 18534 18537 18540 18543 18546 
18549 18552 18555 18558 18561 18564 18567 18570 18573 
18576 18579 18582 18585 18588 18591 18594 18597 18600 
18603 18606 18609 18612 18615 18618 18621 18624 18627 
18630 18633 18636 18639 18642 18645 18648 18651 18654 
18657 18660 18663 18666 18669 18672 18675 18678 18681 
18684 18687 18690 18693 18696 18699 18702 18705 18708 
18711 18714 18717 18720 18723 18726 18729 18732 18735 
18738 18741 18744 18747 18750 18753 18756 18759 18762 
18765 18768 18771 18774 18777 18780 18783 18786 18789 
18792 18795 18798 18801 18804 18807 18810 18813 18816 
18819 18822 18825 18828 18831 18834 18837 18840 18843 
18846 18849 18852 18855 18858 18861 18864 18867 18870 
18873 18876 18879 18882 18885 18888 18891 18894 18897 
18900 18903 18906 18909 18912 18915 18918 18921 18924 
18927 18930 18933 18936 18939 18942 18945 18948 18951 
18954 18957 18960 18963 18966 18969 18972 18975 18978 
18981 18984 18987 18990 18993 18996 18999 19002 19005 
19008 19011 19014 19017 19020 19023 19026 19029 19032 
19035 19038 19041 19044 19047 19050 19053 19056 19059 
19062 19065 19068 19071 19074 19077 19080 19083 19086 
19089 19092 19095 19098 19101 19104 19107 19110 19113 
19116 19119 19122 19125 19128 19131 19134 19137 19140 
19143 19146 19149 19152 19155 19158 19161 19164 19167 
19170 19173 19176 19179 19182 19185 19188 19191 19194 
19197 19200 19203 19206 19209 19212 19215 19218 19221 
19224 19227 19230 19233 19236 19239 19242 19245 19248 
19251 19254 19257 19260 19263 19266 19269 19272 19275 
19278 19281 19284 19287 19290 19293 19296 19299 19302 
19305 19308 19311 19314 19317 19320 19323 19326 19329 
19332 19335 19338 19341 19344 19347 19350 19353 19356 
19359 19362 19365 19368 19371 19374 19377 19380 19383 
19386 19389 19392 19395 19398 19401 19404 19407 19410 
19413 19416 19419 19422 19425 19428 19431 19434 19437 
19440 19443 19446 19449 19452 19455 19458 19461 19464 
19467 19470 19473 19476 19479 19482 19485 19488 19491 
19494 19497 19500 19503 19506 19509 19512 19515 19518 
19521 19524 19527 19530 19533 19536 19539 19542 19545 
19548 19551 19554 19557 19560 19563 19566 19569 19572 
19575 19578 19581 19584 19587 19590 19593 19596 19599 
19602 19605 19608 19611 19614 19617 19620 19623 19626 
19629 19632 19635 19638 19641 19644 19647 19650 19653 
19656 19659 19662 19665 19668 19671 19674 19677 19680 
19683 19686 19689 19692 19695 19698 19701 19704 19707 
19710 19713 19716 19719 19722 19725 19728 19731 19734 
19737 19740 19743 19746 19749 19752 19755 19758 19761 
19764 19767 19770 19773 19776 19779 19782 19785 19788 
19791 19794 19797 19800 19803 19806 19809 19812 19815 
19818 19821 19824 19827 19830 19833 19836 19839 19842 
19845 19848 19851 19854 19857 19860 19863 19866 19869 
19872 19875 19878 19881 19884 19887 19890 19893 19896 
19899 19902 19905 19908 19911 19914 19917 19920 19923 
19926 19929 19932 19935 19938 19941 19944 19947 19950 
19953 19956 19959 19962 19965 19968 19971 19974 19977 
19980 19983 19986 19989 19992 19995 19998 20001 20004 
20007 20010 20013 20016 20019 20022 20025 20028 20031 
20034 20037 20040 20043 20046 20049 20052 20055 20058 
20061 20064 20067 20070 20073 20076 20079 20082 20085 
20088 20091 20094 20097 20100 20103 20106 20109 20112 
20115 20118 20121 20124 20127 20130 20133 20136 20139 
20142 20145 20148 20151 20154 20157 20160 20163 20166 
20169 20172 20175 20178 20181 20184 20187 20190 20193 
20196 20199 20202 20205 20208 20211 20214 20217 20220 
20223 20226 20229 20232 20235 20238 20241 20244 20247 
20250 20253 20256 20259 20262 20265 20268 20271 20274 
20277 20280 20283 20286 20289 20292 20295 20298 20301 
20304 20307 20310 20313 20316 20319 20322 20325 20328 
20331 20334 20337 20340 20343 20346 20349 20352 20355 
20358 20361 20364 20367 20370 20373 20376 20379 20382 
20385 20388 20391 20394 20397 20400 20403 20406 20409 
20412 20415 20418 20421 20424 20427 20430 20433 20436 
20439 20442 20445 20448 20451 20454 20457 20460 20463 
20466 20469 20472 20475 20478 20481 20484 20487 20490 
20493 20496 20499 20502 20505 20508 20511 20514 20517 
20520 20523 20526 20529 20532 20535 20538 20541 20544 
20547 20550 20553 20556 20559 20562 20565 20568 20571 
20574 20577 20580 20583 20586 20589 20592 20595 20598 
20601 20604 20607 20610 20613 20616 20619 20622 20625 
20628 20631 20634 20637 20640 20643 20646 20649 20652 
20655 20658 20661 20664 20667 20670 20673 20676 20679 
20682 20685 20688 20691 20694 20697 20700 20703 20706 
20709 20712 20715 20718 20721 20724 20727 20730 20733 
20736 20739 20742 20745 20748 20751 20754 20757 20760 
20763 20766 20769 20772 20775 20778 20781 20784 20787 
20790 20793 20796 20799 20802 20805 20808 20811 20814 
20817 20820 20823 20826 20829 20832 20835 20838 20841 
20844 20847 20850 20853 20856 20859 20862 20865 20868 
20871 20874 20877 20880 20883 20886 20889 20892 20895 
20898 20901 20904 20907 20910 20913 20916 20919 20922 
20925 20928 20931 20934 20937 20940 20943 20946 20949 
20952 20955 20958 20961 20964 20967 20970 20973 20976 
20979 20982 20985 20988 20991 20994 20997 21000 21003 
21006 21009 21012 21015 21018 21021 21024 21027 21030 
21033 21036 21039 21042 21045 21048 21051 21054 21057 
21060 21063 21066 21069 21072 21075 21078 21081 21084 
21087 21090 21093 21096 21099 21102 21105 21108 21111 
21114 21117 21120 21123 21126 21129 21132 21135 21138 
21141 21144 21147 21150 21153 21156 21159 21162 21165 
21168 21171 21174 21177 21180 21183 21186 21189 21192 
21195 21198 21201 21204 21207 21210 21213 21216 21219 
21222 21225 21228 21231 21234 21237 21240 21243 21246 
21249 21252 21255 21258 21261 21264 21267 21270 21273 
21276 21279 21282 21285 21288 21291 21294 21297 21300 
21303 21306 21309 21312 21315 21318 21321 21324 21327 
21330 21333 21336 21339 21342 21345 21348 21351 21354 
21357 21360 21363 21366 21369 21372 21375 21378 21381 
21384 21387 21390 21393 21396 21399 21402 21405 21408 
21411 21414 21417 21420 21423 21426 21429 21432 21435 
21438 21441 21444 21447 21450 21453 21456 21459 21462 
21465 21468 21471 21474 21477 21480 21483 21486 21489 
21492 21495 21498 21501 21504 21507 21510 21513 21516 
21519 21522 21525 21528 21531 21534 21537 21540 21543 
21546 21549 21552 21555 21558 21561 21564 21567 21570 
21573 21576 21579 21582 21585 21588 21591 21594 21597 
21600 21603 21606 21609 21612 21615 21618 21621 21624 
21627 21630 21633 21636 21639 21642 21645 21648 21651 
21654 21657 21660 21663 21666 21669 21672 21675 21678 
21681 21684 21687 21690 21693 21696 21699 21702 21705 
21708 21711 21714 21717 21720 21723 21726 21729 21732 
21735 21738 21741 21744 21747 21750 21753 21756 21759 
21762 21765 21768 21771 21774 21777 21780 21783 21786 
21789 21792 21795 21798 21801 21804 21807 21810 21813 
21816 21819 21822 21825 21828 21831 21834 21837 21840 
21843 21846 21849 21852 21855 21858 21861 21864 21867 
21870 21873 21876 21879 21882 21885 21888 21891 21894 
21897 21900 21903 21906 21909 21912 21915 21918 21921 
21924 21927 21930 21933 21936 21939 21942 21945 21948 
21951 21954 21957 21960 21963 21966 21969 21972 21975 
21978 21981 21984 21987 21990 21993 21996 21999 22002 
22005 22008 22011 22014 22017 22020 22023 22026 22029 
22032 22035 22038 22041 22044 22047 22050 22053 22056 
22059 22062 22065 22068 22071 22074 22077 22080 22083 
22086 22089 22092 22095 22098 22101 22104 22107 22110 
22113 22116 22119 22122 22125 22128 22131 22134 22137 
22140 22143 22146 22149 22152 22155 22158 22161 22164 
22167 22170 22173 22176 22179 22182 22185 22188 22191 
22194 22197 22200 22203 22206 22209 22212 22215 22218 
22221 22224 22227 22230 22233 22236 22239 22242 22245 
22248 22251 22254 22257 22260 22263 22266 22269 22272 
22275 22278 22281 22284 22287 22290 22293 22296 22299 
22302 22305 22308 22311 22314 22317 22320 22323 22326 
22329 22332 22335 22338 22341 22344 22347 22350 22353 
22356 22359 22362 22365 22368 22371 22374 22377 22380 
22383 22386 22389 22392 22395 22398 22401 22404 22407 
22410 22413 22416 22419 22422 22425 22428 22431 22434 
22437 22440 22443 22446 22449 22452 22455 22458 22461 
22464 22467 22470 22473 22476 22479 22482 22485 22488 
22491 22494 22497 22500 22503 22506 22509 22512 22515 
22518 22521 22524 22527 22530 22533 22536 22539 22542 
22545 22548 22551 22554 22557 22560 22563 22566 22569 
22572 22575 22578 22581 22584 22587 22590 22593 22596 
22599 22602 22605 22608 22611 22614 22617 22620 22623 
22626 22629 22632 22635 22638 22641 22644 22647 22650 
22653 22656 22659 22662 22665 22668 22671 22674 22677 
22680 22683 22686 22689 22692 22695 22698 22701 22704 
22707 22710 22713 22716 22719 22722 22725 22728 22731 
22734 22737 22740 22743 22746 22749 22752 22755 22758 
22761 22764 22767 22770 22773 22776 22779 22782 22785 
22788 22791 22794 22797 22800 22803 22806 22809 22812 
22815 22818 22821 22824 22827 22830 22833 22836 22839 
22842 22845 22848 22851 22854 22857 22860 22863 22866 
22869 22872 22875 22878 22881 22884 22887 22890 22893 
22896 22899 22902 22905 22908 22911 22914 22917 22920 
22923 22926 22929 22932 22935 22938 22941 22944 22947 
22950 22953 22956 22959 22962 22965 22968 22971 22974 
22977 22980 22983 22986 22989 22992 22995 22998 23001 
23004 23007 23010 23013 23016 23019 23022 23025 23028 
23031 23034 23037 23040 23043 23046 23049 23052 23055 
23058 23061 23064 23067 23070 23073 23076 23079 23082 
23085 23088 23091 23094 23097 23100 23103 23106 23109 
23112 23115 23118 23121 23124 23127 23130 23133 23136 
23139 23142 23145 23148 23151 23154 23157 23160 23163 
23166 23169 23172 23175 23178 23181 23184 23187 23190 
23193 23196 23199 23202 23205 23208 23211 23214 23217 
23220 23223 23226 23229 23232 23235 23238 23241 23244 
23247 23250 23253 23256 23259 23262 23265 23268 23271 
23274 23277 23280 23283 23286 23289 23292 23295 23298 
23301 23304 23307 23310 23313 23316 23319 23322 23325 
23328 23331 23334 23337 23340 23343 23346 23349 23352 
23355 23358 23361 23364 23367 23370 23373 23376 23379 
23382 23385 23388 23391 23394 23397 23400 23403 23406 
23409 23412 23415 23418 23421 23424 23427 23430 23433 
23436 23439 23442 23445 23448 23451 23454 23457 23460 
23463 23466 23469 23472 23475 23478 23481 23484 23487 
23490 23493 23496 23499 23502 23505 23508 23511 23514 
23517 23520 23523 23526 23529 23532 23535 23538 23541 
23544 23547 23550 23553 23556 23559 23562 23565 23568 
23571 23574 23577 23580 23583 23586 23589 23592 23595 
23598 23601 23604 23607 23610 23613 23616 23619 23622 
23625 23628 23631 23634 23637 23640 23643 23646 23649 
23652 23655 23658 23661 23664 23667 23670 23673 23676 
23679 23682 23685 23688 23691 23694 23697 23700 23703 
23706 23709 23712 23715 23718 23721 23724 23727 23730 
23733 23736 23739 23742 23745 23748 23751 23754 23757 
23760 23763 23766 23769 23772 23775 23778 23781 23784 
23787 23790 23793 23796 23799 23802 23805 23808 23811 
23814 23817 23820 23823 23826 23829 23832 23835 23838 
23841 23844 23847 23850 23853 23856 23859 23862 23865 
23868 23871 23874 23877 23880 23883 23886 23889 23892 
23895 23898 23901 23904 23907 23910 23913 23916 23919 
23922 23925 23928 23931 23934 23937 23940 23943 23946 
23949 23952 23955 23958 23961 23964 23967 23970 23973 
23976 23979 23982 23985 23988 23991 23994 23997 24000 
24003 24006 24009 24012 24015 24018 24021 24024 24027 
24030 24033 24036 24039 24042 24045 24048 24051 24054 
24057 24060 24063 24066 24069 24072 24075 24078 24081 
24084 24087 24090 24093 24096 24099 24102 24105 24108 
24111 24114 24117 24120 24123 24126 24129 24132 24135 
24138 24141 24144 24147 24150 24153 24156 24159 24162 
24165 24168 24171 24174 24177 24180 24183 24186 24189 
24192 24195 24198 24201 24204 24207 24210 24213 24216 
24219 24222 24225 24228 24231 24234 24237 24240 24243 
24246 24249 24252 24255 24258 24261 24264 24267 24270 
24273 24276 24279 24282 24285 24288 24291 24294 24297 
24300 24303 24306 24309 24312 24315 24318 24321 24324 
24327 24330 24333 24336 24339 24342 24345 24348 24351 
24354 24357 24360 24363 24366 24369 24372 24375 24378 
24381 24384 24387 24390 24393 24396 24399 24402 24405 
24408 24411 24414 24417 24420 24423 24426 24429 24432 
24435 24438 24441 24444 24447 24450 24453 24456 24459 
24462 24465 24468 24471 24474 24477 24480 24483 24486 
24489 24492 24495 24498 24501 24504 24507 24510 24513 
24516 24519 24522 24525 24528 24531 24534 24537 24540 
24543 24546 24549 24552 24555 24558 24561 24564 24567 
24570 24573 24576 24579 24582 24585 24588 24591 24594 
24597 24600 24603 24606 24609 24612 24615 24618 24621 
24624 24627 24630 24633 24636 24639 24642 24645 24648 
24651 24654 24657 24660 24663 24666 24669 24672 24675 
24678 24681 24684 24687 24690 24693 24696 24699 24702 
24705 24708 24711 24714 24717 24720 24723 24726 24729 
24732 24735 24738 24741 24744 24747 24750 24753 24756 
24759 24762 24765 24768 24771 24774 24777 24780 24783 
24786 24789 24792 24795 24798 24801 24804 24807 24810 
24813 24816 24819 24822 24825 24828 24831 24834 24837 
24840 24843 24846 24849 24852 24855 24858 24861 24864 
24867 24870 24873 24876 24879 24882 24885 24888 24891 
24894 24897 24900 24903 24906 24909 24912 24915 24918 
24921 24924 24927 24930 24933 24936 24939 24942 24945 
24948 24951 24954 24957 24960 24963 24966 24969 24972 
24975 24978 24981 24984 24987 24990 24993 24996 24999 
25002 25005 25008 25011 25014 25017 25020 25023 25026 
25029 25032 25035 25038 25041 25044 25047 25050 25053 
25056 25059 25062 25065 25068 25071 25074 25077 25080 
25083 25086 25089 25092 25095 25098 25101 25104 25107 
25110 25113 25116 25119 25122 25125 25128 25131 25134 
25137 25140 25143 25146 25149 25152 25155 25158 25161 
25164 25167 25170 25173 25176 25179 25182 25185 25188 
25191 25194 25197 25200 25203 25206 25209 25212 25215 
25218 25221 25224 25227 25230 25233 25236 25239 25242 
25245 25248 25251 25254 25257 25260 25263 25266 25269 
25272 25275 25278 25281 25284 25287 25290 25293 25296 
25299 25302 25305 25308 25311 25314 25317 25320 25323 
25326 25329 25332 25335 25338 25341 25344 25347 25350 
25353 25356 25359 25362 25365 25368 25371 25374 25377 
25380 25383 25386 25389 25392 25395 25398 25401 25404 
25407 25410 25413 25416 25419 25422 25425 25428 25431 
25434 25437 25440 25443 25446 25449 25452 25455 25458 
25461 25464 25467 25470 25473 25476 25479 25482 25485 
25488 25491 25494 25497 25500 25503 25506 25509 25512 
25515 25518 25521 25524 25527 25530 25533 25536 25539 
25542 25545 25548 25551 25554 25557 25560 25563 25566 
25569 25572 25575 25578 25581 25584 25587 25590 25593 
25596 25599 25602 25605 25608 25611 25614 25617 25620 
25623 25626 25629 25632 25635 25638 25641 25644 25647 
25650 25653 25656 25659 25662 25665 25668 25671 25674 
25677 25680 25683 25686 25689 25692 25695 25698 25701 
25704 25707 25710 25713 25716 25719 25722 25725 25728 
25731 25734 25737 25740 25743 25746 25749 25752 25755 
25758 25761 25764 25767 25770 25773 25776 25779 25782 
25785 25788 25791 25794 25797 25800 25803 25806 25809 
25812 25815 25818 25821 25824 25827 25830 25833 25836 
25839 25842 25845 25848 25851 25854 25857 25860 25863 
25866 25869 25872 25875 25878 25881 25884 25887 25890 
25893 25896 25899 25902 25905 25908 25911 25914 25917 
25920 25923 25926 25929 25932 25935 25938 25941 25944 
25947 25950 25953 25956 25959 25962 25965 25968 25971 
25974 25977 25980 25983 25986 25989 25992 25995 25998 
26001 26004 26007 26010 26013 26016 26019 26022 26025 
26028 26031 26034 26037 26040 26043 26046 26049 26052 
26055 26058 26061 26064 26067 26070 26073 26076 26079 
26082 26085 26088 26091 26094 26097 26100 26103 26106 
26109 26112 26115 26118 26121 26124 26127 26130 26133 
26136 26139 26142 26145 26148 26151 26154 26157 26160 
26163 26166 26169 26172 26175 26178 26181 26184 26187 
26190 26193 26196 26199 26202 26205 26208 26211 26214 
26217 26220 26223 26226 26229 26232 26235 26238 26241 
26244 26247 26250 26253 26256 26259 26262 26265 26268 
26271 26274 26277 26280 26283 26286 26289 26292 26295 
26298 26301 26304 26307 26310 26313 26316 26319 26322 
26325 26328 26331 26334 26337 26340 26343 26346 26349 
26352 26355 26358 26361 26364 26367 26370 26373 26376 
26379 26382 26385 26388 26391 26394 26397 26400 26403 
26406 26409 26412 26415 26418 26421 26424 26427 26430 
26433 26436 26439 26442 26445 26448 26451 26454 26457 
26460 26463 26466 26469 26472 26475 26478 26481 26484 
26487 26490 26493 26496 26499 26502 26505 26508 26511 
26514 26517 26520 26523 26526 26529 26532 26535 26538 
26541 26544 26547 26550 26553 26556 26559 26562 26565 
26568 26571 26574 26577 26580 26583 26586 26589 26592 
26595 26598 26601 26604 26607 26610 26613 26616 26619 
26622 26625 26628 26631 26634 26637 26640 26643 26646 
26649 26652 26655 26658 26661 26664 26667 26670 26673 
26676 26679 26682 26685 26688 26691 26694 26697 26700 
26703 26706 26709 26712 26715 26718 26721 26724 26727 
26730 26733 26736 26739 26742 26745 26748 26751 26754 
26757 26760 26763 26766 26769 26772 26775 26778 26781 
26784 26787 26790 26793 26796 26799 26802 26805 26808 
26811 26814 26817 26820 26823 26826 26829 26832 26835 
26838 26841 26844 26847 26850 26853 26856 26859 26862 
26865 26868 26871 26874 26877 26880 26883 26886 26889 
26892 26895 26898 26901 26904 26907 26910 26913 26916 
26919 26922 26925 26928 26931 26934 26937 26940 26943 
26946 26949 26952 26955 26958 26961 26964 26967 26970 
26973 26976 26979 26982 26985 26988 26991 26994 26997 
27000 27003 27006 27009 27012 27015 27018 27021 27024 
27027 27030 27033 27036 27039 27042 27045 27048 27051 
27054 27057 27060 27063 27066 27069 27072 27075 27078 
27081 27084 27087 27090 27093 27096 27099 27102 27105 
27108 27111 27114 27117 27120 27123 27126 27129 27132 
27135 27138 27141 27144 27147 27150 27153 27156 27159 
27162 27165 27168 27171 27174 27177 27180 27183 27186 
27189 27192 27195 27198 27201 27204 27207 27210 27213 
27216 27219 27222 27225 27228 27231 27234 27237 27240 
27243 27246 27249 27252 27255 27258 27261 27264 27267 
27270 27273 27276 27279 27282 27285 27288 27291 27294 
27297 27300 27303 27306 27309 27312 27315 27318 27321 
27324 27327 27330 27333 27336 27339 27342 27345 27348 
27351 27354 27357 27360 27363 27366 27369 27372 27375 
27378 27381 27384 27387 27390 27393 27396 27399 27402 
27405 27408 27411 27414 27417 27420 27423 27426 27429 
27432 27435 27438 27441 27444 27447 27450 27453 27456 
27459 27462 27465 27468 27471 27474 27477 27480 27483 
27486 27489 27492 27495 27498 27501 27504 27507 27510 
27513 27516 27519 27522 27525 27528 27531 27534 27537 
27540 27543 27546 27549 27552 27555 27558 27561 27564 
27567 27570 27573 27576 27579 27582 27585 27588 27591 
27594 27597 27600 27603 27606 27609 27612 27615 27618 
27621 27624 27627 27630 27633 27636 27639 27642 27645 
27648 27651 27654 27657 27660 27663 27666 27669 27672 
27675 27678 27681 27684 27687 27690 27693 27696 27699 
27702 27705 27708 27711 27714 27717 27720 27723 27726 
27729 27732 27735 27738 27741 27744 27747 27750 27753 
27756 27759 27762 27765 27768 27771 27774 27777 27780 
27783 27786 27789 27792 27795 27798 27801 27804 27807 
27810 27813 27816 27819 27822 27825 27828 27831 27834 
27837 27840 27843 27846 27849 27852 27855 27858 27861 
27864 27867 27870 27873 27876 27879 27882 27885 27888 
27891 27894 27897 27900 27903 27906 27909 27912 27915 
27918 27921 27924 27927 27930 27933 27936 27939 27942 
27945 27948 27951 27954 27957 27960 27963 27966 27969 
27972 27975 27978 27981 27984 27987 27990 27993 27996 
27999 28002 28005 28008 28011 28014 28017 28020 28023 
28026 28029 28032 28035 28038 28041 28044 28047 28050 
28053 28056 28059 28062 28065 28068 28071 28074 28077 
28080 28083 28086 28089 28092 28095 28098 28101 28104 
28107 28110 28113 28116 28119 28122 28125 28128 28131 
28134 28137 28140 28143 28146 28149 28152 28155 28158 
28161 28164 28167 28170 28173 28176 28179 28182 28185 
28188 28191 28194 28197 28200 28203 28206 28209 28212 
28215 28218 28221 28224 28227 28230 28233 28236 28239 
28242 28245 28248 28251 28254 28257 28260 28263 28266 
28269 28272 28275 28278 28281 28284 28287 28290 28293 
28296 28299 28302 28305 28308 28311 28314 28317 28320 
28323 28326 28329 28332 28335 28338 28341 28344 28347 
28350 28353 28356 28359 28362 28365 28368 28371 28374 
28377 28380 28383 28386 28389 28392 28395 28398 28401 
28404 28407 28410 28413 28416 28419 28422 28425 28428 
28431 28434 28437 28440 28443 28446 28449 28452 28455 
28458 28461 28464 28467 28470 28473 28476 28479 28482 
28485 28488 28491 28494 28497 28500 28503 28506 28509 
28512 28515 28518 28521 28524 28527 28530 28533 28536 
28539 28542 28545 28548 28551 28554 28557 28560 28563 
28566 28569 28572 28575 28578 28581 28584 28587 28590 
28593 28596 28599 28602 28605 28608 28611 28614 28617 
28620 28623 28626 28629 28632 28635 28638 28641 28644 
28647 28650 28653 28656 28659 28662 28665 28668 28671 
28674 28677 28680 28683 28686 28689 28692 28695 28698 
28701 28704 28707 28710 28713 28716 28719 28722 28725 
28728 28731 28734 28737 28740 28743 28746 28749 28752 
28755 28758 28761 28764 28767 28770 28773 28776 28779 
28782 28785 28788 28791 28794 28797 28800 28803 28806 
28809 28812 28815 28818 28821 28824 28827 28830 28833 
28836 28839 28842 28845 28848 28851 28854 28857 28860 
28863 28866 28869 28872 28875 28878 28881 28884 28887 
28890 28893 28896 28899 28902 28905 28908 28911 28914 
28917 28920 28923 28926 28929 28932 28935 28938 28941 
28944 28947 28950 28953 28956 28959 28962 28965 28968 
28971 28974 28977 28980 28983 28986 28989 28992 28995 
28998 29001 29004 29007 29010 29013 29016 29019 29022 
29025 29028 29031 29034 29037 29040 29043 29046 29049 
29052 29055 29058 29061 29064 29067 29070 29073 29076 
29079 29082 29085 29088 29091 29094 29097 29100 29103 
29106 29109 29112 29115 29118 29121 29124 29127 29130 
29133 29136 29139 29142 29145 29148 29151 29154 29157 
29160 29163 29166 29169 29172 29175 29178 29181 29184 
29187 29190 29193 29196 29199 29202 29205 29208 29211 
29214 29217 29220 29223 29226 29229 29232 29235 29238 
29241 29244 29247 29250 29253 29256 29259 29262 29265 
29268 29271 29274 29277 29280 29283 29286 29289 29292 
29295 29298 29301 29304 29307 29310 29313 29316 29319 
29322 29325 29328 29331 29334 29337 29340 29343 29346 
29349 29352 29355 29358 29361 29364 29367 29370 29373 
29376 29379 29382 29385 29388 29391 29394 29397 29400 
29403 29406 29409 29412 29415 29418 29421 29424 29427 
29430 29433 29436 29439 29442 29445 29448 29451 29454 
29457 29460 29463 29466 29469 29472 29475 29478 29481 
29484 29487 29490 29493 29496 29499 29502 29505 29508 
29511 29514 29517 29520 29523 29526 29529 29532 29535 
29538 29541 29544 29547 29550 29553 29556 29559 29562 
29565 29568 29571 29574 29577 29580 29583 29586 29589 
29592 29595 29598 29601 29604 29607 29610 29613 29616 
29619 29622 29625 29628 29631 29634 29637 29640 29643 
29646 29649 29652 29655 29658 29661 29664 29667 29670 
29673 29676 29679 29682 29685 29688 29691 29694 29697 
29700 29703 29706 29709 29712 29715 29718 29721 29724 
29727 29730 29733 29736 29739 29742 29745 29748 29751 
29754 29757 29760 29763 29766 29769 29772 29775 29778 
29781 29784 29787 29790 29793 29796 29799 29802 29805 
29808 29811 29814 29817 29820 29823 29826 29829 29832 
29835 29838 29841 29844 29847 29850 29853 29856 29859 
29862 29865 29868 29871 29874 29877 29880 29883 29886 
29889 29892 29895 29898 29901 29904 29907 29910 29913 
29916 29919 29922 29925 29928 29931 29934 29937 29940 
29943 29946 29949 29952 29955 29958 29961 29964 29967 
29970 29973 29976 29979 29982 29985 29988 29991 29994 
29997 30000 30003 30006 30009 30012 30015 30018 30021 
30024 30027 30030 30033 30036 30039 30042 30045 30048 
30051 30054 30057 30060 30063 30066 30069 30072 30075 
30078 30081 30084 30087 30090 30093 30096 30099 30102 
30105 30108 30111 30114 30117 30120 30123 30126 30129 
30132 30135 30138 30141 30144 30147 30150 30153 30156 
30159 30162 30165 30168 30171 30174 30177 30180 30183 
30186 30189 30192 30195 30198 30201 30204 30207 30210 
30213 30216 30219 30222 30225 30228 30231 30234 30237 
30240 30243 30246 30249 30252 30255 30258 30261 30264 
30267 30270 30273 30276 30279 30282 30285 30288 30291 
30294 30297 30300 30303 30306 30309 30312 30315 30318 
30321 30324 30327 30330 30333 30336 30339 30342 30345 
30348 30351 30354 30357 30360 30363 30366 30369 30372 
30375 30378 30381 30384 30387 30390 30393 30396 30399 
30402 30405 30408 30411 30414 30417 30420 30423 30426 
30429 30432 30435 30438 30441 30444 30447 30450 30453 
30456 30459 30462 30465 30468 30471 30474 30477 30480 
30483 30486 30489 30492 30495 30498 30501 30504 30507 
30510 30513 30516 30519 30522 30525 30528 30531 30534 
30537 30540 30543 30546 30549 30552 30555 30558 30561 
30564 30567 30570 30573 30576 30579 30582 30585 30588 
30591 30594 30597 30600 30603 30606 30609 30612 30615 
30618 30621 30624 30627 30630 30633 30636 30639 30642 
30645 30648 30651 30654 30657 30660 30663 30666 30669 
30672 30675 30678 30681 30684 30687 30690 30693 30696 
30699 30702 30705 30708 30711 30714 30717 30720 30723 
30726 30729 30732 30735 30738 30741 30744 30747 30750 
30753 30756 30759 30762 30765 30768 30771 30774 30777 
30780 30783 30786 30789 30792 30795 30798 30801 30804 
30807 30810 30813 30816 30819 30822 30825 30828 30831 
30834 30837 30840 30843 30846 30849 30852 30855 30858 
30861 30864 30867 30870 30873 30876 30879 30882 30885 
30888 30891 30894 30897 30900 30903 30906 30909 30912 
30915 30918 30921 30924 30927 30930 30933 30936 30939 
30942 30945 30948 30951 30954 30957 30960 30963 30966 
30969 30972 30975 30978 30981 30984 30987 30990 30993 
30996 30999 31002 31005 31008 31011 31014 31017 31020 
31023 31026 31029 31032 31035 31038 31041 31044 31047 
31050 31053 31056 31059 31062 31065 31068 31071 31074 
31077 31080 31083 31086 31089 31092 31095 31098 31101 
31104 31107 31110 31113 31116 31119 31122 31125 31128 
31131 31134 31137 31140 31143 31146 31149 31152 31155 
31158 31161 31164 31167 31170 31173 31176 31179 31182 
31185 31188 31191 31194 31197 31200 31203 31206 31209 
31212 31215 31218 31221 31224 31227 31230 31233 31236 
31239 31242 31245 31248 31251 31254 31257 31260 31263 
31266 31269 31272 31275 31278 31281 31284 31287 31290 
31293 31296 31299 31302 31305 31308 31311 31314 31317 
31320 31323 31326 31329 31332 31335 31338 31341 31344 
31347 31350 31353 31356 31359 31362 31365 31368 31371 
31374 31377 31380 31383 31386 31389 31392 31395 31398 
31401 31404 31407 31410 31413 31416 31419 31422 31425 
31428 31431 31434 31437 31440 31443 31446 31449 31452 
31455 31458 31461 31464 31467 31470 31473 31476 31479 
31482 31485 31488 31491 31494 31497 31500 31503 31506 
31509 31512 31515 31518 31521 31524 31527 31530 31533 
31536 31539 31542 31545 31548 31551 31554 31557 31560 
31563 31566 31569 31572 31575 31578 31581 31584 31587 
31590 31593 31596 31599 31602 31605 31608 31611 31614 
31617 31620 31623 31626 31629 31632 31635 31638 31641 
31644 31647 31650 31653 31656 31659 31662 31665 31668 
31671 31674 31677 31680 31683 31686 31689 31692 31695 
31698 31701 31704 31707 31710 31713 31716 31719 31722 
31725 31728 31731 31734 31737 31740 31743 31746 31749 
31752 31755 31758 31761 31764 31767 31770 31773 31776 
31779 31782 31785 31788 31791 31794 31797 31800 31803 
31806 31809 31812 31815 31818 31821 31824 31827 31830 
31833 31836 31839 31842 31845 31848 31851 31854 31857 
31860 31863 31866 31869 31872 31875 31878 31881 31884 
31887 31890 31893 31896 31899 31902 31905 31908 31911 
31914 31917 31920 31923 31926 31929 31932 31935 31938 
31941 31944 31947 31950 31953 31956 31959 31962 31965 
31968 31971 31974 31977 31980 31983 31986 31989 31992 
31995 31998 32001 32004 32007 32010 32013 32016 32019 
32022 32025 32028 32031 32034 32037 32040 32043 32046 
32049 32052 32055 32058 32061 32064 32067 32070 32073 
32076 32079 32082 32085 32088 32091 32094 32097 32100 
32103 32106 32109 32112 32115 32118 32121 32124 32127 
32130 32133 32136 32139 32142 32145 32148 32151 32154 
32157 32160 32163 32166 32169 32172 32175 32178 32181 
32184 32187 32190 32193 32196 32199 32202 32205 32208 
32211 32214 32217 32220 32223 32226 32229 32232 32235 
32238 32241 32244 32247 32250 32253 32256 32259 32262 
32265 32268 32271 32274 32277 32280 32283 32286 32289 
32292 32295 32298 32301 32304 32307 32310 32313 32316 
32319 32322 32325 32328 32331 32334 32337 32340 32343 
32346 32349 32352 32355 32358 32361 32364 32367 32370 
32373 32376 32379 32382 32385 32388 32391 32394 32397 
32400 32403 32406 32409 32412 32415 32418 32421 32424 
32427 32430 32433 32436 32439 32442 32445 32448 32451 
32454 32457 32460 32463 32466 32469 32472 32475 32478 
32481 32484 32487 32490 32493 32496 32499 32502 32505 
32508 32511 32514 32517 32520 32523 32526 32529 32532 
32535 32538 32541 32544 32547 32550 32553 32556 32559 
32562 32565 32568 32571 32574 32577 32580 32583 32586 
32589 32592 32595 32598 32601 32604 32607 32610 32613 
32616 32619 32622 32625 32628 32631 32634 32637 32640 
32643 32646 32649 32652 32655 32658 32661 32664 32667 
32670 32673 32676 32679 32682 32685 32688 32691 32694 
32697 32700 32703 32706 32709 32712 32715 32718 32721 
32724 32727 32730 32733 32736 32739 32742 32745 32748 
32751 32754 32757 32760 32763 32766 32769 32772 32775 
32778 32781 32784 32787 32790 32793 32796 32799 32802 
32805 32808 32811 32814 32817 32820 32823 32826 32829 
32832 32835 32838 32841 32844 32847 32850 32853 32856 
32859 32862 32865 32868 32871 32874 32877 32880 32883 
32886 32889 32892 32895 32898 32901 32904 32907 32910 
32913 32916 32919 32922 32925 32928 32931 32934 32937 
32940 32943 32946 32949 32952 32955 32958 32961 32964 
32967 32970 32973 32976 32979 32982 32985 32988 32991 
32994 32997 33000 33003 33006 33009 33012 33015 33018 
33021 33024 33027 33030 33033 33036 33039 33042 33045 
33048 33051 33054 33057 33060 33063 33066 33069 33072 
33075 33078 33081 33084 33087 33090 33093 33096 33099 
33102 33105 33108 33111 33114 33117 33120 33123 33126 
33129 33132 33135 33138 33141 33144 33147 33150 33153 
33156 33159 33162 33165 33168 33171 33174 33177 33180 
33183 33186 33189 33192 33195 33198 33201 33204 33207 
33210 33213 33216 33219 33222 33225 33228 33231 33234 
33237 33240 33243 33246 33249 33252 33255 33258 33261 
33264 33267 33270 33273 33276 33279 33282 33285 33288 
33291 33294 33297 33300 33303 33306 33309 33312 33315 
33318 33321 33324 33327 33330 33333 33336 33339 33342 
33345 33348 33351 33354 33357 33360 33363 33366 33369 
33372 33375 33378 33381 33384 33387 33390 33393 33396 
33399 33402 33405 33408 33411 33414 33417 33420 33423 
33426 33429 33432 33435 33438 33441 33444 33447 33450 
33453 33456 33459 33462 33465 33468 33471 33474 33477 
33480 33483 33486 33489 33492 33495 33498 33501 33504 
33507 33510 33513 33516 33519 33522 33525 33528 33531 
33534 33537 33540 33543 33546 33549 33552 33555 33558 
33561 33564 33567 33570 33573 33576 33579 33582 33585 
33588 33591 33594 33597 33600 33603 33606 33609 33612 
33615 33618 33621 33624 33627 33630 33633 33636 33639 
33642 33645 33648 33651 33654 33657 33660 33663 33666 
33669 33672 33675 33678 33681 33684 33687 33690 33693 
33696 33699 33702 33705 33708 33711 33714 33717 33720 
33723 33726 33729 33732 33735 33738 33741 33744 33747 
33750 33753 33756 33759 33762 33765 33768 33771 33774 
33777 33780 33783 33786 33789 33792 33795 33798 33801 
33804 33807 33810 33813 33816 33819 33822 33825 33828 
33831 33834 33837 33840 33843 33846 33849 33852 33855 
33858 33861 33864 33867 33870 33873 33876 33879 33882 
33885 33888 33891 33894 33897 33900 33903 33906 33909 
33912 33915 33918 33921 33924 33927 33930 33933 33936 
33939 33942 33945 33948 33951 33954 33957 33960 33963 
33966 33969 33972 33975 33978 33981 33984 33987 33990 
33993 33996 33999 34002 34005 34008 34011 34014 34017 
34020 34023 34026 34029 34032 34035 34038 34041 34044 
34047 34050 34053 34056 34059 34062 34065 34068 34071 
34074 34077 34080 34083 34086 34089 34092 34095 34098 
34101 34104 34107 34110 34113 34116 34119 34122 34125 
34128 34131 34134 34137 34140 34143 34146 34149 34152 
34155 34158 34161 34164 34167 34170 34173 34176 34179 
34182 34185 34188 34191 34194 34197 34200 34203 34206 
34209 34212 34215 34218 34221 34224 34227 34230 34233 
34236 34239 34242 34245 34248 34251 34254 34257 34260 
34263 34266 34269 34272 34275 34278 34281 34284 34287 
34290 34293 34296 34299 34302 34305 34308 34311 34314 
34317 34320 34323 34326 34329 34332 34335 34338 34341 
34344 34347 34350 34353 34356 34359 34362 34365 34368 
34371 34374 34377 34380 34383 34386 34389 34392 34395 
34398 34401 34404 34407 34410 34413 34416 34419 34422 
34425 34428 34431 34434 34437 34440 34443 34446 34449 
34452 34455 34458 34461 34464 34467 34470 34473 34476 
34479 34482 34485 34488 34491 34494 34497 34500 34503 
34506 34509 34512 34515 34518 34521 34524 34527 34530 
34533 34536 34539 34542 34545 34548 34551 34554 34557 
34560 34563 34566 34569 34572 34575 34578 34581 34584 
34587 34590 34593 34596 34599 34602 34605 34608 34611 
34614 34617 34620 34623 34626 34629 34632 34635 34638 
34641 34644 34647 34650 34653 34656 34659 34662 34665 
34668 34671 34674 34677 34680 34683 34686 34689 34692 
34695 34698 34701 34704 34707 34710 34713 34716 34719 
34722 34725 34728 34731 34734 34737 34740 34743 34746 
34749 34752 34755 34758 34761 34764 34767 34770 34773 
34776 34779 34782 34785 34788 34791 34794 34797 34800 
34803 34806 34809 34812 34815 34818 34821 34824 34827 
34830 34833 34836 34839 34842 34845 34848 34851 34854 
34857 34860 34863 34866 34869 34872 34875 34878 34881 
34884 34887 34890 34893 34896 34899 34902 34905 34908 
34911 34914 34917 34920 34923 34926 34929 34932 34935 
34938 34941 34944 34947 34950 34953 34956 34959 34962 
34965 34968 34971 34974 34977 34980 34983 34986 34989 
34992 34995 34998 35001 35004 35007 35010 35013 35016 
35019 35022 35025 35028 35031 35034 35037 35040 35043 
35046 35049 35052 35055 35058 35061 35064 35067 35070 
35073 35076 35079 35082 35085 35088 35091 35094 35097 
35100 35103 35106 35109 35112 35115 35118 35121 35124 
35127 35130 35133 35136 35139 35142 35145 35148 35151 
35154 35157 35160 35163 35166 35169 35172 35175 35178 
35181 35184 35187 35190 35193 35196 35199 35202 35205 
35208 35211 35214 35217 35220 35223 35226 35229 35232 
35235 35238 35241 35244 35247 35250 35253 35256 35259 
35262 35265 35268 35271 35274 35277 35280 35283 35286 
35289 35292 35295 35298 35301 35304 35307 35310 35313 
35316 35319 35322 35325 35328 35331 35334 35337 35340 
35343 35346 35349 35352 35355 35358 35361 35364 35367 
35370 35373 35376 35379 35382 35385 35388 35391 35394 
35397 35400 35403 35406 35409 35412 35415 35418 35421 
35424 35427 35430 35433 35436 35439 35442 35445 35448 
35451 35454 35457 35460 35463 35466 35469 35472 35475 
35478 35481 35484 35487 35490 35493 35496 35499 35502 
35505 35508 35511 35514 35517 35520 35523 35526 35529 
35532 35535 35538 35541 35544 35547 35550 35553 35556 
35559 35562 35565 35568 35571 35574 35577 35580 35583 
35586 35589 35592 35595 35598 35601 35604 35607 35610 
35613 35616 35619 35622 35625 35628 35631 35634 35637 
35640 35643 35646 35649 35652 35655 35658 35661 35664 
35667 35670 35673 35676 35679 35682 35685 35688 35691 
35694 35697 35700 35703 35706 35709 35712 35715 35718 
35721 35724 35727 35730 35733 35736 35739 35742 35745 
35748 35751 35754 35757 35760 35763 35766 35769 35772 
35775 35778 35781 35784 35787 35790 35793 35796 35799 
35802 35805 35808 35811 35814 35817 35820 35823 35826 
35829 35832 35835 35838 35841 35844 35847 35850 35853 
35856 35859 35862 35865 35868 35871 35874 35877 35880 
35883 35886 35889 35892 35895 35898 35901 35904 35907 
35910 35913 35916 35919 35922 35925 35928 35931 35934 
35937 35940 35943 35946 35949 35952 35955 35958 35961 
35964 35967 35970 35973 35976 35979 35982 35985 35988 
35991 35994 35997 36000 36003 36006 36009 36012 36015 
36018 36021 36024 36027 36030 36033 36036 36039 36042 
36045 36048 36051 36054 36057 36060 36063 36066 36069 
36072 36075 36078 36081 36084 36087 36090 36093 36096 
36099 36102 36105 36108 36111 36114 36117 36120 36123 
36126 36129 36132 36135 36138 36141 36144 36147 36150 
36153 36156 36159 36162 36165 36168 36171 36174 36177 
36180 36183 36186 36189 36192 36195 36198 36201 36204 
36207 36210 36213 36216 36219 36222 36225 36228 36231 
36234 36237 36240 36243 36246 36249 36252 36255 36258 
36261 36264 36267 36270 36273 36276 36279 36282 36285 
36288 36291 36294 36297 36300 36303 36306 36309 36312 
36315 36318 36321 36324 36327 36330 36333 36336 36339 
36342 36345 36348 36351 36354 36357 36360 36363 36366 
36369 36372 36375 36378 36381 36384 36387 36390 36393 
36396 36399 36402 36405 36408 36411 36414 36417 36420 
36423 36426 36429 36432 36435 36438 36441 36444 36447 
36450 36453 36456 36459 36462 36465 36468 36471 36474 
36477 36480 36483 36486 36489 36492 36495 36498 36501 
36504 36507 36510 36513 36516 36519 36522 36525 36528 
36531 36534 36537 36540 36543 36546 36549 36552 36555 
36558 36561 36564 36567 36570 36573 36576 36579 36582 
36585 36588 36591 36594 36597 36600 36603 36606 36609 
36612 36615 36618 36621 36624 36627 36630 36633 36636 
36639 36642 36645 36648 36651 36654 36657 36660 36663 
36666 36669 36672 36675 36678 36681 36684 36687 36690 
36693 36696 36699 36702 36705 36708 36711 36714 36717 
36720 36723 36726 36729 36732 36735 36738 36741 36744 
36747 36750 36753 36756 36759 36762 36765 36768 36771 
36774 36777 36780 36783 36786 36789 36792 36795 36798 
36801 36804 36807 36810 36813 36816 36819 36822 36825 
36828 36831 36834 36837 36840 36843 36846 36849 36852 
36855 36858 36861 36864 36867 36870 36873 36876 36879 
36882 36885 36888 36891 36894 36897 36900 36903 36906 
36909 36912 36915 36918 36921 36924 36927 36930 36933 
36936 36939 36942 36945 36948 36951 36954 36957 36960 
36963 36966 36969 36972 36975 36978 36981 36984 36987 
36990 36993 36996 36999 37002 37005 37008 37011 37014 
37017 37020 37023 37026 37029 37032 37035 37038 37041 
37044 37047 37050 37053 37056 37059 37062 37065 37068 
37071 37074 37077 37080 37083 37086 37089 37092 37095 
37098 37101 37104 37107 37110 37113 37116 37119 37122 
37125 37128 37131 37134 37137 37140 37143 37146 37149 
37152 37155 37158 37161 37164 37167 37170 37173 37176 
37179 37182 37185 37188 37191 37194 37197 37200 37203 
37206 37209 37212 37215 37218 37221 37224 37227 37230 
37233 37236 37239 37242 37245 37248 37251 37254 37257 
37260 37263 37266 37269 37272 37275 37278 37281 37284 
37287 37290 37293 37296 37299 37302 37305 37308 37311 
37314 37317 37320 37323 37326 37329 37332 37335 37338 
37341 37344 37347 37350 37353 37356 37359 37362 37365 
37368 37371 37374 37377 37380 37383 37386 37389 37392 
37395 37398 37401 37404 37407 37410 37413 37416 37419 
37422 37425 37428 37431 37434 37437 37440 37443 37446 
37449 37452 37455 37458 37461 37464 37467 37470 37473 
37476 37479 37482 37485 37488 37491 37494 37497 37500 
37503 37506 37509 37512 37515 37518 37521 37524 37527 
37530 37533 37536 37539 37542 37545 37548 37551 37554 
37557 37560 37563 37566 37569 37572 37575 37578 37581 
37584 37587 37590 37593 37596 37599 37602 37605 37608 
37611 37614 37617 37620 37623 37626 37629 37632 37635 
37638 37641 37644 37647 37650 37653 37656 37659 37662 
37665 37668 37671 37674 37677 37680 37683 37686 37689 
37692 37695 37698 37701 37704 37707 37710 37713 37716 
37719 37722 37725 37728 37731 37734 37737 37740 37743 
37746 37749 37752 37755 37758 37761 37764 37767 37770 
37773 37776 37779 37782 37785 37788 37791 37794 37797 
37800 37803 37806 37809 37812 37815 37818 37821 37824 
37827 37830 37833 37836 37839 37842 37845 37848 37851 
37854 37857 37860 37863 37866 37869 37872 37875 37878 
37881 37884 37887 37890 37893 37896 37899 37902 37905 
37908 37911 37914 37917 37920 37923 37926 37929 37932 
37935 37938 37941 37944 37947 37950 37953 37956 37959 
37962 37965 37968 37971 37974 37977 37980 37983 37986 
37989 37992 37995 37998 38001 38004 38007 38010 38013 
38016 38019 38022 38025 38028 38031 38034 38037 38040 
38043 38046 38049 38052 38055 38058 38061 38064 38067 
38070 38073 38076 38079 38082 38085 38088 38091 38094 
38097 38100 38103 38106 38109 38112 38115 38118 38121 
38124 38127 38130 38133 38136 38139 38142 38145 38148 
38151 38154 38157 38160 38163 38166 38169 38172 38175 
38178 38181 38184 38187 38190 38193 38196 38199 38202 
38205 38208 38211 38214 38217 38220 38223 38226 38229 
38232 38235 38238 38241 38244 38247 38250 38253 38256 
38259 38262 38265 38268 38271 38274 38277 38280 38283 
38286 38289 38292 38295 38298 38301 38304 38307 38310 
38313 38316 38319 38322 38325 38328 38331 38334 38337 
38340 38343 38346 38349 38352 38355 38358 38361 38364 
38367 38370 38373 38376 38379 38382 38385 38388 38391 
38394 38397 38400 38403 38406 38409 38412 38415 38418 
38421 38424 38427 38430 38433 38436 38439 38442 38445 
38448 38451 38454 38457 38460 38463 38466 38469 38472 
38475 38478 38481 38484 38487 38490 38493 38496 38499 
38502 38505 38508 38511 38514 38517 38520 38523 38526 
38529 38532 38535 38538 38541 38544 38547 38550 38553 
38556 38559 38562 38565 38568 38571 38574 38577 38580 
38583 38586 38589 38592 38595 38598 38601 38604 38607 
38610 38613 38616 38619 38622 38625 38628 38631 38634 
38637 38640 38643 38646 38649 38652 38655 38658 38661 
38664 38667 38670 38673 38676 38679 38682 38685 38688 
38691 38694 38697 38700 38703 38706 38709 38712 38715 
38718 38721 38724 38727 38730 38733 38736 38739 38742 
38745 38748 38751 38754 38757 38760 38763 38766 38769 
38772 38775 38778 38781 38784 38787 38790 38793 38796 
38799 38802 38805 38808 38811 38814 38817 38820 38823 
38826 38829 38832 38835 38838 38841 38844 38847 38850 
38853 38856 38859 38862 38865 38868 38871 38874 38877 
38880 38883 38886 38889 38892 38895 38898 38901 38904 
38907 38910 38913 38916 38919 38922 38925 38928 38931 
38934 38937 38940 38943 38946 38949 38952 38955 38958 
38961 38964 38967 38970 38973 38976 38979 38982 38985 
38988 38991 38994 38997 39000 39003 39006 39009 39012 
39015 39018 39021 39024 39027 39030 39033 39036 39039 
39042 39045 39048 39051 39054 39057 39060 39063 39066 
39069 39072 39075 39078 39081 39084 39087 39090 39093 
39096 39099 39102 39105 39108 39111 39114 39117 39120 
39123 39126 39129 39132 39135 39138 39141 39144 39147 
39150 39153 39156 39159 39162 39165 39168 39171 39174 
39177 39180 39183 39186 39189 39192 39195 39198 39201 
39204 39207 39210 39213 39216 39219 39222 39225 39228 
39231 39234 39237 39240 39243 39246 39249 39252 39255 
39258 39261 39264 39267 39270 39273 39276 39279 39282 
39285 39288 39291 39294 39297 39300 39303 39306 39309 
39312 39315 39318 39321 39324 39327 39330 39333 39336 
39339 39342 39345 39348 39351 39354 39357 39360 39363 
39366 39369 39372 39375 39378 39381 39384 39387 39390 
39393 39396 39399 39402 39405 39408 39411 39414 39417 
39420 39423 39426 39429 39432 39435 39438 39441 39444 
39447 39450 39453 39456 39459 39462 39465 39468 39471 
39474 39477 39480 39483 39486 39489 39492 39495 39498 
39501 39504 39507 39510 39513 39516 39519 39522 39525 
39528 39531 39534 39537 39540 39543 39546 39549 39552 
39555 39558 39561 39564 39567 39570 39573 39576 39579 
39582 39585 39588 39591 39594 39597 39600 39603 39606 
39609 39612 39615 39618 39621 39624 39627 39630 39633 
39636 39639 39642 39645 39648 39651 39654 39657 39660 
39663 39666 39669 39672 39675 39678 39681 39684 39687 
39690 39693 39696 39699 39702 39705 39708 39711 39714 
39717 39720 39723 39726 39729 39732 39735 39738 39741 
39744 39747 39750 39753 39756 39759 39762 39765 39768 
39771 39774 39777 39780 39783 39786 39789 39792 39795 
39798 39801 39804 39807 39810 39813 39816 39819 39822 
39825 39828 39831 39834 39837 39840 39843 39846 39849 
39852 39855 39858 39861 39864 39867 39870 39873 39876 
39879 39882 39885 39888 39891 39894 39897 39900 39903 
39906 39909 39912 39915 39918 39921 39924 39927 39930 
39933 39936 39939 39942 39945 39948 39951 39954 39957 
39960 39963 39966 39969 39972 39975 39978 39981 39984 
39987 39990 39993 39996 39999 40002 40005 40008 40011 
40014 40017 40020 40023 40026 40029 40032 40035 40038 
40041 40044 40047 40050 40053 40056 40059 40062 40065 
40068 40071 40074 40077 40080 40083 40086 40089 40092 
40095 40098 40101 40104 40107 40110 40113 40116 40119 
40122 40125 40128 40131 40134 40137 40140 40143 40146 
40149 40152 40155 40158 40161 40164 40167 40170 40173 
40176 40179 40182 40185 40188 40191 40194 40197 40200 
40203 40206 40209 40212 40215 40218 40221 40224 40227 
40230 40233 40236 40239 40242 40245 40248 40251 40254 
40257 40260 40263 40266 40269 40272 40275 40278 40281 
40284 40287 40290 40293 40296 40299 40302 40305 40308 
40311 40314 40317 40320 40323 40326 40329 40332 40335 
40338 40341 40344 40347 40350 40353 40356 40359 40362 
40365 40368 40371 40374 40377 40380 40383 40386 40389 
40392 40395 40398 40401 40404 40407 40410 40413 40416 
40419 40422 40425 40428 40431 40434 40437 40440 40443 
40446 40449 40452 40455 40458 40461 40464 40467 40470 
40473 40476 40479 40482 40485 40488 40491 40494 40497 
40500 40503 40506 40509 40512 40515 40518 40521 40524 
40527 40530 40533 40536 40539 40542 40545 40548 40551 
40554 40557 40560 40563 40566 40569 40572 40575 40578 
40581 40584 40587 40590 40593 40596 40599 40602 40605 
40608 40611 40614 40617 40620 40623 40626 40629 40632 
40635 40638 40641 40644 40647 40650 40653 40656 40659 
40662 40665 40668 40671 40674 40677 40680 40683 40686 
40689 40692 40695 40698 40701 40704 40707 40710 40713 
40716 40719 40722 40725 40728 40731 40734 40737 40740 
40743 40746 40749 40752 40755 40758 40761 40764 40767 
40770 40773 40776 40779 40782 40785 40788 40791 40794 
40797 40800 40803 40806 40809 40812 40815 40818 40821 
40824 40827 40830 40833 40836 40839 40842 40845 40848 
40851 40854 40857 40860 40863 40866 40869 40872 40875 
40878 40881 40884 40887 40890 40893 40896 40899 40902 
40905 40908 40911 40914 40917 40920 40923 40926 40929 
40932 40935 40938 40941 40944 40947 40950 40953 40956 
40959 40962 40965 40968 40971 40974 40977 40980 40983 
40986 40989 40992 40995 40998 41001 41004 41007 41010 
41013 41016 41019 41022 41025 41028 41031 41034 41037 
41040 41043 41046 41049 41052 41055 41058 41061 41064 
41067 41070 41073 41076 41079 41082 41085 41088 41091 
41094 41097 41100 41103 41106 41109 41112 41115 41118 
41121 41124 41127 41130 41133 41136 41139 41142 41145 
41148 41151 41154 41157 41160 41163 41166 41169 41172 
41175 41178 41181 41184 41187 41190 41193 41196 41199 
41202 41205 41208 41211 41214 41217 41220 41223 41226 
41229 41232 41235 41238 41241 41244 41247 41250 41253 
41256 41259 41262 41265 41268 41271 41274 41277 41280 
41283 41286 41289 41292 41295 41298 41301 41304 41307 
41310 41313 41316 41319 41322 41325 41328 41331 41334 
41337 41340 41343 41346 41349 41352 41355 41358 41361 
41364 41367 41370 41373 41376 41379 41382 41385 41388 
41391 41394 41397 41400 41403 41406 41409 41412 41415 
41418 41421 41424 41427 41430 41433 41436 41439 41442 
41445 41448 41451 41454 41457 41460 41463 41466 41469 
41472 41475 41478 41481 41484 41487 41490 41493 41496 
41499 41502 41505 41508 41511 41514 41517 41520 41523 
41526 41529 41532 41535 41538 41541 41544 41547 41550 
41553 41556 41559 41562 41565 41568 41571 41574 41577 
41580 41583 41586 41589 41592 41595 41598 41601 41604 
41607 41610 41613 41616 41619 41622 41625 41628 41631 
41634 41637 41640 41643 41646 41649 41652 41655 41658 
41661 41664 41667 41670 41673 41676 41679 41682 41685 
41688 41691 41694 41697 41700 41703 41706 41709 41712 
41715 41718 41721 41724 41727 41730 41733 41736 41739 
41742 41745 41748 41751 41754 41757 41760 41763 41766 
41769 41772 41775 41778 41781 41784 41787 41790 41793 
41796 41799 41802 41805 41808 41811 41814 41817 41820 
41823 41826 41829 41832 41835 41838 41841 41844 41847 
41850 41853 41856 41859 41862 41865 41868 41871 41874 
41877 41880 41883 41886 41889 41892 41895 41898 41901 
41904 41907 41910 41913 41916 41919 41922 41925 41928 
41931 41934 41937 41940 41943 41946 41949 41952 41955 
41958 41961 41964 41967 41970 41973 41976 41979 41982 
41985 41988 41991 41994 41997 42000 42003 42006 42009 
42012 42015 42018 42021 42024 42027 42030 42033 42036 
42039 42042 42045 42048 42051 42054 42057 42060 42063 
42066 42069 42072 42075 42078 42081 42084 42087 42090 
42093 42096 42099 42102 42105 42108 42111 42114 42117 
42120 42123 42126 42129 42132 42135 42138 42141 42144 
42147 42150 42153 42156 42159 42162 42165 42168 42171 
42174 42177 42180 42183 42186 42189 42192 42195 42198 
42201 42204 42207 42210 42213 42216 42219 42222 42225 
42228 42231 42234 42237 42240 42243 42246 42249 42252 
42255 42258 42261 42264 42267 42270 42273 42276 42279 
42282 42285 42288 42291 42294 42297 42300 42303 42306 
42309 42312 42315 42318 42321 42324 42327 42330 42333 
42336 42339 42342 42345 42348 42351 42354 42357 42360 
42363 42366 42369 42372 42375 42378 42381 42384 42387 
42390 42393 42396 42399 42402 42405 42408 42411 42414 
42417 42420 42423 42426 42429 42432 42435 42438 42441 
42444 42447 42450 42453 42456 42459 42462 42465 42468 
42471 42474 42477 42480 42483 42486 42489 42492 42495 
42498 42501 42504 42507 42510 42513 42516 42519 42522 
42525 42528 42531 42534 42537 42540 42543 42546 42549 
42552 42555 42558 42561 42564 42567 42570 42573 42576 
42579 42582 42585 42588 42591 42594 42597 42600 42603 
42606 42609 42612 42615 42618 42621 42624 42627 42630 
42633 42636 42639 42642 42645 42648 42651 42654 42657 
42660 42663 42666 42669 42672 42675 42678 42681 42684 
42687 42690 42693 42696 42699 42702 42705 42708 42711 
42714 42717 42720 42723 42726 42729 42732 42735 42738 
42741 42744 42747 42750 42753 42756 42759 42762 42765 
42768 42771 42774 42777 42780 42783 42786 42789 42792 
42795 42798 42801 42804 42807 42810 42813 42816 42819 
42822 42825 42828 42831 42834 42837 42840 42843 42846 
42849 42852 42855 42858 42861 42864 42867 42870 42873 
42876 42879 42882 42885 42888 42891 42894 42897 42900 
42903 42906 42909 42912 42915 42918 42921 42924 42927 
42930 42933 42936 42939 42942 42945 42948 42951 42954 
42957 42960 42963 42966 42969 42972 42975 42978 42981 
42984 42987 42990 42993 42996 42999 43002 43005 43008 
43011 43014 43017 43020 43023 43026 43029 43032 43035 
43038 43041 43044 43047 43050 43053 43056 43059 43062 
43065 43068 43071 43074 43077 43080 43083 43086 43089 
43092 43095 43098 43101 43104 43107 43110 43113 43116 
43119 43122 43125 43128 43131 43134 43137 43140 43143 
43146 43149 43152 43155 43158 43161 43164 43167 43170 
43173 43176 43179 43182 
CONNECTIVITY vtktypeint64
0 1 2 3 4 5 6 7 8 
9 10 11 12 13 14 11 10 15 
16 17 18 19 20 21 22 23 24 
25 26 27 28 29 30 31 28 30 
32 33 34 35 36 37 5 38 3 
37 36 39 40 41 42 43 44 45 
46 47 48 49 50 51 48 47 52 
53 54 55 56 57 58 59 60 61 
62 63 64 65 66 67 68 69 70 
71 72 73 74 75 76 77 78 79 
80 81 82 74 76 83 43 45 84 
18 17 85 86 87 88 89 90 91 
92 93 94 65 67 95 19 96 20 
97 98 99 100 101 102 103 104 105 
106 6 8 73 72 107 108 109 110 
24 23 111 55 90 53 112 113 114 
57 115 58 116 117 118 14 13 119 
120 121 122 123 124 125 105 50 49 
126 86 88 64 127 62 125 128 123 
56 129 130 95 131 132 133 134 135 
136 137 138 139 1 0 58 129 56 
140 141 142 143 144 94 145 146 147 
147 148 145 70 69 149 150 151 152 
21 153 19 154 155 156 157 158 159 
104 50 105 160 161 162 163 104 103 
164 165 166 167 168 60 169 26 25 
159 170 157 171 172 173 174 175 176 
177 178 179 180 181 182 60 168 183 
184 98 97 185 13 186 138 137 187 
188 189 190 191 192 193 194 195 6 
34 33 152 196 153 21 176 197 174 
67 131 95 198 199 200 194 6 106 
201 185 186 79 78 202 203 204 205 
135 134 206 207 208 209 152 33 150 
210 121 120 211 212 213 82 81 214 
215 216 217 218 7 6 156 155 219 
166 220 164 221 222 223 224 41 40 
225 211 213 114 226 112 227 101 100 
228 197 176 191 229 192 207 209 230 
179 178 65 72 231 107 232 141 140 
233 110 234 235 236 237 186 13 12 
238 181 180 239 240 241 162 242 160 
243 56 130 205 204 244 228 245 197 
2 246 0 60 183 61 247 248 249 
189 250 190 200 251 198 252 253 254 
126 255 86 256 257 258 190 259 188 
260 261 230 18 262 16 234 263 233 
151 264 265 148 266 267 268 269 270 
107 231 271 265 272 151 202 78 273 
87 274 88 275 248 276 277 240 239 
278 279 118 280 281 282 202 283 284 
285 286 287 288 289 290 291 292 293 
294 201 295 112 296 113 297 44 43 
32 298 33 38 299 300 301 302 303 
278 304 279 305 306 307 308 309 310 
310 309 311 312 313 225 249 248 275 
305 314 315 315 306 305 188 259 316 
217 60 59 317 318 319 320 321 322 
298 323 324 33 298 324 325 115 326 
327 328 329 330 331 332 94 144 333 
111 334 24 54 335 55 336 337 338 
290 289 339 340 63 62 341 342 343 
344 345 346 273 302 202 347 348 349 
345 350 346 351 352 353 354 355 356 
217 357 215 358 359 360 361 90 89 
362 363 364 209 365 366 367 269 268 
353 352 337 368 121 369 3 370 4 
254 371 252 92 94 40 248 372 276 
373 374 29 375 376 377 366 378 209 
379 380 381 283 172 171 382 383 384 
287 334 285 385 98 184 320 386 321 
387 388 389 390 391 392 393 394 395 
396 397 316 398 222 221 360 134 133 
399 328 327 400 109 108 401 402 403 
230 261 207 404 405 406 407 408 163 
237 409 235 410 411 412 150 264 151 
413 414 415 416 379 381 417 13 185 
418 419 420 421 23 22 422 104 163 
147 266 148 423 424 425 426 342 341 
184 427 385 57 109 400 426 341 428 
429 355 354 0 430 139 431 432 433 
91 90 55 434 435 436 415 437 413 
260 230 438 76 75 439 440 441 442 
316 259 396 443 257 256 444 318 317 
77 445 78 50 446 51 447 66 65 
216 60 217 448 449 450 383 451 384 
284 283 171 392 391 452 276 372 453 
453 454 276 130 455 243 369 456 368 
351 457 272 330 274 331 458 153 196 
459 460 461 434 462 435 463 399 327 
360 464 358 308 465 466 265 424 272 
467 345 344 294 185 201 468 334 469 
470 38 471 314 399 315 400 472 57 
122 121 368 5 299 38 473 363 362 
110 109 234 428 474 426 3 38 470 
475 451 383 476 477 478 479 465 308 
155 480 219 475 157 451 402 481 403 
35 482 36 483 286 285 484 485 486 
487 214 488 225 313 211 353 457 351 
263 489 233 490 491 405 492 335 54 
493 494 495 496 497 498 118 117 499 
118 279 116 433 432 500 501 502 125 
377 376 503 344 504 467 461 460 505 
292 411 293 303 302 273 506 507 508 
509 486 510 511 222 183 512 489 263 
513 302 301 514 515 516 495 517 493 
139 430 518 519 520 521 247 522 169 
523 250 524 510 525 509 163 408 422 
526 527 528 529 530 531 532 533 534 
516 515 535 536 441 537 46 462 47 
538 507 506 219 480 539 326 115 540 
541 411 542 543 544 545 546 547 548 
549 388 387 550 449 448 306 337 307 
551 181 238 405 491 406 157 552 553 
302 283 202 479 554 465 555 357 556 
557 527 526 282 558 280 99 355 429 
353 337 336 559 560 561 562 563 564 
565 502 501 359 134 360 566 455 567 
520 394 393 374 568 29 120 569 570 
571 554 479 404 572 405 86 255 573 
574 533 532 87 575 576 577 578 579 
338 337 306 580 318 581 582 44 297 
583 584 585 570 569 586 587 499 588 
429 97 99 407 589 408 562 564 590 
588 499 591 592 41 127 593 594 477 
595 596 597 458 598 599 297 600 582 
601 602 603 333 604 605 163 103 606 
607 608 609 436 610 434 322 607 611 
493 517 612 613 614 615 315 399 463 
616 617 618 186 619 201 620 383 382 
617 267 618 502 128 125 62 224 621 
247 169 407 614 286 483 396 622 397 
623 81 624 255 625 573 511 183 626 
601 627 628 629 630 631 397 622 632 
633 634 635 636 637 638 639 640 641 
484 486 642 643 644 645 646 584 583 
20 96 647 425 424 265 648 630 629 
300 299 531 649 637 636 579 650 577 
548 547 522 285 334 111 651 652 653 
654 610 436 329 328 542 412 411 541 
542 328 541 655 656 657 296 658 659 
293 411 410 651 370 3 660 611 609 
282 281 661 662 663 664 28 226 114 
438 665 260 666 665 667 668 424 423 
669 670 671 612 517 672 154 673 155 
58 115 325 488 674 487 675 676 677 
678 679 680 681 533 574 682 386 160 
683 419 418 38 300 471 442 441 536 
556 357 217 684 685 686 687 688 581 
689 572 690 671 691 669 521 520 692 
537 693 536 647 96 694 173 172 293 
695 696 697 698 679 678 657 699 655 
486 485 510 565 501 700 21 20 701 
617 148 267 477 594 478 702 703 704 
24 334 468 611 607 609 567 455 130 
439 705 76 706 110 707 132 131 708 
623 709 140 710 711 712 713 714 715 
716 289 288 717 718 719 720 721 722 
469 334 287 478 723 476 724 725 726 
727 728 729 417 185 730 731 226 732 
733 464 734 735 736 737 738 739 453 
715 714 740 741 701 742 743 565 700 
659 596 296 424 351 272 644 455 645 
744 256 745 746 747 748 749 750 632 
581 751 580 120 570 210 719 752 753 
561 560 70 294 348 347 754 711 755 
756 744 757 599 153 458 405 572 689 
475 552 157 220 758 759 760 761 752 
672 762 612 632 622 749 238 763 551 
278 118 764 741 21 701 99 98 765 
623 766 709 767 768 769 545 544 770 
719 760 752 771 772 83 189 696 695 
773 774 775 203 205 776 777 357 555 
756 778 744 779 69 68 780 611 660 
422 408 218 781 625 782 783 320 322 
784 627 601 785 741 742 786 787 788 
509 789 790 492 738 453 791 784 603 
270 726 792 487 674 793 774 262 775 
794 795 796 698 797 798 490 799 491 
531 530 800 624 81 80 20 647 686 
798 679 698 534 182 532 801 200 802 
524 250 803 804 687 805 621 224 40 
407 169 25 732 226 28 804 688 687 
664 663 806 807 808 795 494 809 810 
493 809 494 546 548 811 812 813 620 
814 652 651 807 788 815 734 464 360 
771 323 772 9 816 132 716 288 817 
260 665 666 804 805 818 498 497 819 
499 117 591 550 448 820 641 821 639 
417 822 13 823 824 825 36 821 39 
826 827 828 778 256 744 645 455 566 
829 802 830 126 831 255 160 386 320 
778 443 256 103 105 832 707 110 233 
806 663 833 834 376 835 503 834 406 
836 823 837 838 270 792 730 185 294 
839 489 512 293 172 291 30 840 31 
738 841 739 842 161 843 844 845 846 
495 614 613 796 795 847 829 801 802 
813 383 620 784 601 603 848 166 849 
850 598 458 47 840 52 28 114 29 
737 736 851 492 54 852 853 464 733 
324 323 771 255 831 854 855 418 420 
117 856 591 857 63 340 858 610 654 
151 859 152 860 659 861 672 862 762 
764 499 587 2 1 863 650 864 577 
519 394 520 614 483 615 708 865 866 
867 617 868 773 869 870 576 274 87 
871 756 757 494 810 286 621 94 333 
872 728 727 571 629 631 868 617 616 
782 625 873 190 250 523 874 875 876 
877 878 879 462 758 435 712 711 754 
826 880 827 322 321 607 645 878 643 
349 348 881 882 476 871 883 884 885 
886 829 830 579 887 888 512 889 839 
823 825 837 768 441 440 531 299 529 
677 236 683 789 890 790 573 625 781 
891 103 832 892 604 447 597 596 860 
893 894 862 237 236 676 51 145 867 
895 896 897 631 554 571 451 898 384 
768 440 769 471 300 899 605 62 621 
606 247 407 690 572 900 901 848 849 
902 160 320 903 784 791 904 905 906 
407 163 606 621 333 605 49 51 907 
908 909 910 51 867 907 824 227 825 
435 758 220 902 320 783 911 335 832 
912 913 914 915 916 917 805 597 860 
667 665 918 642 919 484 491 503 406 
749 920 750 783 322 921 922 896 923 
776 924 203 55 335 911 925 385 926 
681 574 927 710 482 928 929 930 931 
750 920 932 183 168 626 179 933 177 
934 768 767 935 718 717 755 711 936 
20 686 701 937 760 898 938 929 939 
907 867 868 267 940 618 359 941 942 
406 834 943 45 944 945 816 946 179 
182 947 948 949 950 551 930 139 518 
359 942 134 788 787 815 522 191 169 
951 593 952 930 518 931 953 954 955 
719 753 956 929 931 939 957 10 958 
753 752 786 765 98 866 270 269 726 
534 947 182 119 270 838 904 906 135 
959 960 961 962 458 196 775 262 18 
963 964 897 579 578 887 958 925 926 
965 168 167 966 967 968 969 634 633 
970 619 971 243 455 644 972 883 824 
973 859 974 105 49 911 678 460 459 
975 75 976 925 866 385 926 977 978 
397 979 316 838 792 312 818 805 980 
861 659 981 982 415 983 863 1 846 
984 226 731 609 490 689 206 841 738 
985 986 987 918 988 989 118 499 764 
436 435 848 990 295 991 992 993 932 
971 619 186 744 745 811 994 362 364 
995 399 314 503 376 834 921 611 780 
897 896 922 996 878 877 95 816 179 
997 998 853 999 1000 1001 157 170 451 
1002 741 785 295 201 991 530 1003 1004 
201 619 991 1005 1006 1007 476 756 871 
358 913 912 1008 1009 1010 1011 753 786 
974 457 1012 1013 1014 700 436 848 901 
1015 795 794 404 943 781 119 268 270 
1016 1017 1018 660 609 689 978 1019 957 
152 859 973 206 738 852 660 689 690 
654 436 901 879 878 645 53 582 905 
849 676 675 692 784 903 357 1014 215 
404 406 943 891 832 1020 892 447 65 
983 415 1021 182 181 532 732 31 1022 
522 249 548 732 1022 1023 876 875 1024 
1025 1026 1027 125 124 254 830 565 743 
785 742 959 627 393 628 105 911 832 
286 810 287 802 502 565 1028 845 844 
31 47 1022 833 1029 806 145 148 867 
494 614 495 904 53 905 726 1030 792 
1031 703 702 1005 1007 1032 823 972 824 
1033 404 781 1034 1035 1036 1033 781 782 
1037 651 3 903 791 1038 1018 1039 1016 
943 834 1040 215 1014 1013 95 179 65 
492 453 1020 742 685 960 859 457 974 
1041 1042 1043 577 864 445 742 960 959 
976 75 74 731 732 1023 1044 746 278 
166 237 676 791 603 801 518 430 836 
1008 981 1045 581 318 444 686 685 701 
1046 902 783 796 1047 1048 1047 1045 1048 
581 444 1049 1050 768 934 339 289 856 
795 808 847 1047 1008 1045 923 896 1051 
1052 440 1053 1008 861 981 49 907 91 
599 598 1054 1047 1009 1008 796 1048 1055 
196 21 741 1056 1057 1058 616 618 812 
1059 528 1060 1061 1062 804 539 480 938 
980 805 860 501 1013 700 1063 112 984 
949 551 1064 1065 950 949 906 1066 1067 
624 766 623 1028 844 930 88 330 1062 
722 721 1068 394 288 290 981 659 1069 
794 796 1055 811 548 909 687 581 1049 
1061 804 818 1070 1071 1072 962 196 1002 
980 860 861 267 1073 940 606 103 891 
605 604 892 1004 1056 1074 1075 1076 1077 
791 801 829 125 254 1078 1079 310 311 
1080 1081 1082 464 913 358 1083 1084 1085 
1038 829 886 1086 807 1015 1087 1004 1088 
1054 598 1089 1090 1091 1092 850 458 962 
698 1093 797 708 866 925 854 625 255 
394 290 395 943 1040 573 501 1078 1013 
196 741 1002 1072 1050 934 588 591 716 
1094 1059 1060 467 661 1095 1096 402 401 
1097 1025 1027 677 683 1098 1071 537 1050 
1099 783 921 657 656 1067 873 625 854 
932 920 992 687 1049 597 1057 598 850 
609 608 490 1100 1101 797 1102 525 1103 
501 125 1078 777 1014 357 1040 87 86 
797 1101 798 1057 850 1058 936 1104 1054 
1105 1106 456 875 639 754 1056 1058 1074 
1085 1107 1108 846 1 844 743 700 1109 
710 928 1110 938 939 1111 1112 1113 1114 
254 253 1078 1115 936 1054 1104 710 1110 
200 502 802 676 236 677 555 556 1113 
952 882 1116 1007 487 793 1024 875 754 
1117 991 1118 1108 1107 1119 1120 9 132 
135 206 852 802 565 830 982 997 1094 
1121 1122 874 907 868 89 542 411 292 
1011 786 1123 929 1028 930 1115 1054 1089 
1124 263 234 529 1003 530 505 1125 461 
1126 909 908 1112 555 1113 901 849 1127 
731 1023 1128 1024 754 755 854 831 1129 
1130 1089 1057 1053 1114 1131 927 574 1065 
1083 1085 1132 1133 1042 1041 1134 531 800 
1135 1136 1137 1053 1112 1114 1138 1139 1140 
984 731 1141 1121 874 876 382 384 935 
665 988 918 512 263 1142 322 611 921 
1143 979 1144 1145 168 965 1146 317 1147 
1026 1142 643 1148 642 1149 1124 1150 243 
654 901 1151 1152 142 1153 1150 57 56 
968 967 1154 513 283 302 1142 1124 644 
917 916 1155 1156 1157 73 889 1158 1159 
1010 980 861 687 597 805 1085 1108 1160 
1161 753 1011 574 532 950 1069 1063 1162 
618 813 812 708 925 1120 675 677 1163 
556 217 59 981 1069 1164 1165 140 142 
1166 919 1167 133 906 1067 1108 1168 1169 
1170 899 1171 49 91 911 1172 993 992 
1140 1171 706 814 651 1037 1173 954 953 
839 889 1159 1004 1074 1088 230 209 1174 
1168 1175 1176 1138 706 707 422 218 1177 
1175 1178 1179 1037 3 470 825 100 1180 
1181 993 1172 1178 707 1179 1178 1138 707 
1140 1170 1171 905 1066 906 1138 1140 706 
1170 471 899 349 278 764 1175 1179 1176 
823 430 972 1092 1182 1183 296 595 113 
1168 1176 1169 708 131 865 1036 1035 1184 
62 127 224 1185 1186 1187 930 844 139 
1182 1083 1188 1189 716 817 1011 1123 1190 
807 795 1015 126 88 1062 1108 1169 1160 
1191 1081 1080 112 226 984 556 59 1192 
852 54 904 1193 977 282 794 1055 1194 
1090 1092 543 1195 818 980 1196 1136 1135 
1197 1061 818 1063 984 1198 956 753 1161 
1085 1160 1132 882 477 476 1120 10 9 
951 952 1199 484 919 1166 1086 1015 1102 
1015 794 1200 1123 1086 1103 961 1201 2 
1202 1203 1204 639 36 712 1205 1152 1206 
1207 903 1038 1156 1174 1157 1173 953 1019 
1026 643 1027 987 986 1208 1209 951 1210 
1211 1090 1212 852 738 492 1213 73 107 
1214 1115 1089 983 997 982 1062 688 804 
1109 1014 777 1215 1033 782 756 1216 778 
1071 1050 1072 295 348 294 539 938 1111 
717 719 956 1006 214 487 1217 755 936 
166 676 849 642 486 1149 583 1218 646 
1084 1107 1085 1149 509 790 1083 1132 1188 
1219 1220 1221 1001 1222 999 1161 1011 1223 
856 289 591 852 904 135 132 708 1120 
1224 1024 755 1225 660 690 844 1 139 
1149 790 1226 1124 234 1150 1227 652 1114 
364 1209 1228 223 876 1024 1091 1229 1092 
1152 1165 142 949 1064 1230 1231 1232 1233 
1142 263 1124 1213 1156 73 797 1093 1234 
961 379 1201 1100 1235 1101 713 715 586 
994 364 1236 511 1121 876 1237 692 903 
1238 1239 16 692 627 784 1104 1110 599 
972 1240 883 562 590 1241 1026 512 1142 
1006 487 1007 959 961 863 1119 231 1168 
791 829 1038 978 957 958 734 360 133 
1065 949 1242 972 430 0 1243 1244 216 
1245 1025 1097 882 871 1246 490 405 689 
958 926 978 133 1067 734 84 562 1241 
316 979 1143 1097 1027 996 1103 525 510 
858 654 1247 907 89 91 962 1002 1248 
51 446 145 273 78 1249 1250 1251 1252 
1005 895 1006 1253 188 1143 102 1254 100 
500 994 1255 853 913 464 59 61 1256 
1241 590 1257 1032 1007 1258 429 354 428 
132 816 95 646 1218 1259 1260 519 521 
1173 1019 1193 1261 1262 1001 655 1059 1263 
282 661 1264 785 959 1265 1266 1239 1238 
1142 644 643 1267 1268 1269 1124 243 644 
1117 990 991 218 6 1177 1152 674 1165 
995 328 399 990 1270 295 1271 1272 1273 
1274 1275 1276 591 289 716 1194 533 681 
114 373 29 1150 56 243 661 1277 1095 
1144 979 1278 1279 1029 1060 733 655 1263 
1193 282 1264 862 894 762 1148 1149 1226 
1272 1221 1280 116 1281 117 989 1213 1282 
1135 1235 1100 943 573 781 740 1283 1284 
1285 1286 1287 459 461 136 1077 1076 1288 
1289 1203 1290 1291 923 1292 632 750 1275 
769 440 1052 1293 1294 1295 1056 1130 1057 
850 962 1296 1297 1291 1298 1299 690 900 
1300 1079 1301 1302 277 1303 1304 919 642 
1304 642 1148 899 300 1134 593 477 952 
88 274 330 1243 253 1244 1002 785 1305 
871 757 1126 1306 1307 1308 1092 1183 543 
1309 1253 1143 1310 1271 1311 936 711 1104 
1312 921 780 1313 1314 1315 1316 854 1129 
1095 1317 1318 1274 632 1275 488 81 623 
1182 1188 1183 868 616 1319 1272 1219 1221 
1320 830 743 1231 1321 1322 1253 189 188 
1219 1257 1220 1165 623 140 1258 793 1323 
692 520 627 1090 543 1212 1051 1005 1032 
384 718 935 1324 1109 777 1107 203 1119 
1258 1007 793 166 165 237 1325 922 923 
1065 574 950 1221 1302 1303 1040 86 573 
213 212 1070 1078 1243 1013 1165 674 488 
65 178 892 1326 777 555 1327 459 136 
1328 428 1329 1330 1311 1331 1052 1053 1131 
1332 743 1109 1211 273 1249 1333 298 1334 
853 998 913 714 1283 740 228 1335 922 
176 1336 1335 1337 735 1338 1271 1273 1311 
1339 1340 964 1272 1341 1219 1249 1091 1090 
815 1342 807 1290 1203 1343 1211 1212 1344 
1152 1153 1206 1345 500 1346 1204 1203 1289 
1347 1038 886 1348 470 471 668 351 424 
836 837 1349 556 1192 1113 1350 1084 1083 
586 569 713 1351 1352 1353 1148 1226 975 
1354 1070 1072 330 688 1062 1132 1355 1356 
1357 1297 1358 1359 312 225 1304 1148 976 
1335 897 922 817 288 519 732 28 31 
1360 838 312 1291 1361 1325 1273 1362 1311 
1363 1037 470 806 1029 1279 923 1051 1292 
1364 1253 1309 1365 782 873 793 1205 1323 
1366 814 1037 14 119 838 800 530 1087 
1061 831 126 1367 1131 814 1213 107 1282 
135 906 133 1008 1010 861 122 1368 1369 
1291 1292 1298 616 812 1370 796 847 1047 
1220 1302 1221 83 76 1371 1372 1364 1309 
740 1284 1373 214 81 488 1089 598 1057 
1374 1072 934 1137 1235 1135 1022 434 1023 
1375 1301 1376 303 1211 1344 1120 925 958 
1238 1377 1378 438 230 1174 1379 1341 1271 
1130 1214 1089 927 1065 1380 1266 1238 1381 
978 977 1193 1272 1280 1273 1382 663 662 
1128 610 858 1276 1275 1383 792 313 312 
1301 1079 1376 1263 853 733 1264 1173 1193 
1274 979 397 151 272 859 597 1384 595 
981 1164 1045 1385 1386 1387 1388 1389 1390 
1287 1286 1391 1274 397 632 1392 1301 1375 
1388 932 1389 639 712 754 1219 1341 1393 
793 674 1205 1297 1361 1291 1394 870 1395 
940 475 813 1193 1019 978 744 811 757 
900 572 1033 1291 1325 923 1334 298 32 
771 83 1371 1396 862 1397 1051 896 1005 
494 286 614 1011 1190 1223 1309 1143 1144 
1048 534 1055 1398 1304 1399 1400 842 843 
1221 1303 1280 1297 1298 1358 1401 1261 1402 
1104 711 710 68 70 1403 1182 1350 1083 
518 836 1404 369 1362 1273 1082 1081 1337 
122 368 1368 1405 1406 1407 1233 1232 1408 
832 335 1020 870 1357 1395 303 273 1211 
1409 1029 833 1410 1411 1412 1413 1331 1414 
1415 1416 1417 1310 1379 1271 1261 1001 1402 
266 1073 267 1418 1419 1322 1420 1421 1422 
1115 1217 936 1408 1232 1181 1278 979 1274 
1423 1414 1424 731 1128 1141 1377 1394 1378 
866 865 765 467 1095 1318 1094 1060 1425 
1426 787 761 1211 1249 1090 812 620 1427 
1419 1231 1322 1401 1402 1428 605 340 62 
1061 126 1062 1429 1309 1144 1430 1431 1432 
1234 1093 1433 1434 1369 1435 899 1134 1436 
932 993 1389 1437 1401 1428 1438 459 1327 
528 1439 1279 847 1009 1047 1440 1441 1442 
1443 1444 1445 688 751 581 771 1371 1446 
1069 1162 1164 620 382 1447 1448 663 1382 
59 1256 1192 1449 1196 1450 1027 878 996 
528 1279 1060 1331 210 1414 1010 1195 980 
1325 228 922 1451 1452 1453 1278 1274 1276 
1087 1088 326 868 1319 89 849 675 1127 
1454 1455 1456 71 1139 1138 735 1457 1338 
1434 122 1369 1405 1266 1458 1459 1424 1460 
1373 1284 1461 1407 1239 1266 1462 571 479 
1033 572 404 700 1014 1109 1104 599 1054 
1327 136 1463 1134 800 1464 1424 586 1460 
1415 1417 1465 800 1087 540 1412 1411 1466 
1467 1435 1468 683 1185 1098 1217 1224 755 
1331 1362 210 1469 1144 1278 1470 1471 1392 
1330 1310 1311 1224 223 1024 61 398 1256 
1472 1290 1343 1295 1294 1473 1181 1172 1408 
1474 1327 1475 1476 1136 1196 1123 1103 1190 
1240 246 1477 228 176 1335 725 1030 726 
1478 1406 1405 223 511 876 1479 225 213 
369 121 1362 928 19 1110 984 1141 1198 
1480 1321 1231 1437 1428 1481 1482 1468 1483 
382 935 1484 1238 1378 1381 1240 1477 1485 
1118 619 970 1486 1234 1433 425 1437 1481 
1487 1488 1489 1238 16 1377 677 1098 1163 
1328 429 428 511 626 1121 1315 1314 1490 
1197 831 1061 1388 750 932 1195 1197 818 
1491 1492 1493 1383 1275 1388 1263 1059 1094 
1264 661 467 1322 1321 1494 1012 457 353 
1147 1495 1146 1474 1438 1327 745 546 811 
1390 1389 1496 1497 1498 1499 1186 1500 1187 
1086 1102 1103 653 652 1227 1063 1198 1162 
1489 1488 668 1372 1403 1364 1466 1411 1501 
1266 1381 1458 1474 1093 1438 216 167 60 
1430 1432 1502 1149 486 509 1015 1200 1102 
1462 479 1503 1504 1483 1505 1506 1278 1276 
1442 1441 1507 1438 678 459 902 161 160 
794 1194 1200 1448 1382 1508 1509 1446 1261 
1453 1452 1510 1471 1301 1392 1382 662 1511 
1099 1046 783 1512 1202 1513 1405 1407 1266 
866 98 385 1375 1317 1514 1515 1306 1308 
1304 976 1399 1516 1351 1353 1517 1512 1513 
1382 1511 1289 1467 1434 1435 1462 1503 1518 
156 219 1519 425 1481 1520 958 10 1120 
1521 1453 1510 735 737 1457 1507 1441 1522 
1523 1421 1420 1524 1460 1525 324 771 1446 
1526 1276 1383 1516 1462 1518 680 460 678 
893 862 1396 1419 1232 1231 1456 1455 1527 
423 425 1520 1413 1330 1331 938 1515 929 
706 108 110 1148 975 976 1433 1474 1528 
1131 652 814 901 1127 1151 1275 750 1388 
1432 1529 1451 1060 1029 1425 1383 1388 1390 
1466 1501 1530 1482 1467 1468 1429 1372 1309 
1446 1262 1261 1525 740 1373 1514 1431 1430 
1531 1097 996 833 663 1448 1532 1490 1533 
1096 401 1534 1535 1505 1536 1537 1419 1418 
1450 1196 1135 1108 1119 1168 1423 1413 1414 
1538 1290 1472 1397 862 672 1539 1540 1541 
1542 1196 1449 989 988 1213 1459 1423 1424 
567 130 1543 1318 1317 1375 1100 797 1234 
869 1544 1545 1546 1547 1548 1504 1482 1483 
1353 571 1462 1549 1525 1373 1550 1351 1516 
1327 1463 1475 1461 1284 1454 1551 934 767 
1496 1389 1552 551 1553 1064 1205 674 1152 
452 1406 1478 1170 1348 471 1554 1314 1555 
1489 423 1556 1557 1373 1461 1499 1498 1558 
347 764 587 1260 817 519 1559 1536 1560 
654 1151 1247 423 1520 1556 1561 1383 1390 
1250 1252 1562 1438 1093 698 1563 1512 1517 
1167 919 1398 1450 1234 1486 1516 1518 1564 
1382 1289 1508 1461 1454 1456 1139 1565 1140 
1566 1567 1568 1569 1570 1523 1496 1552 1571 
879 645 566 1572 1453 1521 820 1573 550 
1574 1560 1575 1371 1262 1446 1478 1405 1576 
1555 1314 1313 1532 1315 1490 1134 300 531 
1577 1488 1487 1343 1203 1512 1401 1509 1261 
1469 1429 1144 356 355 1578 1522 1441 1579 
1535 1504 1505 1533 1490 1580 606 248 247 
537 441 1050 1215 900 1033 1432 1451 1502 
1474 1475 1528 1237 521 692 1581 1245 1097 
1486 1433 468 1582 1461 1456 1583 452 1478 
1425 982 1094 1450 1100 1234 1584 1575 1585 
1586 1448 1508 913 998 914 1554 1587 1588 
1589 291 513 904 54 53 1590 1390 1496 
1527 1455 1497 1449 1450 1486 1583 1478 1591 
1343 1512 1563 1051 1032 1592 408 1593 218 
1540 1594 1541 1452 1595 1510 307 1488 1577 
1489 1556 1596 1032 1258 1597 915 917 1250 
425 265 1437 1487 1489 1596 1311 1362 1331 
1598 1352 1351 1393 1241 1257 1599 1600 1245 
1601 1456 1527 1470 1430 1502 1527 1497 1499 
1559 1535 1536 479 308 1503 1524 1459 1460 
1517 1513 1602 1115 1603 1217 1604 648 1352 
1112 1326 555 1517 1602 1507 1605 1496 1571 
1606 915 1607 1506 1469 1278 1449 1486 469 
1511 1204 1289 1608 1609 1476 1303 1610 1611 
1574 1559 1560 1612 982 1425 1613 1527 1499 
1614 1585 1615 1394 1395 680 1562 1252 893 
1489 668 423 1616 1577 1617 1558 1498 969 
585 1583 1618 1440 819 1619 305 307 1577 
1516 1353 1462 991 619 1118 1595 915 1606 
1620 508 1621 1178 71 1138 950 181 551 
1584 1574 1575 1580 1490 1622 1558 969 1623 
1570 1421 1523 1624 1419 1537 1542 1449 1625 
1626 1619 1533 1476 1196 1542 850 1296 1058 
1577 1487 1617 1627 1499 1558 1550 1516 1564 
1628 1562 893 1004 1003 1056 1563 1517 1629 
1405 1458 1576 1433 1093 1474 438 988 665 
1555 1587 1554 1630 111 1631 1632 1571 1537 
635 1615 1633 1564 1471 1470 1634 1476 1542 
1402 85 1428 1571 1624 1537 1509 324 1446 
1357 1358 505 1635 1562 1628 1350 888 1084 
1589 513 301 1520 1636 1637 1626 1440 1619 
188 316 1143 1526 1506 1276 1630 285 111 
990 66 447 833 1448 1638 1639 1267 1640 
843 161 902 1628 1580 1622 1078 253 1243 
1615 1154 1633 1552 1181 1624 1517 1507 1629 
1641 1642 1643 1433 1528 468 1644 1522 1579 
1614 1584 1585 1645 1351 1550 1645 1598 1351 
1514 1430 1392 1588 1606 1607 1409 833 1638 
1375 1514 1392 1619 1532 1533 1646 1616 1647 
1343 1563 615 1189 588 716 1602 1442 1507 
1552 993 1181 1598 1604 1352 1070 1648 1071 
1490 1314 1622 1649 996 877 1561 1526 1383 
1337 1081 735 915 1250 1607 1616 1617 1647 
1176 839 1169 1650 1443 1445 1626 1533 1651 
219 539 1652 496 1558 1623 1549 1524 1525 
542 292 1653 1439 1391 1279 1654 1633 669 
1316 873 854 1557 1549 1373 1396 1580 1628 
1655 585 1656 1657 292 291 1657 291 1589 
1347 1207 1038 1478 1576 1591 635 1614 1615 
1658 1522 1644 626 168 1659 1630 483 285 
1586 1508 1538 1654 635 1633 1660 704 1415 
1616 305 1577 1487 1596 1661 1616 314 305 
1662 1663 1664 303 1344 514 616 1370 1319 
1665 343 1666 1271 1341 1272 1579 1626 1651 
1401 264 1509 301 303 514 1156 438 1174 
1667 1668 1669 1670 1537 1418 1552 1624 1571 
1634 1542 1671 1512 1203 1202 1582 1557 1461 
1646 314 1616 1579 1441 1626 1428 1672 1481 
1673 1623 1043 1674 1646 1675 1608 1476 1634 
1470 1502 1572 918 989 1676 29 568 30 
1646 1647 1675 1169 1159 1160 940 813 618 
1182 1229 1350 1638 1448 1586 1472 1343 615 
1590 1561 1390 1312 1099 921 1205 1206 1677 
1653 292 1657 1583 1591 1618 1678 1679 1546 
1472 483 1630 1601 1582 1456 1680 1681 1675 
1641 1643 1682 613 1563 1629 615 483 1472 
1020 335 492 1627 1613 1499 1392 1430 1470 
1605 1590 1496 1622 1314 1554 1501 1545 1530 
1683 669 1684 1449 469 1625 1685 1267 1639 
585 1618 1656 1613 1601 1527 707 233 1179 
1674 1675 1686 1176 489 839 995 314 1646 
1687 1688 1641 1212 872 1344 1689 1322 1494 
962 1248 1296 1428 85 1672 949 1230 1242 
1486 468 469 1555 1313 1604 615 1563 613 
989 1282 1690 1632 1605 1571 1508 1290 1538 
613 1629 1658 1691 1692 1685 265 264 1437 
1688 1642 1641 1258 1323 1693 1694 1043 1667 
1695 1684 1696 1569 187 1570 1675 1681 1686 
1684 1208 1696 762 1697 1698 1065 1242 1380 
1683 1654 669 712 482 710 1520 1637 1556 
1503 1300 1518 1674 995 1646 1640 1663 1662 
1365 1215 782 412 1674 1686 1487 1661 1617 
1635 1554 1588 1647 1699 1680 1596 390 1700 
1687 1701 1688 672 517 1644 1586 1631 1702 
1703 1610 239 1695 1683 1684 496 1627 1558 
1521 1510 1704 1705 1701 1687 1572 1550 1564 
1687 1641 1706 1707 1609 1608 1622 1554 1635 
1588 1607 1635 1708 260 666 1542 1625 1671 
1207 1237 903 301 514 1709 1670 1632 1537 
1502 1453 1572 1472 1630 1538 1647 1680 1675 
1425 1029 1409 1658 495 613 1397 672 1644 
1607 1562 1635 1586 1702 1638 1628 893 1396 
1572 1564 1470 1628 1622 1635 1589 301 1709 
1626 1441 1440 1692 1267 1685 1450 1135 1100 
1710 1106 1105 1704 1606 1588 1674 541 995 
1686 1711 1691 1712 964 963 1711 1692 1691 
1538 1631 1586 1644 517 1658 1638 1713 1409 
1521 1550 1572 1397 1651 1396 1714 941 359 
1673 496 1623 1348 1363 470 1715 1667 1669 
1630 1631 1538 1650 389 1443 1716 1695 1696 
1658 517 495 412 541 1674 1651 1580 1396 
1702 1713 1638 1705 1717 1701 726 269 724 
1588 1587 1704 1686 1681 1711 898 718 384 
1718 1719 1720 161 195 162 899 1436 1171 
1643 1655 1682 412 1686 1691 1028 1515 1308 
1005 896 895 961 2 863 1596 1700 1661 
1533 1580 1651 935 717 1721 1409 1713 1612 
1629 1522 1658 329 542 1653 1640 1722 1663 
1175 72 1178 1641 1682 1706 1689 1418 1322 
1723 1666 1724 1725 1726 1727 1694 1673 1043 
667 918 1728 1729 1730 1731 1326 1324 777 
1244 965 167 1732 1733 1734 1048 947 534 
1683 1133 1654 1657 1589 1735 1046 843 902 
1250 1562 1607 340 178 857 1589 1709 1735 
1598 1555 1604 1736 1288 1716 601 1737 602 
1389 993 1552 1363 1366 1037 1639 1640 1662 
1507 1522 1629 1491 1493 1738 812 1427 1370 
1595 1606 1510 1739 1492 1491 541 328 995 
1705 1687 1740 1386 1741 1387 1664 508 1620 
1367 1052 1131 6 195 842 1742 1018 362 
1609 1136 1476 1645 1550 1521 1579 1651 1397 
1715 1694 1667 1743 1744 1745 1746 1669 1075 
1463 1747 1748 1709 649 1735 1320 886 830 
410 412 1691 1749 84 1241 1002 1305 1248 
1716 1696 638 1750 1751 1752 1697 1753 1698 
1617 1699 1647 1745 1717 1705 1754 68 1403 
1653 1657 985 959 863 1265 1657 1735 985 
1289 1290 1508 1299 1225 690 1082 1337 1755 
1591 1235 1137 1756 1757 538 836 430 823 
1409 1612 1425 1644 1579 1397 1704 1645 1521 
1375 1376 1318 1510 1606 1704 1758 1753 1759 
1687 1706 1740 1518 1471 1564 1324 1332 1109 
763 1553 551 1706 1480 1740 1188 1068 1183 
1760 1753 1758 1707 1494 1751 1745 1705 1761 
1434 120 122 338 306 1762 1381 798 1458 
1750 1609 1707 1655 1656 1752 1707 1608 1763 
1357 505 1395 410 1691 1685 1366 1367 814 
1764 1679 1678 1608 1634 1765 1762 315 463 
1746 1715 1669 1678 1546 1548 1438 698 678 
53 1766 582 1767 671 1768 620 1447 1427 
1769 704 1660 1763 1689 1494 1661 1699 1617 
1744 1717 1745 1759 1670 1418 1465 1417 1764 
1770 1609 1750 1634 1671 1771 880 1772 1773 
1774 493 612 1756 538 1775 1776 1757 1756 
1482 713 1467 1548 1547 1776 1591 1137 1618 
1700 1259 1661 1598 1587 1555 1656 1750 1752 
1700 646 1259 612 762 1698 1774 1698 1760 
1666 389 1724 1771 1760 1765 875 640 639 
329 1653 1767 1653 985 1767 1655 1752 1682 
1750 1707 1751 1660 1415 1465 1762 306 315 
1777 1075 1732 1778 779 68 1556 390 1596 
643 878 1027 1451 1453 1502 500 1255 1346 
1694 1779 1673 173 293 410 717 956 1780 
1781 484 1166 1243 216 215 382 1484 1447 
1705 1740 1761 1217 1603 450 1608 1765 1763 
1689 1759 1418 173 410 1685 1645 1587 1598 
1670 1782 1632 1509 264 150 1706 1783 1480 
956 1161 1784 1785 1786 1739 1256 398 1787 
173 1685 1639 1788 1329 1789 1707 1763 1494 
1394 680 1378 1481 1636 1520 1337 1338 1790 
1528 24 468 1743 1745 1791 1777 1746 1075 
329 1767 1768 327 329 1768 1736 1716 638 
1792 992 1793 1634 1771 1765 1621 1730 1729 
1794 770 1795 1745 1761 1791 1671 809 1771 
1627 1796 1613 1774 612 1698 1771 1774 1760 
113 1797 373 1012 353 336 1715 1798 1694 
1437 264 1401 971 186 12 1682 1783 1706 
1161 1223 1799 1656 1770 1750 150 33 324 
1332 1320 743 1800 1801 1214 1259 1699 1661 
1605 1155 1590 785 1265 1305 1802 1714 912 
1803 1804 1805 1576 1235 1591 1806 1807 1808 
1751 1783 1752 1761 1408 1791 1398 1399 1809 
1810 535 1811 327 1768 966 469 287 1625 
463 327 966 1231 1233 1480 1122 1812 874 
1771 809 1774 1064 1345 1230 1398 919 1304 
36 482 712 1777 1539 1746 1225 780 660 
1813 920 749 1663 508 1664 1814 1732 1734 
1815 1719 1718 983 998 997 1704 1587 1645 
1601 1816 1582 463 966 1803 1762 463 1803 
1736 638 1810 1817 1818 1819 1618 1770 1656 
1689 1758 1759 1814 1777 1732 5 4 820 
1820 1821 1822 1637 390 1556 1774 809 493 
1190 485 1223 1611 1610 1105 825 227 100 
1164 947 1045 440 442 1053 1194 681 1823 
1494 1321 1751 130 129 1543 1074 481 402 
1824 631 1814 1694 1798 1779 1825 820 1801 
1752 1783 1682 1826 244 1827 1561 1828 1526 
1463 1748 1475 34 152 973 951 1199 1210 
1524 1829 1459 1568 1567 1769 952 1116 1199 
1830 1473 1831 1762 1803 1805 171 173 1639 
1793 920 1813 338 1762 1805 1181 1232 1624 
1620 1621 1729 1137 1770 1618 1219 1393 1257 
1743 1791 1792 1763 1758 1689 1280 369 1273 
1832 1736 1810 1480 1233 1740 1833 1834 1835 
1178 72 71 1836 1743 1792 1714 359 358 
1625 810 1671 1837 1817 1819 1760 1758 1765 
244 204 888 1715 1541 1798 1838 1839 1840 
1557 1841 1549 1746 1541 1715 1300 1301 1471 
1842 1843 1844 1458 1101 1576 1698 1753 1760 
1391 664 806 338 1805 1806 336 338 1806 
1092 1229 1182 867 148 617 1167 1398 1845 
1759 1846 1670 1820 1822 1426 1051 1592 1292 
1847 149 1848 1169 839 1159 171 1639 1662 
810 809 1671 1613 1849 1601 1300 1471 1518 
1101 1235 1576 1850 1328 1329 1055 533 1194 
1824 1814 1734 364 1228 1236 1851 577 1852 
1765 1758 1763 1030 313 792 1853 1854 346 
892 340 605 1792 1172 992 1074 402 1088 
1256 1787 1855 994 1236 1255 336 1806 1808 
939 1856 1111 1813 749 1857 1379 1858 1341 
1775 1836 1793 1012 336 1808 1209 1210 1228 
1423 1285 1413 1298 1859 1358 1860 1333 1334 
1761 1233 1408 1824 1734 1293 1836 1792 1793 
1776 1547 1757 1740 1233 1761 1381 679 798 
1796 1849 1613 1832 1810 1811 1590 1861 1561 
1539 1541 1746 287 810 1625 1408 1172 1791 
1862 396 1863 1509 150 324 1672 1636 1481 
1649 1531 996 1764 1417 1679 1165 488 623 
848 220 166 1350 1229 579 1012 1808 1842 
798 1101 1458 113 595 1797 219 1652 1519 
1806 1864 1807 1283 1865 1284 1452 1866 1867 
1155 1861 1590 801 251 200 974 1012 1842 
1804 1864 1805 1868 1869 1870 1871 1815 1718 
1601 1849 1816 1775 1793 1813 1284 1865 1454 
333 1872 604 1412 1466 1873 1874 439 1875 
1791 1172 1792 1753 1846 1759 1582 1876 1557 
1026 889 512 1877 1820 1878 1252 894 893 
1466 1530 1879 1786 1492 1739 1028 1308 845 
1469 1880 1429 1881 1882 1833 1883 377 491 
1129 831 1197 1770 1136 1609 1782 1251 1884 
1831 1832 1811 510 485 1190 1885 259 190 
1137 1136 1770 1787 550 1886 1697 1846 1753 
1731 1726 1725 1756 1775 1813 1330 1887 1310 
284 171 1662 992 920 1793 757 909 1126 
1113 1227 1114 1807 1888 1808 1561 1861 1828 
1805 1864 1806 974 1842 1844 1372 1754 1403 
1889 297 43 857 178 177 1475 22 1528 
973 974 1844 1549 1890 1524 1891 1824 1293 
1531 1581 1097 79 202 284 1816 1876 1582 
1528 22 24 1578 355 1892 1891 1293 1785 
1831 1811 729 1893 773 775 284 1662 1664 
1894 184 1895 1374 1354 1072 1670 1846 1782 
1892 99 765 881 348 1270 898 760 718 
1882 1834 1833 1896 1897 1898 34 973 1838 
973 1844 1838 1594 1899 1798 403 1900 401 
475 383 813 1557 1876 1841 1747 413 1748 
1901 1569 1523 107 271 1282 1156 988 438 
1710 1105 1703 1624 1232 1419 976 74 1399 
1524 1890 1829 1842 1888 1843 1748 22 1475 
1723 1665 1666 1493 1902 1738 1088 402 1096 
1783 1321 1480 1756 1813 1857 1863 259 1885 
1023 610 1128 1044 143 746 1306 1903 1307 
1904 129 58 1110 153 599 149 561 70 
1391 806 1279 34 1838 1840 1725 1727 1905 
1841 1890 1549 413 421 1748 914 1523 1420 
1808 1888 1842 32 34 1840 1838 1906 1839 
1754 1778 68 1802 1907 1714 1830 1831 729 
1581 1599 1245 909 548 910 1378 679 1381 
1032 1597 1592 1134 1464 1436 1908 697 559 
1459 1909 1423 1551 1374 934 1776 1756 1857 
1205 1677 1323 935 1721 1484 79 284 1664 
1258 1693 1597 1751 1321 1783 1829 1909 1459 
1843 1906 1844 79 1664 1620 1213 988 1156 
1071 1910 537 1911 1891 1785 1457 1912 1338 
1913 1703 1914 1170 1565 1348 1915 1916 1917 
100 1918 1180 1911 1785 1739 1398 1809 1845 
1081 736 735 1919 356 1578 1413 1920 1330 
1334 32 1881 1337 1790 1755 1087 530 1004 
32 1840 1881 1921 1908 1922 90 1766 53 
800 540 1464 4 370 1886 1923 1924 1925 
1839 1926 1840 1179 489 1176 1769 1567 704 
918 1676 1728 539 1111 1927 1928 1929 1930 
1776 1857 1862 1931 1932 1933 0 246 1240 
1830 729 1794 1885 190 523 1934 466 1911 
1252 1251 1935 1936 1129 1197 1548 1776 1862 
1854 344 346 1801 1603 1214 1893 1937 1879 
989 1690 1676 1938 11 15 1530 1893 1879 
1466 1879 1873 1506 1939 1940 1423 1909 1285 
1941 589 25 1334 1881 1833 1094 997 1263 
942 941 1942 1399 1943 1809 1930 1385 1387 
749 622 1857 1844 1906 1838 1269 1268 1744 
1862 622 396 1860 1334 1833 680 679 1378 
1860 1943 1333 775 18 1937 1714 358 912 
1649 1902 1531 421 22 1748 1214 1603 1115 
1730 1726 1731 1298 1944 1859 1545 1945 869 
1548 1862 1863 77 79 1620 1946 1031 1947 
74 1943 1399 681 927 1948 1881 1926 1882 
1393 1749 1241 1285 1920 1413 1665 1789 343 
577 445 1852 1243 215 1013 1330 1920 1887 
1678 1548 1863 1429 1949 1372 1479 1359 225 
1934 1911 1739 1130 1800 1214 1781 485 484 
518 1404 931 1595 916 915 1153 1950 1206 
1809 1860 1835 1893 775 1937 1934 1739 1491 
1951 1738 1952 1953 1339 1712 77 1620 1729 
1328 97 429 1901 1021 1569 1809 1835 1845 
1860 1833 1835 1871 1954 1815 1128 858 1955 
1956 1387 1957 385 1958 926 1088 1096 326 
1901 983 1021 1788 1850 1329 519 288 394 
1087 326 540 1354 213 1070 439 1954 1875 
1959 129 1904 1754 1960 1778 948 947 1164 
1961 1491 1738 1292 1944 1298 1724 389 1650 
524 803 1962 1963 1117 1118 1964 1316 1129 
914 1901 1523 1853 1965 1854 1873 1966 1874 
1454 1967 1455 1869 557 1870 272 457 859 
1896 311 1897 1968 1118 970 461 137 136 
1256 1855 1192 1678 1863 1885 1969 1543 1959 
1970 1830 1794 1410 174 1411 1424 570 586 
1897 1971 1898 1112 442 1326 1834 1972 1835 
1840 1926 1881 1350 579 888 701 685 742 
1913 1710 1703 1879 999 1873 208 365 209 
1223 1781 1799 1852 77 1729 1825 5 820 
1857 622 1862 1764 1678 1885 1800 1825 1801 
1161 1799 1784 1568 1769 1973 47 462 1022 
1929 1385 1930 929 1515 1028 1961 1934 1491 
1974 1975 1976 1880 1949 1429 1666 387 389 
1977 769 1052 1708 261 260 1372 1949 1754 
956 1784 1780 1749 43 84 717 1780 1721 
1566 1650 1445 681 1948 1823 396 259 1863 
177 1978 1979 1167 1845 1913 1103 510 1190 
1908 559 1922 1338 1965 1790 1852 1729 1731 
1282 776 1690 1412 1873 1874 91 55 911 
1980 549 1981 1952 1902 1649 1951 1961 1738 
1787 1886 1855 1853 346 1896 1873 999 1966 
1194 1823 1200 882 1246 1116 1082 1755 1951 
816 1982 946 1908 1983 697 1984 1985 1986 
210 570 1414 1217 450 1224 1140 1565 1170 
1568 1724 1650 239 1610 277 1975 1987 1980 
114 113 373 1850 1895 1328 1988 879 566 
1848 280 1989 1465 1764 523 1764 1885 523 
1359 1360 312 1990 1299 900 1938 1991 11 
1973 1723 1724 1847 1848 1894 1080 1082 1952 
1802 912 1420 1992 35 37 1993 46 48 
1904 58 325 1652 1741 1519 675 1163 1994 
1995 720 1599 912 914 1420 1541 1594 1798 
1996 30 1997 1998 641 1999 2000 1795 720 
2001 2002 1984 2003 1147 2004 1865 1967 1454 
1847 2005 149 1421 2006 1422 1412 1874 1875 
1080 1649 877 1191 877 879 2007 1445 2008 
1166 1167 1914 1845 1972 1913 1045 947 1048 
1809 1943 1860 1848 1989 1894 1853 1896 1898 
1851 1852 1731 1970 1794 1795 1167 1913 1914 
1150 109 57 112 658 296 2009 2010 1992 
2011 759 1993 1323 1907 1693 1660 1465 524 
1410 1875 1871 1790 1853 1898 481 2012 403 
1263 997 853 1892 355 99 134 2013 206 
845 2014 846 1568 1973 1724 1851 1731 1725 
1986 2015 2016 1566 1568 1650 1410 1412 1875 
1868 1870 2017 2018 374 2003 927 1380 2019 
1168 231 1175 513 172 283 1082 1951 1952 
2020 332 2021 908 910 2022 1465 523 524 
1850 1847 1895 1790 1898 1755 2016 252 2023 
2024 580 2020 1244 167 216 2025 566 567 
1953 2026 2027 2028 1708 2029 1769 1660 1962 
1451 1866 1452 1928 2030 1929 858 1247 2031 
1058 481 1074 2032 1851 1725 2033 828 2034 
1360 14 838 1912 1965 1338 1826 1827 2035 
1693 1802 1422 1937 999 1879 1345 1346 2027 
1827 2032 1905 1925 1410 1871 2036 567 1543 
1095 2037 1317 1592 1944 1292 2038 2039 1695 
1612 415 982 1185 1187 2040 2032 1725 1905 
1995 2000 720 1362 121 210 1802 1420 1422 
1924 174 1925 2041 1365 873 1921 1922 1788 
1921 1788 1789 1852 445 77 2042 159 2043 
2044 694 2009 2045 164 2011 2000 1970 1795 
1690 2046 1947 2021 331 2047 2048 123 2049 
2047 576 2050 2046 1826 1946 1913 1972 1710 
724 1260 521 1847 1894 1895 667 1728 2007 
1660 524 1962 534 533 1055 2051 1720 2019 
1242 2052 1380 1080 1952 1649 1827 1905 2035 
964 1340 895 2053 2054 2055 1436 108 1171 
1581 1995 1599 2056 2057 2029 824 2058 227 
2059 647 2044 1925 1871 1718 627 520 393 
1781 1166 2060 1348 1565 366 1353 629 571 
1836 2061 2062 1769 1962 1973 1171 108 706 
666 667 2008 1870 657 2017 1166 1914 2060 
1820 1426 1878 1690 776 2046 1693 1422 1597 
1923 2063 1924 1826 2035 1946 2025 851 1988 
1380 2051 2019 1953 2064 1339 1754 1949 1960 
2065 1347 886 1053 442 1112 2066 1868 1889 
2049 199 2067 1822 815 1426 1875 1954 1871 
2007 1566 1445 1690 1947 1676 1980 1819 1976 
19 153 1110 1988 1191 879 1600 1158 1245 
1206 1942 1677 2050 575 2068 1665 1921 1789 
1184 1035 590 825 1180 837 1781 2060 1799 
745 2069 546 367 1189 817 1191 1080 877 
1155 1884 917 1877 2070 1820 1835 1972 1845 
2071 602 2072 271 776 1282 1980 1987 549 
648 629 1352 2046 1946 1947 1953 1712 2026 
1708 666 2056 2062 2061 1722 1307 2073 1308 
1114 652 1131 466 465 1911 1868 2017 1889 
1975 1980 1976 1195 1936 1197 1719 2074 1720 
1784 2075 1780 1348 366 1363 1738 1902 1952 
2076 767 769 1367 1977 1052 1347 2077 1207 
546 2069 229 2025 1988 566 1800 529 1825 
648 1540 1539 291 172 513 1539 630 648 
1427 945 1370 1956 1930 1387 1923 1925 1718 
1957 1741 1652 1717 1268 2078 428 341 1329 
1346 1953 2027 332 751 330 1749 2066 43 
1782 1884 1632 1981 1837 1819 1098 2079 1163 
1380 2052 2051 2068 835 2080 2067 198 2071 
972 0 1240 2081 684 2082 2083 235 2084 
184 97 1895 1162 948 1164 1128 1955 1141 
2078 1268 1692 337 352 307 2066 1889 43 
668 352 351 1677 1907 1323 1223 485 1781 
927 2019 1948 1790 1965 1853 667 2007 2008 
280 69 779 207 261 2076 1009 2085 1010 
1488 352 668 1923 1718 1720 539 1927 1652 
1605 1884 1155 1721 1184 1484 1886 653 1855 
233 489 1179 1255 2064 1346 1515 480 1306 
1977 207 2076 1365 2086 1215 1185 418 1186 
2051 1923 1720 2087 2088 2089 666 2008 2056 
156 1969 1959 117 1281 856 1911 465 1891 
1951 1971 1961 1925 174 1410 1981 426 1837 
1693 1907 1802 2036 2025 567 1969 2036 1543 
1019 2090 957 914 998 1901 1215 1990 900 
1846 1935 1782 1708 2056 2029 1755 1971 1951 
1980 1981 1819 1921 2091 1908 1977 2076 769 
2052 2063 2051 434 610 1023 1192 1227 1113 
1915 238 1916 453 372 1020 1031 2092 1947 
1728 2093 2007 1886 1573 4 1326 442 536 
835 2094 834 2095 822 417 1936 1964 1129 
2028 2029 1551 154 1959 1904 156 1519 1969 
1654 633 635 1319 361 89 1056 1003 1130 
1326 536 1324 1697 1935 1846 2028 1551 767 
2007 2093 1566 1102 2096 525 1395 460 680 
154 156 1959 1938 15 1928 1345 2027 1230 
1316 2041 873 2085 2097 2098 85 2099 18 
1974 1976 1479 1111 2100 1927 1922 2005 1788 
1956 1938 1930 1346 2064 1953 349 1044 278 
1948 2101 1823 960 380 379 1892 765 1968 
704 703 1415 1723 2091 1665 1270 2102 1872 
1968 1963 1118 1009 2097 2085 1788 2005 1850 
1119 924 231 1824 554 631 1534 154 1904 
1938 1928 1930 2103 1312 780 1974 1479 213 
1566 2093 1567 1578 1892 970 1898 1971 1755 
1631 23 1702 1916 2104 1917 2105 420 2083 
136 138 1463 1884 1251 917 553 552 2106 
1676 2092 1728 1320 2065 886 2107 2108 1832 
871 1126 1246 1543 129 1959 2109 381 2081 
2076 261 2028 1237 724 521 586 715 1460 
2110 628 2111 2112 1883 2113 2114 2115 2116 
1464 400 1436 2041 1877 2043 2065 2117 2089 
2113 2118 2119 1096 1534 325 803 2120 1962 
2054 1742 431 2121 395 2122 2119 2123 2114 
1964 2070 1316 1892 1968 970 2051 2063 1923 
1151 1016 1247 1306 155 1903 2124 339 2125 
2116 2126 2127 2128 1956 1957 2057 2129 2029 
1973 2120 1723 686 2130 684 1525 715 740 
1534 1904 325 2033 826 828 1531 2131 1581 
1296 481 1058 945 2132 45 1400 1177 842 
2133 2134 1880 2041 2043 1365 1799 241 1784 
427 1958 385 1551 2129 1374 1306 480 155 
1215 2086 1990 1919 971 12 1855 1227 1192 
1950 1942 1206 1850 2005 1847 1919 1578 971 
939 2135 1856 1934 2136 466 174 197 1411 
2127 682 2137 1877 1878 2042 917 1251 1250 
2076 2028 767 1578 970 971 1936 2098 1964 
155 673 1903 675 1994 1127 1230 2138 1242 
1228 624 1236 2019 2074 1948 2139 2140 2141 
400 108 1436 1379 2142 1858 1927 2128 1957 
1962 2120 1973 1130 1003 1800 858 2031 1955 
1927 2100 2128 1358 1125 505 2143 1919 12 
1963 67 1117 1452 1867 1595 786 788 1123 
142 141 827 994 432 362 592 127 1918 
2002 1985 1984 1927 1957 1652 870 774 773 
1967 2144 1455 1185 2040 1098 1455 2144 1497 
2029 2129 1551 1784 241 2075 1902 2131 1531 
2145 50 104 2143 12 14 1096 325 326 
1819 1818 1976 159 2086 2043 1985 2015 1986 
1354 1974 213 1990 553 1299 2065 2089 1347 
2054 431 2055 1716 2038 1695 1856 2100 1111 
1300 310 1079 888 887 244 2146 416 2109 
2147 855 2105 1200 2096 1102 1665 2091 1921 
2040 2079 1098 1935 894 1252 1780 1036 1721 
1877 2042 2043 1907 941 1714 713 569 1467 
1878 937 2042 1366 208 1367 1317 2148 1514 
2031 1917 1955 491 377 503 1070 212 1648 
1992 2010 35 1993 759 46 2003 374 1147 
2103 1073 266 1947 2092 1676 1305 2149 1248 
1445 1444 2008 1928 2150 2030 1225 2103 780 
1677 941 1907 1697 894 1935 659 658 1069 
1942 941 1677 580 332 2020 347 349 764 
1316 2070 2041 2027 2138 1230 1597 2006 1592 
1260 367 817 2053 1915 1917 1948 2074 2101 
1086 788 807 694 2010 2009 164 759 2011 
1581 2131 1995 2014 2073 2149 1506 1940 1469 
1299 2106 1225 2016 2015 252 1976 1818 1479 
2151 885 2152 863 846 1265 2117 2087 2089 
1434 569 120 2087 211 2088 2120 2091 1723 
1116 232 1199 1895 97 1328 1897 2136 1971 
1247 2153 2031 1356 1355 1600 332 331 2021 
1823 2096 1200 1010 2085 1195 1122 1659 2002 
1025 889 1026 1370 944 1319 1595 1867 916 
2088 2077 2089 1422 2006 1597 1493 2131 1902 
1974 2154 1975 2092 2093 1728 482 2155 928 
2156 587 588 223 222 511 1141 2104 1198 
362 432 1742 2060 241 1799 15 2150 1928 
2026 2138 2027 1721 1036 1184 2002 1145 1985 
496 498 1627 1163 2157 1994 836 1349 1404 
1971 2136 1961 2053 2055 1915 2044 647 694 
1387 1741 1957 2047 331 576 1592 2006 1944 
2031 2053 1917 910 275 2022 1828 1939 1526 
2158 2159 2146 1479 1818 1359 2160 2161 2151 
2162 258 2163 1242 2138 2052 2100 2164 2128 
1360 2143 14 123 199 2049 465 554 1891 
1867 1866 1828 2165 2141 2147 1800 1003 529 
845 2073 2014 1050 441 768 2056 1444 2057 
447 2102 990 2089 2077 1347 1570 2166 1421 
491 799 1883 1989 427 1894 1831 2107 1832 
576 575 2050 1901 998 983 1600 1355 1158 
938 480 1515 869 2167 870 275 276 2022 
1961 2136 1934 653 1227 1855 2157 2168 1994 
1187 478 2040 2128 1991 1956 2152 884 2169 
2170 162 2171 2172 116 2173 127 41 224 
2075 240 1034 1956 1991 1938 1367 208 1977 
1224 221 223 23 2174 1702 1191 736 1081 
1018 473 362 1386 2175 1741 2053 2153 2054 
1632 1884 1605 2008 1444 2056 1332 2176 1320 
1312 147 1099 2075 1036 1780 1188 1356 1068 
1374 2154 1354 268 822 2095 1095 1277 2037 
2043 2086 1365 1977 208 207 209 378 1174 
1341 1858 1393 2101 2096 1823 1777 630 1539 
1868 2142 1869 198 602 2071 946 1982 2177 
2068 575 835 2028 261 1708 1432 2133 1529 
1519 2175 1969 1236 80 1255 1604 1540 648 
631 630 1814 2067 199 198 2103 266 1312 
1189 2156 588 808 1342 2178 607 2179 608 
529 299 1825 2169 2180 2158 2181 2182 2165 
908 2033 2034 820 448 1801 1175 231 72 
1988 736 1191 1659 168 1145 2183 101 2160 
1482 714 713 2157 2184 2168 761 787 752 
1071 1648 1910 1825 299 5 1955 2104 1141 
1894 427 184 1195 2085 1936 2164 1991 2128 
1720 2074 2019 1492 2185 1493 1025 1158 889 
945 944 1370 2178 1342 1822 1940 1939 1529 
2041 2070 1877 748 304 746 1969 2175 2036 
1063 658 112 1160 1355 1132 1225 2106 2103 
1975 2186 1987 1255 80 2064 1016 2153 1247 
227 2058 2161 1872 2102 604 1126 908 2034 
1335 963 897 45 2132 84 2002 2187 1122 
1817 2188 1818 1414 570 1424 1127 2189 1151 
624 80 1236 1046 2190 843 1789 341 343 
164 220 759 1749 1858 2066 2184 473 2168 
437 2174 413 505 460 1395 1891 554 1824 
2129 2154 1374 2156 417 730 590 1035 1257 
1354 2154 1974 2142 2191 1869 1207 725 1237 
908 2022 2033 857 177 1979 2192 165 2045 
2193 2194 2162 390 392 1700 2077 725 1207 
1067 2195 657 870 2167 1357 2081 381 684 
1919 2196 356 2065 2176 2117 931 2135 939 
2083 420 235 187 2197 1570 1431 2134 2133 
1265 2014 1305 2031 2153 2053 1320 2176 2065 
851 736 1988 2171 194 2198 1155 916 1861 
1270 348 295 1719 2199 890 1318 345 467 
1798 1899 1779 1297 2167 1361 635 634 1614 
1830 2200 1473 1570 2197 2166 1319 944 361 
364 363 1209 969 1041 1623 1059 526 528 
1936 2085 2098 641 1812 1999 1393 1858 1749 
724 269 1260 888 204 1084 1866 1939 1828 
1668 2039 2038 928 2201 19 828 2202 2034 
1826 205 244 2033 2203 826 1858 2142 2066 
2204 1979 2205 543 545 1212 268 2095 367 
2150 2090 2030 1887 2191 1310 1917 2104 1955 
553 2106 1299 1317 2037 2148 1614 2206 1584 
762 894 1697 1733 1294 1734 1352 629 1353 
1043 1042 1667 1741 2175 1519 536 693 1324 
2138 1933 2052 2123 2115 2114 1163 2079 2157 
1899 2207 1779 1324 693 1332 1133 633 1654 
1883 2118 2113 2208 2209 1679 1180 2210 837 
1067 656 734 2119 2118 2123 1404 2135 931 
808 2097 847 1126 2034 1246 231 924 271 
1668 1076 1669 1151 2189 1016 2116 2115 2126 
733 656 655 2026 1933 2138 883 1485 884 
421 2174 23 2048 124 123 1209 2211 951 
765 865 1968 626 1659 1121 1293 1295 1785 
2126 682 2127 2131 2185 1995 957 2090 2150 
1593 7 218 2190 1400 843 582 600 905 
1107 204 203 1859 1125 1358 1006 1340 214 
2103 2106 1073 1736 2108 1288 1075 1077 1732 
819 2207 1619 2156 730 587 1237 725 724 
1683 2039 1133 308 310 1503 730 347 587 
1994 2189 1127 855 420 2105 1312 266 147 
2106 552 1073 2075 1034 1036 111 23 1631 
916 1867 1861 1861 1867 1828 416 381 2109 
1440 2212 819 413 2174 421 2204 857 1979 
1567 702 704 811 909 757 2213 102 2183 
2214 2215 2193 1349 2204 2205 1978 2216 1979 
1529 1866 1451 1733 2108 2107 395 2217 393 
1267 1269 1640 2198 106 2218 2219 748 2220 
1935 1251 1782 1742 432 431 1443 2221 1444 
1999 1812 2222 1703 239 1914 2186 2221 1987 
2118 608 2123 1359 2188 1360 1099 146 1046 
339 2223 290 1989 558 1958 1162 2224 948 
1742 1039 1018 276 2203 2022 87 2094 575 
476 1216 756 1818 2188 1359 1360 2188 2143 
2225 124 2048 1145 965 1985 846 2014 1265 
1349 2205 1404 776 205 2046 1332 693 2176 
1305 2014 2149 17 2226 1672 1985 965 2015 
1431 2133 1432 1614 634 2206 1467 569 1434 
64 63 2210 2227 2228 2213 2229 192 2214 
1421 2166 2006 2220 747 2230 2168 2189 1994 
2022 2203 2033 553 158 157 1493 2185 2131 
1964 1821 2070 2218 8 2231 1469 1940 1880 
602 251 603 1795 721 720 548 249 910 
1786 2232 1492 1673 497 496 1880 2134 1949 
1599 722 1600 514 516 1709 2006 2166 1944 
1903 673 401 2161 101 227 2052 1933 2063 
1364 696 1253 819 497 2207 1133 2039 1042 
85 17 1672 1288 2038 1716 2025 2233 851 
2147 2141 855 730 294 347 311 2234 1079 
2146 2159 416 826 1772 880 142 827 1153 
1946 2235 1031 2070 1821 1820 960 379 961 
2098 1821 1964 2161 885 2151 1526 1939 1506 
2236 2237 2227 2238 193 2229 1492 2232 2185 
2231 2239 2240 2230 2241 2242 1473 2107 1831 
236 419 683 379 2243 1201 1394 774 870 
897 964 895 890 2199 790 2200 1295 1473 
1727 2244 1905 1403 560 1364 2245 2246 1816 
985 987 1767 1245 1158 1025 2145 422 1177 
1400 2145 1177 80 82 2064 39 821 1998 
1848 69 280 2210 63 2204 885 884 2152 
76 2247 1371 1944 2166 1859 1463 138 1747 
1968 865 1963 398 449 1787 183 222 61 
52 840 1996 1747 414 413 1995 2185 2000 
307 352 1488 1916 2224 2104 647 2130 686 
945 563 562 1246 2202 1116 258 2248 256 
311 309 1897 2104 2224 1198 1460 715 1525 
1260 269 367 2054 1039 1742 2091 1983 1908 
78 864 1249 966 968 1803 2205 2135 1404 
1296 2012 481 1288 2108 1077 147 146 1099 
773 1544 869 664 2249 662 1116 2202 232 
2149 2012 1248 1627 498 1796 1603 448 450 
389 388 1443 1513 2246 2245 590 564 1184 
1336 1932 1931 83 772 74 1529 2133 1940 
1887 2250 2191 1177 6 842 115 472 540 
2115 321 2126 837 2210 1349 1046 146 2190 
1415 703 1416 2160 101 2161 1417 2208 1679 
2180 2159 2158 1198 2224 1162 2145 104 422 
1786 2200 2232 1158 1355 1159 2064 82 1339 
559 561 1922 856 2251 339 2182 2141 2165 
2120 1983 2091 803 1983 2120 2004 317 319 
1991 2177 11 1583 584 452 847 2097 1009 
1655 583 585 1633 670 669 807 1342 808 
1325 2252 228 1811 727 729 2169 884 2180 
1379 2191 2142 2090 2253 2030 952 477 882 
633 1041 969 2154 2186 1975 375 377 2112 
1615 2254 1154 2060 239 241 2192 409 165 
1696 636 638 940 552 475 1851 578 577 
2166 2197 1859 2034 2202 1246 1132 1356 1188 
1248 2012 1296 892 178 340 885 2058 883 
2188 2196 2143 450 221 1224 2129 2186 2154 
446 2255 2190 2162 2194 258 2092 702 2093 
1814 630 1777 40 94 621 140 709 232 
2077 1030 725 1684 691 1208 343 387 1666 
2088 313 1030 1307 1900 2256 319 318 2024 
1504 714 1482 1663 506 508 653 370 651 
1569 2257 187 951 2211 593 1031 702 2092 
2088 1030 2077 628 1737 601 2066 2142 1868 
1817 2196 2188 1794 728 770 349 881 1044 
1874 705 439 1743 2062 1744 445 864 78 
649 986 1735 244 887 1827 162 194 2171 
2256 1900 403 671 967 1768 2175 2233 2036 
401 673 1534 197 245 1501 1893 1544 773 
937 761 760 1918 64 1180 1529 1939 1866 
778 2258 443 2080 376 375 2185 2232 2000 
1411 197 1501 1810 637 535 1593 589 1941 
1280 1611 369 1122 2187 1812 2093 702 1567 
540 472 1464 1186 2140 2139 247 249 522 
1504 1283 714 2057 2186 2129 2038 1076 1668 
2233 2259 851 834 2094 1040 2107 1294 1733 
2135 2216 1856 827 880 1153 13 822 119 
366 365 1363 373 1495 374 1924 175 174 
2157 2260 2184 2057 2221 2186 1133 1041 633 
1989 1958 427 1535 1283 1504 1117 66 990 
30 568 1997 214 1340 82 1978 2261 2216 
1216 2258 778 2018 568 374 718 760 719 
2005 561 149 1545 2252 1945 241 240 2075 
193 26 191 2045 165 164 1329 341 1789 
1821 2178 1822 1545 1544 1530 271 924 776 
1313 1540 1604 819 2212 498 221 449 398 
1310 2191 1379 661 281 1277 256 2248 745 
1535 1865 1283 102 101 2183 444 1146 1049 
1514 2148 1431 2224 180 948 1949 2134 1960 
1612 437 415 1308 2073 845 1315 1594 1313 
367 2095 1189 2000 2232 1970 1559 1865 1535 
2100 2261 2164 64 2210 1180 942 2013 134 
1912 955 1965 1159 1355 1160 841 1773 739 
2145 2255 50 549 342 1981 11 1982 9 
865 131 1963 1937 1000 999 1366 365 208 
2226 2262 1636 2212 2263 1796 1497 2206 1498 
234 109 1150 199 128 200 356 2264 354 
1315 1899 1594 1313 1594 1540 1031 2235 703 
2164 2265 2177 1386 2233 2175 1559 1967 1865 
2215 2194 2193 1672 2226 1636 1209 363 2211 
1501 245 1545 1990 158 553 2164 2177 1991 
74 772 1943 31 840 47 1574 1967 1559 
198 251 602 2198 194 106 2172 1281 116 
1270 1872 881 720 722 1599 160 242 682 
1600 722 1356 1022 462 434 1356 722 1068 
1349 2210 2204 1229 650 579 346 2234 1896 
393 2217 628 1500 723 1187 1940 2133 1880 
2143 2196 1919 2232 2200 1970 252 371 2023 
1574 2144 1967 1473 1294 2107 290 2223 395 
1996 840 30 1426 761 1878 639 821 36 
2001 2187 2002 1153 880 1950 1584 2144 1574 
19 2201 96 258 257 2163 898 2266 937 
1240 1485 883 2036 2233 2025 1281 2251 856 
682 242 2137 1998 821 641 1184 564 1484 
1960 2037 1778 1983 695 697 2148 2037 1960 
1970 2200 1830 948 180 182 1636 2262 1637 
2267 2249 1829 2002 1659 1145 296 596 595 
2181 2268 2182 1963 131 67 1288 1076 2038 
1345 433 500 2156 2095 417 2262 391 1637 
1427 563 945 1073 552 940 2059 2130 647 
2204 63 857 159 158 2086 2190 2269 446 
1228 766 624 50 2255 446 2042 2266 159 
94 93 143 1837 2264 1817 187 2257 138 
683 418 1185 1785 1295 1786 1712 1931 2026 
602 1737 2072 684 2130 2082 9 1982 816 
473 1017 2168 478 594 2040 466 309 308 
2270 1281 2172 1869 2250 557 235 409 2084 
2177 2265 946 1498 634 969 1444 2221 2057 
748 747 2220 2213 2228 102 2214 192 2215 
1376 345 1318 2263 2245 1849 2170 242 162 
106 8 2218 228 2252 245 746 304 278 
232 709 1199 1040 2094 87 1623 1041 1043 
1307 2256 2073 883 2058 824 280 558 1989 
842 195 161 1719 890 2074 1886 370 653 
1734 1294 1293 1796 2263 1849 1778 1277 779 
2110 1737 628 192 229 2215 1700 392 646 
238 180 1916 2079 2260 2157 2037 1277 1778 
2196 2264 356 2271 2268 2181 1859 2197 1125 
1915 763 238 779 281 280 1385 2259 1386 
2191 2250 1869 1667 1042 1668 191 547 229 
1532 1899 1315 860 596 659 2046 205 1826 
138 2257 1747 1837 474 2264 851 2259 737 
1914 239 2060 628 2217 2111 2235 2244 1416 
2121 2217 395 2272 696 1364 395 2223 2122 
1376 350 345 2124 2223 339 1669 1076 1075 
1727 2208 2244 2136 309 466 2237 2228 2227 
193 192 2229 1727 2209 2208 685 380 960 
2206 634 1498 1695 2039 1683 1068 544 1183 
1732 1077 1733 2231 8 2239 1916 180 2224 
1979 2216 2205 1679 2209 1546 1216 723 1500 
2230 747 2241 339 2251 2125 2250 2273 527 
1786 1295 2200 2035 2235 1946 2205 2216 2135 
2079 594 2260 1364 560 2272 1832 2108 1736 
189 695 250 354 474 428 456 1106 368 
250 695 803 1079 350 1376 2163 257 2271 
330 751 688 1386 2259 2233 1443 388 2221 
697 2272 559 1532 2207 1899 1804 2254 2274 
2274 2254 1585 2182 2139 2141 1018 1017 473 
1565 2275 366 1357 2167 1297 1637 391 390 
746 2276 747 1044 144 143 387 342 549 
2040 594 2079 452 584 392 1546 2277 1547 
2216 2261 1856 910 249 275 165 409 237 
662 2249 2267 211 313 2088 444 317 1146 
467 504 1264 1619 2207 1532 1912 2253 955 
149 69 1848 2225 371 124 2240 1941 2278 
2242 92 2279 1849 2245 1816 82 1340 1339 
2280 42 2236 2281 27 2238 1204 2282 1202 
1912 2283 2253 2237 592 2228 1640 1269 1722 
1183 544 543 562 2132 945 1812 2187 2222 
100 1254 1918 1503 310 1300 525 789 509 
752 787 786 1945 2252 1361 1042 2039 1668 
498 2212 1796 1212 545 872 965 2284 2015 
1500 2139 2285 2134 2148 1960 2035 2244 2235 
684 380 685 279 2286 116 872 515 1344 
1336 963 1335 2086 158 1990 874 640 875 
1442 2212 1440 957 2287 10 1972 2288 1710 
641 640 1812 2257 414 1747 705 2247 76 
1174 378 1157 1202 2246 1513 1744 2062 1269 
162 195 194 1922 561 2005 2277 2289 1547 
2211 363 2184 770 728 545 116 2286 2173 
2207 497 1779 636 986 649 123 128 199 
593 2211 2260 1123 788 1086 1077 2108 1733 
1933 1932 2063 770 721 1795 1049 1384 597 
443 2258 2285 604 2102 447 1779 497 1673 
435 220 848 703 2235 1416 1431 2148 2134 
2209 2277 1546 1464 472 400 451 170 898 
2118 799 608 1001 2099 1402 1154 2254 968 
670 967 671 2271 257 2268 946 933 179 
1208 691 987 73 2290 71 1905 2244 2035 
2221 388 1987 1547 2289 1757 343 342 387 
2137 242 2170 57 472 115 1801 448 1603 
1442 2263 2212 369 1611 456 2101 789 2096 
2264 474 354 401 1900 1903 535 637 516 
1834 2291 2288 1757 507 538 331 274 576 
881 144 1044 2289 507 1757 75 2292 439 
1416 2208 1417 1709 516 649 1285 1287 1920 
737 2293 1457 1244 2284 965 891 372 248 
1391 1286 664 368 1106 1368 2096 789 525 
1882 2294 2291 1363 365 1366 124 371 254 
381 380 684 374 1495 1147 350 2234 346 
608 2179 2123 2260 2211 2184 1699 2295 1680 
1834 2288 1972 1016 1039 2153 2260 594 593 
2296 2297 1681 748 2286 279 1767 987 671 
1680 2296 1681 693 1910 2176 557 699 1870 
2190 2255 1400 608 799 490 1887 2273 2250 
1084 204 1107 1997 568 2018 808 2178 2097 
1385 2293 2259 2219 2286 748 1239 17 16 
1602 2263 1442 1146 1495 1797 2297 2078 1711 
2101 890 789 1239 2226 17 532 181 950 
895 1340 1006 803 695 1983 891 248 606 
1681 2297 1711 1856 2261 2100 2144 2206 1497 
1803 968 1804 1775 2061 1836 2295 2296 1680 
1602 2245 2263 418 2140 1186 926 1958 977 
1186 2139 1500 1711 2078 1692 276 454 2203 
1817 2264 2196 2298 2294 1926 1744 1268 1717 
2253 2283 2030 1091 864 650 450 449 221 
2115 2179 321 739 454 453 1987 388 549 
2293 2283 1457 1513 2245 1602 1189 2095 2156 
603 251 801 2098 2178 1821 2074 890 2101 
1121 1659 1122 1882 2291 1834 1829 2249 1909 
1147 317 2004 580 751 332 277 1610 1303 
1897 309 2136 1457 2283 1912 25 589 407 
828 141 2202 321 386 2126 143 2276 746 
1339 964 1712 955 954 1854 476 723 1216 
2259 2293 737 253 2284 1244 2215 2069 2194 
1584 2206 2144 1965 955 1854 1259 2295 1699 
2097 2178 2098 655 526 1059 84 2132 562 
1942 2299 942 2282 2246 1202 953 2090 1019 
1812 640 874 229 2069 2215 187 137 2197 
200 128 502 252 2284 253 1511 2300 1204 
2268 2285 2182 2112 377 1883 159 2266 170 
2275 2290 1157 1903 1900 1307 1889 2301 297 
1726 2209 1727 2302 44 582 2291 2294 1369 
145 2269 146 1344 515 514 1839 2303 2298 
2288 2291 1368 1926 2294 1882 538 2061 1775 
1204 2300 2282 975 2292 75 1368 2291 1369 
1876 2282 1841 61 222 398 662 2267 1511 
537 1910 693 2270 2251 1281 2282 2300 1841 
229 547 546 1435 2294 2298 1816 2246 1876 
1406 2262 1407 2184 363 473 1966 705 1874 
2285 2258 1500 1407 2226 1239 1958 558 977 
1369 2294 1435 1500 2258 1216 1435 2298 1468 
2189 1017 1016 2298 2303 1468 1139 2290 2275 
1066 2195 1067 790 2199 1226 1407 2262 2226 
1020 372 891 963 1931 1712 1262 1222 1001 
2024 318 580 1264 504 1173 535 727 1811 
500 432 994 2149 2256 2012 528 527 1439 
1406 391 2262 1870 699 657 2239 1941 2240 
2241 92 2242 1841 2300 1890 2167 1945 1361 
119 822 268 1483 2304 1505 2236 42 2237 
2238 27 193 1468 2303 1483 1125 137 461 
2017 2195 2301 694 2201 2010 1876 2246 2282 
1575 2274 1585 1918 127 64 2202 141 232 
1536 2305 1560 2180 1477 2159 1839 2298 1926 
1220 1035 1034 595 1384 1797 1560 2306 1575 
1505 2307 1536 366 2275 378 1773 1772 739 
1890 2267 1829 2305 2306 1560 1827 887 2032 
45 2302 944 905 600 1066 2304 2307 1505 
70 560 1403 1064 433 1345 2300 2267 1890 
1069 658 1063 835 376 2080 729 728 1794 
1787 449 550 1226 2308 975 1906 2303 1839 
1021 2257 1569 1257 1035 1220 2268 257 443 
1199 709 1210 10 2287 15 1981 342 426 
1797 1495 373 321 2179 607 2199 2308 1226 
1511 2267 2300 1220 1034 1302 1643 1218 583 
1797 1384 1146 1843 2307 2304 1091 650 1229 
1154 670 1633 1146 1384 1049 575 2094 835 
734 656 733 1643 583 1655 1208 636 1696 
452 391 1406 887 578 2032 815 787 1426 
977 558 282 446 2269 145 176 175 1336 
1642 1218 1643 1302 240 277 1726 2277 2209 
721 544 1068 1878 761 937 1402 2099 85 
2017 2301 1889 585 584 1583 1822 1342 815 
1477 2243 2159 1157 2290 73 1730 2289 2277 
1034 240 1302 827 141 828 2244 2208 1416 
206 2013 841 4 1573 820 1843 2304 1906 
1807 2306 2305 2306 2274 1575 1906 2304 2303 
1210 766 1228 1722 506 1663 884 1485 2180 
522 547 191 1854 954 344 1371 2247 1262 
245 2252 1545 2197 137 1125 1773 2299 1950 
2032 578 1851 1888 2307 1843 2023 371 2225 
1253 696 189 508 507 1621 657 2195 2017 
2303 2304 1483 1730 2277 1726 709 766 1210 
2307 2305 1536 944 2302 361 2250 527 557 
1585 2254 1615 1361 2252 1325 1929 2283 2293 
1621 2289 1730 191 26 169 1807 2305 1888 
1621 507 2289 2072 1737 2110 638 637 1810 
669 691 1684 1864 2306 1807 841 2299 1773 
18 1000 1937 1477 246 1201 1688 2297 2296 
361 1766 90 1201 246 2 1929 2293 1385 
592 1254 2228 203 924 1119 1377 262 774 
1815 2308 2199 1439 1287 1391 1377 774 1394 
2015 2284 252 1688 2296 1642 1804 2274 1864 
1735 986 985 1701 2078 2297 2063 1932 1924 
1768 967 966 1888 2305 2307 1701 2297 1688 
1836 2062 1743 2272 560 559 392 584 646 
2177 1982 11 1333 323 298 1717 2078 1701 
1139 2275 1565 1910 1648 2117 2082 2130 2059 
1710 2288 1106 1815 2199 1719 1642 2296 2295 
235 419 236 2030 2283 1929 1692 1268 1267 
2084 409 2192 1864 2274 2306 16 262 1377 
1713 2174 437 1918 1254 592 1249 864 1091 
2026 1931 1933 2301 2195 1066 1303 1611 1280 
415 414 1021 772 323 1333 880 1773 1950 
955 2253 953 1950 2299 1942 1105 1610 1703 
2012 2256 403 1713 437 1612 697 696 2272 
1484 564 1447 2239 1593 1941 1954 2308 1815 
990 2102 1270 2055 763 1915 1909 1286 1285 
2308 2292 975 1702 2174 1713 2111 2217 2121 
2122 2223 2124 999 1222 1966 1920 2273 1887 
881 1872 144 1447 563 1427 71 2290 1139 
2241 93 92 2069 2248 2194 2261 2265 2164 
431 1553 2055 2222 2187 2001 1530 1544 1893 
1966 1222 2247 443 2285 2268 2176 1910 2117 
1943 772 1333 2055 1553 763 564 563 1447 
2159 2243 416 550 1573 1886 426 474 1837 
439 2292 1954 2125 2251 2270 727 515 872 
2247 1222 1262 2117 1648 2087 1534 673 154 
2153 1039 2054 582 1766 2302 1883 799 2118 
1187 723 478 67 66 1117 1896 2234 311 
2173 2286 2219 279 304 748 2299 2013 942 
2228 1254 102 1269 2062 1722 937 2266 2042 
2168 1017 2189 96 2201 694 416 2243 379 
747 2276 2241 1954 2292 2308 1648 212 2087 
2237 41 592 2087 212 211 953 2253 2090 
2194 2248 258 2161 2058 885 177 933 1978 
144 1872 333 2203 1772 826 420 419 235 
2010 2155 35 35 2155 482 2073 2256 2149 
1000 2099 1001 1336 1931 963 1021 414 2257 
1277 281 779 759 758 46 545 728 872 
526 699 557 15 2287 2150 1079 2234 350 
2241 2276 93 2249 1286 1909 2150 2287 957 
527 2273 1439 770 544 721 664 1286 2249 
745 2248 2069 2123 2179 2115 46 758 462 
1400 2255 2145 2239 7 1593 2285 2139 2182 
2126 386 682 1106 2288 1368 516 637 649 
456 1611 1105 987 691 671 1201 2243 1477 
2141 2140 855 297 2301 600 1218 2295 1259 
968 2254 1804 42 41 2237 1978 933 2265 
146 2269 2190 378 2275 1157 506 2061 538 
855 2140 418 2265 933 946 841 2013 2299 
1978 2265 2261 1208 986 636 8 7 2239 
869 1945 2167 93 2276 143 1173 504 954 
1154 967 670 1485 1477 2180 2201 2155 2010 
1553 433 1064 1966 2247 705 535 515 727 
170 2266 898 2302 1766 361 1336 175 1932 
928 2155 2201 1287 2273 1920 655 699 526 
1439 2273 1287 45 44 2302 27 26 193 
1642 2295 1218 454 1772 2203 431 433 1553 
1932 175 1924 954 504 344 739 1772 454 
1722 2061 506 408 589 1593 600 2301 1066 
18 2099 1000 2309 27 2281 25 27 2309 
40 42 2310 2310 42 2280 2278 1941 2309 
2309 1941 25 2279 92 2310 2310 92 40 
2311 2312 2313 2314 2315 2316 2317 2318 2319 
2320 2313 2321 2322 2323 2324 2325 2326 2327 
2328 2329 2330 2331 2332 2333 2334 2335 2312 
2336 2337 2338 2339 2340 2341 2342 2343 2344 
2345 2346 2347 2329 2348 2349 2327 2350 2351 
2324 2352 2353 2354 2352 2331 2355 2356 2357 
2358 2340 2359 2360 2361 2362 2321 2328 2363 
2364 2365 2335 2366 2367 2368 2350 2365 2369 
2348 2370 2371 2372 2332 2314 2319 2373 2374 
2375 2376 2377 2378 2370 2358 2379 2343 2360 
2380 2361 2346 2381 2382 2383 2341 2323 2384 
2385 2315 2318 2386 2387 2388 2389 2347 2326 
2390 2391 2387 2392 2393 2394 2395 2396 2397 
2398 2394 2391 2373 2381 2399 2376 2396 2400 
2368 2401 2402 2388 2337 2403 2338 2342 2404 
2401 2393 2405 2382 2355 2406 2407 2397 2367 
2356 2375 2408 2334 2312 2311 2320 2321 2363 
2333 2332 2372 2311 2313 2320 2325 2327 2351 
2363 2328 2330 2354 2331 2333 2316 2315 2385 
2385 2318 2317 2379 2360 2362 2330 2329 2349 
2339 2341 2384 2378 2358 2359 2384 2323 2322 
2374 2373 2399 2351 2350 2369 2349 2348 2371 
2353 2352 2354 2345 2347 2389 2322 2324 2353 
2359 2340 2339 2371 2370 2378 2366 2368 2402 
2372 2314 2316 2317 2319 2374 2369 2365 2364 
2336 2338 2404 2344 2343 2379 2399 2381 2383 
2364 2335 2334 2383 2382 2406 2389 2326 2325 
2390 2387 2386 2386 2388 2403 2357 2356 2408 
2404 2342 2344 2380 2346 2345 2377 2376 2400 
2362 2361 2380 2395 2397 2407 2406 2355 2357 
2403 2337 2336 2405 2393 2392 2408 2375 2377 
2398 2391 2390 2400 2396 2395 2402 2401 2405 
2392 2394 2398 2407 2367 2366 7201 2397 7213 
7230 2391 7227 7224 2393 7219 7289 2312 7285 
7245 2360 7244 7218 2368 7221 7217 2375 7208 
7221 2367 7201 7292 2321 7293 7200 2382 7199 
7242 2337 7202 7219 2401 7218 7212 2376 7217 
7233 2387 7230 7213 2396 7212 7227 2394 7224 
7243 2338 7242 7207 2355 7200 7246 2342 7243 
7202 2388 7233 7252 2346 7251 7271 2327 7264 
7251 2361 7245 7208 2356 7207 7199 2381 7206 
7264 2326 7263 7206 2373 7215 7282 2365 7274 
7244 2343 7246 7263 2347 7252 7285 2335 7282 
7215 2319 7223 7223 2318 7269 7260 2340 7259 
7238 2331 7254 7274 2350 7271 7293 2313 7289 
7259 2358 7270 7273 2348 7280 7288 2341 7260 
7237 2314 7236 7254 2352 7261 7267 2323 7288 
7269 2315 7237 7261 2324 7267 7236 2332 7238 
7280 2329 7284 7270 2370 7273 7284 2328 7292 
2368 2367 7221 2313 2312 7289 2338 2337 7242 
2387 2391 7230 2394 2393 7224 2367 2397 7201 
7246 2343 2342 2397 2396 7213 2391 2394 7227 
7218 2401 2368 7217 2376 2375 7245 2361 2360 
2388 2387 7233 7219 2393 2401 2327 2326 7264 
7207 2356 2355 7212 2396 2376 2347 2346 7252 
7202 2337 2388 2321 2313 7293 2346 2361 7251 
2319 2318 7223 2326 2347 7263 7271 2350 2327 
2324 2323 7267 2312 2335 7285 2360 2343 7244 
7243 2342 2338 2335 2365 7282 7274 2365 2350 
7199 2382 2381 7259 2340 2358 7284 2329 2328 
7237 2315 2314 7215 2373 2319 2341 2340 7260 
7238 2332 2331 7261 2352 2324 2331 2352 7254 
7273 2370 2348 7280 2348 2329 7200 2355 2382 
7206 2381 2373 7208 2375 2356 2314 2332 7236 
7288 2323 2341 2358 2370 7270 7292 2328 2321 
2318 2315 7269 2409 2410 2411 2412 2413 2410 
2414 2415 2416 2417 2418 2419 2413 2420 2421 
2422 2411 2423 2424 2425 2426 2427 2428 2429 
2430 2431 2432 2433 2434 2435 2436 2437 2438 
2421 2439 2436 2440 2441 2442 2418 2443 2444 
2445 2440 2446 2447 2448 2449 2448 2450 2451 
2415 2452 2446 2442 2453 2454 2455 2456 2454 
2457 2458 2459 2460 2461 2429 2462 2463 2464 
2465 2423 2466 2467 2468 2469 2444 2470 2466 
2456 2471 2449 2438 2472 2473 2474 2460 2473 
2475 2462 2432 2476 2435 2464 2477 2478 2479 
2480 2481 2482 2428 2483 2416 2484 2485 2486 
2487 2488 2468 2489 2419 2434 2451 2490 2484 
2491 2492 2482 2481 2493 2494 2495 2496 2497 
2479 2498 2499 2488 2500 2426 2425 2501 2430 
2494 2502 2495 2486 2503 2459 2504 2491 2499 
2505 2469 2497 2458 2506 2477 2422 2409 2411 
2412 2420 2413 2409 2412 2410 2417 2443 2418 
2420 2439 2421 2471 2447 2449 2475 2463 2462 
2439 2437 2436 2427 2483 2428 2474 2461 2460 
2483 2414 2416 2445 2441 2440 2455 2471 2456 
2450 2490 2451 2443 2470 2444 2437 2472 2438 
2452 2445 2446 2433 2489 2434 2414 2452 2415 
2441 2453 2442 2461 2427 2429 2472 2474 2473 
2453 2455 2454 2447 2450 2448 2480 2493 2481 
2470 2465 2466 2424 2501 2425 2431 2475 2432 
2465 2422 2423 2489 2417 2419 2490 2485 2484 
2467 2487 2468 2487 2500 2488 2457 2506 2458 
2504 2492 2491 2501 2431 2430 2476 2433 2435 
2463 2476 2464 2478 2498 2479 2500 2424 2426 
2485 2503 2486 2503 2457 2459 2506 2478 2477 
2502 2496 2495 2505 2467 2469 2492 2480 2482 
2496 2505 2497 2498 2504 2499 2493 2502 2494 
7214 7205 2469 7277 7211 2491 7197 7198 2495 
7291 7283 2411 7257 7253 2462 7209 7210 2481 
7278 7225 2486 7204 7216 2477 7210 7277 2482 
7290 7294 2413 7235 7228 2426 7203 7204 2479 
7198 7209 2494 7222 7214 2468 7211 7203 2499 
7205 7197 2497 7234 7235 2425 7220 7278 2459 
7239 7234 2430 7228 7222 2488 7256 7262 2435 
7268 7258 2418 7216 7220 2458 7262 7257 2464 
7258 7255 2419 7226 7229 2451 7279 7272 2466 
7253 7239 2432 7255 7256 2434 7283 7279 2423 
7225 7226 2484 7247 7248 2440 7231 7232 2449 
7265 7266 2429 7272 7268 2444 7294 7291 2410 
7229 7231 2448 7266 7275 2460 7232 7240 2456 
7276 7281 2438 7287 7265 2428 7241 7247 2442 
7248 7249 2446 7240 7241 2454 7250 7287 2416 
7249 7250 2415 7281 7286 2436 7275 7276 2473 
7286 7290 2421 2410 7291 2411 2425 7235 2426 
2481 7210 2482 7277 2491 2482 7197 2495 2497 
2468 7214 2469 7239 2430 2432 7209 2481 2494 
7203 2479 2499 2469 7205 2497 7257 2462 2464 
2458 7220 2459 2491 7211 2499 2488 7222 2468 
2418 7258 2419 2434 7256 2435 7204 2477 2479 
7228 2488 2426 7198 2494 2495 2413 7294 2410 
2435 7262 2464 2419 7255 2434 7268 2418 2444 
2415 7250 2416 2411 7283 2423 2462 7253 2432 
7234 2425 2430 2423 7279 2466 2448 7231 2449 
7272 2444 2466 2456 7240 2454 7266 2460 2429 
7278 2486 2459 2440 7248 2446 7247 2440 2442 
7229 2448 2451 2428 7265 2429 7249 2415 2446 
7225 2484 2486 7276 2438 2473 7281 2436 2438 
7290 2413 2421 7286 2421 2436 7241 2442 2454 
7232 2456 2449 7226 2451 2484 7287 2428 2416 
2460 7275 2473 7216 2458 2477 2507 2508 2509 
2510 2511 2512 2513 2514 2515 2516 2517 2518 
2519 2520 2521 2522 2523 2524 2525 2510 2512 
2517 2526 2518 2527 2528 2529 2519 2521 2530 
2531 2532 2533 2534 2535 2536 2537 2507 2509 
2535 2538 2536 2507 2539 2508 2540 2541 2538 
2542 2543 2533 2544 2523 2522 2545 2519 2522 
2537 2509 2546 2547 2531 2540 2510 2548 2511 
2548 2528 2527 2511 2548 2549 2550 2514 2526 
2541 2531 2543 2543 2542 2518 2526 2551 2518 
2552 2551 2526 2514 2552 2526 2543 2531 2533 
2541 2553 2538 2553 2554 2538 2555 2556 2557 
2547 2558 2531 2545 2559 2519 2542 2560 2518 
2523 2525 2524 2544 2519 2561 2538 2554 2536 
2528 2537 2529 2562 2563 2512 2555 2557 2512 
2524 2525 2557 2552 2564 2551 2528 2507 2537 
2553 2565 2554 2523 2510 2525 2561 2519 2530 
2513 2552 2514 2507 2513 2539 2510 2528 2548 
2564 2553 2541 2565 2523 2544 2566 2527 2529 
2567 2568 2569 2564 2541 2543 2526 2517 2570 
2571 2522 2524 2572 2540 2538 2566 2529 2573 
2571 2524 2574 2575 2538 2535 2572 2538 2575 
2529 2576 2573 2529 2537 2577 2578 2527 2579 
2578 2549 2527 2509 2580 2581 2545 2522 2582 
2531 2541 2540 7337 7340 2583 7343 7322 2571 
7304 7339 2547 7307 7330 2516 7328 7297 2584 
7336 7333 2545 7311 7302 2566 7341 7312 2585 
7342 7317 2520 7316 7303 2586 7335 7326 2555 
7329 7338 2572 7320 7296 2578 7309 7318 2587 
7306 7324 2532 7301 7308 2567 7305 7327 2588 
7314 7325 2542 7319 7323 2580 7332 7334 2534 
7299 7310 2576 2519 2544 2522 2524 2585 2574 
7334 7331 2535 7318 7316 2589 7312 7343 2574 
7302 7320 2579 7308 7319 2568 7331 7329 2575 
7324 7314 2533 7338 7304 2590 2522 2571 2582 
2511 2562 2512 2527 2566 2579 2547 2540 2590 
2565 2544 2561 2587 2526 2570 2508 2580 2509 
7317 7337 2521 7322 7336 2582 7340 7332 2591 
7333 7342 2559 7327 7299 2592 7296 7328 2593 
7310 7311 2573 7326 7341 2556 7323 7313 2581 
7339 7306 2558 7330 7300 2517 7297 7321 2562 
7325 7307 2560 7303 7295 2594 2540 2572 2590 
2587 2550 2526 2561 2530 2536 7321 7335 2563 
7300 7309 2570 7313 7305 2595 2568 2508 2569 
2530 2591 2536 2557 2525 2512 2583 2591 2530 
2588 2592 2546 2586 2515 2550 2584 2511 2549 
2584 2549 2593 2586 2550 2589 2585 2524 2557 
2576 2529 2577 2592 2577 2546 2577 2537 2546 
2551 2564 2543 2509 2595 2546 2549 2548 2527 
2571 7322 2582 2555 7326 2556 2578 7296 2593 
2588 7327 2592 2583 7340 2591 2584 7297 2562 
2516 7330 2517 2520 7317 2521 2580 7323 2581 
2576 7310 2573 2547 7339 2558 2545 7333 2559 
2542 7325 2560 2586 7303 2594 2515 2514 2550 
2554 2565 2561 2554 2561 2536 2586 2594 2515 
2584 2562 2511 2534 7334 2535 7316 2586 2589 
2566 7302 2579 2567 7308 2568 2587 7318 2589 
2585 7312 2574 7329 2572 2575 7304 2547 2590 
7314 2542 2533 7343 2571 2574 7319 2580 2568 
7320 2578 2579 2532 7324 2533 2572 7338 2590 
7331 2575 2535 2551 2543 2518 2568 2580 2508 
2509 2581 2595 2549 2578 2593 2563 2555 2512 
2556 2585 2557 2592 2576 2577 2558 2532 2531 
2559 2520 2519 2560 2516 2518 2591 2534 2536 
7342 2520 2559 7306 2532 2558 7337 2583 2521 
7311 2566 2573 7336 2545 2582 7307 2516 2560 
7341 2585 2556 7328 2584 2593 7332 2534 2591 
7299 2576 2592 2562 7321 2563 2517 7300 2570 
2581 7313 2595 7309 2587 2570 7335 2555 2563 
7305 2588 2595 2550 2587 2589 2595 2588 2546 
2508 2539 2569 2521 2583 2530 7298 7315 2569 
2513 7298 2569 7298 2513 2515 7315 7301 2567 
7315 2567 2569 7295 7298 2594 2594 7298 2515 
2539 2513 2569 2596 2412 2597 2412 2596 2598 
2475 2599 2600 2601 2596 2597 2478 2602 2603 
2604 2605 2606 2607 2608 2609 2610 2445 2611 
2414 2612 2611 2613 2614 2615 2616 2617 2618 
2619 2620 2621 2498 2478 2603 2622 2623 2624 
2599 2625 2600 2463 2475 2600 2445 2452 2611 
2626 2627 2628 2629 2630 2631 2632 2633 2634 
2596 2635 2598 2632 2634 2636 2631 2630 2637 
2605 2604 2638 2608 2607 2639 2640 2610 2611 
2641 2642 2643 2443 2417 2644 2616 2618 2645 
2646 2647 2648 2649 2650 2651 2652 2653 2654 
2613 2655 2614 2641 2656 2642 2638 2657 2634 
2658 2639 2631 2501 2424 2659 2619 2621 2660 
2642 2661 2643 2662 2663 2664 2665 2666 2667 
2668 2669 2664 2670 2671 2667 2672 2673 2674 
2675 2676 2674 2677 2678 2679 2680 2681 2679 
2682 2683 2684 2685 2686 2684 2687 2688 2689 
2690 2691 2689 2452 2414 2611 2692 2693 2625 
2694 2695 2640 2696 2697 2637 2698 2699 2636 
2700 2504 2603 2698 2636 2701 2702 2697 2696 
2698 2703 2699 2704 2705 2706 2707 2708 2709 
2604 2710 2638 2711 2608 2639 2712 2713 2714 
2707 2709 2715 2634 2657 2636 2658 2631 2637 
2716 2717 2718 2640 2719 2610 2641 2720 2656 
2721 2717 2716 2617 2722 2618 2620 2661 2621 
2723 2654 2724 2725 2625 2599 2653 2601 2597 
2707 2726 2708 2727 2713 2712 2615 2614 2728 
2662 2664 2729 2439 2615 2728 2718 2717 2730 
2672 2674 2731 2682 2684 2732 2417 2660 2644 
2733 2734 2735 2420 2412 2598 2471 2455 2736 
2424 2645 2659 2714 2713 2737 2733 2736 2734 
2637 2697 2738 2621 2661 2739 2618 2722 2740 
2485 2490 2605 2505 2496 2607 2636 2657 2701 
2741 2626 2733 2461 2742 2743 2744 2622 2705 
2504 2498 2603 2745 2704 2706 2710 2657 2638 
2658 2711 2639 2417 2489 2660 2723 2746 2739 
2747 2711 2658 2710 2748 2657 2506 2457 2749 
2493 2480 2750 2751 2626 2741 2617 2752 2722 
2753 2622 2744 2620 2754 2661 2427 2461 2743 
2725 2755 2740 2709 2722 2715 2409 2422 2756 
2602 2506 2749 2480 2757 2750 2702 2662 2697 
2666 2703 2698 2755 2501 2659 2727 2672 2713 
2678 2726 2707 2721 2682 2717 2688 2720 2641 
2647 2702 2696 2703 2649 2699 2697 2662 2729 
2758 2723 2724 2655 2721 2716 2720 2652 2656 
2667 2666 2759 2713 2672 2731 2717 2682 2732 
2726 2692 2708 2695 2727 2712 2679 2678 2760 
2689 2688 2761 2422 2762 2756 2614 2716 2763 
2656 2654 2723 2424 2500 2645 2654 2653 2762 
2660 2489 2764 2478 2506 2602 2480 2492 2757 
2605 2490 2606 2505 2607 2609 2746 2443 2644 
2744 2718 2730 2646 2648 2757 2651 2650 2602 
2439 2420 2615 2489 2765 2764 2741 2733 2735 
2614 2763 2728 2705 2742 2706 2708 2625 2725 
2640 2712 2719 2745 2763 2704 2471 2736 2766 
2669 2738 2729 2676 2737 2731 2686 2730 2732 
2489 2433 2765 2483 2427 2767 2648 2696 2630 
2699 2651 2632 2740 2755 2659 2470 2443 2746 
2431 2501 2755 2474 2472 2745 2453 2441 2768 
2502 2493 2629 2457 2503 2633 2763 2745 2769 
2437 2439 2728 2736 2455 2734 2694 2640 2611 
2625 2693 2600 2734 2768 2735 2450 2447 2770 
2487 2467 2771 2648 2647 2696 2649 2651 2699 
2733 2626 2628 2475 2431 2599 2669 2747 2738 
2676 2751 2737 2686 2753 2730 2744 2705 2704 
2465 2470 2758 2658 2637 2738 2629 2631 2772 
2634 2633 2773 2457 2633 2749 2629 2493 2750 
2719 2768 2610 2746 2723 2758 2736 2627 2766 
2741 2714 2737 2412 2409 2597 2705 2622 2624 
2666 2698 2759 2663 2668 2664 2671 2665 2667 
2673 2675 2674 2681 2677 2679 2683 2685 2684 
2691 2687 2689 2692 2625 2708 2640 2695 2712 
2678 2707 2760 2688 2641 2761 2768 2719 2735 
2485 2605 2773 2607 2496 2772 2728 2763 2769 
2447 2471 2766 2627 2736 2628 2618 2740 2659 
2441 2445 2610 2767 2427 2743 2472 2437 2769 
2614 2655 2716 2652 2654 2656 2500 2487 2774 
2645 2618 2659 2648 2630 2750 2632 2651 2749 
2770 2447 2775 2487 2771 2776 2461 2474 2706 
2455 2453 2734 2755 2725 2599 2739 2746 2644 
2621 2739 2644 2639 2607 2631 2605 2638 2634 
2414 2483 2612 2433 2476 2777 2768 2441 2610 
2742 2461 2706 2745 2472 2769 2616 2645 2774 
2693 2778 2777 2779 2694 2612 2748 2670 2701 
2752 2680 2715 2754 2690 2643 2422 2465 2724 
2420 2598 2615 2775 2447 2766 2757 2648 2750 
2651 2602 2749 2742 2623 2743 2623 2742 2624 
2431 2755 2599 2762 2653 2756 2630 2629 2750 
2633 2632 2749 2470 2746 2758 2654 2762 2724 
2496 2502 2772 2503 2485 2773 2608 2780 2771 
2781 2604 2770 2490 2450 2606 2467 2505 2609 
2701 2670 2759 2623 2779 2767 2778 2619 2765 
2715 2680 2760 2643 2690 2761 2747 2658 2738 
2487 2776 2774 2631 2607 2772 2605 2634 2773 
2476 2463 2782 2619 2660 2764 2751 2741 2737 
2753 2744 2730 2650 2783 2603 2783 2646 2700 
2627 2781 2775 2780 2616 2776 2492 2504 2784 
2502 2629 2772 2633 2503 2773 2656 2723 2642 
2453 2768 2734 2657 2748 2701 2722 2752 2715 
2661 2754 2643 2708 2725 2709 2763 2716 2718 
2474 2745 2706 2645 2500 2774 2653 2597 2756 
2660 2621 2644 2437 2728 2769 2670 2667 2759 
2680 2679 2760 2690 2689 2761 2741 2735 2714 
2762 2422 2724 2719 2712 2714 2725 2740 2709 
2777 2778 2765 2779 2612 2767 2723 2739 2642 
2744 2704 2718 2630 2696 2637 2699 2632 2636 
2736 2733 2628 2771 2780 2776 2781 2770 2775 
2465 2758 2724 2704 2763 2718 2783 2700 2603 
2612 2483 2767 2433 2777 2765 2735 2719 2714 
2597 2409 2756 2608 2771 2609 2770 2604 2606 
2598 2613 2615 2664 2669 2729 2674 2676 2731 
2684 2686 2732 2623 2767 2743 2463 2600 2782 
2742 2705 2624 2646 2757 2784 2600 2693 2782 
2739 2661 2642 2757 2492 2784 2693 2777 2782 
2504 2700 2784 2740 2722 2709 2627 2775 2766 
2450 2770 2606 2771 2467 2609 2776 2616 2774 
2765 2619 2764 2700 2646 2784 2635 2613 2598 
2777 2476 2782 2738 2697 2729 2698 2701 2759 
2737 2713 2731 2730 2717 2732 2707 2715 2760 
2641 2643 2761 2602 2650 2603 2612 2694 2611 
2785 2786 2787 2788 2789 2790 2791 2792 2793 
2794 2795 2796 2797 2798 2799 2800 7352 2801 
2802 2803 2804 2805 2806 2807 2789 2808 2790 
2806 2805 2809 2810 2811 2812 2795 2813 2796 
2814 2815 2816 2817 2818 2819 2820 2821 2822 
2819 2818 2823 7352 2800 2824 2825 2800 2801 
2826 2827 2828 2829 2814 2816 2830 2831 2832 
2821 2833 2822 2834 2835 2787 2810 2812 2836 
2812 2811 2797 2837 2838 2839 2785 2840 2841 
2840 2785 2787 2842 2843 2821 2844 2845 2846 
2809 2805 2847 2802 2848 2803 2849 2802 2850 
2851 7351 2852 2843 2833 2821 2853 2854 2855 
2856 2792 2807 2857 2822 2858 2859 2860 2819 
2840 2832 2841 2861 2862 2837 2863 2864 2865 
7345 7347 2866 2838 2804 2839 2795 2867 2811 
2868 2788 2834 2869 2870 2871 2794 2872 2873 
2873 2872 2789 2829 2864 2874 2852 7349 2875 
2803 2876 2877 2851 2852 2864 2878 2879 2880 
2881 2882 2883 2830 2832 2840 2841 2832 2850 
2835 2830 2840 2804 2854 2853 7351 7349 2852 
7350 7351 2851 2835 2840 2787 2832 2849 2850 
7349 2884 2875 2864 2829 2816 2792 2856 2793 
2804 2803 2854 2885 7344 2886 2832 2831 2849 
2887 2879 2878 7448 2834 2787 2882 2842 2821 
2876 2859 2877 2802 2804 2838 2869 2871 2888 
2846 2845 2855 2889 2837 2839 2857 2858 2890 
2862 2785 2841 2891 2809 2892 2813 2893 2894 
7350 2851 2801 2864 2863 2874 2895 2896 2897 
7345 2866 2870 7352 7350 2801 2870 2866 2871 
2820 2883 2821 2883 2882 2821 7348 7345 2870 
2834 2843 2835 2893 2898 2899 7347 7352 2824 
2898 2810 2836 2813 2810 2893 2826 2828 2900 
2813 2894 2796 2872 2794 2901 2789 2872 2808 
2812 2902 2836 2792 2805 2807 2851 2816 2903 
2835 2842 2830 2839 2804 2904 2881 2883 2879 
2801 2851 2903 2838 2837 2841 2830 2905 2831 
2802 2849 2848 2795 2811 2813 2834 2788 2906 
2843 2906 2833 2896 2895 2907 2816 2815 2903 
2891 2892 2908 2906 2788 2790 2813 2811 2810 
7348 2870 2909 2910 2911 2912 2911 2910 2857 
2893 2810 2898 2860 2859 2847 2804 2853 2904 
2900 2828 2913 2866 7347 2824 2899 2863 2896 
2910 2914 2915 2914 2910 2916 2825 2806 2891 
2902 2829 2836 2823 2917 2918 2834 2906 2843 
2900 2902 2812 2919 2914 2895 2914 2919 2920 
2814 2913 2921 2806 2921 2807 2825 2801 2903 
2835 2843 2842 2815 2921 2806 2879 2883 2880 
2891 2806 2809 2898 2836 2874 2861 2837 2889 
2864 2852 2865 2876 2809 2847 2913 2828 2856 
2899 2898 2863 2905 2842 2882 2910 2912 2916 
2857 2910 2915 2822 2833 2858 2792 2860 2805 
2869 2882 2881 2879 2887 2886 2803 2848 2876 
2893 2899 2922 2923 2844 2846 2921 2913 2856 
2871 2866 2924 2895 2914 2916 2914 2920 2915 
2825 2891 2800 2833 2906 2858 2899 2896 2907 
2925 2926 2923 2926 2927 2844 2928 2929 2930 
2931 2925 2917 2924 2932 2933 2887 2885 2886 
2815 2806 2825 7344 7348 2934 2808 2872 2890 
2902 2814 2829 2872 2901 2935 2814 2921 2815 
2900 2913 2902 2830 2842 2905 2838 2841 2850 
2872 2911 2890 2905 2882 2869 2911 2872 2935 
2936 2928 2937 2902 2913 2814 2870 2869 2909 
2915 2920 2820 2859 2819 2918 2919 2938 2878 
2938 2919 2897 2851 2864 2816 2863 2898 2874 
2927 2936 2845 2826 2900 2799 2917 2939 2918 
2871 2924 2933 2939 2877 2918 2836 2829 2874 
2916 2912 2922 2857 2915 2822 2922 2912 2894 
2860 2817 2819 2940 2860 2792 2858 2808 2890 
2809 2876 2892 2848 2849 2932 2919 2895 2897 
2920 2919 2878 2869 2881 2909 2901 2894 2935 
2852 2875 2865 2881 2879 2934 2929 2941 2942 
2900 2812 2799 2896 2863 2865 2915 2820 2822 
2805 2860 2847 2917 2925 2923 2926 2844 2923 
2943 2938 2944 2938 2943 2887 2893 2922 2894 
2894 2912 2935 2928 2930 2937 2897 2896 2945 
2946 2943 2884 2943 2946 2885 2934 7348 2909 
2854 2846 2855 2815 2825 2903 2844 2927 2845 
2856 2828 2793 2865 2875 2945 2849 2831 2933 
2859 2876 2847 2877 2939 2846 2924 2866 2947 
2800 2891 2947 2933 2831 2888 2845 2936 2937 
2818 2931 2823 2896 2865 2945 2894 2901 2796 
2916 2922 2907 2820 2920 2880 2911 2857 2890 
2912 2911 2935 2932 2924 2908 2939 2923 2846 
2905 2869 2888 2941 2861 2889 2930 2929 2942 
2932 2849 2933 2883 2820 2880 2937 2930 2853 
2831 2905 2888 2884 2944 2875 2895 2916 2907 
2866 2824 2947 2881 2934 2909 2854 2877 2846 
2871 2933 2888 2854 2803 2877 2808 2858 2790 
2920 2878 2880 2891 2908 2947 2938 2887 2878 
2944 2938 2897 2892 2932 2908 2931 2917 2823 
2802 2838 2850 2858 2906 2790 2922 2899 2907 
2827 2791 2828 2848 2932 2892 2819 2823 2918 
2876 2848 2892 2917 2923 2939 2940 2817 2860 
2942 2889 2839 2934 2879 2886 2921 2856 2807 
2875 2944 2945 2943 2944 2884 2887 2943 2885 
2877 2859 2918 2941 2889 2942 7448 2868 2834 
2867 2798 2811 2828 2791 2793 2944 2897 2945 
2845 2937 2855 2824 2800 2947 2942 2839 2904 
7344 2934 2886 2937 2853 2855 2908 2924 2947 
2853 2930 2904 2812 2797 2799 2930 2942 2904 
2811 2798 2797 7349 7346 2884 7346 2946 2884 
2901 2794 2796 2837 2862 2841 2791 2940 2792 
2798 2826 2799 7346 7344 2885 2946 7346 2885 
2948 2949 2950 2949 2951 2952 2953 2954 2955 
2956 2957 2958 2959 2960 2961 2962 2963 2964 
2965 2966 2967 2968 2969 2970 2971 2972 2973 
2974 2959 2975 2976 2977 2978 2979 2980 2981 
2982 2983 2984 2985 2986 2987 2969 2988 2989 
2990 2991 2992 2960 2993 2994 2977 2995 2996 
2997 2998 2999 2993 2990 3000 2983 3001 3002 
3003 2962 3004 2963 3005 3006 2951 3007 3008 
3009 3010 3011 3012 2956 3013 3014 2953 3015 
3016 3017 3018 3019 3020 3021 3022 3014 3023 
3024 2948 3025 3026 3024 3027 3028 3016 3029 
3030 3031 3029 3017 3026 3032 3010 3028 3033 
3020 3003 3034 3035 2982 3036 3037 7411 3038 
3001 3039 3040 2986 3035 3041 3042 2968 3043 
2980 3042 3044 2991 2979 3045 3046 3047 3036 
7409 3048 3038 3049 3050 3040 3047 3051 3041 
3052 3053 3043 3053 3054 3044 3055 3056 3045 
3048 3049 3057 3039 3037 3057 3058 3059 3060 
2988 3061 3062 2998 3063 3062 3064 3065 3034 
3066 3067 3032 3031 3068 3033 2995 2974 3060 
3069 3070 3071 3007 3022 3072 2954 3073 3074 
2972 2965 3071 3005 3075 3074 3076 3077 3072 
3075 3078 2955 3079 3080 3025 3081 3076 3023 
3082 3083 2952 3084 3058 2975 3085 2971 2978 
3070 2976 2973 3065 3012 3021 3068 3086 3011 
3087 3019 3013 3078 3081 3015 3067 3030 3018 
3080 3066 3027 3077 3082 3008 3088 3064 3004 
3089 3088 2964 3073 3089 3006 3090 3091 3000 
3050 3092 3002 3061 2985 2999 2966 3087 2958 
3051 2997 2987 3063 3093 2989 3056 3090 2992 
3091 3094 2994 3059 3085 2996 3092 3046 2984 
3054 3055 2981 3093 3052 2970 2957 3069 2967 
3094 3084 2961 3083 3079 2950 2979 3055 3045 
3053 3042 3043 3054 2980 3044 3050 3001 3040 
3048 3037 3038 3047 3035 3036 3035 3047 3041 
3049 3039 3057 3063 2988 3062 3059 2995 3060 
3003 3064 3034 3026 3066 3032 3031 3028 3029 
3028 3031 3033 2965 3069 3071 3077 3007 3072 
3075 2954 3074 3020 3065 3021 2959 3084 2975 
2977 3085 2978 2972 3070 2973 3087 2956 2958 
2956 3087 3013 2962 3088 3004 3005 3073 3006 
2954 3075 2955 2953 3078 3015 3076 3022 3023 
3007 3077 3008 2951 3082 2952 3083 2949 2952 
3079 2948 2950 3017 3067 3018 3010 3068 3011 
3069 2965 2967 3088 2962 2964 3078 2953 2955 
2948 3079 3025 3091 2993 3000 3092 2983 3002 
3046 2982 2984 2997 2985 2987 2998 3061 2999 
3093 2969 2989 3052 2968 2970 3055 2979 2981 
3090 2990 2992 3094 2960 2994 3058 2974 2975 
3085 2977 2996 2971 2976 2978 2990 3090 3000 
2960 3094 2961 3001 3050 3002 2986 3051 2987 
2985 2997 2999 2988 3063 2989 2969 3093 2970 
2980 3054 2981 2991 3056 2992 2993 3091 2994 
2995 3059 2996 2976 2971 2973 2983 3092 2984 
3084 2959 2961 2957 2966 2958 3064 3003 3004 
3089 2963 3006 3014 3081 3023 3024 3080 3027 
3086 3009 3011 2966 2957 2967 3012 3019 3021 
3019 3012 3013 3081 3014 3015 3082 2951 3008 
3030 3016 3018 2963 3089 2964 2949 3083 2950 
3080 3024 3025 3066 3026 3027 3070 2972 3071 
3065 3020 3034 3022 3076 3072 3073 3005 3074 
3067 3017 3032 3016 3030 3029 3068 3010 3033 
7411 7409 3038 2982 3046 3036 3061 2998 3062 
3037 3048 3057 3039 3049 3040 3051 2986 3041 
2968 3052 3043 3042 3053 3044 3056 2991 3045 
2974 3058 3060 3095 3096 3097 3098 3099 3100 
3101 3102 3103 3104 3105 3106 3097 3096 3107 
3100 3099 3108 3109 3110 3111 3112 3113 3114 
3115 3102 3101 3116 3117 3118 3106 3105 3119 
3120 3110 3109 3121 3122 3123 3124 3113 3112 
3125 3126 3127 3128 3129 3130 3131 3129 3128 
3132 3122 3121 3118 3117 3133 3134 3126 3125 
7531 3135 3102 3136 3137 3138 3139 3105 3104 
3140 3141 3142 3142 3141 3128 3111 3110 3143 
3114 3113 3144 3145 3146 3147 3143 3110 3100 
3142 3137 3148 3145 3147 3121 3115 3149 7537 
3144 3113 3097 7531 3150 3135 7535 3130 3151 
3152 3117 3116 3145 3105 3139 3153 3142 3154 
7492 3153 3154 3148 3137 3136 3127 3126 3155 
3156 3117 3152 7526 3130 7535 3157 3158 3159 
3155 3126 3156 3160 3121 3123 3159 3158 3161 
3100 3162 3143 3097 3163 3144 7560 3164 3120 
3095 3097 3165 3166 3167 3168 7536 3149 3169 
3170 3171 7542 3139 3146 3145 3172 3099 3098 
7532 3115 7537 3149 3173 3169 3174 3096 3095 
7493 3175 3176 7566 3177 3133 7567 3178 3172 
7518 3179 3119 7529 3180 3181 3160 3123 7544 
3182 3183 7558 3124 3184 7513 3185 3186 7504 
3134 3187 7507 7541 3095 3165 3119 3188 7510 
7496 3189 3190 3133 3191 7508 3192 3193 7498 
7536 3169 7490 3148 3140 3142 3142 3128 3154 
3169 3194 7490 7520 3195 3134 7512 3165 3124 
3098 3100 3164 3191 3156 3195 3188 3145 3160 
3179 3106 3119 3124 3112 3184 3194 3153 7491 
7491 3153 7492 7537 3149 7536 3145 3121 3160 
3154 3130 7526 3098 3164 7581 3196 7368 7367 
3190 3177 7565 3176 3178 7494 3151 3175 7530 
3172 3098 7582 3181 3189 7495 3197 3179 7517 
7497 3187 3192 7503 3123 3185 3120 3180 7561 
7514 3183 3174 3198 3170 7543 7516 3186 3182 
7523 3184 3198 7511 3188 3160 3174 3095 7515 
7509 3191 3195 7519 3193 3197 3153 3137 3142 
3152 3199 3156 3200 3136 3201 7581 3164 7560 
7567 3172 7582 7496 3190 7565 7535 3151 7530 
7492 3154 7526 7566 3133 7508 7493 3176 7494 
7519 3197 7517 7523 3198 7543 7516 3182 7558 
7503 3185 7504 7518 3119 7510 7511 3160 7544 
7509 3195 7520 7514 3174 7515 7512 3124 7513 
7541 3165 7512 7497 3192 7498 7520 3134 7507 
7529 3181 7495 7560 3120 7561 3120 3109 3180 
3177 3118 3133 7490 3194 7491 7530 3175 7493 
7494 3178 7567 7565 3177 7566 7561 3180 7529 
7517 3179 7518 7544 3123 7503 7495 3189 7496 
7507 3187 7497 7582 3098 7581 7558 3183 7514 
7513 3184 7523 7504 3186 7516 7543 3170 7542 
7515 3095 7541 7510 3188 7511 7508 3191 7509 
7498 3193 7519 3130 3129 3151 3196 3158 3157 
3156 3199 3155 3134 3125 3187 3102 3135 3103 
3170 3166 3171 3101 3202 3115 3159 3166 3168 
3128 3130 3154 7542 3171 7412 3157 3159 3203 
7531 3102 7532 3178 3204 3172 3097 3113 3165 
3100 3110 3164 7413 3161 7438 3201 3136 3205 
7367 3158 3196 7438 3158 7367 3169 3138 3194 
3206 3131 3207 3208 3209 3210 3211 3132 3212 
3213 3152 3214 3215 3216 3217 3218 3139 3219 
3220 3221 3222 3203 3168 3223 3224 3155 3225 
3226 3227 3228 3229 3144 3230 3231 3107 3232 
3233 3234 3235 3236 3237 3238 3239 3240 3241 
3242 3243 3244 3245 3143 3246 3247 3108 3248 
3249 3250 3251 3252 3253 3254 3223 3255 3226 
3256 3257 3258 3232 3259 3233 3260 3148 3200 
3228 3114 3229 3214 3116 3252 3219 3104 3239 
3235 3261 3215 3217 3262 3211 3241 3263 3249 
3222 3127 3224 3244 3111 3245 3210 3264 3242 
3251 3265 3220 3248 3266 3236 3254 3267 3208 
3238 3268 3256 3258 3269 3206 3156 3126 3195 
3203 3159 3168 3149 3270 3173 3183 3271 3174 
3180 3272 3181 3191 3117 3156 3188 3105 3145 
3107 3163 3097 3161 3158 7438 3273 3274 3275 
7532 3102 3115 3108 3162 3100 3123 3122 3185 
3236 3266 3237 3253 3267 3254 3243 3111 3244 
3249 3263 3250 3107 3259 3232 3139 3104 3219 
3226 3255 3227 3227 3114 3228 3216 3262 3217 
3209 3264 3210 3234 3261 3235 3168 3255 3223 
3233 3259 3234 3229 3114 3144 3220 3265 3221 
3221 3127 3222 3239 3104 3240 3215 3261 3216 
3152 3116 3214 3256 3268 3257 3211 3262 3132 
3252 3116 3253 3257 3269 3258 3224 3127 3155 
3245 3111 3143 3240 3263 3241 3242 3264 3243 
3250 3265 3251 3208 3267 3209 3108 3266 3248 
3237 3268 3238 3206 3269 3131 3201 3205 3276 
3170 3167 3166 3115 3202 3149 3276 3277 3278 
3197 3279 3179 3278 3280 3281 3161 3166 3159 
7412 3171 7413 3281 3101 3282 3184 3283 3198 
3282 3103 3284 3182 3285 3183 7413 3171 3161 
3286 3287 3273 3190 3288 3177 3185 3289 3186 
7527 3290 7528 3204 3099 3172 3271 3096 3174 
3187 3291 3192 3176 3292 3178 3121 3147 3132 
3128 3141 3131 3205 3277 3276 3138 3137 3194 
3189 3293 3190 3151 3294 3175 3278 3277 3280 
3192 3295 3193 3180 3109 3272 3205 3136 3138 
7528 3296 7538 3193 3297 3197 3280 3101 3281 
3279 3106 3179 3175 3298 3176 3198 3167 3170 
3282 3101 3103 3181 3299 3189 3184 3112 3283 
3135 3150 3287 3138 3173 3205 3247 3162 3108 
3143 3162 3246 3132 3147 3212 3144 3163 3230 
3231 3163 3107 3218 3146 3139 3213 3199 3152 
3155 3199 3225 3260 3140 3148 3131 3141 3207 
7528 3290 3296 3171 3166 3161 3288 3118 3177 
3186 3300 3182 3287 3274 3273 3187 3125 3291 
3164 3110 3120 3285 3271 3183 3268 3298 3257 
3292 3204 3178 3261 3300 3216 3250 3295 3265 
3133 3117 3191 3135 3301 3103 3119 3105 3188 
3148 3136 3200 3267 3293 3209 3185 3122 3289 
3151 3129 3294 3287 3301 3135 3195 3126 3134 
3165 3113 3124 3194 3137 3153 3209 3299 3264 
3297 3279 3197 3205 3173 3277 3168 3167 3255 
3263 3297 3250 3275 3274 3302 3216 3289 3262 
3198 3283 3167 3298 3294 3257 3300 3289 3216 
3250 3297 3295 3293 3299 3209 3103 3301 3284 
3181 3272 3299 3268 3292 3298 3257 3294 3269 
3261 3285 3300 3234 3285 3261 3295 3291 3265 
3237 3292 3268 3286 3301 3287 3169 3173 3138 
3267 3288 3293 3265 3291 3221 3293 3288 3190 
3253 3288 3267 3299 3272 3264 3264 3272 3243 
3192 3291 3295 3255 3283 3227 3167 3283 3255 
3296 3290 3274 3240 3279 3263 3263 3279 3297 
3266 3204 3237 3289 3122 3262 3269 3129 3131 
3175 3294 3298 3294 3129 3269 3186 3289 3300 
3262 3122 3132 3259 3271 3234 3295 3297 3193 
3300 3285 3182 3189 3299 3293 3221 3125 3127 
3298 3292 3176 3237 3204 3292 3234 3271 3285 
3116 3118 3253 3246 3162 3247 3212 3147 3303 
3230 3163 3231 3303 3146 3218 3291 3125 3221 
3225 3199 3213 7538 3150 7531 3304 3140 3260 
3227 3112 3114 3287 3150 3296 3104 3106 3240 
3253 3118 3288 3243 3109 3111 3207 3141 3304 
3283 3112 3227 3272 3109 3243 3240 3106 3279 
3107 3096 3259 3108 3099 3266 3147 3146 3303 
3266 3099 3204 3304 3141 3140 3259 3096 3271 
3173 3270 3277 3280 3202 3101 3284 3301 3286 
3287 3296 3274 3277 3270 3280 3149 3202 3270 
3274 3290 3302 3275 3302 3305 3270 3202 3280 
3296 3150 7538 3305 3302 7527 3275 3305 3306 
3302 3290 7527 7441 7369 3307 7423 7441 3307 
3308 3309 3310 3311 3308 3310 7369 7589 3307 
3312 7423 3307 7590 7591 3310 7591 3311 3310 
3310 3309 3313 7590 3310 3313 3314 3315 3316 
3315 7594 3316 3317 7618 3318 3319 3317 3318 
3320 7632 3321 3322 7631 3323 3324 3322 3323 
3325 7626 3326 3327 3325 3326 3328 3320 3321 
3321 7633 3329 3330 3321 3329 3331 7623 3332 
3333 3331 3332 3334 7628 3335 3336 3334 3335 
3337 7599 3338 3339 3337 3338 3340 7596 3341 
3342 3343 3344 3345 3340 3341 3343 7605 3344 
3346 3347 3348 3349 7602 3350 3347 7598 3348 
3351 3349 3350 3344 7606 3352 3353 3344 3352 
7595 7596 3340 7627 7618 3317 7593 7594 3315 
3324 3354 3322 3355 3333 3332 7604 3356 3357 
7625 7626 3325 3327 3358 3325 3330 3328 3321 
3359 3360 3357 3309 3361 3313 3356 3362 3357 
3363 7615 3364 3360 7603 3357 3365 3363 3364 
7609 7599 3337 7599 7600 3338 3366 3362 3356 
7597 7598 3347 7621 7628 3334 3367 3368 3369 
7643 7603 3360 7629 7605 3343 7611 3367 3369 
7603 7604 3357 3370 3346 3348 3371 3336 3335 
3372 3373 3374 3351 3375 3349 3362 3359 3357 
7601 7602 3349 3332 7624 3376 7602 7597 3350 
7605 7606 3344 3377 3378 3369 7611 7612 3367 
3353 3342 3344 3373 7617 3374 7592 7607 3379 
3378 7610 3369 3380 3368 3367 3339 3381 3337 
7616 7617 3373 7620 7621 3382 7589 7588 3383 
7600 7630 3384 7631 7595 3323 7596 7622 3341 
7622 7623 3331 7624 7625 3376 7626 7627 3326 
7618 7619 3318 7619 7632 3320 7633 7593 3329 
7594 7644 3316 7644 7634 3385 3372 3386 3373 
3354 3387 3384 3388 3324 3323 3389 3345 3341 
3333 3389 3331 3358 3355 3376 3390 3327 3326 
3391 3319 3318 3328 3391 3320 3392 3330 3329 
3393 3314 3316 3361 3393 3385 7632 7633 3321 
3379 3394 3395 7592 3379 3395 3356 7620 3382 
7608 7609 3396 7630 7631 3322 7623 7624 3332 
3397 3394 3379 3398 3366 3382 3383 7588 3395 
7607 7610 3378 3379 7607 3378 7610 7611 3369 
7612 7613 3399 7613 7614 3400 3399 7613 3400 
7614 7615 3363 7615 7616 3364 7606 7608 3352 
3345 3388 3340 3319 3390 3317 3314 3392 3315 
7588 7592 3395 3394 3401 3395 3377 3397 3378 
3368 3377 3369 3402 3380 3399 3403 3402 3400 
3365 3403 3363 3386 3365 3364 3366 3356 3382 
3404 3353 3352 3401 3312 3383 3401 3383 3395 
3402 3399 3400 3336 3398 3334 3381 3404 3396 
7604 7620 3356 3397 3379 3378 3367 7612 3399 
7617 7601 3374 3405 3351 3350 3387 3339 3338 
3375 3372 3374 3380 3367 3399 3346 3405 3347 
7598 7643 3348 7628 7629 3335 3373 3386 3364 
3400 7614 3363 7616 3373 3364 3359 3370 3360 
3342 3371 3343 7634 7590 3313 3403 3400 3363 
3384 3387 3338 3355 3332 3376 7601 3349 3374 
3349 3375 3374 7597 3347 3350 3347 3405 3350 
7609 3337 3396 7600 3384 3338 7643 3360 3348 
3352 7608 3396 3337 3381 3396 3360 3370 3348 
3404 3352 3396 3334 3398 3382 7621 3334 3382 
3341 7622 3331 3389 3341 3331 7629 3343 3335 
3343 3371 3335 3354 3384 3322 3325 3358 3376 
7625 3325 3376 3313 3361 3385 3388 3323 3340 
7634 3313 3385 3323 7595 3340 3384 7630 3322 
3326 7627 3317 3390 3326 3317 3393 3316 3385 
3316 7644 3385 3329 7593 3315 3392 3329 3315 
3391 3318 3320 3318 7619 3320 7589 3383 3307 
3383 3312 3307 3406 3407 3408 3409 3410 3411 
3412 3413 3414 3407 3415 3408 3416 3417 3418 
3419 3420 3421 3422 3409 3411 3423 3424 3425 
3413 3426 3414 3427 3416 3418 3428 3429 3430 
3431 3419 3421 3432 3433 3434 3435 3436 3437 
3438 3435 3437 3439 3428 3430 3440 3441 3442 
3424 3443 3425 3444 3432 3434 3441 3445 3442 
3446 3411 3447 3448 3449 3450 3451 3412 3414 
3452 3453 3454 3453 3435 3454 3417 3455 3418 
3420 3456 3421 3457 3458 3459 3455 3407 3418 
3453 3460 3450 3457 3428 3458 3422 3461 3462 
3446 3447 3463 3464 3465 3436 3466 3423 3425 
3457 3451 3414 3456 3467 3421 3468 3469 3453 
3470 3469 3468 3460 3448 3450 3433 3471 3434 
3472 3466 3425 7690 3473 3474 3475 3464 3436 
3471 3472 3434 3476 3429 3428 3473 3477 3474 
3478 3440 3442 3407 3455 3479 3480 3427 3481 
3482 3483 3484 3485 3486 3462 3487 3488 3489 
3451 3457 3459 3490 3406 3408 3491 3461 3422 
3462 3486 3492 3467 3456 3493 3467 3478 3442 
3494 3495 3496 3497 3443 3498 3499 3490 3500 
3501 3426 3502 3503 3504 3505 3476 3506 3429 
3444 3507 3508 3509 3510 3511 3512 3513 3514 
3445 3515 3516 3517 3518 3519 3426 3520 3521 
3522 3523 3524 3443 3525 3526 3527 3528 3529 
3485 3530 3486 3460 3453 3452 3453 3469 3435 
3486 3530 3531 3532 3444 3533 3534 3431 3535 
3406 3481 3407 3526 3533 3472 3521 3476 3457 
3516 3535 3467 3502 3426 3413 3531 3536 3468 
3536 3470 3468 3461 3485 3462 3457 3476 3428 
3469 3475 3436 3406 3537 3481 7648 7425 7424 
3523 3538 3498 3495 3539 3500 3490 3540 3406 
3541 3542 3502 3543 3527 3508 3544 3517 3429 
3465 3545 3496 3546 3509 3519 3427 3547 3505 
3513 3548 3487 3549 3445 3511 3504 3550 3524 
3431 3551 3514 3552 3535 3516 3553 3476 3521 
3554 3533 3526 3555 3541 3529 3468 3453 3450 
3466 3472 3556 3431 3514 3419 7647 7646 3448 
3537 3480 3481 3499 3540 3490 3522 3538 3523 
3464 3545 3465 3470 3475 3469 3497 3525 3443 
3503 3550 3504 3480 3547 3427 3494 3539 3495 
3543 3528 3527 3532 3507 3444 3512 3548 3513 
3546 3510 3509 3555 3542 3541 3544 3518 3517 
3553 3506 3476 3501 3520 3426 3554 3532 3533 
3534 3551 3431 3549 3515 3445 3552 3534 3535 
3427 3505 3416 3498 3443 3424 3530 3536 3531 
3545 3494 3496 3539 3499 3500 3538 3497 3498 
3547 3503 3505 3542 3501 3502 3506 3544 3429 
3550 3522 3524 3507 3543 3508 3510 3549 3511 
3518 3546 3519 3551 3512 3514 3515 3552 3516 
3548 3488 3487 3520 3553 3521 3540 3537 3406 
3525 3554 3526 3528 3555 3529 3436 3465 3437 
7648 7690 3474 3472 3471 3556 3444 3508 3432 
3411 3410 3447 3487 3489 3482 3409 3422 3557 
3473 3483 3482 3435 3469 3436 3488 7397 3489 
7690 7687 3473 3446 3491 3411 3500 3490 3558 
3407 3481 3418 7396 7433 3477 7646 3559 3448 
7425 7648 3474 3486 3531 3449 3478 3467 3493 
7433 7425 3474 7685 7649 3438 7681 7659 3560 
7694 7660 3439 7657 7680 3466 7666 7668 3451 
7675 7661 3561 7687 7688 3483 7658 7662 3562 
7693 7678 3471 7676 7671 3563 7677 7691 3456 
7692 7669 3478 7679 7674 3564 7650 7684 3565 
7670 7689 3566 7682 7655 3567 7664 7665 3455 
7652 7683 3415 7671 7677 3420 7688 7676 3568 
7663 7651 3569 7653 7654 3570 7656 7673 3571 
7667 7647 3460 7669 7679 3440 7668 7670 3412 
7674 7675 3572 7661 7694 3573 7689 7656 3574 
7655 7664 3417 7662 7693 3433 7673 7658 3575 
7659 7682 3576 7683 7650 3577 7651 7681 3578 
7680 7663 3423 7684 7653 3579 7654 7685 3580 
3472 3533 3434 3467 3535 3421 3514 3513 3581 
7687 3483 3473 3462 3492 3582 3511 3445 3441 
3516 3467 3442 3505 3504 3583 3526 3472 3425 
3521 3457 3414 3477 7433 3474 3584 3585 3586 
3491 3422 3411 3415 3407 3479 3429 3517 3430 
7650 3565 3577 3569 7651 3578 3567 7655 3417 
7656 3571 3574 3451 7668 3412 3478 7669 3440 
3563 7671 3420 7676 3563 3568 3560 7659 3576 
3483 7688 3568 7677 3456 3420 3564 7674 3572 
3561 7661 3573 7658 3562 3575 7679 3564 3440 
3562 7662 3433 7670 3566 3412 7675 3561 3572 
7653 3570 3579 7694 3439 3573 3570 7654 3580 
7664 3455 3417 7693 3471 3433 3566 7689 3574 
3466 7680 3423 3571 7673 3575 7682 3567 3576 
7663 3569 3423 3415 7683 3577 7681 3560 3578 
3565 7684 3579 7685 3438 3580 7646 3587 3559 
3487 3482 3484 3422 3462 3557 3587 3588 3589 
3541 3502 3590 3588 3591 3592 3477 3473 3482 
7397 7396 3489 3591 3593 3409 3593 3594 3410 
3509 3511 3595 7396 3477 3489 3596 3584 3597 
3523 3498 3598 3517 3519 3599 3600 3601 3602 
3558 3490 3408 3508 3527 3603 3495 3500 3604 
3428 3439 3458 3435 3438 3454 3559 3587 3589 
3449 3531 3450 3524 3523 3605 3465 3496 3606 
3514 3581 3419 3588 3592 3589 3527 3529 3607 
3505 3583 3416 3559 3449 3448 3601 3608 3609 
3529 3541 3610 3592 3591 3409 3590 3502 3413 
3496 3495 3611 3513 3487 3484 3593 3410 3409 
3504 3524 3612 3447 3597 3463 3449 3559 3492 
7652 3415 3479 3455 7665 3479 3439 7660 3458 
7666 3451 3459 3456 7691 3493 7692 3478 3493 
7657 3466 3556 3471 7678 3556 7667 3460 3452 
3438 7649 3454 3601 3609 3602 3489 3477 3482 
3598 3498 3424 3519 3509 3613 3597 3584 3586 
3508 3603 3432 3481 3427 3418 3595 3511 3441 
3579 3570 3611 3604 3500 3558 3445 3516 3442 
3572 3561 3613 3571 3575 3607 3443 3526 3425 
3447 3410 3614 3426 3521 3414 3460 7647 3448 
3578 3560 3605 3517 3599 3430 3465 3606 3437 
3597 3447 3614 3533 3444 3434 3535 3431 3421 
3531 3468 3450 3560 3576 3612 3610 3541 3590 
3559 3589 3492 3483 3568 3484 3574 3571 3610 
3585 3615 3586 3561 3573 3599 3513 3484 3581 
3611 3570 3606 3613 3561 3599 3571 3607 3610 
3605 3560 3612 3410 3594 3614 3504 3612 3583 
3579 3611 3604 3570 3580 3606 3572 3613 3595 
3564 3572 3595 3607 3575 3603 3565 3579 3604 
3596 3597 3614 3486 3449 3492 3578 3605 3598 
3575 3562 3603 3605 3523 3598 3569 3578 3598 
3612 3576 3583 3576 3567 3583 3527 3607 3603 
3568 3563 3581 3484 3568 3581 3609 3586 3602 
3566 3574 3590 3574 3610 3590 3577 3565 3558 
3599 3573 3430 3580 3438 3437 3496 3611 3606 
3606 3580 3437 3519 3613 3599 3573 3439 3430 
3440 3564 3441 3607 3529 3610 3613 3509 3595 
3524 3605 3612 3562 3433 3432 3611 3495 3604 
3565 3604 3558 3564 3595 3441 3423 3569 3424 
7665 7652 3479 7660 7672 3458 7672 7666 3459 
3603 3562 3432 7691 7692 3493 7678 7657 3556 
3608 3446 3463 7686 7667 3452 3597 3609 3463 
3412 3566 3413 3569 3598 3424 3567 3417 3416 
3563 3420 3419 7649 7686 3454 3583 3567 3416 
3566 3590 3413 3581 3563 3419 3415 3577 3408 
3458 7672 3459 3577 3558 3408 7686 3452 3454 
3492 3589 3582 3592 3409 3557 3594 3596 3614 
3597 3586 3609 3589 3592 3582 3462 3582 3557 
3586 3615 3602 3585 3616 3615 3582 3592 3557 
3609 3608 3463 3616 3600 3615 3585 3617 3616 
3615 3600 3602 3618 3619 3620 3621 3622 3623 
3624 3625 3626 7724 7716 3627 3628 3629 3630 
7735 7708 3631 7699 7698 3632 7719 7701 3633 
7703 7695 3634 7717 7705 3635 3636 3637 3638 
3639 3640 3641 7721 7737 3642 7720 7739 3643 
3644 3645 3646 3647 3648 3649 3650 3651 3652 
3653 3654 3655 3656 3657 3658 3659 3636 3660 
3661 3647 3662 3663 3664 3665 3666 3667 3668 
3669 3670 3671 3654 3650 3672 3673 3674 3675 
3676 3677 3678 7706 7725 3679 3680 3681 3682 
7695 7751 3683 3674 3684 3683 7750 7749 3685 
7732 7700 3686 7723 7726 3687 7704 7730 3688 
3689 3690 3691 3692 3644 3693 7398 7702 3694 
7714 7729 3695 7709 7738 3696 7738 7715 3697 
7707 7727 3698 7740 7718 3699 7713 7734 3700 
3701 7399 3694 3651 3663 3700 3667 3653 3695 
3702 3666 3696 3670 3702 3697 3640 3669 3698 
3703 3639 3699 3648 3701 3704 3705 3661 3706 
7702 7733 3704 7736 7721 3706 7718 7728 3707 
7726 7706 3691 7722 7719 3693 3708 3673 3685 
3622 3656 3686 3690 3621 3687 3677 3618 3688 
3637 3703 3707 7705 7724 3709 7697 7699 3710 
7701 7696 3711 3712 3713 3709 3714 3676 3710 
3681 3715 3711 7698 7722 3646 7696 7703 3682 
7728 7710 3638 3713 3628 3635 7730 7697 3678 
7751 7750 3675 7739 7717 3630 7712 7736 3662 
7737 7713 3665 7729 7709 3668 7715 7707 3671 
7733 7712 3649 7734 7711 3652 7731 7714 3655 
7708 7732 3658 3664 3705 3642 3629 3659 3643 
7727 7740 3641 7711 7731 3672 3684 3680 3634 
3657 3624 3631 3645 3714 3632 3715 3692 3633 
7710 7720 3660 3625 3712 3627 7725 7704 3620 
7716 7735 3626 3619 3689 3679 7700 7723 3623 
7700 3622 3686 7726 3690 3687 7706 3689 3691 
7730 3677 3688 7719 3692 3693 7751 3674 3683 
3673 7750 3685 7702 3701 3694 7734 3651 3700 
3701 7702 3704 3661 7736 3706 7729 3667 3695 
7738 3702 3696 7715 3670 3697 7727 3640 3698 
7718 3703 3699 7728 3637 3707 7724 3712 3709 
7699 3714 3710 7696 3681 3711 7705 3713 3635 
3712 7724 3627 3624 7735 3631 7735 3624 3626 
7732 3656 3658 7723 3621 3623 3619 7725 3620 
7704 3618 3620 7697 3676 3678 3714 7699 3632 
3645 7698 3646 7722 3644 3646 3692 7719 3633 
3680 7703 3634 7703 3680 3682 7750 3673 3675 
3667 7729 3668 7709 3666 3668 3670 7715 3671 
7707 3669 3671 3640 7727 3641 7740 3639 3641 
3637 7728 3638 7710 3636 3638 3636 7710 3660 
3659 7720 3643 7739 3629 3643 3629 7739 3630 
3628 7717 3635 7717 3628 3630 3648 7733 3649 
7712 3647 3649 3647 7712 3662 7736 3661 3662 
3705 7721 3642 7737 3664 3642 3664 7737 3665 
7713 3663 3665 3651 7734 3652 7711 3650 3652 
3654 7731 3655 7731 3654 3672 7714 3653 3655 
3650 7711 3672 7720 3659 3660 7716 3625 3627 
3625 7716 3626 7708 3657 3631 3657 7708 3658 
3622 7700 3623 3689 7706 3679 7725 3619 3679 
3677 7730 3678 7698 3645 3632 7701 3715 3633 
3681 7696 3682 7695 3684 3634 3674 7751 3675 
3653 7714 3695 3666 7709 3696 3702 7738 3697 
3669 7707 3698 3639 7740 3699 3703 7718 3707 
7733 3648 3704 7721 3705 3706 7399 7398 3694 
3663 7713 3700 7749 3708 3685 3713 7705 3709 
3656 7732 3686 3621 7723 3687 3690 7726 3691 
3618 7704 3688 3676 7697 3710 3644 7722 3693 
3715 7701 3711 3684 7695 3683 3716 3717 3718 
3719 3720 3721 3722 3723 3724 3717 3725 3718 
3726 3727 3728 3729 3730 3731 3732 3733 3734 
3735 3719 3721 3736 3737 3738 3723 3739 3724 
3727 3740 3728 3741 3742 3743 3744 3745 3746 
3737 3747 3738 3748 3732 3734 3742 3749 3743 
7783 3729 3731 3750 3751 3752 3753 3744 3746 
3754 3755 3729 3718 7789 3756 3751 3757 3752 
3720 3758 3721 3759 3722 3724 3729 3755 3730 
3760 3761 3762 3763 3726 3728 3737 3761 3760 
7788 3725 3764 3765 3766 3767 3742 3765 3767 
3757 3765 3752 3733 3768 3734 3756 7789 3769 
3768 3770 3734 3758 3761 3721 3771 3759 3724 
3772 3773 3746 7792 3774 3775 3745 3772 3746 
3776 3777 3778 3736 3779 3737 3741 3780 3742 
3773 3763 3728 3781 3776 3778 3765 3757 3766 
3782 3783 3784 7759 3748 3785 7777 3753 3786 
3774 7801 3764 7765 3775 3787 3761 3758 3762 
7788 7787 3725 3774 3764 3788 3748 7799 3789 
3790 7790 3791 3735 7781 3792 3793 7753 3794 
7779 3779 3736 3739 7756 3795 7769 3796 3797 
3798 7767 3799 7761 3800 3801 7771 3802 3803 
3804 7774 3805 7782 3735 3806 7800 3780 3741 
3807 7758 3808 7795 3809 3810 7792 7801 3774 
3770 3768 3811 7793 3812 3813 3759 3771 3814 
3780 3787 3765 7791 3790 3815 7768 3798 3812 
3816 3785 3770 3817 3786 3773 3779 3806 3761 
3795 3815 3771 3735 3792 3719 7801 7788 3764 
3779 3761 3737 3780 7766 3787 7765 7792 3775 
3780 3765 3742 3763 3773 3818 3816 7760 3785 
3817 7778 3786 7371 7370 3819 7754 3793 3791 
7764 3820 3792 7757 3804 3808 7773 3739 3805 
3809 7762 3801 7798 3807 3789 7786 3821 3794 
3779 7794 3806 3796 7772 3803 3802 7780 3736 
3800 7775 3816 7776 3740 3799 3753 7770 3797 
7755 3815 3795 3740 7796 3817 3821 7785 3741 
3820 7763 3810 3799 3740 3727 3822 3823 3751 
7760 7759 3785 7778 7777 3786 7798 7758 3807 
7800 7766 3780 7755 7791 3815 7757 7774 3804 
7773 7756 3739 7754 7753 3793 7795 7762 3809 
7761 7775 3800 7764 7763 3820 7759 7799 3748 
7771 7780 3802 7779 7794 3779 7782 7781 3735 
7777 7770 3753 7768 7767 3798 7793 7768 3812 
7776 7796 3740 7769 7772 3796 7791 7790 3790 
7786 7785 3821 7766 7765 3787 3805 3739 3723 
3748 3789 3732 7790 7754 3791 7753 7786 3794 
7799 7798 3789 7775 7760 3816 7781 7764 3792 
7785 7800 3741 7780 7779 3736 7756 7755 3795 
7762 7761 3801 7770 7769 3797 7772 7771 3803 
7767 7776 3799 7774 7773 3805 7796 7778 3817 
7794 7782 3806 7758 7757 3808 7763 7795 3810 
3777 3819 3778 3775 3774 3750 3801 3800 3824 
3716 3718 3756 7783 7797 3729 3773 3772 3818 
3725 3717 3825 7400 7793 3813 3826 3777 3776 
3782 3776 3783 7787 7789 3718 3790 3791 3827 
3773 3786 3746 3770 3785 3734 3771 3828 3814 
7436 7401 3781 3829 3770 3811 3819 7370 3778 
3830 3822 3751 7370 7436 3778 3815 3790 3831 
3832 3833 3834 3835 3836 3837 3823 3838 3757 
3839 3840 3720 3841 3842 3843 3840 3844 3758 
3845 3846 3745 3847 3848 3849 3850 3851 3852 
3853 3826 3782 3854 3855 3829 3856 3853 3857 
3858 3845 3859 3860 3856 3861 3862 3863 3763 
3846 3864 3772 3865 3866 3867 3868 3839 3869 
3870 3871 3872 3873 3874 3759 3875 3876 3828 
3848 3858 3877 3878 3879 3749 3863 3860 3726 
3880 3881 3882 3883 3884 3747 3885 3886 3768 
3874 3870 3722 3833 3885 3733 3881 3832 3887 
3884 3847 3888 3842 3868 3889 3855 3850 3890 
3871 3880 3891 3866 3875 3892 3851 3841 3893 
3879 3835 3894 3836 3865 3895 3765 3787 3752 
3798 3799 3896 3782 3826 3776 3813 3812 3783 
3788 3764 3897 3753 3797 3744 3804 3805 3898 
3795 3771 3724 3761 3806 3721 7436 3781 3778 
3725 7787 3718 3802 3736 3738 3775 3750 3752 
3821 3741 3743 3867 3866 3892 3832 3834 3887 
3870 3872 3722 3843 3842 3889 3840 3758 3720 
3846 3772 3745 3861 3856 3857 3860 3861 3726 
3847 3849 3888 3835 3837 3894 3858 3859 3877 
3880 3882 3891 3853 3782 3857 3763 3863 3726 
3849 3848 3877 3859 3845 3745 3869 3839 3720 
3850 3852 3890 3885 3768 3733 3852 3851 3893 
3837 3836 3895 3747 3884 3888 3868 3869 3889 
3829 3855 3890 3759 3874 3722 3834 3833 3733 
3882 3881 3887 3872 3871 3891 3841 3843 3893 
3875 3828 3892 3749 3879 3894 3865 3867 3895 
3817 3773 3728 3783 3812 3784 7401 7400 3813 
3899 3822 3830 3790 3900 3831 3764 3725 3825 
3901 3899 3902 3800 3816 3903 3792 3820 3904 
3905 3901 3906 3907 3905 3717 3824 3800 3908 
3909 3907 3716 3781 7401 3813 3755 3910 3730 
3797 3796 3911 3776 3781 3783 3910 3912 3913 
3789 3807 3914 3803 3802 3915 3790 3827 3900 
3809 3801 3916 3791 3793 3917 3747 3737 3760 
3908 3800 3903 3899 3830 3902 3749 3742 3767 
3828 3771 3831 3807 3808 3918 3794 3821 3919 
3812 3798 3784 3896 3799 3727 3770 3829 3903 
3906 3901 3902 3810 3809 3920 3750 3830 3751 
3898 3805 3723 3820 3810 3921 3905 3906 3717 
3792 3904 3719 3793 3794 3922 3716 3907 3717 
7784 7783 3731 3808 3804 3923 3830 3750 3788 
3757 3838 3766 3878 3749 3767 3883 3747 3760 
3758 3844 3762 3768 3886 3811 3854 3829 3811 
3828 3876 3814 3873 3759 3814 3862 3763 3818 
3772 3864 3818 3913 3756 3769 3789 3914 3732 
3796 3803 3924 3781 3813 3783 3916 3801 3824 
3786 3753 3746 3787 3775 3752 3785 3748 3734 
3797 3911 3744 3910 3913 3730 3837 3895 3922 
3791 3917 3827 3849 3877 3924 3893 3843 3920 
3716 3756 3925 3739 3795 3724 3806 3735 3721 
3823 3757 3751 3882 3887 3918 3915 3802 3738 
3919 3821 3743 3756 3913 3925 3891 3882 3923 
3820 3921 3904 3902 3830 3788 3857 3782 3784 
3843 3889 3921 3888 3849 3915 3784 3798 3896 
3837 3922 3919 3849 3924 3915 3920 3843 3921 
3882 3918 3923 3909 3716 3925 3923 3804 3898 
3922 3895 3917 3894 3837 3919 3740 3817 3728 
3924 3877 3911 3877 3859 3911 3893 3920 3916 
3895 3867 3917 3750 3774 3788 3913 3912 3925 
3918 3887 3914 3852 3893 3916 3807 3918 3914 
3887 3834 3914 3891 3923 3898 3872 3891 3898 
3920 3809 3916 3857 3784 3896 3861 3857 3896 
3889 3869 3904 3921 3889 3904 3867 3892 3827 
3888 3915 3738 3749 3894 3743 3922 3794 3919 
3894 3919 3743 7789 7784 3769 3924 3803 3915 
3747 3888 3738 3859 3745 3744 3810 3920 3921 
3796 3924 3911 3918 3808 3923 3890 3852 3824 
3793 3922 3917 3917 3867 3827 3911 3859 3744 
3834 3733 3732 3838 3926 3766 3926 3878 3767 
3927 3883 3760 3844 3927 3762 3852 3916 3824 
3886 3854 3811 3876 3873 3814 3864 3862 3818 
3869 3720 3719 3914 3834 3732 3722 3872 3723 
3726 3861 3727 3872 3898 3723 3904 3869 3719 
3861 3896 3727 3766 3926 3767 3892 3828 3900 
3927 3760 3762 3771 3815 3831 3816 3770 3903 
3829 3890 3908 3827 3892 3900 3890 3824 3908 
3731 3913 3769 3902 3788 3897 3717 3906 3825 
3912 3909 3925 3730 3913 3731 3906 3902 3897 
3897 3764 3825 3829 3908 3903 3900 3828 3831 
3906 3897 3825 7784 3731 3769 7797 3754 3729 
3928 3755 3754 7443 3929 7355 7372 3929 7443 
7805 3930 7806 3931 3930 7805 7804 3929 7372 
7355 3929 3932 3933 3930 3934 3934 3930 3931 
3930 3935 7806 3933 3935 3930 3936 3937 3938 
7842 3937 3936 3939 3940 3941 3941 3940 7834 
3942 3943 3944 7841 3943 3942 3945 3946 3947 
7808 3946 3945 3948 3949 3950 3950 3949 7811 
3950 3951 3952 7810 3951 3950 3953 3954 7836 
3955 3954 3953 3956 3957 7816 3958 3957 3956 
7849 3959 3960 3960 3959 3961 3962 3963 3964 
3964 3963 7844 3965 3966 7823 3967 3966 3965 
3968 3969 7846 3970 3969 3968 7820 3971 3972 
3965 3973 3974 7822 3973 3965 3972 3971 3975 
3976 3963 3962 3977 3940 3939 3978 3936 3938 
7808 3945 7809 7839 3953 7836 7810 3950 7811 
7819 3979 3980 7841 3942 7838 3981 3982 3983 
3984 3942 3944 3985 3983 3986 3980 3979 3987 
7806 3935 7812 3986 3983 7814 3983 3982 7817 
3988 3960 3961 3989 3990 7828 3991 3990 3989 
3986 3992 3993 7813 3986 7814 3994 3957 3958 
3961 3959 3995 3996 3969 3970 7858 3968 7846 
7815 3956 7816 3997 3982 3981 3981 3983 3985 
3998 3966 3967 7813 3992 3986 3999 4000 4001 
7820 3972 7821 4001 4000 7829 7814 3983 7817 
4002 3972 3975 7827 4000 4003 3975 3971 3996 
7821 3989 7828 7822 3965 7823 3967 3965 3974 
7831 4001 7829 4003 4000 4004 3999 4001 4005 
3995 4006 4007 3947 3946 3976 3962 3964 4008 
4008 3954 3955 4009 4010 3984 3939 3941 4011 
4011 3949 3948 3952 3951 3978 4012 4013 4014 
7849 3960 7825 4015 4016 4017 7828 3990 7818 
7835 3992 7813 7840 3943 7841 7857 3937 7842 
4018 3990 3991 7803 4019 7804 4016 4020 7807 
3932 4019 4021 4019 4020 4021 4015 4020 4016 
3993 3992 3994 4022 4023 3988 3944 3943 3977 
3938 3937 4012 7824 4016 7807 7809 4006 7848 
7845 3946 7808 7837 3964 7844 7836 3954 7837 
7838 4010 7839 7833 3941 7834 7811 3949 7833 
7843 3951 7810 7812 4013 7857 7807 4020 7803 
7803 4020 4019 7826 3973 7822 4021 4020 4015 
4007 3945 3947 3955 3953 4009 3948 3950 3952 
7827 4003 7824 7829 4000 7827 7830 4024 7831 
7832 4025 7830 7830 4025 4024 7819 3980 7832 
7818 3979 7819 4017 4003 4004 4004 4000 3999 
4005 4024 4026 4026 4025 4027 4024 4025 4026 
4027 3980 3987 3987 3979 4018 3974 3973 4022 
7825 4023 7826 7844 3963 7845 7834 3940 7840 
7842 3936 7843 7847 3971 7820 7824 4003 4016 
7848 3959 7849 7816 3957 7835 4016 4003 4017 
3985 3986 3993 7846 3969 7847 3991 3989 4002 
7831 4024 4001 7817 3982 7858 7823 3966 7815 
4001 4024 4005 3970 3968 3997 3958 3956 3998 
4014 3935 3933 7832 3980 4025 4025 3980 4027 
4018 3979 3990 3990 3979 7818 3972 3989 7821 
4002 3989 3972 3995 3959 4006 7847 3969 3971 
3971 3969 3996 7858 3982 3968 3968 3982 3997 
7839 4010 3953 3953 4010 4009 3988 4023 3960 
3960 4023 7825 3973 4023 4022 4006 3959 7848 
7826 4023 3973 3992 3957 3994 7835 3957 3992 
3956 3966 3998 3964 3954 4008 7815 3966 3956 
7837 3954 3964 4007 4006 3945 3946 3963 3976 
3942 4010 7838 3945 4006 7809 3984 4010 3942 
7845 3963 3946 4014 4013 3935 3935 4013 7812 
7840 3940 3943 3943 3940 3977 4012 3937 4013 
4013 3937 7857 3941 3949 4011 7833 3949 3941 
3951 3936 3978 7843 3936 3951 4019 3929 7804 
3932 3929 4019 4028 4029 4030 4031 4032 4033 
4034 4035 4036 4030 4029 4037 4038 4039 4040 
4041 4042 4043 4044 4032 4031 4045 4046 4047 
4036 4035 4048 4040 4039 4049 4050 4051 4052 
4053 4054 4055 4047 4046 4056 4057 4042 4041 
4052 4051 4058 4059 4060 4061 4062 4054 4053 
4029 4063 4064 4061 4060 4065 4033 4032 4066 
4067 4035 4034 4068 4069 4070 4071 4039 4038 
4047 4068 4070 4072 4073 4037 4074 4075 4076 
4052 4075 4074 4065 4060 4074 4043 4042 4077 
4063 4078 4064 4077 4042 4079 4066 4032 4070 
4080 4035 4067 4081 4054 4082 4083 4084 4085 
4086 4087 7905 4055 4054 4081 4045 4047 4088 
4050 4052 4089 4082 4039 4071 4090 4087 4086 
4074 4076 4065 4091 4092 4093 4094 4095 4057 
4096 4097 4062 4085 4073 4098 4099 4100 4084 
4070 4069 4066 4072 4037 4101 4085 4102 4073 
4057 4103 4104 4044 4105 4106 4107 4108 4109 
4110 4045 4088 4048 4111 4112 4113 4114 4115 
4116 4117 4118 4119 4120 4121 4122 4123 4124 
4125 4126 4127 4128 4050 4089 4129 4130 4131 
4132 4133 4044 4134 4135 4136 4137 4138 4139 
4083 4085 4098 4079 4140 4077 4141 4142 4143 
4067 4144 4080 4089 4074 4100 4145 4146 4113 
4147 4143 4122 4148 4079 4095 4149 4082 4097 
4088 4070 4133 4111 4080 4146 4044 4031 4105 
4098 4073 4072 4088 4047 4070 4089 4100 4150 
4099 4084 4083 4089 4052 4074 4071 4151 4082 
4148 4095 4152 4149 4097 4153 7860 7428 7356 
4154 4105 4155 4156 4103 4134 4157 4114 4107 
4158 4135 4125 4139 4120 4159 4121 4148 4160 
4161 4108 4162 4163 4111 4146 4164 4123 4049 
4165 4126 4048 4131 4045 4166 4062 4117 4167 
4049 4149 4168 4118 4130 4169 4088 4133 4170 
4155 4138 4171 4162 4050 4172 4123 4040 4049 
7862 4061 7861 4152 4095 4094 4153 4097 4096 
4145 4113 4115 4156 4134 4136 4161 4162 4172 
4128 4089 4150 4163 4146 4145 4158 4125 4127 
4165 4048 4112 4157 4107 4109 4137 4139 4159 
4119 4121 4160 4154 4155 4171 4094 4057 4104 
4129 4131 4166 4141 4143 4147 4110 4088 4170 
4132 4044 4106 4096 4062 4167 4147 4122 4124 
4164 4049 4168 4116 4118 4169 4150 4100 4099 
4126 4036 4048 4057 4041 4103 4104 4103 4156 
4109 4108 4161 4160 4148 4152 4172 4050 4128 
4106 4105 4154 4159 4120 4119 4166 4045 4110 
4112 4111 4163 4115 4114 4157 4167 4117 4116 
4169 4130 4129 4124 4123 4164 4168 4149 4153 
4170 4133 4132 4127 4126 4165 4136 4135 4158 
4171 4138 4137 7905 4087 7860 4084 4059 4085 
4120 4173 4121 4028 4063 4029 4082 4151 4081 
4037 4174 4030 7394 4142 4141 7902 4086 7905 
4091 4093 4086 4101 4029 4064 4113 4175 4114 
4082 4054 4097 4079 4042 4095 4080 4144 4176 
7435 4090 7393 4177 4140 4079 4178 4061 7862 
7860 4087 7428 4146 4179 4113 7428 4087 7435 
7866 4180 7896 7868 4181 7867 7861 4065 7901 
7891 4182 7870 7876 4183 7893 7882 4066 7880 
7885 4184 7904 7875 4185 7873 7903 4091 7902 
7894 4186 7903 7907 4071 7895 7884 4177 7906 
7899 4187 7864 7892 4188 7894 7883 4081 7908 
7881 4067 7898 7887 4189 7886 7869 4190 7897 
7878 4176 7865 7863 4058 7879 7895 4038 7892 
7874 4056 7889 7872 4191 7877 7893 4192 7885 
7888 4077 7871 7904 4055 7883 7886 4033 7882 
7896 4043 7888 7877 4193 7866 7889 4194 7876 
7898 4034 7869 7870 4195 7887 7906 4196 7875 
7873 4197 7891 7864 4198 7878 7897 4199 7872 
7879 4200 7868 7867 4201 7899 4074 4060 4100 
4122 4202 4123 4091 4086 7902 4142 4093 4143 
4102 4203 4073 4062 4053 4117 4125 4204 4126 
4111 4035 4080 4070 4032 4133 7435 4087 4090 
4037 4029 4101 4131 4046 4045 4084 4060 4059 
4162 4051 4050 4187 4198 7864 7866 4193 4180 
7869 4034 4190 4182 4195 7870 7882 4033 4066 
7883 4055 4081 7868 4200 4181 4188 4186 7894 
7876 4194 4183 7885 4192 4184 7892 4038 4188 
7903 4186 4091 4071 4038 7895 4185 4197 7873 
4184 4055 7904 4183 4192 7893 7875 4196 4185 
4189 4033 7886 7888 4043 4077 7872 4199 4191 
4056 4194 7889 4181 4201 7867 4177 4196 7906 
7887 4195 4189 4067 4034 7898 4180 4043 7896 
4191 4193 7877 7891 4197 4182 4190 4199 7897 
7878 4198 4176 4058 4200 7879 7899 4201 4187 
4149 4039 4082 4093 4092 4143 7393 4142 7394 
4205 4178 7862 4113 4179 4206 4073 4174 4037 
4207 4208 4205 4121 4209 4148 4105 4210 4155 
4211 4212 4207 4213 4030 4211 4173 4214 4121 
4215 4028 4213 4090 4142 7393 4216 4217 4218 
4117 4219 4118 4086 4093 4090 4220 4221 4222 
4222 4223 4224 4103 4225 4134 4130 4226 4131 
4113 4206 4175 4139 4227 4120 4114 4228 4107 
4056 4068 4047 4214 4209 4121 4205 4208 4178 
4058 4075 4052 4176 4179 4080 4134 4229 4135 
4108 4230 4162 4143 4092 4122 4202 4040 4123 
4079 4209 4177 4212 4208 4207 4138 4231 4139 
4059 4061 4178 4204 4036 4126 4155 4232 4138 
4211 4030 4212 4105 4031 4210 4107 4233 4108 
4028 4030 4213 4135 4234 4125 4235 4236 4216 
4178 4102 4059 4065 4076 7901 7863 4075 4058 
7874 4068 4056 4066 4069 7880 4077 4140 7871 
7884 4140 4177 4176 4144 7865 7881 4144 4067 
7907 4151 4071 4081 4151 7908 4223 4078 4063 
4103 4041 4225 4118 4237 4130 4090 4093 4142 
4227 4173 4120 4097 4054 4062 4100 4060 4084 
4095 4042 4057 4117 4053 4219 4181 4233 4201 
4222 4221 4223 4114 4175 4228 4183 4237 4192 
4197 4231 4182 4028 4238 4063 4048 4035 4111 
4133 4032 4044 7861 4061 4065 4236 4217 4216 
4191 4229 4193 4226 4046 4131 4230 4051 4162 
4063 4238 4223 4199 4234 4191 4155 4210 4232 
4208 4102 4178 4186 4092 4091 4182 4232 4195 
4194 4226 4183 4092 4202 4122 4181 4230 4233 
4183 4226 4237 4231 4232 4182 4191 4234 4229 
4215 4238 4028 4234 4204 4125 4233 4228 4201 
4200 4230 4181 4049 4039 4149 4237 4219 4192 
4192 4219 4184 4197 4227 4231 4201 4228 4187 
4059 4102 4085 4223 4238 4224 4229 4225 4193 
4185 4227 4197 4134 4225 4229 4239 4221 4220 
4193 4225 4180 4199 4204 4234 4190 4204 4199 
4231 4227 4139 4186 4202 4092 4188 4202 4186 
4195 4210 4189 4232 4210 4195 4187 4175 4198 
4194 4046 4226 4058 4051 4200 4233 4230 4108 
4200 4051 4230 4064 4078 4235 4237 4226 4130 
4056 4046 4194 4184 4053 4055 4138 4232 4231 
4118 4219 4237 4229 4234 4135 4196 4173 4185 
4107 4228 4233 4228 4175 4187 4219 4053 4184 
4180 4041 4043 7901 4076 7900 7900 4075 7863 
7890 4068 7874 7880 4069 7890 4185 4173 4227 
7871 4140 7884 7865 4144 7881 7908 4151 7907 
4189 4031 4033 4225 4041 4180 4034 4036 4190 
4038 4040 4188 4190 4036 4204 4210 4031 4189 
4188 4040 4202 4076 4075 7900 4198 4206 4176 
7890 4069 4068 4080 4179 4146 4148 4209 4079 
4177 4214 4196 4175 4206 4198 4196 4214 4173 
4236 4078 4223 4221 4217 4236 4208 4203 4102 
4030 4174 4212 4224 4238 4215 4221 4236 4223 
4212 4203 4208 4203 4174 4073 4239 4217 4221 
4240 4239 4220 4177 4209 4214 4206 4179 4176 
4212 4174 4203 4235 4078 4236 4218 4239 4240 
4218 4217 4239 4220 4241 4240 4242 4243 4244 
4245 4246 4247 4248 4249 4250 4251 4245 4252 
4253 4254 4255 4256 4257 4258 4259 4260 4261 
4262 4263 4264 4265 4266 4267 4268 4269 4270 
4271 4272 4273 4260 4248 4274 4275 4276 4277 
4278 4275 4279 4280 4281 4282 7912 7917 4283 
4284 4278 4285 4257 4286 4287 4263 4288 4289 
4290 4262 4291 7930 7941 4292 7926 7947 4293 
7910 7916 4294 7911 7914 4295 7922 7940 4296 
4297 4298 4299 4300 4301 4302 4303 4304 4305 
7935 7915 4306 4307 4300 4306 7942 7924 4308 
4304 4309 4308 7960 7961 4310 7939 7930 4311 
7941 7926 4312 7933 7922 4313 7919 7944 4314 
7915 7911 4315 7916 7909 4316 4317 4290 4313 
4318 4307 4315 7395 7932 4319 7950 7937 4320 
7913 7949 4321 4276 7387 4319 7928 7948 4322 
7952 7929 4323 7929 7918 4324 7943 7936 4325 
4266 4326 4320 4272 4265 4321 4286 4280 4322 
4327 4256 4323 4249 4327 4324 4254 4303 4325 
7946 7950 4328 7931 7942 4329 4326 4284 4328 
7923 7951 4330 4281 4271 4330 4331 4251 4310 
4332 4333 4311 4334 4335 4312 4269 4242 4314 
4246 4336 4316 4309 4259 4329 7917 7939 4337 
7954 7927 4338 4333 4339 4337 4301 4268 4338 
7927 7935 4302 4339 4253 4283 7936 7912 4255 
7944 7954 4270 7924 7943 4305 4335 4332 4292 
4288 4334 4293 4336 4297 4294 7947 7921 4289 
7945 7933 4291 7940 7919 4244 7909 7965 4247 
7925 7946 4285 7948 7920 4287 7934 7925 4279 
7951 7928 4282 7949 7923 4273 7938 7953 4274 
4298 4318 4295 7932 7934 4277 7937 7913 4267 
7921 7945 4264 7920 7952 4258 7953 7931 4261 
7965 7960 4252 7914 7910 4299 4243 4317 4296 
7918 7938 4250 7915 4307 4306 4309 7942 4308 
7932 4276 4319 7948 4286 4322 7929 4327 4323 
7918 4249 4324 7936 4254 4325 7950 4326 4328 
7937 4266 4320 7949 4272 4321 7951 4281 4330 
7942 4309 4329 7961 4331 4310 7930 4332 4311 
7926 4334 4312 7922 4317 4313 7944 4269 4314 
7911 4318 4315 7909 4246 4316 7939 4333 4337 
7927 4301 4338 7941 4335 4292 7947 4288 4293 
7945 4262 4264 4243 7940 4244 7916 4336 4294 
4246 7909 4247 7960 4251 4252 4288 7947 4289 
4262 7945 4291 7919 4242 4244 7954 4268 4270 
4301 7927 4302 4318 7911 4295 7965 4245 4247 
7917 4339 4283 4286 7948 4287 4257 7920 4258 
4249 7918 4250 4248 7938 4274 4260 7953 4261 
4304 7924 4305 7920 4257 4287 7952 4256 4258 
7938 4248 4250 7953 4260 4274 7931 4259 4261 
4254 7936 4255 7912 4253 4255 4253 7912 4283 
4275 7934 4279 4278 7925 4285 7925 4278 4279 
4276 7932 4277 4266 7937 4267 4272 7949 4273 
4281 7951 4282 7934 4275 4277 7946 4284 4285 
7913 4265 4267 7923 4271 4273 7928 4280 4282 
7943 4303 4305 4332 7930 4292 4334 7926 4293 
4263 7921 4264 4317 7922 4296 4269 7944 4270 
4298 7914 4299 4297 7910 4294 4245 7965 4252 
7921 4263 4289 7933 4290 4291 7940 4243 4296 
7935 4300 4302 7914 4298 4295 7910 4297 4299 
4339 7917 4337 4333 7939 4311 4335 7941 4312 
4290 7933 4313 4242 7919 4314 4268 7954 4338 
4300 7935 4306 4307 7915 4315 4336 7916 4316 
4251 7960 4310 7924 4304 4308 4326 7950 4320 
4265 7913 4321 4271 7923 4330 7387 7395 4319 
4284 7946 4328 4280 7928 4322 4256 7952 4323 
4327 7929 4324 4259 7931 4329 4303 7943 4325 
4340 4341 4342 4343 4344 4345 4346 4347 4348 
4341 4349 4342 4350 4351 4352 4353 4354 4355 
4356 4343 4345 4357 4358 4359 4347 4360 4348 
4351 4361 4352 4362 4363 4364 4365 4366 4367 
4358 4368 4359 4369 4353 4355 4363 4370 4364 
4371 4372 4373 4374 4365 4367 4342 7970 4375 
4372 4376 4373 4344 4377 4345 4378 4346 4348 
4379 4380 4381 4382 4350 4352 4358 4380 4379 
7997 4349 4383 4384 4385 4386 4363 4384 4386 
4376 4384 4373 4354 4387 4355 4375 7970 4388 
4387 4389 4355 4377 4380 4345 4390 4378 4348 
4391 4392 4367 8006 4393 4394 4366 4391 4367 
4395 4396 4397 4357 4398 4358 4362 4399 4363 
4392 4382 4352 4400 4395 4397 4384 4376 4385 
4401 4402 4403 7974 4369 4404 7982 4374 4405 
4393 7998 4383 8003 4394 4406 4380 4377 4381 
7997 8014 4349 4393 4383 4407 4369 8015 4408 
4409 8005 4410 4356 7972 4411 4412 7967 4413 
4414 8012 4415 7977 4398 4357 4360 7981 4416 
4417 7990 4418 7986 4419 4420 8002 4421 4422 
7991 4423 4424 8008 4356 4425 8000 4399 4362 
4426 8010 4427 7978 4428 4429 8006 7998 4393 
4389 4387 4430 7989 4431 4432 4378 4390 4433 
4399 4406 4384 7996 4409 4434 7988 4417 4431 
4435 4404 4389 4436 4405 4392 4398 4425 4380 
4416 4434 4390 4356 4411 4343 7998 7997 4383 
4398 4380 4358 4399 7999 4406 8003 8006 4394 
4399 4384 4363 4382 4392 4437 4435 7975 4404 
4436 7983 4405 7378 7377 4438 7968 4412 4410 
8011 4426 4408 8013 4414 4427 4423 7994 4357 
7971 4439 4411 4428 8004 4422 7995 4360 4415 
4421 8001 4435 4440 7984 4362 7985 4440 4413 
7993 4361 4418 4374 7987 4420 4361 8007 4436 
7980 4434 4416 4419 7992 4424 4398 7976 4425 
4439 7979 4429 4418 4361 4351 4441 4442 4372 
7975 7974 4404 7983 7982 4405 7996 8005 4409 
8011 8010 4426 7985 7984 4440 8000 7999 4399 
8013 8012 4414 7995 7981 4360 7980 7996 4434 
7968 7967 4412 7978 8004 4428 8002 8001 4421 
7974 8015 4369 7971 7979 4439 7991 7994 4423 
7977 7976 4398 8008 7972 4356 7982 7987 4374 
7988 7990 4417 7993 8007 4361 7986 7992 4419 
7989 7988 4431 7999 8003 4406 4415 4360 4347 
4369 4408 4353 8005 7968 4410 8015 8011 4408 
7967 7985 4413 7972 7971 4411 8012 7995 4415 
8001 7975 4435 7984 8000 4362 7994 7977 4357 
8004 8002 4422 7981 7980 4416 7992 7991 4424 
7987 7986 4420 7990 7993 4418 8007 7983 4436 
7976 8008 4425 8010 8013 4427 7979 7978 4429 
4396 4438 4397 4394 4393 4371 4422 4421 4443 
4340 4342 4375 4392 4391 4437 4349 4341 4444 
7388 7989 4432 4445 4396 4395 4401 4395 4402 
8014 7970 4342 4409 4410 4446 4392 4405 4367 
4389 4404 4355 4390 4447 4433 7427 7389 4400 
4448 4389 4430 4438 7377 4397 4449 4441 4372 
7377 7427 4397 4434 4409 4450 4451 4452 4344 
4453 4454 4455 4456 4457 4458 4442 4459 4376 
4460 4461 4387 4462 4463 4464 4465 4466 4467 
4468 4469 4366 4452 4470 4377 4471 4472 4473 
4474 4445 4401 4475 4476 4448 4477 4478 4382 
4479 4468 4480 4481 4482 4483 4484 4485 4486 
4469 4487 4391 4485 4474 4488 4489 4451 4490 
4491 4492 4493 4494 4495 4378 4496 4497 4447 
4478 4484 4350 4498 4499 4500 4501 4502 4368 
4503 4504 4370 4466 4479 4505 4502 4465 4506 
4463 4489 4507 4495 4491 4346 4476 4471 4508 
4482 4496 4509 4472 4462 4510 4492 4498 4511 
4499 4453 4512 4454 4460 4354 4504 4456 4513 
4457 4481 4514 4384 4406 4373 4417 4418 4515 
4401 4445 4395 4432 4431 4402 4407 4383 4516 
4374 4420 4365 4414 4415 4517 4416 4390 4348 
4380 4425 4345 7427 4400 4397 4349 8014 4342 
4423 4357 4359 4394 4371 4373 4440 4362 4364 
4483 4482 4509 4453 4455 4512 4491 4493 4346 
4464 4463 4507 4452 4377 4344 4469 4391 4366 
4456 4458 4513 4490 4451 4344 4474 4401 4488 
4484 4486 4350 4465 4467 4506 4486 4485 4488 
4479 4480 4505 4382 4478 4350 4480 4468 4366 
4471 4473 4508 4467 4466 4505 4473 4472 4510 
4498 4500 4511 4368 4502 4506 4458 4457 4514 
4489 4490 4507 4448 4476 4508 4378 4495 4346 
4460 4387 4354 4462 4464 4510 4493 4492 4511 
4455 4454 4354 4500 4499 4512 4496 4447 4509 
4370 4504 4513 4481 4483 4514 4436 4392 4352 
4402 4431 4403 7389 7388 4432 4518 4441 4449 
4409 4519 4450 4383 4349 4444 4520 4518 4521 
4421 4435 4522 4411 4439 4523 4524 4520 4525 
4526 4524 4341 4443 4421 4527 4528 4526 4340 
4400 7389 4432 7973 8009 4529 4420 4419 4530 
4395 4400 4402 4531 4532 4533 4532 4534 4535 
4408 4426 4536 4424 4423 4537 4409 4446 4519 
4428 4422 4538 4410 4412 4539 4368 4358 4379 
4527 4421 4522 4518 4449 4521 4370 4363 4386 
4447 4390 4450 4426 4427 4540 4413 4440 4541 
4431 4417 4403 4515 4418 4351 4389 4448 4522 
4525 4520 4521 4429 4428 4542 4371 4449 4372 
4517 4415 4347 4439 4429 4543 4524 4525 4341 
4411 4523 4343 4412 4413 4544 4340 4526 4341 
4427 4414 4545 7969 7973 4546 4449 4371 4407 
4376 4459 4385 4503 4370 4386 4501 4368 4379 
4377 4470 4381 4387 4461 4430 4475 4448 4430 
4447 4497 4433 4494 4378 4433 4477 4382 4437 
4391 4487 4437 4535 4375 4388 4408 4536 4353 
4419 4424 4547 4400 4432 4402 4538 4422 4443 
4405 4374 4367 4406 4394 4373 4404 4369 4355 
4420 4530 4365 4458 4514 4544 4532 4535 4533 
4410 4539 4446 4467 4505 4547 4510 4464 4542 
4340 4375 4548 4360 4416 4348 4425 4356 4345 
4442 4376 4372 4546 7973 4529 4500 4512 4540 
4537 4423 4359 4541 4440 4364 4375 4535 4548 
4511 4500 4545 4439 4543 4523 4521 4449 4407 
4488 4401 4403 4464 4507 4543 4506 4467 4537 
4403 4417 4515 4458 4544 4541 4467 4547 4537 
4542 4464 4543 4500 4540 4545 4528 4340 4548 
4545 4414 4517 4544 4514 4539 4513 4458 4541 
4361 4436 4352 4547 4505 4530 4505 4480 4530 
4510 4542 4538 4514 4483 4539 4371 4393 4407 
4535 4534 4548 4540 4512 4536 4473 4510 4538 
4426 4540 4536 4549 4531 4533 4512 4455 4536 
4511 4545 4517 4493 4511 4517 4542 4428 4538 
4488 4403 4515 4486 4488 4515 4507 4490 4523 
4543 4507 4523 4483 4509 4446 4506 4537 4359 
4370 4513 4364 4544 4413 4541 4513 4541 4364 
7970 7969 4388 4547 4424 4537 4368 4506 4359 
4480 4366 4365 4429 4542 4543 4419 4547 4530 
4540 4427 4545 4508 4473 4443 4412 4544 4539 
4539 4483 4446 4530 4480 4365 4455 4354 4353 
4459 4550 4385 4550 4503 4386 4551 4501 4379 
4470 4551 4381 4473 4538 4443 4461 4475 4430 
4497 4494 4433 4487 4477 4437 4490 4344 4343 
4536 4455 4353 4346 4493 4347 4350 4486 4351 
4493 4517 4347 4523 4490 4343 4486 4515 4351 
4385 4550 4386 4509 4447 4519 4551 4379 4381 
4390 4434 4450 4435 4389 4522 4448 4508 4527 
4446 4509 4519 4508 4443 4527 4546 4535 4388 
4533 4546 4529 4521 4407 4516 4341 4525 4444 
4534 4528 4548 4533 4535 4546 4525 4521 4516 
4516 4383 4444 4549 4533 4529 4552 4531 4549 
4448 4527 4522 4519 4447 4450 4525 4516 4444 
7969 4546 4388 8009 4552 4549 8009 4549 4529 
4531 4552 4553 7379 4554 7444 7444 4554 7374 
4555 4556 4557 4557 4556 4558 7374 4554 4559 
8017 4554 7379 8018 4556 8019 4558 4556 8018 
4555 4560 4556 4556 4560 8019 8061 4561 4562 
4562 4561 4563 8046 4564 4565 4565 4564 4566 
4567 4568 4569 8056 4570 4571 4571 4570 4572 
8023 4568 4567 4573 4574 4575 4575 4574 8026 
8025 4576 4575 4575 4576 4577 4578 4579 4580 
4580 4579 8051 4581 4582 8031 4583 4582 4581 
4584 4585 4586 4586 4585 8029 4587 4588 4589 
8057 4588 4587 4590 4591 8038 4592 4591 4590 
4593 4594 8059 4595 4594 4593 8032 4596 4597 
4597 4596 4598 8037 4599 4590 8054 4580 8051 
4600 4587 4589 4601 4562 4563 8023 4567 8024 
4602 4565 4566 8025 4575 8026 4603 4604 4605 
8056 4571 8053 4606 4571 4572 8035 4607 4608 
4608 4607 4609 4610 4611 4604 4590 4599 4612 
8019 4560 8027 4605 4604 8022 4604 4611 8036 
4613 4585 4584 4584 4586 4614 4603 4605 4615 
8031 4582 8050 4616 4617 4618 4619 4594 4595 
4618 4617 8044 8072 4593 8059 4620 4621 4622 
4623 4611 4610 4624 4591 4592 4625 4597 4598 
4583 4581 4624 8022 4604 8036 8021 4626 4605 
4610 4604 4603 4622 4621 8047 8032 4597 8033 
4598 4596 4619 8027 4627 8071 8048 4621 4628 
8033 4618 8044 8037 4590 8038 4592 4590 4612 
8043 4622 8047 4628 4621 4629 4620 4622 4630 
8029 4585 8040 4631 4632 4633 4614 4634 4635 
4569 4568 4600 4589 4588 4636 4636 4579 4578 
4637 4638 4606 4572 4570 4602 4566 4564 4639 
4639 4574 4573 4577 4576 4601 8044 4617 8034 
8050 4626 8021 8024 4634 8028 8058 4568 8023 
8052 4588 8057 8051 4579 8052 8053 4638 8054 
8055 4570 8056 8045 4564 8046 8026 4574 8045 
8062 4576 8025 8071 4561 8061 4559 4640 4641 
4631 4642 4632 4643 4617 4616 4615 4626 4644 
4573 4575 4577 4563 4561 4645 4646 4647 4613 
8039 4632 8020 8046 4565 8055 4632 4628 4633 
4635 4567 4569 8016 4640 8017 8020 4642 8016 
8016 4642 4640 4632 4642 8020 8048 4628 8039 
8047 4621 8048 8042 4648 8043 8049 4649 8042 
8042 4649 4648 8035 4608 8049 8034 4607 8035 
8041 4599 8037 4641 4642 4631 4640 4642 4641 
4633 4628 4629 4629 4621 4620 4630 4648 4650 
4650 4649 4651 4648 4649 4650 4651 4608 4609 
4609 4607 4643 4612 4599 4646 4645 4627 4652 
8039 4628 4632 4605 4626 4615 8040 4647 8041 
8057 4587 8058 8061 4562 8062 4578 4580 4637 
4644 4582 4583 8060 4596 8032 8021 4605 8022 
8028 4586 8029 4616 4618 4625 8059 4594 8060 
8043 4648 4622 8030 4581 8031 8036 4611 8072 
8038 4591 8030 4622 4648 4630 4595 4593 4623 
4652 4560 4555 4617 4607 8034 4643 4607 4617 
4649 4608 4651 8049 4608 4649 4625 4618 4597 
4597 4618 8033 4580 4638 4637 4614 4586 4634 
4634 4586 8028 4593 4611 4623 8054 4638 4580 
8060 4594 4596 8072 4611 4593 4599 4647 4646 
4596 4594 4619 4613 4647 4585 8041 4647 4599 
4585 4647 8040 4626 4582 4644 8050 4582 4626 
4588 4579 4636 8052 4579 4588 8030 4591 4581 
4581 4591 4624 4568 4587 4600 4635 4634 4567 
4567 4634 8024 4606 4638 4571 8058 4587 4568 
4571 4638 8053 4560 4627 8027 4652 4627 4560 
4602 4570 4565 4565 4570 8055 4627 4561 8071 
4645 4561 4627 4564 4574 4639 8045 4574 4564 
4576 4562 4601 8062 4562 4576 4640 4554 8017 
4559 4554 4640 4653 4654 4655 4656 4657 4658 
4659 4660 4661 4655 4654 4662 4663 4664 4665 
4666 4667 4668 4669 4670 4671 4672 4657 4656 
4673 4674 4675 4661 4660 4676 4665 4664 4677 
4678 4679 4680 4681 4682 4683 4675 4674 4684 
4685 4670 4669 4680 4679 4686 4687 4667 4666 
4688 4689 4690 4691 4682 4681 4692 4666 4693 
4654 4694 4695 4690 4689 4696 4658 4657 4697 
4698 4660 4659 4666 4668 4693 4699 4700 4701 
4702 4664 4663 4675 4699 4701 4703 4704 4662 
4705 4706 4707 4680 4706 4705 4696 4689 4705 
4671 4670 4708 4694 4709 4695 4708 4670 4710 
4697 4657 4701 4711 4660 4698 4712 4682 4713 
4714 4715 4716 4717 4718 8115 4683 4682 4712 
4673 4675 4719 4678 4680 4720 4713 4664 4702 
4721 4718 4717 4705 4707 4696 4722 4723 4724 
4725 4726 4685 4727 4728 4691 4716 4704 4729 
4730 4731 4715 4701 4700 4697 4703 4662 4732 
4716 4733 4704 4685 4734 4735 4736 4737 4738 
4672 4739 4740 4741 4742 4743 4744 4745 4746 
4747 4673 4719 4676 4748 4749 4750 4751 4752 
4753 4754 4755 4756 4757 4758 4759 4760 4761 
4762 4763 4672 4764 4678 4720 4765 4766 4767 
4768 4769 4770 4714 4716 4729 4710 4771 4708 
4772 4773 4774 4698 4775 4711 4720 4705 4731 
4776 4777 4736 4778 4774 4750 4779 4710 4726 
4780 4713 4728 4719 4701 4763 4748 4711 4777 
4672 4656 4739 4729 4704 4703 4719 4675 4701 
4720 4731 4781 4730 4715 4714 4720 4680 4705 
4702 4782 4713 4779 4726 4783 4780 4728 4784 
8076 7376 7375 4785 4737 4741 4786 4734 4765 
4787 4766 4744 4761 4673 4788 4789 4739 4790 
4770 4757 4791 4792 4745 4676 4758 4779 4793 
4794 4678 4795 4796 4742 4794 4797 4751 4677 
4691 4754 4798 4677 4780 4799 4800 4748 4777 
4755 4760 4801 4719 4763 4802 4790 4769 4803 
4751 4665 4677 8075 4690 8074 4783 4726 4725 
4784 4728 4727 4776 4736 4738 4786 4765 4767 
4796 4794 4795 4764 4720 4781 4787 4744 4746 
4792 4676 4749 4800 4777 4776 4785 4741 4743 
4768 4770 4791 4756 4758 4793 4725 4685 4735 
4789 4790 4803 4759 4761 4788 4747 4719 4802 
4762 4672 4740 4727 4691 4798 4778 4750 4752 
4797 4677 4799 4753 4755 4801 4772 4774 4778 
4781 4731 4730 4745 4661 4676 4685 4669 4734 
4738 4737 4785 4735 4734 4786 4743 4742 4796 
4740 4739 4789 4746 4745 4792 4793 4779 4783 
4795 4678 4764 4788 4673 4747 4791 4757 4756 
4749 4748 4800 4801 4760 4759 4798 4754 4753 
4752 4751 4797 4799 4780 4784 4802 4763 4762 
4767 4766 4787 4803 4769 4768 8115 4718 8076 
4715 4688 4716 4757 4804 4758 4653 4694 4654 
4687 4666 4805 4713 4782 4712 4662 4806 4655 
7385 4773 4772 8109 4717 8115 4722 4724 4717 
4732 4654 4695 4736 4807 4737 4713 4682 4728 
4710 4670 4726 4711 4775 4808 7426 4721 7384 
4809 4771 4710 4810 4690 8075 8076 4718 7376 
4777 4811 4736 7376 4718 7426 8079 4812 8111 
8082 4813 8081 8074 4696 8122 8099 4708 8085 
8105 4814 8084 8089 4815 8106 8116 4683 8095 
8093 4697 8096 8097 4816 8087 8110 4722 8109 
8098 4809 8119 8120 4702 8108 8101 4817 8116 
8114 4818 8078 8103 4819 8107 8095 4712 8121 
8107 4820 8110 8117 4821 8100 8083 4822 8112 
8094 4698 8113 8092 4808 8080 8108 4663 8103 
8086 4823 8090 8088 4684 8102 8077 4686 8091 
8100 4658 8093 8106 4824 8101 8102 4825 8089 
8113 4659 8083 8084 4826 8117 8119 4827 8097 
8078 4828 8092 8087 4829 8105 8112 4830 8086 
8090 4831 8079 8111 4671 8099 8091 4832 8082 
8081 4833 8114 4705 4689 4731 4750 4834 4751 
4722 4717 8109 4773 4724 4774 4733 4835 4704 
4691 4681 4754 4744 4836 4745 4748 4660 4711 
4701 4657 4763 7426 4718 4721 4662 4654 4732 
4761 4674 4673 4715 4689 4688 4794 4679 4678 
4818 4828 8078 8079 4831 4812 8083 4659 4822 
4814 4826 8084 8095 4683 4712 8093 4658 4697 
8082 4832 4813 8110 4820 4722 8103 4663 4819 
8089 4825 4815 4819 4820 8107 8101 4824 4817 
4702 4663 8108 4817 4683 8116 8097 4827 4816 
4815 4824 8106 4816 4829 8087 4821 4658 8100 
8086 4830 4823 4684 4825 8102 4813 4833 8081 
4809 4827 8119 8117 4826 4821 4698 4659 8113 
8099 4671 4708 8105 4829 4814 4822 4830 8112 
4812 4671 8111 4823 4831 8090 8092 4828 4808 
4686 4832 8091 8114 4833 4818 4780 4664 4713 
4724 4723 4774 7384 4773 7385 4837 4810 8075 
4736 4811 4838 4704 4806 4662 4839 4840 4837 
4758 4841 4779 4739 4842 4790 4843 4844 4839 
4845 4655 4843 4804 4846 4758 4847 4653 4845 
4721 4773 7384 4693 4668 4848 4754 4849 4755 
4717 4724 4721 4848 4850 4851 4734 4852 4765 
4760 4853 4761 4736 4838 4807 4770 4854 4757 
4737 4855 4741 4684 4699 4675 4846 4841 4758 
4837 4840 4810 4686 4706 4680 4808 4811 4711 
4765 4856 4766 4742 4857 4794 4774 4723 4750 
4834 4665 4751 4710 4841 4809 4844 4840 4839 
4769 4858 4770 4688 4690 4810 4836 4661 4745 
4790 4859 4769 4843 4655 4844 4739 4656 4842 
4741 4860 4742 4653 4655 4845 4861 4667 4687 
4766 4862 4744 4810 4733 4688 4696 4707 8122 
8077 4706 4686 8088 4699 4684 4697 4700 8096 
4708 4771 8085 8098 4771 4809 4808 4775 8080 
8094 4775 4698 8120 4782 4702 4712 4782 8121 
4850 4709 4694 4734 4669 4852 4755 4863 4760 
4721 4724 4773 4854 4804 4757 4728 4682 4691 
4731 4689 4715 4726 4670 4685 4754 4681 4849 
4848 4668 4850 4813 4860 4833 4737 4807 4855 
4815 4863 4824 4829 4858 4814 4653 4864 4694 
4676 4660 4748 4763 4657 4672 8074 4690 4696 
4823 4856 4831 4853 4674 4761 4857 4679 4794 
4694 4864 4850 4830 4862 4823 4790 4842 4859 
4840 4733 4810 4820 4723 4722 4814 4859 4826 
4825 4853 4815 4723 4834 4750 4813 4857 4860 
4815 4853 4863 4858 4859 4814 4823 4862 4856 
4847 4864 4653 4862 4836 4744 4860 4855 4833 
4832 4857 4813 4677 4664 4780 4863 4849 4824 
4824 4849 4817 4829 4854 4858 4833 4855 4818 
4688 4733 4716 4850 4864 4851 4856 4852 4831 
4816 4854 4829 4765 4852 4856 4831 4852 4812 
4830 4836 4862 4822 4836 4830 4858 4854 4770 
4820 4834 4723 4819 4834 4820 4826 4842 4821 
4859 4842 4826 4818 4807 4828 4825 4674 4853 
4686 4679 4832 4860 4857 4742 4832 4679 4857 
4695 4709 4861 4863 4853 4760 4684 4674 4825 
4817 4681 4683 4769 4859 4858 4755 4849 4863 
4856 4862 4766 4827 4804 4816 4741 4855 4860 
4855 4807 4818 4849 4681 4817 4812 4669 4671 
8122 4707 8118 8118 4706 8077 8104 4699 8088 
8096 4700 8104 4816 4804 4854 8085 4771 8098 
8080 4775 8094 8121 4782 8120 4821 4656 4658 
4852 4669 4812 4659 4661 4822 4663 4665 4819 
4822 4661 4836 4842 4656 4821 4819 4665 4834 
4707 4706 8118 4828 4838 4808 8104 4700 4699 
4711 4811 4777 4779 4841 4710 4809 4846 4827 
4807 4838 4828 4827 4846 4804 4667 4709 4850 
4840 4835 4733 4655 4806 4844 4851 4864 4847 
4668 4667 4850 4844 4835 4840 4835 4806 4704 
4809 4841 4846 4838 4811 4808 4844 4806 4835 
4861 4709 4667 4805 4666 4692 4865 4692 4693 
4866 4867 4868 4869 4870 4871 4872 4873 4874 
4875 4876 4877 4878 4879 4880 4881 4882 4883 
4884 4885 4886 4887 4888 4889 4890 4869 4891 
4892 4893 4894 4895 4896 4897 4898 4899 4900 
4901 4902 4903 4879 4898 4904 4905 4906 4907 
4908 4895 4909 4899 4908 4910 4911 4881 4912 
4913 4914 4915 4896 4905 4916 4917 4918 4919 
4918 4878 4920 4882 4921 4922 4923 4924 4925 
4926 4884 4927 4928 4929 4930 4931 4932 4933 
4934 4935 4936 4932 4928 4937 4902 4934 4938 
4873 4939 4940 4888 4941 4942 4876 4943 4944 
4870 4926 4945 8179 8123 4946 8151 8131 4947 
8138 8169 4948 8154 8136 4949 8152 8128 4950 
8150 8140 4951 8158 8170 4952 8146 8156 4953 
8149 8134 4954 8126 8132 4955 7386 8148 4956 
8170 8147 4957 4914 7390 4956 8161 8152 4958 
4935 4959 4957 4960 4901 4958 8162 8145 4961 
8130 8126 4962 4893 4887 4961 4963 4872 4962 
4941 4923 4949 4929 4960 4950 4939 4892 4947 
4885 4931 4953 4924 4890 4954 4943 4963 4955 
4959 4911 4952 4906 4913 4951 4921 4917 4948 
4867 4875 4946 8160 8139 4945 8131 8127 4940 
8159 8142 4938 8128 8133 4930 8125 8179 4877 
8167 8149 4891 8145 8151 4894 8155 8146 4933 
8136 8163 4942 8132 8125 4944 8137 8160 4927 
8143 8157 4920 8169 8144 4922 8157 8138 4919 
8140 8164 4907 8153 8129 4909 8129 8165 4910 
8135 8158 4912 8166 8153 4897 8165 8141 4900 
8148 8150 4915 8164 8166 4916 8147 8159 4936 
8163 8162 4889 8168 8143 4880 8144 8135 4883 
8141 8168 4904 8127 8130 4874 8133 8155 4937 
8156 8137 4886 8142 8161 4903 8139 8167 4871 
8134 8154 4925 8123 8171 4868 8148 4914 4956 
8147 4935 4957 8152 4960 4958 8145 4893 4961 
8126 4963 4962 8162 4887 4889 8179 4875 4877 
4934 8159 4938 8133 4928 4930 4932 8155 4933 
8156 4885 4953 4885 8156 4886 8160 4926 4927 
4926 8160 4945 8167 4869 4871 4869 8167 4891 
8134 4924 4954 4923 8154 4949 8136 4941 4949 
4941 8136 4942 4893 8145 4894 4892 8151 4947 
8131 4939 4947 8127 4873 4940 4873 8127 4874 
8132 4943 4955 4943 8132 4944 4876 8125 4877 
4867 8123 4868 8123 4867 4946 4906 8140 4907 
4914 8148 4915 8143 4878 4880 8135 4881 4883 
8142 4902 4938 8150 4913 4915 8164 4905 4907 
4905 8164 4916 4896 8166 4897 8166 4896 4916 
4895 8153 4909 8153 4895 4897 8129 4908 4909 
4908 8129 4910 4899 8165 4900 8165 4899 4910 
8141 4898 4900 4898 8141 4904 8168 4879 4904 
4878 8143 4920 8157 4918 4920 4918 8157 4919 
4917 8138 4948 8138 4917 4919 8169 4921 4948 
4921 8169 4922 8144 4882 4922 4881 8135 4912 
8158 4911 4912 4911 8158 4952 8170 4959 4952 
4935 8147 4936 4902 8142 4903 4960 8152 4950 
8128 4929 4950 4929 8128 4930 4879 8168 4880 
4882 8144 4883 4913 8150 4951 8140 4906 4951 
8171 4866 4868 8159 4934 4936 8161 4901 4903 
4928 8133 4937 8155 4932 4937 4931 8146 4953 
8146 4931 4933 4884 8137 4927 8137 4884 4886 
4870 8139 4871 8139 4870 4945 4890 8149 4954 
8149 4890 4891 4924 8134 4925 8154 4923 4925 
4888 8163 4889 8163 4888 4942 8151 4892 4894 
4939 8131 4940 8130 4872 4874 4963 8126 4955 
8125 4876 4944 4875 8179 4946 4887 8162 4961 
4872 8130 4962 7390 7386 4956 4959 8170 4957 
4901 8161 4958 4964 4965 4966 4967 4968 4969 
4970 4971 4972 4965 4973 4966 4974 4975 4976 
4977 4978 4979 4980 4967 4969 4981 4982 4983 
4971 4984 4972 4975 4985 4976 4986 4987 4988 
4989 4990 4991 4982 4992 4983 4993 4977 4979 
4987 4994 4988 4995 4996 4997 4998 4989 4991 
4966 8188 4999 4996 5000 4997 4968 5001 4969 
5002 4970 4972 5003 5004 5005 5006 4974 4976 
4982 5004 5003 8229 4973 5007 5008 5009 5010 
4987 5008 5010 5000 5008 4997 4978 5011 4979 
4999 8188 5012 5011 5013 4979 5001 5004 4969 
5014 5002 4972 5015 5016 4991 8186 5017 5018 
5019 5020 5021 4990 5015 4991 4981 5022 4982 
4986 5023 4987 5016 5006 4976 5024 5019 5021 
5008 5000 5009 5025 5026 5027 8219 4993 5028 
8208 4998 5029 5017 8185 5007 8224 5018 5030 
5004 5001 5005 8229 8226 4973 5017 5007 5031 
4993 8218 5032 5033 8216 5034 4980 8191 5035 
5036 8225 5037 8212 5022 4981 8202 5038 5039 
5040 8207 5041 8205 5042 5043 8189 5044 5045 
5046 8220 5047 5048 8193 5049 8199 5023 4986 
8192 4980 5050 4984 8184 5051 8223 5052 5053 
8186 8185 5017 5013 5011 5054 8211 5055 5056 
5002 5014 5057 5023 5030 5008 8197 5033 5058 
8210 5040 5055 5059 5028 5013 5060 5029 5016 
5022 5050 5004 5051 5058 5014 4980 5035 4967 
8185 8229 5007 5022 5004 4982 5023 8198 5030 
8224 8186 5018 5023 5008 4987 5006 5016 5061 
5059 8228 5028 5060 8200 5029 5062 7357 7429 
8215 5036 5034 8209 5063 5035 8194 5048 5047 
8221 5046 5032 8217 4984 5049 5052 8222 5043 
5044 8213 4981 8196 5064 5037 5042 8204 5059 
8206 4985 5041 4985 8201 5060 8183 5058 5051 
4998 8203 5039 5038 8190 5045 5022 8214 5050 
5064 8195 4986 5063 8227 5053 5041 4985 4975 
5065 5066 4996 8228 8219 5028 8200 8208 5029 
8221 8220 5046 8199 8198 5023 8183 8197 5058 
8194 8193 5048 8217 8184 4984 8215 8225 5036 
8223 8222 5052 8205 8204 5042 8219 8218 4993 
8211 8210 5055 8210 8207 5040 8209 8227 5063 
8189 8213 5044 8212 8214 5022 8192 8191 4980 
8208 8203 4998 8206 8201 4985 8202 8190 5038 
8197 8216 5033 8196 8195 5064 8198 8224 5030 
5049 4984 4971 4993 5032 4977 8216 8215 5034 
8218 8221 5032 8225 8196 5037 8204 8228 5059 
8195 8199 4986 8191 8209 5035 8222 8205 5043 
8213 8212 4981 8203 8202 5039 8190 8189 5045 
8220 8194 5047 8207 8206 5041 8193 8217 5049 
8201 8200 5060 8214 8192 5050 8184 8183 5051 
8227 8223 5053 5020 5062 5021 5018 5017 4995 
5043 5042 5067 4964 4966 4999 5016 5015 5061 
4973 4965 5068 7391 8211 5056 5069 5020 5019 
5025 5019 5026 8226 8188 4966 5033 5034 5070 
5016 5029 4991 5013 5028 4979 5014 5071 5057 
7434 7392 5024 5072 5013 5054 5073 5065 4996 
5062 7429 5021 5058 5033 5074 7429 7434 5021 
5075 5076 5077 5078 5079 5080 5066 5081 5000 
5082 5083 5084 5085 5086 5087 5088 5089 5001 
5090 5091 5092 5093 5094 5095 5096 5069 5025 
5097 5098 5072 5099 5100 5101 5102 5103 5104 
5105 5106 5006 5107 5108 5015 5103 5096 5109 
5110 5111 5112 5113 5114 5115 5116 5117 5002 
5118 5119 5071 5120 5121 4994 5106 5102 4974 
5086 5090 5122 5123 5124 4992 5125 5126 5011 
5127 5128 5129 5091 5107 4990 5111 5088 4968 
5128 5075 5130 5124 5085 5131 5117 5113 4970 
5083 5110 5132 5098 5093 5133 5094 5082 5134 
5100 5118 5135 5114 5127 5136 5076 5125 4978 
5121 5078 5137 5079 5099 5138 5008 5030 4997 
5040 5041 5139 5025 5069 5019 5056 5055 5026 
5031 5007 5140 4998 5039 4989 5048 5049 5141 
5051 5014 4972 5004 5050 4969 7434 5024 5021 
4973 8226 4966 5044 4981 4983 5018 4995 4997 
5064 4986 4988 5075 5077 5130 5101 5100 5135 
5084 5083 5132 5113 5115 4970 5088 5001 4968 
5107 5015 4990 5078 5080 5137 5085 5087 5131 
5090 5092 5122 5104 5103 5109 5102 5104 4974 
5096 5025 5109 5006 5106 4974 5092 5091 4990 
5093 5095 5133 5087 5086 5122 5112 5111 4968 
5095 5094 5134 5127 5129 5136 4992 5124 5131 
5080 5079 5138 5072 5098 5133 5110 5112 5132 
5002 5117 4970 5125 5011 4978 5129 5128 5130 
5082 5084 5134 5115 5114 5136 5077 5076 4978 
5118 5071 5135 4994 5121 5137 5099 5101 5138 
5060 5016 4976 5026 5055 5027 7392 7391 5056 
5142 5065 5073 5033 5143 5074 5007 4973 5068 
5144 5142 5145 5042 5059 5146 5035 5063 5147 
5148 5144 5149 5150 5148 4965 5067 5042 5151 
5152 5150 4964 5024 7392 5056 8182 8181 5153 
5039 5038 5154 5019 5024 5026 5155 5156 5157 
5156 5158 5159 5032 5046 5160 5045 5044 5161 
5033 5070 5143 5052 5043 5162 5034 5036 5163 
4992 4982 5003 5151 5042 5146 5142 5073 5145 
4994 4987 5010 5071 5014 5074 5046 5047 5164 
5037 5064 5165 5055 5040 5027 5139 5041 4975 
5013 5072 5146 5149 5144 5145 5053 5052 5166 
4995 5073 4996 5141 5049 4971 5063 5053 5167 
5148 5149 4965 5035 5147 4967 5036 5037 5168 
4964 5150 4965 5047 5048 5169 8187 8182 5170 
5073 4995 5031 5000 5081 5009 5120 4994 5010 
5123 4992 5003 5001 5089 5005 5011 5126 5054 
5097 5072 5054 5071 5119 5057 5116 5002 5057 
5015 5108 5061 5105 5006 5061 5159 4999 5012 
5032 5160 4977 5038 5045 5171 5024 5056 5026 
5162 5043 5067 5029 4998 4991 5030 5018 4997 
5028 4993 4979 5039 5154 4989 5080 5138 5168 
5156 5159 5157 5034 5163 5070 5087 5122 5171 
5134 5084 5166 4964 4999 5172 4984 5051 4972 
5050 4980 4969 5066 5000 4996 5170 8182 5153 
5129 5130 5164 5161 5044 4983 5165 5064 4988 
4999 5159 5172 5136 5129 5169 5063 5167 5147 
5145 5073 5031 5109 5025 5027 5084 5132 5167 
5131 5087 5161 5027 5040 5139 5080 5168 5165 
5087 5171 5161 5166 5084 5167 5129 5164 5169 
5152 4964 5172 5169 5048 5141 5168 5138 5163 
5137 5080 5165 4985 5060 4976 5171 5122 5154 
5122 5092 5154 5134 5166 5162 5138 5101 5163 
4995 5017 5031 5159 5158 5172 5164 5130 5160 
5095 5134 5162 5046 5164 5160 5173 5155 5157 
5130 5077 5160 5136 5169 5141 5115 5136 5141 
5166 5052 5162 5109 5027 5139 5104 5109 5139 
5132 5112 5147 5167 5132 5147 5101 5135 5070 
5131 5161 4983 4994 5137 4988 5168 5037 5165 
5137 5165 4988 8188 8187 5012 5171 5045 5161 
4992 5131 4983 5092 4990 4989 5053 5166 5167 
5038 5171 5154 5164 5047 5169 5133 5095 5067 
5036 5168 5163 5163 5101 5070 5154 5092 4989 
5077 4978 4977 5081 5174 5009 5174 5120 5010 
5175 5123 5003 5089 5175 5005 5095 5162 5067 
5126 5097 5054 5119 5116 5057 5108 5105 5061 
5112 4968 4967 5160 5077 4977 4970 5115 4971 
4974 5104 4975 5115 5141 4971 5147 5112 4967 
5104 5139 4975 5009 5174 5010 5135 5071 5143 
5175 5003 5005 5014 5058 5074 5059 5013 5146 
5072 5133 5151 5070 5135 5143 5133 5067 5151 
5170 5159 5012 5157 5170 5153 5145 5031 5140 
4965 5149 5068 5158 5152 5172 5157 5159 5170 
5149 5145 5140 5140 5007 5068 5173 5157 5153 
5176 5155 5173 5072 5151 5146 5143 5071 5074 
5149 5140 5068 8187 5170 5012 8181 5176 5173 
8181 5173 5153 5155 5176 5177 7358 5178 7442 
7442 5178 7361 5179 5180 5181 5181 5180 5182 
8231 5178 7358 7361 5178 5183 8232 5180 8233 
5182 5180 8232 5179 5184 5180 5180 5184 8233 
5185 5186 5187 5187 5186 8269 5188 5189 5190 
5190 5189 8254 8268 5191 5192 5193 5194 8238 
5195 5196 5197 5192 5191 5198 8235 5196 5195 
5193 5199 5200 5201 5194 5193 8237 5199 5193 
5202 5203 8263 5204 5203 5202 5205 5206 8241 
5207 5206 5205 5208 5209 8275 8274 5210 5211 
5211 5210 5212 5213 5209 5208 5214 5215 5216 
5216 5215 8249 5217 5218 5219 8271 5218 5217 
5220 5221 5222 8242 5221 5220 5223 5224 5225 
5225 5224 8244 8248 5226 5216 5201 5193 5200 
5227 5186 5185 8235 5195 8236 8266 5202 8263 
8259 5228 5229 8268 5192 8265 8237 5193 8238 
5230 5231 5224 5216 5226 5232 5233 5192 5198 
5229 5228 5234 8233 5184 8239 5224 5231 8245 
5235 5211 5212 5236 5237 8246 5238 5237 5236 
8262 5225 8244 5239 5206 5207 5212 5210 5240 
5241 5217 5219 8286 5218 8271 8240 5205 8241 
5242 5231 5230 5230 5224 5223 5243 5215 5214 
5244 5245 5246 8242 5220 8243 5246 5245 8255 
8244 5224 8245 5247 5220 5222 5222 5221 5241 
8243 5236 8246 5214 5216 5232 8256 5245 5248 
8248 5216 8249 8258 5246 8255 5248 5245 5249 
5244 5246 5250 5240 5251 5252 5197 5196 5253 
5213 5208 5254 5254 5203 5204 5255 5256 5233 
5198 5191 5257 5188 5190 5258 5258 5194 5201 
5200 5199 5227 5185 5187 5259 5259 5260 5261 
8274 5211 8251 5262 5263 5264 8246 5237 8247 
8261 5265 8262 5266 5237 5238 8230 5267 8231 
5263 5268 8234 5183 5267 5269 5267 5268 5269 
5262 5268 5263 5270 5265 5239 5271 5272 5235 
8250 5263 8234 8236 5251 8273 8276 5196 8235 
8264 5208 8275 8263 5203 8264 8265 5256 8266 
8267 5191 8268 8253 5190 8254 8238 5194 8253 
8270 5199 8237 8285 5187 8269 8239 5260 8285 
5225 5265 5270 8234 5268 8230 8230 5268 5267 
8252 5226 8248 8275 5209 8276 8254 5189 8267 
5269 5268 5262 5252 5195 5197 5253 5209 5213 
5204 5202 5255 5257 5189 5188 8256 5248 8250 
8255 5245 8256 8257 5273 8258 8260 5274 8257 
8257 5274 5273 8259 5229 8260 8247 5228 8259 
5264 5248 5249 5249 5245 5244 5250 5273 5275 
5275 5274 5276 5273 5274 5275 5276 5229 5234 
5234 5228 5266 8262 5265 5225 5232 5226 5271 
8272 5221 8242 8251 5272 8252 8269 5186 8270 
8250 5248 5263 8273 5210 8274 8241 5206 8261 
5263 5248 5264 5223 5225 5270 5238 5236 5247 
8271 5217 8272 8258 5273 5246 8245 5231 8286 
8249 5215 8240 5246 5273 5250 5219 5218 5242 
5207 5205 5243 5261 5184 5179 8260 5229 5274 
5274 5229 5276 5266 5228 5237 5237 5228 8247 
5220 5236 8243 5247 5236 5220 5240 5210 5251 
5241 5221 5217 5217 5221 8272 5235 5272 5211 
8266 5256 5202 5202 5256 5255 5211 5272 8251 
8286 5231 5218 5226 5272 5271 5251 5210 8273 
8252 5272 5226 5218 5231 5242 5265 5206 5239 
8261 5206 5265 5205 5215 5243 5208 5203 5254 
8240 5215 5205 8264 5203 5208 5252 5251 5195 
5192 5256 8265 5195 5251 8236 5233 5256 5192 
5196 5209 5253 8276 5209 5196 5261 5260 5184 
5184 5260 8239 5191 5189 5257 8267 5189 5191 
5187 5260 5259 8285 5260 5187 5190 5194 5258 
8253 5194 5190 5199 5186 5227 8270 5186 5199 
5267 5178 8231 5183 5178 5267 5277 5278 5279 
5280 5281 5282 5283 5284 5285 5279 5278 5286 
5287 5288 5289 5290 5291 5292 5293 5281 5280 
5294 5295 5296 5285 5284 5297 5289 5288 5298 
5299 5300 5301 5302 5303 5304 5296 5295 5305 
5306 5291 5290 5301 5300 5307 5308 5309 5310 
5311 5303 5302 5278 5312 5313 5310 5309 5314 
5282 5281 5315 5316 5284 5283 5317 5318 5319 
5320 5288 5287 5296 5317 5319 5321 5322 5286 
5323 5324 5325 5301 5324 5323 5314 5309 5323 
5292 5291 5326 5312 5327 5313 5326 5291 5328 
5315 5281 5319 5329 5284 5316 5330 5303 5331 
5332 5333 5334 5304 5303 5330 5335 5336 8332 
5294 5296 5337 5299 5301 5338 5331 5288 5320 
5339 5336 5335 5323 5325 5314 5340 5341 5342 
5343 5344 5306 5345 5346 5311 5334 5322 5347 
5348 5349 5333 5319 5318 5315 5321 5286 5350 
5334 5351 5322 5352 5353 5354 5306 5355 5356 
5357 5299 5338 5293 5358 5359 5360 5294 5337 
5361 5362 5363 5364 5365 5366 5297 5367 5368 
5369 5370 5371 5372 5373 5293 5374 5375 5376 
5377 5378 5379 5380 5381 5382 5383 5384 5385 
5386 5387 5388 5332 5334 5347 5328 5389 5326 
5390 5391 5392 5316 5393 5329 5338 5323 5349 
5394 5395 5361 5396 5392 5374 5397 5328 5344 
5398 5331 5346 5337 5319 5373 5367 5329 5395 
5293 5280 5358 5347 5322 5321 5337 5296 5319 
5338 5349 5399 5348 5333 5332 5338 5301 5323 
5320 5400 5331 5397 5344 5401 5398 5346 5402 
7363 7362 8290 5403 5358 5404 5379 5294 5405 
5406 5362 5352 5407 5381 5297 5408 5355 5383 
5371 5397 5409 5410 5384 5380 5411 5353 5412 
5337 5373 5413 5388 5370 5414 5415 5367 5395 
5366 5378 5416 5417 5375 5298 5311 5365 5418 
5298 5398 5419 5412 5299 5420 5404 5387 5421 
5375 5289 5298 8289 5310 8288 5401 5344 5343 
5402 5346 5345 5408 5383 5385 5357 5338 5399 
5410 5380 5382 5407 5297 5368 5415 5395 5394 
5406 5352 5354 5386 5388 5414 5369 5371 5409 
5343 5306 5356 5403 5404 5421 5390 5392 5396 
5377 5379 5405 5360 5337 5413 5372 5293 5359 
5396 5374 5376 5345 5311 5418 5417 5298 5419 
5364 5366 5416 5394 5361 5363 5411 5412 5420 
5399 5349 5348 5381 5285 5297 5306 5290 5355 
5354 5353 5411 5420 5299 5357 5356 5355 5408 
5409 5397 5401 5359 5358 5403 5414 5370 5369 
5405 5294 5360 5368 5367 5415 5363 5362 5406 
5418 5365 5364 5413 5373 5372 5416 5378 5377 
5376 5375 5417 5382 5381 5407 5419 5398 5402 
5385 5384 5410 5421 5387 5386 8332 5336 8290 
5333 5308 5334 5370 5422 5371 5277 5312 5278 
5331 5400 5330 5286 5423 5279 7406 5391 5390 
8329 5335 8332 5340 5342 5335 5350 5278 5313 
5361 5424 5362 5331 5303 5346 5328 5291 5344 
5329 5393 5425 7437 5339 7405 5426 5389 5328 
8290 5336 7363 5427 5310 8289 7363 5336 7437 
5395 5428 5361 8293 5429 8321 8295 5430 8296 
8288 5314 8328 8316 5431 8298 8304 5315 8306 
8303 5432 8318 8307 5433 8301 8330 5340 8329 
8311 5434 8331 8310 5426 8334 8326 5435 8292 
8317 5436 8319 8335 5320 8320 8309 5330 8336 
8312 5437 8333 8297 5438 8323 8308 5316 8324 
8325 5425 8294 8319 5439 8330 8291 5307 8305 
8318 5440 8311 8300 5441 8322 8320 5287 8317 
8313 5326 8299 8302 5305 8314 8331 5304 8309 
8321 5292 8313 8333 5282 8304 8314 5442 8303 
8324 5283 8297 8301 5443 8316 8298 5444 8312 
8334 5445 8307 8292 5446 8325 8323 5447 8300 
8322 5448 8293 8296 5449 8326 8305 5450 8295 
5323 5309 5349 5374 5451 5375 5340 5335 8329 
5391 5342 5392 5351 5452 5322 5311 5302 5365 
5380 5453 5381 5367 5284 5329 5319 5281 5373 
7437 5336 5339 5286 5278 5350 5379 5295 5294 
5333 5309 5308 5412 5300 5299 5435 5446 8292 
8293 5448 5429 8297 5283 5438 5431 5444 8298 
8304 5282 5315 8309 5304 5330 5433 5443 8301 
8311 5440 5434 8303 5442 5432 8330 5439 5340 
8317 5287 5436 5436 5439 8319 5320 5287 8320 
5432 5440 8318 5434 5304 8331 8313 5292 5326 
8307 5445 5433 8300 5447 5441 5437 5282 8333 
5305 5442 8314 5430 5449 8296 8295 5450 5430 
5426 5445 8334 8312 5444 5437 5316 5283 8324 
5429 5292 8321 8316 5443 5431 5438 5447 8323 
5441 5448 8322 8325 5446 5425 8326 5449 5435 
5307 5450 8305 5398 5288 5331 5342 5341 5392 
7405 5391 7406 5454 5427 8289 5361 5428 5455 
5322 5423 5286 5456 5457 5454 5371 5458 5397 
5358 5459 5404 5460 5461 5456 5462 5279 5460 
5422 5463 5371 5464 5277 5462 5339 5391 7405 
5465 5466 5467 5365 5468 5366 5335 5342 5339 
5469 5470 5471 5471 5472 5473 5355 5474 5383 
5378 5475 5379 5361 5455 5424 5388 5476 5370 
5362 5477 5352 5305 5317 5296 5463 5458 5371 
5454 5457 5427 5307 5324 5301 5425 5428 5329 
5383 5478 5384 5353 5479 5412 5392 5341 5374 
5451 5289 5375 5328 5458 5426 5461 5457 5456 
5387 5480 5388 5308 5310 5427 5453 5285 5381 
5404 5481 5387 5460 5279 5461 5358 5280 5459 
5352 5482 5353 5277 5279 5462 5384 5483 5380 
5484 5485 5465 5427 5351 5308 5314 5325 8328 
8291 5324 5307 8302 5317 5305 5315 5318 8306 
5326 5389 8299 8310 5389 5426 5425 5393 8294 
8308 5393 5316 8335 5400 5320 5330 5400 8336 
5472 5327 5312 5355 5290 5474 5366 5486 5378 
5339 5342 5391 5476 5422 5370 5346 5303 5311 
5349 5309 5333 5344 5291 5306 5365 5302 5468 
5430 5482 5449 5471 5470 5472 5362 5424 5477 
5432 5486 5440 5443 5480 5431 5277 5487 5312 
5297 5284 5367 5373 5281 5293 8288 5310 5314 
5485 5466 5465 5441 5478 5448 5475 5295 5379 
5479 5300 5412 5312 5487 5472 5447 5483 5441 
5404 5459 5481 5457 5351 5427 5439 5341 5340 
5431 5481 5444 5442 5475 5432 5341 5451 5374 
5430 5479 5482 5432 5475 5486 5480 5481 5431 
5441 5483 5478 5464 5487 5277 5483 5453 5380 
5482 5477 5449 5450 5479 5430 5298 5288 5398 
5486 5468 5440 5440 5468 5434 5443 5476 5480 
5449 5477 5435 5308 5351 5334 5472 5487 5473 
5478 5474 5448 5433 5476 5443 5383 5474 5478 
5488 5470 5469 5448 5474 5429 5447 5453 5483 
5438 5453 5447 5480 5476 5388 5439 5451 5341 
5436 5451 5439 5444 5459 5437 5481 5459 5444 
5435 5424 5446 5442 5295 5475 5307 5300 5450 
5482 5479 5353 5450 5300 5479 5313 5327 5484 
5486 5475 5378 5305 5295 5442 5434 5302 5304 
5387 5481 5480 5366 5468 5486 5478 5483 5384 
5445 5422 5433 5352 5477 5482 5477 5424 5435 
5468 5302 5434 5429 5290 5292 8328 5325 8327 
8327 5324 8291 8315 5317 8302 8306 5318 8315 
5433 5422 5476 8299 5389 8310 8294 5393 8308 
8336 5400 8335 5437 5280 5282 5474 5290 5429 
5283 5285 5438 5287 5289 5436 5438 5285 5453 
5459 5280 5437 5436 5289 5451 5325 5324 8327 
5446 5455 5425 8315 5318 5317 5329 5428 5395 
5397 5458 5328 5426 5463 5445 5424 5455 5446 
5445 5463 5422 5485 5327 5472 5470 5466 5485 
5457 5452 5351 5279 5423 5461 5473 5487 5464 
5470 5485 5472 5461 5452 5457 5452 5423 5322 
5488 5466 5470 5489 5488 5469 5426 5458 5463 
5455 5428 5425 5461 5423 5452 5484 5327 5485 
5467 5488 5489 5467 5466 5488 5469 5490 5489 
5491 5492 5493 5494 5495 5496 5497 5498 5499 
5500 5501 5502 5503 5504 5505 5506 5507 5508 
5509 5510 5511 5512 5513 5514 5515 5516 5517 
5518 5519 5520 5504 5521 5522 5523 5524 5525 
5495 5526 5527 5528 5529 5530 5529 5531 5532 
5533 5534 5535 5536 5537 5538 5539 5512 5540 
5541 5542 5543 5531 5544 5545 5546 5503 5547 
5548 5546 5549 5550 5523 5551 8375 8353 5552 
8361 8350 5553 8369 8352 5554 8354 8348 5555 
8351 8377 5556 8365 8341 5557 8356 8367 5558 
8371 8364 5559 8370 8358 5560 8388 8389 5561 
8364 8340 5562 8339 8342 5563 8372 8357 5564 
8345 8373 5565 8347 8363 5566 8344 8337 5567 
5542 5568 5569 5534 5570 5562 7407 8360 5571 
8362 8355 5572 8341 8379 5573 8367 8349 5574 
8374 8354 5575 8360 8362 5576 5577 7402 5571 
5544 5578 5572 5519 5579 5573 5498 5580 5574 
5581 5497 5575 5578 5577 5576 8352 8376 5569 
5537 5506 5564 5492 5494 5565 5513 5582 5566 
5583 5539 5563 5524 5509 5567 8346 8370 5584 
8381 8347 5585 8342 8338 5586 5587 5533 5584 
5582 5491 5585 5510 5583 5586 5588 5550 5561 
5516 5548 5552 5570 5515 5559 5579 5528 5557 
5580 5500 5558 5507 5587 5560 5521 5581 5555 
5568 5536 5554 5526 5541 5553 5501 5518 5556 
8337 8393 5525 8363 8343 5514 8393 8388 5551 
8340 8346 5535 8368 8345 5496 8359 8375 5549 
8355 8378 5545 8382 8359 5547 8376 8361 5543 
8357 8369 5538 8343 8339 5540 8380 8365 5530 
8378 8380 5532 8379 8351 5520 8348 8366 5522 
8358 8372 5508 8338 8344 5511 8377 8356 5502 
8366 8382 5505 8349 8374 5499 8353 8371 5517 
8350 8368 5527 8373 8381 5493 5570 8364 5562 
5506 8372 5564 8376 5542 5569 5494 8345 5565 
5582 8347 5566 8342 5583 5563 5509 8344 5567 
8360 5577 5571 8362 5578 5576 8355 5544 5572 
8379 5519 5573 8349 5498 5574 8354 5581 5575 
8370 5587 5584 8347 5582 5585 8338 5510 5586 
8346 5533 5535 5587 8370 5560 8372 5506 5508 
5536 8369 5554 8369 5536 5538 5542 8376 5543 
8350 5526 5553 5495 8368 5496 8345 5494 5496 
8381 5491 5493 5513 8363 5514 8343 5512 5514 
8339 5539 5540 8344 5509 5511 5524 8337 5525 
8393 5523 5525 5550 8388 5561 8388 5550 5551 
5544 8355 5545 8378 5531 5545 5531 8378 5532 
5529 8380 5530 8380 5529 5532 5528 8365 5557 
8365 5528 5530 8341 5579 5557 5519 8379 5520 
8351 5518 5520 8377 5501 5556 5501 8377 5502 
5500 8356 5558 8356 5500 5502 8367 5580 5558 
5498 8349 5499 8374 5497 5499 5581 8354 5555 
8348 5521 5555 5521 8348 5522 5504 8366 5505 
8366 5504 5522 8382 5503 5505 5503 8382 5547 
5546 8359 5549 8359 5546 5547 5548 8375 5552 
8375 5548 5549 8353 5516 5552 5516 8353 5517 
8371 5515 5517 5515 8371 5559 8364 5570 5559 
5534 8340 5535 5518 8351 5556 8389 5588 5561 
5507 8358 5508 8358 5507 5560 5537 8357 5538 
8352 5568 5554 8361 5541 5543 5541 8361 5553 
5526 8350 5527 8368 5495 5527 5492 8373 5493 
5512 8343 5540 5510 8338 5511 5523 8393 5551 
5578 8362 5572 5579 8341 5573 5580 8367 5574 
5497 8374 5575 8340 5534 5562 5533 8346 5584 
8357 5537 5564 5568 8352 5569 8373 5492 5565 
5491 8381 5585 8363 5513 5566 5539 8339 5563 
5583 8342 5586 8337 5524 5567 7402 7407 5571 
5577 8360 5576 5589 5590 5591 5592 5593 5594 
5595 5596 5597 5591 5590 5598 5599 5600 5601 
5602 5603 5604 5605 5593 5592 5606 5607 5608 
5597 5596 5609 5610 5600 5599 5611 5612 5613 
5614 5603 5602 5615 5616 5617 5618 5619 5620 
5621 5622 8432 5623 5619 5618 5622 5624 8432 
5625 5612 5611 5626 5627 5628 5608 5607 5629 
5630 5616 5615 5631 5632 5633 5633 5634 5631 
5628 5627 5635 5636 5621 5637 8417 5638 5593 
5639 5640 5633 5641 5642 5640 5643 5596 5595 
5644 5645 5646 5646 5645 5618 5601 5600 5647 
5636 5622 5621 5604 5603 5648 5649 5650 5651 
5647 5600 5591 5646 5642 5652 5649 5651 5611 
8417 5653 5638 8441 5654 5655 8395 5620 5656 
5657 5607 5606 5649 5596 5643 5648 5603 5658 
5659 5646 5660 5633 5640 5655 8410 5659 5660 
5652 5642 5641 5617 5616 5661 5662 5607 5657 
5663 5664 5665 8440 5620 8395 5661 5616 5662 
5666 5611 5613 5665 5664 5667 5668 5627 5626 
5591 5669 5647 5654 5633 5655 5605 5654 8408 
8433 5670 5610 5671 5672 5673 5674 5675 8435 
5643 5650 5649 5676 5590 5589 5592 5634 5605 
8407 5605 8408 5658 5677 5648 5658 5627 5668 
8397 5678 5679 8422 5680 5629 8415 5681 5609 
8425 5682 5683 5666 5613 8400 8418 5684 5676 
8429 5685 5686 5687 5688 8413 5689 5690 8401 
5635 5691 8437 5630 5692 8412 5609 5693 8439 
8406 5694 5695 5629 5696 8423 5697 5698 8430 
8441 5655 8426 5652 5644 5646 5646 5618 5660 
5655 5699 8426 8411 5700 5630 8420 5701 5614 
5589 5591 5670 5693 5649 5666 5691 5658 5701 
5696 5662 5700 5681 5597 5609 5699 5659 8409 
8409 5659 8410 5649 5611 5666 8408 5654 8441 
5660 5620 8440 5589 5670 8428 7421 7420 5702 
5676 5589 8427 5695 5680 8442 5683 5694 8405 
5703 5681 8404 8431 5692 5697 5679 5684 8398 
5656 5678 8396 5610 5682 8424 8438 5613 5689 
5686 5674 8436 8414 5688 5635 8402 5690 5687 
5614 5685 8421 8399 5693 5666 8419 5691 5701 
8434 5696 5700 8403 5698 5703 5659 5642 5646 
5657 5704 5662 5614 5602 5685 5705 5641 5706 
8428 5670 8433 8418 5676 8427 8395 5656 8396 
8422 5629 8423 8397 5679 8398 8402 5687 8413 
8434 5700 8411 8420 5614 8421 8403 5703 8404 
8429 5686 8436 8438 5689 8401 8399 5666 8400 
8415 5609 8439 8414 5635 8437 8419 5701 8420 
8431 5697 8430 8411 5630 8412 8406 5695 8442 
8410 5660 8440 8425 5683 8405 8433 5610 8424 
5610 5599 5682 5680 5608 5629 8426 5699 8409 
8396 5678 8397 8442 5680 8422 8424 5682 8425 
8404 5681 8415 8400 5613 8438 8427 5589 8428 
8412 5692 8431 8398 5684 8418 8405 5694 8406 
8401 5690 8402 8413 5688 8414 8421 5685 8429 
8436 5674 8435 8437 5691 8419 8423 5696 8434 
8439 5693 8399 8430 5698 8403 5620 5619 5656 
5702 5664 5663 5662 5704 5661 5630 5615 5692 
5593 5638 5594 8443 5621 8432 5674 5671 5675 
5665 5671 5673 5618 5620 5660 8435 5675 7403 
5663 5665 5707 8417 5593 8407 5684 5708 5676 
5591 5600 5670 5654 5634 5633 7404 5667 7432 
5706 5641 5639 7420 5664 5702 5655 5640 5699 
5668 5677 5658 7432 5664 7420 5709 5623 5710 
5711 5712 5713 5714 5657 5715 5716 5625 5717 
5718 5643 5719 5707 5673 5720 5721 5722 5723 
5724 5725 5726 5727 5661 5728 5729 5648 5730 
5731 5732 5733 5734 5668 5735 5736 5737 5738 
5739 5740 5741 5742 5743 5744 5745 5746 5747 
5748 5647 5749 5750 5598 5751 5733 5604 5729 
5752 5753 5754 5719 5595 5742 5755 5756 5757 
5720 5758 5731 5759 5760 5761 5762 5652 5705 
5738 5763 5721 5735 5626 5736 5715 5606 5752 
5744 5764 5759 5754 5765 5711 5723 5766 5716 
5747 5601 5748 5726 5617 5727 5761 5767 5724 
5751 5768 5739 5713 5769 5745 5757 5770 5709 
5741 5771 5755 5662 5616 5700 5658 5603 5701 
5685 5772 5686 5707 5665 5673 5688 5628 5635 
5691 5627 5658 5682 5773 5683 5696 5607 5662 
5693 5596 5649 5774 5622 5636 5667 5664 7432 
8407 5593 5605 5598 5669 5591 5613 5612 5689 
5753 5765 5754 5739 5768 5740 5759 5764 5760 
5746 5601 5747 5643 5595 5719 5756 5770 5757 
5668 5626 5735 5737 5763 5738 5722 5766 5723 
5731 5758 5732 5732 5604 5733 5724 5767 5725 
5673 5758 5720 5729 5604 5648 5742 5595 5743 
5736 5626 5737 5725 5617 5726 5657 5606 5715 
5721 5763 5722 5712 5769 5713 5755 5771 5756 
5716 5766 5625 5752 5606 5753 5743 5764 5744 
5748 5601 5647 5727 5617 5661 5711 5765 5712 
5760 5767 5761 5745 5769 5746 5598 5768 5751 
5709 5770 5623 5740 5771 5741 5706 5639 5775 
5674 5672 5671 5703 5776 5681 5777 5631 5778 
5667 5671 5665 7403 5675 7404 5778 5592 5779 
5779 5594 5780 5687 5781 5688 7404 5675 5667 
5782 5783 5774 5631 5634 5592 5695 5784 5680 
5689 5785 5690 5708 5590 5676 5692 5786 5697 
5679 5787 5684 5611 5651 5625 5618 5645 5623 
5640 5642 5699 5633 5632 5639 5694 5788 5695 
5656 5789 5678 5685 5602 5772 5697 5790 5698 
8432 5624 8416 5682 5599 5773 5639 5641 5640 
5698 5791 5703 5631 5592 5778 5776 5597 5681 
5678 5792 5679 5686 5672 5674 5779 5592 5594 
5683 5793 5694 5638 5653 5783 5750 5669 5598 
5647 5669 5749 5625 5651 5717 5718 5650 5643 
5648 5677 5730 5734 5677 5668 5714 5704 5657 
5661 5704 5728 5762 5644 5652 5623 5645 5710 
5675 5671 5667 5784 5608 5680 5690 5794 5687 
5639 5632 5775 5783 5622 5774 5692 5615 5786 
5777 5632 5631 5670 5600 5610 5781 5628 5688 
5771 5792 5756 5775 5632 5777 5787 5708 5684 
5635 5627 5691 5763 5794 5722 5760 5790 5767 
5629 5607 5696 5638 5795 5594 5609 5596 5693 
5652 5641 5705 5765 5788 5712 5605 5634 5654 
5689 5612 5785 5656 5619 5789 5783 5795 5638 
5700 5616 5630 5701 5603 5614 5699 5642 5659 
5712 5793 5769 5791 5776 5703 5673 5672 5758 
5764 5791 5760 5722 5785 5766 5686 5772 5672 
5792 5789 5756 5794 5785 5722 5760 5791 5790 
5788 5793 5712 5594 5795 5780 5683 5773 5793 
5771 5787 5792 5756 5789 5770 5763 5781 5794 
5737 5781 5763 5790 5786 5767 5740 5787 5771 
5782 5795 5783 5765 5784 5788 5767 5786 5725 
5788 5784 5695 5753 5784 5765 5793 5773 5769 
5769 5773 5746 5697 5786 5790 5758 5772 5732 
5672 5772 5758 5743 5776 5764 5764 5776 5791 
5768 5708 5740 5785 5612 5766 5770 5619 5623 
5678 5789 5792 5789 5619 5770 5690 5785 5794 
5766 5612 5625 5626 5628 5737 5790 5791 5698 
5794 5781 5687 5694 5793 5788 5725 5615 5617 
5792 5787 5679 5740 5708 5787 5737 5628 5781 
5606 5608 5753 5749 5669 5750 5717 5651 5796 
5796 5650 5718 5786 5615 5725 5730 5677 5734 
5728 5704 5714 5783 5653 5624 8416 5653 8417 
5797 5644 5762 5595 5597 5743 5753 5608 5784 
5746 5599 5601 5732 5602 5604 5710 5645 5797 
5773 5599 5746 5743 5597 5776 5772 5602 5732 
5598 5590 5768 5651 5650 5796 5768 5590 5708 
5797 5645 5644 5780 5795 5782 5783 5624 5622 
5624 5653 8416 5637 5621 8443 5637 5798 5636 
7440 7422 5799 7364 7440 5799 5800 5801 5802 
5803 5800 5802 7422 8446 5799 5804 7364 5799 
8447 8448 5802 8448 5803 5802 5802 5801 5805 
8447 5802 5805 5806 5807 5808 5807 8451 5808 
5809 8475 5810 5811 5809 5810 5812 8486 5813 
5814 5812 5813 5815 8483 5816 5817 5815 5816 
5818 5819 5820 5820 8488 5821 5822 5820 5821 
5819 8487 5820 5823 8480 5824 5825 5823 5824 
5826 8489 5827 5828 5826 5827 5829 8454 5830 
5831 8453 5832 5833 5829 5830 5834 5831 5832 
5835 5836 5837 5836 8463 5837 5838 5839 5840 
5841 8462 5842 5839 8457 5840 5843 5841 5842 
5837 8464 5844 5845 5837 5844 8452 8453 5831 
8484 8475 5809 8450 8451 5807 5814 5846 5812 
5847 5825 5824 5822 5818 5820 8459 5848 5849 
8482 8483 5815 5817 5850 5815 5851 5852 5849 
5801 5853 5805 5848 5854 5849 5855 8472 5856 
5852 8458 5849 5857 5855 5856 8466 8454 5829 
8454 8455 5830 5858 5854 5848 8456 8457 5839 
8478 8489 5826 5859 5860 5861 8499 8458 5852 
8490 8463 5836 8470 5859 5861 8458 8459 5849 
5862 5838 5840 5863 5828 5827 5864 5865 5866 
5843 5867 5841 5854 5851 5849 8461 8462 5841 
5824 8481 5868 8462 8456 5842 8463 8464 5837 
5869 5870 5861 8470 8467 5859 5845 5835 5837 
5865 8474 5866 5871 5860 5859 8449 8460 5872 
5870 8469 5861 5833 5873 5829 8473 8474 5865 
8477 8478 5874 8446 8445 5875 8455 8485 5876 
8486 8452 5813 8453 8479 5832 8479 8480 5823 
8481 8482 5868 8483 8484 5816 8475 8476 5810 
8476 8487 5819 8488 8450 5821 8451 8500 5808 
8500 8491 5877 5864 5878 5865 5879 5845 5844 
5846 5880 5876 5881 5814 5813 5882 5834 5832 
5825 5882 5823 5850 5847 5868 5883 5817 5816 
5884 5811 5810 5818 5884 5819 5885 5822 5821 
5886 5806 5808 5853 5886 5877 5872 5887 5888 
8449 5872 5888 5848 8477 5874 8465 8466 5889 
8485 8486 5812 8480 8481 5824 8487 8488 5820 
5890 5887 5872 5891 5858 5874 5875 8445 5888 
8460 8469 5870 5872 8460 5870 8469 8470 5861 
8467 8468 5892 8468 8471 5893 5892 8468 5893 
8471 8472 5855 8472 8473 5856 5834 5881 5831 
5811 5883 5809 5806 5885 5807 8445 8449 5888 
5887 5894 5888 5869 5890 5870 5860 5869 5861 
5895 5871 5892 5896 5895 5893 5857 5896 5855 
5878 5857 5856 5858 5848 5874 5894 5804 5875 
5894 5875 5888 5895 5892 5893 5828 5891 5826 
5873 5879 5889 8464 8465 5844 8459 8477 5848 
5890 5872 5870 5859 8467 5892 8474 8461 5866 
5897 5843 5842 5880 5833 5830 5867 5864 5866 
5871 5859 5892 5838 5897 5839 8457 8499 5840 
8489 8490 5827 5865 5878 5856 5893 8471 5855 
8473 5865 5856 5851 5862 5852 5835 5863 5836 
8491 8447 5805 5896 5893 5855 5876 5880 5830 
5847 5824 5868 8461 5841 5866 5841 5867 5866 
8456 5839 5842 5839 5897 5842 8466 5829 5889 
8455 5876 5830 8499 5852 5840 5829 5873 5889 
5844 8465 5889 5852 5862 5840 5879 5844 5889 
5826 5891 5874 8478 5826 5874 5832 8479 5823 
5882 5832 5823 8490 5836 5827 5836 5863 5827 
5846 5876 5812 5815 5850 5868 8482 5815 5868 
5805 5853 5877 8491 5805 5877 5813 8452 5831 
5881 5813 5831 5876 8485 5812 5816 8484 5809 
5883 5816 5809 5886 5808 5877 5808 8500 5877 
5821 8450 5807 5885 5821 5807 5884 5810 5819 
5810 8476 5819 8446 5875 5799 5875 5804 5799 
5898 5899 5900 5901 5902 5903 5904 5905 5906 
5899 5907 5900 5908 5909 5910 5911 5912 5913 
5914 5901 5903 5915 5916 5917 5905 5918 5906 
5919 5908 5910 5920 5921 5922 5923 5911 5913 
5924 5925 5926 5927 5928 5929 5930 5927 5929 
5931 5920 5922 5932 5933 5934 5916 5935 5917 
5936 5924 5926 5933 5937 5934 5938 5903 5939 
5940 5941 5942 5943 5904 5906 5944 5945 5946 
5945 5927 5946 5909 5947 5910 5912 5948 5913 
5949 5950 5951 5947 5899 5910 5945 5952 5942 
5949 5920 5950 5914 5953 5954 5938 5939 5955 
5956 5957 5928 5958 5915 5917 5949 5943 5906 
5948 5959 5913 5960 5961 5945 5962 5961 5960 
5952 5940 5942 5925 5963 5926 5964 5958 5917 
8547 5965 5966 5967 5956 5928 5963 5964 5926 
5968 5921 5920 5965 5969 5966 5970 5932 5934 
5899 5947 5971 5972 5919 5973 5974 5975 5976 
5977 5978 5954 5979 5980 5981 5943 5949 5951 
5982 5898 5900 5983 5953 5914 5954 5978 5984 
5959 5948 5985 5959 5970 5934 5986 5987 5988 
5989 5935 5990 5991 5918 5992 5993 5994 5995 
5968 5996 5921 5997 5982 5998 5999 6000 6001 
6002 6003 6004 6005 6006 6007 5937 6008 6009 
5936 6010 6011 5918 6012 6013 6014 6015 6016 
5935 6017 6018 6019 6020 6021 5977 6022 5978 
5952 5945 5944 5945 5961 5927 5978 6022 6023 
6024 5936 6025 6026 5923 6027 5898 5973 5899 
6009 6027 5959 6013 5968 5949 6018 6025 5964 
5992 5918 5905 6023 6028 5960 6028 5962 5960 
5953 5977 5954 5949 5968 5920 5961 5967 5928 
5898 6029 5973 7366 7365 8504 5982 6030 5898 
6015 6031 5990 5987 6032 5998 6033 6034 5992 
6035 6019 6011 5919 6036 5995 6037 6002 5921 
5957 6038 5988 6039 5937 6007 6000 6040 5979 
5994 6041 6016 6042 6005 6004 5923 6043 6001 
6044 5968 6013 6045 6027 6009 6046 6025 6018 
6047 6033 6021 5960 5945 5942 5958 5964 6048 
5923 6001 5911 8503 8502 5940 6029 5972 5973 
5997 6030 5982 5956 6038 5957 5989 6017 5935 
5986 6032 5987 6026 6043 5923 6047 6034 6033 
5999 6040 6000 6037 6003 6002 6044 5996 5968 
6046 6024 6025 5991 6012 5918 6039 6008 5937 
6045 6026 6027 6042 6006 6005 6035 6020 6019 
6024 6010 5936 6014 6031 6015 5962 5967 5961 
5993 6041 5994 5972 6036 5919 5919 5995 5908 
5990 5935 5916 6022 6028 6023 6038 5986 5988 
6031 5989 5990 6036 5993 5995 6034 5991 5992 
5996 6037 5921 6030 6029 5898 6010 6035 6011 
6041 6014 6016 6032 5997 5998 6003 6042 6004 
6017 6046 6018 6006 6039 6007 6043 5999 6001 
6040 5980 5979 6008 6045 6009 6012 6044 6013 
6020 6047 6021 5928 5957 5929 8504 8547 5966 
5964 5963 6048 5936 6011 5924 5903 5902 5939 
5979 5981 5974 5901 5914 6049 5965 5975 5974 
5927 5961 5928 5980 7418 5981 8547 8544 5965 
5938 5983 5903 5998 5982 6050 5899 5973 5910 
7417 7439 5969 8502 6051 5940 7366 8504 5966 
5978 6023 5941 5970 5959 5985 7439 7366 5966 
8542 8505 5930 8538 8514 6052 8550 8516 5931 
8513 8537 5958 8531 8517 6053 8522 8524 5943 
8515 8518 6054 8544 8545 5975 8536 8534 5963 
8545 8532 6055 8533 8548 5948 8535 8530 6056 
8532 8527 6057 8549 8525 5970 8506 8541 6058 
8526 8546 6059 8539 8511 6060 8520 8521 5947 
8508 8540 5907 8512 8529 6061 8519 8507 6062 
8509 8510 6063 8524 8526 5904 8525 8535 5932 
8523 8503 5952 8527 8533 5912 8530 8531 6064 
8537 8519 5915 8507 8538 6065 8517 8550 6066 
8546 8512 6067 8518 8536 5925 8511 8520 5909 
8529 8515 6068 8540 8506 6069 8514 8539 6070 
8541 8509 6071 8510 8542 6072 5964 6025 5926 
5959 6027 5913 6001 6000 6073 8544 5975 5965 
5954 5984 6074 6007 5937 5933 6009 5959 5934 
5995 5994 6075 6018 5964 5917 6013 5949 5906 
5969 7439 5966 6076 6077 6078 5983 5914 5903 
5907 5899 5971 5921 6002 5922 6062 8507 6065 
8506 6058 6069 8512 6061 6067 6060 8511 5909 
5943 8524 5904 8532 6057 6055 5970 8525 5932 
6056 8530 6064 6053 8517 6066 5975 8545 6055 
6057 8527 5912 8535 6056 5932 8515 6054 6068 
8533 5948 5912 8526 6059 5904 8531 6053 6064 
5958 8537 5915 6054 8518 5925 6052 8514 6070 
8550 5931 6066 8509 6063 6071 8519 6062 5915 
8520 5947 5909 6063 8510 6072 8536 5963 5925 
6059 8546 6067 8538 6052 6065 6061 8529 6068 
8539 6060 6070 5907 8540 6069 8542 5930 6072 
6058 8541 6071 8502 6079 6051 5979 5974 5976 
5914 5954 6049 6079 6080 6081 6033 5992 6082 
6080 6083 6084 5969 5965 5974 7418 7417 5981 
6083 6085 5901 6085 6086 5902 6005 6007 6087 
7417 5969 5981 6088 6076 6089 6015 5990 6090 
6002 6004 6091 6092 6093 6094 6050 5982 5900 
6011 6019 6095 5987 5998 6096 5920 5931 5950 
5927 5930 5946 6051 6079 6081 5941 6023 5942 
6016 6015 6097 5957 5988 6098 6001 6073 5911 
6080 6084 6081 6019 6021 6099 5995 6075 5908 
6051 5941 5940 6093 6100 6101 6021 6033 6102 
6084 6083 5901 6082 5992 5905 5988 5987 6103 
6000 5979 5976 6085 5902 5901 5994 6016 6104 
5939 6089 5955 5941 6051 5984 8508 5907 5971 
5947 8521 5971 5931 8516 5950 8522 5943 5951 
5948 8548 5985 8549 5970 5985 8513 5958 6048 
5963 8534 6048 8523 5952 5944 5930 8505 5946 
6093 6101 6094 5981 5969 5974 6090 5990 5916 
6004 6005 6105 6089 6076 6078 6011 6095 5924 
5973 5919 5910 6087 6007 5933 6071 6063 6103 
6096 5998 6050 5937 6009 5934 6064 6053 6105 
6061 6068 6099 5935 6018 5917 5939 5902 6106 
5918 6013 5906 5952 8503 5940 6065 6052 6097 
6002 6091 5922 5957 6098 5929 6089 5939 6106 
6025 5936 5926 6027 5923 5913 6023 5960 5942 
6052 6070 6104 6102 6033 6082 6051 6081 5984 
5975 6055 5976 6067 6061 6102 6077 6107 6078 
6053 6066 6091 6000 5976 6073 6103 6063 6098 
6105 6053 6091 6061 6099 6102 6097 6052 6104 
5902 6086 6106 5994 6104 6075 6071 6103 6096 
6063 6072 6098 6064 6105 6087 6056 6064 6087 
6099 6068 6095 6058 6071 6096 6088 6089 6106 
5978 5941 5984 6065 6097 6090 6068 6054 6095 
6097 6015 6090 6062 6065 6090 6104 6070 6075 
6070 6060 6075 6019 6099 6095 6055 6057 6073 
5976 6055 6073 6101 6078 6094 6059 6067 6082 
6067 6102 6082 6069 6058 6050 6091 6066 5922 
6072 5930 5929 5988 6103 6098 6098 6072 5929 
6004 6105 6091 6066 5931 5922 5932 6056 5933 
6099 6021 6102 6105 6005 6087 6016 6097 6104 
6054 5925 5924 6103 5987 6096 6058 6096 6050 
6056 6087 5933 5915 6062 5916 8521 8508 5971 
8516 8528 5950 8528 8522 5951 6095 6054 5924 
8548 8549 5985 8534 8513 6048 6100 5938 5955 
8543 8523 5944 6089 6101 5955 5904 6059 5905 
6062 6090 5916 6060 5909 5908 6057 5912 5911 
8505 8543 5946 6075 6060 5908 6059 6082 5905 
6073 6057 5911 5907 6069 5900 5950 8528 5951 
6069 6050 5900 8543 5944 5946 5984 6081 6074 
6084 5901 6049 6086 6088 6106 6089 6078 6101 
6081 6084 6074 5954 6074 6049 6078 6107 6094 
6077 6108 6107 6074 6084 6049 6101 6100 5955 
6108 6092 6107 6107 6092 6094 6109 6108 6077 
6110 6111 6112 6113 6114 6115 6116 6117 6118 
6119 6120 6121 6122 6123 6124 6125 6126 6127 
6126 6128 6129 6128 6130 6131 6132 6133 6134 
6135 6136 6137 6136 6110 6138 6139 6132 6140 
6117 6135 6141 6142 6143 6144 6145 6146 6147 
6148 6149 6150 6151 6152 6153 6154 6151 6155 
6156 6142 6157 6146 6158 6159 6160 6161 6162 
6163 6164 6165 6166 6163 6167 6158 6166 6168 
6169 6148 6170 6171 6172 6173 6152 6171 6174 
6175 6156 6176 6177 6178 6179 6180 6175 6181 
6182 6116 6183 6130 6182 6184 6185 6186 6187 
8581 8572 6188 8585 8556 6189 8573 8561 6190 
8563 8585 6191 8552 8559 6192 8551 8607 6193 
6123 6113 6193 8606 8605 6194 8579 8580 6195 
6178 6196 6197 7419 8558 6198 8594 8569 6199 
8593 8571 6200 6164 7414 6198 6149 6145 6199 
6143 6154 6200 8568 8591 6201 8572 8590 6197 
6172 6169 6201 6202 6122 6194 6111 6160 6195 
8574 8584 6203 8570 8576 6204 6120 6180 6203 
6133 6119 6204 8557 8552 6205 6206 6125 6205 
6114 6206 6192 6207 6177 6191 6186 6139 6190 
6196 6185 6188 6161 6207 6189 8582 8560 6137 
8595 8573 6140 8554 8578 6131 8555 8554 6184 
8596 8574 6181 8590 8563 6179 8589 8566 6167 
8566 8592 6168 8588 8568 6170 8591 8567 6173 
8567 8586 6174 8583 8596 6176 8556 8579 6162 
8571 8562 6144 8577 8594 6147 8569 8588 6150 
8586 8564 6153 8564 8593 6155 8562 8583 6157 
8560 8587 6141 8578 8575 6129 8558 8589 6165 
8592 8577 6159 8584 8570 6121 8561 8581 6187 
8576 8595 6134 8575 8557 6127 8553 8555 6183 
8607 8606 6124 8587 8553 6118 8565 8582 6138 
8559 8551 6115 8580 8565 6112 8607 6123 6193 
8571 6143 6200 8558 6164 6198 8569 6149 6199 
6169 8568 6201 6180 8574 6203 8590 6178 6197 
6122 8606 6194 8576 6133 6204 8580 6111 6195 
8552 6206 6205 6143 8571 6144 6171 8567 6174 
6152 8586 6153 6151 8564 6155 6142 8562 6157 
8562 6142 6144 6156 8583 6176 8574 6180 6181 
6120 8584 6121 6133 8576 6134 6132 8595 6140 
8561 6186 6190 6185 8581 6188 6178 8590 6179 
8585 6207 6191 6207 8585 6189 6136 8582 6137 
6135 8560 6141 6182 8555 6184 6130 8554 6131 
6126 8575 6127 8559 6114 6192 6114 8559 6115 
8586 6152 6174 8564 6151 6153 8593 6154 6155 
8583 6156 6157 8596 6175 6176 8570 6119 6121 
8595 6132 6134 8573 6139 6140 8579 6160 6162 
8565 6110 6112 8560 6135 6137 8553 6116 6118 
8578 6128 6131 8575 6126 6129 8606 6122 6124 
6175 8596 6181 6164 8558 6165 6163 8589 6167 
8566 6166 6167 8589 6163 6165 6166 8566 6168 
8592 6158 6168 6158 8592 6159 6146 8577 6147 
8577 6146 6159 8594 6145 6147 6149 8569 6150 
8588 6148 6150 6148 8588 6170 8568 6169 6170 
6172 8591 6173 8567 6171 6173 6139 8573 6190 
8581 6185 6187 8572 6196 6188 6177 8563 6191 
8563 6177 6179 6161 8556 6162 8556 6161 6189 
6111 8580 6112 6110 8565 6138 8582 6136 6138 
8587 6117 6141 6117 8587 6118 6116 8553 6183 
8555 6182 6183 8554 6130 6184 8557 6125 6127 
6206 8552 6192 8551 6113 6115 6186 8561 6187 
6128 8578 6129 6123 8607 6124 6196 8572 6197 
8605 6202 6194 6160 8579 6195 6125 8557 6205 
6113 8551 6193 7414 7419 6198 6145 8594 6199 
8591 6172 6201 6154 8593 6200 8584 6120 6203 
6119 8570 6204 6208 6209 6210 6211 6212 6213 
6214 6215 6216 6210 6209 6217 6218 6219 6220 
6221 6222 6223 6224 6212 6211 6225 6226 6227 
6216 6215 6228 6229 6219 6218 6230 6231 6232 
6233 6222 6221 6234 6235 6236 6237 6238 6239 
6240 6238 6237 6241 6231 6230 6242 6243 6244 
6227 6226 6245 6246 6235 6234 6244 6243 6247 
8611 6248 6212 6249 6250 6251 6252 6215 6214 
6253 6254 6255 6255 6254 6237 6220 6219 6256 
6223 6222 6257 6258 6259 6260 6256 6219 6210 
6255 6250 6261 6258 6260 6230 6224 6262 8656 
8611 6263 6248 8613 6239 6264 6265 6226 6225 
6258 6215 6252 6257 6222 6266 6267 6255 6268 
8622 6267 6268 6261 6250 6249 6236 6235 6269 
6270 6226 6265 6271 6272 6273 8651 6239 8613 
6269 6235 6270 6274 6230 6232 6273 6272 6275 
6276 6243 6242 6210 6277 6256 8640 6278 6229 
6279 6280 6281 8619 6262 6282 6283 6284 8642 
6252 6259 6258 6285 6209 6208 8612 6224 8656 
6262 6286 6282 6266 6287 6257 6266 6243 6276 
8653 6288 6245 8625 6289 6290 8609 6291 6285 
8628 6292 6228 6274 6232 8634 6246 6293 8615 
6294 6295 8644 8643 6296 6297 8648 6298 6299 
6300 6301 8645 6247 6302 8633 8654 6303 6304 
6228 6305 8629 6245 6306 8627 8647 6307 6308 
8619 6282 8620 6261 6253 6255 6255 6237 6268 
6282 6309 8620 8624 6310 6246 8631 6311 6233 
6208 6210 6278 6302 6266 6311 6305 6258 6274 
6306 6270 6310 6292 6216 6228 6309 6267 8621 
8621 6267 8622 8656 6262 8619 6258 6230 6274 
6268 6239 8651 6208 6278 8639 7381 7380 6312 
6304 6288 8652 6264 6289 8614 6290 6291 8626 
6299 6303 8649 6229 6298 8657 6308 6292 8637 
8616 6293 6313 8635 6232 6300 8632 6295 6247 
8636 6305 6274 6297 6283 8641 6233 6296 8638 
8646 6301 6294 6285 6208 8610 8630 6302 6311 
8623 6306 6310 6313 6307 8650 6267 6250 6255 
6265 6314 6270 6233 6221 6296 6315 6249 6316 
8639 6278 8640 8653 6245 8627 8625 6290 8626 
8646 6294 8644 8631 6233 8638 8643 6297 8641 
8636 6274 8634 8647 6308 8637 8635 6300 8645 
8628 6228 8629 8623 6310 8624 8632 6247 8633 
8609 6285 8610 8616 6313 8650 8624 6246 8615 
8630 6311 8631 8654 6304 8652 8613 6264 8614 
8622 6268 8651 8648 6299 8649 8640 6229 8657 
6229 6218 6298 6288 6227 6245 8620 6309 8621 
8614 6289 8625 8626 6291 8609 8652 6288 8653 
8615 6293 8616 8637 6292 8628 8634 6232 8635 
8657 6298 8648 8649 6303 8654 8645 6301 8646 
8644 6295 8632 8629 6305 8636 8638 6296 8643 
8641 6283 8642 8633 6302 8630 8610 6208 8639 
8627 6306 8623 8650 6307 8647 6239 6238 6264 
6312 6272 6271 6270 6314 6269 6246 6234 6293 
6212 6248 6213 6283 6279 6284 6211 6317 6224 
6273 6279 6281 6237 6239 6268 8642 6284 7415 
6271 6273 6318 8611 6212 8612 6291 6319 6285 
6210 6219 6278 7416 6275 7430 6316 6249 6320 
7380 6272 6312 6282 6251 6309 6276 6287 6266 
7430 6272 7380 6321 6240 6322 6323 6324 6325 
6326 6241 6327 6328 6265 6329 6330 6331 6332 
6333 6252 6334 6335 6336 6337 6338 6269 6339 
6340 6341 6342 6342 6343 6344 6345 6257 6346 
6347 6276 6348 6318 6281 6340 6349 6350 6351 
6352 6353 6354 6355 6356 6357 6358 6256 6359 
6360 6361 6362 6363 6217 6364 6365 6366 6367 
6368 6369 6370 6344 6223 6345 6371 6372 6373 
6348 6242 6352 6374 6261 6315 6354 6375 6330 
6329 6225 6365 6334 6214 6360 6367 6376 6323 
6332 6377 6326 6362 6378 6371 6337 6236 6338 
6357 6220 6358 6373 6379 6335 6364 6380 6349 
6325 6381 6355 6370 6382 6321 6351 6383 6368 
6270 6235 6310 6266 6222 6311 6296 6384 6297 
6318 6273 6281 6262 6385 6286 6295 6244 6247 
6302 6243 6266 6298 6386 6299 6306 6226 6270 
6305 6215 6258 6275 6272 7430 6387 6388 6389 
8612 6212 6224 6217 6277 6210 6232 6231 6300 
6366 6376 6367 6349 6380 6350 6356 6220 6357 
6371 6378 6372 6252 6214 6334 6369 6382 6370 
6276 6242 6348 6342 6341 6343 6331 6377 6332 
6353 6375 6354 6343 6223 6344 6281 6341 6340 
6345 6223 6257 6352 6242 6353 6335 6379 6336 
6336 6236 6337 6265 6225 6329 6330 6375 6331 
6360 6214 6361 6324 6381 6325 6326 6377 6241 
6368 6383 6369 6365 6225 6366 6358 6220 6256 
6338 6236 6269 6361 6378 6362 6323 6376 6324 
6372 6379 6373 6355 6381 6356 6217 6380 6364 
6321 6382 6240 6350 6383 6351 6316 6320 6390 
6283 6280 6279 6224 6317 6262 6390 6391 6392 
6308 6393 6292 6392 6394 6395 6275 6279 6273 
7415 6284 7416 6395 6211 6396 6396 6213 6397 
6294 6398 6295 7416 6284 6275 6399 6400 6387 
6304 6401 6288 6300 6402 6301 8655 6403 8617 
6319 6209 6285 6293 6404 6313 6307 6405 6308 
6290 6406 6291 6230 6260 6241 6237 6254 6240 
6320 6391 6390 6251 6250 6309 6303 6407 6304 
6264 6408 6289 6296 6221 6384 6392 6391 6394 
6298 6218 6386 6320 6249 6251 8617 6409 8618 
6394 6211 6395 6393 6216 6292 6289 6410 6290 
6297 6280 6283 6396 6211 6213 6299 6411 6303 
6248 6263 6400 6251 6286 6320 6363 6277 6217 
6256 6277 6359 6241 6260 6327 6333 6259 6252 
6257 6287 6346 6347 6287 6276 6328 6314 6265 
6269 6314 6339 6374 6253 6261 6240 6254 6322 
6313 6412 6307 8617 6403 6409 6284 6279 6275 
6401 6227 6288 6301 6413 6294 6400 6388 6387 
6293 6234 6404 6278 6219 6229 6398 6244 6295 
6383 6410 6369 6406 6319 6291 6247 6243 6302 
6375 6413 6331 6245 6226 6306 6248 6414 6213 
6228 6215 6305 6261 6249 6315 6376 6407 6324 
6372 6412 6379 6300 6231 6402 6264 6238 6408 
6400 6414 6248 6310 6235 6246 6378 6405 6372 
6311 6222 6233 6309 6250 6267 6324 6411 6381 
6320 6286 6391 6281 6280 6341 6389 6388 6415 
6331 6402 6377 6297 6384 6280 6405 6393 6308 
6410 6408 6369 6413 6402 6331 6407 6411 6324 
6213 6414 6397 6372 6405 6412 6299 6386 6411 
6383 6406 6410 6369 6408 6382 6375 6398 6413 
6353 6398 6375 6350 6406 6383 6399 6414 6400 
6282 6286 6251 6376 6401 6407 6412 6404 6379 
6379 6404 6336 6407 6401 6304 6366 6401 6376 
6313 6404 6412 6378 6393 6405 6411 6386 6381 
6381 6386 6356 6341 6384 6343 6280 6384 6341 
6409 6403 6388 6361 6393 6378 6380 6319 6350 
6402 6231 6377 6382 6238 6240 6289 6408 6410 
6408 6238 6382 6301 6402 6413 6377 6231 6241 
6242 6244 6353 6413 6398 6294 6303 6411 6407 
6412 6405 6307 6336 6234 6236 6410 6406 6290 
6350 6319 6406 6353 6244 6398 6225 6227 6366 
6359 6277 6363 6327 6260 6416 6416 6259 6333 
6404 6234 6336 6346 6287 6347 6339 6314 6328 
8618 6263 8611 6417 6253 6374 6400 6263 6409 
6214 6216 6361 6366 6227 6401 6356 6218 6220 
6343 6221 6223 6322 6254 6417 6386 6218 6356 
6361 6216 6393 6384 6221 6343 6217 6209 6380 
6260 6259 6416 6380 6209 6319 6417 6254 6253 
6286 6385 6391 6394 6317 6211 6397 6414 6399 
6400 6409 6388 6391 6385 6394 6262 6317 6385 
6388 6403 6415 6389 6415 6418 6385 6317 6394 
6409 6263 8618 6418 6415 8655 6389 6418 6419 
6415 6403 8655 7359 7373 6420 6421 6422 6423 
8660 8661 6424 7353 7354 6425 8661 6423 6424 
7354 7382 6425 8661 6426 6423 6420 7353 6425 
6423 6422 6427 6428 6420 6429 6427 6430 6424 
6424 6430 6431 6432 6433 6434 6433 8664 6434 
6435 8686 6436 6437 6435 6436 6438 8699 6439 
6440 8696 6441 6442 6440 6441 6443 6438 6439 
8700 6444 6445 6444 6446 6445 6447 6444 6448 
6444 8701 6448 8691 6449 6450 6449 6451 6450 
6452 8702 6453 6454 6452 6453 6455 8669 6456 
6457 6455 6456 6458 8666 6459 6460 6458 6459 
6461 6462 6463 6462 8675 6463 6464 8668 6465 
6466 6464 6465 6467 6468 6469 6468 8672 6469 
6470 6463 6471 6472 6473 6474 8665 8666 6458 
8697 8686 6435 8663 8664 6433 6443 6475 6438 
6476 6451 6449 6447 6446 6444 8693 8696 6440 
6442 6477 6440 6478 6472 6479 8673 6472 6474 
6480 8685 6481 6482 6480 6481 6463 8676 6471 
6430 6483 6431 6472 8674 6479 8678 8669 6455 
6484 6485 6479 8695 8702 6452 8669 8670 6456 
6485 6478 6479 8689 6486 6487 8667 8668 6464 
6486 6488 6487 8681 6489 6490 8694 6484 6479 
8703 8675 6462 8668 8713 6465 8713 8673 6474 
8702 8703 6453 6467 6491 6468 8673 8674 6472 
6478 6473 6472 8671 8672 6468 6489 6492 6490 
8672 8667 6469 6483 6493 6494 6495 8680 6490 
8675 8676 6463 6491 6488 6486 6470 6461 6463 
8681 8682 6489 6496 6492 6489 8662 8679 6497 
8694 8695 6484 8670 8698 6498 8699 8665 6439 
8690 8691 6450 8692 8693 6499 8687 8700 6445 
6457 6500 6455 6501 6495 6490 8659 8658 6502 
8662 6497 6503 8688 8689 6487 8666 8690 6459 
8696 8697 6441 8686 8687 6436 8700 8701 6444 
8701 8663 6448 8664 8714 6434 6488 6504 6487 
6505 6485 6484 6475 6506 6498 6507 6443 6439 
6508 6460 6459 6451 6508 6450 6477 6476 6499 
6509 6442 6441 6510 6437 6436 6446 6510 6445 
6511 6447 6448 6493 6432 6434 8677 8678 6512 
6497 8679 6495 8698 8699 6438 8691 8692 6449 
6513 6514 6497 8658 8662 6503 6502 8658 6503 
8679 8680 6495 8680 8681 6490 8682 8683 6515 
8683 8684 6516 6515 8683 6516 8684 8685 6480 
8685 8688 6481 8676 8677 6471 8714 8704 6494 
6517 6428 6502 6514 6517 6503 6517 6502 6503 
6497 6514 6503 6518 6496 6515 6519 6518 6516 
6518 6515 6516 6482 6519 6480 6504 6482 6481 
6520 6470 6471 6501 6513 6495 6492 6501 6490 
6513 6497 6495 6500 6520 6512 6460 6507 6458 
6437 6509 6435 6432 6511 6433 6521 6467 6469 
6454 6505 6452 8689 8671 6486 8674 8694 6479 
6506 6457 6456 6466 6521 6464 6522 6466 6465 
6473 6522 6474 6523 6454 6453 6461 6523 6462 
6489 8682 6515 6496 6489 6515 8704 8660 6431 
6487 6504 6481 6516 8684 6480 8688 6487 6481 
6519 6516 6480 6468 6491 6486 8671 6468 6486 
6449 8692 6499 8670 6498 6456 6498 6506 6456 
6476 6449 6499 8667 6464 6469 6522 6465 6474 
6512 6520 6471 6464 6521 6469 8678 6455 6512 
8677 6512 6471 6465 8713 6474 6455 6500 6512 
8695 6452 6484 6452 6505 6484 8690 6450 6459 
6450 6508 6459 6453 8703 6462 6523 6453 6462 
6439 8665 6458 8698 6438 6498 6438 6475 6498 
8693 6440 6499 6507 6439 6458 6431 6483 6494 
6440 6477 6499 8704 6431 6494 8697 6435 6441 
6435 6509 6441 6494 6493 6434 8714 6494 6434 
8687 6445 6436 8663 6433 6448 6433 6511 6448 
6445 6510 6436 6426 6421 6423 8660 6424 6431 
6422 6524 6427 7373 7353 6420 6423 6427 6424 
6429 6420 6425 8659 6502 6429 6502 6428 6429 
8659 6429 6425 7382 8659 6425 6524 6430 6427 
6428 7359 6420 6525 6526 6527 6528 6529 6530 
6531 6532 6533 6526 6534 6527 6535 6536 6537 
6538 6539 6540 6541 6528 6530 6542 6543 6544 
6532 6545 6533 6546 6535 6537 6547 6548 6549 
6550 6538 6540 6551 6552 6553 6554 6555 6556 
6557 7564 6558 6559 6554 6556 6558 7564 6560 
6561 6547 6549 6562 6563 6564 6543 6565 6544 
6566 6551 6553 6563 6567 6564 6568 6569 6557 
7539 6530 6570 6571 6572 6573 6574 6531 6533 
6575 6576 6577 6576 6554 6577 6536 6578 6537 
6568 6557 6558 6539 6579 6540 6580 6581 6582 
6578 6526 6537 6576 6583 6573 6580 6547 6581 
6541 7562 6584 7539 6570 6585 7569 6586 6555 
6587 6542 6544 6580 6574 6533 6579 6588 6540 
6589 6590 6576 7575 6590 6589 6583 6571 6573 
6552 6591 6553 6592 6587 6544 8757 6593 6594 
7570 7569 6555 6591 6592 6553 6595 6548 6547 
6593 6596 6594 6597 6562 6564 6526 6578 6598 
7524 6546 6599 6600 6601 6602 7573 6603 6584 
6604 7547 6605 6574 6580 6582 6606 6525 6527 
7563 7562 6541 6584 6603 6607 6588 6579 6608 
6588 6597 6564 7506 6565 6609 7571 6610 6611 
7525 6606 6612 7555 6545 6613 6595 7552 6548 
6566 7556 6614 6615 7522 6616 7549 6617 6618 
7533 6619 6620 6621 7586 6622 6567 7550 6623 
7502 6624 6625 6545 7554 6626 6565 7505 6627 
7584 6628 6629 7573 7572 6603 6583 6576 6575 
6576 6590 6554 6603 7572 6630 7557 6566 6631 
7545 6550 6632 6525 6599 6526 6623 6632 6588 
6626 6595 6580 6627 6631 6592 6613 6545 6532 
6630 7576 6589 7576 7575 6589 7562 7573 6584 
6580 6595 6547 6590 7570 6555 6525 7499 6599 
7360 8716 7383 6624 7501 6609 6586 7574 6611 
6610 7568 6612 6619 7580 6625 6546 7534 6620 
6628 7583 6613 7577 6633 6614 7551 6621 6548 
7521 6567 6616 7553 6595 6626 6617 7548 6604 
6550 7585 6618 7559 6615 6622 6606 7500 6525 
7546 6632 6623 7578 6631 6627 6633 7587 6629 
6589 6576 6573 6587 6592 6634 6550 6618 6538 
8717 8764 6571 7499 7524 6599 7506 7505 6565 
7571 7568 6610 7559 7522 6615 7545 7585 6550 
7549 7548 6617 7553 7552 6595 7584 7583 6628 
7551 7586 6621 7555 7554 6545 7578 7557 6631 
7521 7550 6567 7525 7500 6606 7577 7587 6633 
7557 7556 6566 7546 7545 6632 7502 7501 6624 
7569 7574 6586 7575 7570 6590 7533 7580 6619 
7524 7534 6546 6546 6620 6535 6609 6565 6543 
7572 7576 6630 7574 7571 6611 7568 7525 6612 
7501 7506 6609 7556 7577 6614 7583 7555 6613 
7552 7551 6548 7534 7533 6620 7580 7502 6625 
7586 7559 6622 7522 7521 6616 7554 7553 6626 
7585 7549 6618 7548 7547 6604 7550 7546 6623 
7500 7499 6525 7505 7578 6627 7587 7584 6629 
6555 6586 6556 8716 8757 6594 6592 6591 6634 
6566 6614 6551 6530 6529 6570 7579 7564 6557 
6604 6605 6600 6528 6541 6635 6593 6601 6600 
6554 6590 6555 7547 7410 6605 8757 8756 6593 
7539 7563 6530 6612 6606 6636 6526 6599 6537 
7408 7431 6596 8764 6637 6571 7383 8716 6594 
6603 6630 6572 6597 6588 6608 7431 7383 6594 
8754 8718 6559 8750 8727 6638 8761 8729 6561 
8726 8749 6587 8741 8730 6639 8732 8736 6574 
8755 8746 6640 8728 8731 6641 8760 8745 6591 
8746 8742 6642 8744 8758 6579 8759 8737 6597 
8756 8755 6601 8719 8753 6643 8747 8740 6644 
8751 8724 6645 8734 8735 6578 8720 8752 6534 
8739 8748 6646 8733 8721 6647 8722 8723 6648 
8742 8744 6539 8725 8763 6649 8737 8747 6562 
8738 8717 6583 8740 8741 6650 8749 8733 6542 
8736 8739 6531 8721 8750 6651 8730 8761 6652 
8748 8725 6653 8731 8760 6552 8724 8734 6536 
8763 8728 6654 8752 8719 6655 8727 8751 6656 
8723 8754 6657 8753 8722 6658 6592 6631 6553 
6588 6632 6540 6618 6617 6659 8756 6601 6593 
6584 6607 6660 6616 6567 6563 6623 6588 6564 
6620 6619 6661 6627 6592 6544 6626 6580 6533 
6662 6568 6558 6596 7431 6594 7563 6541 6530 
6534 6526 6598 6548 6621 6549 6647 8721 6651 
8719 6643 6655 6645 8724 6536 8725 6649 6653 
6597 8737 6562 6574 8736 6531 6648 8723 6657 
8746 6642 6640 6639 8730 6652 6644 8740 6650 
6601 8755 6640 6642 8742 6539 8744 6579 6539 
8747 6644 6562 8728 6641 6654 6641 8731 6552 
6587 8749 6542 8741 6639 6650 8739 6646 6531 
8722 6648 6658 6638 8727 6656 8761 6561 6652 
8733 6647 6542 8734 6578 6536 8760 6591 6552 
6646 8748 6653 8750 6638 6651 6649 8763 6654 
8751 6645 6656 6534 8752 6655 8754 6559 6657 
6643 8753 6658 8764 6663 6637 6604 6600 6602 
6541 6584 6635 6663 6664 6665 6628 6613 6666 
6664 6667 6668 6596 6593 6600 7410 7408 6605 
6667 6669 6528 6669 6670 6529 6615 6616 6671 
7408 6596 6605 6672 6662 6673 6624 6609 6674 
6621 6622 6675 6636 6606 6527 6614 6633 6676 
6629 6628 6677 6610 6612 6678 6547 6561 6581 
6554 6559 6577 6637 6663 6665 6572 6630 6573 
6625 6624 6679 6586 6611 6680 6618 6659 6538 
6664 6668 6665 7564 7540 6560 6620 6661 6535 
6637 6572 6571 6668 6667 6528 6666 6613 6532 
6611 6610 6681 6617 6604 6602 6669 6529 6528 
6619 6625 6682 6570 6673 6585 6572 6637 6607 
8720 6534 6598 6578 8735 6598 6561 8729 6581 
8732 6574 6582 6579 8758 6608 8759 6597 6608 
8726 6587 6634 6591 8745 6634 8738 6583 6575 
6559 8718 6577 6633 6629 6683 6605 6596 6600 
6674 6609 6543 6622 6615 6684 6673 6662 6558 
6614 6676 6551 6599 6546 6537 6671 6616 6563 
6658 6648 6681 6678 6612 6636 6567 6623 6564 
6650 6639 6684 6565 6627 6544 6570 6529 6685 
6545 6626 6533 6583 8717 6571 6651 6638 6679 
6649 6654 6683 6621 6675 6549 6586 6680 6556 
6673 6570 6685 6631 6566 6553 6653 6649 6677 
6632 6550 6540 6630 6589 6573 6638 6656 6682 
6637 6665 6607 6601 6640 6602 6639 6652 6675 
6617 6602 6659 6677 6628 6666 6681 6648 6680 
6684 6639 6675 6679 6638 6682 6529 6670 6685 
6649 6683 6677 6619 6682 6661 6658 6681 6678 
6648 6657 6680 6650 6684 6671 6644 6650 6671 
6643 6658 6678 6672 6673 6685 6603 6572 6607 
6651 6679 6674 6683 6654 6676 6654 6641 6676 
6679 6624 6674 6647 6651 6674 6633 6683 6676 
6653 6677 6666 6682 6656 6661 6656 6645 6661 
6640 6642 6659 6602 6640 6659 6646 6653 6666 
6655 6643 6636 6675 6652 6549 6657 6559 6556 
6611 6681 6680 6680 6657 6556 6622 6684 6675 
6652 6561 6549 6562 6644 6563 6684 6615 6671 
6625 6679 6682 6683 6629 6677 6641 6552 6551 
6681 6610 6678 6643 6678 6636 6644 6671 6563 
6542 6647 6543 8735 8720 6598 8729 8762 6581 
8762 8732 6582 6676 6641 6551 8758 8759 6608 
8745 8726 6634 6673 6560 6585 7540 7539 6585 
8743 8738 6575 6531 6646 6532 6647 6674 6543 
6645 6536 6535 6642 6539 6538 8718 8743 6577 
6661 6645 6535 6646 6666 6532 6659 6642 6538 
6534 6655 6527 6581 8762 6582 6655 6636 6527 
8743 6575 6577 6607 6665 6660 6668 6528 6635 
6670 6672 6685 6673 6558 6560 6665 6668 6660 
6584 6660 6635 6660 6668 6635 6560 7540 6585 
6569 7579 6557 6569 6568 6686 7458 7485 6687 
2795 2794 6688 6688 2794 6689 8605 6690 6691 
6692 6202 6691 6693 6694 6695 6696 6693 6695 
6695 6694 6697 6698 6695 6697 6699 6698 6697 
6694 6700 6697 6701 6693 6696 6698 6702 6695 
6697 6700 6703 6700 6704 6703 6699 6697 6703 
6696 6695 6705 6703 6704 6706 6695 6702 6705 
6690 6707 6708 6709 6692 6708 6710 6699 6703 
6202 8605 6691 6704 6711 6706 6710 6703 6706 
6712 6710 6706 6690 6692 6691 6713 2795 6688 
6706 6711 6714 6709 6708 6714 6712 6706 6714 
6708 6707 6714 6696 6705 6688 6711 6709 6714 
6702 6713 6705 6707 6712 6714 6692 6690 6708 
6705 6713 6688 2794 6701 6689 6701 6696 6689 
6696 6688 6689 7479 7460 6715 7462 7480 6716 
2826 2798 6717 6717 2798 6718 8389 6719 6720 
6721 5588 6720 6722 6723 6724 6725 6722 6724 
6724 6723 6726 6727 6724 6726 6728 6727 6726 
6723 6729 6726 6730 6722 6725 6727 6731 6724 
6726 6729 6732 6729 6733 6732 6728 6726 6732 
6725 6724 6734 6732 6733 6735 6724 6731 6734 
6719 6736 6737 6738 6721 6737 6739 6728 6732 
5588 8389 6720 6735 6740 6741 6733 6740 6735 
6742 6735 6741 6739 6732 6735 6742 6739 6735 
6719 6721 6720 6743 2826 6717 6725 6734 6717 
6737 6736 6741 6738 6737 6741 6731 6743 6734 
6740 6738 6741 6736 6742 6741 6734 6743 6717 
2798 6730 6718 6721 6719 6737 6730 6725 6718 
6725 6717 6718 7471 7469 6744 7456 7472 6745 
2940 2791 6746 6746 2791 6747 6748 4866 6749 
8171 6750 6749 6751 6752 6753 6754 6751 6753 
6753 6752 6755 6756 6753 6755 6757 6756 6755 
6752 6758 6755 6759 6751 6754 6756 6760 6753 
6755 6758 6761 6758 6762 6761 6757 6755 6761 
6754 6753 6763 6753 6760 6763 6761 6762 6764 
6765 6748 6766 6750 6767 6766 6768 6757 6761 
4866 8171 6749 6769 6764 6770 6769 6768 6764 
6764 6771 6770 6768 6761 6764 6762 6771 6764 
6750 6748 6749 6772 2940 6746 6754 6763 6746 
6760 6772 6763 6767 6769 6770 6771 6765 6770 
6766 6767 6770 6748 6750 6766 6763 6772 6746 
6765 6766 6770 2791 6759 6747 6759 6754 6747 
6754 6746 6747 7464 7488 6773 7467 7465 6774 
2818 6775 6776 6777 2861 6778 6779 6780 6781 
7961 6782 6783 6784 4331 6783 6780 6785 6781 
2861 2941 6778 2931 2818 6776 6781 6785 6786 
6787 6788 6789 6779 6788 6790 6777 6778 6791 
6776 6775 6790 6779 6781 6792 6775 6780 6779 
6793 6781 6786 6775 6779 6790 6788 6779 6789 
6794 6793 6786 6793 6795 6781 6785 6796 6786 
6786 6796 6797 6796 6798 6797 6794 6786 6797 
6795 6777 6789 6795 6789 6792 6797 6798 6799 
6800 6788 6801 6782 6802 6803 6804 6784 6803 
6805 6794 6797 6787 6806 6788 6805 6797 6799 
4331 7961 6783 6807 6799 6808 6807 6805 6799 
6799 6809 6808 6781 6795 6792 6798 6809 6799 
6782 6784 6783 6804 6803 6808 6803 6802 6808 
6788 6806 6801 6802 6807 6808 6809 6804 6808 
6784 6782 6803 6788 6800 6790 6787 6810 6811 
6806 6787 6811 2926 2925 6800 2936 2927 6806 
2929 2928 6810 2941 2929 6778 2925 2931 6776 
2927 2926 6801 2928 2936 6811 6789 6779 6792 
6810 6787 6791 6800 6776 6790 6777 6791 6789 
6791 6787 6789 6778 6810 6791 6810 2928 6811 
6800 2925 6776 6806 2927 6801 2929 6810 6778 
2936 6806 6811 2926 6800 6801 7476 7474 6812 
7445 7477 6813 7449 7446 6814 6815 7449 6814 
6816 3708 6817 7749 6818 6817 6819 6820 6821 
6822 6815 6814 6820 6822 6821 6819 6821 6823 
6824 6825 6823 6821 6824 6823 6823 6825 6826 
6820 6815 6822 6827 6819 6823 6828 6824 6821 
7446 6829 6814 6827 6823 6826 6821 6822 6830 
6825 6831 6826 6828 6821 6830 6832 6827 6826 
6826 6831 6833 6818 6834 6835 6836 6816 6835 
6832 6826 6833 3708 7749 6817 6833 6837 6838 
6831 6837 6833 6839 6833 6838 6829 6830 6814 
6839 6832 6833 6818 6816 6817 6834 6839 6838 
6837 6836 6838 6829 6828 6830 6836 6835 6838 
6816 6818 6835 6835 6834 6838 6830 6822 6814 
7482 7450 6840 7452 7483 6841 2789 2788 6842 
3086 6843 6844 6845 2789 6842 6846 3009 6844 
6847 6848 6849 6850 6845 6842 6848 6850 6849 
6847 6849 6851 6852 6853 6851 6849 6852 6851 
6848 6845 6850 6854 6847 6851 6855 6852 6849 
6851 6853 6856 6854 6851 6856 2788 6857 6842 
6849 6850 6858 6859 6854 6856 6855 6849 6858 
6853 6860 6856 6859 6856 6861 6856 6860 6861 
6843 6862 6863 6864 6846 6863 3009 3086 6844 
6861 6865 6866 6860 6865 6861 6867 6861 6866 
6857 6858 6842 6867 6859 6861 6843 6846 6844 
6864 6863 6866 6863 6862 6866 6865 6864 6866 
6862 6867 6866 6857 6855 6858 6846 6843 6863 
6858 6850 6842 7486 7454 6868 7636 7645 6869 
7752 7742 6870 7743 3308 3311 6871 6870 6869 
6871 6872 6870 6873 6871 6869 7591 7637 6874 
7743 3311 6874 7742 7741 6875 7635 7636 6875 
6876 7641 6877 7747 6876 6877 6878 7638 6879 
7744 6878 6879 7642 7635 6880 7639 7640 6881 
7640 6876 6881 7640 7641 6876 7637 7638 6878 
6870 7742 6882 7636 6869 6882 7748 7747 6877 
7641 7642 6877 7745 7744 6879 7638 7639 6879 
7747 7746 6876 7744 7743 6878 6876 7746 6881 
7746 7745 6881 7741 7748 6880 6869 6870 6882 
7639 6881 6879 7642 6880 6877 6881 7745 6879 
6880 7748 6877 6880 7635 6875 7741 6880 6875 
6882 7742 6875 7636 6882 6875 6872 7752 6870 
7645 6873 6869 6878 7743 6874 7637 6878 6874 
3311 7591 6874 3306 6883 6884 8881 6885 8882 
6883 6886 6887 6887 6886 8878 6884 6887 6888 
8889 6887 8878 6888 6889 6890 6887 6889 6888 
8887 6891 6892 8882 6891 8887 6889 6893 6890 
6892 6891 6894 6892 6893 8887 6883 6887 6884 
8882 6885 6894 8889 6889 6887 6890 6893 6892 
8878 6886 7527 8890 6889 8889 6895 6885 8881 
8890 6893 6889 8887 6893 8890 6894 6891 8882 
7527 6886 3305 3305 6886 6883 6894 6885 6895 
7453 8874 6896 6896 8885 7453 3305 6883 3306 
8881 8884 6895 8884 8885 6897 6895 8884 6897 
6897 8885 6896 3617 6898 6899 8859 8863 6900 
6899 6901 6902 6901 8858 6902 6898 6903 6901 
8868 8858 6901 6903 6904 6905 6901 6903 6905 
8867 6906 6907 8863 8867 6907 6905 6904 6908 
6906 6909 6907 6906 8867 6908 6899 6898 6901 
8863 6909 6900 8868 6901 6905 6904 6906 6908 
8858 3600 6902 8871 8868 6905 6910 8859 6900 
8871 6905 6908 8867 8871 6908 6909 8863 6907 
3600 3616 6902 3616 6899 6902 6909 6910 6900 
6911 8872 7451 6911 7451 8856 3616 3617 6899 
8859 6910 8860 8860 6912 8856 6910 6912 8860 
6912 6911 8856 6913 3928 6914 8862 8861 6915 
6916 6914 6917 8857 6916 6917 6918 6913 6916 
8857 8869 6916 6919 6918 6920 6918 6916 6920 
6921 8866 6922 8866 8862 6922 6919 6920 6923 
6924 6921 6922 8866 6921 6923 6913 6914 6916 
6924 8862 6915 6916 8869 6920 6921 6919 6923 
7797 8857 6917 8869 8870 6920 8861 6925 6915 
6920 8870 6923 8870 8866 6923 8862 6924 6922 
6914 3754 6917 6925 6924 6915 7447 8854 6926 
8865 7447 6926 3754 7797 6917 3928 3754 6914 
8864 8865 6927 6927 8865 6926 8861 8864 6925 
6925 8864 6927 7802 7859 6928 7966 7962 6929 
7955 3934 3931 6930 6929 6928 6930 6931 6929 
6932 6930 6928 7805 7850 6933 7955 3931 6933 
7855 7802 6934 7962 7963 6934 6935 7851 6936 
7956 6935 6936 7963 7964 6937 6937 7964 6938 
7964 7959 6938 7852 7853 6939 7959 6940 6938 
7959 7958 6940 7850 7851 6935 6929 7962 6941 
7802 6928 6941 7853 6940 6939 7957 7956 6936 
7851 7852 6936 6940 7958 6939 7853 7854 6940 
7956 7955 6935 6940 7854 6938 7958 7957 6939 
7854 7856 6938 7856 6937 6938 7856 7855 6937 
6928 6929 6941 7852 6939 6936 6939 7957 6936 
7963 6937 6934 6937 7855 6934 6941 7962 6934 
7802 6941 6934 6931 7966 6929 7859 6932 6928 
6935 7955 6933 7850 6935 6933 3931 7805 6933 
6942 6943 4241 8843 6944 8842 6945 6946 6943 
8839 6946 6945 6947 6945 6942 8839 6945 8847 
6948 6949 6947 6947 6949 6945 6950 6951 8849 
8849 6951 8843 6948 6952 6949 6953 6951 6950 
8849 6952 6950 6942 6945 6943 6953 6944 8843 
6945 6949 8847 6950 6952 6948 4218 6946 8839 
8847 6949 8850 8842 6944 6954 6949 6952 8850 
8850 6952 8849 8843 6951 6953 6943 6946 4240 
6954 6944 6953 7475 6955 8852 8837 6955 7475 
4240 6946 4218 4241 6943 4240 8844 6956 8837 
6956 6955 8837 8842 6954 8844 6954 6956 8844 
6957 4553 6958 8845 8841 6959 6960 6958 6961 
8840 6960 6961 6962 6957 6960 8840 8848 6960 
6963 6962 6964 6962 6960 6964 6965 8846 6966 
8846 8845 6966 6963 6964 6967 6968 6965 6966 
8846 6965 6967 6957 6958 6960 6968 8845 6959 
6960 8848 6964 6965 6963 6967 8009 8840 6961 
8848 8851 6964 8841 6969 6959 6964 8851 6967 
8851 8846 6967 8845 6968 6966 6958 4552 6961 
6969 6968 6959 7468 8834 6970 8836 7468 6970 
4552 8009 6961 4553 4552 6958 8838 8836 6971 
6971 8836 6970 8841 8838 6969 6969 8838 6971 
8180 8124 6972 8068 8073 6973 8172 4557 4558 
6973 6974 6972 6975 6974 6973 6974 6976 6972 
8018 8063 6977 8172 4558 6977 8124 8177 6978 
8069 8068 6978 8177 8178 6979 8065 8066 6980 
6979 8178 6981 8066 6982 6980 8065 6980 6983 
8178 8176 6981 8066 8067 6982 8064 8065 6983 
6984 8064 6983 8063 8064 6984 8068 6973 6985 
6972 8124 6985 8176 6982 6981 6982 8067 6981 
8067 8070 6981 8176 8175 6982 8173 6984 6983 
8174 8173 6983 8173 8172 6984 6982 8175 6980 
6980 8174 6983 8070 6979 6981 8175 8174 6980 
8070 8069 6979 6973 6972 6985 8177 6979 6978 
6979 8069 6978 8068 6985 6978 6985 8124 6978 
8073 6975 6973 6976 8180 6972 6984 8172 6977 
8063 6984 6977 4558 8018 6977 6986 6987 4865 
8821 6988 8820 6989 6990 6987 8817 6990 6989 
6991 6989 6986 8817 6989 8827 6992 6993 6991 
6991 6993 6989 6994 6995 8828 8828 6995 8821 
6992 6996 6993 6997 6995 6994 8828 6996 6994 
6986 6989 6987 6997 6988 8821 6989 6993 8827 
6994 6996 6992 4805 6990 8817 8827 6993 8829 
8820 6988 6998 6993 6996 8829 8829 6996 8828 
8821 6995 6997 6987 6990 4692 6998 6988 6997 
8832 7489 6999 6999 7489 8831 4692 6990 4805 
4865 6987 4692 8824 7000 8831 7000 6999 8831 
8820 6998 8824 8824 6998 7000 7001 5177 7002 
8822 8819 7003 7004 7002 7005 8816 7004 7005 
7006 7001 7004 8816 8826 7004 7007 7006 7008 
7006 7004 7008 7009 8825 7010 8825 8822 7010 
7007 7008 7011 7012 7009 7010 8825 7009 7011 
7001 7002 7004 7012 8822 7003 7004 8826 7008 
7009 7007 7011 8181 8816 7005 8826 8830 7008 
8819 7013 7003 7008 8830 7011 8830 8825 7011 
8822 7012 7010 7002 5176 7005 7013 7012 7003 
8814 7014 7457 7014 8823 7457 5176 8181 7005 
5177 5176 7002 8818 8823 7015 7015 8823 7014 
8819 8818 7013 7013 8818 7015 8282 8287 7016 
8394 8390 7017 5182 8232 8277 7018 7017 7016 
7018 7019 7017 7020 7018 7016 8383 5181 7021 
5182 8277 7021 8390 8391 7022 8283 8282 7022 
7023 8281 7024 8387 7023 7024 8284 8283 7025 
8279 8280 7026 8385 8384 7027 8280 7023 7026 
8384 7028 7027 8280 8281 7023 8384 8383 7028 
7017 8390 7029 8282 7016 7029 8392 8387 7024 
8281 8284 7024 8279 7026 7027 7026 8385 7027 
8387 8386 7023 8277 8278 7028 7028 8278 7027 
7023 8386 7026 8278 8279 7027 8386 8385 7026 
8391 8392 7025 7016 7017 7029 8284 7025 7024 
7025 8392 7024 7025 8283 7022 8391 7025 7022 
7029 8390 7022 8282 7029 7022 7019 8394 7017 
8287 7020 7016 8277 7028 7021 7028 8383 7021 
5181 5182 7021 7030 7031 5490 8801 7032 8800 
7033 7034 7031 8796 7034 7033 7035 7033 7030 
8796 7033 8806 7036 7037 7035 7035 7037 7033 
7038 7039 8808 8808 7039 8801 7036 7040 7037 
7041 7039 7038 8808 7040 7038 7030 7033 7031 
7041 7032 8801 7033 7037 8806 7038 7040 7036 
5467 7034 8796 8806 7037 8810 8800 7032 7042 
7037 7040 8810 8810 7040 8808 8801 7039 7041 
7031 7034 5489 7042 7032 7041 7470 7043 8812 
8811 7043 7470 5489 7034 5467 5490 7031 5489 
8804 7044 8811 7044 7043 8811 8800 7042 8804 
7042 7044 8804 8608 8598 7045 8444 8501 7046 
5803 8448 8493 7046 7047 7045 7048 7047 7046 
7047 7049 7045 8599 5800 7050 5803 8493 7050 
8492 8444 7051 8598 8597 7051 8600 7052 7053 
7052 8494 7053 8597 8604 7054 7054 8604 7055 
8604 8603 7055 8602 8601 7056 8603 7057 7055 
7057 8602 7056 8603 8602 7057 8600 8599 7052 
8444 7046 7058 7045 8598 7058 8601 8600 7053 
8494 8495 7053 8496 8497 7057 8493 8494 7052 
8496 7057 7056 7057 8497 7055 8495 8496 7056 
8497 8498 7055 8498 7054 7055 8498 8492 7054 
7046 7045 7058 7056 8601 7053 8495 7056 7053 
8597 7054 7051 7054 8492 7051 8444 7058 7051 
7058 8598 7051 8501 7048 7046 7049 8608 7045 
8493 7052 7050 7052 8599 7050 5800 5803 7050 
5798 7059 7060 8799 7061 8802 7059 7062 7063 
7063 7062 8797 7060 7063 7064 8807 7063 8797 
7064 7065 7066 7063 7065 7064 8805 7067 7068 
8802 7067 8805 7065 7069 7066 7068 7067 7070 
7068 7069 8805 7059 7063 7060 8802 7061 7070 
8807 7065 7063 7066 7069 7068 8797 7062 8443 
8809 7065 8807 7071 7061 8799 8809 7069 7065 
8805 7069 8809 7070 7067 8802 8443 7062 5637 
5637 7062 7059 7070 7061 7071 7463 8794 7072 
7072 8803 7463 5637 7059 5798 8799 8798 7071 
8798 8803 7073 7071 8798 7073 7073 8803 7072 
6109 7074 7075 8780 8781 7076 7075 7077 7078 
7077 8776 7078 7074 7079 7077 8786 8776 7077 
7079 7080 7081 7077 7079 7081 8788 7082 7083 
8781 8788 7083 7081 7080 7084 7082 7085 7083 
7082 8788 7084 7075 7074 7077 8781 7085 7076 
8786 7077 7081 7080 7082 7084 8776 6092 7078 
8790 8786 7081 7086 8780 7076 8790 7081 7084 
8788 8790 7084 7085 8781 7083 6092 6108 7078 
6108 7075 7078 7085 7086 7076 7461 7087 8792 
7087 7461 8791 6108 6109 7075 8780 7086 8784 
8784 7088 8791 7086 7088 8784 7088 7087 8791 
8661 8707 6426 7089 7090 8715 7089 8715 7091 
7090 8706 8715 6421 6426 8707 7092 6421 8707 
7092 8707 8708 7093 8708 8709 7092 8708 7093 
7094 8709 8710 7094 7093 8709 7095 8710 8711 
7094 8710 7095 7096 8711 8712 7096 7095 8711 
7097 8712 8705 7096 8712 7097 7098 8705 8706 
7098 7097 8705 7098 8706 7090 6419 7099 7100 
8779 7101 8782 7099 7102 7103 7103 7102 8777 
7100 7103 7104 8787 7103 8777 7104 7105 7106 
7103 7105 7104 8785 7107 7108 8782 7107 8785 
7105 7109 7106 7108 7107 7110 7108 7109 8785 
7099 7103 7100 8782 7101 7110 8787 7105 7103 
7106 7109 7108 8777 7102 8655 8789 7105 8787 
7111 7101 8779 8789 7109 7105 8785 7109 8789 
7110 7107 8782 8655 7102 6418 6418 7102 7099 
7110 7101 7111 7459 8774 7112 7112 8783 7459 
6418 7099 6419 8779 8778 7111 8778 8783 7113 
7111 8778 7113 7113 8783 7112 7090 7089 7114 
8773 8765 7114 8765 7090 7114 7089 7115 7114 
7115 8773 7114 6422 8767 6524 8767 6422 6421 
8767 6421 7092 8768 8767 7092 8769 8768 7093 
8768 7092 7093 8770 8769 7094 8769 7093 7094 
8771 8770 7095 8770 7094 7095 8772 8771 7096 
8771 7095 7096 8766 8772 7097 8772 7096 7097 
8765 8766 7098 8766 7097 7098 8765 7098 7090 
6686 7116 7117 8879 8883 7118 7117 7119 7120 
7119 8876 7120 7116 7121 7119 8888 8876 7119 
7121 7122 7123 7119 7121 7123 8886 7124 7125 
8883 8886 7125 7123 7122 7126 7124 7127 7125 
7124 8886 7126 7117 7116 7119 8883 7127 7118 
8888 7119 7123 7122 7124 7126 8876 7579 7120 
8891 8888 7123 7128 8879 7118 8891 7123 7126 
8886 8891 7126 7127 8883 7125 7579 6569 7120 
6569 7117 7120 7127 7128 7118 7455 7129 8892 
8877 7129 7455 6569 6686 7117 8879 7128 8880 
7130 8877 8880 7128 7130 8880 8877 7130 7129 
8775 7487 7131 7487 8893 7131 8980 8775 7131 
8893 8988 7131 8974 8975 7132 8983 8982 7132 
7133 8978 7134 8977 8978 7133 7134 8979 7135 
8986 8985 7133 8975 8976 7136 8984 8983 7136 
8987 7134 7135 8984 7136 7137 8981 7138 7135 
8986 7133 7134 8976 8977 7137 8978 8979 7134 
8979 8981 7135 8981 8980 7138 8985 8984 7137 
7133 8985 7137 8987 8986 7134 8989 8987 7135 
8988 8989 7138 7138 8989 7135 8977 7133 7137 
7136 8976 7137 7139 8974 7132 8982 7139 7132 
7089 7140 7141 7115 7089 7141 7089 7091 7140 
7136 8983 7132 8975 7136 7132 8982 7141 7139 
7140 8974 7139 7138 8980 7131 8988 7138 7131 
7141 7140 7139 7091 8715 7140 8773 7115 7141 
8982 8773 7141 8715 8974 7140 8795 7481 7142 
7481 8793 7142 8964 8795 7142 8793 8972 7142 
8958 8959 7143 8967 8966 7143 7144 8962 7145 
7146 8973 7147 7148 8968 7149 8965 8964 7146 
8970 8969 7144 7144 8969 7148 8970 7144 7145 
8965 7146 7147 8960 8961 7148 8962 8963 7145 
8963 8965 7147 8969 8968 7148 8971 8970 7145 
8973 8971 7147 7145 8963 7147 8971 7145 7147 
8959 8960 7149 8960 7148 7149 8968 8967 7149 
8961 7144 7148 8961 8962 7144 8972 8973 7146 
7150 8958 7143 8966 7150 7143 7047 7151 7152 
7047 7048 7151 7049 7047 7152 7149 8967 7143 
8959 7149 7143 7151 8958 7150 8966 7152 7150 
8972 7146 7142 7146 8964 7142 7152 7151 7150 
7048 8501 7151 8608 7049 7152 8966 8608 7152 
8501 8958 7151 7473 7153 8815 8813 7153 7473 
8815 7153 8948 8956 7153 8813 8950 7154 8951 
8943 7154 8942 7155 7156 8944 8946 7157 8945 
8948 7158 8949 8953 7157 8954 8957 7158 8956 
7157 7155 8945 7157 7159 8954 8957 7160 7158 
8946 7159 7157 7158 7160 8949 8945 7155 8944 
8947 7159 8946 8949 7160 8947 8952 7155 8953 
8954 7159 8955 8955 7160 8957 7160 7159 8947 
8955 7159 7160 8944 7156 8943 8951 7156 8952 
8952 7156 7155 8953 7155 7157 7161 7154 8950 
8942 7154 7161 7018 7162 7163 7018 7163 7019 
7020 7162 7018 8951 7154 7156 7156 7154 8943 
7163 7161 8950 8942 7161 7162 8948 7153 7158 
7158 7153 8956 7162 7161 7163 8942 7162 8287 
8287 7162 7020 7019 7163 8394 8394 7163 8950 
7466 7164 8835 8833 7164 7466 8835 7164 8932 
8940 7164 8833 8927 7165 8926 8934 7165 8935 
8930 7166 8929 8937 7166 8938 7166 7167 8938 
8928 7168 8927 8935 7168 8936 8930 7167 7166 
8928 7169 7168 8929 7169 8928 8931 7167 8930 
8933 7170 8931 8932 7171 8933 8936 7169 8937 
8937 7169 7166 8938 7167 8939 8939 7170 8941 
7167 7170 8939 8941 7171 8940 7170 7171 8941 
7166 7169 8929 8931 7170 7167 8933 7171 7170 
7168 7169 8936 8926 7165 7172 7172 7165 8934 
7173 7174 6974 6975 7173 6974 6974 7174 6976 
7168 7165 8927 8935 7165 7168 8926 7172 7173 
7174 7172 8934 7171 7164 8940 8932 7164 7171 
7173 7172 7174 8926 7173 8073 8073 7173 6975 
6976 7174 8180 8180 7174 8934 7478 7175 8855 
8853 7175 7478 8855 7175 8916 8924 7175 8853 
8918 7176 8919 8911 7176 8910 7177 7178 8917 
7179 7180 8912 8914 7181 8913 8916 7177 8917 
8925 7177 8924 8921 7181 8922 7181 7179 8913 
8914 7182 7181 8925 7178 7177 8913 7179 8912 
8915 7182 8914 8917 7178 8915 8920 7179 8921 
8922 7182 8923 8923 7178 8925 8915 7178 7182 
7182 7178 8923 8912 7180 8911 8919 7180 8920 
8920 7180 7179 8921 7179 7181 7181 7182 8922 
7183 7176 8918 8910 7176 7183 6930 7184 7185 
6930 7185 6931 6932 7184 6930 7180 7176 8911 
8919 7176 7180 7185 7183 8918 8910 7183 7184 
8916 7175 7177 7177 7175 8924 7184 7183 7185 
8910 7184 7859 7859 7184 6932 6931 7185 7966 
7966 7185 8918 7484 8873 7186 8875 7484 7186 
8873 8908 7186 8900 8875 7186 8903 8902 7187 
8894 8895 7187 7188 8898 7189 7190 8901 7191 
7190 8907 7189 8901 8900 7191 8908 8909 7191 
8906 8905 7188 7188 8905 7192 8906 7188 7189 
8909 7190 7191 8898 8899 7189 8899 8901 7190 
8905 8904 7192 8896 8897 7192 8907 8906 7189 
8909 8907 7190 8899 7190 7189 8896 7192 7193 
8895 8896 7193 8904 8903 7193 7192 8904 7193 
8897 7188 7192 8897 8898 7188 8902 7194 7187 
7194 8894 7187 7195 6871 7196 6872 6871 7195 
6871 6873 7196 7193 8903 7187 8895 7193 7187 
8902 7195 7194 7196 8894 7194 7191 8900 7186 
8908 7191 7186 7195 7196 7194 6873 7645 7196 
7752 6872 7195 8902 7752 7195 7645 8894 7196 

