$MeshFormat
4.1 0 8
$EndMeshFormat
$Entities
115 186 73 1
1 122 -2.98813818992e-14 1345 0 
2 122 -2.98813818992e-14 0 0 
3 102 -2.498279470261e-14 1345 0 
4 102 -2.498279470261e-14 0 0 
5 60 -1.469576158977e-14 1295 0 
6 28.284271247462 10 40 0 
7 22.802389661575 19.494897427832 40 0 
8 87.5 10 7.73912512831 0 
9 87.5 -2.143131898508e-14 8.055555555555999 0 
10 87.5 -10 7.73912512831 0 
11 28.284271247462 -10 40 0 
12 22.802389661575 -19.49489742783 40 0 
13 52.410254037844 -70.77722283113 7.73912512831 0 
14 35.089745962156 -80.77722283113 7.73912512831 0 
15 5.481881585887 -29.49489742783 40 0 
16 -5.481881585887 -29.49489742783 40 0 
17 -35.08974596215 -80.77722283113 7.73912512831 0 
18 -52.41025403784 -70.77722283113 7.73912512831 0 
19 -22.80238966157 -19.49489742783 40 0 
20 -28.28427124746 -10 40 0 
21 -87.5 -10 7.73912512831 0 
22 -87.5 10 7.73912512831 0 
23 -28.28427124746 10 40 0 
24 -22.80238966157 19.494897427832 40 0 
25 -52.41025403784 70.777222831138 7.73912512831 0 
26 -35.08974596215 80.777222831138 7.73912512831 0 
27 -5.481881585887 29.494897427832 40 0 
28 5.481881585887 29.494897427832 40 0 
29 35.089745962156 80.777222831138 7.73912512831 0 
30 52.410254037844 70.777222831138 7.73912512831 0 
31 59.160797830996 -10 1145 0 
32 60 -1.469576158977e-14 1145 0 
33 59.160797830996 10 1145 0 
34 38.240652953343 46.234753829798 1145 0 
35 29.99999999637 51.961524229162 1145 0 
36 20.920144877655 56.234753829798 1145 0 
37 -20.92014487765 56.234753829798 1145 0 
38 -29.99999999635 51.961524229171 1145 0 
39 -38.24065295334 46.234753829798 1145 0 
40 -59.16079783099 10.000000000001 1145 0 
41 -60 3.387200666725e-14 1145 0 
42 -59.16079783099 -10 1145 0 
43 -38.24065295334 -46.23475382979 1145 0 
44 -30.00000050159 -51.96152393746 1145 0 
45 -20.92014487765 -56.23475382979 1145 0 
46 20.920144877655 -56.23475382979 1145 0 
47 29.999999996364 -51.96152422916 1145 0 
48 38.240652953343 -46.23475382979 1145 0 
49 28.284271247462 10 995 0 
50 22.802389661575 19.494897427832 995 0 
51 52.410254037844 70.777222831138 864.17947692398 0 
52 38.660254037844 46.961524227066 995 0 
53 38.660254037844 46.961524227066 995.99536143719 0 
54 35.089745962156 80.777222831138 864.17947692398 0 
55 5.481881585887 29.494897427832 995 0 
56 21.339745962156 56.961524227066 995 0 
57 21.339745962155 56.961524227066 995.99536143719 0 
58 -5.481881585887 29.494897427832 995 0 
59 -35.08974596215 80.777222831138 864.17947692398 0 
60 -21.33974596215 56.961524227066 995.99536143719 0 
61 -21.33974596215 56.961524227066 995 0 
62 -52.41025403784 70.777222831138 864.17947692398 0 
63 -22.80238966157 19.494897427832 995 0 
64 -38.66025403784 46.961524227066 995.99536143719 0 
65 -38.66025403784 46.961524227066 995 0 
66 -28.28427124746 10 995 0 
67 -87.5 10 864.17947692398 0 
68 -60 10 995.99536143716 0 
69 -60 10 995 0 
70 -87.5 -10 864.17947692398 0 
71 -28.28427124746 -10 995 0 
72 -60 -10 995.99536143716 0 
73 -60 -10 995 0 
74 -22.80238966157 -19.49489742783 995 0 
75 -52.41025403784 -70.77722283113 864.17947692398 0 
76 -38.66025403784 -46.96152422706 995.99536143719 0 
77 -38.66025403784 -46.96152422706 995 0 
78 -35.08974596215 -80.77722283113 864.17947692398 0 
79 -5.481881585887 -29.49489742783 995 0 
80 -21.33974596215 -56.96152422706 995.99536143719 0 
81 -21.33974596215 -56.96152422706 995 0 
82 5.481881585887 -29.49489742783 995 0 
83 35.089745962156 -80.77722283113 864.17947692398 0 
84 21.339745962156 -56.96152422706 995 0 
85 21.339745962155 -56.96152422706 995.99536143719 0 
86 52.410254037844 -70.77722283113 864.17947692398 0 
87 22.802389661575 -19.49489742783 995 0 
88 38.660254037844 -46.96152422706 995 0 
89 38.660254037844 -46.96152422706 995.99536143719 0 
90 28.284271247462 -10 995 0 
91 87.5 -10 864.17947692398 0 
92 60 -10 995 0 
93 60.000000000002 -10 995.99536143716 0 
94 87.5 10 864.17947692398 0 
95 87.5 -2.143131898508e-14 866.93548387096 0 
96 60 10 995 0 
97 60.000000000002 10 995.99536143716 0 
98 60 -10 1145 0 
99 38.660254037844 -46.96152422706 1145 0 
100 21.339745962156 -56.96152422706 1145 0 
101 -21.33974596215 -56.96152422706 1145 0 
102 -38.66025403784 -46.96152422706 1145 0 
103 -60 -10 1145 0 
104 -60 10 1145 0 
105 -38.66025403784 46.961524227066 1145 0 
106 -21.33974596215 56.961524227066 1145 0 
107 21.339745962156 56.961524227066 1145 0 
108 38.660254037844 46.961524227066 1145 0 
109 60 10 1145 0 
110 30.000001168008 51.961523552717 1000 0 
111 -29.99999883199 51.961524901416 1000 0 
112 -60 -1.348699145011e-06 1000 0 
113 -30.000001168 -51.96152355271 1000 0 
114 30.000001168008 -51.96152355271 1000 0 
115 60 -1.469576158977e-14 1000 0 
1 -122.0000001 -122.0000001 1344.9999999 122.0000001 122.0000001 1345.0000001 0 2 1 -1 
2 121.9999999 -1.000000298813819e-07 -9.999996564147295e-08 122.0000001 9.99999701186181e-08 1345.0000001 0 2 2 -1 
3 -122.0000001 -122.0000001 -1e-07 122.0000001 122.0000001 1e-07 0 2 2 -2 
4 -102.0000001 -102.0000001 1344.9999999 102.0000001 102.0000001 1345.0000001 0 2 3 -3 
5 -102.0000001 -102.0000001 -1e-07 102.0000001 102.0000001 1e-07 0 2 4 -4 
6 59.9999999 -1.000000249827947e-07 1294.9999999 102.000000099977 9.99999853042384e-08 1345.000000100019 0 2 5 -3 
7 -60.0000001 -60.0000001 1294.9999999 60.0000001 60.0000001 1295.0000001 0 2 5 -5 
8 22.80238956157509 9.999999899999969 39.9999999 28.28427134746191 19.49489752783208 40.0000001 0 2 6 -7 
9 28.28427114746157 9.999999900000001 7.739125028306951 87.50000009999832 10.0000001 40.00000009999917 0 2 8 -6 
10 87.49999990000001 -1.000000100503939e-07 7.739125028310057 87.50000009999999 10.00000009999999 8.055555655555997 0 2 9 -8 
11 87.4999999000006 -1.000000249827947e-07 -1.000000002804313e-07 102.0000001 9.999997856868103e-08 8.05555565555707 0 2 4 -9 
12 87.49999990000001 -10.00000010000002 7.739125028310057 87.50000009999999 9.999999051046871e-08 8.055555655555997 0 2 10 -9 
13 28.28427114746157 -10.0000001 7.739125028306951 87.50000009999832 -9.999999900000001 40.00000009999917 0 2 10 -11 
14 22.80238956157606 -19.49489752783093 39.9999999 28.28427134746191 -9.999999899999979 40.0000001 0 2 12 -11 
15 22.80238956157952 -70.77722293112251 7.739125028310035 52.410254137857 -19.49489732782729 40.00000009999984 0 2 13 -12 
16 35.089745862157 -80.77722293113173 7.739125028310078 52.410254137843 -70.77722273112828 8.055555655555997 0 2 14 -13 
17 5.481881485891524 -80.77722293112251 7.739125028310035 35.089746062169 -29.49489732782729 40.00000009999984 0 2 14 -15 
18 -5.481881685887315 -30.0000001 39.9999999 5.481881685887304 -29.49489732783164 40.0000001 0 2 16 -15 
19 -35.08974606216785 -80.77722293112052 7.7391250283113 -5.481881485891517 -29.49489732782728 40.00000009999984 0 2 16 -17 
20 -52.41025413784001 -80.77722293113432 7.739125028309751 -35.0897458621525 -70.77722273113001 8.055555655555997 0 2 17 -18 
21 -52.41025413785624 -70.7772229311212 7.739125028310859 -22.80238956157854 -19.49489732782559 40.00000010000087 0 2 19 -18 
22 -28.28427134746169 -19.49489752783339 39.9999999 -22.80238956157396 -9.999999900000596 40.0000001 0 2 20 -19 
23 -87.50000009999832 -10.0000001 7.739125028306951 -28.28427114745999 -9.999999900000001 40.0000001 0 2 20 -21 
24 -87.50000009999999 -10.00000010000002 7.739125028310057 -87.49999990000001 10.00000009999999 8.055555655555997 0 2 21 -22 
25 -87.50000009999832 9.999999900000001 7.739125028306951 -28.28427114745999 10.0000001 40.0000001 0 2 23 -22 
26 -28.28427134746169 9.999999900000603 39.9999999 -22.80238956157297 19.49489752783455 40.0000001 0 2 24 -23 
27 -52.41025413785888 19.49489732782677 7.73912502830796 -22.80238956157922 70.77722293112576 40.00000010000016 0 2 24 -25 
28 -52.41025413784001 70.77722273113801 7.739125028309751 -35.0897458621525 80.77722293114233 8.055555655555997 0 2 25 -26 
29 -35.08974606217051 29.49489732782846 7.739125028308365 -5.481881485892199 80.77722293112511 40.00000009999913 0 2 27 -26 
30 -5.481881685886948 29.49489732783171 39.9999999 5.481881685886944 30.0000001 40.0000001 0 2 28 -27 
31 5.481881485892199 29.49489732782846 7.739125028307093 35.08974606217166 80.77722293112713 40.00000009999913 0 2 29 -28 
32 35.089745862157 70.77722273113628 7.739125028310078 52.410254137843 80.77722293113973 8.055555655555997 0 2 30 -29 
33 22.8023895615802 19.49489732782846 7.739125028307093 52.41025413785966 70.77722293112713 40.00000009999913 0 2 30 -7 
34 59.16079773099615 -10.00000010000004 1144.9999999 60.0000001 9.999998518139819e-08 1145.0000001 0 2 31 -32 
35 59.9999999 -1.000000146957616e-07 1144.9999999 60.0000001 9.99999853042384e-08 1295.0000001 0 2 32 -5 
36 59.16079773099615 -1.000000002804313e-07 1144.9999999 60.0000001 10.00000010000003 1145.0000001 0 2 32 -33 
37 38.24065285334278 9.999999900000027 1144.9999999 59.16079793099615 46.23475392979773 1145.0000001 0 2 33 -34 
38 29.99999989637005 46.23475372979773 1144.9999999 38.24065305334278 51.96152432916207 1145.0000001 0 2 34 -35 
39 20.92014477765484 51.96152412916207 1144.9999999 30.00000009637005 56.23475392979757 1145.0000001 0 2 35 -36 
40 -20.92014497765044 56.23475372979757 1144.9999999 20.92014497765484 60.0000001 1145.0000001 0 2 36 -37 
41 -30.00000009635114 51.96152412917299 1144.9999999 -20.92014477765044 56.2347539297992 1145.0000001 0 2 37 -38 
42 -38.240653053341 46.2347537297992 1144.9999999 -29.99999989635114 51.96152432917299 1145.0000001 0 2 38 -39 
43 -59.16079793099582 9.999999900002003 1144.9999999 -38.240652853341 46.2347539297992 1145.0000001 0 2 39 -40 
44 -60.0000001 -9.999999228682555e-08 1144.9999999 -59.16079773099582 10.000000100002 1145.0000001 0 2 40 -41 
45 -60.0000001 -10.00000010000102 1144.9999999 -59.16079773099599 1.000000073858587e-07 1145.0000001 0 2 41 -42 
46 -59.16079793099599 -46.23475392979596 1144.9999999 -38.24065285334493 -9.999999900001015 1145.0000001 0 2 42 -43 
47 -38.24065305334494 -51.96152403746988 1144.9999999 -30.00000040159575 -46.23475372979595 1145.0000001 0 2 43 -44 
48 -30.00000060159575 -56.23475392979821 1144.9999999 -20.9201447776531 -51.96152383746988 1145.0000001 0 2 44 -45 
49 -20.92014497765309 -60.0000001 1144.9999999 20.92014497765747 -56.23475372979659 1145.0000001 0 2 45 -46 
50 20.92014477765747 -56.23475392979659 1144.9999999 30.00000009636639 -51.96152412916418 1145.0000001 0 2 46 -47 
51 29.99999989636639 -51.96152432916418 1144.9999999 38.24065305334668 -46.23475372979451 1145.0000001 0 2 47 -48 
52 38.24065285334667 -46.23475392979451 1144.9999999 59.16079793099615 -9.999999900000041 1145.0000001 0 2 48 -31 
53 22.80238956157509 9.999999899999969 994.9999999 28.28427134746191 19.49489752783208 995.0000001 0 2 49 -50 
54 28.284271147462 9.999999900000001 39.99999989999998 28.284271347462 10.0000001 995.0000001 0 2 6 -49 
55 22.802389561575 19.494897327832 39.99999989999998 22.802389761575 19.494897527832 995.0000001 0 2 7 -50 
56 52.410253937844 70.77722273113801 7.739125028310013 52.410254137844 70.777222931138 864.17947702398 0 2 30 -51 
57 22.8023895615936 19.49489732782128 994.9999999 38.66025413786843 46.9615243270519 995.0000001 0 2 50 -52 
58 38.660253937844 46.961524127066 994.9999999 38.660254137844 46.961524327066 995.99536153719 0 2 52 -53 
59 38.66025393783822 46.96152412703 864.1794768239735 52.41025413784484 70.77722293110145 995.9953615371828 0 2 51 -53 
60 35.089745862156 80.77722273113801 7.739125028310013 35.089746062156 80.777222931138 864.17947702398 0 2 29 -54 
61 35.08974586221201 70.77722273116802 864.1794768238644 52.410254137788 80.77722293110797 866.93548397081 0 2 51 -54 
62 5.481881485887 29.494897327832 39.99999989999998 5.481881685887 29.494897527832 995.0000001 0 2 28 -55 
63 5.481881485904098 29.49489732782214 994.9999999 21.33974606217893 56.96152432705277 995.0000001 0 2 55 -56 
64 21.339745862156 56.961524127066 994.9999999 21.339746062156 56.961524327066 995.99536153719 0 2 56 -57 
65 21.33974586215021 56.96152412702997 864.1794768239735 35.08974606215684 80.77722293110145 995.9953615371829 0 2 54 -57 
66 -5.481881685886948 29.49489732783171 994.9999999 5.481881685886944 30.0000001 995.0000001 0 2 55 -58 
67 -5.481881685887 29.494897327832 39.99999989999998 -5.481881485887 29.494897527832 995.0000001 0 2 27 -58 
68 -35.08974606215 80.77722273113801 7.739125028310013 -35.08974586215 80.777222931138 864.17947702398 0 2 26 -59 
69 -35.08974606215678 56.96152412702988 864.179476823974 -21.33974586215016 80.77722293110133 995.9953615371834 0 2 60 -59 
70 -21.33974606215 56.961524127066 994.9999999 -21.33974586215 56.961524327066 995.99536153719 0 2 61 -60 
71 -21.33974606215 29.49489732783796 994.9999999 -5.481881485876671 56.961524327066 995.0000001 0 2 61 -58 
72 -52.41025413784 70.77722273113801 7.739125028310013 -52.41025393784 70.777222931138 864.17947702398 0 2 25 -62 
73 -52.41025413778575 70.77722273116933 864.1794768238622 -35.08974586220847 80.77722293111002 866.93548397081 0 2 62 -59 
74 -22.80238976157 19.494897327832 39.99999989999998 -22.80238956157 19.494897527832 995.0000001 0 2 24 -63 
75 -52.4102541378448 46.96152412702993 864.1794768239739 -38.66025393783818 70.77722293110139 995.9953615371832 0 2 64 -62 
76 -38.66025413784 46.961524127066 994.9999999 -38.66025393784 46.961524327066 995.99536153719 0 2 65 -64 
77 -38.66025413784 19.49489732783493 994.9999999 -22.80238956156492 46.961524327066 995.0000001 0 2 65 -63 
78 -28.28427134746169 9.999999900000603 994.9999999 -22.80238956157297 19.49489752783455 995.0000001 0 2 63 -66 
79 -28.28427134746 9.999999900000001 39.99999989999998 -28.28427114746 10.0000001 995.0000001 0 2 23 -66 
80 -87.50000009999999 9.999999900000001 7.739125028310013 -87.49999990000001 10.0000001 864.17947702398 0 2 22 -67 
81 -87.50000009996843 9.999999900000001 864.1794768239735 -59.99999989997168 10.0000001 995.9953615371541 0 2 68 -67 
82 -60.0000001 9.999999900000001 994.9999999 -59.9999999 10.0000001 995.99536153716 0 2 69 -68 
83 -60.0000001 9.999999900000001 994.9999999 -28.28427114746 10.0000001 995.0000001 0 2 69 -66 
84 -87.50000009999999 -10.0000001 7.739125028310013 -87.49999990000001 -9.999999900000001 864.17947702398 0 2 21 -70 
85 -87.50000009999999 -10.0000000999364 864.1794768238643 -87.49999990000001 10.00000009993638 866.93548397081 0 2 70 -67 
86 -28.28427134746 -10.0000001 39.99999989999998 -28.28427114746 -9.999999900000001 995.0000001 0 2 20 -71 
87 -87.50000009996843 -10.0000001 864.1794768239735 -59.99999989997168 -9.999999900000001 995.9953615371541 0 2 72 -70 
88 -60.0000001 -10.0000001 994.9999999 -59.9999999 -9.999999900000001 995.99536153716 0 2 73 -72 
89 -60.0000001 -10.0000001 994.9999999 -28.28427114746 -9.999999900000001 995.0000001 0 2 73 -71 
90 -22.80238976157 -19.49489752783 39.99999989999998 -22.80238956157 -19.49489732783 995.0000001 0 2 19 -74 
91 -28.28427134746169 -19.49489752783339 994.9999999 -22.80238956157396 -9.999999900000596 995.0000001 0 2 71 -74 
92 -52.41025413784 -70.77722293113 7.739125028310013 -52.41025393784 -70.77722273113001 864.17947702398 0 2 18 -75 
93 -52.41025413784467 -70.77722293110115 864.1794768239753 -38.66025393783806 -46.96152412702971 995.9953615371843 0 2 76 -75 
94 -38.66025413784 -46.96152432706 994.9999999 -38.66025393784 -46.96152412706 995.99536153719 0 2 77 -76 
95 -38.66025413784 -46.96152432706 994.9999999 -22.80238956156665 -19.49489732783193 995.0000001 0 2 77 -74 
96 -35.08974606215 -80.77722293113 7.739125028310013 -35.08974586215 -80.77722273113001 864.17947702398 0 2 17 -78 
97 -52.41025413778578 -80.777222931102 864.1794768238622 -35.08974586220848 -70.77722273116132 866.93548397081 0 2 78 -75 
98 -5.481881685887 -29.49489752783 39.99999989999998 -5.481881485887 -29.49489732783 995.0000001 0 2 16 -79 
99 -35.08974606215663 -80.77722293110108 864.1794768239756 -21.33974586215005 -56.9615241270297 995.9953615371845 0 2 80 -78 
100 -21.33974606215 -56.96152432706 994.9999999 -21.33974586215 -56.96152412706 995.99536153719 0 2 81 -80 
101 -21.33974606215 -56.96152432706 994.9999999 -5.481881485878401 -29.49489732783496 995.0000001 0 2 81 -79 
102 5.481881485887 -29.49489752783 39.99999989999998 5.481881685887 -29.49489732783 995.0000001 0 2 15 -82 
103 -5.481881685887315 -30.0000001 994.9999999 5.481881685887304 -29.49489732783164 995.0000001 0 2 79 -82 
104 35.089745862156 -80.77722293113 7.739125028310013 35.089746062156 -80.77722273113001 864.17947702398 0 2 14 -83 
105 5.481881485905824 -56.96152432704677 994.9999999 21.33974606217893 -29.49489732781913 995.0000001 0 2 82 -84 
106 21.339745862156 -56.96152432706 994.9999999 21.339746062156 -56.96152412706 995.99536153719 0 2 84 -85 
107 21.3397458621501 -80.77722293110122 864.1794768239748 35.08974606215671 -56.96152412702978 995.995361537184 0 2 83 -85 
108 52.410253937844 -70.77722293113 7.739125028310013 52.410254137844 -70.77722273113001 864.17947702398 0 2 13 -86 
109 35.089745862212 -80.77722293109997 864.1794768238644 52.41025413778799 -70.77722273116004 866.93548397081 0 2 83 -86 
110 22.802389561575 -19.49489752783 39.99999989999998 22.802389761575 -19.49489732783 995.0000001 0 2 12 -87 
111 22.80238956159532 -46.96152432704591 994.9999999 38.66025413786843 -19.49489732781826 995.0000001 0 2 87 -88 
112 38.660253937844 -46.96152432706 994.9999999 38.660254137844 -46.96152412706 995.99536153719 0 2 88 -89 
113 38.66025393783811 -70.77722293110122 864.1794768239748 52.4102541378447 -46.96152412702981 995.9953615371838 0 2 86 -89 
114 28.284271147462 -10.0000001 39.99999989999998 28.284271347462 -9.999999900000001 995.0000001 0 2 11 -90 
115 22.80238956157606 -19.49489752783093 994.9999999 28.28427134746191 -9.999999899999979 995.0000001 0 2 87 -90 
116 87.49999990000001 -10.0000001 7.739125028310013 87.50000009999999 -9.999999900000001 864.17947702398 0 2 10 -91 
117 28.284271147462 -10.0000001 994.9999999 60.0000001 -9.999999900000001 995.0000001 0 2 90 -92 
118 59.9999999 -10.0000001 994.9999999 60.0000001 -9.999999900000001 995.99536153716 0 2 92 -93 
119 59.99999989997175 -10.0000001 864.1794768239735 87.50000009996843 -9.999999900000001 995.9953615371536 0 2 91 -93 
120 87.49999990000001 9.999999900000001 7.739125028310013 87.50000009999999 10.0000001 864.17947702398 0 2 8 -94 
121 87.49999990000001 -1.000000002804313e-07 864.1794768238643 87.50000009999999 10.00000009993638 866.93548397081 0 2 95 -94 
122 87.49999990000001 -10.0000000999364 864.1794768238643 87.50000009999999 1.000000002804313e-07 866.93548397081 0 2 91 -95 
123 28.284271147462 9.999999900000001 994.9999999 60.0000001 10.0000001 995.0000001 0 2 49 -96 
124 59.9999999 9.999999900000001 994.9999999 60.0000001 10.0000001 995.99536153716 0 2 96 -97 
125 59.99999989997175 9.999999900000001 864.1794768239735 87.50000009996843 10.0000001 995.9953615371536 0 2 94 -97 
126 59.9999999 -10.0000001 1144.9999999 60.0000001 9.999998606957661e-08 1145.0000001 0 2 98 -32 
127 59.160797730996 -10.0000001 1144.9999999 60.0000001 -9.999999900000001 1145.0000001 0 2 31 -98 
128 28.28427114746191 -10.0000001 994.9999999 59.16079793099617 -9.999999900000001 1145.0000001 0 2 90 -31 
129 22.80238956158029 -46.23475392979128 994.9999998999997 38.24065305335319 -19.49489732782862 1145.000000099999 0 2 87 -48 
130 38.24065285336585 -46.96152432704591 1144.9999999 38.66025413786843 -46.23475372977683 1145.0000001 0 2 48 -99 
131 29.99999989636267 -51.9615243291577 1144.9999999 38.660254137842 -46.96152412705654 1145.0000001 0 2 47 -99 
132 21.339745862156 -56.96152432706 1144.9999999 30.00000009636268 -51.9615241291577 1145.0000001 0 2 100 -47 
133 20.92014477767636 -56.96152432704677 1144.9999999 21.33974606217893 -56.23475372977769 1145.0000001 0 2 46 -100 
134 5.481881485892292 -56.23475392979128 994.9999998999997 20.92014497766519 -29.49489732782862 1145.000000099999 0 2 82 -46 
135 -20.92014497766514 -56.23475392979119 994.9999998999997 -5.481881485892292 -29.49489732782862 1145.000000099998 0 2 45 -79 
136 -30.00000060159049 -56.96152432706 1144.9999999 -21.33974586215 -51.96152383746083 1145.0000001 0 2 101 -44 
137 -21.33974606215 -56.96152432706 1144.9999999 -20.92014477764767 -56.23475372979134 1145.0000001 0 2 101 -45 
138 -38.66025413784 -46.96152432706 1144.9999999 -38.24065285333767 -46.23475372979134 1145.0000001 0 2 102 -43 
139 -38.66025413783751 -51.96152403746083 1144.9999999 -30.00000040159048 -46.96152412705568 1145.0000001 0 2 44 -102 
140 -38.24065305335316 -46.23475392979124 994.9999998999992 -22.80238956158024 -19.49489732782853 1145.000000099998 0 2 43 -74 
141 -59.1607979309959 -10.0000001 994.9999998999996 -28.28427114746182 -9.999999900000001 1145.000000099999 0 2 42 -71 
142 -60.0000001 -10.0000001 1144.9999999 -59.9999999 1.000000340312113e-07 1145.0000001 0 2 103 -41 
143 -60.0000001 -10.0000001 1144.9999999 -59.16079773099 -9.999999900000001 1145.0000001 0 2 103 -42 
144 -60.0000001 9.999999900000001 1144.9999999 -59.16079773099 10.0000001 1145.0000001 0 2 104 -40 
145 -60.0000001 -9.999996652965137e-08 1144.9999999 -59.9999999 10.0000001 1145.0000001 0 2 41 -104 
146 -38.2406530533533 19.49489732782859 994.9999998999996 -22.80238956158027 46.23475392979147 1145.0000001 0 2 39 -63 
147 -59.1607979309959 9.999999900000001 994.9999998999996 -28.28427114746182 10.0000001 1145.000000099999 0 2 40 -66 
148 -38.66025413784 46.961524127066 1144.9999999 -29.99999989635101 51.96152432917275 1145.0000001 0 2 105 -38 
149 -38.66025413784 46.23475372979885 1144.9999999 -38.24065285333854 46.961524327066 1145.0000001 0 2 105 -39 
150 -21.33974606215 56.23475372979884 1144.9999999 -20.92014477764854 56.961524327066 1145.0000001 0 2 106 -37 
151 -30.00000009635101 51.96152412917274 1144.9999999 -21.3397458621525 56.96152432707033 1145.0000001 0 2 38 -106 
152 5.481881485892328 29.49489732782869 994.9999999 20.92014497766532 56.23475392979152 1145.0000001 0 2 55 -36 
153 -20.92014497766528 29.49489732782869 994.9999999 -5.481881485892328 56.23475392979144 1145.0000001 0 2 37 -58 
154 20.92014477767722 56.23475372978518 1144.9999999 21.33974606217893 56.96152432705277 1145.0000001 0 2 36 -107 
155 21.339745862158 51.96152412916357 1144.9999999 30.0000000963709 56.96152432706946 1145.0000001 0 2 35 -107 
156 29.9999998963709 46.961524127066 1144.9999999 38.660254137844 51.96152432916357 1145.0000001 0 2 108 -35 
157 38.24065285336672 46.23475372978433 1144.9999999 38.66025413786843 46.9615243270519 1145.0000001 0 2 34 -108 
158 28.28427114746191 9.999999900000001 994.9999999 59.16079793099617 10.0000001 1145.0000001 0 2 49 -33 
159 22.80238956158033 19.49489732782869 994.9999999 38.24065305335333 46.23475392979152 1145.0000001 0 2 50 -34 
160 59.160797730996 9.999999900000001 1144.9999999 60.0000001 10.0000001 1145.0000001 0 2 33 -109 
161 59.9999999 -1.00000014491286e-07 1144.9999999 60.0000001 10.0000001 1145.0000001 0 2 32 -109 
162 21.33974586222695 51.96152345271644 995.9953613370875 30.0000012680077 56.96152432702735 1000.00000009984 0 2 110 -57 
163 30.0000010680077 46.96152412710487 995.995361337088 38.66025413777266 51.96152365271644 1000.00000009984 0 2 53 -110 
164 38.660253937844 46.961524127066 995.99536133719 38.660254137844 46.961524327066 1145.0000001 0 2 53 -108 
165 21.339745862156 56.961524127066 995.99536133719 21.339746062156 56.961524327066 1145.0000001 0 2 57 -107 
166 -21.33974606215 56.961524127066 995.99536133719 -21.33974586215 56.961524327066 1145.0000001 0 2 60 -106 
167 -38.66025413777078 46.96152412710597 995.9953613370897 -29.99999873199038 51.96152500141667 1000.00000009984 0 2 64 -111 
168 -29.99999893199038 51.96152480141667 995.9953613370855 -21.33974586222462 56.96152432702869 1000.00000009984 0 2 111 -60 
169 -38.66025413784 46.961524127066 995.99536133719 -38.66025393784 46.961524327066 1145.0000001 0 2 64 -105 
170 -60.0000001 9.999999900000001 995.99536133716 -59.9999999 10.0000001 1145.0000001 0 2 68 -104 
171 -60.0000001 -10.00000009993327 995.9953613370761 -59.9999999 -1.248699120992569e-06 1000.00000009984 0 2 72 -112 
172 -60.0000001 -1.448699120665253e-06 995.9953613370761 -59.9999999 10.00000009993322 1000.00000009984 0 2 112 -68 
173 -60.0000001 -10.0000001 995.99536133716 -59.9999999 -9.999999900000001 1145.0000001 0 2 72 -103 
174 -38.66025413784 -46.96152432706 995.99536133719 -38.66025393784 -46.96152412706 1145.0000001 0 2 76 -102 
175 -30.00000126800209 -56.9615243270227 995.9953613370855 -21.33974586222462 -51.96152345271368 1000.00000009984 0 2 80 -113 
176 -38.66025413777078 -51.96152365271369 995.9953613370897 -30.00000106800208 -46.96152412709997 1000.00000009984 0 2 113 -76 
177 -21.33974606215 -56.96152432706 995.99536133719 -21.33974586215 -56.96152412706 1145.0000001 0 2 80 -101 
178 30.0000010680081 -51.96152365271022 995.995361337088 38.66025413777266 -46.96152412709888 1000.00000009984 0 2 114 -89 
179 21.33974586222692 -56.96152432702137 995.9953613370875 30.0000012680081 -51.96152345271022 1000.00000009984 0 2 85 -114 
180 21.339745862156 -56.96152432706 995.99536133719 21.339746062156 -56.96152412706 1145.0000001 0 2 85 -100 
181 38.660253937844 -46.96152432706 995.99536133719 38.660254137844 -46.96152412706 1145.0000001 0 2 89 -99 
182 59.99999989991577 -1.00000021431319e-07 866.9354837709507 87.50000009995466 9.99999853042384e-08 1000.000000099983 0 2 95 -115 
183 59.9999999 -10.00000009993327 995.9953613370761 60.0000001 1.000000002804313e-07 1000.00000009984 0 2 93 -115 
184 59.9999999 -10.0000001 995.99536133716 60.0000001 -9.999999900000001 1145.0000001 0 2 93 -98 
185 59.9999999 -1.000000002804313e-07 995.9953613370761 60.0000001 10.00000009993322 1000.00000009984 0 2 115 -97 
186 59.9999999 9.999999900000001 995.99536133716 60.0000001 10.0000001 1145.0000001 0 2 97 -109 
1 -122.0000001 -122.0000001 -9.999996564147295e-08 122.0000001 122.0000001 1345.0000001 0 4 -1 -2 3 2 
2 -122.0000001 -122.0000001 1344.9999999 122.0000001 122.0000001 1345.0000001 0 2 1 -4 
3 -122.0000001 -122.0000001 -1e-07 122.0000001 122.0000001 1e-07 0 2 3 -5 
4 -102.0000000999768 -102.0000000999768 1294.9999999 102.0000000999768 102.0000000999768 1345.00000010002 0 4 -4 -6 7 6 
5 -102.0000001 -102.0000001 -1.000000011686097e-07 102.0000001 102.0000001 40.0000001 0 28 -8 -9 -10 -11 5 11 -12 13 -14 -15 -16 17 -18 19 20 -21 -22 23 24 -25 -26 27 28 -29 -30 -31 -32 33 
6 -60.0000001 -60.0000001 1144.9999999 60.0000001 60.0000001 1295.0000001 0 21 34 35 -7 -35 36 37 38 39 40 41 42 43 44 45 46 47 48 49 50 51 52 
7 22.80238956157509 9.999999899996553 39.99999989999998 28.28427134746312 19.49489752783208 995.0000001 0 4 -53 -54 8 55 
8 22.802389561575 19.49489732782128 7.739125028307114 52.41025413785966 70.777222931138 995.99536153719 0 6 -56 33 55 57 58 -59 
9 35.089745862156 70.77722273113628 7.739125028310013 52.410254137844 80.77722293113973 866.93548397081 0 4 -56 32 60 -61 
10 5.481881485887 29.49489732782214 7.739125028307114 35.08974606217166 80.777222931138 995.99536153719 0 6 -60 31 62 63 64 -65 
11 -5.481881685886948 29.49489732783171 39.99999989999998 5.481881685886944 30.0000001 995.0000001 0 4 -66 -62 30 67 
12 -35.08974606217051 29.49489732782846 7.739125028308365 -5.48188148587667 80.777222931138 995.99536153719 0 6 -67 29 68 -69 -70 71 
13 -52.41025413784001 70.77722273113801 7.739125028309729 -35.08974586215 80.77722293114233 866.93548397081 0 4 -72 28 68 -73 
14 -52.41025413785888 19.49489732782677 7.739125028307967 -22.80238956156492 70.777222931138 995.99536153719 0 6 -74 27 72 -75 -76 77 
15 -28.28427134746519 9.999999899990707 39.99999989999998 -22.80238956156915 19.49489752783902 995.0000001 0 4 -78 -74 26 79 
16 -87.50000009999999 9.999999900000001 7.739125028306944 -28.28427114745999 10.0000001 995.99536153716 0 6 -79 25 80 -81 -82 83 
17 -87.50000009999999 -10.00000010000002 7.739125028310013 -87.49999990000001 10.0000001 866.93548397081 0 4 -84 24 80 -85 
18 -87.50000009999999 -10.0000001 7.739125028306944 -28.28427114745999 -9.999999900000001 995.99536153716 0 6 -86 23 84 -87 -88 89 
19 -28.28427134746169 -19.49489752783339 39.99999989999998 -22.80238956157396 -9.999999900000596 995.0000001 0 4 90 -91 -86 22 
20 -52.41025413785624 -70.77722293113 7.739125028310013 -22.80238956156665 -19.49489732782559 995.99536153719 0 6 -90 21 92 -93 -94 95 
21 -52.41025413784001 -80.77722293113432 7.739125028309729 -35.08974586215 -70.77722273113001 866.93548397081 0 4 -96 20 92 -97 
22 -35.08974606216785 -80.77722293113 7.739125028310013 -5.4818814858784 -29.49489732782728 995.99536153719 0 6 -98 19 96 -99 -100 101 
23 -5.481881685887315 -30.0000001 39.99999989999998 5.4818816858905 -29.49489732783105 995.0000001 0 4 102 -103 -98 18 
24 5.481881485887 -80.77722293113 7.739125028310013 35.089746062169 -29.49489732781913 995.99536153719 0 6 -104 17 102 105 106 -107 
25 35.089745862156 -80.77722293113173 7.739125028310013 52.410254137844 -70.77722273112828 866.93548397081 0 4 -104 16 108 -109 
26 22.802389561575 -70.77722293113 7.739125028310013 52.410254137857 -19.49489732781826 995.99536153719 0 6 -108 15 110 111 112 -113 
27 22.80238956157317 -19.49489752783431 39.99999989999998 28.28427134746191 -9.999999899999979 995.0000001 0 4 114 -115 -110 14 
28 28.28427114746157 -10.0000001 7.739125028306944 87.50000009999999 -9.999999900000001 995.99536153716 0 6 -116 13 114 117 118 -119 
29 87.49999990000001 -10.00000010000002 7.739125028310013 87.50000009999999 10.0000001 866.93548397081 0 6 -116 12 10 120 -121 -122 
30 28.28427114746157 9.999999900000001 7.739125028306944 87.50000009999999 10.0000001 995.99536153716 0 6 -120 9 54 123 124 -125 
31 59.160797730996 -10.00000010000004 1144.9999999 60.0000001 9.999998606957661e-08 1145.0000001 0 3 126 -34 127 
32 19.12032637667334 -46.23475392980885 994.9999999 59.16079793101554 -4.999999899996947 1145.0000001 0 4 128 -52 -129 115 
33 29.99999989636267 -51.96152432916418 1144.9999999 38.66025413786843 -46.23475372977683 1145.0000001 0 3 -130 -51 131 
34 20.92014477765747 -56.96152432706 1144.9999999 30.00000009636639 -51.9615241291577 1145.0000001 0 3 132 -50 133 
35 -20.92014497766468 -60.0000001000186 994.9999999 20.92014497766396 -28.11737681489816 1145.0000001 0 4 134 -49 135 103 
36 -30.00000060159575 -56.96152432706 1144.9999999 -20.92014477764767 -51.96152383746083 1145.0000001 0 3 -48 -136 137 
37 -38.66025413784 -51.96152403746988 1144.9999999 -30.00000040159048 -46.23475372979134 1145.0000001 0 3 -138 -139 -47 
38 -59.16079793101932 -46.23475392982374 994.9999999 -19.12032637666433 -4.999999899985728 1145.0000001 0 4 91 -140 -46 141 
39 -60.0000001 -10.00000010000102 1144.9999999 -59.16079773099 1.000000340312113e-07 1145.0000001 0 3 -45 -142 143 
40 -60.0000001 -9.999999228682555e-08 1144.9999999 -59.16079773099 10.000000100002 1145.0000001 0 3 -144 -145 -44 
41 -59.16079793101417 4.999999900001001 994.9999999 -19.1203263766705 46.23475392981354 1145.0000001 0 4 146 78 -147 -43 
42 -38.66025413784 46.23475372979885 1144.9999999 -29.99999989635101 51.96152432917299 1145.0000001 0 3 -42 -148 149 
43 -30.00000009635114 51.96152412917274 1144.9999999 -20.92014477764854 56.96152432707033 1145.0000001 0 3 -150 -151 -41 
44 -20.92014497768795 28.11737681489383 994.9999999 20.92014497767632 60.0000001000186 1145.0000001 0 4 -40 -152 66 -153 
45 20.92014477765484 51.96152412916207 1144.9999999 30.0000000963709 56.96152432706946 1145.0000001 0 3 -154 -39 155 
46 29.99999989637005 46.23475372978433 1144.9999999 38.66025413786843 51.96152432916357 1145.0000001 0 3 156 -38 157 
47 19.12032637666911 4.999999900000013 994.9999999 59.1607979310145 46.23475392981583 1145.0000001 0 4 -37 -158 53 159 
48 59.160797730996 -1.00000014491286e-07 1144.9999999 60.0000001 10.00000010000003 1145.0000001 0 3 -160 -36 161 
49 21.04939565318952 46.32256205136972 864.1794768239358 55.97443797488623 82.47202151940911 1000.0000001 0 5 -162 -163 -59 61 65 
50 22.80238956158033 19.49489732782128 994.9999999 38.66025413786843 46.961524327066 1145.0000001 0 5 -57 159 157 -164 -58 
51 5.481881485892328 29.49489732782214 994.9999999 21.33974606217893 56.961524327066 1145.0000001 0 5 -63 152 154 -165 -64 
52 -21.33974606215 29.49489732782869 994.9999999 -5.481881485876671 56.961524327066 1145.0000001 0 5 -71 70 166 150 153 
53 -55.97443797461926 46.32256205151963 864.1794768239337 -21.04939565297786 82.47202151952592 1000.0000001 0 5 167 168 69 -73 -75 
54 -38.66025413784 19.49489732782859 994.9999998999996 -22.80238956156492 46.961524327066 1145.0000001 0 5 -77 76 169 149 146 
55 -60.0000001 9.999999900000001 994.9999998999996 -28.28427114746 10.0000001 1145.0000001 0 5 -83 82 170 144 147 
56 -88.06957486910947 -14.47854900494015 864.1794768239357 -59.18363532997483 14.47854900453116 1000.0000001 0 5 171 172 81 -85 -87 
57 -60.0000001 -10.0000001 994.9999998999996 -28.28427114746 -9.999999900000001 1145.0000001 0 5 -89 88 173 143 141 
58 -38.66025413784 -46.96152432706 994.9999998999992 -22.80238956156665 -19.49489732782853 1145.0000001 0 5 -95 94 174 138 140 
59 -55.97443797486881 -82.47202151941542 864.1794768239337 -21.04939565317882 -46.32256205137967 1000.0000001 0 5 -99 175 176 93 -97 
60 -21.33974606215 -56.96152432706 994.9999998999997 -5.481881485878401 -29.49489732782862 1145.0000001 0 5 -101 100 177 137 135 
61 21.04939565316845 -82.47202151942069 864.1794768239358 55.97443797491303 -46.32256205135469 1000.0000001 0 5 109 113 -178 -179 -107 
62 5.481881485892292 -56.96152432706 994.9999998999997 21.33974606217893 -29.49489732781913 1145.0000001 0 5 -105 134 133 -180 -106 
63 22.80238956158029 -46.96152432706 994.9999998999997 38.66025413786843 -19.49489732781826 1145.0000001 0 5 -111 129 130 -181 -112 
64 59.18363532997614 -14.47854900487431 864.1794768244556 88.06957486900205 1.000364724390579e-07 1000.00000010002 0 4 122 182 -183 -119 
65 28.28427114746191 -10.0000001 994.9999999 60.0000001 -9.999999900000001 1145.0000001 0 5 -117 128 127 -184 -118 
66 59.18363532997207 -9.999998518139819e-08 864.1794768244556 88.06957486900205 14.47854900491023 1000.00000010002 0 4 -185 -182 121 125 
67 28.28427114746191 9.999999900000001 994.9999999 60.0000001 10.0000001 1145.0000001 0 5 -123 158 160 -186 -124 
68 59.9999999 -10.0000001 995.9953613370761 60.0000001 10.0000001 1145.0000001 0 6 -184 183 185 186 -161 -126 
69 21.339745862156 -56.96152432706 995.9953613370875 38.660254137844 -46.96152412705654 1145.0000001 0 6 -180 179 178 181 -131 -132 
70 -38.66025413784 -56.96152432706 995.9953613370855 -21.33974586215 -46.96152412705568 1145.0000001 0 6 -177 175 176 174 -139 -136 
71 -60.0000001 -10.0000001 995.9953613370761 -59.9999999 10.0000001 1145.0000001 0 6 -173 171 172 170 -145 -142 
72 -38.66025413784 46.961524127066 995.9953613370855 -21.33974586215 56.96152432707033 1145.0000001 0 6 -169 167 168 166 -151 -148 
73 21.339745862156 46.961524127066 995.9953613370875 38.660254137844 56.96152432706946 1145.0000001 0 6 -164 163 162 165 -155 -156 
1 -122.0000001 -122.0000001 -9.999996564147295e-08 122.0000001 122.0000001 1345.00000010002 0 73 1 2 -3 -4 -5 -6 -7 8 -9 -10 -11 -12 13 14 -15 -16 17 18 -19 -20 21 22 -23 24 -25 -26 -27 28 -29 -30 -31 -32 -33 -34 -35 -36 -37 -38 -39 -40 -41 -42 -43 -44 -45 -46 -47 -48 -49 50 -51 -52 -53 54 -55 -56 57 -58 -59 60 -61 62 -63 -64 65 -66 -67 -68 -69 70 71 72 -73 
$EndEntities
$Nodes
375 4725 1 4725
0 1 0 1
1
122 -2.98813818992e-14 1345
0 2 0 1
2
122 -2.98813818992e-14 0
0 3 0 1
3
102 -2.498279470261e-14 1345
0 4 0 1
4
102 -2.498279470261e-14 0
0 5 0 1
5
60 -1.469576158977e-14 1295
0 6 0 1
6
28.284271247462 10 40
0 7 0 1
7
22.802389661575 19.494897427832 40
0 8 0 1
8
87.5 10 7.73912512831
0 9 0 1
9
87.5 -2.143131898508e-14 8.055555555555999
0 10 0 1
10
87.5 -10 7.73912512831
0 11 0 1
11
28.284271247462 -10 40
0 12 0 1
12
22.802389661575 -19.49489742783 40
0 13 0 1
13
52.410254037844 -70.77722283113 7.73912512831
0 14 0 1
14
35.089745962156 -80.77722283113 7.73912512831
0 15 0 1
15
5.481881585887 -29.49489742783 40
0 16 0 1
16
-5.481881585887 -29.49489742783 40
0 17 0 1
17
-35.08974596215 -80.77722283113 7.73912512831
0 18 0 1
18
-52.41025403784 -70.77722283113 7.73912512831
0 19 0 1
19
-22.80238966157 -19.49489742783 40
0 20 0 1
20
-28.28427124746 -10 40
0 21 0 1
21
-87.5 -10 7.73912512831
0 22 0 1
22
-87.5 10 7.73912512831
0 23 0 1
23
-28.28427124746 10 40
0 24 0 1
24
-22.80238966157 19.494897427832 40
0 25 0 1
25
-52.41025403784 70.777222831138 7.73912512831
0 26 0 1
26
-35.08974596215 80.777222831138 7.73912512831
0 27 0 1
27
-5.481881585887 29.494897427832 40
0 28 0 1
28
5.481881585887 29.494897427832 40
0 29 0 1
29
35.089745962156 80.777222831138 7.73912512831
0 30 0 1
30
52.410254037844 70.777222831138 7.73912512831
0 31 0 1
31
59.160797830996 -10 1145
0 32 0 1
32
60 -1.469576158977e-14 1145
0 33 0 1
33
59.160797830996 10 1145
0 34 0 1
34
38.240652953343 46.234753829798 1145
0 35 0 1
35
29.99999999637 51.961524229162 1145
0 36 0 1
36
20.920144877655 56.234753829798 1145
0 37 0 1
37
-20.92014487765 56.234753829798 1145
0 38 0 1
38
-29.99999999635 51.961524229171 1145
0 39 0 1
39
-38.24065295334 46.234753829798 1145
0 40 0 1
40
-59.16079783099 10.000000000001 1145
0 41 0 1
41
-60 3.387200666725e-14 1145
0 42 0 1
42
-59.16079783099 -10 1145
0 43 0 1
43
-38.24065295334 -46.23475382979 1145
0 44 0 1
44
-30.00000050159 -51.96152393746 1145
0 45 0 1
45
-20.92014487765 -56.23475382979 1145
0 46 0 1
46
20.920144877655 -56.23475382979 1145
0 47 0 1
47
29.999999996364 -51.96152422916 1145
0 48 0 1
48
38.240652953343 -46.23475382979 1145
0 49 0 1
49
28.284271247462 10 995
0 50 0 1
50
22.802389661575 19.494897427832 995
0 51 0 1
51
52.410254037844 70.777222831138 864.17947692398
0 52 0 1
52
38.660254037844 46.961524227066 995
0 53 0 1
53
38.660254037844 46.961524227066 995.99536143719
0 54 0 1
54
35.089745962156 80.777222831138 864.17947692398
0 55 0 1
55
5.481881585887 29.494897427832 995
0 56 0 1
56
21.339745962156 56.961524227066 995
0 57 0 1
57
21.339745962155 56.961524227066 995.99536143719
0 58 0 1
58
-5.481881585887 29.494897427832 995
0 59 0 1
59
-35.08974596215 80.777222831138 864.17947692398
0 60 0 1
60
-21.33974596215 56.961524227066 995.99536143719
0 61 0 1
61
-21.33974596215 56.961524227066 995
0 62 0 1
62
-52.41025403784 70.777222831138 864.17947692398
0 63 0 1
63
-22.80238966157 19.494897427832 995
0 64 0 1
64
-38.66025403784 46.961524227066 995.99536143719
0 65 0 1
65
-38.66025403784 46.961524227066 995
0 66 0 1
66
-28.28427124746 10 995
0 67 0 1
67
-87.5 10 864.17947692398
0 68 0 1
68
-60 10 995.99536143716
0 69 0 1
69
-60 10 995
0 70 0 1
70
-87.5 -10 864.17947692398
0 71 0 1
71
-28.28427124746 -10 995
0 72 0 1
72
-60 -10 995.99536143716
0 73 0 1
73
-60 -10 995
0 74 0 1
74
-22.80238966157 -19.49489742783 995
0 75 0 1
75
-52.41025403784 -70.77722283113 864.17947692398
0 76 0 1
76
-38.66025403784 -46.96152422706 995.99536143719
0 77 0 1
77
-38.66025403784 -46.96152422706 995
0 78 0 1
78
-35.08974596215 -80.77722283113 864.17947692398
0 79 0 1
79
-5.481881585887 -29.49489742783 995
0 80 0 1
80
-21.33974596215 -56.96152422706 995.99536143719
0 81 0 1
81
-21.33974596215 -56.96152422706 995
0 82 0 1
82
5.481881585887 -29.49489742783 995
0 83 0 1
83
35.089745962156 -80.77722283113 864.17947692398
0 84 0 1
84
21.339745962156 -56.96152422706 995
0 85 0 1
85
21.339745962155 -56.96152422706 995.99536143719
0 86 0 1
86
52.410254037844 -70.77722283113 864.17947692398
0 87 0 1
87
22.802389661575 -19.49489742783 995
0 88 0 1
88
38.660254037844 -46.96152422706 995
0 89 0 1
89
38.660254037844 -46.96152422706 995.99536143719
0 90 0 1
90
28.284271247462 -10 995
0 91 0 1
91
87.5 -10 864.17947692398
0 92 0 1
92
60 -10 995
0 93 0 1
93
60.000000000002 -10 995.99536143716
0 94 0 1
94
87.5 10 864.17947692398
0 95 0 1
95
87.5 -2.143131898508e-14 866.93548387096
0 96 0 1
96
60 10 995
0 97 0 1
97
60.000000000002 10 995.99536143716
0 98 0 1
98
60 -10 1145
0 99 0 1
99
38.660254037844 -46.96152422706 1145
0 100 0 1
100
21.339745962156 -56.96152422706 1145
0 101 0 1
101
-21.33974596215 -56.96152422706 1145
0 102 0 1
102
-38.66025403784 -46.96152422706 1145
0 103 0 1
103
-60 -10 1145
0 104 0 1
104
-60 10 1145
0 105 0 1
105
-38.66025403784 46.961524227066 1145
0 106 0 1
106
-21.33974596215 56.961524227066 1145
0 107 0 1
107
21.339745962156 56.961524227066 1145
0 108 0 1
108
38.660254037844 46.961524227066 1145
0 109 0 1
109
60 10 1145
0 110 0 1
110
30.000001168008 51.961523552717 1000
0 111 0 1
111
-29.99999883199 51.961524901416 1000
0 112 0 1
112
-60 -1.348699145011e-06 1000
0 113 0 1
113
-30.000001168 -51.96152355271 1000
0 114 0 1
114
30.000001168008 -51.96152355271 1000
0 115 0 1
115
60 -1.469576158977e-14 1000
1 1 0 20
116
117
118
119
120
121
122
123
124
125
126
127
128
129
130
131
132
133
134
135
76.0657558267654 95.3834408610997 1345
-27.14755394267059 118.9412052861824 1345
-109.9182018840953 52.93381617234176 1345
-109.9182018840949 -52.93381617234252 1345
-27.14755394266974 -118.9412052861826 1345
76.06575582676572 -95.38344086109944 1345
116.5798823059092 35.96013127813035 1345
100.8011304665513 68.72504708376196 1345
44.57160497270004 113.566597334593 1345
9.11707141754356 121.658863256104 1345
-61.00000000000026 105.6550992617014 1345
-89.43232836323904 82.98107400805192 1345
-120.6373607994658 18.18315647349289 1345
-120.6373607994656 -18.18315647349371 1345
-89.43232836323847 -82.98107400805254 1345
-60.99999999999949 -105.6550992617018 1345
9.117071417544313 -121.6588632561039 1345
44.57160497270064 -113.5665973345927 1345
100.8011304665515 -68.72504708376171 1345
116.5798823059092 -35.96013127813017 1345
1 2 0 29
136
137
138
139
140
141
142
143
144
145
146
147
148
149
150
151
152
153
154
155
156
157
158
159
160
161
162
163
164
122 -2.98813818992e-14 134.5
122 -2.98813818992e-14 269
122 -2.98813818992e-14 403.5000000000001
122 -2.98813818992e-14 538
122 -2.98813818992e-14 672.5
122 -2.98813818992e-14 807.0000000000001
122 -2.98813818992e-14 941.5
122 -2.98813818992e-14 1076
122 -2.98813818992e-14 1210.5
122 -2.98813818992e-14 44.83333333333334
122 -2.98813818992e-14 89.66666666666667
122 -2.98813818992e-14 179.3333333333333
122 -2.98813818992e-14 224.1666666666667
122 -2.98813818992e-14 313.8333333333334
122 -2.98813818992e-14 358.6666666666667
122 -2.98813818992e-14 448.3333333333334
122 -2.98813818992e-14 493.1666666666667
122 -2.98813818992e-14 582.8333333333334
122 -2.98813818992e-14 627.6666666666667
122 -2.98813818992e-14 717.3333333333334
122 -2.98813818992e-14 762.1666666666667
122 -2.98813818992e-14 851.8333333333334
122 -2.98813818992e-14 896.6666666666666
122 -2.98813818992e-14 986.3333333333334
122 -2.98813818992e-14 1031.166666666667
122 -2.98813818992e-14 1120.833333333333
122 -2.98813818992e-14 1165.666666666667
122 -2.98813818992e-14 1255.333333333333
122 -2.98813818992e-14 1300.166666666667
1 3 0 20
165
166
167
168
169
170
171
172
173
174
175
176
177
178
179
180
181
182
183
184
76.0657558267654 95.3834408610997 0
-27.14755394267059 118.9412052861824 0
-109.9182018840953 52.93381617234176 0
-109.9182018840949 -52.93381617234252 0
-27.14755394266974 -118.9412052861826 0
76.06575582676572 -95.38344086109944 0
116.5798823059092 35.96013127813035 0
100.8011304665513 68.72504708376196 0
44.57160497270004 113.566597334593 0
9.11707141754356 121.658863256104 0
-61.00000000000026 105.6550992617014 0
-89.43232836323904 82.98107400805192 0
-120.6373607994658 18.18315647349289 0
-120.6373607994656 -18.18315647349371 0
-89.43232836323847 -82.98107400805254 0
-60.99999999999949 -105.6550992617018 0
9.117071417544313 -121.6588632561039 0
44.57160497270064 -113.5665973345927 0
100.8011304665515 -68.72504708376171 0
116.5798823059092 -35.96013127813017 0
1 4 0 20
185
186
187
188
189
190
191
192
193
194
195
196
197
198
199
200
201
202
203
204
63.59595978959075 79.7468112117391 1345
-22.69713526354415 99.44264704254599 1345
-91.89882452604684 44.25614138999074 1345
-91.8988245260467 -44.25614138999104 1345
-22.69713526354426 -99.44264704254596 1345
63.59595978959045 -79.74681121173933 1345
97.46842619018635 30.06502778991226 1345
84.27635498023145 57.4586459224895 1345
37.2647844853722 94.94912236170887 1345
7.622469545815175 101.7147873124804 1345
-51.0000000000001 88.33459118601267 1345
-74.77129092664238 69.37761925263368 1345
-100.8607442749631 15.2023111499696 1345
-100.8607442749631 -15.20231114996997 1345
-74.77129092664228 -69.37761925263379 1345
-51.00000000000004 -88.33459118601272 1345
7.622469545815013 -101.7147873124804 1345
37.264784485372 -94.94912236170894 1345
84.27635498023128 -57.45864592248974 1345
97.46842619018628 -30.06502778991246 1345
1 5 0 20
205
206
207
208
209
210
211
212
213
214
215
216
217
218
219
220
221
222
223
224
63.59595978959075 79.7468112117391 0
-22.69713526354415 99.44264704254599 0
-91.89882452604684 44.25614138999074 0
-91.8988245260467 -44.25614138999104 0
-22.69713526354426 -99.44264704254596 0
63.59595978959045 -79.74681121173933 0
97.46842619018635 30.06502778991226 0
84.27635498023145 57.4586459224895 0
37.2647844853722 94.94912236170887 0
7.622469545815175 101.7147873124804 0
-51.0000000000001 88.33459118601267 0
-74.77129092664238 69.37761925263368 0
-100.8607442749631 15.2023111499696 0
-100.8607442749631 -15.20231114996997 0
-74.77129092664228 -69.37761925263379 0
-51.00000000000004 -88.33459118601272 0
7.622469545815013 -101.7147873124804 0
37.264784485372 -94.94912236170894 0
84.27635498023128 -57.45864592248974 0
97.46842619018628 -30.06502778991246 0
1 6 0 2
225
226
73.99999999999234 -1.812477262738143e-14 1311.666666666673
87.99999999998469 -2.155378366499287e-14 1328.333333333346
1 7 0 20
227
228
229
230
231
232
233
234
235
236
237
238
239
240
241
242
243
244
245
246
37.4093881115241 46.90988894808171 1295
-13.3512560373786 58.49567473090948 1295
-54.05813207414497 26.03302434705385 1295
-54.0581320741454 -26.03302434705295 1295
-13.3512560373796 -58.49567473090925 1295
37.40938811152367 -46.90988894808206 1295
57.33436834716846 17.68531046465421 1295
49.57432645895974 33.79920348381725 1295
21.92046146198386 55.8524249186522 1295
4.483805615185676 59.83222783087079 1295
-29.99999999999973 51.96152422706647 1295
-43.98311230978935 40.81036426625541 1295
-59.32984957350764 8.942535970570932 1295
-59.32984957350779 -8.94253597056994 1295
-43.98311230979003 -40.81036426625468 1295
-30.00000000000063 -51.96152422706596 1295
4.483805615184824 -59.83222783087086 1295
21.92046146198323 -55.85242491865244 1295
49.57432645895951 -33.79920348381759 1295
57.33436834716839 -17.68531046465444 1295
1 8 0 2
247
248
26.85027169962923 13.38143899795869 40
25.01380196123843 16.56229789141424 40
1 9 0 5
249
250
251
252
253
57.95846805237242 10 23.99176209796796
77.65843722257186 10 13.16686933546211
67.8120536201688 10 18.58587772424912
48.09339501278022 10 29.37664540523721
38.20838455750975 10 34.72481977050887
1 10 0 5
254
255
256
257
258
87.5 5.002491661024669 7.976176167315224
87.5 1.667745837440424 8.046726591688234
87.5 3.33530494146702 8.020253266040932
87.5 6.669122703535712 7.914562572679614
87.5 8.335017534083418 7.835505934774687
1 11 0 2
259
260
97.16666666666687 -2.379896946343502e-14 2.68518518518569
92.33333333333373 -2.261514422426004e-14 5.370370370371379
1 12 0 5
261
262
263
264
265
87.5 -5.002491661024693 7.976176167315224
87.5 -8.335017534083125 7.835505934774694
87.5 -6.669122703536051 7.9145625726796
87.5 -3.33530494146703 8.020253266040932
87.5 -1.667745837440458 8.046726591688234
1 13 0 5
266
267
268
269
270
57.95846805237242 -10 23.99176209796796
77.65843722257186 -10 13.16686933546211
67.8120536201688 -10 18.58587772424912
48.09339501278022 -10 29.37664540523721
38.20838455750975 -10 34.72481977050887
1 14 0 2
271
272
25.01380196123898 -16.5622978914134 40
26.85027169962945 -13.38143899795825 40
1 15 0 5
273
274
275
276
277
37.63948806403952 -45.19350569777401 23.99176209796983
47.48947264914226 -62.25417945293358 13.16686933546477
42.56628084793923 -53.72696111784769 18.58587772425138
32.7069515442419 -36.65010183529991 29.37664540523867
27.76444631660515 -28.0894316643626 34.72481977050992
1 16 0 5
278
279
280
281
282
43.75 -75.77722283113 8.055555555555998
37.97437012083724 -79.11178429660596 7.914562563077936
40.86154099488198 -77.44487541527893 8.02025326124096
46.63845900511666 -74.10957024698186 8.020253261240988
49.52562987916411 -72.44266136565327 7.914562563077872
1 17 0 5
283
284
285
286
287
20.31897998835152 -55.19350569777401 23.99176209796983
30.16896457345427 -72.25417945293358 13.16686933546477
25.24577277225123 -63.72696111784769 18.58587772425138
15.3864434685539 -46.65010183529991 29.37664540523867
10.44393824091715 -38.0894316643626 34.72481977050992
1 18 0 2
288
289
-1.836469738390961 -29.94373688937262 40
1.836469738390976 -29.94373688937261 40
1 19 0 5
290
291
292
293
294
-20.31897998835095 -55.19350569777303 23.99176209797046
-10.44393824110154 -38.08943166468198 34.72481977031172
-15.38644346885685 -46.65010183582463 29.3766454049091
-25.24577277181054 -63.72696111708441 18.58587772473579
-30.16896457291229 -72.25417945199484 13.16686933606204
1 20 0 5
295
296
297
298
299
-43.74999999999626 -75.77722283113216 8.055555555555998
-37.974370120833 -79.11178429660841 7.91456256307773
-40.86154099487798 -77.44487541528125 8.02025326124086
-46.63845900511316 -74.10957024698388 8.020253261241081
-49.52562987916087 -72.44266136565514 7.914562563078029
1 21 0 5
300
301
302
303
304
-37.63948806403866 -45.19350569777252 23.99176209797076
-27.76444631678879 -28.08943166468067 34.72481977031254
-32.70695154454433 -36.65010183582372 29.37664540490967
-42.56628084749848 -53.72696111708431 18.58587772473586
-47.48947264860044 -62.25417945199511 13.16686933606186
1 22 0 2
305
306
-26.85027169962877 -13.38143899795961 40
-25.01380196123766 -16.5622978914154 40
1 23 0 5
307
308
309
310
311
-57.95846805237163 -10 23.99176209796839
-38.20838455787762 -10 34.72481977031116
-48.09339501338586 -10 29.37664540490778
-67.81205361928843 -10 18.58587772473298
-77.65843722148958 -10 13.16686933605845
1 24 0 5
312
313
314
315
316
-87.5 2.61648898940149e-17 8.055555555555998
-87.5 -6.669122930949606 7.914562563077936
-87.5 -3.335305168296715 8.02025326124096
-87.5 3.335305168295136 8.020253261240988
-87.5 6.669122930951159 7.914562563077858
1 25 0 5
317
318
319
320
321
-57.95846805237163 10 23.99176209796839
-38.20838455787762 10 34.72481977031116
-48.09339501338586 10 29.37664540490778
-67.81205361928843 10 18.58587772473298
-77.65843722148958 10 13.16686933605845
1 26 0 2
322
323
-25.01380196123711 16.56229789141624 40
-26.85027169962855 13.38143899796006 40
1 27 0 5
324
325
326
327
328
-37.63948806404034 45.19350569777542 23.99176209796894
-27.76444631678981 28.08943166468244 34.72481977031143
-32.70695154454568 36.65010183582606 29.3766454049082
-42.56628084750049 53.72696111708778 18.58587772473365
-47.48947264860279 62.25417945199919 13.16686933605928
1 28 0 5
329
330
331
332
333
-43.74999999999625 75.77722283114016 8.055555555555998
-49.52562987915951 72.44266136566392 7.9145625630781
-46.63845900511452 74.1095702469911 8.020253261241045
-40.86154099487934 77.44487541528846 8.020253261240896
-37.97437012083163 79.1117842966172 7.914562563077666
1 29 0 5
334
335
336
337
338
-20.31897998835261 55.1935056977759 23.99176209796863
-10.44393824110255 38.08943166468372 34.72481977031063
-15.38644346885819 46.65010183582695 29.37664540490765
-25.24577277181254 63.72696111708787 18.5858777247336
-30.16896457291462 72.25417945199888 13.16686933605947
1 30 0 2
339
340
1.836469738390837 29.94373688937262 40
-1.836469738390847 29.94373688937262 40
1 31 0 5
341
342
343
344
345
20.31897998835318 55.19350569777689 23.99176209796801
30.16896457345659 72.25417945293761 13.16686933546221
25.24577277225323 63.72696111785115 18.58587772424919
15.38644346855523 46.6501018353022 29.37664540523722
10.44393824091815 38.08943166436433 34.72481977050885
1 32 0 5
346
347
348
349
350
43.75 75.777222831138 8.055555555555998
49.52562987916276 72.44266136566205 7.914562563077936
46.63845900511802 74.10957024698908 8.02025326124096
40.86154099488334 77.44487541528615 8.020253261240988
37.97437012083589 79.11178429661474 7.914562563077872
1 33 0 5
351
352
353
354
355
37.63948806404118 45.19350569777689 23.99176209796801
47.48947264914459 62.25417945293761 13.16686933546221
42.56628084794122 53.72696111785115 18.58587772424919
32.70695154424323 36.6501018353022 29.37664540523722
27.76444631660615 28.08943166436433 34.72481977050885
1 34 0 2
356
357
59.62653661817347 -6.684020565619003 1145
59.90656139810734 -3.347222946682192 1145
1 35 0 5
358
359
360
361
362
60 -1.469576158977e-14 1220
60 -1.469576158977e-14 1170
60 -1.469576158977e-14 1195
60 -1.469576158977e-14 1245
60 -1.469576158977e-14 1270
1 36 0 2
363
364
59.90656139810734 3.347222946682178 1145
59.62653661817347 6.684020565618989 1145
1 37 0 2
365
366
55.14893601049226 23.63461141865104 1145
48.04264190237192 35.94307386744291 1145
1 38 0 2
367
368
35.60179991720599 48.29608516904068 1145
32.85206080067249 50.20699255232201 1145
1 39 0 2
369
370
27.05450059260293 53.55421549873406 1145
24.02473669856355 54.9801057343899 1145
1 40 0 2
371
372
7.1062941081224 59.57768528609403 1145
-7.10629410811775 59.57768528609459 1145
1 41 0 2
373
374
-24.02473669855402 54.98010573439407 1145
-27.05450059258855 53.55421549874133 1145
1 42 0 2
375
376
-32.85206080065968 50.2069925523304 1145
-35.6017999171989 48.29608516904591 1145
1 43 0 2
377
378
-48.0426419023706 35.94307386744468 1145
-55.14893601049143 23.63461141865297 1145
1 44 0 2
379
380
-59.62653661817333 6.684020565620319 1145
-59.9065613981073 3.34722294668285 1145
1 45 0 2
381
382
-59.90656139810732 -3.347222946682516 1145
-59.6265366181734 -6.68402056561967 1145
1 46 0 2
383
384
-55.14893601049236 -23.6346114186508 1145
-48.04264190237285 -35.94307386744168 1145
1 47 0 2
385
386
-35.60180007373626 -48.29608505365329 1145
-32.85206112611741 -50.20699233937286 1145
1 48 0 2
387
388
-27.05450093974341 -53.55421532336575 1145
-24.02473687675428 -54.98010565652564 1145
1 49 0 2
389
390
-7.10629410811869 -59.57768528609447 1145
7.106294108123325 -59.57768528609392 1145
1 50 0 2
391
392
24.02473669856396 -54.98010573438973 1145
27.05450059260122 -53.55421549873493 1145
1 51 0 2
393
394
32.85206080067153 -50.20699255232264 1145
35.60179991720754 -48.29608516903954 1145
1 52 0 2
395
396
48.04264190237393 -35.94307386744022 1145
55.14893601049291 -23.63461141864953 1145
1 53 0 2
397
398
26.85027169962923 13.38143899795869 995
25.01380196123843 16.56229789141424 995
1 54 0 20
399
400
401
402
403
404
405
406
407
408
409
410
411
412
413
414
415
416
417
418
28.284271247462 10 176.4285714285712
28.284271247462 10 312.8571428571427
28.284271247462 10 449.2857142857141
28.284271247462 10 585.7142857142857
28.284271247462 10 722.1428571428571
28.284271247462 10 858.5714285714284
28.284271247462 10 85.4761904761904
28.284271247462 10 130.9523809523808
28.284271247462 10 221.9047619047617
28.284271247462 10 267.3809523809522
28.284271247462 10 358.3333333333332
28.284271247462 10 403.8095238095237
28.284271247462 10 494.7619047619046
28.284271247462 10 540.2380952380952
28.284271247462 10 631.1904761904761
28.284271247462 10 676.6666666666666
28.284271247462 10 767.6190476190476
28.284271247462 10 813.0952380952381
28.284271247462 10 904.0476190476189
28.284271247462 10 949.5238095238094
1 55 0 20
419
420
421
422
423
424
425
426
427
428
429
430
431
432
433
434
435
436
437
438
22.802389661575 19.494897427832 176.4285714285712
22.802389661575 19.494897427832 312.8571428571427
22.802389661575 19.494897427832 449.2857142857141
22.802389661575 19.494897427832 585.7142857142857
22.802389661575 19.494897427832 722.1428571428571
22.802389661575 19.494897427832 858.5714285714284
22.802389661575 19.494897427832 85.4761904761904
22.802389661575 19.494897427832 130.9523809523808
22.802389661575 19.494897427832 221.9047619047617
22.802389661575 19.494897427832 267.3809523809522
22.802389661575 19.494897427832 358.3333333333332
22.802389661575 19.494897427832 403.8095238095237
22.802389661575 19.494897427832 494.7619047619046
22.802389661575 19.494897427832 540.2380952380952
22.802389661575 19.494897427832 631.1904761904761
22.802389661575 19.494897427832 676.6666666666666
22.802389661575 19.494897427832 767.6190476190476
22.802389661575 19.494897427832 813.0952380952381
22.802389661575 19.494897427832 904.0476190476189
22.802389661575 19.494897427832 949.5238095238094
1 56 0 20
439
440
441
442
443
444
445
446
447
448
449
450
451
452
453
454
455
456
457
458
52.410254037844 70.777222831138 130.0877468134056
52.410254037844 70.777222831138 252.436368498501
52.410254037844 70.777222831138 374.7849901835967
52.410254037844 70.777222831138 497.1336118686926
52.410254037844 70.777222831138 619.4822335537884
52.410254037844 70.777222831138 741.8308552388842
52.410254037844 70.777222831138 48.52199902334186
52.410254037844 70.777222831138 89.30487291837372
52.410254037844 70.777222831138 170.8706207084374
52.410254037844 70.777222831138 211.6534946034692
52.410254037844 70.777222831138 293.2192423935329
52.410254037844 70.777222831138 334.0021162885648
52.410254037844 70.777222831138 415.5678640786286
52.410254037844 70.777222831138 456.3507379736606
52.410254037844 70.777222831138 537.9164857637245
52.410254037844 70.777222831138 578.6993596587564
52.410254037844 70.777222831138 660.2651074488203
52.410254037844 70.777222831138 701.0479813438523
52.410254037844 70.777222831138 782.6137291339161
52.410254037844 70.777222831138 823.396603028948
1 57 0 2
459
460
28.08834445368521 28.65043969423149 995
33.37429924577681 37.8059819606417 995
1 58 0 2
461
462
38.660254037844 46.961524227066 995.33178714573
38.660254037844 46.961524227066 995.66357429146
1 59 0 5
463
464
465
466
467
45.54672409083351 58.88924024361333 930.0922078195682
50.12425614717704 66.81775833847155 886.1511573351279
47.83652052309368 62.85528400327587 908.1221126621351
43.2544574747484 54.91891800006194 952.0612767576519
40.95919630016086 50.94340902903813 974.0290908124701
1 60 0 20
468
469
470
471
472
473
474
475
476
477
478
479
480
481
482
483
484
485
486
487
35.089745962156 80.777222831138 130.0877468134056
35.089745962156 80.777222831138 252.436368498501
35.089745962156 80.777222831138 374.7849901835967
35.089745962156 80.777222831138 497.1336118686926
35.089745962156 80.777222831138 619.4822335537884
35.089745962156 80.777222831138 741.8308552388842
35.089745962156 80.777222831138 48.52199902334186
35.089745962156 80.777222831138 89.30487291837372
35.089745962156 80.777222831138 170.8706207084374
35.089745962156 80.777222831138 211.6534946034692
35.089745962156 80.777222831138 293.2192423935329
35.089745962156 80.777222831138 334.0021162885648
35.089745962156 80.777222831138 415.5678640786286
35.089745962156 80.777222831138 456.3507379736606
35.089745962156 80.777222831138 537.9164857637245
35.089745962156 80.777222831138 578.6993596587564
35.089745962156 80.777222831138 660.2651074488203
35.089745962156 80.777222831138 701.0479813438523
35.089745962156 80.777222831138 782.6137291339161
35.089745962156 80.777222831138 823.396603028948
1 61 0 5
488
489
490
491
492
43.75000000000001 75.777222831138 866.93548387081
49.6661202147195 72.36154923260979 865.6471039433093
46.75835567338269 74.04034787329149 866.6019671636693
40.74164432660457 77.51409778899188 866.6019671636666
37.83387978529155 79.19289642965984 865.6471039433141
1 62 0 20
493
494
495
496
497
498
499
500
501
502
503
504
505
506
507
508
509
510
511
512
5.481881585887 29.494897427832 176.4285714285712
5.481881585887 29.494897427832 312.8571428571427
5.481881585887 29.494897427832 449.2857142857141
5.481881585887 29.494897427832 585.7142857142857
5.481881585887 29.494897427832 722.1428571428571
5.481881585887 29.494897427832 858.5714285714284
5.481881585887 29.494897427832 85.4761904761904
5.481881585887 29.494897427832 130.9523809523808
5.481881585887 29.494897427832 221.9047619047617
5.481881585887 29.494897427832 267.3809523809522
5.481881585887 29.494897427832 358.3333333333332
5.481881585887 29.494897427832 403.8095238095237
5.481881585887 29.494897427832 494.7619047619046
5.481881585887 29.494897427832 540.2380952380952
5.481881585887 29.494897427832 631.1904761904761
5.481881585887 29.494897427832 676.6666666666666
5.481881585887 29.494897427832 767.6190476190476
5.481881585887 29.494897427832 813.0952380952381
5.481881585887 29.494897427832 904.0476190476189
5.481881585887 29.494897427832 949.5238095238094
1 63 0 2
513
514
10.76783637799571 38.65043969423235 995
16.05379117008731 47.80598196064255 995
1 64 0 2
515
516
21.339745962156 56.961524227066 995.33178714573
21.339745962156 56.961524227066 995.66357429146
1 65 0 5
517
518
519
520
521
28.22621601514549 68.8892402436133 930.0922078195683
32.80374807148905 76.81775833847155 886.1511573351279
30.51601244740568 72.85528400327587 908.1221126621351
25.93394939906039 64.91891800006192 952.061276757652
23.63868822447285 60.9434090290381 974.0290908124703
1 66 0 2
522
523
1.836469738390837 29.94373688937262 995
-1.836469738390847 29.94373688937262 995
1 67 0 20
524
525
526
527
528
529
530
531
532
533
534
535
536
537
538
539
540
541
542
543
-5.481881585887 29.494897427832 176.4285714285712
-5.481881585887 29.494897427832 312.8571428571427
-5.481881585887 29.494897427832 449.2857142857141
-5.481881585887 29.494897427832 585.7142857142857
-5.481881585887 29.494897427832 722.1428571428571
-5.481881585887 29.494897427832 858.5714285714284
-5.481881585887 29.494897427832 85.4761904761904
-5.481881585887 29.494897427832 130.9523809523808
-5.481881585887 29.494897427832 221.9047619047617
-5.481881585887 29.494897427832 267.3809523809522
-5.481881585887 29.494897427832 358.3333333333332
-5.481881585887 29.494897427832 403.8095238095237
-5.481881585887 29.494897427832 494.7619047619046
-5.481881585887 29.494897427832 540.2380952380952
-5.481881585887 29.494897427832 631.1904761904761
-5.481881585887 29.494897427832 676.6666666666666
-5.481881585887 29.494897427832 767.6190476190476
-5.481881585887 29.494897427832 813.0952380952381
-5.481881585887 29.494897427832 904.0476190476189
-5.481881585887 29.494897427832 949.5238095238094
1 68 0 20
544
545
546
547
548
549
550
551
552
553
554
555
556
557
558
559
560
561
562
563
-35.08974596215 80.777222831138 130.0877468134056
-35.08974596215 80.777222831138 252.436368498501
-35.08974596215 80.777222831138 374.7849901835967
-35.08974596215 80.777222831138 497.1336118686926
-35.08974596215 80.777222831138 619.4822335537884
-35.08974596215 80.777222831138 741.8308552388842
-35.08974596215 80.777222831138 48.52199902334186
-35.08974596215 80.777222831138 89.30487291837372
-35.08974596215 80.777222831138 170.8706207084374
-35.08974596215 80.777222831138 211.6534946034692
-35.08974596215 80.777222831138 293.2192423935329
-35.08974596215 80.777222831138 334.0021162885648
-35.08974596215 80.777222831138 415.5678640786286
-35.08974596215 80.777222831138 456.3507379736606
-35.08974596215 80.777222831138 537.9164857637245
-35.08974596215 80.777222831138 578.6993596587564
-35.08974596215 80.777222831138 660.2651074488203
-35.08974596215 80.777222831138 701.0479813438523
-35.08974596215 80.777222831138 782.6137291339161
-35.08974596215 80.777222831138 823.396603028948
1 69 0 5
564
565
566
567
568
-28.22621601514545 68.88924024361322 930.0922078195688
-23.63868822452262 60.94340902912431 974.0290908119943
-25.93394939901626 64.91891799998548 952.0612767580747
-30.51601244742455 72.85528400330855 908.1221126619541
-32.80374807147185 76.81775833844178 886.151157335293
1 70 0 2
569
570
-21.33974596215 56.961524227066 995.33178714573
-21.33974596215 56.961524227066 995.66357429146
1 71 0 2
571
572
-16.05379117005889 47.80598196065665 995
-10.76783637796778 38.65043969424731 995
1 72 0 20
573
574
575
576
577
578
579
580
581
582
583
584
585
586
587
588
589
590
591
592
-52.41025403784 70.777222831138 130.0877468134056
-52.41025403784 70.777222831138 252.436368498501
-52.41025403784 70.777222831138 374.7849901835967
-52.41025403784 70.777222831138 497.1336118686926
-52.41025403784 70.777222831138 619.4822335537884
-52.41025403784 70.777222831138 741.8308552388842
-52.41025403784 70.777222831138 48.52199902334186
-52.41025403784 70.777222831138 89.30487291837372
-52.41025403784 70.777222831138 170.8706207084374
-52.41025403784 70.777222831138 211.6534946034692
-52.41025403784 70.777222831138 293.2192423935329
-52.41025403784 70.777222831138 334.0021162885648
-52.41025403784 70.777222831138 415.5678640786286
-52.41025403784 70.777222831138 456.3507379736606
-52.41025403784 70.777222831138 537.9164857637245
-52.41025403784 70.777222831138 578.6993596587564
-52.41025403784 70.777222831138 660.2651074488203
-52.41025403784 70.777222831138 701.0479813438523
-52.41025403784 70.777222831138 782.6137291339161
-52.41025403784 70.777222831138 823.396603028948
1 73 0 5
593
594
595
596
597
-43.7499999999967 75.77722283113991 866.93548387081
-49.66612021471686 72.36154923261131 865.6471039433104
-46.75835567337968 74.04034787329323 866.60196716367
-40.74164432660108 77.51409778899389 866.6019671636657
-37.833879785288 79.1928964296619 865.6471039433125
1 74 0 20
598
599
600
601
602
603
604
605
606
607
608
609
610
611
612
613
614
615
616
617
-22.80238966157 19.494897427832 176.4285714285712
-22.80238966157 19.494897427832 312.8571428571427
-22.80238966157 19.494897427832 449.2857142857141
-22.80238966157 19.494897427832 585.7142857142857
-22.80238966157 19.494897427832 722.1428571428571
-22.80238966157 19.494897427832 858.5714285714284
-22.80238966157 19.494897427832 85.4761904761904
-22.80238966157 19.494897427832 130.9523809523808
-22.80238966157 19.494897427832 221.9047619047617
-22.80238966157 19.494897427832 267.3809523809522
-22.80238966157 19.494897427832 358.3333333333332
-22.80238966157 19.494897427832 403.8095238095237
-22.80238966157 19.494897427832 494.7619047619046
-22.80238966157 19.494897427832 540.2380952380952
-22.80238966157 19.494897427832 631.1904761904761
-22.80238966157 19.494897427832 676.6666666666666
-22.80238966157 19.494897427832 767.6190476190476
-22.80238966157 19.494897427832 813.0952380952381
-22.80238966157 19.494897427832 904.0476190476189
-22.80238966157 19.494897427832 949.5238095238094
1 75 0 5
618
619
620
621
622
-45.54672409083346 58.88924024361324 930.0922078195687
-40.95919630021064 50.94340902912434 974.0290908119941
-43.25445747470425 54.91891799998548 952.0612767580747
-47.83652052311256 62.85528400330858 908.1221126619539
-50.12425614715986 66.81775833844179 886.1511573352927
1 76 0 2
623
624
-38.66025403784 46.961524227066 995.33178714573
-38.66025403784 46.961524227066 995.66357429146
1 77 0 2
625
626
-33.3742992457483 37.80598196065564 995
-28.08834445365661 28.65043969424529 995
1 78 0 2
627
628
-25.01380196123711 16.56229789141624 995
-26.85027169962855 13.38143899796006 995
1 79 0 20
629
630
631
632
633
634
635
636
637
638
639
640
641
642
643
644
645
646
647
648
-28.28427124746 10 176.4285714285712
-28.28427124746 10 312.8571428571427
-28.28427124746 10 449.2857142857141
-28.28427124746 10 585.7142857142857
-28.28427124746 10 722.1428571428571
-28.28427124746 10 858.5714285714284
-28.28427124746 10 85.4761904761904
-28.28427124746 10 130.9523809523808
-28.28427124746 10 221.9047619047617
-28.28427124746 10 267.3809523809522
-28.28427124746 10 358.3333333333332
-28.28427124746 10 403.8095238095237
-28.28427124746 10 494.7619047619046
-28.28427124746 10 540.2380952380952
-28.28427124746 10 631.1904761904761
-28.28427124746 10 676.6666666666666
-28.28427124746 10 767.6190476190476
-28.28427124746 10 813.0952380952381
-28.28427124746 10 904.0476190476189
-28.28427124746 10 949.5238095238094
1 80 0 20
649
650
651
652
653
654
655
656
657
658
659
660
661
662
663
664
665
666
667
668
-87.5 10 130.0877468134056
-87.5 10 252.436368498501
-87.5 10 374.7849901835967
-87.5 10 497.1336118686926
-87.5 10 619.4822335537884
-87.5 10 741.8308552388842
-87.5 10 48.52199902334186
-87.5 10 89.30487291837372
-87.5 10 170.8706207084374
-87.5 10 211.6534946034692
-87.5 10 293.2192423935329
-87.5 10 334.0021162885648
-87.5 10 415.5678640786286
-87.5 10 456.3507379736606
-87.5 10 537.9164857637245
-87.5 10 578.6993596587564
-87.5 10 660.2651074488203
-87.5 10 701.0479813438523
-87.5 10 782.6137291339161
-87.5 10 823.396603028948
1 81 0 5
669
670
671
672
673
-73.77294010595396 10 930.092207819554
-64.59788452471383 10 974.0290908119697
-69.18840687369831 10 952.061276758055
-78.35253297050946 10 908.1221126619437
-82.92800421860134 10 886.1511573352875
1 82 0 2
674
675
-60 10 995.33178714572
-60 10 995.66357429144
1 83 0 2
676
677
-49.42809041582 10 995
-38.85618083164 10 995
1 84 0 20
678
679
680
681
682
683
684
685
686
687
688
689
690
691
692
693
694
695
696
697
-87.5 -10 130.0877468134056
-87.5 -10 252.436368498501
-87.5 -10 374.7849901835967
-87.5 -10 497.1336118686926
-87.5 -10 619.4822335537884
-87.5 -10 741.8308552388842
-87.5 -10 48.52199902334186
-87.5 -10 89.30487291837372
-87.5 -10 170.8706207084374
-87.5 -10 211.6534946034692
-87.5 -10 293.2192423935329
-87.5 -10 334.0021162885648
-87.5 -10 415.5678640786286
-87.5 -10 456.3507379736606
-87.5 -10 537.9164857637245
-87.5 -10 578.6993596587564
-87.5 -10 660.2651074488203
-87.5 -10 701.0479813438523
-87.5 -10 782.6137291339161
-87.5 -10 823.396603028948
1 85 0 5
698
699
700
701
702
-87.5 -1.863675771866802e-14 866.93548387081
-87.5 -6.831347197054011 865.6471039433093
-87.5 -3.473749915691799 866.6019671636693
-87.5 3.473749915706497 866.6019671636666
-87.5 6.831347197041244 865.6471039433141
1 86 0 20
703
704
705
706
707
708
709
710
711
712
713
714
715
716
717
718
719
720
721
722
-28.28427124746 -10 176.4285714285712
-28.28427124746 -10 312.8571428571427
-28.28427124746 -10 449.2857142857141
-28.28427124746 -10 585.7142857142857
-28.28427124746 -10 722.1428571428571
-28.28427124746 -10 858.5714285714284
-28.28427124746 -10 85.4761904761904
-28.28427124746 -10 130.9523809523808
-28.28427124746 -10 221.9047619047617
-28.28427124746 -10 267.3809523809522
-28.28427124746 -10 358.3333333333332
-28.28427124746 -10 403.8095238095237
-28.28427124746 -10 494.7619047619046
-28.28427124746 -10 540.2380952380952
-28.28427124746 -10 631.1904761904761
-28.28427124746 -10 676.6666666666666
-28.28427124746 -10 767.6190476190476
-28.28427124746 -10 813.0952380952381
-28.28427124746 -10 904.0476190476189
-28.28427124746 -10 949.5238095238094
1 87 0 5
723
724
725
726
727
-73.77294010595396 -10 930.092207819554
-64.59788452471383 -10 974.0290908119697
-69.18840687369831 -10 952.061276758055
-78.35253297050946 -10 908.1221126619437
-82.92800421860134 -10 886.1511573352875
1 88 0 2
728
729
-60 -10 995.33178714572
-60 -10 995.66357429144
1 89 0 2
730
731
-49.42809041582 -10 995
-38.85618083164 -10 995
1 90 0 20
732
733
734
735
736
737
738
739
740
741
742
743
744
745
746
747
748
749
750
751
-22.80238966157 -19.49489742783 176.4285714285712
-22.80238966157 -19.49489742783 312.8571428571427
-22.80238966157 -19.49489742783 449.2857142857141
-22.80238966157 -19.49489742783 585.7142857142857
-22.80238966157 -19.49489742783 722.1428571428571
-22.80238966157 -19.49489742783 858.5714285714284
-22.80238966157 -19.49489742783 85.4761904761904
-22.80238966157 -19.49489742783 130.9523809523808
-22.80238966157 -19.49489742783 221.9047619047617
-22.80238966157 -19.49489742783 267.3809523809522
-22.80238966157 -19.49489742783 358.3333333333332
-22.80238966157 -19.49489742783 403.8095238095237
-22.80238966157 -19.49489742783 494.7619047619046
-22.80238966157 -19.49489742783 540.2380952380952
-22.80238966157 -19.49489742783 631.1904761904761
-22.80238966157 -19.49489742783 676.6666666666666
-22.80238966157 -19.49489742783 767.6190476190476
-22.80238966157 -19.49489742783 813.0952380952381
-22.80238966157 -19.49489742783 904.0476190476189
-22.80238966157 -19.49489742783 949.5238095238094
1 91 0 2
752
753
-26.85027169962877 -13.38143899795961 995
-25.01380196123766 -16.5622978914154 995
1 92 0 20
754
755
756
757
758
759
760
761
762
763
764
765
766
767
768
769
770
771
772
773
-52.41025403784 -70.77722283113 130.0877468134056
-52.41025403784 -70.77722283113 252.436368498501
-52.41025403784 -70.77722283113 374.7849901835967
-52.41025403784 -70.77722283113 497.1336118686926
-52.41025403784 -70.77722283113 619.4822335537884
-52.41025403784 -70.77722283113 741.8308552388842
-52.41025403784 -70.77722283113 48.52199902334186
-52.41025403784 -70.77722283113 89.30487291837372
-52.41025403784 -70.77722283113 170.8706207084374
-52.41025403784 -70.77722283113 211.6534946034692
-52.41025403784 -70.77722283113 293.2192423935329
-52.41025403784 -70.77722283113 334.0021162885648
-52.41025403784 -70.77722283113 415.5678640786286
-52.41025403784 -70.77722283113 456.3507379736606
-52.41025403784 -70.77722283113 537.9164857637245
-52.41025403784 -70.77722283113 578.6993596587564
-52.41025403784 -70.77722283113 660.2651074488203
-52.41025403784 -70.77722283113 701.0479813438523
-52.41025403784 -70.77722283113 782.6137291339161
-52.41025403784 -70.77722283113 823.396603028948
1 93 0 5
774
775
776
777
778
-45.54672409083334 -58.88924024361305 930.0922078195698
-40.95919630021051 -50.94340902912413 974.0290908119953
-43.25445747470414 -54.91891799998528 952.0612767580757
-47.83652052311244 -62.85528400330837 908.122112661955
-50.12425614715973 -66.81775833844158 886.1511573352941
1 94 0 2
779
780
-38.66025403784 -46.96152422706 995.33178714573
-38.66025403784 -46.96152422706 995.66357429146
1 95 0 2
781
782
-33.37429924574888 -37.80598196065065 995
-28.08834445365777 -28.65043969424129 995
1 96 0 20
783
784
785
786
787
788
789
790
791
792
793
794
795
796
797
798
799
800
801
802
-35.08974596215 -80.77722283113 130.0877468134056
-35.08974596215 -80.77722283113 252.436368498501
-35.08974596215 -80.77722283113 374.7849901835967
-35.08974596215 -80.77722283113 497.1336118686926
-35.08974596215 -80.77722283113 619.4822335537884
-35.08974596215 -80.77722283113 741.8308552388842
-35.08974596215 -80.77722283113 48.52199902334186
-35.08974596215 -80.77722283113 89.30487291837372
-35.08974596215 -80.77722283113 170.8706207084374
-35.08974596215 -80.77722283113 211.6534946034692
-35.08974596215 -80.77722283113 293.2192423935329
-35.08974596215 -80.77722283113 334.0021162885648
-35.08974596215 -80.77722283113 415.5678640786286
-35.08974596215 -80.77722283113 456.3507379736606
-35.08974596215 -80.77722283113 537.9164857637245
-35.08974596215 -80.77722283113 578.6993596587564
-35.08974596215 -80.77722283113 660.2651074488203
-35.08974596215 -80.77722283113 701.0479813438523
-35.08974596215 -80.77722283113 782.6137291339161
-35.08974596215 -80.77722283113 823.396603028948
1 97 0 5
803
804
805
806
807
-43.74999999999672 -75.77722283113189 866.93548387081
-37.83387978527699 -79.19289642966025 865.6471039433077
-40.74164432661387 -77.5140977889785 866.6019671636686
-46.75835567339247 -74.04034787327785 866.6019671636672
-49.66612021470585 -72.36154923260966 865.6471039433152
1 98 0 20
808
809
810
811
812
813
814
815
816
817
818
819
820
821
822
823
824
825
826
827
-5.481881585887 -29.49489742783 176.4285714285712
-5.481881585887 -29.49489742783 312.8571428571427
-5.481881585887 -29.49489742783 449.2857142857141
-5.481881585887 -29.49489742783 585.7142857142857
-5.481881585887 -29.49489742783 722.1428571428571
-5.481881585887 -29.49489742783 858.5714285714284
-5.481881585887 -29.49489742783 85.4761904761904
-5.481881585887 -29.49489742783 130.9523809523808
-5.481881585887 -29.49489742783 221.9047619047617
-5.481881585887 -29.49489742783 267.3809523809522
-5.481881585887 -29.49489742783 358.3333333333332
-5.481881585887 -29.49489742783 403.8095238095237
-5.481881585887 -29.49489742783 494.7619047619046
-5.481881585887 -29.49489742783 540.2380952380952
-5.481881585887 -29.49489742783 631.1904761904761
-5.481881585887 -29.49489742783 676.6666666666666
-5.481881585887 -29.49489742783 767.6190476190476
-5.481881585887 -29.49489742783 813.0952380952381
-5.481881585887 -29.49489742783 904.0476190476189
-5.481881585887 -29.49489742783 949.5238095238094
1 99 0 5
828
829
830
831
832
-28.22621601514531 -68.88924024361299 930.0922078195701
-23.6386882245225 -60.9434090291241 974.0290908119954
-25.93394939901614 -64.91891799998527 952.0612767580758
-30.51601244742441 -72.85528400330831 908.1221126619554
-32.80374807147171 -76.81775833844152 886.1511573352946
1 100 0 2
833
834
-21.33974596215 -56.96152422706 995.33178714573
-21.33974596215 -56.96152422706 995.66357429146
1 101 0 2
835
836
-16.05379117005947 -47.80598196065166 995
-10.76783637796894 -38.65043969424331 995
1 102 0 20
837
838
839
840
841
842
843
844
845
846
847
848
849
850
851
852
853
854
855
856
5.481881585887 -29.49489742783 176.4285714285712
5.481881585887 -29.49489742783 312.8571428571427
5.481881585887 -29.49489742783 449.2857142857141
5.481881585887 -29.49489742783 585.7142857142857
5.481881585887 -29.49489742783 722.1428571428571
5.481881585887 -29.49489742783 858.5714285714284
5.481881585887 -29.49489742783 85.4761904761904
5.481881585887 -29.49489742783 130.9523809523808
5.481881585887 -29.49489742783 221.9047619047617
5.481881585887 -29.49489742783 267.3809523809522
5.481881585887 -29.49489742783 358.3333333333332
5.481881585887 -29.49489742783 403.8095238095237
5.481881585887 -29.49489742783 494.7619047619046
5.481881585887 -29.49489742783 540.2380952380952
5.481881585887 -29.49489742783 631.1904761904761
5.481881585887 -29.49489742783 676.6666666666666
5.481881585887 -29.49489742783 767.6190476190476
5.481881585887 -29.49489742783 813.0952380952381
5.481881585887 -29.49489742783 904.0476190476189
5.481881585887 -29.49489742783 949.5238095238094
1 103 0 2
857
858
-1.836469738390961 -29.94373688937262 995
1.836469738390976 -29.94373688937261 995
1 104 0 20
859
860
861
862
863
864
865
866
867
868
869
870
871
872
873
874
875
876
877
878
35.089745962156 -80.77722283113 130.0877468134056
35.089745962156 -80.77722283113 252.436368498501
35.089745962156 -80.77722283113 374.7849901835967
35.089745962156 -80.77722283113 497.1336118686926
35.089745962156 -80.77722283113 619.4822335537884
35.089745962156 -80.77722283113 741.8308552388842
35.089745962156 -80.77722283113 48.52199902334186
35.089745962156 -80.77722283113 89.30487291837372
35.089745962156 -80.77722283113 170.8706207084374
35.089745962156 -80.77722283113 211.6534946034692
35.089745962156 -80.77722283113 293.2192423935329
35.089745962156 -80.77722283113 334.0021162885648
35.089745962156 -80.77722283113 415.5678640786286
35.089745962156 -80.77722283113 456.3507379736606
35.089745962156 -80.77722283113 537.9164857637245
35.089745962156 -80.77722283113 578.6993596587564
35.089745962156 -80.77722283113 660.2651074488203
35.089745962156 -80.77722283113 701.0479813438523
35.089745962156 -80.77722283113 782.6137291339161
35.089745962156 -80.77722283113 823.396603028948
1 105 0 2
879
880
10.76783637799686 -38.65043969422835 995
16.05379117008788 -47.80598196063756 995
1 106 0 2
881
882
21.339745962156 -56.96152422706 995.33178714573
21.339745962156 -56.96152422706 995.66357429146
1 107 0 5
883
884
885
886
887
28.22621601514538 -68.8892402436131 930.0922078195695
32.80374807148893 -76.81775833847136 886.1511573351288
30.51601244740556 -72.85528400327566 908.1221126621364
25.93394939906026 -64.91891800006169 952.0612767576531
23.63868822447272 -60.94340902903788 974.0290908124715
1 108 0 20
888
889
890
891
892
893
894
895
896
897
898
899
900
901
902
903
904
905
906
907
52.410254037844 -70.77722283113 130.0877468134056
52.410254037844 -70.77722283113 252.436368498501
52.410254037844 -70.77722283113 374.7849901835967
52.410254037844 -70.77722283113 497.1336118686926
52.410254037844 -70.77722283113 619.4822335537884
52.410254037844 -70.77722283113 741.8308552388842
52.410254037844 -70.77722283113 48.52199902334186
52.410254037844 -70.77722283113 89.30487291837372
52.410254037844 -70.77722283113 170.8706207084374
52.410254037844 -70.77722283113 211.6534946034692
52.410254037844 -70.77722283113 293.2192423935329
52.410254037844 -70.77722283113 334.0021162885648
52.410254037844 -70.77722283113 415.5678640786286
52.410254037844 -70.77722283113 456.3507379736606
52.410254037844 -70.77722283113 537.9164857637245
52.410254037844 -70.77722283113 578.6993596587564
52.410254037844 -70.77722283113 660.2651074488203
52.410254037844 -70.77722283113 701.0479813438523
52.410254037844 -70.77722283113 782.6137291339161
52.410254037844 -70.77722283113 823.396603028948
1 109 0 5
908
909
910
911
912
43.74999999999999 -75.77722283113 866.93548387081
37.8338797852805 -79.19289642965822 865.6471039433093
40.74164432661731 -77.51409778897651 866.6019671636693
46.75835567339543 -74.04034787327613 866.6019671636666
49.66612021470845 -72.36154923260817 865.6471039433141
1 110 0 20
913
914
915
916
917
918
919
920
921
922
923
924
925
926
927
928
929
930
931
932
22.802389661575 -19.49489742783 176.4285714285712
22.802389661575 -19.49489742783 312.8571428571427
22.802389661575 -19.49489742783 449.2857142857141
22.802389661575 -19.49489742783 585.7142857142857
22.802389661575 -19.49489742783 722.1428571428571
22.802389661575 -19.49489742783 858.5714285714284
22.802389661575 -19.49489742783 85.4761904761904
22.802389661575 -19.49489742783 130.9523809523808
22.802389661575 -19.49489742783 221.9047619047617
22.802389661575 -19.49489742783 267.3809523809522
22.802389661575 -19.49489742783 358.3333333333332
22.802389661575 -19.49489742783 403.8095238095237
22.802389661575 -19.49489742783 494.7619047619046
22.802389661575 -19.49489742783 540.2380952380952
22.802389661575 -19.49489742783 631.1904761904761
22.802389661575 -19.49489742783 676.6666666666666
22.802389661575 -19.49489742783 767.6190476190476
22.802389661575 -19.49489742783 813.0952380952381
22.802389661575 -19.49489742783 904.0476190476189
22.802389661575 -19.49489742783 949.5238095238094
1 111 0 2
933
934
28.08834445368636 -28.65043969422748 995
33.37429924577739 -37.80598196063671 995
1 112 0 2
935
936
38.660254037844 -46.96152422706 995.33178714573
38.660254037844 -46.96152422706 995.66357429146
1 113 0 5
937
938
939
940
941
45.54672409083337 -58.8892402436131 930.0922078195695
50.12425614717693 -66.81775833847136 886.1511573351288
47.83652052309355 -62.85528400327566 908.1221126621364
43.25445747474828 -54.91891800006174 952.061276757653
40.95919630016075 -50.94340902903793 974.0290908124712
1 114 0 20
942
943
944
945
946
947
948
949
950
951
952
953
954
955
956
957
958
959
960
961
28.284271247462 -10 176.4285714285712
28.284271247462 -10 312.8571428571427
28.284271247462 -10 449.2857142857141
28.284271247462 -10 585.7142857142857
28.284271247462 -10 722.1428571428571
28.284271247462 -10 858.5714285714284
28.284271247462 -10 85.4761904761904
28.284271247462 -10 130.9523809523808
28.284271247462 -10 221.9047619047617
28.284271247462 -10 267.3809523809522
28.284271247462 -10 358.3333333333332
28.284271247462 -10 403.8095238095237
28.284271247462 -10 494.7619047619046
28.284271247462 -10 540.2380952380952
28.284271247462 -10 631.1904761904761
28.284271247462 -10 676.6666666666666
28.284271247462 -10 767.6190476190476
28.284271247462 -10 813.0952380952381
28.284271247462 -10 904.0476190476189
28.284271247462 -10 949.5238095238094
1 115 0 2
962
963
25.01380196123898 -16.5622978914134 995
26.85027169962945 -13.38143899795825 995
1 116 0 20
964
965
966
967
968
969
970
971
972
973
974
975
976
977
978
979
980
981
982
983
87.5 -10 130.0877468134056
87.5 -10 252.436368498501
87.5 -10 374.7849901835967
87.5 -10 497.1336118686926
87.5 -10 619.4822335537884
87.5 -10 741.8308552388842
87.5 -10 48.52199902334186
87.5 -10 89.30487291837372
87.5 -10 170.8706207084374
87.5 -10 211.6534946034692
87.5 -10 293.2192423935329
87.5 -10 334.0021162885648
87.5 -10 415.5678640786286
87.5 -10 456.3507379736606
87.5 -10 537.9164857637245
87.5 -10 578.6993596587564
87.5 -10 660.2651074488203
87.5 -10 701.0479813438523
87.5 -10 782.6137291339161
87.5 -10 823.396603028948
1 117 0 2
984
985
38.85618083164134 -10 995
49.42809041582068 -10 995
1 118 0 2
986
987
60 -10 995.33178714572
60 -10 995.66357429144
1 119 0 5
988
989
990
991
992
73.77294010595404 -10 930.0922078195537
82.92800421863561 -10 886.1511573351229
78.35253297047161 -10 908.1221126621253
69.18840687378655 -10 952.0612767576324
64.59788452461422 -10 974.029090812446
1 120 0 20
993
994
995
996
997
998
999
1000
1001
1002
1003
1004
1005
1006
1007
1008
1009
1010
1011
1012
87.5 10 130.0877468134056
87.5 10 252.436368498501
87.5 10 374.7849901835967
87.5 10 497.1336118686926
87.5 10 619.4822335537884
87.5 10 741.8308552388842
87.5 10 48.52199902334186
87.5 10 89.30487291837372
87.5 10 170.8706207084374
87.5 10 211.6534946034692
87.5 10 293.2192423935329
87.5 10 334.0021162885648
87.5 10 415.5678640786286
87.5 10 456.3507379736606
87.5 10 537.9164857637245
87.5 10 578.6993596587564
87.5 10 660.2651074488203
87.5 10 701.0479813438523
87.5 10 782.6137291339161
87.5 10 823.396603028948
1 121 0 5
1013
1014
1015
1016
1017
87.5 5.172899001665259 866.19625223886
87.5 1.744785038299584 866.8513187388041
87.5 3.473748034233625 866.6019675248068
87.5 6.831345660110347 865.6471045221595
87.5 8.441732575951747 864.9696463300139
1 122 0 5
1018
1019
1020
1021
1022
87.5 -5.172899001665276 866.19625223886
87.5 -8.441732575894084 864.9696463300407
87.5 -6.831345660054667 865.6471045221804
87.5 -3.473748034231431 866.6019675248072
87.5 -1.74478503829766 866.8513187388044
1 123 0 2
1023
1024
38.85618083164134 10 995
49.42809041582068 10 995
1 124 0 2
1025
1026
60 10 995.33178714572
60 10 995.66357429144
1 125 0 5
1027
1028
1029
1030
1031
73.77294010595404 10 930.0922078195537
82.92800421863561 10 886.1511573351229
78.35253297047161 10 908.1221126621253
69.18840687378655 10 952.0612767576324
64.59788452461422 10 974.029090812446
1 126 0 2
1032
1033
60 -6.666666666666671 1145
60 -3.333333333333343 1145
1 127 0 2
1034
1035
59.44053188733066 -10 1145
59.72026594366532 -10 1145
1 128 0 5
1036
1037
1038
1039
1040
43.86863903416885 -10 1069.96985857611
33.53642722855319 -10 1019.97799513482
38.72355044060445 -10 1044.969582607333
48.98490672063235 -10 1094.976053174552
54.08051699160602 -10 1119.986468670705
1 129 0 5
1041
1042
1043
1044
1045
30.59457355493668 -32.99135583303492 1069.96985857611
25.42846765212691 -24.04339793209145 1019.977995134819
28.02202925815352 -28.53557840628719 1044.969582607332
33.15270739816939 -37.42217362207317 1094.976053174551
35.70051253365718 -41.8351015645207 1119.986468670704
1 130 0 2
1046
1047
38.38051998153338 -46.47701062886653 1145
38.52038700970091 -46.71926742795623 1145
1 131 0 2
1048
1049
32.88675134352245 -50.29485756179065 1145
35.77350269068223 -48.6281908944236 1145
1 132 0 2
1050
1051
24.22649730689156 -55.29485756109257 1145
27.11324865162712 -53.62819089512514 1145
1 133 0 2
1052
1053
21.06001190584388 -56.47701062886738 1145
21.19987893401141 -56.71926742795709 1145
1 134 0 5
1054
1055
1056
1057
1058
13.27406547924868 -42.99135583303492 1069.96985857611
8.10795957643891 -34.04339793209145 1019.977995134819
10.70152118246552 -38.53557840628719 1044.969582607332
15.83219932248139 -47.42217362207317 1094.976053174551
18.38000445796919 -51.8351015645207 1119.986468670704
1 135 0 5
1059
1060
1061
1062
1063
-13.27406547924865 -42.99135583303487 1069.969858576109
-18.38000445801278 -51.83510156459621 1119.986468671133
-15.83219932251898 -47.42217362213827 1094.976053174919
-10.70152118244892 -38.53557840625844 1044.969582607172
-8.107959576467353 -34.04339793214071 1019.977995135092
1 136 0 2
1064
1065
-24.22649747529683 -55.29485746386028 1145
-27.11324898844365 -53.62819070066055 1145
1 137 0 2
1066
1067
-21.19987893398256 -56.71926742797045 1145
-21.06001190581512 -56.4770106288809 1145
1 138 0 2
1068
1069
-38.52038700967255 -46.71926742797045 1145
-38.38051998150512 -46.4770106288809 1145
1 139 0 2
1070
1071
-32.88675168033949 -50.29485736732578 1145
-35.7735028590885 -48.62819079719073 1145
1 140 0 5
1072
1073
1074
1075
1076
-30.59457355493663 -32.99135583303484 1069.969858576109
-35.70051253370078 -41.83510156459621 1119.986468671133
-33.15270739820696 -37.42217362213823 1094.976053174919
-28.02202925813688 -28.53557840625838 1044.969582607171
-25.42846765215531 -24.04339793214064 1019.977995135092
1 141 0 5
1077
1078
1079
1080
1081
-43.86863903416867 -10 1069.969858576109
-54.0805169916931 -10 1119.986468671133
-48.98490672070739 -10 1094.976053174919
-38.72355044057115 -10 1044.969582607172
-33.53642722860997 -10 1019.977995135092
1 142 0 2
1082
1083
-60 -6.666666666666655 1145
-60 -3.333333333333311 1145
1 143 0 2
1084
1085
-59.72026594366334 -10 1145
-59.44053188732666 -10 1145
1 144 0 2
1086
1087
-59.72026594366334 10 1145
-59.44053188732666 10 1145
1 145 0 2
1088
1089
-60 3.333333333333355 1145
-60 6.666666666666679 1145
1 146 0 5
1090
1091
1092
1093
1094
-30.59457355493672 32.99135583303499 1069.96985857611
-35.70051253370091 41.83510156459643 1119.986468671134
-33.15270739820708 37.42217362213845 1094.97605317492
-28.02202925813696 28.53557840625852 1044.969582607172
-25.42846765215536 24.04339793214073 1019.977995135092
1 147 0 5
1095
1096
1097
1098
1099
-43.86863903416867 10 1069.969858576109
-54.0805169916931 10 1119.986468671133
-48.98490672070739 10 1094.976053174919
-38.72355044057115 10 1044.969582607172
-33.53642722860997 10 1019.977995135092
1 148 0 2
1100
1101
-35.773502690677 48.62819089443492 1145
-32.88675134351401 50.29485756180383 1145
1 149 0 2
1102
1103
-38.52038700967285 46.71926742797695 1145
-38.38051998150569 46.4770106288879 1145
1 150 0 2
1104
1105
-21.19987893398285 56.71926742797694 1145
-21.0600119058157 56.4770106288879 1145
1 151 0 2
1106
1107
-27.11324865161817 53.62819089513861 1145
-24.22649730688534 55.29485756110446 1145
1 152 0 5
1108
1109
1110
1111
1112
13.27406547924876 42.99135583303506 1069.96985857611
8.107959576438963 34.04339793209154 1019.97799513482
10.70152118246558 38.5355784062873 1044.969582607333
15.83219932248148 47.42217362207332 1094.976053174552
18.38000445796929 51.83510156452087 1119.986468670705
1 153 0 5
1113
1114
1115
1116
1117
-13.27406547924874 42.99135583303502 1069.96985857611
-18.38000445801291 51.83510156459643 1119.986468671134
-15.83219932251908 47.42217362213845 1094.97605317492
-10.70152118244899 38.53557840625857 1044.969582607172
-8.107959576467406 34.04339793214081 1019.977995135093
1 154 0 2
1118
1119
21.06001190584445 56.47701062887439 1145
21.19987893401169 56.71926742796358 1145
1 155 0 2
1120
1121
27.11324865163327 53.6281908951322 1145
24.22649730689563 55.29485756110083 1145
1 156 0 2
1122
1123
35.7735026906863 48.62819089443185 1145
32.8867513435286 50.29485756179771 1145
1 157 0 2
1124
1125
38.38051998153395 46.47701062887352 1145
38.5203870097012 46.71926742796271 1145
1 158 0 5
1126
1127
1128
1129
1130
43.86863903416885 10 1069.96985857611
33.53642722855319 10 1019.97799513482
38.72355044060445 10 1044.969582607333
48.98490672063235 10 1094.976053174552
54.08051699160602 10 1119.986468670705
1 159 0 5
1131
1132
1133
1134
1135
30.59457355493676 32.99135583303506 1069.96985857611
25.42846765212696 24.04339793209154 1019.97799513482
28.02202925815358 28.5355784062873 1044.969582607333
33.15270739816948 37.42217362207332 1094.976053174552
35.70051253365728 41.83510156452087 1119.986468670705
1 160 0 2
1136
1137
59.44053188733066 10 1145
59.72026594366532 10 1145
1 161 0 2
1138
1139
60 3.333333333333323 1145
60 6.666666666666661 1145
1 162 0 5
1140
1141
1142
1143
1144
25.38246298999353 54.62746046278765 998.8559290502683
28.42051079663004 52.87344274381422 999.8659026817079
26.87321659273472 53.76677346894918 999.4748419368721
23.96162878359682 55.44777947432503 998.046255273003
22.61471889241134 56.22541826257553 997.0822756144237
1 163 0 5
1145
1146
1147
1148
1149
34.61753808367546 49.29558737146128 998.855928519274
37.38528142941807 47.69763000574817 997.0822753613967
36.03837189620631 48.47526858732245 998.0462548345661
33.12678490267648 50.15627412180677 999.4748414350026
31.5794911293052 51.04960459837855 999.8659023547626
1 164 0 5
1150
1151
1152
1153
1154
38.660254037844 46.961524227066 1070.497680718595
38.660254037844 46.961524227066 1020.829467864325
38.660254037844 46.961524227066 1045.66357429146
38.660254037844 46.961524227066 1095.33178714573
38.660254037844 46.961524227066 1120.165893572865
1 165 0 5
1155
1156
1157
1158
1159
21.339745962156 56.961524227066 1070.497680718595
21.339745962156 56.961524227066 1020.829467864325
21.339745962156 56.961524227066 1045.66357429146
21.339745962156 56.961524227066 1095.33178714573
21.339745962156 56.961524227066 1120.165893572865
1 166 0 5
1160
1161
1162
1163
1164
-21.33974596215 56.961524227066 1070.497680718595
-21.33974596215 56.961524227066 1020.829467864325
-21.33974596215 56.961524227066 1045.66357429146
-21.33974596215 56.961524227066 1095.33178714573
-21.33974596215 56.961524227066 1120.165893572865
1 167 0 5
1165
1166
1167
1168
1169
-34.61753701000426 49.29558799134563 998.8559290502693
-37.38528110759708 47.69763019155161 997.0822756144171
-36.03837121638836 48.47526897981553 998.0462552730125
-33.12678340721699 50.1562749852107 999.4748419368883
-31.57948920332737 51.04960571034237 999.8659026817152
1 168 0 5
1170
1171
1172
1173
1174
-25.38246191632208 54.62746108267215 998.8559285192728
-28.42050887065212 52.87344385577808 999.8659023547555
-26.87321509727506 53.76677433235322 999.4748414349865
-23.96162810377855 55.44777986681829 998.0462548345562
-22.61471857058996 56.22541844837919 997.0822753614029
1 169 0 5
1175
1176
1177
1178
1179
-38.66025403784 46.961524227066 1070.497680718595
-38.66025403784 46.961524227066 1020.829467864325
-38.66025403784 46.961524227066 1045.66357429146
-38.66025403784 46.961524227066 1095.33178714573
-38.66025403784 46.961524227066 1120.165893572865
1 170 0 5
1180
1181
1182
1183
1184
-60 10 1070.49768071858
-60 10 1020.8294678643
-60 10 1045.66357429144
-60 10 1095.33178714572
-60 10 1120.16589357286
1 171 0 5
1185
1186
1187
1188
1189
-60 -5.331873711216116 998.8559285192703
-60 -8.527788442645463 997.0822753613877
-60 -6.972511279495467 998.0462548345598
-60 -3.610500210523157 999.4748414350009
-60 -1.823839257377323 999.8659023547623
1 172 0 5
1190
1191
1192
1193
1194
-60 5.331872471449676 998.8559290502646
-60 1.823837033498754 999.8659026817074
-60 3.610498483770841 999.4748419368705
-60 6.97251049452606 998.0462552729971
-60 8.52778807102843 997.082275614415
1 173 0 5
1195
1196
1197
1198
1199
-60 -10 1070.49768071858
-60 -10 1020.8294678643
-60 -10 1045.66357429144
-60 -10 1095.33178714572
-60 -10 1120.16589357286
1 174 0 5
1200
1201
1202
1203
1204
-38.66025403784 -46.96152422706 1070.497680718595
-38.66025403784 -46.96152422706 1020.829467864325
-38.66025403784 -46.96152422706 1045.66357429146
-38.66025403784 -46.96152422706 1095.33178714573
-38.66025403784 -46.96152422706 1120.165893572865
1 175 0 5
1205
1206
1207
1208
1209
-25.38246298998959 -54.62746046278392 998.8559290502662
-22.61471889239783 -56.22541826257734 997.0822756144131
-23.96162878360603 -55.44777947431371 998.0462552730089
-26.87321659277631 -53.76677346891918 999.4748419368862
-28.42051079666545 -52.87344274378778 999.865902681714
1 176 0 5
1210
1211
1212
1213
1214
-34.61753808367176 -49.29558737145742 998.8559285192758
-31.5794911293407 -51.04960459835206 999.8659023547566
-33.12678490271823 -50.15627412177666 999.4748414349888
-36.03837189621584 -48.47526858731095 998.0462548345598
-37.38528142940495 -47.69763000574975 997.082275361407
1 177 0 5
1215
1216
1217
1218
1219
-21.33974596215 -56.96152422706 1070.497680718595
-21.33974596215 -56.96152422706 1020.829467864325
-21.33974596215 -56.96152422706 1045.66357429146
-21.33974596215 -56.96152422706 1095.33178714573
-21.33974596215 -56.96152422706 1120.165893572865
1 178 0 5
1220
1221
1222
1223
1224
34.61753808367563 -49.29558737145518 998.8559285192739
31.57949112934605 -51.04960459834897 999.8659023547557
33.12678490272285 -50.156274121774 999.4748414349872
36.03837189621899 -48.47526858730913 998.0462548345579
37.38528142940743 -47.69763000574832 997.082275361405
1 179 0 5
1225
1226
1227
1228
1229
25.3824629899937 -54.62746046278155 998.8559290502683
22.61471889240068 -56.22541826257569 997.0822756144154
23.96162878360949 -55.44777947431172 998.0462552730112
26.87321659278109 -53.76677346891641 999.4748419368877
28.42051079667089 -52.87344274378464 999.8659026817149
1 180 0 5
1230
1231
1232
1233
1234
21.339745962156 -56.96152422706 1070.497680718595
21.339745962156 -56.96152422706 1020.829467864325
21.339745962156 -56.96152422706 1045.66357429146
21.339745962156 -56.96152422706 1095.33178714573
21.339745962156 -56.96152422706 1120.165893572865
1 181 0 5
1235
1236
1237
1238
1239
38.660254037844 -46.96152422706 1070.497680718595
38.660254037844 -46.96152422706 1020.829467864325
38.660254037844 -46.96152422706 1045.66357429146
38.660254037844 -46.96152422706 1095.33178714573
38.660254037844 -46.96152422706 1120.165893572865
1 182 0 2
1240
1241
78.33333333327505 -1.918613318664203e-14 911.290322580628
69.1666666665954 -1.694094738820411e-14 955.6451612903053
1 183 0 5
1242
1243
1244
1245
1246
60 -5.331873091332914 998.8559287847675
60 -8.527788256843136 997.0822754878973
60 -6.972510887003524 998.0462550537825
60 -3.610499347120385 999.4748416859434
60 -1.823838145414654 999.8659025182383
1 184 0 5
1247
1248
1249
1250
1251
60 -10 1070.49768071858
60 -10 1020.8294678643
60 -10 1045.66357429144
60 -10 1095.33178714572
60 -10 1120.16589357286
1 185 0 5
1252
1253
1254
1255
1256
60 5.331873091332886 998.8559287847675
60 1.823838145461437 999.8659025182315
60 3.610499347173628 999.4748416859279
60 6.972510887018007 998.0462550537744
60 8.527788256830755 997.0822754879057
1 186 0 5
1257
1258
1259
1260
1261
60 10 1070.49768071858
60 10 1020.8294678643
60 10 1045.66357429144
60 10 1095.33178714572
60 10 1120.16589357286
2 1 0 643
1262
1263
1264
1265
1266
1267
1268
1269
1270
1271
1272
1273
1274
1275
1276
1277
1278
1279
1280
1281
1282
1283
1284
1285
1286
1287
1288
1289
1290
1291
1292
1293
1294
1295
1296
1297
1298
1299
1300
1301
1302
1303
1304
1305
1306
1307
1308
1309
1310
1311
1312
1313
1314
1315
1316
1317
1318
1319
1320
1321
1322
1323
1324
1325
1326
1327
1328
1329
1330
1331
1332
1333
1334
1335
1336
1337
1338
1339
1340
1341
1342
1343
1344
1345
1346
1347
1348
1349
1350
1351
1352
1353
1354
1355
1356
1357
1358
1359
1360
1361
1362
1363
1364
1365
1366
1367
1368
1369
1370
1371
1372
1373
1374
1375
1376
1377
1378
1379
1380
1381
1382
1383
1384
1385
1386
1387
1388
1389
1390
1391
1392
1393
1394
1395
1396
1397
1398
1399
1400
1401
1402
1403
1404
1405
1406
1407
1408
1409
1410
1411
1412
1413
1414
1415
1416
1417
1418
1419
1420
1421
1422
1423
1424
1425
1426
1427
1428
1429
1430
1431
1432
1433
1434
1435
1436
1437
1438
1439
1440
1441
1442
1443
1444
1445
1446
1447
1448
1449
1450
1451
1452
1453
1454
1455
1456
1457
1458
1459
1460
1461
1462
1463
1464
1465
1466
1467
1468
1469
1470
1471
1472
1473
1474
1475
1476
1477
1478
1479
1480
1481
1482
1483
1484
1485
1486
1487
1488
1489
1490
1491
1492
1493
1494
1495
1496
1497
1498
1499
1500
1501
1502
1503
1504
1505
1506
1507
1508
1509
1510
1511
1512
1513
1514
1515
1516
1517
1518
1519
1520
1521
1522
1523
1524
1525
1526
1527
1528
1529
1530
1531
1532
1533
1534
1535
1536
1537
1538
1539
1540
1541
1542
1543
1544
1545
1546
1547
1548
1549
1550
1551
1552
1553
1554
1555
1556
1557
1558
1559
1560
1561
1562
1563
1564
1565
1566
1567
1568
1569
1570
1571
1572
1573
1574
1575
1576
1577
1578
1579
1580
1581
1582
1583
1584
1585
1586
1587
1588
1589
1590
1591
1592
1593
1594
1595
1596
1597
1598
1599
1600
1601
1602
1603
1604
1605
1606
1607
1608
1609
1610
1611
1612
1613
1614
1615
1616
1617
1618
1619
1620
1621
1622
1623
1624
1625
1626
1627
1628
1629
1630
1631
1632
1633
1634
1635
1636
1637
1638
1639
1640
1641
1642
1643
1644
1645
1646
1647
1648
1649
1650
1651
1652
1653
1654
1655
1656
1657
1658
1659
1660
1661
1662
1663
1664
1665
1666
1667
1668
1669
1670
1671
1672
1673
1674
1675
1676
1677
1678
1679
1680
1681
1682
1683
1684
1685
1686
1687
1688
1689
1690
1691
1692
1693
1694
1695
1696
1697
1698
1699
1700
1701
1702
1703
1704
1705
1706
1707
1708
1709
1710
1711
1712
1713
1714
1715
1716
1717
1718
1719
1720
1721
1722
1723
1724
1725
1726
1727
1728
1729
1730
1731
1732
1733
1734
1735
1736
1737
1738
1739
1740
1741
1742
1743
1744
1745
1746
1747
1748
1749
1750
1751
1752
1753
1754
1755
1756
1757
1758
1759
1760
1761
1762
1763
1764
1765
1766
1767
1768
1769
1770
1771
1772
1773
1774
1775
1776
1777
1778
1779
1780
1781
1782
1783
1784
1785
1786
1787
1788
1789
1790
1791
1792
1793
1794
1795
1796
1797
1798
1799
1800
1801
1802
1803
1804
1805
1806
1807
1808
1809
1810
1811
1812
1813
1814
1815
1816
1817
1818
1819
1820
1821
1822
1823
1824
1825
1826
1827
1828
1829
1830
1831
1832
1833
1834
1835
1836
1837
1838
1839
1840
1841
1842
1843
1844
1845
1846
1847
1848
1849
1850
1851
1852
1853
1854
1855
1856
1857
1858
1859
1860
1861
1862
1863
1864
1865
1866
1867
1868
1869
1870
1871
1872
1873
1874
1875
1876
1877
1878
1879
1880
1881
1882
1883
1884
1885
1886
1887
1888
1889
1890
1891
1892
1893
1894
1895
1896
1897
1898
1899
1900
1901
1902
1903
1904
68.46498491196813 100.977947300408 874.6370147233495
66.12160037826308 102.5277229017463 470.2554366382062
66.39472336067723 -102.3510659927836 1008.75
66.39472336067723 -102.3510659927836 336.25
-76.1968677019416 95.27873504834544 1253.955850121959
-76.06575582676574 95.38344086109944 90.88452474425139
-76.06575582676508 -95.38344086109996 1254.115475255749
-76.14560605197543 -95.31970771554727 90.98427776337039
65.74433301237359 102.7700475661957 193.2810934737137
63.4995782232406 104.1719903115542 1148.902303616631
68.40592704438738 101.0179644677022 332.5581353251778
-41.86101165907715 114.5934365610815 268.9655429603461
-79.41298499542489 92.61521372925952 379.1250709067477
-52.64739033567532 110.0556781399444 527.9438915473946
68.40592704438737 101.0179644677022 1012.441864674822
-49.02831277604248 111.7149253516939 1073.312315997648
-51.16758218225527 110.7514267791714 940.7037708799514
-55.8581593743293 108.4613573182266 805.9810726352264
53.51657197351974 -109.6356535265927 879.13656969999
65.78695313299448 -102.7427700496594 742.5449158149846
64.87419739935356 -103.3215297592409 608.03252643594
65.04378167902046 -103.2148558342835 473.7961019627789
64.95635119324891 -103.2699009375883 194.6137999272456
-44.35568516273258 -113.651102914774 270.3369659442354
-118.9517896733975 27.1011389704529 456.4915132717903
-119.8189868852782 -22.96541708276854 577.6282192492087
-57.1145901733611 107.805025807376 660.4146912392412
-121.9768689761138 -2.375591459820947 719.529955846041
-121.9718672246217 2.619848419137081 857.4299525495214
-121.3034177047447 13.01848121511253 995.0619291101148
-116.1288719814827 37.39097608124722 1134.542467740208
-36.28624945793907 -116.4787881988657 401.6698597712993
-48.38672437881096 -111.9943074619821 540.7641872853949
-58.37588321136315 -107.1272899838939 675.5322185762518
-118.6562987586546 -28.36693083322387 342.9812187370075
-114.8793007948031 -41.07001642192466 204.1143570971131
-62.48359318397237 -104.7845436255741 809.7075525544481
-83.91023406010862 -88.56112363773275 1065.828602072876
-56.9320564609197 -107.9015335717276 942.3133651047459
1.270727214618264 -121.9933820022464 1146.769363352865
66.8696233601264 102.0414301726257 604.2455951453727
67.04851032791447 101.9239778600087 740.657114703924
76.35750562351141 -95.15004642644911 1227.749063865838
-121.998975205076 0.5000489088717344 90.9984401424573
29.3922769375406 118.4064781016095 91.95413297364536
27.14755394267018 118.9412052861825 1254.115475255748
27.14755394267075 -118.9412052861824 90.88452474425168
-121.9947476068656 -1.132058451303486 1253.91592701622
-26.79232173434175 119.0217269916864 171.0969977386328
-30.86821414883782 118.0303069353862 1167.175221782067
-29.00639645253825 -118.5015989969679 174.3765119556909
-101.1822913903014 -68.16262838981598 1162.389724045274
-101.1847778631283 68.15893726276386 179.5995341994364
-116.0868047412694 37.52137743956634 270.3844091243729
91.7491848643338 -80.41198341497555 1128.636679048535
90.19375843602542 82.15282064046184 1248.632357826561
95.6544552534379 -75.72466698618122 75.42987940808152
100.4681881751635 69.21086016514997 73.65199078612248
3.9145414216696 -121.9371820465687 1264.212729997306
-102.5347274190195 -66.11073795615486 471.2063118374124
109.2855658861916 -54.22789954382212 1283.986203825407
-94.78957266552972 76.80453706576363 342.8781836459561
-107.4346587482287 57.80825286800886 306.6312963851645
-120.9343824462047 16.08959733352891 294.5833456619177
-121.820111299111 -6.622724746825129 318.7822821994626
-121.2245654492606 13.73334378940296 355.0291694602543
-106.2044536540751 60.03843788806807 367.077120183501
-116.0594415061361 37.60593087910165 330.8302329227093
-75.54146173884773 -95.79920437226086 1024.656856416833
-66.473839585588 -102.2997001498514 983.4851107607892
-18.00341656314053 -120.6643153216975 964.4589100698307
28.76995488833257 -118.5592244227471 986.6044550349154
20.0574763191662 -120.3399253934707 1027.776200690959
-41.61982902153427 -114.6812531855937 1046.802401381917
-25.04930464180169 -119.4007216768903 1005.630655725874
-51.76417855255087 -110.4738422377878 585.6868643823473
-55.0969715129575 -108.8500056504378 630.6095414792995
-86.14873320640561 -86.38515941370686 642.8975521339041
-108.5236272783117 -55.73708211198429 610.2628856915563
-106.9748539116417 -58.65475795349352 565.3402085946041
-80.44429630562496 -91.72085472722556 553.0521979399995
-85.0650638273024 -87.45247232672712 597.9748750369517
-121.5801619361408 -10.11257749447537 380.8179835819351
-121.6810023079456 8.81667042220246 418.6547484268627
-110.722709714749 51.22969405943612 430.7026991501095
-96.92625505470831 74.08981766119844 404.9138850284286
-117.0271533106819 34.47673691053361 392.8659343051818
46.31511477591192 -112.866780512665 1054.756454450955
23.81607372878248 -119.652808709805 1100.76290890191
-28.99594034194603 -118.5041579172913 1119.789109592869
-59.35035984530172 -106.5905004502427 1092.808855832872
-7.546127283445174 -121.7663991543728 1073.782655141914
-119.4458818584327 24.8330688208552 1174.333620832212
-121.4237216862935 11.84397787272187 1214.124773924216
-117.1566255683102 34.03417525733176 1253.929234718133
-100.3991190368508 69.31101569465183 1253.942542420046
-93.00713102242 78.95361663013544 1214.151389328042
-106.8382240174507 58.90325872816391 1174.346928534125
-112.2612565402336 47.76411079469463 1214.138081626129
-22.24379498332463 -119.9550481836418 921.2544333031607
18.46700463631542 -120.5942359309196 900.1955015015753
57.90399373300348 -107.3830876337996 922.34104646666
62.20374329915327 -104.9509138577318 965.54552323333
20.71064769472821 -120.2292355131016 943.3999782682454
-62.29526721679098 104.8966142560789 1225.028974008662
-46.8869372685406 112.6304360001147 1196.102097895364
-66.52058963234201 102.2693070034483 1156.297637101447
-98.40758064502056 72.11066544966685 1145.420052420827
-81.54257895810802 90.74584187091284 1185.224513214745
-90.34721979889108 -81.98402206900359 690.1981309995149
-114.4171108310834 -42.34058040541683 704.864043422778
-121.6474151849279 -9.268569405564639 672.2293769804303
-120.9258086413333 -16.15390988088146 624.9287981148194
-110.5696410157728 -51.55923278757297 657.563464557167
-114.8813680609201 -41.06423349402005 749.5891547488434
-92.5777248067336 -79.45668549347312 779.6483536516457
-93.50536575180219 -78.36291581878318 825.6150192194726
-116.0310567722759 -37.69341937671452 841.522485884497
-121.9962630770841 0.9548796923689775 811.4632869816948
-121.9979306382576 -0.7105772181037521 765.4966214138678
-114.3553603396767 -42.50707660593361 795.55582031667
-59.75509582793453 -106.3641317484158 720.2573299023172
-61.12456111416621 -105.5830859020542 764.9824412283826
-93.62514788689084 -78.21976529725603 734.9232423255802
-85.31615786361893 -87.20752953380834 1223.540224852257
-93.77541388274345 -78.03955247898445 1192.964974448766
-74.94239573119776 -96.26856871309842 1157.182937147805
-36.76084790351557 -116.3298760483075 1151.976150250335
-25.83192514041419 -119.233852758099 1182.551400653826
-53.00321684363711 -109.8847532837308 1218.333437954788
-62.95910200595904 -104.4995285855551 1187.758187551296
2.152110966661382 -121.9810166312249 1185.917152234346
3.033428377671156 -121.9622823346527 1225.064941115826
-24.05670276343946 -119.6046614984195 1260.846978416787
-52.25359680463142 -110.2431930822897 1257.481226836268
-25.92795638529408 -119.2130071665097 1221.699189535307
-120.1366162626947 21.24131429431916 1041.555441986813
-118.4037181957292 29.40339295772405 1088.04895486351
-101.6811818967865 67.41614975710652 1114.132417159355
-77.42521896338357 94.2832724743478 1093.722366578501
-82.97458012797333 89.43835336468653 1047.228853701803
-110.3131801579839 52.10568379200285 1021.145391405959
-105.0288950206077 62.07198410515132 1067.638904282657
-73.14789127667788 97.63905981611718 269.438498348355
-100.3211663268006 69.42379697791256 269.911453736364
-67.86162005122365 101.3844195329014 342.4052282579472
-55.16354802993946 108.8162808073707 305.6853856091466
-85.31703370868225 87.2066726756134 306.1583409971556
-58.80036442932906 -106.8948882920886 898.1114275879801
-60.65143689103963 -105.8555770994247 853.9094900712141
-26.64896143231283 -119.0539073469624 832.8505582696288
16.61566202297715 -120.863227557178 855.9935639848093
-21.80125708749966 -120.0362661423819 877.0524957863947
-84.19416311938537 88.29123907062539 958.8231569566726
-110.5984978359515 51.49730358408124 976.9425430333936
-49.74344678297341 111.3983370708445 1029.109467625082
-50.45656589064418 111.0771576811501 984.9066192525167
-86.01805671750724 86.51528141631226 1003.026005329238
-90.55805726736416 81.75107500186645 680.1197794415078
-115.4253372339469 39.50938527020674 699.8248676437745
-115.2967226561449 39.88315113869525 748.3469947757695
-89.86987805352453 82.50699981604367 777.1640337054979
-56.27781383496848 108.2442038631013 757.4589455032313
-56.69663038376223 108.0254234110057 708.9368183712363
-92.91998212461584 79.0561630865113 728.6419065735029
-121.8478548770741 6.090998428458397 903.3072780697194
-121.6248575460606 9.560022327403958 949.1846035899171
-86.30248056954746 86.23155946370727 912.9458314364748
-113.5445397721426 44.6277658855148 885.1878919929982
-110.6122402333483 51.46777934358594 931.065217513196
-114.0718310653179 43.26219316453538 840.2803259114232
-88.91618038941363 83.53390248849421 823.1306992733248
-113.2976289896542 45.25093662370606 794.3136603435964
52.62716472071778 -110.0653511939995 85.73297629886163
76.67074246993046 -94.89782531285742 80.58142785347158
86.52763944528756 -86.0056254673281 115.1578529144696
76.16246368111311 -95.3062386521634 154.8858264208576
53.02063000939929 -109.8763522938689 160.0373748662477
40.25708118440612 -115.1666940330933 125.4609498052497
65.04863034707301 -103.2118001488679 120.3094013598596
-16.92591554562469 120.820169603185 784.2064199914589
29.646951691982 118.3429687618715 762.4317673476914
29.2562921921694 118.4401509926697 713.9096402156964
-17.9304739957116 120.6751759985835 687.1621657274688
-13.84983514127781 121.2113116279146 735.684292859464
-90.50404966378403 -81.8108611032503 914.0188942530045
-115.4636264841895 -39.3973471076363 885.724423401263
-94.46118372681094 -77.20806155402212 869.8169567362385
78.7011533923127 93.22085847448341 153.4047259111833
90.48268690623044 81.83448765788832 113.5283583486529
81.45399699341078 90.82536195247133 79.75270484863012
56.31853521906704 108.2230224618528 85.85341891113774
42.00356238775694 114.5412622016093 125.7297864736681
54.26510180585567 109.2670980945322 159.5054399736909
68.26496328420342 101.113277010521 119.6290724111605
-118.8411996879148 -27.5820459128245 166.4090514455612
-121.2465797113224 -13.53761087880559 128.7037457940093
-117.0267720379015 -34.4780310689147 90.99371934942833
-100.2653171507579 -69.50443278423275 90.98899855639937
-92.16646258881578 -79.9333670869958 128.6943042079513
-105.5285196089117 -61.21871894405777 166.4043306525322
-111.6850252060823 -49.0963862694267 128.6990250009802
-52.74183641099997 110.0104481037838 895.7962047983765
-54.30568025150205 109.2469363067982 850.8886387168013
-90.31585154991014 82.01857691288356 868.0382653548997
-61.71728988701518 -105.2377124846513 118.7816891608106
-45.67017108022333 -113.1292865420053 146.5791005582507
-64.41757575146941 -103.6068334344009 184.2891270028316
-96.41281741977231 -74.75672971165639 194.2017420499724
-80.01712787171135 -92.09375248713778 156.4917156053914
-115.9426609347959 -37.96444883517945 542.1542501119433
-110.0860188711872 -52.58391816033316 506.6802809746779
-87.85362595703431 -84.650696430694 494.3922703200733
-69.0847073214196 -100.5549760793258 517.5782288027341
-97.54920718072681 -73.26767485331877 529.8662394573387
-37.02389515136351 116.2464244087569 1135.887586520594
-43.0940360734153 114.13546361628 1104.599951259121
-73.95160911645046 97.03174485233026 1125.010001839974
66.98890424018003 101.9631634890758 695.186608184407
66.92927523053194 102.0023142733326 649.7161016648898
29.1074028909132 118.4768293673749 622.9686271766623
-17.99047158012908 120.6662460356026 641.6916592079517
25.61626712460272 119.2803708017417 668.4391336961793
-95.93797312606492 -75.36514653646238 1130.202683387808
-90.14966736357133 -82.20120117271672 1098.015642730342
-65.70194403497196 -102.7971524412297 1124.995896490339
-92.39353095916198 -79.6707941274491 959.8962197732023
-117.6840008727514 -32.16327002315298 977.4790744416584
-115.2136317911071 -40.12255038632512 931.6017489214607
109.8402790864241 -53.09532079398776 95.11991960538768
119.0765372667759 -26.54766039699389 114.8099598026938
115.7073637459257 -38.67565093140696 154.5379333090819
94.34392455334819 -77.35130186281381 174.5758666181638
103.662242135094 -64.32837286551816 134.8478931117757
-119.8229594412135 -22.94468109931587 1018.650820097702
-106.1006694105349 -60.22165682407278 1042.239711085289
-109.463860375203 -53.86708894824425 1088.733223961987
-121.8843029852874 -5.311938044692173 1111.637845851097
-120.771428931573 -17.27026212383649 1065.1443329744
115.7168471552139 -38.64726749017139 426.932033987593
94.39043840438805 -77.29453498034273 450.3640679751859
65.49535271492276 -102.9289015425107 427.9474013085193
65.94567525246563 -102.6409660686041 382.0987006542596
95.10726855303504 -76.4107811004499 358.6666666666667
115.8634892142679 -38.205390550225 381.0833333333334
96.62201820953396 -74.48614365851199 404.5153673209263
35.10614059042382 -116.8398857105115 358.0566199237664
-2.247364474204662 -121.9792988704234 379.8632398475329
-38.99735146315462 -115.5993364118462 357.8922284956113
-41.68863263517382 -114.6562597899021 314.1145972199233
-8.240213923428323 -121.7213985891394 292.3079772961569
32.65334234333151 -117.5489652604786 314.2789886480784
-2.974546422990117 -121.9637326157964 336.0856085718449
119.6096130295565 24.03207171510069 114.2173302620408
112.1331267570874 48.06414343020141 93.93466052408166
94.76260216280991 76.83781120862967 173.6873956491425
115.7928654631482 38.41890560431482 154.0936978245712
105.1177526588382 61.92138625673135 133.8110280866121
-72.04608240360288 -98.45487296367439 382.1069794265354
-103.0792710847787 -65.25843909128302 362.5440990817714
-104.3871719791195 -63.14521617828016 318.7664678060835
-76.85112547862656 -94.75180479900314 294.5517168751594
-76.81333343941729 -94.78244460829704 338.3293481508474
34.03280711186684 -117.1570230079549 449.7540212322857
-2.731554291389247 -121.9694167041607 425.7119405017925
32.66470265611463 -117.5458089443755 403.9053205780261
-117.5515262641834 -32.64412156822432 296.6922648570427
-116.2908729741012 -36.88404618424428 250.4033109770779
-99.27630285505883 -70.90991250474534 226.1885600461539
-73.73467966250759 -97.19669240806186 248.2627629951946
-100.6570241701336 -68.93593754503628 272.4775139261187
30.32047603966138 -118.1721994917938 496.1187970703176
-11.77538226563064 -121.4303931167905 518.4414921778562
-44.40847503848823 -113.6304859831021 494.399411447363
-40.36995965265859 -115.1271747140644 448.0346356093312
-4.96384668416168 -121.8989754923975 472.0767163398243
32.21887831153423 117.6687888964043 988.5291667431986
-12.76398227324994 121.3304609590195 964.616468811575
-11.10309015904091 121.493709256571 1053.022165556706
32.87169013647776 117.4880929608247 1032.732015115764
-8.775625626051378 121.6839693421915 1008.81931718414
-8.744411100572441 -121.6862164524158 245.0959106052388
31.49421715803749 -117.8648136027134 219.8548552662422
65.43723167649441 -102.965861869441 241.8258666181638
65.9166994928482 -102.6595768935833 289.0379333090819
29.65881607197651 -118.3399958982958 267.0669219571603
32.26788695342269 117.6553588731135 896.6592667755501
-12.74357153199887 121.332606436229 918.6815188277508
68.42561559984763 101.004629249267 966.506914690998
68.4453015564558 100.9912901929955 920.5719647071737
29.08435725200359 118.4824888464022 942.5942167593744
94.76260216280991 76.83781120862967 218.5207289824758
115.7928654631482 38.41890560431482 243.7603644912379
114.8076690387722 41.26983317004982 198.9270311579046
115.5494792397574 39.14483168211185 1100.30076787221
93.56670674078748 78.28966336422373 1124.601535744421
93.56670674078747 78.28966336422374 1169.434869077754
115.5494792397574 39.14483168211186 1189.967434538877
114.4772352147418 42.17775026703877 1145.134101205544
94.34392455334819 -77.35130186281381 219.4091999514971
115.7073637459257 -38.67565093140696 244.2045999757485
115.8634892142679 -38.205390550225 291.4166666666667
95.10726855303504 -76.4107811004499 313.8333333333333
96.60192796350432 -74.51219708030304 266.6212666424152
64.93074494822278 -103.2860027325525 563.2870516115529
64.98727305838293 -103.2504447469123 518.5415767871659
94.39043840438805 -77.29453498034273 495.1974013085193
115.7168471552139 -38.64726749017139 516.5987006542596
115.6984534755476 -38.7022979080899 561.3441754786467
94.30020438224849 -77.40459581617982 584.6883509572933
96.27145437672948 -74.93868875413617 539.9428761329061
32.8915382446317 117.4825379020301 218.5092433025912
-6.597449106837501 121.8214827741096 243.7373931314687
-5.652724366086995 121.8689735217338 290.1630737486233
35.04358623692767 116.8586627668442 311.3606045369006
67.5238475420002 101.609694483965 286.1324547080231
66.63658227398518 102.193766457854 239.7067740908684
31.62704366507694 117.829241315589 264.9349239197459
-12.79815180691183 121.3268614542025 1098.508978537309
28.87638762396063 118.5333465223638 1123.70564107697
65.15157615303038 103.1468473816621 1103.415490636028
66.78744126535848 102.0952383278784 1057.928677655425
28.10010966365207 118.719770202316 1078.218828096367
30.4935254884946 118.1276635817476 578.8116939460467
-14.44927476209652 121.1413160686702 553.3777927467206
-54.14657179737037 109.3258833149415 572.1008247780102
-55.63591662695988 108.5755257002146 616.2577580086256
-12.80555945938541 121.3260798300685 597.5347259773361
96.16795910252497 75.07145690643739 311.3720902167852
116.0821652515417 37.53572845321868 290.1860451083926
97.24701242481528 73.66830101507581 264.9464095996306
116.0821652515417 37.53572845321867 1054.813954891607
96.16795910252497 75.07145690643738 1033.627909783215
96.73349116230264 74.34131884458813 1079.114722763818
114.7049441248232 -41.55449185492693 471.7653673209263
23.32744696841758 119.7490301335909 348.0804471857011
-36.74756645963289 116.3340722200287 363.6027590462244
-37.41016832934122 116.1226907437576 409.5018594839006
21.31924603724259 120.1228111076473 439.8786480610534
66.88678635927141 102.030180880606 424.3563362005301
67.64827120282102 101.5268998998274 378.4572357628539
15.89844333309932 120.9596606294191 393.9795476233772
114.6920985325092 -41.58993308733727 199.3712666424152
27.05979017450189 -118.9612027331261 630.532423816044
-19.66858250207126 -120.4040981958638 653.0323211961479
-11.83390496925376 -121.4247038010745 563.1869670022433
30.18335023211229 -118.2072982889197 585.6097467190916
-12.66489194729375 -121.3408443680996 608.1096440991955
65.48327223327664 -102.93658755575 697.7074526886365
65.17901766897553 -103.1295091412122 652.8699895622882
94.30020438224849 -77.40459581617982 629.5216842906267
115.6984534755476 -38.7022979080899 651.0108421453133
115.797492022016 -38.40495855239461 695.8483052716615
94.78521316300036 -76.80991710478918 719.196610543323
96.44281390157141 -74.71802758870756 674.3591474169748
114.6800230895291 -41.62321833045917 606.1775088119798
96.16795910252497 75.07145690643739 988.7945764498816
116.0821652515417 37.53572845321869 965.1472882249407
116.0885929103508 37.5158446005798 919.2123382411165
96.19898968087236 75.03168920115964 896.9246764822329
97.87084426859951 72.83747553390043 942.8596264660572
116.0821652515417 37.53572845321867 379.8527117750593
96.16795910252497 75.07145690643738 356.2054235501186
94.96262968016151 76.59046261923548 448.0036244254708
115.833826056739 38.29523130961773 425.7518122127354
97.3334114339319 73.55410946121866 402.1045239877947
27.59675272834904 -118.8377854003109 540.8642718947045
114.9027172002716 -41.00445805024618 336.25
115.8634892142679 -38.205390550225 1053.583333333333
95.10726855303504 -76.4107811004499 1031.166666666667
95.10726855303504 -76.4107811004499 986.3333333333335
115.8634892142679 -38.205390550225 963.9166666666667
114.9027172002716 -41.00445805024618 1008.75
66.62067825350239 102.2041350877904 559.5822089763172
66.37133577785293 102.3662336274198 514.9188228072617
29.87826289057281 118.2847809595208 489.4849216079357
-14.70462544282447 121.1105857907815 508.7144065776652
27.06572869577968 118.9598517575003 534.1483077769911
120.5876870078567 -18.5097202057513 1324.662067941802
116.2478431267403 -37.01944041150254 1304.324135883605
116.2478431267403 -37.01944041150254 1259.490802550271
120.5876870078567 -18.5097202057513 1234.995401275136
120.5427518925922 -18.80013207828521 1279.828734608469
118.4728812362215 29.12346839901021 1312.877452608854
107.1974549774733 58.24693679802046 1280.754905217708
85.72451581718825 86.8061483301076 1280.754905217708
81.00195497638686 91.22874157853651 1312.877452608854
104.6653409452974 62.68306314152686 1312.877452608854
-106.2034213307912 60.04026397039284 480.3089726969918
-81.96755639237864 90.3621585568994 504.1264321221931
-62.04376078893726 105.0455698597762 478.3376180005124
-71.03438522992074 99.187277989706 428.7313444536301
-90.66802618144889 81.62909425174395 454.5201585753109
-21.8035272762229 120.0358538034158 459.1081330307828
26.51723159218109 -119.0833171719978 764.9324613948058
-22.71368995690566 -119.8669607879568 787.3200069746269
-19.36569532124909 -120.4531852826008 697.8697843224961
27.81390769617991 -118.7871480365969 720.2073500687403
-17.22658525730925 -120.7776666456703 742.5948956485615
88.12460353842607 -84.36856198368693 899.9243797999934
114.4748288367412 -42.18428099184344 920.7121898999967
93.9795226304944 -77.79363294090584 943.1288565666634
23.90152310478134 -119.6357688706501 675.3698869423922
115.797492022016 -38.40495855239461 785.5149719383282
94.78521316300036 -76.80991710478918 764.0299438766565
114.813907012506 -41.25247576235436 740.6816386049949
30.82872281216068 118.0406279624561 851.7517006939752
-16.44694221965559 120.8863023324947 828.8663866646007
-11.14431890930732 121.489934381609 873.7739527461756
61.78825695949762 -105.1960612471165 788.0754671099864
57.6920685910634 -107.4970940150665 833.6060184049882
18.18292878337184 -120.6373951180099 810.4630126898074
114.4748288367412 -42.18428099184344 831.0455232333301
88.12460353842607 -84.36856198368693 855.0910464666599
93.83641139397791 -77.9661971414544 809.5604951716581
-121.5375157690804 10.61283471465281 496.8704152642631
-121.8321491100072 -6.397455997268104 537.2493172567358
-119.1658279934713 26.14393693823513 561.0667766819373
-91.77971871990684 80.37713127311015 544.505334114666
-112.5390836535425 47.10578149676484 520.6878746894645
95.45291559525167 75.97855555593144 717.9380764692827
115.93452796259 37.9892777779657 695.2190382346414
115.9150860322898 38.04855884428276 649.7485317151243
95.35842217388353 76.09711768856556 626.9970634302485
97.19229938123324 73.74047017065139 672.4675699497656
115.1946899019062 40.17690155305259 1009.980621558274
115.1946899019062 40.17690155305257 335.019378441726
-121.9759678150296 2.421420159094223 1143.824886508563
-116.5083471341382 -36.19122888313073 1153.107305276919
-112.3296047406599 -47.60315009331954 1192.898458368923
-119.5372129747016 -24.38964358576887 1223.407192692571
-121.3948486262457 -12.13633911074044 1183.616039600567
112.9617000040771 -46.08312415829553 875.8788565666634
115.9150860322898 38.04855884428276 560.0818650484575
95.35842217388353 76.09711768856556 582.1637300969152
114.9719243981493 40.81000612823099 604.9151983817908
-94.19541600127967 77.53208112998043 632.819200575897
-119.4315321531038 24.90199043374118 605.2237099125527
-116.236483828971 37.05509178341571 652.5242887781635
-34.18902625745025 -117.1115301051411 206.3633299518724
-39.31538199362126 -115.4915613311018 238.3501479480539
-71.04835277204877 -99.17727344698739 216.2759449990131
-97.08066350901616 73.88737898077844 588.6622673452814
-114.7344172506577 -41.47304544100888 385.7229164371425
-109.2916817718232 -54.21557244451563 428.4646141372775
-116.0457818195134 -37.64806132987329 466.3013789822051
-121.925429702977 -4.264925760715718 461.3964461269977
-119.7246295049344 -23.45235787519465 423.5596812820701
67.99429943245532 101.2954848188684 829.9770480502077
67.52213101088994 101.6108351690321 785.3170813770657
26.71809439395447 119.0384115819584 807.0917340208332
-17.36645364302246 120.7576344910116 326.8829163974239
-101.6473658603619 -67.46712542898007 1001.067965429246
109.8402790864241 -53.09532079398776 50.28658627205435
119.0765372667759 -26.54766039699389 25.14329313602718
118.877057224575 -27.4270899955703 69.97662646936051
-61.64309635872242 -105.2811885918337 424.8486771266704
-84.96458568871304 -87.55009525263431 448.0274944820414
-93.55649472911482 -78.30186647839955 405.2857967819064
119.6096130295565 24.03207171510069 24.55066359537416
112.1331267570874 48.06414343020141 49.10132719074832
119.4779568167336 24.67828670914433 69.3839969287075
115.833826056739 38.29523130961772 515.4184788794021
94.96262968016151 76.59046261923547 492.8369577588041
96.97918552392656 74.0205213107543 537.5003439278596
-120.0486102092068 -21.73318170075268 501.7753481194705
118.4728812362215 29.12346839901021 1223.210785942187
107.1974549774733 58.24693679802046 1235.921571884374
118.1780767081657 30.29756071961725 1268.04411927552
95.45291559525167 75.97855555593144 762.7714098026161
115.93452796259 37.9892777779657 784.885704901308
114.9979510902124 40.73660816824491 740.0523715679747
-44.49355273418182 113.597199635777 1314.651950040653
-61.21778591788299 105.5290608662479 1284.303900081306
-89.41509639141519 82.99964179027479 1284.303900081306
-100.9097938021326 68.56539589917841 1314.651950040653
-76.10667730296032 95.35079270726104 1314.651950040653
-100.879071618129 68.61058890189177 30.29484158141713
-89.33808342479917 83.08253035376103 60.58968316283426
-61.11988409502233 105.5857934014375 60.58968316283427
-44.44267295857528 113.6171149972447 30.29484158141713
-76.06575582676574 95.38344086109944 30.29484158141713
-8.506443503733319 121.7030830296332 30.65137765788178
10.8067373190129 121.520428029685 61.30275531576357
45.8874825298365 113.0413152217982 61.30275531576358
61.76974822037403 105.206930402857 30.65137765788179
27.84898353357045 118.7789295967383 30.65137765788178
-116.6474716076024 35.74027654556674 1314.63864233874
-120.7685077350826 17.29067781902406 1284.27728467748
-120.542666147059 -18.80068185355724 1284.27728467748
-116.4293365099609 -36.4446100246702 1314.63864233874
-121.9994887259972 -0.3532005029487825 1314.63864233874
-116.5870527272669 -35.93687710930767 30.3328133808191
-120.7073452504979 -17.71261704483841 60.66562676163819
-120.6075872567991 18.37960543900739 60.66562676163821
-116.4906999291238 36.24799070324911 30.3328133808191
-121.9999002464112 0.156012389640583 30.3328133808191
116.0885929103508 37.5158446005798 829.5456715744499
96.19898968087236 75.03168920115964 852.0913431488996
115.2032193360785 40.15243771682339 874.379004907783
114.8628405710102 41.11602918520573 470.5851455460688
-44.47365525132653 -113.604991037305 30.32809258779013
-61.17950123851572 -105.5512606661164 60.65618517558026
-89.38498587588764 -83.03206790130768 60.65618517558026
-100.8977800030416 -68.58307364399629 30.32809258779013
-76.09067428594204 -95.36356372698474 30.32809258779012
-100.8790716181286 -68.61058890189241 1314.705158418583
-89.33808342479864 -83.08253035376161 1284.410316837166
-61.11988409502161 -105.5857934014379 1284.410316837166
-44.44267295857455 -113.617114997245 1314.705158418583
-76.06575582676517 -95.3834408610999 1314.705158418583
97.55942564270654 73.25406792980998 807.4313764757578
61.11988409502192 105.5857934014377 1314.705158418583
44.44267295857489 113.6171149972448 1284.410316837165
9.255153940709137 121.6484365930519 1284.410316837165
-9.255153940709555 121.6484365930519 1314.705158418583
27.14755394267018 118.9412052861825 1314.705158418582
61.11988409502231 -105.5857934014375 30.29484158141722
44.44267295857542 -113.6171149972446 60.58968316283445
9.255153940709757 -121.6484365930519 60.58968316283446
-9.25515394070883 -121.648436593052 30.29484158141723
27.14755394267075 -118.9412052861824 30.29484158141723
-45.01543759108269 113.3914034593599 91.24106082071606
-6.337996727411573 121.8352567916337 91.59759689718071
-26.37247087943907 119.1154598686213 60.94621923929893
-116.818134837209 35.17845040867589 90.96046834305534
-100.0532442536117 69.80937125004866 90.92249654365337
-109.8435086079575 53.08863924318985 60.62765496223624
-110.1114912674179 52.5305576866013 1284.290592379393
75.4823464333026 -95.84578956283312 1048.712226349512
84.00566481880054 -88.47060686098709 1088.674452699024
66.72648596717831 -102.1350873621399 1134.680907149979
34.05159804179753 -117.151562818427 1140.725135251422
55.94279159264953 -108.4177294948634 1094.718680800467
-116.6898696758332 -35.60160551207023 1253.982443096063
-99.94448572184766 -69.96498962906655 1254.048959175906
-109.7488462428628 -53.28405716872976 1284.343800757323
-110.0079083569617 -52.74713356123082 60.66090596860923
-8.002912785402645 121.7372308989704 1254.062266877819
-45.76501045267812 113.0909537419606 1254.009058499889
-27.20380463482005 118.9283524370473 1284.357108459236
-7.983284482987951 -121.7385196594064 90.91777575062459
-45.7224094720581 -113.1081839305603 90.95102675699749
-27.1818041294834 -118.9333827159826 60.62293416920735
-16.91695487461227 -120.8214245809506 1318.070909999102
-6.486820748026833 -121.8274236638983 1291.141819998204
29.28710363579837 -118.4325359038892 1291.141819998204
54.47458986531458 -109.1628098713374 1318.070909999102
19.95492322521129 -120.3569733712007 1318.070909999102
-107.2363789474197 -58.17524413567504 1223.473708772414
29.40210696343762 -118.4040375414224 1252.05817462015
54.70276139071296 -109.048649217818 1239.903619242994
76.26033515955713 -95.22794380512485 1266.832709243892
76.16308512596758 -95.30574203107921 1305.916354621946
53.87461906082645 -109.4601544903479 1278.987264621048
-121.8912763565772 -5.149441539093209 195.9427494645542
-116.8473837064308 35.08117616275344 187.7711418319954
-112.4095364486371 47.41409194957257 150.0658361804434
-119.6226722853379 23.96698302487495 120.5321381614503
-121.5360702863956 10.62937530338909 158.2374438130023
27.64459650613624 -118.8266648695188 1173.76259685719
53.95348182822134 -109.4213041350348 1200.755830361514
29.34350370299272 -118.4185745161309 1212.91038573867
118.6446952428623 -28.41542346558166 1093.545559682845
107.9548740774899 -56.83084693116317 1111.09111936569
102.9645086782981 -65.43936088193918 1071.128893016179
-93.77732167417747 78.03725994432304 150.0278643810414
-85.31720719909175 87.20650294414544 120.4561945626464
-107.3421804593492 57.97979211960411 120.4941663620484
2.488994282659577 -121.9746076339698 181.1222746128758
36.17096712239614 -116.5146391550458 187.8680372700607
-1.199361437843553 -121.9941044974773 213.1090926090573
73.05360426926558 97.70962543818057 1182.145655019941
82.03228609510772 90.30339992497733 1215.389006423251
101.9512162646011 67.00708546242362 1202.678220481064
-55.03410312506639 108.8818051522823 173.9311765589007
-81.48714576803906 90.79562255185189 176.7653553791686
-85.09531669579737 87.42303515917273 209.3882037864063
-64.42560803989254 103.601838925234 239.1768733733762
-36.90613903926688 116.2838634601306 236.3426945531083
-31.87396728601881 117.7626859809583 203.7198461458706
-60.63447254440491 105.8652952542135 206.5540249661385
0.6322186645556789 121.9983618724456 1161.084249060255
34.46999888136025 117.0291381542179 1154.993276338443
-4.073749083650823 121.9319669668437 1129.796613798782
37.4540093978328 116.1085577381231 185.8863948953534
4.350000274898174 121.9224240966705 178.4916963169931
0.724509306258338 121.9978486952337 211.1145447242309
-114.4250355819863 -42.31915916061164 1120.920264619452
-66.06765681622684 -102.5624917931174 471.2134529647022
-107.084060208748 58.4551456178943 209.8611591744153
-112.0950122308979 48.15296702130454 240.1227841493941
-92.33539033097352 79.73816960795352 239.6498287613852
-10.53951503611477 -121.5438958681328 146.5458495518778
8.635305066474041 -121.6940076848853 118.7151871480648
21.94462169763474 -120.0101394822442 153.2916122090627
89.18974110229671 -83.24175684177553 1246.494777185695
100.3990491197216 -69.31111697163544 1265.240490505551
100.3297759807694 -69.41135391021152 1304.324135883605
89.01776366437419 -83.42564205442845 1324.662067941802
89.27325351135944 -83.15218702774179 1285.578422563749
-11.83079655866137 121.4250067028516 1196.155306273294
8.012946907531589 121.7365708481107 1225.135390764521
39.72411166003608 115.3516144352604 1219.044418042709
51.9831695114117 110.3709657815308 1183.97336082967
20.72127174573535 120.2274049343135 1190.064333551482
50.20112070756976 111.1928391565932 1252.287769446019
72.10585428673441 98.41110596665513 1250.46006363629
62.13999785650977 104.9886692286028 1217.21671223298
-121.4196472654722 11.88567448352457 248.294391781953
-120.9971909226211 -15.61024627719821 226.204374439533
-121.5484433097758 -10.48694087759665 272.4933283194978
83.07434208309081 -89.34569764382394 25.14329313602717
89.64177742839099 -82.75476868119934 50.28658627205434
68.71008745880172 -100.8113281402632 55.43813471744439
10.92465852884669 121.509883696875 118.3350878953079
-8.261172343172637 121.7199779474035 144.7160428169703
23.74250175539683 119.6674291960639 152.1107413953306
118.6446952428623 -28.41542346558166 1183.212226349512
107.9548740774899 -56.83084693116317 1155.924452699024
118.3790791635096 -29.50243407584392 1138.378893016178
93.22952377433555 78.69088827056537 49.10132719074833
85.01649260054617 87.49969134746291 24.55066359537416
71.58782372652715 98.78857977569916 55.20204125325595
-61.01721151599104 105.6451603189318 117.6220157423786
-44.21381817699918 113.706368696794 144.3595067405057
-26.26169518468735 119.1399318701609 117.9785518188432
-28.36848110342128 118.655928127864 1225.082182386592
-27.76294251041087 -118.7990699591694 118.7484381544377
66.3614941835782 102.3726139635152 1282.582611027437
-71.19296315559778 99.0735181424668 147.1936855607736
81.76572472045534 -90.5448301171233 1194.711602260071
86.91376614251031 -85.6154031405858 1161.674140654303
116.9505431390452 -34.73572310291433 1216.24968795528
100.2881755845158 -69.47144620582856 1221.999375910559
105.0992227242709 -61.95283191875973 1188.961914304791
107.2383275081532 58.17165214478677 24.55066359537416
109.7224629866069 -53.33836439330221 1324.662067941802
106.0044111474036 -60.39093323746717 25.14329313602718
-34.85919434564205 -116.9137997396918 1287.776068417685
59.37067447101671 -106.579186583763 1167.718368755746
-119.9590735983039 22.22207599295598 218.0327668069742
109.7782847924476 -53.22338008834345 1240.745089230415
2 2 0 42
1905
1906
1907
1908
1909
1910
1911
1912
1913
1914
1915
1916
1917
1918
1919
1920
1921
1922
1923
1924
1925
1926
1927
1928
1929
1930
1931
1932
1933
1934
1935
1936
1937
1938
1939
1940
1941
1942
1943
1944
1945
1946
102.5319865965303 26.58227040391303 1345
83.06397319306051 53.16454080782606 1345
108.6666666666667 0 1345
115.3333333333333 0 1345
101.2482603901393 29.17455790413392 1345
67.75255846864887 -84.95902109485937 1345
71.9091571477073 -90.17123097797941 1345
84.71050388451049 -63.5889605740663 1345
93.35525194225524 -31.79448028703315 1345
85.93684566572776 -60.96903819116721 1345
43.14479212999555 96.73650958824847 1345
10.22382843322571 98.08957831539722 1345
67.75255846864897 84.9590210948593 1345
71.90915714770718 90.1712309779795 1345
40.31766995265093 97.34911684509632 1345
-48.73131080379601 94.04618398745187 1345
-70.31506766492141 69.15116268872131 1345
-24.1806081565863 105.9421664570915 1345
-25.66408104962844 112.4416858716369 1345
-50.97294828977101 92.21780524160961 1345
-103.9117427647458 20.53716365156416 1345
-97.90528364539622 -11.85948886921343 1345
-97.90528364539632 47.14869965077441 1345
-103.9117427647458 50.04125791155808 1345
-103.8798968113405 17.64460539078046 1345
-80.84451301057804 -68.43675979574367 1345
-51.77082413706115 -83.93970341914481 1345
-97.90528364539611 -47.14869965077487 1345
-103.9117427647455 -50.04125791155869 1345
-78.56316427024575 -70.215342203663 1345
-24.18060815658609 -105.9421664570915 1345
-25.66408104962792 -112.4416858716371 1345
3.100283968083655 -105.8764072613682 1345
33.34812187883705 -92.81160923655376 1345
5.913233362839087 -105.2017049867907 1345
106.4603375908202 -34.89505945396396 1345
93.65899085401708 61.47732985787714 1345
10.33051370889982 111.5560358777477 1345
-80.77705096309538 77.630771553248 1345
-111.057848708326 -14.75204712999728 1345
-57.70982120892741 -96.02627343743342 1345
39.0948787266118 -104.9907572674787 1345
2 3 0 42
1947
1948
1949
1950
1951
1952
1953
1954
1955
1956
1957
1958
1959
1960
1961
1962
1963
1964
1965
1966
1967
1968
1969
1970
1971
1972
1973
1974
1975
1976
1977
1978
1979
1980
1981
1982
1983
1984
1985
1986
1987
1988
115.3333333333333 0 0
108.6666666666667 0 0
83.06397319306049 53.16454080782607 0
102.5319865965302 26.58227040391304 0
101.2482603901393 29.17455790413392 0
93.35525194225524 -31.79448028703315 0
84.71050388451049 -63.58896057406629 0
71.9091571477073 -90.17123097797941 0
67.75255846864887 -84.95902109485937 0
85.93684566572776 -60.96903819116721 0
10.22382843322569 98.08957831539722 0
43.14479212999554 96.73650958824847 0
71.90915714770718 90.1712309779795 0
67.75255846864897 84.9590210948593 0
40.31766995265092 97.34911684509632 0
-70.31506766492143 69.1511626887213 0
-48.73131080379601 94.04618398745185 0
-25.66408104962844 112.4416858716369 0
-24.1806081565863 105.9421664570915 0
-50.97294828977102 92.21780524160961 0
-103.9117427647458 50.04125791155808 0
-97.90528364539632 47.14869965077441 0
-97.90528364539622 -11.85948886921344 0
-103.9117427647458 20.53716365156415 0
-103.8798968113405 17.64460539078046 0
-103.9117427647455 -50.04125791155869 0
-97.90528364539611 -47.14869965077487 0
-51.77082413706115 -83.93970341914481 0
-80.84451301057804 -68.43675979574367 0
-78.56316427024575 -70.21534220366301 0
33.34812187883706 -92.81160923655376 0
3.100283968083659 -105.8764072613682 0
-25.66408104962792 -112.4416858716371 0
-24.18060815658609 -105.9421664570915 0
5.913233362839087 -105.2017049867906 0
106.4603375908202 -34.89505945396395 0
93.65899085401706 61.47732985787713 0
10.33051370889981 111.5560358777476 0
-80.77705096309538 77.630771553248 0
-111.057848708326 -14.75204712999729 0
-57.70982120892741 -96.02627343743342 0
39.0948787266118 -104.9907572674787 0
2 4 0 103
1989
1990
1991
1992
1993
1994
1995
1996
1997
1998
1999
2000
2001
2002
2003
2004
2005
2006
2007
2008
2009
2010
2011
2012
2013
2014
2015
2016
2017
2018
2019
2020
2021
2022
2023
2024
2025
2026
2027
2028
2029
2030
2031
2032
2033
2034
2035
2036
2037
2038
2039
2040
2041
2042
2043
2044
2045
2046
2047
2048
2049
2050
2051
2052
2053
2054
2055
2056
2057
2058
2059
2060
2061
2062
2063
2064
2065
2066
2067
2068
2069
2070
2071
2072
2073
2074
2075
2076
2077
2078
2079
2080
2081
2082
2083
2084
2085
2086
2087
2088
2089
2090
2091
70.57918088528334 33.98914213057784 1316.82973901991
70.57918088528295 -33.98914213057807 1316.82973901991
17.43161812575089 76.37290911526239 1316.82973901991
17.43161812574984 -76.37290911526239 1316.829739019909
-78.33698077670667 6.705767464480186e-13 1316.82973901991
-48.26991942953775 60.52856446681452 1315.736833082889
-48.26991942953777 -60.52856446681466 1315.73683308289
92.62458278185264 -11.46565482061511 1334.680393391864
82.21827116950857 -22.98525523993817 1325.203281597609
69.23284977979112 -49.94976059919438 1325.203281597609
66.71469267177301 -65.26809601703305 1334.680393391864
84.49008277715893 -40.68827940642725 1335.210615518894
66.71469267177331 65.26809601703278 1334.680393391865
69.23284977979139 49.94976059919409 1325.203281597609
82.21827116950874 22.98525523993795 1325.203281597609
92.62458278185271 11.46565482061498 1334.680393391865
84.49008277715897 40.68827940642688 1335.210615518894
-9.43272175187216 92.85363932732805 1334.680393391864
4.113680413126584 85.27158791770336 1325.203281597609
33.29165742149795 78.61190506963675 1325.203281597609
48.78627286003708 79.56553372160447 1334.680393391865
20.86732716235874 91.42573393659876 1335.210615518894
-88.42662667389936 -29.8581022681045 1334.680393391864
-84.04903118456204 -14.96417152683228 1325.203281597609
-84.04903118456198 14.9641715268331 1325.203281597609
-88.42662667389939 29.85810226810471 1334.680393391865
-93.77691703583916 9.477461482163763e-14 1335.210615518894
48.78627286003651 -79.56553372160464 1334.680393391864
33.29165742149709 -78.61190506963675 1325.203281597609
4.113680413125799 -85.27158791770324 1325.203281597609
-9.432721751872585 -92.85363932732791 1334.680393391864
20.86732716235817 -91.42573393659859 1335.210615518894
-78.2789857447323 50.27314429736106 1334.32403744549
-63.71840020459958 55.89881040539797 1324.479378203766
-40.31863259825271 74.55950237749217 1324.479378203766
-31.59397859157114 87.50319516179185 1334.32403744549
-58.27814425471018 73.07848144799195 1334.84629297749
-31.59397859157124 -87.50319516179182 1334.32403744549
-40.31863259825276 -74.55950237749221 1324.479378203766
-63.7184002045996 -55.89881040539819 1324.479378203766
-78.27898574473217 -50.27314429736125 1334.32403744549
-58.27814425471011 -73.07848144799202 1334.84629297749
-79.28526037539903 38.18176904233846 1328.333333333346
-66.67169622477191 32.10739669469611 1311.666666666673
-52.87680015742788 38.07013332447028 1301.137973828213
-50.80414623741281 49.62078579842838 1308.114381284306
-65.53222294991828 44.26201274185709 1317.713921530844
-66.67169622477226 -32.10739669469564 1311.666666666673
-79.2852603753991 -38.18176904233833 1328.333333333346
-50.80414623741299 -49.62078579842818 1308.114381284306
-52.87680015742823 -38.07013332446972 1301.137973828213
-65.53222294991845 -44.26201274185688 1317.713921530844
-16.46654911276541 72.14466550144751 1311.666666666673
-19.58184218815222 85.7936562719855 1328.333333333346
-37.0717030296809 60.57204382093344 1308.114381284306
-25.34944064285681 60.02247000353921 1301.137973828213
-28.56998021633469 73.73841771530196 1317.713921530844
-19.58184218815265 -85.79365627198541 1328.333333333346
-16.46654911276612 -72.14466550144724 1311.666666666673
-25.34944064285756 -60.02247000353923 1301.137973828213
-37.07170302968117 -60.57204382093337 1308.114381284306
-28.56998021633508 -73.73841771530184 1317.713921530844
67.8563217526851 22.93096985091575 1308.840691462767
64.44040349545952 11.49272456301176 1301.496696572603
78.53055841981397 11.58086838762148 1318.071283986066
-63.04530369052713 -17.60505618020249 1301.496696572603
-71.08580833004619 -8.781664658334339 1308.840691462767
-75.7783387934941 -23.63913044165605 1318.071283986066
-3.1347608068333 65.38211984344667 1301.496696572603
7.256590469810247 71.25764292243301 1308.840691462767
-6.184181365291453 79.13861901234051 1318.071283986066
46.13824533754112 -57.8555297026285 1311.666666666673
54.86710256355859 -68.80117045717492 1328.333333333346
60.23587875741495 -38.75498278195352 1308.840691462767
49.16330828977674 -43.21593963508413 1301.496696572603
58.01728980878635 -54.1771095720554 1318.071283986066
54.86710256355896 68.80117045717465 1328.333333333346
46.13824533754147 57.8555297026281 1311.666666666673
49.16330828977721 43.21593963508382 1301.496696572603
60.23587875741535 38.75498278195323 1308.840691462767
58.01728980878686 54.17710957205519 1318.071283986066
-71.08580833004604 8.781664658335556 1308.840691462767
-63.04530369052672 17.60505618020354 1301.496696572603
-75.77833879349399 23.63913044165673 1318.071283986066
24.37957045147305 67.34943447950528 1308.840691462767
31.19256052438472 57.54713275630214 1301.496696572603
39.90871480926427 68.61821624475549 1318.071283986066
7.2565904698092 -71.25764292243295 1308.840691462766
-3.134760806834383 -65.38211984344646 1301.496696572603
-6.18418136529224 -79.1386190123404 1318.071283986066
31.19256052438415 -57.54713275630253 1301.496696572603
24.37957045147218 -67.34943447950538 1308.840691462766
39.90871480926365 -68.61821624475569 1318.071283986066
64.44040349545945 -11.4927245630119 1301.496696572603
67.85632175268483 -22.93096985091591 1308.840691462767
78.5305584198138 -11.58086838762163 1318.071283986066
59.38853536092267 28.6000112779737 1302.043215836441
59.38853536092248 -28.60001127797402 1302.043215836441
14.6677569288008 -64.26364200769663 1302.043215836441
14.66775692880164 64.26364200769646 1302.043215836441
-65.91630130260481 5.642537972121e-13 1302.043215836441
-40.90731697504616 51.29615300690443 1301.678859887672
-40.90731697504676 -51.29615300690413 1301.678859887672
2 5 0 349
2092
2093
2094
2095
2096
2097
2098
2099
2100
2101
2102
2103
2104
2105
2106
2107
2108
2109
2110
2111
2112
2113
2114
2115
2116
2117
2118
2119
2120
2121
2122
2123
2124
2125
2126
2127
2128
2129
2130
2131
2132
2133
2134
2135
2136
2137
2138
2139
2140
2141
2142
2143
2144
2145
2146
2147
2148
2149
2150
2151
2152
2153
2154
2155
2156
2157
2158
2159
2160
2161
2162
2163
2164
2165
2166
2167
2168
2169
2170
2171
2172
2173
2174
2175
2176
2177
2178
2179
2180
2181
2182
2183
2184
2185
2186
2187
2188
2189
2190
2191
2192
2193
2194
2195
2196
2197
2198
2199
2200
2201
2202
2203
2204
2205
2206
2207
2208
2209
2210
2211
2212
2213
2214
2215
2216
2217
2218
2219
2220
2221
2222
2223
2224
2225
2226
2227
2228
2229
2230
2231
2232
2233
2234
2235
2236
2237
2238
2239
2240
2241
2242
2243
2244
2245
2246
2247
2248
2249
2250
2251
2252
2253
2254
2255
2256
2257
2258
2259
2260
2261
2262
2263
2264
2265
2266
2267
2268
2269
2270
2271
2272
2273
2274
2275
2276
2277
2278
2279
2280
2281
2282
2283
2284
2285
2286
2287
2288
2289
2290
2291
2292
2293
2294
2295
2296
2297
2298
2299
2300
2301
2302
2303
2304
2305
2306
2307
2308
2309
2310
2311
2312
2313
2314
2315
2316
2317
2318
2319
2320
2321
2322
2323
2324
2325
2326
2327
2328
2329
2330
2331
2332
2333
2334
2335
2336
2337
2338
2339
2340
2341
2342
2343
2344
2345
2346
2347
2348
2349
2350
2351
2352
2353
2354
2355
2356
2357
2358
2359
2360
2361
2362
2363
2364
2365
2366
2367
2368
2369
2370
2371
2372
2373
2374
2375
2376
2377
2378
2379
2380
2381
2382
2383
2384
2385
2386
2387
2388
2389
2390
2391
2392
2393
2394
2395
2396
2397
2398
2399
2400
2401
2402
2403
2404
2405
2406
2407
2408
2409
2410
2411
2412
2413
2414
2415
2416
2417
2418
2419
2420
2421
2422
2423
2424
2425
2426
2427
2428
2429
2430
2431
2432
2433
2434
2435
2436
2437
2438
2439
2440
72.78334556431592 -38.69221963377256 10.87290175424955
72.78334516603726 38.6922199813135 10.87290185899266
39.71485015251214 -22.94135683952983 31.1862507042568
39.71485015295153 22.94135683947979 31.18625070405933
-0.216951988201981 -78.18098992786712 13.23261614009067
3.453013909804656 78.1102884727533 13.22968069719937
-0.02236109482883775 45.51812251913508 31.37881777126936
0.1987811867121764 -45.78808867396827 31.22859991148732
-39.66126155042453 -22.68413088683418 31.28327641681228
-39.62224196011518 22.75177286921765 31.28339943927945
-63.30196211701604 -44.29527902544403 13.74407573500168
-63.1169096841332 45.91367690873793 13.3055288086107
-11.96873185278071 72.56963120977265 15.80555776081841
-14.77151528418598 -74.5497453553175 14.44494811580489
57.46158106944231 -50.89768511838545 14.02110023545344
57.46158102543677 50.8976851356093 14.02110024740939
52.49951080989204 -31.24870214900104 22.72463174000081
52.49951078320891 31.24870216889158 22.72463174708712
-68.83151009737479 25.91958976928605 15.80555776079232
-69.31722369292805 -23.02654385588367 16.087909139069
-3.319142026577321 -60.2175559372026 23.16168847174831
0.03896010785273713 59.49812572859931 23.61214528643221
-89.46705216034151 -14.83508410793836 6.284077501627235
-90.89059602105077 -29.65353428297347 3.552439246078239
-90.89059602105085 29.65353428297325 3.552439246078225
-89.46705216034157 14.83508410793823 6.284077501627221
-96.57070282206364 -1.404841309596455e-13 3.01627620996152
-32.7413871284506 90.27317396267648 3.318160814448366
-42.70754976053447 80.71350018173844 5.935579702059778
-66.0040205113479 62.34387661254065 6.226353342358357
-79.2033620335439 53.41169459625657 3.594442184939946
-59.51252875537501 76.28186524886347 2.916375123655576
-79.20336203354408 -53.41169459625432 3.594442184940561
-66.00402051134847 -62.343876612536 6.226353342359896
-42.70754976053508 -80.71350018173409 5.935579702061759
-32.74138712845084 -90.27317396267435 3.318160814449436
-59.51252875537518 -76.28186524886128 2.916375123656473
92.36611485495452 -6.66903356353463 5.218577096765294
97.19794532803678 -3.334406357737129 2.636043086226614
92.80255451269757 -12.97309566968173 4.608367986012128
83.08336925149308 -25.97021397617904 8.306845507818352
77.98461717839839 -29.23902171789722 10.39678969843135
82.8949581862008 -19.63525466700114 9.339602271771414
87.86180077164994 -16.34768903375432 7.01683428601213
97.19794532803679 3.334406357737137 2.636043086226607
92.3661148549545 6.669033563534669 5.218577096765301
82.89495806241779 19.63525478551033 9.339602323512944
77.98461692164865 29.23902195414001 10.39678978591476
83.08336899855833 25.97021421394644 8.306845602528902
92.80255439211525 12.97309578801977 4.608368043255269
87.86180064906421 16.3476891538666 7.016834340760012
44.67707604073417 80.58754026965264 5.475929264665996
54.18757805749419 80.22899653354968 2.881010963503051
57.01228269464124 78.46716576299021 2.782083559958596
50.39630569305279 77.14785269469036 5.4723539432841
47.53689059815389 78.86093875707299 5.510878133707094
28.46771063271044 -20.66392126224686 37.12399263747086
34.10254984264512 -21.80864386215912 34.17798053394986
39.16082121452081 -30.46591159978657 29.10225451577176
38.44561203334847 -37.88880341199355 26.67887846995037
33.47663797253271 -29.2944269193108 31.95319294317864
52.03240513007106 -14.35659211811673 26.67961739993025
45.95814454533778 -18.69350078361154 29.10305885122963
35.93132546321902 -18.64140690413366 34.1782457715415
32.12603065007194 -14.32786390311254 37.12429793284874
42.10486491513063 -14.35053075938194 31.95376341304129
38.44561203350064 37.88880341198284 26.67887846989434
39.16082121481962 30.46591159975742 29.10225451565068
34.10254984293967 21.80864386212729 34.17798053382153
28.46771063285868 20.66392126223268 37.12399263740884
33.47663797268366 29.29442691929807 31.95319294312018
32.12603065021659 14.327863903095 37.12429793277931
35.93132546351039 18.64140690409934 34.17824577140659
45.95814454562612 18.69350078357579 29.10305885108873
52.03240513021341 14.35659211809875 26.67961739985667
42.10486491527394 14.35053075936379 31.9537634129692
-38.43031741481432 -37.80538457317124 26.71744833284648
-39.12849941479659 -30.29655552445733 29.17412703267802
-34.06804071373547 -21.6378226303986 34.24515220901144
-28.45113497716529 -20.57903906284675 37.15911882192741
-33.46104757991189 -29.2102366825675 31.9904946229921
-28.43758592752881 20.60122612570557 37.15798854646047
-34.04152865091832 21.68264727420508 34.2442154942723
-39.101027735007 30.34075471158587 29.17114645686985
-38.4161444838572 37.82689126678466 26.71467905810499
-33.4470443974763 29.23210421708638 31.98836175527566
-32.10667644607749 -14.24138387645308 37.15364721482567
-35.89439292171085 -18.46918826578191 34.24039267956588
-45.91846936654662 -18.51986797863004 29.15970156152276
-52.01045394345371 -14.26948670871365 26.70421294837315
-42.08407901445978 -14.26339845601534 31.98027414101076
-51.99890566374809 14.29251094188913 26.70701242155465
-45.89393814483962 18.5657542954884 29.16279044709905
-35.86884863325231 18.51456643012389 34.24145851579738
-32.09423418201512 14.2642085511048 37.15481909985571
-42.0721386001539 14.28645167609058 31.98244151028954
13.65187065838704 -52.20990229552832 26.68597601774715
6.929328227511706 -49.09194256026456 29.12301772679432
1.961199979065755 -40.38555192615748 34.20380905364181
3.724326943219928 -34.9586153614063 37.13531011794695
8.693965382307061 -43.61031973625332 31.96195987783152
-3.592016003688296 -34.96186384643089 37.14116496122047
-1.696090035041026 -40.38838532315956 34.2088984100215
-6.664542437904828 -49.10056102247806 29.13844759500415
-13.52096138958977 -52.21761571918802 26.70014322377495
-8.561915169492689 -43.61637196877122 31.97289842762401
3.65072781953944 34.87029894699123 37.188397972611
1.813741723386321 40.20709089562428 34.30667830745998
6.782081893542741 48.91632308374947 29.23097699889529
13.57894452039485 52.12349989050387 26.74265294420718
8.620483771234271 43.52327126793999 32.01734917982095
-13.5936697848705 52.12263091758975 26.74105667568513
-6.811867056417047 48.91535011657075 29.22923498376632
-1.843564131283035 40.20677073618711 34.30610323829011
-3.665611394082001 34.86993259901493 37.18773767142708
-8.635337825132241 43.522589117911 32.0161162327879
56.14079414240428 73.76967622642323 5.16527660544061
59.86929785550095 76.75939296471701 2.585288701605173
61.59425733776356 70.17953245939651 4.79128383835504
59.55671509039899 60.56525411956905 9.476637382216488
55.84431050180946 57.59278510277311 12.09907369823159
54.15284957049077 64.2204654028334 9.997356909624809
57.87673899086971 67.198492146867 7.396204153670884
59.86929785550109 -76.75939296471486 2.585288701606063
56.14079414240483 -73.76967622641874 5.165276605442411
54.15284958549266 -64.22046539745688 9.997356906535611
55.84431053152769 -57.59278509163124 12.09907369118236
59.55671512007834 -60.56525410839977 9.476637375080026
61.5942573527217 -70.17953245396984 4.791283835139276
57.87673900587063 -67.19849214144286 7.396204150515522
14.73693862411943 63.00321571761266 20.72010760652532
9.095367112922915 70.6295002023877 17.10404244743831
14.05006967335069 79.28977845714812 11.93056314252634
24.62739969214972 80.15915162459946 10.07943796590412
19.66937026000816 71.59426893726109 15.41830915694109
23.42182511064989 -80.25782726506353 10.21909656707888
11.60621987104087 -79.41777110937352 12.0770194582321
6.648145070563185 -70.7290008641716 17.19957850212641
13.52243218222401 -63.08348397345267 20.82415224268188
18.4516764580006 -71.68630958005087 15.54282725071189
50.88180435421462 49.02287174263752 17.41360997889504
44.27551155160158 47.12540272145596 20.74354700565806
49.21957042994309 55.67626132498521 15.38170322585958
44.27551156648806 -47.12540271593213 20.74354700223173
50.88180438376352 -49.02287173133709 17.41360997142907
49.21957044491114 -55.67626131952775 15.38170322262349
-18.48267851227815 -61.68848566126675 20.89010238352985
-16.63042117538527 -68.13761690552633 17.70124298611602
-21.57144665471863 -76.7222689402258 12.39047869117388
-28.34937324739869 -78.79136523956129 10.14650576496515
-23.41601611876157 -70.24643426826108 15.52977033003277
-47.55303472338905 -29.89510154956286 25.46141125266559
-55.4312686973527 -37.09794779117165 19.61113909829687
-65.44900294038071 -37.28657221637189 14.81942663812435
-67.46410860880442 -30.18411608482439 15.60631205988976
-59.48228460830925 -22.9318295109771 21.25022445844773
-49.60383156665441 -22.82461112631822 26.33158847526575
-57.54102672037605 -30.05747777860109 20.60079018438038
-27.4236429157376 78.15792949508757 10.65030439376482
-19.70890756992832 75.43245143035105 13.35293974037087
-14.76489796784377 66.83530428529907 18.6406841957991
-17.55316147537948 61.04674859719148 21.37765274268881
-22.48698073292575 69.60993252709162 16.02669740589405
-65.56654779095767 -18.69450608681339 18.78911562981956
-61.78344999394633 -14.35117757780738 21.42871455766628
-55.7610085545123 -18.61079652626053 24.00844864373728
-47.46993171889688 30.48276788475815 25.32528888077577
-55.29859659831215 38.20219083033371 19.32712448295504
-54.70314550647505 45.73943208280772 17.05228400776414
-46.21229758979423 45.51268220616202 20.63264343462122
-46.89850380271047 38.04757922179932 23.11604182852115
-46.28635179998661 -44.98419446856784 20.80856103934776
-54.83930472020365 -44.66921951977813 17.37239653687883
-46.97862012001113 -37.49052669399413 23.27537289036727
-49.39608959099621 23.8257634116561 26.19891064313154
-59.12783779422856 24.87743020078102 21.0287943523336
-67.05657101350567 32.64754283003413 15.23233006439294
-65.14304940363819 39.32218495317434 14.39384933794361
-57.28548948484207 31.57901289488767 20.32610774812702
-7.721067441470113 -85.38677210450074 9.036028466779289
-15.22143761308342 -92.4629274161267 4.606975412209358
-20.05564961086872 -91.14677500519377 4.818229915219296
-17.41379766863638 -82.84932541925447 9.633545057591355
-9.929781534924775 -75.83490734924814 14.17653079611827
-5.073379724761451 -77.04508799252828 13.7711405336778
-12.57171896377734 -84.1521098565524 9.396672167583553
-14.0043548149693 92.48994267664878 4.69768419707838
-5.274474941492756 85.39548433660708 9.134322801987748
-1.689441017201802 76.34804631262057 14.24070215160165
-6.836045865111558 74.50257070519106 15.10247948841276
-15.54651322508764 81.53594057040307 10.55286594804795
-19.12263233978169 90.49269595167307 5.282723696849906
-10.41494883265635 83.50524428581376 9.915430522636465
-75.46781959363618 -18.70658964169165 13.47127264264858
-81.52454624646239 -14.35723364642168 10.67826971796485
-71.65955611979237 -14.35708122627519 16.0646469948773
-61.64461584131685 15.32189054419256 21.37765274267874
-65.26352036468894 20.63087541821032 18.64068419578071
-55.58978587751546 19.59744439902579 23.92052317077142
-81.39857390782691 15.32939331819594 10.65030439375495
-75.18087299342011 20.64781107877099 13.35293974035259
-71.52746029066282 15.3306696944288 16.02669740588341
-90.6867434204659 -32.92972918654817 3.066487883480853
-89.24253300351704 -21.48522320717573 5.670889447553108
-76.8804706266632 -30.11719730385633 10.79495769123008
-84.40334165111284 -37.19358562305737 5.425025091782442
-83.10644226414456 -25.81801203963767 8.319764064750922
-89.2425330035171 21.48522320717559 5.670889447553094
-90.68674342046602 32.92972918654792 3.066487883480846
-84.22492973788366 38.15084710603086 5.298575006363571
-76.53777823862102 32.0389582682821 10.57053005990496
-82.95260742977239 26.7823528103924 8.239460567466958
-56.18796744127399 -62.11256750958753 10.13558476800621
-59.84260375583507 -53.27501460965492 12.15503548474464
-51.25035624297347 -53.54734208657852 15.48835499996433
-59.69942042876851 54.33932847534194 11.81855737539657
-56.11029827328244 62.63578667879811 9.948416917483172
-51.17288573128809 54.07431250788831 15.30595475428638
63.08335193396425 -19.62107270955845 19.96426074465771
67.99925766657977 -29.19578604293747 15.55445584851023
66.02564857224911 -36.21301134806711 14.83083060354396
59.26470907362066 -33.73210582450859 18.78217398858295
54.50948944934756 -24.25047478724291 23.52196908764077
56.34068631460605 -17.14432945655859 23.949203482644
61.26003977402267 -26.70930591438813 19.53917736845375
67.99925740659504 29.19578627781043 15.55445592975031
63.08335180772223 19.62107282789047 19.96426079210278
56.34068630622742 17.14432946337929 23.94920348599405
54.50948943203965 24.2504748007914 23.52196909336658
59.26470892216953 33.73210595311628 18.78217402636428
66.02564829700994 36.21301158595951 14.830830674058
61.26003963539667 26.70930603807534 19.53917741158703
-30.98811272409083 87.08119119183021 5.316389912658463
-26.85096933104311 93.3006327506541 2.729166754102004
-23.2848098345012 84.36665928573983 8.043920224021022
48.23815012964111 -28.47970091718468 25.54557455606403
43.97661633347322 -25.71059625433249 28.36615439160485
50.24053010082513 -21.45877928820674 26.31588783436077
43.97661632488825 25.71059626093902 28.36615439386978
48.23815011201379 28.47970093043728 25.54557456075378
50.2405300923589 21.45877929494889 26.31588783721494
47.68921588117657 -36.00496855030835 23.46963482108441
42.72432892361326 -40.67041611518264 23.89618240768682
43.41686284788318 -33.24568398535362 26.28687174861733
42.72432891428998 40.67041612145203 23.89618240903695
47.68921586291746 36.00496856329447 23.46963482483304
43.41686283890848 33.24568399179611 26.28687175039999
67.77310181216251 -42.82200396310438 12.12885725858246
62.66292752223365 -46.89961882275778 13.1832487565927
55.85503942654906 -44.38575598927109 17.03144428665907
54.207198197656 -37.83581979191236 19.94125246781176
60.99162763837279 -40.33462565365318 16.04320499169854
62.66292735547983 46.89961894697556 13.18324878941006
67.77310152715569 42.82200419808877 12.12885732270673
54.20719816519141 37.83581981095018 19.94125247654778
55.85503938830936 44.38575600741851 17.03144429701893
60.99162747906574 40.33462578014244 16.04320502675779
-26.85096933104334 -93.30063275065203 2.729166754103087
-30.98811272409121 -87.08119119182597 5.316389912660608
-24.21502261569222 -85.01035689481385 7.56005519713091
13.60365400628584 56.8149855358562 24.21060908102734
6.821195793271161 58.25308879532683 24.08272442431395
1.177040966811123 65.70569262331736 20.15764753511153
2.315099235075317 71.90944156684422 16.69627843398071
7.971368042850031 64.43935711549604 20.5941511642482
-3.966583166821838 63.90329177824544 21.09651132160832
-7.971365624691596 68.25696992874401 18.48841105192997
-2.830682781075363 70.1287654955443 17.67451600459984
53.26699324928889 75.45294476553794 5.355104894630535
57.01228269464137 -78.4671657629881 2.782083559959508
50.39630569305329 -77.14785269468591 5.472353943286004
53.26699324928948 -75.45294476553345 5.355104894632385
-10.9592539084535 -69.80544743209784 17.41083538862312
-7.140549093200471 -65.0309198858873 20.32123892018512
-2.285254519794451 -66.21046184396208 19.8611733928581
-1.25109636873689 -72.19785490452873 16.55072553340496
-6.109104011972615 -71.04176441233568 17.05336049929779
30.53387610911218 -17.63272737710701 37.07806875328864
30.53387610925832 17.63272737709089 37.07806875322282
-72.88821303957423 -44.31504219236711 9.27639521159514
-82.41725941961218 -44.29644879818545 4.685010279706835
-74.95020846512571 -37.24950676149437 10.16875916382215
49.30429514779962 -42.53404547146844 20.4912600413817
49.30429512392294 42.53404548360766 20.49126004702032
-0.001920694006084518 50.17812544670354 28.789930286935
0.01851970753291866 54.83812635865827 26.20103917449611
6.815294144579455 53.58306032618788 26.65847545878738
-13.57793088994026 56.8163910084257 24.21317432820119
-6.76924526121457 58.25451836108177 24.08527953669986
-6.804250831384661 53.5833890059365 26.65906780011981
4.580209399260298 -58.79933658299026 23.90141340626997
12.49504652895629 -57.12163792872743 24.18206581617681
5.63453858079406 -64.76186399927546 20.55193584943276
-0.9739569406441687 -50.60295375476139 28.54870790014659
-2.146679155374554 -55.41233339864465 25.85894495100123
-9.006595459702318 -58.67865177949378 23.68564454956724
-14.6869324968537 -57.0023420534886 23.96443269535203
-7.846111530152646 -53.88808680380394 26.41317301307479
-82.36800345379373 44.84303383563688 4.564601363919963
-72.77756801197089 45.40276801745724 9.011832116711158
-74.71448676184745 38.75171399262837 9.907664531288995
-12.82430216039205 -63.42150874695586 20.71938660658457
-30.51597284393828 -17.54708884791046 37.11044093909297
-30.5029784146921 17.56959265186444 37.11046183113454
0.06614928729293267 -35.23394239695366 37.092219726488
-0.007441107775104208 35.14393422448779 37.14225832648958
5.772238858128238 -53.94917188452894 26.52383851413496
87.52978716993329 3.334468082664109 8.003734543940103
87.52965832529253 6.668926348593701 7.898141648316611
92.36386521366626 3.335227364025015 5.319965248396357
-10.77541801546579 62.56278482804309 21.39780655646203
70.05078763225842 52.6249208451124 7.99132769476166
66.9311142286729 66.33220000184069 4.315363992715159
85.00244074619154 42.12583264104994 3.962036922643079
87.51239375069723 5.002273715337354 7.969308883808059
72.99380789449347 19.64751401929415 14.67122012454943
87.52978716993327 -3.334468082664139 8.003734543940103
87.52965832529253 -6.668926348593724 7.898141648316611
87.51239375069723 -5.002273715337351 7.969308883808059
72.99380801967965 -19.64751389993689 14.67122007462673
92.36386521366626 -3.335227364025008 5.319965248396357
-3.470207568816699 -94.18066566794145 4.308568827556219
16.00838376931237 -87.99356048276174 6.978953510539169
44.67707604073464 -80.58754026964833 5.475929264667963
54.18757805749431 -80.22899653354756 2.881010963503983
26.62795199945545 -92.74443353960883 3.060369299966579
4.138676376541859 -86.87545154099699 8.347790404143584
47.53689059815442 -78.86093875706861 5.510878133709034
-29.78109275359114 -91.75855995962858 3.071974847489748
-36.82332959687155 -83.87285795063703 5.777614315493159
-33.89467965709642 -85.475098740486 5.58321456797404
-69.53939063233157 -53.39491208291849 7.958847036066909
-39.74148586779503 -82.29747506923087 5.894055387586724
-89.34089050821147 -18.19248176423962 6.014253011257676
-89.34089050821153 18.1924817642394 6.014253011257662
-29.78109275359091 91.75855995963072 3.071974847488664
-36.82332959687106 83.87285795064132 5.777614315491089
-39.74148586779461 82.29747506923518 5.894055387584675
-69.47589609679744 53.92986412162892 7.805151657809476
-33.89467965709608 85.47509874049024 5.583214567971921
16.00838376931214 87.99356048276589 6.978953510536925
-3.470207568816567 94.1806656679435 4.308568827555081
26.62795199945536 92.74443353961092 3.060369299965482
5.350373247597795 86.84267311010363 8.329258259912299
64.84197534081761 56.63676534075822 8.836575944318348
66.93111437033052 -66.33219989380025 4.315363979068377
70.05078790866939 -52.62492061956083 7.991327647248729
85.00244087657235 -42.12583252749677 3.962036885754731
64.84197549596496 -56.63676522418235 8.836575922006979
2 6 0 583
2441
2442
2443
2444
2445
2446
2447
2448
2449
2450
2451
2452
2453
2454
2455
2456
2457
2458
2459
2460
2461
2462
2463
2464
2465
2466
2467
2468
2469
2470
2471
2472
2473
2474
2475
2476
2477
2478
2479
2480
2481
2482
2483
2484
2485
2486
2487
2488
2489
2490
2491
2492
2493
2494
2495
2496
2497
2498
2499
2500
2501
2502
2503
2504
2505
2506
2507
2508
2509
2510
2511
2512
2513
2514
2515
2516
2517
2518
2519
2520
2521
2522
2523
2524
2525
2526
2527
2528
2529
2530
2531
2532
2533
2534
2535
2536
2537
2538
2539
2540
2541
2542
2543
2544
2545
2546
2547
2548
2549
2550
2551
2552
2553
2554
2555
2556
2557
2558
2559
2560
2561
2562
2563
2564
2565
2566
2567
2568
2569
2570
2571
2572
2573
2574
2575
2576
2577
2578
2579
2580
2581
2582
2583
2584
2585
2586
2587
2588
2589
2590
2591
2592
2593
2594
2595
2596
2597
2598
2599
2600
2601
2602
2603
2604
2605
2606
2607
2608
2609
2610
2611
2612
2613
2614
2615
2616
2617
2618
2619
2620
2621
2622
2623
2624
2625
2626
2627
2628
2629
2630
2631
2632
2633
2634
2635
2636
2637
2638
2639
2640
2641
2642
2643
2644
2645
2646
2647
2648
2649
2650
2651
2652
2653
2654
2655
2656
2657
2658
2659
2660
2661
2662
2663
2664
2665
2666
2667
2668
2669
2670
2671
2672
2673
2674
2675
2676
2677
2678
2679
2680
2681
2682
2683
2684
2685
2686
2687
2688
2689
2690
2691
2692
2693
2694
2695
2696
2697
2698
2699
2700
2701
2702
2703
2704
2705
2706
2707
2708
2709
2710
2711
2712
2713
2714
2715
2716
2717
2718
2719
2720
2721
2722
2723
2724
2725
2726
2727
2728
2729
2730
2731
2732
2733
2734
2735
2736
2737
2738
2739
2740
2741
2742
2743
2744
2745
2746
2747
2748
2749
2750
2751
2752
2753
2754
2755
2756
2757
2758
2759
2760
2761
2762
2763
2764
2765
2766
2767
2768
2769
2770
2771
2772
2773
2774
2775
2776
2777
2778
2779
2780
2781
2782
2783
2784
2785
2786
2787
2788
2789
2790
2791
2792
2793
2794
2795
2796
2797
2798
2799
2800
2801
2802
2803
2804
2805
2806
2807
2808
2809
2810
2811
2812
2813
2814
2815
2816
2817
2818
2819
2820
2821
2822
2823
2824
2825
2826
2827
2828
2829
2830
2831
2832
2833
2834
2835
2836
2837
2838
2839
2840
2841
2842
2843
2844
2845
2846
2847
2848
2849
2850
2851
2852
2853
2854
2855
2856
2857
2858
2859
2860
2861
2862
2863
2864
2865
2866
2867
2868
2869
2870
2871
2872
2873
2874
2875
2876
2877
2878
2879
2880
2881
2882
2883
2884
2885
2886
2887
2888
2889
2890
2891
2892
2893
2894
2895
2896
2897
2898
2899
2900
2901
2902
2903
2904
2905
2906
2907
2908
2909
2910
2911
2912
2913
2914
2915
2916
2917
2918
2919
2920
2921
2922
2923
2924
2925
2926
2927
2928
2929
2930
2931
2932
2933
2934
2935
2936
2937
2938
2939
2940
2941
2942
2943
2944
2945
2946
2947
2948
2949
2950
2951
2952
2953
2954
2955
2956
2957
2958
2959
2960
2961
2962
2963
2964
2965
2966
2967
2968
2969
2970
2971
2972
2973
2974
2975
2976
2977
2978
2979
2980
2981
2982
2983
2984
2985
2986
2987
2988
2989
2990
2991
2992
2993
2994
2995
2996
2997
2998
2999
3000
3001
3002
3003
3004
3005
3006
3007
3008
3009
3010
3011
3012
3013
3014
3015
3016
3017
3018
3019
3020
3021
3022
3023
-34.24026387100234 -49.27072487841164 1158.402388386256
-34.24026363145981 49.27072504487965 1158.402388634008
-59.78983136729757 -5.017575616781372 1158.402388635826
13.35125603737905 58.49567473090938 1250.302692748729
29.7078088082821 52.1291290528679 1160.516835714562
19.89752027952052 -56.6046701847654 1251.391151617197
29.67320072380241 -52.14883660068489 1160.487730570362
-16.54263585164506 57.67444147176345 1165.228379766511
-34.25252212563602 49.26220384871971 1179.88871371575
16.36537100314704 -57.72499139826141 1166.495166047231
-60 5.136093373520056e-13 1250.302692748729
29.47351965637477 -52.26195211686309 1179.105995035629
-57.11518679450406 18.38084430674798 1163.881471118477
-59.99553449896904 -0.7320110538884906 1176.41967993209
-55.00384939089572 -23.97032649305511 1171.439824692358
-12.866146626653 58.60428543188173 1189.182829059713
-32.89991700683977 50.17564609392743 1207.814000142091
9.643742539191887 -59.21991413230672 1189.727740654378
-58.40283033728825 -13.75170566125976 1191.842790163301
-56.3735496392184 20.54319598004603 1181.871943653798
48.52350906799867 -35.29120382939425 1172.637623966414
-47.8697777413246 -36.17297857512128 1187.346254108657
-52.33985591423439 -29.3349532618885 1211.149311287008
-36.61221216105753 -47.53468124089727 1205.546910262653
-39.67860478055436 -45.00675863321607 1234.220225946989
-18.52636908175621 -57.06814916086334 1166.053320360141
-41.01686481886536 43.79060173634207 1252.59901967273
16.21848194542396 57.7664335352803 1165.598343960152
31.54957691014323 51.0355189724858 1180.760446008044
48.58263968726948 35.20975888893516 1172.648888419537
35.26778179204334 -48.54053530266036 1210.984143750278
-54.15477346593853 25.83138615817741 1221.477140920819
-48.22969402061118 35.69168831364274 1158.011906304955
-48.2296941344623 -35.69168815979728 1158.011905947878
-2.548078477837449 59.9458697165266 1216.10345248479
-49.62119153362124 33.73036244666927 1195.476755808481
-32.53961073100066 -50.41005587653069 1180.452260755784
-59.92756772555433 -2.947308348154342 1217.936644687017
-8.352951987034912 -59.41572345012968 1222.577812972743
-13.66996392376939 -58.4220171367169 1194.812966628655
9.942425077110924 59.17050095770726 1191.443721327597
36.82121368393521 47.37296932684274 1208.691176528204
-19.38086771738876 -56.78364171591215 1259.423841183453
43.5231931977718 41.30050428105485 1252.367902334004
46.43315300057115 -37.99950397604619 1252.768810756889
-47.87680162368359 36.16368159198463 1176.526792539983
-56.20399349065108 -21.00264544534453 1156.964435422018
-47.48706408870883 -36.67395184916482 1261.366174438318
-23.9103086552225 55.02996583691463 1233.383040368855
-53.92694681085479 -26.30369570344133 1235.685423390415
-59.03614524939852 10.71137498605668 1198.065998063962
-0.3833202898059807 -59.99877553380088 1174.102923049374
-0.7392889314691334 -59.99544525941788 1155.695766804771
-0.6461530571420526 59.99652061767204 1173.866688442263
-15.2986092836669 58.016829920168 1263.660678700187
-41.99089624597148 -42.85749213918213 1171.107253330829
-14.38147773618697 -58.25094933238049 1148.56525560159
-7.565286983754834 -59.52114273813491 1152.130511203181
6.5794028184971 -59.63817115364917 1152.130511203181
13.909374715461 -58.36548033748111 1148.56525560159
-0.2363263439506279 -59.9995345803545 1148.56525560159
-56.90307754360514 -19.02734259076818 1149.337301982626
-53.16841153146414 -27.80503578887953 1153.674603965252
-45.19521708086329 -39.46381067527113 1153.674603965252
-41.84364509533344 -43.00127166882135 1149.337301982626
-50.8385714648916 -31.86596383932408 1149.337301982626
-58.40966784367878 -13.72263467381966 1148.988145140673
-57.42009399243542 -17.40496497841584 1152.976290281346
-54.01363217676809 -26.12522801953702 1157.313592263972
-51.3323131406559 -31.06434656691889 1157.662749105925
-55.54789733899869 -22.68107363455402 1153.325447123299
58.7261206227986 -12.29807938649398 1204.212541322138
54.72685788179302 -24.5961587729879 1188.425082644276
44.59100843422167 -40.14526082639359 1185.419797227702
40.12373608762609 -44.61037774297066 1198.20197048899
48.14488559184277 -35.80600496213409 1213.989429166852
57.26676612279505 -17.90300248106704 1216.994714583426
52.06372846377754 -29.82227654707199 1201.207255905564
-59.78884345091837 5.029333832782973 1149.467462878609
-59.99999883973648 -0.01179964495025347 1153.934925757218
-59.90653713021424 -3.347657250416065 1153.934925757218
-59.97664793678815 -1.67382862520802 1149.467462878609
-59.97651484042952 1.678590955455643 1149.467462878609
27.38574735541697 -53.38558646100343 1203.898676051645
18.63369524704705 -57.03319560957615 1196.813208353011
3.681839457319279 -59.8869272730746 1200.677764760499
-2.37794740824046 -59.95285953249972 1211.627788866622
6.613569852532287 -59.63439187084644 1218.713256565255
22.15557334462 -55.75957827827578 1214.848700157767
12.97594246520631 -58.5800726966061 1207.763232459133
32.66068919612636 50.33169360585867 1155.344557143042
35.51445955776754 48.36034700371466 1150.172278571521
41.98514172472496 42.86312954457198 1154.216296139846
45.45704385188866 39.16193514431419 1163.432592279691
43.15550453143469 41.68455863551059 1168.604870851212
36.735286806818 47.43963219946824 1164.560853282887
39.46194321212354 45.19684765471079 1159.388574711366
35.50379460426937 -48.3681772315006 1150.162576856787
32.63837632015999 -50.34616560557139 1155.325153713575
36.68808057020007 -47.47614921278375 1164.537695035713
43.09933675831891 -41.74263013985846 1168.587659501063
45.41306507856702 -39.21292542223593 1163.425082644276
41.96133876701099 -42.88643199055082 1154.212541322138
39.42635909042499 -45.22789193487646 1159.375118178925
1.904771388634644 -59.96975776136701 1191.422815979137
-6.000366805139366 -59.69920935995536 1193.117891303896
-11.90838506210606 -58.80638031041028 1204.067915410018
-10.13444511061142 -59.1379152684638 1213.322864191381
-4.132847436510098 -59.85749386723882 1202.372840085259
-54.49318993040696 25.10960476010311 1186.406881038692
-52.22699909421505 29.53541206099655 1190.941818423586
-53.79647691379467 26.56951395233938 1196.339836560308
-56.99647722717898 18.745708407304 1197.202917312135
-58.33572120591931 14.03366065519813 1192.667979927241
-57.44533347826307 17.32147977429033 1187.269961790519
-55.81942268652872 22.00436436124986 1191.804899175413
-54.79748978321921 24.43839424876329 1161.92494951397
-51.80042898753951 30.27731092265092 1159.968427909462
-48.11257896555428 35.84940369494734 1164.183535049965
-47.99494690561879 36.00673647426038 1170.355163794974
-51.5998230903136 30.61794011765553 1172.311685399482
-54.71817733596401 24.61546402223599 1168.096578258979
-51.72752039972305 30.40170444722197 1166.140056654472
-48.66465629120674 35.09631359642652 1216.922760661243
-41.33964948748517 43.48601361647061 1212.368380401667
-30.00018347214891 51.96141829893988 1216.337013551012
-26.99394703256771 53.58476297981478 1224.860026959934
-36.01285965058069 47.99035256994448 1229.41440721951
-46.69376666297615 37.67880246005089 1225.445774070165
-39.01003640716985 45.58746603520844 1220.891393810588
-52.77887200311136 28.5375309036922 1212.810345883373
-51.26379429976948 31.1772897152867 1204.143550845927
-44.81481569887155 39.89526655978347 1199.589170586351
-39.14395303227776 45.47252952065492 1203.701585364221
-46.71255698817617 37.65550450633205 1208.255965623797
-44.08681642270648 40.69831222189169 1158.142067081306
-39.36798632995838 45.27871080678215 1158.272227857657
-39.22126176244947 45.40586554357728 1164.443856602667
-43.81781129864439 40.98779590312697 1170.485324571325
-43.91908734908918 40.8792583888587 1164.313695826315
-50.7757901071159 -31.96590588420905 1162.487878862705
-53.0467245646653 -28.0364943058246 1166.963851777532
-51.50943231912566 -30.76976409011634 1171.328967571849
-47.09959004941258 -37.17026522877225 1171.218110451339
-44.193798220028 -40.5821167373937 1166.742137536512
-46.27921592506146 -38.18683246043769 1162.377021742195
-49.02634617492958 -34.58926684299579 1166.852994657022
-57.31425777494296 17.75037621312265 1280.10089758291
-59.33996154425066 8.875188106561595 1265.201795165819
-57.89704963269443 15.74584528786303 1251.068135056729
-51.07125830330364 31.49169057572552 1251.83357736473
-46.05924640674922 38.45186367970165 1266.73267978182
-50.47296324779656 32.44194786054896 1280.86633989091
-54.74622025549121 24.55303174227663 1265.96723747382
-59.35069121003454 8.803150168611714 1240.694175472759
-57.35868014900191 17.60630033722289 1231.085658196789
-50.55403450400763 32.31546990788786 1231.85110050479
-46.10623267667058 38.39551156534723 1242.22506008876
-54.77507205980853 24.48859899714116 1241.459617780759
-15.37978698895141 -57.99536319547004 1283.141280394485
-17.39209909980128 -57.42399227590059 1271.282560788969
-29.87184310495199 -52.03530522167745 1260.071285601741
-39.60628454552436 -45.07041407064015 1260.71873002003
-38.08967744565028 -46.35921129706933 1272.577449625545
-26.08674823892284 -54.03222710863449 1283.788724812773
-28.32739732279455 -52.89195175937954 1271.930005207257
25.25689719522688 -54.42507826425003 1237.922148994891
30.42863338534542 -51.71168407913478 1224.453146372585
1.091367615067146 -59.99007348494234 1232.182259187561
10.75156721030572 -59.02883873601342 1241.786705402379
16.24121630083025 -57.76004581949053 1228.317702780073
-57.31425777494325 -17.75037621312169 1280.10089758291
-59.33996154425081 -8.87518810656058 1265.201795165819
-60 5.136093373520056e-13 1280.10089758291
-34.24435003175407 49.26788498507629 1165.564496994589
-34.24843619650757 49.26504458633677 1172.726605355169
-39.2288356369626 45.39932218181427 1178.768073323828
-43.82117232902018 40.98420251402138 1177.647432931906
-39.2605259886043 45.37191972022042 1171.605964963247
-23.28976285222589 55.29545140684791 1280.86633989091
-32.80440249067719 50.23814464358384 1266.73267978182
-33.34530791095263 49.88076222677196 1256.286239348549
-24.53443210896136 54.75455817638168 1259.973459024368
-14.6513101634266 58.18366704235023 1274.107119133458
-14.0021118313856 58.34330179430516 1284.553559566729
-24.09451269069606 54.94956285720466 1270.419899457639
-31.43790249057179 -51.10438618155295 1149.467462795419
-32.8524251101729 -50.20675417093283 1153.934925590838
-30.01021837992281 -51.95562330286629 1153.934925590838
-25.5388909488911 -54.29332416697883 1149.467462795419
-28.53455526418958 -52.78048082269534 1149.467462795419
-25.53889086152413 54.29332420807515 1149.467462878003
-30.01021821092897 51.95562340047926 1153.934925756005
-32.85242478477993 50.20675438385135 1153.934925756005
-31.43790207641447 51.10438643633024 1149.467462878003
-28.53455500837924 52.78048096099333 1149.467462878002
-56.22166483716028 20.95529534361222 1213.6734266352
-57.86161651310767 15.87555776941604 1205.869712349581
-55.1006487926181 23.74696828297357 1205.006631597754
31.96990972893157 -50.77326926566741 1280.463717205732
26.05907015383328 -54.0455813431366 1265.927434411464
9.132752181698578 -59.30086708967821 1265.927434411464
-2.350204586393424 -59.95395348433743 1280.463717205732
15.41731429997493 -57.98539833247494 1280.463717205732
-4.551715052807633 59.82709996379604 1280.10089758291
4.551715052808091 59.82709996379601 1265.201795165819
21.85705227470919 55.87726967077606 1265.201795165819
30.05895939099457 51.92743937775614 1280.10089758291
13.35125603737905 58.49567473090938 1280.10089758291
8.115576515276949 59.44861157188354 1238.902945994083
2.773606260314186 59.9358582846091 1227.503199239437
11.18084898670282 58.94903405431294 1213.632693832595
25.0557527936377 54.51797182529919 1211.161935180399
29.62115049137065 52.17841932799011 1222.561681935046
21.62968352202532 55.96567511195613 1236.432187341888
16.69620903649908 57.63017095072273 1225.032440587241
29.72236817736632 -52.12082913700704 1251.850371330427
38.86904994113521 -45.70773410128243 1252.309591043658
43.02561297973151 -41.81861580347154 1238.840588421352
39.27643937053129 -45.35814491767691 1224.912366085815
34.71385674762743 -48.93820746313867 1238.381368708121
-52.95338398282953 -28.21239310599179 1176.741967831125
-50.56055858594371 -32.30526142097218 1182.044110969891
-46.02285132669239 -38.49541733454995 1181.933253849381
-44.05841364691924 -40.72905826209293 1176.520253590105
-48.9119806884953 -34.75080064010415 1176.631110710615
23.90678016197128 -55.03149881919605 1150.162576856787
26.83290473591232 -53.66558695694527 1155.325153713575
29.78226423523643 -52.08662723792506 1155.325153713575
29.89119780312595 -52.02418950732821 1150.162576856787
26.93945194937912 -53.61218078633897 1150.162576856787
29.9027076552322 52.01757467323633 1150.172278571521
29.80531025144312 52.07344314346056 1155.344557143042
26.85668423092994 53.65369057315741 1155.344557143042
23.91892017685287 55.0262233628053 1150.172278571521
26.95129360189189 53.6062288655397 1150.172278571521
54.75496487618577 24.53352443917633 1188.432592279691
58.73267016446711 12.26676221958816 1204.216296139846
57.43654917764702 17.35058553950662 1216.230392176068
48.94720345173004 34.70117107901326 1212.460784352136
41.10651036405734 43.70646182991305 1196.677080491982
45.06209158443043 39.61575320546618 1184.662984455759
52.40100087604043 29.22558993740264 1200.446688315914
58.17324859552465 14.69262222488858 1280.789300778001
52.31163741106599 29.38524444977718 1266.578601556003
52.31163741106599 29.38524444977719 1241.578601556003
58.17324859552465 14.69262222488859 1230.789300778001
58.01167790531905 15.31813391407446 1255.789300778001
58.49474263548255 -13.35533915738045 1230.922936918963
53.72652663224529 -26.71067831476088 1241.845873837926
53.72652663224529 -26.71067831476088 1266.845873837926
58.49474263548255 -13.35533915738045 1280.922936918963
58.38684583299484 -13.81941509884166 1255.922936918963
-38.56168103906071 45.96734444626691 1280.86633989091
-5.900112119527463 59.70920094070097 1259.208016716368
3.901452583511253 59.87302120102687 1254.755354732549
-5.07815503467191 59.78471662092107 1269.654457149639
-58.61371868273609 12.82310345357451 1151.293823706159
-57.93027665793173 15.62315737408707 1157.587647412318
-59.0259716546038 10.76729632869405 1162.055110290927
-59.93318524385047 2.830778431157137 1160.228749463377
-59.48225728706651 7.865180737606957 1155.761286584768
-49.91898425773026 -33.28806108316432 1272.577449625545
-52.11999119923265 -29.72383752801631 1283.788724812773
-40.82188469826206 -43.97242010262567 1283.788724812773
-56.62989658731264 19.82561001609472 1175.875119475358
-56.87714885490018 19.10470984175178 1169.878295296917
-51.2112889626088 31.26345922619859 1178.308509577922
-54.07158976762305 26.0050606613767 1180.09022661586
-54.37971461802822 25.35442048365152 1174.09340243742
-30.00299778080532 51.95979334220827 1239.78836680348
-35.78037861503388 48.16393366581291 1246.193693238105
-41.46461625585342 43.36687213478528 1235.819733654135
-54.23251172791743 -25.66777496553409 1257.678347208455
-58.61135838794118 -12.83388748276678 1253.990519978592
-55.99514322904173 -21.55328129912247 1268.889622395682
14.14453076246699 58.30893798989676 1174.2134697493
12.04983611012166 58.77755906567751 1182.828595538449
6.435342754707889 59.653888084763 1185.584710365819
2.893464152686219 59.93019159986992 1179.725699404041
5.0204353601342 59.78959130814254 1171.110573614892
10.69287355599147 59.03949910962641 1168.354458787522
8.554459808057432 59.38704587190989 1176.969584576671
1.623288352542472 59.97803710463106 1207.883542099059
5.80706201715967 59.71832240383902 1199.663631713328
19.42568972913833 56.76832372500751 1197.192873061133
28.63350583257105 52.72686548369929 1202.942024794668
15.6230627081526 57.9303021882083 1205.412783446864
-23.3717291114853 -55.26085665585859 1170.852967158689
-28.07790289355389 -53.02481842590466 1175.652613957237
-26.59698041136343 -53.78290279445272 1185.239162713408
-20.22389065757459 -56.48888604557951 1190.026064671031
-15.30077373158868 -58.01625912806448 1185.226417872484
-16.92084688870063 -57.56461535152607 1175.639869116313
-21.84203029728926 -55.88314336624505 1180.43951591486
37.86437518776076 46.54341082946636 1178.056593478541
43.63923122592205 41.17787631739294 1175.352740949039
35.1086790169277 48.65573612315757 1199.380933021484
33.34922776723249 49.87814157854369 1190.070689514764
39.55019134377552 45.11964499717106 1187.366836985261
-9.292569972895814 -59.27603346462072 1187.909618768895
-4.839012977630972 -59.80454793243002 1181.006270909135
-6.499111075218208 -59.64697440132211 1171.419722152963
-12.61084228831641 -58.65975329626959 1168.736521256552
-10.93081190457607 -58.99590961335183 1178.323070012724
7.153900337771857 -59.57198762805575 1254.068714805949
-6.610736384853315 -59.63470603977164 1256.746277994701
-4.147785357112202 -59.85646060895454 1268.604997600217
21.51582957079134 56.00954452484559 1170.652377976116
26.67099536449222 53.74623713588919 1175.70641199208
24.75791878652185 54.65386955522901 1184.321537781228
17.43403397508163 57.41127467105829 1187.882629554413
19.53558186158259 56.73060057261341 1179.267503765264
17.89631928487175 -57.26885502656682 1159.330110698154
19.41565460741634 -56.77175667676237 1152.165055349077
5.008501032277831 -59.79059221491013 1159.295566552258
10.76317943295348 -59.02672249493484 1162.895366299744
12.291562374258 -58.7274849997829 1155.730310950667
-58.75676654267141 12.15081830371972 1168.060874056348
-59.72814858045369 5.705108864101323 1172.240276994219
-59.9610439262983 -2.161761149739958 1170.413916166669
-59.89243722509216 -3.59109499155832 1164.408152401248
-59.84314414673764 4.335677413366989 1166.234513228798
39.15417369467128 45.46372930466122 1223.250085130137
41.39382785871738 43.43444503159759 1237.808993732071
34.78574419812581 48.8871353280447 1251.679499138912
24.33178071263288 54.84491268433515 1250.991095943821
32.08838265158254 50.69847826913168 1237.120590536979
-20.12621090550249 -56.52376168114816 1152.01777345338
-19.32812736970925 -56.80161522686038 1159.035546906761
-12.72561790534543 -58.63496097830331 1162.600802508351
-6.736217414193548 -59.62066231558246 1159.148284656561
-13.50705502477796 -58.45989620720876 1155.583029054971
-55.82160351507788 -21.99883135544806 1161.789565178799
-55.42142889451785 -22.98837139272599 1166.614694935578
-53.52826122725881 -27.10581579636262 1162.138722020752
51.52536912487368 -30.74306973198211 1227.917651502389
-19.47374267440768 56.7518576458159 1151.742793255504
-18.0136157033608 57.2320683646121 1158.485586511007
-22.71252324842974 55.53504558105214 1162.95304938901
-28.68288472260919 52.7000201516993 1160.677719011509
-24.16490217889884 54.91864439955023 1156.210256133506
-59.99195196979583 -0.9826997780144937 1239.514010061492
-59.9678013986269 -1.965399556029507 1228.725327374254
-59.61002866839817 6.829676577463087 1219.116810098285
-57.63246064681783 16.68830368230981 1220.296975509552
-59.46854888638915 7.968167502452725 1229.905492785522
0.9737754851314171 59.9920974904575 1244.662808622104
-12.02112237275051 58.7834382874918 1239.02292449548
-17.04424412644754 57.52819953864417 1227.623177740834
-9.81548704766252 59.1916904135806 1221.863315112812
-4.587454457255624 59.82437013126512 1233.263061867458
-44.46977363591667 -40.27951381000434 1193.413139493322
-40.68726735014011 -44.09700982581725 1199.480024877987
-35.28175317820817 -48.5303811305042 1197.182027093697
-33.92317681171154 -49.48957541746906 1188.81714392474
-38.16883994615026 -46.29405639134644 1182.750258540075
-43.34936119991965 -41.48292279431261 1185.048256324366
-39.47448676010245 -45.18589265497027 1191.115141709031
-29.28174230032845 -52.36964357198887 1160.952699044218
-23.99330845714464 -54.99382828354752 1163.503009702179
-24.79531539648949 -54.63691366089973 1156.485236248799
20.93627896640246 -56.22874907946089 1164.492687554941
25.40100384242618 -54.3579709315667 1162.490209062652
22.4393838524488 -55.64597067463609 1157.327632205864
-28.0172231950404 -53.05690534171109 1211.223877832683
-18.3117627421096 -57.13737257939577 1216.900845402713
-21.75477836092654 -55.91716747535557 1198.390947839988
-29.5591071204719 -52.21359196837992 1201.96892905132
-20.18486431534297 -56.5028428715865 1207.64589662135
-59.37612640573441 -8.629925437119903 1174.759728185513
-57.68243764789277 -16.51473242280852 1173.099776438936
-57.27872979924671 -17.86468898651432 1167.094012673514
-58.89321128322169 -11.47125384383982 1162.74820065467
-59.14016533278384 -10.12130645771545 1168.753964420092
41.57368836150338 43.26232120472269 1266.578601556003
39.53140925982777 45.13610175826003 1280.789300778001
32.29361142085622 50.56800036978667 1265.890198360911
40.61943458582817 -44.15950106067353 1280.922936918963
43.64239867370316 -41.17451928080707 1266.845873837926
35.424337922448 -48.42640067934238 1266.386654124695
25.3793487093544 54.36808493122589 1162.210671796425
20.85294683123916 56.25970679317048 1163.904507878289
17.79914067559276 57.29913255198947 1158.732229306768
19.36754574609758 56.78818690337646 1151.866114653384
22.40452256226077 55.66001588894085 1157.038393224904
-37.65270105884991 -46.71481673915549 1215.104682157431
-38.67533052724072 -45.87176482988944 1224.66245405221
-30.37247046057817 -51.74469091724587 1230.33942162224
-19.52495351002212 -56.73425940674184 1226.458617297492
-28.98958466620977 -52.53193296349046 1220.781649727462
-49.46179443047198 -33.9636701744339 1195.280606501441
-50.95489928273273 -31.67961867015705 1203.214958894225
-47.96157765645203 -36.05117291717596 1209.28184427889
-42.62282519331109 -42.22907496666775 1207.414377270771
-46.23267804241558 -38.24316253954875 1201.347491886106
51.98135481899265 -29.96562616035229 1280.922936918963
51.27493581321848 31.15896271300322 1280.789300778001
-22.71707332006296 55.53318449153518 1170.11515774959
-28.69167928945851 52.69523260742719 1175.00193573267
-28.64134895096273 52.72260549583249 1167.83982737209
-33.67773531859117 -49.65692442963938 1165.752345842766
-33.11077760913393 -50.03675055515171 1173.102303299275
-28.65455050035337 -52.7154316649565 1168.302656500727
-56.33886584549051 -20.63812479959899 1178.240813182672
-57.47593686208227 -17.21965974768179 1185.041801672986
-55.96196939016096 -21.63926944179696 1190.343944811753
-52.38250196848287 -29.25873352559691 1188.845099460205
-54.54012945101564 -25.00748446898362 1183.542956321439
-39.96878123804873 44.74926285811873 1185.08472774666
-45.16887062891212 39.49396316031856 1190.28074177757
-49.05330142804326 34.5510292033324 1189.160101385648
-48.47167718753396 35.36236008282678 1182.843446962816
-44.46240138121647 40.28765150037415 1183.964087354738
-33.80443325635667 49.57076045630657 1189.19714252453
-33.35352780860278 49.87526624210402 1198.50557133331
-39.61871639160797 45.0594863650412 1194.39315655544
25.26186744517831 -54.42277145811522 1174.902385372829
20.86503148759061 -56.25522607742193 1170.69877571003
14.1455443438958 -58.30869210687955 1174.239357582946
11.90171543317461 -58.80773052709765 1181.983549118662
16.47985162005445 -57.69241276442673 1186.187158781461
23.18175996520746 -55.34081680744787 1182.646576908545
18.71823899661392 -57.00550437339926 1178.442967245746
-15.32394269490558 58.01014377057904 1173.213196197578
-14.09790197081535 58.3202294235995 1181.198012628646
-20.33977806247451 56.44726236381425 1186.084790611726
-27.59151549739147 53.27952958273193 1182.986752163738
-21.59618306756963 55.97861088765975 1178.099974180658
-54.83611775458442 -24.35159521685081 1204.713804245773
-56.87477851489862 -19.11176519532475 1198.278297204537
-59.12875643597063 -10.18774569449306 1200.540741671206
-59.63888023371786 -6.572972270461658 1209.238693179112
-58.78236860822354 -12.02635193260762 1215.674200220348
-56.19214418270784 -21.03432747082194 1213.411755753678
-57.92078531464706 -15.65830861027351 1206.976248712442
-58.42689547321994 13.6490983351074 1180.054522413229
-59.65196265078149 6.453166037672494 1178.237101172659
-58.60927337844134 12.84340585869371 1174.057698234788
-26.61288160248564 53.77503633482809 1201.603609781298
-19.83541115287757 56.62646434659593 1195.393219420506
-9.458448313373609 59.24979118531338 1198.156370201406
-6.007541967189859 59.6984877489577 1207.129911343098
-13.08253083339524 58.55636077313261 1213.34030170389
-23.53305432162846 55.19234869341297 1210.577150922991
-16.60396942729822 57.65681398809117 1204.366760562198
29.54012803102191 -52.2243318378592 1172.89990688054
29.60668849502823 -52.1866266045082 1166.693818725451
25.31309867740245 -54.39896171204084 1168.69629721774
-26.60285010802603 -53.77999968510505 1251.022636104632
-33.48677813716499 -49.78589850542309 1242.62143102581
-42.45263867299583 -42.40015884050506 1243.268875444099
-45.06599828367109 -39.61130897478843 1252.317524941208
-36.50010285258198 -47.62081993992688 1251.67008052292
-48.73385820545105 -35.00015806265724 1218.839616173669
-44.45955221500699 -40.29079568389121 1226.529921060329
-43.60250910793868 -41.21675872132747 1216.97214916555
30.32602621488807 51.77192418689807 1167.264705812389
30.94003587022264 51.40733586123032 1174.012575910217
26.00332986410068 54.07242213900511 1168.958541894252
-27.03235609826513 53.56539670138352 1192.295180972518
37.38063523411445 46.93280419380544 1171.308723380714
36.56564229033988 -47.57051401756036 1176.94987134589
43.04718638735488 -41.79640826832288 1174.793747656152
36.71776532184906 -47.4531949374288 1170.743783190802
-53.69012678476921 -26.78376907448628 1196.779451852989
-59.59901177532794 6.925156706120228 1190.850558686672
-59.92011779873781 3.095073987061505 1183.635119309381
-59.11253101552226 10.28147250829949 1185.45254054995
-36.93595207637514 47.28356420799641 1149.467462878003
-35.60144978476026 48.29634326968445 1153.934925756005
-45.19521699666274 39.46381077170027 1153.674604203303
-41.84364504990982 43.00127171302213 1149.337302101652
-40.64527008239048 44.13572271901224 1153.804764979654
-59.78293739870717 -5.099058342700117 1181.560716675827
-59.24919418468897 -9.462187298136685 1186.701753419564
-58.57917610293038 -12.97998948774117 1179.90076492925
-51.74116118541551 30.37848316135702 1184.625164000754
-35.85237094828201 -48.1103678783148 1177.337258280799
-39.01712878617897 -45.58139599971378 1174.222255805814
-41.21633728086816 -43.60290748504872 1179.63525606509
-15.76757619774147 -57.89113525271738 1247.141831779883
-12.07693298018454 -58.77199749704047 1234.859822376313
-23.25313511792993 -55.31086427807193 1238.740626701062
-59.94339583981007 2.605627600376154 1195.991595430408
-59.72827743508523 -5.703759693175082 1193.917192796854
-59.98628058315632 -1.283020576157015 1188.776156053118
-35.60144994135944 -48.296343154248 1153.934925590838
-36.93595215294514 -47.28356414818311 1149.467462795419
-44.08681657493684 -40.69831205698677 1158.142066760671
-39.36798652516183 -45.27871063706074 1158.272227573464
-40.6452702012211 -44.13572260957928 1153.804764778045
2.37808711440359 59.9528539910846 1190.690090571636
-5.349945598991181 59.76100804109512 1189.936459815675
-8.834156379562973 59.34608395725388 1184.077448853896
-4.74167371853699 59.81234429736838 1178.97206864808
-1.211476954961472 59.98776811640518 1184.831079609858
-59.97826215190099 1.61495177570177 1211.313095812666
-59.6793880494092 6.194404091438847 1204.689546938314
-58.89829484038901 11.44512406637014 1212.493261223933
33.38526139237822 -49.85403014564199 1200.358094178729
31.45100752555551 -51.09632203620384 1189.732044607179
25.21571758161304 -54.44416944764913 1193.272626480095
-18.21594660105308 57.16799182608729 1253.568132589744
-21.09390243375985 56.1698075492076 1243.475586479299
-8.731281926754701 59.36130655499024 1249.115470605924
-1.837854355548975 59.97184582258403 1198.910000957367
-57.88072166141816 -15.80576034088325 1157.443753159954
-59.08602661854008 -10.43271098196308 1157.92307089789
-57.59993551279405 -16.80022109741316 1162.268882916734
-28.01693259269024 -53.05705879613618 1193.604045882364
10.87882521684866 -59.00551806315455 1169.031085047945
5.246039804028025 -59.77021889180726 1171.56700404866
2.968315193114658 -59.92653089337247 1179.311195584376
6.321152985577923 -59.66609610937287 1184.519468119377
8.592804393129283 -59.38150985501647 1176.775276583661
-59.96627875333956 -2.011321077495206 1202.61514430476
-0.6206351450504681 -59.99679001427267 1161.831485552972
-0.5019784670649438 -59.99790011007555 1167.967204301173
5.161634249481718 -59.77756712910436 1165.431285300459
-59.62658507366375 -6.683588291714182 1153.934925757218
-59.41674382368717 -8.345690707804394 1149.467462878609
-59.78983136729756 -5.017575616781558 1149.467462878609
-2.509417286409152 -59.94750057243981 1244.464268591131
-6.659221800004852 -59.62931129082693 1165.284003404762
51.14384975111864 31.37366144770165 1227.019692954069
-11.33445818141976 58.91969159571057 1168.107815991762
-5.992910329657898 59.69995833985715 1170.987252217012
-10.06816330918421 59.14923573115377 1176.092632422829
-1.503058329611743 -59.98117050923386 1186.214543444136
-20.20614417114891 56.49523641630987 1219.100164331912
-36.93936939820917 -47.28089453957748 1162.637343367781
-39.53102126647752 -45.13644157030218 1166.872298349305
-36.405489385019 -47.6931896882277 1169.98730082429
-52.88800015808688 -28.3347743819887 1219.328015321477
-53.4172217198514 -27.32398989408822 1227.506719355946
-50.03868726930543 -33.10785067570306 1235.197024242606
-45.20606843154728 -39.45137991201656 1234.708625094797
-49.35487378982686 -34.11885744262638 1227.018320208137
-41.85661277808718 -42.98864927798115 1162.507182554988
-58.99592046287528 -10.93075334723522 1223.852904254816
-56.95881658194795 -18.85983068810565 1229.769163822616
-56.62530137133127 -19.83873092226187 1221.590459788147
26.60443268246786 53.77921681880498 1193.631781287948
-59.3253970807321 -8.972026594558439 1245.430269629291
-57.25391650486563 -17.94405318911741 1240.557846509853
-59.14943057876808 -10.06701853616528 1234.641586942053
-34.24026363145978 49.27072504487966 1149.467462878002
-34.24026387100226 -49.27072487841171 1149.467462795419
-52.02012327237311 -29.89827377503769 1244.245673739716
-49.86355427728449 -33.37103466835129 1252.805924089017
-47.64886791828003 -36.46348016997698 1243.757274591907
-58.76750399930544 -12.09877984309239 1153.455608019281
32.74998801379651 -50.27363409478357 1150.162576856787
32.76109454363599 50.26639716851551 1150.172278571521
-55.96024582077833 -21.64372628911348 1249.118096859154
-27.39211090047494 53.38232160946245 1249.880912913924
56.9540737320488 -18.87414859866134 1154.212541322138
53.32293975603376 -27.50752798370647 1163.425082644276
54.72685788179302 -24.5961587729879 1163.425082644276
58.7261206227986 -12.29807938649398 1154.212541322138
57.87486819023884 -15.82718016459282 1154.212541322138
50.92284390601706 -31.73111987502837 1154.212541322138
58.64972896465549 -12.65738094443122 1179.212541322138
56.96436248828864 18.84307316503478 1154.216296139846
53.35404047520885 27.4471558630357 1163.432592279691
50.93987405328561 31.7037731419369 1154.216296139846
58.73267016446711 12.26676221958815 1154.216296139846
54.75496487618577 24.53352443917634 1163.432592279691
57.88396581860248 15.79387543039581 1154.216296139846
4.013917889660476 59.86558663518687 1158.732229306768
-8.929881820288113 59.33175549969584 1151.866114653384
5.259114112155935 59.76906991710112 1151.866114653384
5.482849407606175 59.74896118237967 1165.475022562271
-5.818306253906433 59.71722793579549 1165.351701164391
-7.076611522881662 59.581218260071 1158.608907908887
-53.16841147158745 27.8050359033749 1153.674604203303
-56.90307752388486 19.02734264974354 1149.337302101652
-50.83857143234626 31.86596389124652 1149.337302101652
-55.88515526042316 21.83688213821737 1155.63112580781
58.65708623781275 12.62324182172704 1179.216296139846
-0.3237409732126137 59.99912659182851 1168.231137389642
38.42730515487802 -46.07973761355294 1187.57592091744
2 7 0 40
3024
3025
3026
3027
3028
3029
3030
3031
3032
3033
3034
3035
3036
3037
3038
3039
3040
3041
3042
3043
3044
3045
3046
3047
3048
3049
3050
3051
3052
3053
3054
3055
3056
3057
3058
3059
3060
3061
3062
3063
26.85856096827213 13.36479340332684 85.47619047619041
25.00353108774762 16.57779940595368 130.9523809523808
25.02383464095422 16.54713569963635 85.4761904761904
26.85856096827213 13.36479340332684 176.4285714285712
25.00353108774762 16.57779940595368 176.4285714285712
26.84217774079524 13.39766748846816 130.9523809523808
25.00353108774762 16.57779940595368 904.047619047619
26.85856096827213 13.36479340332684 949.5238095238094
25.02383464095422 16.54713569963635 949.5238095238094
25.00353108774762 16.57779940595368 858.5714285714286
26.85856096827213 13.36479340332684 858.5714285714284
26.84217774079524 13.39766748846816 904.0476190476188
26.85856096827213 13.36479340332684 312.8571428571427
25.00353108774762 16.57779940595368 312.8571428571427
25.00353108774762 16.57779940595368 267.3809523809522
26.85856096827213 13.36479340332684 221.9047619047617
26.84217774079524 13.39766748846816 267.3809523809522
25.02380926686773 16.54717407219205 221.9047619047618
26.85856096827213 13.36479340332684 403.8095238095237
25.00353108774762 16.57779940595368 358.3333333333332
26.84217774079524 13.39766748846816 358.3333333333332
26.85856096827213 13.36479340332684 540.2380952380952
25.00353108774762 16.57779940595368 494.7619047619046
25.00353108774762 16.57779940595368 449.2857142857142
26.85856096827213 13.36479340332684 449.2857142857141
26.84217774079524 13.39766748846816 494.7619047619047
25.02380926686773 16.54717407219205 403.8095238095237
26.85856096827213 13.36479340332684 676.6666666666666
25.00353108774762 16.57779940595368 631.1904761904761
25.00353108774762 16.57779940595368 585.7142857142857
26.85856096827213 13.36479340332684 585.7142857142857
26.84217774079524 13.39766748846816 631.1904761904761
25.02380926686773 16.54717407219205 540.2380952380951
26.85856096827213 13.36479340332684 813.0952380952381
25.00353108774762 16.57779940595368 767.6190476190476
25.00353108774762 16.57779940595368 722.1428571428571
26.85856096827213 13.36479340332684 722.1428571428571
26.84217774079524 13.39766748846816 767.6190476190476
25.02380926686773 16.54717407219205 676.6666666666665
25.02380926686773 16.54717407219205 813.0952380952381
2 8 0 52
3064
3065
3066
3067
3068
3069
3070
3071
3072
3073
3074
3075
3076
3077
3078
3079
3080
3081
3082
3083
3084
3085
3086
3087
3088
3089
3090
3091
3092
3093
3094
3095
3096
3097
3098
3099
3100
3101
3102
3103
3104
3105
3106
3107
3108
3109
3110
3111
3112
3113
3114
3115
42.54096591245128 53.68311436335186 862.3101274731295
32.67167778702461 36.58900589558533 860.440778022279
30.38383447134895 32.62634503308027 882.4116883208084
37.96527928109997 45.75779263834174 906.2519480701883
40.25438877730119 49.72264658984865 884.2815661895637
42.56307672199843 53.72141140888401 59.35709033644719
47.48666537993821 62.24931712000121 94.72241857492638
47.48866917833318 62.25278780062943 53.94683129103996
43.25123407319159 54.91333490475198 951.7281385463788
40.95574405553217 50.93742956590067 973.3640692731894
40.957969270939 50.94128375204308 973.6967891900406
32.67167778702446 36.58900589558505 70.02924893780127
42.54096591245119 53.68311436335172 100.0584978756034
37.62721729958744 45.1722521102549 64.7297373297172
32.67167778702461 36.58900589558533 160.9816298901827
42.54096591245128 53.68311436335186 145.5346883517941
32.67167778702461 36.58900589558533 115.5054394139922
37.96527928109997 45.75779263834174 951.7281385463788
30.38383447134895 32.62634503308027 973.3640692731894
35.66978926344056 41.78188729949045 973.3640692731892
30.38383447134894 32.62634503308024 927.8878787969988
42.54096591245128 53.68311436335186 780.7443796830656
32.67167778702461 36.58900589558533 819.657904127247
42.54096591245129 53.68311436335189 821.5272535780975
32.67167778702461 36.58900589558533 292.7168847375955
42.54096591245128 53.68311436335186 272.5766266180482
42.54096591245128 53.68311436335186 227.1004361418577
32.67167778702461 36.58900589558533 201.7645037852145
32.6716777870246 36.5890058955853 247.240694261405
42.54096591245129 53.68311436335189 186.3175622468259
42.54096591245128 53.68311436335186 354.142374408112
32.67167778702461 36.58900589558533 333.4997586326274
32.67167778702461 36.58900589558533 424.4521395850083
42.54096591245128 53.68311436335186 399.6185648843025
32.67167778702461 36.58900589558533 378.9759491088178
42.54096591245129 53.68311436335189 313.3595005130801
32.67167778702461 36.58900589558533 556.1873944324213
42.54096591245128 53.68311436335186 526.6605031505569
42.54096591245128 53.68311436335186 481.1843126743664
32.67167778702461 36.58900589558533 465.2350134800403
32.67167778702461 36.58900589558533 510.7112039562307
42.54096591245128 53.68311436335186 440.4014387793344
32.67167778702461 36.58900589558533 687.9226492798342
42.54096591245128 53.68311436335186 653.7024414168113
42.54096591245128 53.68311436335186 608.2262509406208
32.67167778702461 36.58900589558533 596.9702683274533
32.67167778702461 36.58900589558533 642.4464588036437
42.54096591245128 53.68311436335186 567.4433770455887
42.54096591245128 53.68311436335186 735.2681892068751
32.67167778702461 36.58900589558533 728.7055231748661
32.67167778702461 36.58900589558533 774.1817136510566
42.54096591245128 53.68311436335186 694.4853153118431
2 9 0 46
3116
3117
3118
3119
3120
3121
3122
3123
3124
3125
3126
3127
3128
3129
3130
3131
3132
3133
3134
3135
3136
3137
3138
3139
3140
3141
3142
3143
3144
3145
3146
3147
3148
3149
3150
3151
3152
3153
3154
3155
3156
3157
3158
3159
3160
3161
46.63675134594867 74.1105561644725 130.0877468134056
40.86324865405333 77.44388949780698 130.0877468134056
37.97649730810566 79.11055616447422 89.41034972745572
40.86324865405333 77.44388949780698 48.73295264150586
46.63675134594867 74.1105561644725 48.73295264150585
49.52350269189633 72.44388949780524 89.41034972745571
43.75000000000099 75.77722283113974 89.41034972745572
40.86324865405333 77.44388949780698 864.17947692398
46.63675134594867 74.1105561644725 864.17947692398
43.75000000000043 75.77722283114007 865.8542194477163
37.97521902595974 79.11129418101527 48.67418754590813
49.52478097404226 72.4431514812642 48.67418754590813
40.86324865405333 77.44388949780698 782.6137291339161
46.63675134594867 74.1105561644725 823.3966030289481
40.86324865405333 77.44388949780698 823.396603028948
40.86324865405333 77.44388949780698 741.8308552388842
46.63675134594867 74.1105561644725 741.8308552388842
46.63675134594867 74.1105561644725 782.613729133916
46.63675134594867 74.1105561644725 211.6534946034692
40.86324865405333 77.44388949780698 170.8706207084374
46.63675134594867 74.1105561644725 170.8706207084373
40.86324865405333 77.44388949780698 334.0021162885648
46.63675134594867 74.1105561644725 293.2192423935329
46.63675134594867 74.1105561644725 374.7849901835967
40.86324865405333 77.44388949780698 374.7849901835967
46.63675134594867 74.1105561644725 334.0021162885648
46.63675134594867 74.1105561644725 252.436368498501
40.86324865405333 77.44388949780698 252.436368498501
40.86324865405333 77.44388949780698 211.6534946034691
40.86324865405334 77.44388949780698 293.2192423935329
40.86324865405333 77.44388949780698 456.3507379736606
46.63675134594867 74.1105561644725 415.5678640786286
46.63675134594867 74.1105561644725 497.1336118686926
40.86324865405333 77.44388949780698 497.1336118686926
46.63675134594867 74.1105561644725 456.3507379736606
40.86324865405333 77.44388949780698 415.5678640786286
46.63675134594867 74.1105561644725 578.6993596587565
40.86324865405333 77.44388949780698 537.9164857637245
46.63675134594867 74.1105561644725 537.9164857637245
40.86324865405333 77.44388949780698 619.4822335537884
46.63675134594867 74.1105561644725 619.4822335537884
46.63675134594867 74.1105561644725 701.0479813438523
40.86324865405333 77.44388949780698 660.2651074488203
46.63675134594867 74.1105561644725 660.2651074488203
40.86324865405333 77.44388949780698 578.6993596587564
40.86324865405333 77.44388949780698 701.0479813438521
2 10 0 52
3162
3163
3164
3165
3166
3167
3168
3169
3170
3171
3172
3173
3174
3175
3176
3177
3178
3179
3180
3181
3182
3183
3184
3185
3186
3187
3188
3189
3190
3191
3192
3193
3194
3195
3196
3197
3198
3199
3200
3201
3202
3203
3204
3205
3206
3207
3208
3209
3210
3211
3212
3213
20.64477120541047 55.75779263834259 906.2519480701884
13.06332639565944 42.62634503308111 882.4116883208084
15.35116971133511 46.58900589558618 860.440778022279
25.22045783676177 63.68311436335274 862.3101274731295
22.93388070161171 59.72264658984953 884.2815661895638
30.16615730424871 72.24931712000209 94.72241857492639
25.24256864630893 63.72141140888486 59.3570903364472
30.16816110264369 72.25278780063032 53.94683129103997
23.63523597984267 60.93742956590155 973.3640692731894
25.93072599750207 64.9133349047528 951.7281385463789
23.63746119524948 60.94128375204393 973.6967891900406
25.22045783676169 63.68311436335257 100.0584978756034
15.35116971133495 46.58900589558591 70.02924893780128
20.30670922389793 55.17225211025577 64.72973732971721
25.22045783676177 63.68311436335274 145.5346883517941
15.35116971133511 46.58900589558618 160.9816298901827
15.3511697113351 46.58900589558615 115.5054394139923
15.35116971133511 46.58900589558618 819.657904127247
25.22045783676177 63.68311436335274 780.7443796830656
25.22045783676176 63.68311436335271 821.5272535780975
13.06332639565944 42.62634503308111 973.3640692731894
20.64477120541047 55.75779263834259 951.7281385463789
18.34928118775104 51.78188729949129 973.3640692731896
13.06332639565944 42.62634503308111 927.8878787969988
25.22045783676177 63.68311436335274 227.1004361418577
15.35116971133511 46.58900589558618 201.7645037852145
25.22045783676177 63.68311436335274 186.3175622468259
25.22045783676177 63.68311436335274 354.142374408112
15.35116971133511 46.58900589558618 333.4997586326274
15.35116971133511 46.58900589558618 292.7168847375955
25.22045783676177 63.68311436335274 272.5766266180482
25.22045783676177 63.68311436335274 313.3595005130801
15.3511697113351 46.58900589558615 247.240694261405
25.22045783676177 63.68311436335274 481.1843126743664
15.35116971133511 46.58900589558618 465.2350134800403
15.35116971133511 46.58900589558618 424.4521395850083
25.22045783676177 63.68311436335274 399.6185648843025
25.22045783676176 63.68311436335271 440.4014387793345
15.3511697113351 46.58900589558615 378.9759491088178
25.22045783676177 63.68311436335274 608.2262509406208
15.35116971133511 46.58900589558618 596.9702683274533
15.35116971133511 46.58900589558618 556.1873944324213
25.22045783676177 63.68311436335274 526.6605031505569
25.22045783676176 63.68311436335271 567.4433770455887
15.3511697113351 46.58900589558615 510.7112039562308
15.35116971133511 46.58900589558618 687.9226492798342
25.22045783676177 63.68311436335274 653.7024414168113
25.22045783676177 63.68311436335274 735.2681892068751
15.35116971133511 46.58900589558618 728.7055231748661
25.22045783676177 63.68311436335274 694.4853153118431
15.3511697113351 46.58900589558615 642.4464588036437
15.3511697113351 46.58900589558615 774.1817136510566
2 11 0 40
3214
3215
3216
3217
3218
3219
3220
3221
3222
3223
3224
3225
3226
3227
3228
3229
3230
3231
3232
3233
3234
3235
3236
3237
3238
3239
3240
3241
3242
3243
3244
3245
3246
3247
3248
3249
3250
3251
3252
3253
1.855029880524562 29.94259280928024 130.9523809523808
-1.855029880524558 29.94259280928024 85.47619047619041
1.81832255527627 29.94484434898558 85.4761904761904
1.855029880524562 29.94259280928024 176.4285714285712
-1.855029880524558 29.94259280928024 176.4285714285712
-1.818368473927574 29.94484156065993 130.9523809523808
-1.855029880524558 29.94259280928024 949.5238095238095
1.855029880524555 29.94259280928024 904.047619047619
1.818322555276263 29.94484434898558 949.5238095238094
-1.855029880524558 29.94259280928024 858.5714285714286
1.855029880524555 29.94259280928024 858.5714285714284
-1.818368473927574 29.94484156065993 904.047619047619
1.855029880524562 29.94259280928024 267.3809523809522
-1.855029880524558 29.94259280928024 221.9047619047617
1.818368473927578 29.94484156065993 221.9047619047617
1.855029880524562 29.94259280928024 403.8095238095237
-1.855029880524558 29.94259280928024 358.3333333333332
-1.855029880524558 29.94259280928024 312.8571428571427
1.855029880524555 29.94259280928024 312.8571428571427
1.818368473927571 29.94484156065993 358.3333333333333
-1.818368473927574 29.94484156065993 267.3809523809522
1.855029880524562 29.94259280928024 585.7142857142857
-1.855029880524558 29.94259280928024 585.7142857142857
-1.855029880524558 29.94259280928024 540.2380952380952
1.855029880524555 29.94259280928024 494.7619047619046
1.818368473927571 29.94484156065993 540.2380952380952
1.855029880524562 29.94259280928024 449.2857142857142
-1.855029880524558 29.94259280928024 449.2857142857141
-1.818368473927574 29.94484156065993 403.8095238095237
-1.818368473927574 29.94484156065993 494.7619047619047
1.855029880524562 29.94259280928024 676.6666666666666
-1.855029880524558 29.94259280928024 631.1904761904761
1.818368473927578 29.94484156065993 631.1904761904761
-1.855029880524558 29.94259280928024 813.0952380952381
1.855029880524555 29.94259280928024 767.6190476190476
1.818368473927571 29.94484156065993 813.0952380952381
1.855029880524562 29.94259280928024 722.1428571428571
-1.855029880524558 29.94259280928024 722.1428571428571
-1.818368473927574 29.94484156065993 676.6666666666665
-1.818368473927574 29.94484156065993 767.6190476190476
2 12 0 52
3254
3255
3256
3257
3258
3259
3260
3261
3262
3263
3264
3265
3266
3267
3268
3269
3270
3271
3272
3273
3274
3275
3276
3277
3278
3279
3280
3281
3282
3283
3284
3285
3286
3287
3288
3289
3290
3291
3292
3293
3294
3295
3296
3297
3298
3299
3300
3301
3302
3303
3304
3305
-13.06332639562248 42.62634503310241 882.4116883208086
-20.64477120537348 55.75779263836387 906.2519480701886
-25.22045783672382 63.68311436337233 862.3101274731295
-15.35116971129765 46.58900589560665 860.440778022279
-22.93388070157532 59.72264658987183 884.2815661895585
-25.2425686462711 63.72141140890466 59.35709033644761
-30.16615730421055 72.24931712002133 94.72241857492659
-30.16816110227856 72.25278780008324 53.94683129140009
-25.93072599746459 64.91333490477321 951.7281385463792
-23.6352359798047 60.93742956592111 973.3640692731896
-23.63746119521912 60.94128375207667 973.6967891900251
-15.35116971129749 46.58900589560638 70.02924893780127
-25.22045783672375 63.68311436337219 100.0584978756034
-20.30670922402294 55.17225211055762 64.72973732954127
-15.35116971129764 46.58900589560664 160.9816298901827
-25.22045783672382 63.68311436337232 145.5346883517941
-15.35116971129765 46.58900589560665 115.5054394139923
-20.64477120537348 55.75779263836387 951.7281385463792
-13.06332639562248 42.62634503310242 973.3640692731896
-18.34928118771359 51.78188729951177 973.3640692731896
-13.06332639562248 42.62634503310242 927.8878787969988
-25.22045783672382 63.68311436337233 780.7443796830656
-15.35116971129765 46.58900589560665 819.657904127247
-25.22045783672382 63.68311436337233 821.5272535780975
-15.35116971129764 46.58900589560664 292.7168847375955
-25.22045783672382 63.68311436337232 272.5766266180482
-25.22045783672382 63.68311436337233 227.1004361418577
-15.35116971129765 46.58900589560665 201.7645037852145
-15.35116971129765 46.58900589560665 247.240694261405
-25.22045783672382 63.68311436337233 186.3175622468259
-25.22045783672382 63.68311436337233 354.142374408112
-15.35116971129765 46.58900589560665 333.4997586326274
-15.35116971129764 46.58900589560664 424.4521395850083
-25.22045783672382 63.68311436337232 399.6185648843025
-15.35116971129765 46.58900589560665 378.9759491088178
-25.22045783672382 63.68311436337233 313.3595005130801
-25.22045783672382 63.68311436337233 481.1843126743664
-15.35116971129765 46.58900589560665 465.2350134800403
-15.35116971129764 46.58900589560664 556.1873944324213
-25.22045783672382 63.68311436337232 526.6605031505569
-15.35116971129765 46.58900589560665 510.7112039562307
-25.22045783672382 63.68311436337233 440.4014387793344
-25.22045783672382 63.68311436337233 608.2262509406208
-15.35116971129765 46.58900589560665 596.9702683274533
-15.35116971129764 46.58900589560664 687.9226492798342
-25.22045783672382 63.68311436337232 653.7024414168113
-15.35116971129765 46.58900589560665 642.4464588036437
-25.22045783672382 63.68311436337233 567.4433770455889
-25.22045783672382 63.68311436337233 735.2681892068751
-15.35116971129765 46.58900589560665 728.7055231748661
-15.35116971129765 46.58900589560665 774.1817136510566
-25.22045783672382 63.68311436337233 694.4853153118431
2 13 0 46
3306
3307
3308
3309
3310
3311
3312
3313
3314
3315
3316
3317
3318
3319
3320
3321
3322
3323
3324
3325
3326
3327
3328
3329
3330
3331
3332
3333
3334
3335
3336
3337
3338
3339
3340
3341
3342
3343
3344
3345
3346
3347
3348
3349
3350
3351
-40.86324865404833 77.44388949780756 48.73295264150585
-37.97649730810041 79.11055616447494 89.41034972745571
-40.86324865404833 77.44388949780756 130.0877468134056
-46.63675134594416 74.11055616447278 130.0877468134056
-49.52350269189208 72.44388949780539 89.41034972745572
-46.63675134594416 74.11055616447278 48.73295264150586
-43.74999999999625 75.77722283114016 89.41034972745571
-46.63675134594416 74.11055616447278 864.17947692398
-40.86324865404833 77.44388949780756 864.17947692398
-43.74999999999631 75.77722283114014 865.854219447716
-49.52478097403801 72.44315148126434 48.67418754590815
-37.97521902595449 79.11129418101599 48.67418754590813
-46.63675134594416 74.11055616447278 823.3966030289481
-40.86324865404833 77.44388949780756 782.6137291339161
-40.86324865404833 77.44388949780756 823.396603028948
-46.63675134594416 74.11055616447278 741.8308552388842
-40.86324865404833 77.44388949780756 741.8308552388842
-46.63675134594416 74.11055616447278 782.613729133916
-40.86324865404833 77.44388949780756 211.6534946034692
-46.63675134594416 74.11055616447278 170.8706207084374
-40.86324865404833 77.44388949780756 170.8706207084373
-46.63675134594416 74.11055616447278 252.436368498501
-40.86324865404833 77.44388949780756 252.436368498501
-40.86324865404833 77.44388949780756 334.0021162885648
-46.63675134594416 74.11055616447278 293.2192423935329
-40.86324865404833 77.44388949780756 293.2192423935329
-46.63675134594416 74.11055616447278 211.6534946034691
-40.86324865404833 77.44388949780756 456.3507379736606
-46.63675134594416 74.11055616447278 415.5678640786286
-46.63675134594416 74.11055616447278 374.7849901835967
-40.86324865404833 77.44388949780756 374.7849901835967
-40.86324865404833 77.44388949780756 415.5678640786286
-46.63675134594416 74.11055616447278 334.0021162885648
-46.63675134594416 74.11055616447278 578.6993596587565
-40.86324865404833 77.44388949780756 537.9164857637245
-40.86324865404833 77.44388949780756 619.4822335537884
-46.63675134594416 74.11055616447278 619.4822335537884
-40.86324865404833 77.44388949780756 578.6993596587564
-40.86324865404833 77.44388949780756 497.1336118686926
-46.63675134594416 74.11055616447278 497.1336118686926
-46.63675134594416 74.11055616447278 456.3507379736606
-46.63675134594416 74.11055616447278 537.9164857637245
-46.63675134594416 74.11055616447278 701.0479813438523
-40.86324865404833 77.44388949780756 660.2651074488203
-40.86324865404833 77.44388949780756 701.0479813438521
-46.63675134594416 74.11055616447278 660.2651074488203
2 14 0 52
3352
3353
3354
3355
3356
3357
3358
3359
3360
3361
3362
3363
3364
3365
3366
3367
3368
3369
3370
3371
3372
3373
3374
3375
3376
3377
3378
3379
3380
3381
3382
3383
3384
3385
3386
3387
3388
3389
3390
3391
3392
3393
3394
3395
3396
3397
3398
3399
3400
3401
3402
3403
-37.96527928106258 45.7577926383623 906.2519480701886
-30.38383447131115 32.62634503310012 882.4116883208085
-32.67167778698648 36.58900589560462 860.440778022279
-42.54096591241323 53.68311436337131 862.3101274731295
-40.25438877726441 49.72264658987026 884.2815661895584
-40.95574405549453 50.93742956592082 973.3640692731896
-43.25123407315427 54.91333490477265 951.7281385463791
-40.95796927090895 50.94128375207637 973.6967891900251
-42.56307672196058 53.72141140890378 59.35709033644781
-47.48666537990029 62.24931712002089 94.72241857492668
-42.54096591241326 53.68311436337135 100.0584978756038
-32.67167778698651 36.58900589560468 70.02924893780197
-37.62721729971219 45.17225211055632 64.72973732954171
-42.54096591241324 53.68311436337132 145.5346883517941
-32.67167778698648 36.58900589560463 160.9816298901827
-32.67167778698648 36.58900589560463 115.5054394139922
-47.48866917796831 62.25278780008281 53.94683129140017
-32.67167778698648 36.58900589560462 819.657904127247
-42.54096591241323 53.68311436337131 780.7443796830656
-42.54096591241323 53.68311436337131 821.5272535780974
-30.38383447131115 32.62634503310012 973.3640692731896
-37.96527928106258 45.7577926383623 951.7281385463791
-35.66978926340283 41.78188729951046 973.3640692731896
-30.38383447131115 32.62634503310012 927.887878796999
-42.54096591241324 53.68311436337132 227.1004361418577
-32.67167778698648 36.58900589560463 201.7645037852145
-42.54096591241324 53.68311436337132 186.3175622468259
-32.67167778698648 36.58900589560462 292.7168847375955
-42.54096591241323 53.68311436337131 272.5766266180482
-42.54096591241324 53.68311436337132 354.142374408112
-32.67167778698648 36.58900589560463 333.4997586326274
-42.54096591241324 53.68311436337132 313.3595005130801
-32.67167778698648 36.58900589560463 247.240694261405
-42.54096591241324 53.68311436337132 481.1843126743664
-32.67167778698648 36.58900589560463 465.2350134800403
-32.67167778698648 36.58900589560462 424.4521395850083
-42.54096591241323 53.68311436337131 399.6185648843025
-42.54096591241324 53.68311436337132 440.4014387793345
-32.67167778698648 36.58900589560463 378.9759491088178
-42.54096591241324 53.68311436337132 608.2262509406208
-32.67167778698648 36.58900589560463 596.9702683274533
-32.67167778698648 36.58900589560462 556.1873944324213
-42.54096591241323 53.68311436337131 526.6605031505569
-42.54096591241324 53.68311436337132 567.4433770455887
-32.67167778698648 36.58900589560463 510.7112039562307
-42.54096591241324 53.68311436337132 735.2681892068751
-32.67167778698648 36.58900589560463 728.7055231748661
-32.67167778698648 36.58900589560462 687.9226492798342
-42.54096591241323 53.68311436337131 653.7024414168113
-42.54096591241324 53.68311436337132 694.4853153118431
-32.67167778698648 36.58900589560463 642.4464588036437
-32.67167778698648 36.58900589560463 774.1817136510567
2 15 0 40
3404
3405
3406
3407
3408
3409
3410
3411
3412
3413
3414
3415
3416
3417
3418
3419
3420
3421
3422
3423
3424
3425
3426
3427
3428
3429
3430
3431
3432
3433
3434
3435
3436
3437
3438
3439
3440
3441
3442
3443
-25.00353108774638 16.57779940595555 130.9523809523808
-26.85856096827153 13.36479340332805 85.47619047619041
-25.02383464095305 16.54713569963812 85.4761904761904
-25.00353108774638 16.57779940595555 176.4285714285712
-26.85856096827153 13.36479340332805 176.4285714285712
-26.8421777407945 13.39766748846963 130.9523809523808
-26.85856096827153 13.36479340332805 949.5238095238095
-25.00353108774637 16.57779940595556 904.047619047619
-25.02383464095304 16.54713569963813 949.5238095238094
-26.85856096827153 13.36479340332805 858.5714285714286
-25.00353108774637 16.57779940595556 858.5714285714284
-26.8421777407945 13.39766748846964 904.047619047619
-25.00353108774638 16.57779940595555 267.3809523809522
-26.85856096827153 13.36479340332805 221.9047619047617
-25.02380926686661 16.54717407219373 221.9047619047617
-25.00353108774638 16.57779940595555 403.8095238095237
-26.85856096827153 13.36479340332805 358.3333333333332
-26.85856096827153 13.36479340332805 312.8571428571427
-25.00353108774637 16.57779940595556 312.8571428571427
-25.02380926686661 16.54717407219373 358.3333333333332
-26.8421777407945 13.39766748846963 267.3809523809522
-25.00353108774638 16.57779940595555 585.7142857142857
-26.85856096827153 13.36479340332805 585.7142857142857
-26.85856096827153 13.36479340332805 540.2380952380952
-25.00353108774637 16.57779940595556 494.7619047619046
-25.02380926686661 16.54717407219373 540.2380952380952
-25.00353108774638 16.57779940595555 449.2857142857142
-26.85856096827153 13.36479340332805 449.2857142857141
-26.8421777407945 13.39766748846963 403.8095238095237
-26.8421777407945 13.39766748846963 494.7619047619047
-25.00353108774638 16.57779940595555 676.6666666666666
-26.85856096827153 13.36479340332805 631.1904761904761
-25.02380926686661 16.54717407219373 631.1904761904761
-26.85856096827153 13.36479340332805 813.0952380952381
-25.00353108774637 16.57779940595556 767.6190476190476
-25.02380926686661 16.54717407219373 813.0952380952381
-25.00353108774638 16.57779940595555 722.1428571428571
-26.85856096827153 13.36479340332805 722.1428571428571
-26.8421777407945 13.39766748846963 676.6666666666665
-26.8421777407945 13.39766748846963 767.6190476190476
2 16 0 52
3444
3445
3446
3447
3448
3449
3450
3451
3452
3453
3454
3455
3456
3457
3458
3459
3460
3461
3462
3463
3464
3465
3466
3467
3468
3469
3470
3471
3472
3473
3474
3475
3476
3477
3478
3479
3480
3481
3482
3483
3484
3485
3486
3487
3488
3489
3490
3491
3492
3493
3494
3495
-43.44716086695799 10 882.4116883208036
-58.61005048645598 10 906.2519480701789
-67.76142374915334 10 862.3101274731295
-48.02284749830667 10 860.440778022279
-63.18826947885694 10 884.2815661895532
-69.18196007063598 10 951.7281385463693
-64.59098003531798 10 973.3640692731847
-64.59543046614684 10 973.6967891900102
-67.80564536824775 10 59.35709033644745
-77.65282268412388 10 94.72241857492651
-77.6568302802599 10 53.94683129140002
-48.02284749830666 10 70.02924893780185
-67.76142374915332 10 100.0584978756037
-57.93392652375449 10 64.72973732954149
-48.02284749830666 10 160.9816298901827
-67.76142374915332 10 145.5346883517941
-48.02284749830667 10 115.5054394139922
-58.61005048645598 10 951.7281385463693
-43.44716086695799 10 973.3640692731847
-54.01907045113799 10 973.3640692731848
-43.44716086695799 10 927.8878787969941
-67.76142374915334 10 780.7443796830656
-48.02284749830667 10 819.657904127247
-67.76142374915334 10 821.5272535780975
-48.02284749830666 10 292.7168847375955
-67.76142374915332 10 272.5766266180482
-67.76142374915334 10 227.1004361418577
-48.02284749830667 10 201.7645037852145
-48.02284749830666 10 247.240694261405
-67.76142374915332 10 186.3175622468259
-67.76142374915334 10 354.142374408112
-48.02284749830667 10 333.4997586326274
-48.02284749830666 10 424.4521395850083
-67.76142374915332 10 399.6185648843025
-48.02284749830667 10 378.9759491088178
-67.76142374915332 10 313.3595005130801
-67.76142374915334 10 481.1843126743664
-48.02284749830667 10 465.2350134800403
-48.02284749830666 10 556.1873944324213
-67.76142374915332 10 526.6605031505569
-48.02284749830667 10 510.7112039562307
-67.76142374915332 10 440.4014387793344
-67.76142374915334 10 608.2262509406208
-48.02284749830667 10 596.9702683274533
-48.02284749830666 10 687.9226492798342
-67.76142374915332 10 653.7024414168113
-48.02284749830667 10 642.4464588036437
-67.76142374915332 10 567.4433770455889
-67.76142374915334 10 735.2681892068751
-48.02284749830667 10 728.7055231748661
-48.02284749830667 10 774.1817136510566
-67.76142374915332 10 694.4853153118431
2 17 0 46
3496
3497
3498
3499
3500
3501
3502
3503
3504
3505
3506
3507
3508
3509
3510
3511
3512
3513
3514
3515
3516
3517
3518
3519
3520
3521
3522
3523
3524
3525
3526
3527
3528
3529
3530
3531
3532
3533
3534
3535
3536
3537
3538
3539
3540
3541
-87.5 3.333333333333332 48.73295264150585
-87.5 6.666666666666664 89.41034972745571
-87.5 3.333333333333334 130.0877468134056
-87.5 -3.333333333333332 130.0877468134056
-87.5 -6.666666666666667 89.41034972745572
-87.5 -3.333333333333334 48.73295264150586
-87.5 -1.77635683940025e-15 89.41034972745571
-87.5 -3.333333333333334 864.17947692398
-87.5 3.333333333333332 864.17947692398
-87.5 6.483702463810914e-13 865.8542194477163
-87.5 -6.668142699748769 48.67418754590814
-87.5 6.668142699748763 48.67418754590812
-87.5 -3.333333333333334 823.3966030289481
-87.5 3.333333333333332 782.6137291339161
-87.5 3.333333333333332 823.396603028948
-87.5 -3.333333333333334 741.8308552388842
-87.5 3.333333333333332 741.8308552388842
-87.5 -3.333333333333336 782.613729133916
-87.5 3.333333333333334 211.6534946034692
-87.5 -3.333333333333332 170.8706207084374
-87.5 3.333333333333332 170.8706207084373
-87.5 3.333333333333334 334.0021162885648
-87.5 -3.333333333333332 293.2192423935329
-87.5 -3.333333333333334 252.436368498501
-87.5 3.333333333333332 252.436368498501
-87.5 3.333333333333332 293.2192423935329
-87.5 -3.333333333333334 211.6534946034691
-87.5 3.333333333333334 456.3507379736606
-87.5 -3.333333333333332 415.5678640786286
-87.5 -3.333333333333334 374.7849901835967
-87.5 3.333333333333332 374.7849901835967
-87.5 3.333333333333332 415.5678640786286
-87.5 -3.333333333333334 334.0021162885648
-87.5 3.333333333333334 619.4822335537884
-87.5 -3.333333333333332 619.4822335537884
-87.5 -3.333333333333334 578.6993596587565
-87.5 3.333333333333332 537.9164857637245
-87.5 3.333333333333332 578.6993596587563
-87.5 3.333333333333334 497.1336118686926
-87.5 -3.333333333333332 497.1336118686926
-87.5 -3.333333333333332 456.3507379736606
-87.5 -3.333333333333334 537.9164857637245
-87.5 3.333333333333334 701.0479813438523
-87.5 -3.333333333333332 660.2651074488203
-87.5 3.333333333333334 660.2651074488203
-87.5 -3.333333333333334 701.0479813438521
2 18 0 52
3542
3543
3544
3545
3546
3547
3548
3549
3550
3551
3552
3553
3554
3555
3556
3557
3558
3559
3560
3561
3562
3563
3564
3565
3566
3567
3568
3569
3570
3571
3572
3573
3574
3575
3576
3577
3578
3579
3580
3581
3582
3583
3584
3585
3586
3587
3588
3589
3590
3591
3592
3593
-48.02284749830666 -10 860.440778022279
-67.76142374915332 -10 862.3101274731295
-58.61005048645598 -10 906.2519480701789
-43.44716086695799 -10 882.4116883208036
-63.18826947885693 -10 884.2815661895534
-64.59098003531798 -10 973.3640692731847
-69.18196007063597 -10 951.7281385463693
-64.59543046614682 -10 973.6967891900102
-67.80564536824775 -10 59.35709033644745
-77.65282268412388 -10 94.72241857492651
-67.76142374915332 -10 100.0584978756037
-48.02284749830666 -10 70.02924893780187
-57.93392652375449 -10 64.72973732954151
-67.76142374915334 -10 145.5346883517941
-48.02284749830667 -10 160.9816298901827
-48.02284749830667 -10 115.5054394139922
-77.6568302802599 -10 53.94683129140002
-48.02284749830666 -10 819.657904127247
-67.76142374915332 -10 780.7443796830656
-67.76142374915332 -10 821.5272535780974
-43.44716086695799 -10 973.3640692731847
-58.61005048645598 -10 951.7281385463693
-54.019070451138 -10 973.3640692731847
-43.44716086695799 -10 927.8878787969941
-67.76142374915334 -10 227.1004361418577
-48.02284749830667 -10 201.7645037852145
-67.76142374915334 -10 186.3175622468259
-48.02284749830666 -10 292.7168847375955
-67.76142374915332 -10 272.5766266180482
-67.76142374915334 -10 354.142374408112
-48.02284749830667 -10 333.4997586326274
-67.76142374915332 -10 313.3595005130801
-48.02284749830667 -10 247.240694261405
-67.76142374915334 -10 481.1843126743664
-48.02284749830667 -10 465.2350134800403
-48.02284749830666 -10 424.4521395850083
-67.76142374915332 -10 399.6185648843025
-67.76142374915332 -10 440.4014387793345
-48.02284749830667 -10 378.9759491088178
-67.76142374915334 -10 608.2262509406208
-48.02284749830667 -10 596.9702683274533
-48.02284749830666 -10 556.1873944324213
-67.76142374915332 -10 526.6605031505569
-67.76142374915332 -10 567.4433770455887
-48.02284749830667 -10 510.7112039562307
-67.76142374915334 -10 735.2681892068751
-48.02284749830667 -10 728.7055231748661
-48.02284749830666 -10 687.9226492798342
-67.76142374915332 -10 653.7024414168113
-67.76142374915332 -10 694.4853153118431
-48.02284749830667 -10 642.4464588036437
-48.02284749830667 -10 774.1817136510565
2 19 0 40
3594
3595
3596
3597
3598
3599
3600
3601
3602
3603
3604
3605
3606
3607
3608
3609
3610
3611
3612
3613
3614
3615
3616
3617
3618
3619
3620
3621
3622
3623
3624
3625
3626
3627
3628
3629
3630
3631
3632
3633
-26.8585609682718 -13.36479340332751 85.47619047619041
-25.003531087747 -16.57779940595461 130.9523809523808
-25.02383464095364 -16.54713569963723 85.4761904761904
-26.8585609682718 -13.36479340332751 176.4285714285712
-25.003531087747 -16.57779940595461 176.4285714285712
-26.84217774079475 -13.39766748846913 130.9523809523808
-25.003531087747 -16.57779940595461 949.5238095238095
-26.8585609682718 -13.36479340332751 904.047619047619
-26.84215719622986 -13.39770864935066 949.5238095238094
-25.003531087747 -16.57779940595461 858.5714285714286
-26.8585609682718 -13.36479340332751 858.5714285714284
-25.02380926686725 -16.54717407219277 904.047619047619
-26.8585609682718 -13.36479340332751 267.3809523809522
-25.003531087747 -16.57779940595461 221.9047619047617
-26.84217774079476 -13.39766748846912 221.9047619047618
-26.8585609682718 -13.36479340332751 403.8095238095237
-25.003531087747 -16.57779940595461 358.3333333333332
-25.003531087747 -16.57779940595461 312.8571428571427
-26.8585609682718 -13.36479340332751 312.8571428571427
-26.84217774079475 -13.39766748846913 358.3333333333333
-25.02380926686725 -16.54717407219277 267.3809523809522
-26.8585609682718 -13.36479340332751 585.7142857142857
-25.003531087747 -16.57779940595461 585.7142857142857
-25.003531087747 -16.57779940595461 540.2380952380952
-26.8585609682718 -13.36479340332751 494.7619047619046
-26.84217774079475 -13.39766748846913 540.2380952380951
-26.8585609682718 -13.36479340332751 449.2857142857142
-25.003531087747 -16.57779940595461 449.2857142857141
-25.02380926686725 -16.54717407219277 403.8095238095237
-25.02380926686725 -16.54717407219277 494.7619047619047
-26.8585609682718 -13.36479340332751 676.6666666666666
-25.003531087747 -16.57779940595461 631.1904761904761
-26.84217774079476 -13.39766748846912 631.190476190476
-26.8585609682718 -13.36479340332751 813.0952380952381
-25.003531087747 -16.57779940595461 767.6190476190476
-25.003531087747 -16.57779940595461 722.1428571428571
-26.8585609682718 -13.36479340332751 722.1428571428571
-26.84217774079475 -13.39766748846913 767.6190476190477
-25.02380926686725 -16.54717407219277 676.6666666666665
-25.02380926686725 -16.54717407219277 813.0952380952381
2 20 0 52
3634
3635
3636
3637
3638
3639
3640
3641
3642
3643
3644
3645
3646
3647
3648
3649
3650
3651
3652
3653
3654
3655
3656
3657
3658
3659
3660
3661
3662
3663
3664
3665
3666
3667
3668
3669
3670
3671
3672
3673
3674
3675
3676
3677
3678
3679
3680
3681
3682
3683
3684
3685
-30.383834471314 -32.62634503309705 882.4116883208089
-37.96527928106568 -45.75779263835966 906.2519480701893
-42.54096591241411 -53.68311436336482 862.3101274731295
-32.67167778698821 -36.58900589559963 860.440778022279
-40.2543887772675 -49.72264658986762 884.2815661895592
-43.25123407315679 -54.91333490476902 951.7281385463799
-40.95574405549623 -50.93742956591576 973.3640692731899
-40.95796927091065 -50.94128375207131 973.6967891900256
-42.56307672196177 -53.72141140889783 59.35709033644903
-47.48666537990088 -62.24931712001391 94.7224185749273
-47.48866917796889 -62.25278780007582 53.94683129140081
-32.67167778698835 -36.58900589559988 70.02924893780244
-42.54096591241418 -53.68311436336494 100.058497875604
-37.62721729971371 -45.17225211055096 64.72973732954259
-32.67167778698821 -36.58900589559962 160.9816298901827
-42.5409659124141 -53.68311436336481 145.5346883517941
-32.67167778698821 -36.58900589559962 115.5054394139922
-37.96527928106568 -45.75779263835966 951.7281385463799
-30.383834471314 -32.62634503309705 973.3640692731899
-35.66978926340512 -41.78188729950641 973.36406927319
-30.383834471314 -32.62634503309705 927.8878787969993
-42.54096591241411 -53.68311436336482 780.7443796830656
-32.67167778698821 -36.58900589559963 819.657904127247
-42.54096591241411 -53.68311436336482 821.5272535780975
-42.54096591241411 -53.68311436336482 227.1004361418577
-32.67167778698821 -36.58900589559963 201.7645037852145
-32.67167778698821 -36.58900589559962 292.7168847375955
-42.5409659124141 -53.68311436336481 272.5766266180482
-32.67167778698821 -36.58900589559963 247.240694261405
-42.54096591241411 -53.68311436336482 186.3175622468259
-42.54096591241411 -53.68311436336482 354.142374408112
-32.67167778698821 -36.58900589559963 333.4997586326274
-32.67167778698821 -36.58900589559962 424.4521395850083
-42.5409659124141 -53.68311436336481 399.6185648843025
-32.67167778698821 -36.58900589559963 378.9759491088178
-42.54096591241411 -53.68311436336482 313.3595005130801
-42.54096591241411 -53.68311436336482 481.1843126743664
-32.67167778698821 -36.58900589559963 465.2350134800403
-32.67167778698821 -36.58900589559962 556.1873944324213
-42.5409659124141 -53.68311436336481 526.6605031505569
-32.67167778698821 -36.58900589559963 510.7112039562307
-42.54096591241411 -53.68311436336482 440.4014387793344
-32.67167778698821 -36.58900589559962 687.9226492798342
-42.5409659124141 -53.68311436336481 653.7024414168113
-42.54096591241411 -53.68311436336482 608.2262509406208
-32.67167778698821 -36.58900589559963 596.9702683274533
-32.67167778698821 -36.58900589559962 642.4464588036437
-42.54096591241411 -53.68311436336482 567.4433770455889
-42.54096591241411 -53.68311436336482 735.2681892068751
-32.67167778698821 -36.58900589559963 728.7055231748661
-32.67167778698821 -36.58900589559963 774.1817136510566
-42.54096591241411 -53.68311436336482 694.4853153118431
2 21 0 46
3686
3687
3688
3689
3690
3691
3692
3693
3694
3695
3696
3697
3698
3699
3700
3701
3702
3703
3704
3705
3706
3707
3708
3709
3710
3711
3712
3713
3714
3715
3716
3717
3718
3719
3720
3721
3722
3723
3724
3725
3726
3727
3728
3729
3730
3731
-46.63675134594167 -74.11055616446045 48.73295264150585
-49.52350269188958 -72.44388949779307 89.41034972745571
-46.63675134594167 -74.11055616446045 130.0877468134056
-40.86324865404583 -77.44388949779523 130.0877468134056
-37.97649730809792 -79.11055616446261 89.41034972745572
-40.86324865404583 -77.44388949779523 48.73295264150586
-43.74999999999375 -75.77722283112783 89.41034972745571
-40.86324865404583 -77.44388949779523 864.17947692398
-46.63675134594166 -74.11055616446045 864.17947692398
-43.74999999999498 -75.77722283112712 865.8542194477161
-37.97521902595199 -79.11129418100367 48.67418754590815
-49.52478097403551 -72.44315148125202 48.67418754590813
-40.86324865404583 -77.44388949779523 823.3966030289481
-46.63675134594166 -74.11055616446045 782.6137291339161
-46.63675134594166 -74.11055616446045 823.396603028948
-40.86324865404583 -77.44388949779523 741.8308552388842
-46.63675134594166 -74.11055616446045 741.8308552388842
-40.86324865404583 -77.44388949779523 782.613729133916
-46.63675134594167 -74.11055616446045 252.436368498501
-40.86324865404583 -77.44388949779523 252.436368498501
-40.86324865404583 -77.44388949779523 211.6534946034692
-46.63675134594166 -74.11055616446045 170.8706207084374
-46.63675134594166 -74.11055616446045 211.6534946034691
-40.86324865404583 -77.44388949779523 170.8706207084373
-46.63675134594167 -74.11055616446045 334.0021162885648
-40.86324865404583 -77.44388949779523 293.2192423935329
-46.63675134594166 -74.11055616446045 293.2192423935329
-46.63675134594167 -74.11055616446045 456.3507379736606
-40.86324865404583 -77.44388949779523 415.5678640786286
-40.86324865404583 -77.44388949779523 374.7849901835967
-46.63675134594166 -74.11055616446045 374.7849901835967
-46.63675134594166 -74.11055616446045 415.5678640786286
-40.86324865404583 -77.44388949779523 334.0021162885648
-46.63675134594167 -74.11055616446045 578.6993596587565
-40.86324865404583 -77.44388949779523 537.9164857637245
-40.86324865404583 -77.44388949779523 497.1336118686926
-46.63675134594166 -74.11055616446045 497.1336118686926
-46.63675134594166 -74.11055616446045 537.9164857637245
-40.86324865404583 -77.44388949779523 456.3507379736606
-46.63675134594167 -74.11055616446045 701.0479813438523
-40.86324865404583 -77.44388949779523 660.2651074488203
-40.86324865404583 -77.44388949779523 619.4822335537884
-46.63675134594166 -74.11055616446045 619.4822335537884
-46.63675134594166 -74.11055616446045 660.2651074488203
-40.86324865404583 -77.44388949779523 578.6993596587563
-40.86324865404583 -77.44388949779523 701.0479813438521
2 22 0 52
3732
3733
3734
3735
3736
3737
3738
3739
3740
3741
3742
3743
3744
3745
3746
3747
3748
3749
3750
3751
3752
3753
3754
3755
3756
3757
3758
3759
3760
3761
3762
3763
3764
3765
3766
3767
3768
3769
3770
3771
3772
3773
3774
3775
3776
3777
3778
3779
3780
3781
3782
3783
-15.35116971129938 -46.58900589560164 860.440778022279
-25.22045783672468 -63.68311436336582 862.3101274731295
-20.64477120537657 -55.75779263836121 906.2519480701895
-13.06332639562532 -42.62634503309934 882.411688320809
-22.9338807015784 -59.72264658986916 884.2815661895595
-20.64477120537657 -55.75779263836121 951.7281385463801
-13.06332639562532 -42.62634503309934 973.36406927319
-13.06332639562532 -42.62634503309934 927.8878787969994
-23.63523597980638 -60.93742956591603 973.36406927319
-25.9307259974671 -64.91333490476956 951.7281385463801
-23.63746119522081 -60.9412837520716 973.6967891900254
-25.2425686462723 -63.72141140889875 59.35709033644883
-30.16615730421115 -72.24931712001438 94.72241857492719
-25.22045783672467 -63.6831143633658 100.0584978756037
-15.35116971129935 -46.58900589560159 70.02924893780175
-20.30670922402447 -55.17225211055228 64.7297373295421
-25.22045783672469 -63.68311436336583 145.5346883517941
-15.35116971129938 -46.58900589560165 160.9816298901827
-15.35116971129938 -46.58900589560165 115.5054394139922
-30.16816110227916 -72.25278780007628 53.9468312914007
-15.35116971129938 -46.58900589560164 819.657904127247
-25.22045783672468 -63.68311436336582 780.7443796830656
-25.22045783672468 -63.68311436336582 821.5272535780974
-18.34928118771585 -51.78188729950769 973.3640692731899
-25.22045783672469 -63.68311436336583 227.1004361418577
-15.35116971129938 -46.58900589560165 201.7645037852145
-25.22045783672469 -63.68311436336583 186.3175622468259
-25.22045783672469 -63.68311436336583 354.142374408112
-15.35116971129938 -46.58900589560165 333.4997586326274
-15.35116971129938 -46.58900589560164 292.7168847375955
-25.22045783672468 -63.68311436336582 272.5766266180482
-25.22045783672469 -63.68311436336582 313.3595005130802
-15.35116971129938 -46.58900589560165 247.2406942614049
-25.22045783672469 -63.68311436336583 481.1843126743664
-15.35116971129938 -46.58900589560165 465.2350134800403
-15.35116971129938 -46.58900589560164 424.4521395850083
-25.22045783672468 -63.68311436336582 399.6185648843025
-25.22045783672469 -63.68311436336582 440.4014387793344
-15.35116971129938 -46.58900589560165 378.9759491088178
-15.35116971129938 -46.58900589560164 556.1873944324213
-25.22045783672468 -63.68311436336582 526.6605031505569
-25.22045783672469 -63.68311436336583 608.2262509406208
-15.35116971129938 -46.58900589560165 596.9702683274533
-25.22045783672469 -63.68311436336582 567.4433770455888
-15.35116971129938 -46.58900589560165 510.7112039562308
-25.22045783672469 -63.68311436336583 735.2681892068751
-15.35116971129938 -46.58900589560165 728.7055231748661
-15.35116971129938 -46.58900589560164 687.9226492798342
-25.22045783672468 -63.68311436336582 653.7024414168113
-25.22045783672469 -63.68311436336582 694.4853153118431
-15.35116971129938 -46.58900589560165 642.4464588036437
-15.35116971129938 -46.58900589560165 774.1817136510566
2 23 0 40
3784
3785
3786
3787
3788
3789
3790
3791
3792
3793
3794
3795
3796
3797
3798
3799
3800
3801
3802
3803
3804
3805
3806
3807
3808
3809
3810
3811
3812
3813
3814
3815
3816
3817
3818
3819
3820
3821
3822
3823
-1.855029880524692 -29.94259280928024 85.47619047619041
1.855029880524681 -29.94259280928024 130.9523809523808
1.818322555276216 -29.94484434898558 85.4761904761904
-1.855029880524692 -29.94259280928024 176.4285714285712
1.855029880524681 -29.94259280928024 176.4285714285712
-1.818368473927535 -29.94484156065993 130.9523809523808
1.855029880524681 -29.94259280928024 904.047619047619
-1.855029880524692 -29.94259280928024 949.5238095238094
1.818322555276216 -29.94484434898558 949.5238095238094
1.855029880524681 -29.94259280928024 858.5714285714286
-1.855029880524692 -29.94259280928024 858.5714285714284
-1.818368473927535 -29.94484156065993 904.0476190476188
-1.855029880524692 -29.94259280928024 267.3809523809522
1.855029880524681 -29.94259280928024 221.9047619047617
-1.818368473927535 -29.94484156065993 221.9047619047617
-1.855029880524692 -29.94259280928024 449.2857142857142
1.855029880524681 -29.94259280928024 449.2857142857141
1.855029880524681 -29.94259280928024 403.8095238095237
-1.855029880524692 -29.94259280928024 358.3333333333332
-1.818368473927535 -29.94484156065993 403.8095238095237
-1.855029880524692 -29.94259280928024 312.8571428571427
1.855029880524681 -29.94259280928024 312.8571428571427
1.818368473927524 -29.94484156065993 267.3809523809522
1.818368473927524 -29.94484156065993 358.3333333333332
-1.855029880524692 -29.94259280928024 540.2380952380952
1.855029880524681 -29.94259280928024 494.7619047619046
-1.818368473927535 -29.94484156065993 494.7619047619047
-1.855029880524692 -29.94259280928024 676.6666666666666
1.855029880524681 -29.94259280928024 631.1904761904761
1.855029880524681 -29.94259280928024 585.7142857142857
-1.855029880524692 -29.94259280928024 585.7142857142857
-1.818368473927535 -29.94484156065993 631.190476190476
1.818368473927524 -29.94484156065993 540.2380952380951
-1.855029880524692 -29.94259280928024 813.0952380952381
1.855029880524681 -29.94259280928024 767.6190476190476
1.855029880524681 -29.94259280928024 722.1428571428571
-1.855029880524692 -29.94259280928024 722.1428571428571
-1.818368473927535 -29.94484156065993 767.6190476190477
1.818368473927524 -29.94484156065993 676.6666666666665
1.818368473927524 -29.94484156065993 813.0952380952381
2 24 0 52
3824
3825
3826
3827
3828
3829
3830
3831
3832
3833
3834
3835
3836
3837
3838
3839
3840
3841
3842
3843
3844
3845
3846
3847
3848
3849
3850
3851
3852
3853
3854
3855
3856
3857
3858
3859
3860
3861
3862
3863
3864
3865
3866
3867
3868
3869
3870
3871
3872
3873
3874
3875
25.22045783676264 -63.68311436334622 862.3101274731295
15.35116971133684 -46.58900589558118 860.440778022279
13.06332639566229 -42.62634503307805 882.4116883208088
20.64477120541357 -55.75779263833996 906.2519480701891
22.93388070161479 -59.72264658984687 884.2815661895645
25.24256864631014 -63.72141140887896 59.35709033644841
30.1661573042493 -72.24931711999511 94.72241857492699
30.16816110264428 -72.25278780062334 53.94683129104057
25.9307259975046 -64.91333490474918 951.7281385463797
23.63523597984436 -60.93742956589648 973.3640692731898
23.63746119525201 -60.94128375204031 973.6967891900414
15.35116971133682 -46.58900589558114 70.02924893780175
25.22045783676263 -63.68311436334622 100.0584978756037
20.30670922389948 -55.17225211025045 64.72973732971806
15.35116971133684 -46.58900589558118 160.9816298901827
25.22045783676264 -63.68311436334622 145.5346883517941
15.35116971133684 -46.58900589558118 115.5054394139922
20.64477120541357 -55.75779263833996 951.7281385463797
13.06332639566229 -42.62634503307805 973.3640692731898
18.34928118775334 -51.78188729948728 973.3640692731897
13.06332639566229 -42.62634503307805 927.8878787969992
25.22045783676264 -63.68311436334622 780.7443796830656
15.35116971133684 -46.58900589558118 819.657904127247
25.22045783676266 -63.68311436334625 821.5272535780975
25.22045783676264 -63.68311436334622 227.1004361418577
15.35116971133684 -46.58900589558118 201.7645037852145
15.35116971133684 -46.58900589558118 292.7168847375955
25.22045783676264 -63.68311436334622 272.5766266180482
15.35116971133684 -46.58900589558118 247.240694261405
25.22045783676264 -63.68311436334622 186.3175622468259
25.22045783676264 -63.68311436334622 354.142374408112
15.35116971133684 -46.58900589558118 333.4997586326274
15.35116971133684 -46.58900589558118 424.4521395850083
25.22045783676264 -63.68311436334622 399.6185648843025
15.35116971133684 -46.58900589558118 378.9759491088178
25.22045783676264 -63.68311436334622 313.3595005130801
15.35116971133684 -46.58900589558118 556.1873944324213
25.22045783676264 -63.68311436334622 526.6605031505569
25.22045783676264 -63.68311436334622 481.1843126743664
15.35116971133684 -46.58900589558118 465.2350134800403
15.35116971133684 -46.58900589558118 510.7112039562307
25.22045783676266 -63.68311436334625 440.4014387793344
15.35116971133684 -46.58900589558118 687.9226492798342
25.22045783676264 -63.68311436334622 653.7024414168113
25.22045783676264 -63.68311436334622 608.2262509406208
15.35116971133684 -46.58900589558118 596.9702683274533
15.35116971133684 -46.58900589558118 642.4464588036437
25.22045783676266 -63.68311436334625 567.4433770455887
25.22045783676264 -63.68311436334622 735.2681892068751
15.35116971133684 -46.58900589558118 728.7055231748661
15.35116971133684 -46.58900589558118 774.1817136510566
25.22045783676264 -63.68311436334622 694.4853153118431
2 25 0 46
3876
3877
3878
3879
3880
3881
3882
3883
3884
3885
3886
3887
3888
3889
3890
3891
3892
3893
3894
3895
3896
3897
3898
3899
3900
3901
3902
3903
3904
3905
3906
3907
3908
3909
3910
3911
3912
3913
3914
3915
3916
3917
3918
3919
3920
3921
40.86324865405133 -77.44388949779551 48.73295264150585
37.97649730810367 -79.11055616446276 89.41034972745571
40.86324865405133 -77.44388949779551 130.0877468134056
46.63675134594667 -74.11055616446103 130.0877468134056
49.52350269189434 -72.44388949779378 89.41034972745572
46.63675134594667 -74.11055616446103 48.73295264150586
43.74999999999901 -75.77722283112827 89.41034972745571
46.63675134594667 -74.11055616446103 864.17947692398
40.86324865405133 -77.44388949779551 864.17947692398
43.74999999999957 -75.77722283112794 865.8542194477163
49.52478097404026 -72.44315148125273 48.67418754590813
37.97521902595774 -79.11129418100381 48.67418754590813
46.63675134594667 -74.11055616446103 782.6137291339161
40.86324865405133 -77.44388949779551 823.3966030289481
46.63675134594667 -74.11055616446103 823.396603028948
46.63675134594667 -74.11055616446103 741.8308552388842
40.86324865405133 -77.44388949779551 741.8308552388842
40.86324865405133 -77.44388949779551 782.613729133916
40.86324865405133 -77.44388949779551 252.436368498501
46.63675134594667 -74.11055616446103 252.436368498501
46.63675134594667 -74.11055616446103 211.6534946034692
40.86324865405133 -77.44388949779551 170.8706207084374
40.86324865405133 -77.44388949779551 211.6534946034691
46.63675134594666 -74.11055616446103 170.8706207084373
46.63675134594667 -74.11055616446103 334.0021162885648
40.86324865405133 -77.44388949779551 293.2192423935329
40.86324865405133 -77.44388949779551 374.7849901835967
46.63675134594667 -74.11055616446103 374.7849901835967
40.86324865405133 -77.44388949779551 334.0021162885648
46.63675134594666 -74.11055616446103 293.2192423935329
40.86324865405133 -77.44388949779551 456.3507379736606
46.63675134594667 -74.11055616446103 415.5678640786286
40.86324865405133 -77.44388949779551 415.5678640786286
46.63675134594667 -74.11055616446103 578.6993596587565
40.86324865405133 -77.44388949779551 537.9164857637245
40.86324865405133 -77.44388949779551 619.4822335537884
46.63675134594667 -74.11055616446103 619.4822335537884
40.86324865405133 -77.44388949779551 578.6993596587564
40.86324865405133 -77.44388949779551 497.1336118686926
46.63675134594667 -74.11055616446103 497.1336118686926
46.63675134594667 -74.11055616446103 456.3507379736606
46.63675134594666 -74.11055616446103 537.9164857637245
46.63675134594667 -74.11055616446103 701.0479813438523
40.86324865405133 -77.44388949779551 660.2651074488203
40.86324865405133 -77.44388949779551 701.0479813438521
46.63675134594667 -74.11055616446103 660.2651074488203
2 26 0 52
3922
3923
3924
3925
3926
3927
3928
3929
3930
3931
3932
3933
3934
3935
3936
3937
3938
3939
3940
3941
3942
3943
3944
3945
3946
3947
3948
3949
3950
3951
3952
3953
3954
3955
3956
3957
3958
3959
3960
3961
3962
3963
3964
3965
3966
3967
3968
3969
3970
3971
3972
3973
37.96527928110306 -45.75779263833908 906.2519480701891
30.38383447135178 -32.62634503307717 882.4116883208088
32.67167778702635 -36.58900589558033 860.440778022279
42.54096591245214 -53.68311436334537 862.3101274731295
40.25438877730431 -49.72264658984602 884.2815661895647
47.48666537993881 -62.24931711999426 94.72241857492699
42.56307672199964 -53.72141140887808 59.35709033644841
47.4886691783338 -62.25278780062251 53.94683129104057
40.95574405553386 -50.9374295658956 973.3640692731898
43.25123407319409 -54.9133349047483 951.7281385463797
40.95796927094153 -50.94128375203945 973.6967891900414
42.54096591245213 -53.68311436334534 100.0584978756037
32.67167778702632 -36.58900589558027 70.02924893780175
37.62721729958897 -45.17225211024956 64.72973732971806
42.54096591245214 -53.68311436334537 145.5346883517941
32.67167778702635 -36.58900589558033 160.9816298901827
32.67167778702635 -36.58900589558033 115.5054394139922
32.67167778702635 -36.58900589558033 819.657904127247
42.54096591245214 -53.68311436334537 780.7443796830656
42.54096591245214 -53.68311436334537 821.5272535780975
30.38383447135178 -32.62634503307717 973.3640692731898
37.96527928110306 -45.75779263833908 951.7281385463797
35.66978926344283 -41.78188729948639 973.3640692731897
30.38383447135178 -32.62634503307717 927.8878787969993
42.54096591245214 -53.68311436334537 227.1004361418577
32.67167778702635 -36.58900589558033 201.7645037852145
42.54096591245213 -53.68311436334534 186.3175622468259
42.54096591245214 -53.68311436334537 354.142374408112
32.67167778702635 -36.58900589558033 333.4997586326274
32.67167778702635 -36.58900589558033 292.7168847375955
42.54096591245214 -53.68311436334537 272.5766266180482
42.54096591245213 -53.68311436334534 313.3595005130801
32.67167778702635 -36.58900589558033 247.240694261405
32.67167778702635 -36.58900589558033 424.4521395850083
42.54096591245214 -53.68311436334537 399.6185648843025
42.54096591245214 -53.68311436334537 481.1843126743664
32.67167778702635 -36.58900589558033 465.2350134800403
42.54096591245214 -53.68311436334537 440.4014387793344
32.67167778702633 -36.5890058955803 378.9759491088178
32.67167778702635 -36.58900589558033 556.1873944324213
42.54096591245214 -53.68311436334537 526.6605031505569
42.54096591245214 -53.68311436334537 608.2262509406208
32.67167778702635 -36.58900589558033 596.9702683274533
42.54096591245214 -53.68311436334537 567.4433770455888
32.67167778702635 -36.58900589558033 510.7112039562308
42.54096591245214 -53.68311436334537 735.2681892068751
32.67167778702635 -36.58900589558033 728.7055231748661
32.67167778702635 -36.58900589558033 687.9226492798342
42.54096591245214 -53.68311436334537 653.7024414168113
42.54096591245214 -53.68311436334537 694.4853153118431
32.67167778702635 -36.58900589558033 642.4464588036437
32.67167778702635 -36.58900589558033 774.1817136510566
2 27 0 40
3974
3975
3976
3977
3978
3979
3980
3981
3982
3983
3984
3985
3986
3987
3988
3989
3990
3991
3992
3993
3994
3995
3996
3997
3998
3999
4000
4001
4002
4003
4004
4005
4006
4007
4008
4009
4010
4011
4012
4013
25.00353108774824 -16.57779940595274 85.47619047619041
26.8585609682724 -13.3647934033263 130.9523809523808
26.84215719623063 -13.39770864934913 85.4761904761904
25.00353108774824 -16.57779940595274 176.4285714285712
26.8585609682724 -13.3647934033263 176.4285714285712
25.02380926686836 -16.54717407219109 130.9523809523808
26.8585609682724 -13.3647934033263 904.047619047619
25.00353108774824 -16.57779940595274 949.5238095238094
26.84215719623063 -13.39770864934913 949.5238095238094
26.8585609682724 -13.3647934033263 858.5714285714286
25.00353108774824 -16.57779940595274 858.5714285714284
25.02380926686836 -16.54717407219109 904.0476190476188
25.00353108774824 -16.57779940595274 267.3809523809522
26.8585609682724 -13.3647934033263 221.9047619047617
25.02380926686836 -16.54717407219109 221.9047619047618
25.00353108774824 -16.57779940595274 403.8095238095237
26.8585609682724 -13.3647934033263 358.3333333333332
26.8585609682724 -13.3647934033263 312.8571428571427
25.00353108774824 -16.57779940595274 312.8571428571427
25.02380926686836 -16.54717407219109 358.3333333333333
26.84217774079547 -13.39766748846769 267.3809523809522
25.00353108774824 -16.57779940595274 585.7142857142857
26.8585609682724 -13.3647934033263 585.7142857142857
26.8585609682724 -13.3647934033263 540.2380952380952
25.00353108774824 -16.57779940595274 494.7619047619046
25.02380926686836 -16.54717407219109 540.2380952380951
25.00353108774824 -16.57779940595274 449.2857142857142
26.8585609682724 -13.3647934033263 449.2857142857141
26.84217774079547 -13.39766748846769 403.8095238095237
26.84217774079547 -13.39766748846769 494.7619047619047
25.00353108774824 -16.57779940595274 676.6666666666666
26.8585609682724 -13.3647934033263 631.1904761904761
25.02380926686836 -16.54717407219109 631.190476190476
25.00353108774824 -16.57779940595274 813.0952380952381
26.8585609682724 -13.3647934033263 767.6190476190476
26.8585609682724 -13.3647934033263 722.1428571428571
25.00353108774824 -16.57779940595274 722.1428571428571
25.02380926686836 -16.54717407219109 767.6190476190476
26.84217774079547 -13.39766748846769 676.6666666666665
26.84217774079547 -13.39766748846769 813.0952380952381
2 28 0 52
4014
4015
4016
4017
4018
4019
4020
4021
4022
4023
4024
4025
4026
4027
4028
4029
4030
4031
4032
4033
4034
4035
4036
4037
4038
4039
4040
4041
4042
4043
4044
4045
4046
4047
4048
4049
4050
4051
4052
4053
4054
4055
4056
4057
4058
4059
4060
4061
4062
4063
4064
4065
67.76142374915401 -10 862.3101274731295
48.02284749830801 -10 860.440778022279
43.44716086695934 -10 882.4116883208035
58.61005048645669 -10 906.2519480701786
63.1882694788564 -10 884.2815661895589
67.80564536824829 -10 59.35709033644716
77.65282268412415 -10 94.72241857492637
77.65683028091411 -10 53.94683129103995
69.18196007063602 -10 951.7281385463691
64.59098003531801 -10 973.3640692731846
64.59543046613356 -10 973.6967891900263
48.0228474983077 -10 70.0292489378013
67.76142374915383 -10 100.0584978756034
57.93392652342999 -10 64.72973732971721
48.02284749830801 -10 160.9816298901827
67.76142374915401 -10 145.5346883517941
48.02284749830801 -10 115.5054394139922
58.61005048645669 -10 951.7281385463691
43.44716086695934 -10 973.3640692731846
54.01907045113867 -10 973.3640692731844
43.44716086695934 -10 927.887878796994
67.76142374915401 -10 780.7443796830656
48.02284749830801 -10 819.657904127247
67.76142374915398 -10 821.5272535780975
48.02284749830801 -10 292.7168847375955
67.76142374915401 -10 272.5766266180482
67.76142374915401 -10 227.1004361418577
48.02284749830801 -10 201.7645037852145
48.02284749830801 -10 247.240694261405
67.76142374915401 -10 186.3175622468259
67.76142374915401 -10 354.142374408112
48.02284749830801 -10 333.4997586326274
48.02284749830801 -10 424.4521395850083
67.76142374915401 -10 399.6185648843025
48.02284749830798 -10 378.9759491088178
67.76142374915401 -10 313.3595005130801
48.02284749830801 -10 556.1873944324213
67.76142374915401 -10 526.6605031505569
67.76142374915401 -10 481.1843126743664
48.02284749830801 -10 465.2350134800403
48.02284749830801 -10 510.7112039562307
67.76142374915398 -10 440.4014387793344
48.02284749830801 -10 687.9226492798342
67.76142374915401 -10 653.7024414168113
67.76142374915401 -10 608.2262509406208
48.02284749830801 -10 596.9702683274533
48.02284749830801 -10 642.4464588036437
67.76142374915401 -10 567.4433770455887
67.76142374915401 -10 735.2681892068751
48.02284749830801 -10 728.7055231748661
48.02284749830801 -10 774.1817136510566
67.76142374915401 -10 694.4853153118431
2 29 0 58
4066
4067
4068
4069
4070
4071
4072
4073
4074
4075
4076
4077
4078
4079
4080
4081
4082
4083
4084
4085
4086
4087
4088
4089
4090
4091
4092
4093
4094
4095
4096
4097
4098
4099
4100
4101
4102
4103
4104
4105
4106
4107
4108
4109
4110
4111
4112
4113
4114
4115
4116
4117
4118
4119
4120
4121
4122
4123
87.5 -3.333333333333334 130.0877468134056
87.5 3.333333333333332 130.0877468134056
87.5 6.666666666666664 89.41034972745572
87.5 3.333333333333329 48.73295264150586
87.5 -3.333333333333339 48.73295264150585
87.5 -6.66666666666667 89.41034972745571
87.5 -3.552713678800501e-15 89.41034972745572
87.5 3.333333333333334 864.17947692398
87.5 -3.333333333333332 864.17947692398
87.5 -0.1152660011101858 865.5239938005667
87.5 4.942366999444907 864.8517353622733
87.5 -1.757692745316252 864.9320759254003
87.5 6.668327774016447 48.68003304934533
87.5 8.334163887008224 89.38388993137545
87.5 8.33471341253971 48.61260510695327
87.5 5.001016926302484 48.71824222371158
87.5 -6.668327774016461 48.68003304934533
87.5 -8.334163887008231 89.38388993137545
87.5 -5.001016926302496 48.71824222371157
87.5 -8.33471341253972 48.61260510695326
87.5 3.333333333333334 782.6137291339161
87.5 -3.333333333333332 823.3966030289481
87.5 3.333333333333334 823.396603028948
87.5 3.333333333333334 741.8308552388842
87.5 -3.333333333333332 741.8308552388842
87.5 -3.333333333333332 782.613729133916
87.5 -1.724299667221764 866.19625223886
87.5 1.724299667221747 866.19625223886
87.5 3.366726411465605 865.6043343636778
87.5 1.373123836856394e-12 866.6570295521374
87.5 3.333333333333334 211.6534946034692
87.5 -3.333333333333332 170.8706207084374
87.5 -3.333333333333334 252.436368498501
87.5 3.333333333333332 252.436368498501
87.5 -3.333333333333334 211.6534946034691
87.5 3.333333333333332 170.8706207084373
87.5 -3.333333333333334 334.0021162885648
87.5 3.333333333333332 293.2192423935329
87.5 -3.333333333333335 293.2192423935329
87.5 -3.333333333333334 497.1336118686926
87.5 3.333333333333332 497.1336118686926
87.5 3.333333333333334 456.3507379736606
87.5 -3.333333333333332 415.5678640786286
87.5 -3.333333333333334 456.3507379736606
87.5 -3.333333333333334 374.7849901835967
87.5 3.333333333333332 374.7849901835967
87.5 3.333333333333329 334.0021162885648
87.5 3.333333333333332 415.5678640786286
87.5 3.333333333333334 578.6993596587565
87.5 -3.333333333333332 537.9164857637245
87.5 -3.333333333333334 619.4822335537884
87.5 3.333333333333332 619.4822335537884
87.5 -3.333333333333334 578.6993596587564
87.5 3.333333333333334 537.9164857637245
87.5 3.333333333333334 701.0479813438523
87.5 -3.333333333333332 660.2651074488203
87.5 -3.333333333333332 701.0479813438521
87.5 3.333333333333332 660.2651074488203
2 30 0 52
4124
4125
4126
4127
4128
4129
4130
4131
4132
4133
4134
4135
4136
4137
4138
4139
4140
4141
4142
4143
4144
4145
4146
4147
4148
4149
4150
4151
4152
4153
4154
4155
4156
4157
4158
4159
4160
4161
4162
4163
4164
4165
4166
4167
4168
4169
4170
4171
4172
4173
4174
4175
58.61005048645669 10 906.2519480701786
43.44716086695934 10 882.4116883208035
48.02284749830801 10 860.440778022279
67.76142374915401 10 862.3101274731295
63.1882694788564 10 884.2815661895588
77.65282268412415 10 94.72241857492637
67.80564536824829 10 59.35709033644717
77.65683028091411 10 53.94683129103995
64.59098003531801 10 973.3640692731846
69.18196007063602 10 951.7281385463691
64.59543046613356 10 973.696789190026
67.76142374915386 10 100.0584978756035
48.02284749830773 10 70.02924893780131
57.93392652342999 10 64.72973732971722
67.76142374915401 10 145.5346883517941
48.02284749830801 10 160.9816298901827
48.02284749830801 10 115.5054394139922
43.44716086695934 10 973.3640692731846
58.61005048645669 10 951.7281385463691
54.01907045113867 10 973.3640692731844
43.44716086695934 10 927.8878787969938
48.02284749830801 10 819.657904127247
67.76142374915401 10 780.7443796830656
67.76142374915401 10 821.5272535780975
48.02284749830801 10 201.7645037852145
67.76142374915401 10 227.1004361418577
67.76142374915401 10 272.5766266180482
48.02284749830801 10 292.7168847375955
48.02284749830801 10 247.240694261405
67.76142374915401 10 186.3175622468259
67.76142374915401 10 399.6185648843025
48.02284749830801 10 424.4521395850083
48.02284749830801 10 333.4997586326274
67.76142374915401 10 354.142374408112
48.02284749830798 10 378.9759491088178
67.76142374915398 10 313.3595005130801
48.02284749830801 10 465.2350134800403
67.76142374915401 10 481.1843126743664
67.76142374915401 10 526.6605031505569
48.02284749830801 10 556.1873944324213
48.02284749830801 10 510.7112039562308
67.76142374915401 10 440.4014387793344
48.02284749830801 10 596.9702683274533
67.76142374915401 10 608.2262509406208
67.76142374915401 10 653.7024414168113
48.02284749830801 10 687.9226492798342
48.02284749830801 10 642.4464588036437
67.76142374915401 10 567.4433770455887
48.02284749830801 10 728.7055231748661
67.76142374915401 10 735.2681892068751
48.02284749830801 10 774.1817136510566
67.76142374915401 10 694.4853153118431
2 31 0 1
4176
59.84436600542688 -6.677081170767053 1145
2 32 0 19
4177
4178
4179
4180
4181
4182
4183
4184
4185
4186
4187
4188
4189
4190
4191
4192
4193
4194
4195
45.80174625561712 -26.25665020038569 1108.970246420305
44.95470600674922 -15.57188335876104 1082.876498602272
45.55961910713317 -21.02338040229636 1095.881516692913
50.95859396285171 -21.12960492945311 1120.827777025077
55.4101455881833 -15.61683848304606 1132.844136569917
50.19118214001654 -15.63854428587229 1107.855418052968
41.30285112048194 -40.10145915959318 1132.839040846063
43.90904544267689 -33.39336390618033 1120.822453067908
41.11079543184784 -28.76612162581201 1095.877821579997
36.03244344723706 -31.06441572282743 1082.872597464375
38.7121304441164 -35.5667426024712 1107.85082379894
49.89708158735122 -28.74855205062623 1132.932196703511
41.00207986622569 -18.3615465682304 1069.628412368784
36.40260571397641 -26.32806948802768 1069.628412368784
41.19903758260329 -23.72542027900588 1082.7107625428
30.46077372215153 -25.86793071448453 1044.812948479384
29.87233177979641 -18.16106897784776 1019.798500592837
27.81090369836031 -21.21940974071363 1019.907812451556
35.44038353637502 -18.41482720916398 1044.695183113429
2 33 0 1
4196
35.70470491857885 -48.48820064946485 1145
2 34 0 1
4197
24.1396610844531 -55.1652818200487 1145
2 35 0 19
4198
4199
4200
4201
4202
4203
4204
4205
4206
4207
4208
4209
4210
4211
4212
4213
4214
4215
4216
0.161947035979574 -52.79380089524611 1108.970246420305
8.991706429921283 -46.71785910088568 1082.876498602271
4.573028051748258 -49.9674777346688 1095.881516692912
7.18052234058259 -54.69623937769337 1120.827777025077
14.18049394097326 -55.79501294828431 1132.844136569916
11.5522144402377 -51.28611092216146 1107.855418052968
-14.077456800798 -55.82004789885868 1132.839040846062
-6.96497873924222 -54.72303076237238 1120.822453067908
-4.356794380396917 -49.98605402667014 1095.877821579997
-8.886351446087115 -46.7372192471439 1082.872597464375
-11.44563740158972 -51.30905970050146 1107.850823799205
0.05156439580990109 -57.58641625466404 1132.932196703511
4.599474152255154 -44.6896160562647 1069.628412368782
-4.599474152255127 -44.68961605626465 1069.628412368782
0.05270211421273335 -47.54212329750698 1082.710762542799
0.791781204805034 -34.9507326805045 1019.798500592836
7.171898281015746 -39.31376921955257 1044.812948479383
4.471096039598326 -34.69465397533807 1019.907812451555
-1.772483598753151 -39.89968606695351 1044.695183113464
2 36 0 1
4217
-24.13966125954567 -55.16528173564516 1145
2 37 0 1
4218
-35.70470507922622 -48.48820054002272 1145
2 38 0 19
4219
4220
4221
4222
4223
4224
4225
4226
4227
4228
4229
4230
4231
4232
4233
4234
4235
4236
4237
-45.63979921963316 -26.53715069484588 1108.970246420306
-35.96299957683746 -31.14597574211643 1082.876498602272
-40.98659105538749 -28.94409733236047 1095.881516692914
-43.77807162226912 -33.56663444822908 1120.827777025078
-41.22965164721361 -40.17817446523196 1132.844136569917
-38.63896769981839 -35.64756663632841 1107.855418053234
-55.38030792127532 -15.71858873925921 1132.839040846063
-50.87402418191412 -21.32966685618163 1120.822453067909
-45.46758981223621 -21.21993240084668 1095.877821579998
-44.91879489331167 -15.67280352430885 1082.872597464376
-50.15776784571985 -15.74231709797462 1107.850823799206
-49.84551719154098 -28.83786420403138 1132.932196703512
-36.40260571397633 -26.32806948802763 1069.628412368783
-41.00207986622555 -18.36154656823036 1069.628412368783
-41.14633546838904 -23.81670301849137 1082.710762542801
-29.87233177979601 -18.16106897784832 1019.798500592837
-30.46077372215123 -25.8679307144848 1044.812948479384
-27.81090369836425 -21.21940974072072 1019.907812451593
-35.44038353638317 -18.41482720916419 1044.695183113465
2 39 0 1
4238
-59.84436600542491 -6.677081170767048 1145
2 40 0 1
4239
-59.84436600542494 6.67708117076706 1145
2 41 0 19
4240
4241
4242
4243
4244
4245
4246
4247
4248
4249
4250
4251
4252
4253
4254
4255
4256
4257
4258
-45.80174625560732 26.25665020040369 1108.970246420307
-44.95470600674697 15.57188335876751 1082.876498602272
-45.55961910712756 21.02338040230893 1095.881516692914
-50.95859396284619 21.12960492946689 1120.827777025078
-55.41014558818099 15.61683848305423 1132.844136569917
-50.19118214006999 15.63854428587939 1107.855418053234
-41.30285112047385 40.10145915960199 1132.839040846064
-43.90904544266722 33.39336390619366 1120.82245306791
-41.11079543184027 28.76612162582346 1095.877821579999
-36.03244344723286 31.06441572283273 1082.872597464377
-38.71213044414012 35.56674260252434 1107.850823799207
-49.89708158734686 28.74855205063413 1132.932196703512
-41.00207986622557 18.36154656823043 1069.628412368783
-36.40260571397636 26.32806948802774 1069.628412368784
-41.19903758260005 23.72542027901178 1082.710762542801
-30.4607737221513 25.86793071448492 1044.812948479384
-29.87233177979602 18.16106897784837 1019.798500592837
-27.8109036983643 21.21940974072079 1019.907812451594
-35.44038353638317 18.41482720916427 1044.695183113466
2 42 0 1
4259
-35.70470491856533 48.48820064948057 1145
2 43 0 1
4260
-24.13966108443101 55.16528182006837 1145
2 44 0 19
4261
4262
4263
4264
4265
4266
4267
4268
4269
4270
4271
4272
4273
4274
4275
4276
4277
4278
4279
-0.1619470359772124 52.79380089524608 1108.970246420305
-8.991706429920589 46.7178591008859 1082.876498602272
-4.573028051746699 49.96747773466895 1095.881516692912
-7.180522340579021 54.69623937769389 1120.827777025077
-14.18049394096809 55.79501294828579 1132.844136569917
-11.55221444026435 51.28611092220997 1107.855418053234
14.0774568008007 55.82004789885823 1132.839040846063
6.964978739245115 54.7230307623721 1120.822453067908
4.35679438039851 49.98605402667 1095.877821579997
8.886351446087945 46.73721924714383 1082.872597464375
11.44563740156325 51.30905970045306 1107.85082379894
-0.05156439580621272 57.58641625466398 1132.932196703511
-4.599474152255144 44.68961605626483 1069.628412368783
4.599474152255159 44.68961605626484 1069.628412368783
-0.05270211421198972 47.54212329750703 1082.7107625428
-0.7917812048050406 34.9507326805046 1019.798500592837
-7.171898281015667 39.3137692195527 1044.812948479384
-4.471096039602438 34.69465397534509 1019.907812451593
1.772483598749277 39.89968606694636 1044.695183113428
2 45 0 1
4280
24.13966108444925 55.16528182006085 1145
2 46 0 1
4281
35.70470491859058 48.48820064946758 1145
2 47 0 19
4282
4283
4284
4285
4286
4287
4288
4289
4290
4291
4292
4293
4294
4295
4296
4297
4298
4299
4300
45.63979921963054 26.53715069485114 1108.970246420309
35.96299957683638 31.14597574211812 1082.876498602274
40.98659105538549 28.94409733236389 1095.881516692916
43.77807162226613 33.56663444823364 1120.82777702508
41.22965164721086 40.17817446523534 1132.844136569919
38.63896769978913 35.64756663628239 1107.85541805297
55.38030792127533 15.71858873926009 1132.839040846065
50.87402418191319 21.3296668561847 1120.822453067911
45.46758981223486 21.21993240085039 1095.87782158
44.91879489331127 15.67280352431075 1082.872597464377
50.157767845664 15.74231709797608 1107.850823798941
49.84551719153987 28.83786420403348 1132.932196703512
36.40260571397645 26.32806948802777 1069.628412368784
41.00207986622572 18.36154656823045 1069.628412368784
41.14633546838832 23.81670301849317 1082.710762542802
29.87233177979645 18.16106897784781 1019.798500592837
30.46077372215159 25.86793071448461 1044.812948479384
27.81090369836035 21.21940974071366 1019.907812451556
35.44038353637503 18.41482720916398 1044.695183113429
2 48 0 1
4301
59.84436600542688 6.677081170767039 1145
2 49 0 22
4302
4303
4304
4305
4306
4307
4308
4309
4310
4311
4312
4313
4314
4315
4316
4317
4318
4319
4320
4321
4322
4323
33.46870356252347 71.32993065765011 909.0729985607118
38.64580258331986 73.61532641094421 888.0190254562079
44.4298414881106 70.27590999225951 888.0190254562079
45.03918021846352 64.64971284568882 909.0729985607114
40.08282455488509 62.70692723181857 930.2110101627269
34.26437969860342 66.06620793585945 930.2110101627271
39.38997407811896 68.22543641210152 909.1292831154146
27.43133567044156 54.25734571960576 996.1410599927019
33.2725718998722 50.88490641014383 996.1410599927019
30.40060964610966 52.20983899945112 997.9882460984886
25.94287027586993 54.78036989765813 997.0344427371094
31.85384346219506 51.5381084873452 997.1573054431419
47.35519936641803 68.4795780622344 887.4591703748255
29.70993087694452 58.19405369278606 974.1645384397934
37.81265110734022 58.76718955706733 952.1878444568549
35.50249168641434 54.85241279880211 974.165048387888
35.62745455914624 75.25059468370198 887.4591703748263
32.02095809914591 62.11301641390891 952.1882109748178
31.64506134870498 51.24433750899544 998.8975755652959
28.55636848593176 53.0275951650457 998.8975757423191
27.21339139927132 53.92356945036531 998.058106763322
30.04355465747888 52.03696137069791 999.5785105899478
2 50 0 13
4324
4325
4326
4327
4328
4329
4330
4331
4332
4333
4334
4335
4336
28.08834445368521 28.65043969423149 995.33178714573
33.37429924577681 37.8059819606417 995.66357429146
33.3742992457768 37.80598196064168 995.33178714573
38.5203870097012 46.71926742796271 1095.33178714573
38.38051998153395 46.47701062887352 1120.165893572865
38.5203870097012 46.71926742796271 1120.165893572865
35.97169387689559 42.30480142904377 1070.321740004433
33.28313371592276 37.64807863103562 1070.145799290272
35.83782465657383 42.07293313787697 1095.153400854617
33.28313371592276 37.64807863103562 1045.311692863137
35.97169387689559 42.30480142904377 1020.653527150163
30.70358364939176 33.1801668551385 1020.314313059781
35.97169387689559 42.30480142904376 1045.487633577298
2 51 0 13
4337
4338
4339
4340
4341
4342
4343
4344
4345
4346
4347
4348
4349
16.05379117008732 47.80598196064256 995.66357429146
10.76783637799571 38.65043969423235 995.33178714573
16.05379117008732 47.80598196064256 995.33178714573
21.06001190584431 56.47701062887412 1120.165893572865
21.19987893401162 56.71926742796345 1095.33178714573
21.19987893401169 56.71926742796358 1120.165893572865
15.96262564023326 47.64807863103648 1070.145799290272
18.6511858012061 52.30480142904464 1070.321740004433
18.51731658088434 52.07293313787783 1095.153400854617
18.6511858012061 52.30480142904464 1020.653527150163
15.96262564023326 47.64807863103648 1045.311692863137
13.38307557370227 43.18016685513938 1020.314313059781
18.6511858012061 52.30480142904464 1045.487633577298
2 52 0 13
4350
4351
4352
4353
4354
4355
4356
4357
4358
4359
4360
4361
4362
-10.76783637796778 38.65043969424731 995.33178714573
-16.05379117005889 47.80598196065665 995.66357429146
-16.05379117005889 47.80598196065665 995.33178714573
-21.19987893398285 56.71926742797694 1095.33178714573
-21.0600119058157 56.4770106288879 1120.165893572865
-21.19987893398285 56.71926742797694 1120.165893572865
-18.65118580117766 52.30480142905871 1070.321740004433
-15.96262564020532 47.64807863105141 1070.145799290272
-18.51731658088349 52.07293313793969 1095.153400854883
-15.96262564020532 47.64807863105141 1045.311692863137
-18.65118580117766 52.30480142905871 1020.653527150163
-13.38307557367829 43.18016685516119 1020.314313059818
-18.65118580117766 52.30480142905871 1045.487633577298
2 53 0 22
4363
4364
4365
4366
4367
4368
4369
4370
4371
4372
4373
4374
4375
4376
4377
4378
4379
4380
4381
4382
4383
4384
-45.03918021846248 64.64971284568948 909.0729985607117
-44.42984148810851 70.27590999226084 888.0190254562079
-38.64580258331765 73.61532641094533 888.0190254562082
-33.46870356252234 71.32993065765061 909.072998560712
-34.2643796986034 66.06620793585935 930.2110101627276
-40.08282455488508 62.70692723181851 930.2110101627272
-39.38997407811795 68.22543641210208 909.1292831154146
-33.27257189986908 50.88490641014574 996.1410599927024
-27.43133567043779 54.25734571960757 996.1410599927024
-30.01474207796284 52.43261974379248 997.9882460984877
-34.46975682214251 49.85736965481865 997.0344427371092
-28.70638948193861 53.35529189010845 997.1573054431406
-35.62745455914618 75.2505946837035 887.4591703748197
-35.54256340868294 54.82658173050214 974.1645384397938
-31.98755351178386 62.13031122191866 952.1878444568554
-29.75233709944421 58.17226609747658 974.1650483878702
-47.35519936641776 68.4795780622359 887.4591703748201
-37.78097107057946 58.78747137431869 952.1882109747995
-28.55636740853932 53.02759578679456 998.8975755652953
-31.64506027155855 51.24433813117027 998.8975757423195
-33.09248530711262 50.52927300008207 998.0581067633227
-30.04355315397476 52.03696223874639 999.5785105899479
2 54 0 13
4385
4386
4387
4388
4389
4390
4391
4392
4393
4394
4395
4396
4397
-33.3742992457483 37.80598196065564 995.66357429146
-28.08834445365661 28.65043969424529 995.33178714573
-33.3742992457483 37.80598196065564 995.33178714573
-38.38051998150602 46.47701062888846 1120.165893572865
-38.52038700967301 46.71926742797723 1095.33178714573
-38.52038700967285 46.71926742797695 1120.165893572865
-33.28313371589497 37.64807863105081 1070.145799290271
-35.97169387686748 42.30480142905841 1070.321740004433
-35.83782465657315 42.07293313793911 1095.153400854883
-35.97169387686748 42.30480142905841 1020.653527150163
-33.28313371589497 37.64807863105082 1045.311692863137
-30.70358364936794 33.18016685516057 1020.314313059818
-35.97169387686748 42.30480142905841 1045.487633577298
2 55 0 13
4398
4399
4400
4401
4402
4403
4404
4405
4406
4407
4408
4409
4410
-38.85618083164 10 995.33178714572
-49.42809041581999 10 995.66357429144
-49.42809041581999 10 995.33178714572
-59.72026594366334 10 1095.33178714572
-59.44053188732666 10 1120.16589357286
-59.72026594366334 10 1120.16589357286
-54.62287967805622 10 1070.321740004423
-49.24575935611245 10 1070.145799290266
-54.35514123746683 10 1095.153400854878
-49.24575935611244 10 1045.311692863126
-54.62287967805622 10 1020.653527150143
-44.08665922306037 10 1020.314313059808
-54.62287967805622 10 1045.487633577283
2 56 0 22
4411
4412
4413
4414
4415
4416
4417
4418
4419
4420
4421
4422
4423
4424
4425
4426
4427
4428
4429
4430
4431
4432
-78.50788378097027 -6.680217811960024 909.072998560702
-83.07564407142191 -3.339416418684449 888.0190254562032
-83.07564407142192 3.339416418684392 888.0190254562032
-78.50788378097027 6.680217811960006 909.072998560702
-74.34720425346332 3.359280704039753 930.2110101627127
-74.34720425346332 -3.359280704039771 930.2110101627127
-78.77994815622122 -4.463276743531578e-14 909.129283115405
-60.41535172407752 -0.2227807443455254 997.9882460984766
-60.41262709801975 4.923000242838672 997.0344427370887
-60.20142875749293 1.783257033879456 998.8975757423158
-60.20142875724703 -1.783258277800709 998.8975755652922
-60.30587670638743 3.394296450289765 998.0581067633162
-60.70390757032022 -3.372439309462244 996.141059992673
-60.70390757032022 3.372439309462229 996.141059992673
-60.56023294413971 -1.81718340276904 997.1573054431271
-82.98265392554651 6.771016621466594 887.4591703748155
-69.80020461911046 -3.363121664850375 952.1878444568358
-65.25249428562533 3.367471962284595 974.1645384397693
-65.25482878584967 -3.319853298670022 974.1650483878459
-69.80192916970489 3.325545039592236 952.1882109747804
-82.98265392554669 -6.771016621465999 887.4591703748149
-60.08710781151364 -8.680139877263494e-07 999.5785105899463
2 57 0 13
4433
4434
4435
4436
4437
4438
4439
4440
4441
4442
4443
4444
4445
-49.42809041582 -10 995.66357429144
-38.85618083164 -10 995.33178714572
-49.42809041582 -10 995.33178714572
-59.4405318873306 -10 1120.165893572859
-59.7202659436653 -10 1095.33178714572
-59.72026594366334 -10 1120.16589357286
-49.24575935611244 -10 1070.145799290266
-54.62287967805622 -10 1070.321740004423
-54.35514123746683 -10 1095.153400854878
-54.62287967805622 -10 1020.653527150143
-49.24575935611245 -10 1045.311692863126
-44.08665922306037 -10 1020.314313059808
-54.62287967805622 -10 1045.487633577283
2 58 0 13
4446
4447
4448
4449
4450
4451
4452
4453
4454
4455
4456
4457
4458
-28.08834445365777 -28.65043969424129 995.33178714573
-33.37429924574888 -37.80598196065065 995.66357429146
-33.37429924574889 -37.80598196065065 995.33178714573
-38.52038700967255 -46.71926742797045 1095.33178714573
-38.38051998150512 -46.4770106288809 1120.165893572865
-38.52038700967255 -46.71926742797045 1120.165893572865
-35.97169387686832 -42.30480142905385 1070.321740004433
-33.28313371589664 -37.64807863104771 1070.145799290271
-35.8378246565748 -42.07293313793597 1095.153400854882
-33.28313371589664 -37.64807863104771 1045.311692863136
-35.97169387686832 -42.30480142905385 1020.653527150163
-30.70358364936962 -33.18016685515749 1020.314313059818
-35.97169387686832 -42.30480142905385 1045.487633577298
2 59 0 22
4459
4460
4461
4462
4463
4464
4465
4466
4467
4468
4469
4470
4471
4472
4473
4474
4475
4476
4477
4478
4479
4480
-33.4687035625232 -71.32993065764987 909.0729985607135
-38.64580258331969 -73.61532641094394 888.0190254562094
-44.42984148811074 -70.27590999225909 888.0190254562093
-45.03918021846362 -64.6497128456884 909.0729985607128
-40.08282455488495 -62.70692723181829 930.2110101627285
-34.26437969860326 -66.06620793585913 930.2110101627288
-39.38997407811893 -68.22543641210116 909.1292831154161
-27.43133567044012 -54.25734571960612 996.1410599927035
-33.27257189987174 -50.88490641014376 996.1410599927034
-30.40060964610832 -52.20983899945136 997.988246098491
-25.94287027586807 -54.78036989765859 997.0344427371112
-31.85384346219475 -51.53810848734479 997.1573054431444
-47.35519936641928 -68.47957806223435 887.4591703748222
-29.70993087694339 -58.19405369278631 974.1645384397949
-37.81265110733982 -58.76718955706725 952.1878444568563
-35.50249168641549 -54.85241279880546 974.1650483878714
-35.62745455914774 -75.25059468370254 887.4591703748206
-32.02095809914771 -62.11301641391189 952.188210974801
-31.64506134870378 -51.24433750899583 998.8975755652975
-28.55636848593031 -53.02759516504639 998.8975757423195
-27.21339139927121 -53.92356945036538 998.058106763322
-30.04355465753463 -52.03696137066553 999.5785105899486
2 60 0 13
4481
4482
4483
4484
4485
4486
4487
4488
4489
4490
4491
4492
4493
-16.05379117005947 -47.80598196065166 995.66357429146
-10.76783637796894 -38.65043969424331 995.33178714573
-16.05379117005947 -47.80598196065166 995.33178714573
-21.06001190581798 -56.47701062888586 1120.165893572864
-21.19987893398399 -56.71926742797293 1095.331787145729
-21.19987893398256 -56.71926742797045 1120.165893572865
-15.96262564020699 -47.64807863104831 1070.145799290271
-18.6511858011785 -52.30480142905415 1070.321740004433
-18.51731658088514 -52.07293313793656 1095.153400854882
-18.6511858011785 -52.30480142905415 1020.653527150163
-15.96262564020699 -47.64807863104831 1045.311692863136
-13.38307557367998 -43.18016685515811 1020.314313059818
-18.6511858011785 -52.30480142905415 1045.487633577298
2 61 0 22
4494
4495
4496
4497
4498
4499
4500
4501
4502
4503
4504
4505
4506
4507
4508
4509
4510
4511
4512
4513
4514
4515
45.03918021846468 -64.6497128456877 909.0729985607127
44.42984148811288 -70.27590999225778 888.0190254562092
38.64580258332193 -73.61532641094279 888.0190254562094
33.46870356252438 -71.32993065764944 909.0729985607129
34.2643796986033 -66.06620793585923 930.2110101627284
40.08282455488499 -62.70692723181836 930.211010162728
39.38997407812004 -68.22543641210059 909.1292831154159
30.40060964611231 -52.20983899944935 997.9882460984896
25.94287027587224 -54.7803698976568 997.0344427371103
28.55636848593436 -53.02759516504405 998.8975757423202
31.64506134870775 -51.24433750899353 998.8975755652968
27.21339139927463 -53.92356945036342 998.0581067633231
33.27257189987488 -50.88490641014182 996.1410599927029
27.43133567044391 -54.25734571960433 996.141059992703
31.85384346219806 -51.5381084873431 997.1573054431431
35.62745455914791 -75.25059468370108 887.4591703748267
37.81265110734105 -58.76718955706653 952.1878444568559
29.70993087694609 -58.19405369278501 974.1645384397946
35.50249168641497 -54.85241279880146 974.1650483878889
32.02095809914587 -62.11301641390867 952.1882109748188
47.35519936641963 -68.47957806223286 887.4591703748272
30.04355465753935 -52.03696137066278 999.5785105899487
2 62 0 13
4516
4517
4518
4519
4520
4521
4522
4523
4524
4525
4526
4527
4528
10.76783637799686 -38.65043969422836 995.33178714573
16.05379117008789 -47.80598196063756 995.66357429146
16.05379117008788 -47.80598196063755 995.33178714573
21.19987893401141 -56.71926742795709 1095.33178714573
21.06001190584388 -56.47701062886738 1120.165893572865
21.19987893401141 -56.71926742795709 1120.165893572865
18.65118580120694 -52.30480142904009 1070.321740004433
15.96262564023494 -47.64807863103339 1070.145799290271
18.51731658088601 -52.07293313787473 1095.153400854617
15.96262564023494 -47.64807863103339 1045.311692863136
18.65118580120694 -52.30480142904009 1020.653527150163
13.38307557370396 -43.18016685513631 1020.314313059781
18.65118580120693 -52.30480142904008 1045.487633577298
2 63 0 13
4529
4530
4531
4532
4533
4534
4535
4536
4537
4538
4539
4540
4541
33.37429924577738 -37.80598196063669 995.66357429146
28.08834445368636 -28.65043969422748 995.33178714573
33.37429924577738 -37.80598196063669 995.33178714573
38.38051998153544 -46.4770106288701 1120.165893572864
38.52038700970193 -46.71926742795801 1095.331787145729
38.52038700970091 -46.71926742795623 1120.165893572865
33.28313371592444 -37.64807863103253 1070.145799290271
35.97169387689642 -42.30480142903922 1070.321740004433
35.83782465657551 -42.07293313787385 1095.153400854617
35.97169387689642 -42.30480142903922 1020.653527150163
33.28313371592444 -37.64807863103253 1045.311692863136
30.70358364939345 -33.18016685513545 1020.314313059781
35.97169387689641 -42.30480142903919 1045.487633577298
2 64 0 13
4542
4543
4544
4545
4546
4547
4548
4549
4550
4551
4552
4553
4554
83.07564407140212 -3.33941641868364 888.019025456299
78.50788378096046 -6.680217811959174 909.0729985607497
69.30539991407097 -6.678561852763253 953.4204342882554
64.72404787987753 -3.340200538036269 976.7249398907989
73.90078311027413 -3.344055412223353 932.3722353696146
78.39884165212871 -8.396344241291667 908.8039930547808
82.97198444533934 -6.785831428214711 887.5047890154162
82.94558794955607 -8.426040977936722 886.907404010823
60.17396921347382 -6.685996579274728 997.3664158507994
60.17557264064496 -3.343087368924693 998.7014614437026
64.74189385651147 -6.676886205760109 975.3938080558928
60.07379451901205 -5.206913112213651 998.5530921556419
83.01865914680121 -5.079922833580882 887.8680588038646
2 65 0 13
4555
4556
4557
4558
4559
4560
4561
4562
4563
4564
4565
4566
4567
38.85618083164134 -10 995.33178714572
49.42809041582066 -10 995.66357429144
49.42809041582066 -10 995.33178714572
59.72026594366534 -10 1095.33178714572
59.44053188733066 -10 1120.16589357286
59.72026594366531 -10 1120.16589357286
54.62287967805628 -10 1070.321740004423
49.24575935611257 -10 1070.145799290267
54.35514123741277 -10 1095.153400854612
49.24575935611257 -10 1045.311692863127
54.62287967805628 -10 1020.653527150143
44.08665922305254 -10 1020.314313059771
54.62287967805628 -10 1045.487633577284
2 66 0 13
4568
4569
4570
4571
4572
4573
4574
4575
4576
4577
4578
4579
4580
64.72404787987753 3.340200538036248 976.7249398907989
69.30539991407099 6.678561852763288 953.4204342882553
78.50788378096046 6.680217811959163 909.0729985607497
83.07564407140217 3.339416418683629 888.0190254562988
73.90078311027416 3.344055412223367 932.3722353696144
82.97198444533933 6.785831428214713 887.5047890154162
78.39884165212871 8.396344241291699 908.8039930547808
82.94558794955562 8.426040977974477 886.9074040108067
60.17557264064492 3.343087368924708 998.7014614437028
60.17396921347385 6.685996579274738 997.3664158507993
64.74189385651147 6.676886205760135 975.3938080558928
60.07379451901065 5.206913112247581 998.5530921556345
83.01865914680116 5.079922833582291 887.8680588038644
2 67 0 13
4581
4582
4583
4584
4585
4586
4587
4588
4589
4590
4591
4592
4593
49.42809041582066 10 995.66357429144
38.85618083164134 10 995.33178714572
49.42809041582066 10 995.33178714572
59.44053188733078 10 1120.16589357286
59.7202659436654 10 1095.33178714572
59.72026594366531 10 1120.16589357286
49.24575935611257 10 1070.145799290267
54.62287967805628 10 1070.321740004423
54.35514123741277 10 1095.153400854612
54.62287967805628 10 1020.653527150143
49.24575935611257 10 1045.311692863127
44.08665922305254 10 1020.314313059771
54.62287967805628 10 1045.487633577284
2 68 0 22
4594
4595
4596
4597
4598
4599
4600
4601
4602
4603
4604
4605
4606
4607
4608
4609
4610
4611
4612
4613
4614
4615
60 6.666666666666668 1046.998453812333
60 3.333333333333334 1023.499226906087
60 -3.333333333333333 1023.499226906087
60 -6.666666666666666 1046.998453812333
60 -3.333333333333334 1070.49768071858
60 3.333333333333332 1070.49768071858
60 0 1046.998453812333
60 3.333333333333323 1120.16589357286
60 6.666666666666661 1095.33178714572
60 -6.666666666666671 1095.33178714572
60 -3.333333333333343 1120.16589357286
60 -7.105427357601002e-15 1095.33178714572
60 6.887915394221924 1022.736512762705
60 8.44395769711096 1046.617096740642
60 8.500099714638509 1021.875403753448
60 -6.666666666666672 1120.16589357286
60 6.666666666666661 1120.16589357286
60 -8.443957697110971 1046.617096740642
60 -6.887915394221943 1022.736512762705
60 -8.500099714637798 1021.875403753448
60 -5.144779164178345 1023.279474974254
60 5.144779164211686 1023.279474974246
2 69 0 22
4616
4617
4618
4619
4620
4621
4622
4623
4624
4625
4626
4627
4628
4629
4630
4631
4632
4633
4634
4635
4636
4637
35.77350308123037 -48.62819066894052 1046.998453812343
32.88675212461873 -50.2948571108245 1023.499226906092
27.1132494327234 -53.62819044415899 1023.499226906092
24.2264976974397 -55.29485733560949 1046.998453812343
27.11324865405133 -53.62819089372552 1070.497680718595
32.88675134594666 -50.29485756039103 1070.497680718595
30.00000038933504 -51.96152400227501 1046.998453812343
32.88675134352245 -50.29485756179065 1120.165893572865
35.77350269068222 -48.6281908944236 1095.33178714573
24.22649730689156 -55.29485756109257 1095.33178714573
27.11324865162712 -53.62819089512514 1120.165893572865
29.99999999878689 -51.96152422775808 1095.33178714573
35.96511006839709 -48.51756632332115 1022.736512585714
37.31268205311954 -47.73954527518885 1046.617096652154
37.36130245451226 -47.71147427335664 1021.87540363822
35.77350269068222 -48.6281908944236 1120.165893572865
24.22649730689156 -55.29485756109257 1120.165893572865
22.68731830476824 -56.18350297229994 1046.617096829153
24.03489064738047 -55.40548171753988 1022.73651293971
22.63869787936475 -56.21157398799477 1021.875403868708
34.45551002330297 -49.38913431572535 1023.279474836113
25.544491117202 -54.53391347991919 1023.279475112399
2 70 0 22
4638
4639
4640
4641
4642
4643
4644
4645
4646
4647
4648
4649
4650
4651
4652
4653
4654
4655
4656
4657
4658
4659
-32.88675134594167 -50.29485756039045 1070.497680718595
-27.11324865404583 -53.62819089372523 1070.497680718595
-24.2264976974332 -55.29485733560979 1046.998453812343
-27.11324943271639 -53.62819044415957 1023.499226906092
-32.88675212461222 -50.29485711082479 1023.499226906092
-35.77350308122486 -48.62819066894023 1046.998453812343
-30.00000038932903 -51.96152400227501 1046.998453812343
-27.11324898844366 -53.62819070066055 1120.165893572865
-24.22649747529683 -55.29485746386028 1095.33178714573
-35.7735028590885 -48.62819079719073 1095.33178714573
-32.88675168033949 -50.29485736732578 1120.165893572865
-30.00000016719266 -51.9615241305255 1095.33178714573
-37.31268205311476 -47.73954527518815 1046.617096652155
-35.96511006839201 -48.51756632332062 1022.736512585715
-37.36130245448443 -47.71147427336924 1021.875403638187
-24.22649747529683 -55.29485746386028 1120.165893572865
-35.7735028590885 -48.62819079719073 1120.165893572865
-24.03489064737472 -55.40548171753973 1022.736512939709
-22.68731830476236 -56.18350297229987 1046.617096829152
-22.63869787935892 -56.21157398799468 1021.875403868707
-34.45551002329714 -49.38913431572525 1023.279474836113
-25.54449111719558 -54.53391347991943 1023.279475112398
2 71 0 22
4660
4661
4662
4663
4664
4665
4666
4667
4668
4669
4670
4671
4672
4673
4674
4675
4676
4677
4678
4679
4680
4681
-60 3.333332434200585 1023.499226906087
-60 6.666666217100293 1046.998453812333
-60 3.333333333333334 1070.49768071858
-60 -3.333333333333332 1070.49768071858
-60 -6.66666711623304 1046.998453812333
-60 -3.333334232466081 1023.499226906087
-60 -4.495663734616073e-07 1046.998453812333
-60 6.666666666666679 1095.33178714572
-60 3.333333333333357 1120.16589357286
-60 -3.333333333333311 1120.16589357286
-60 -6.666666666666655 1095.33178714572
-60 1.06581410364015e-14 1095.33178714572
-60 -6.666666666666656 1120.16589357286
-60 6.666666666666675 1120.16589357286
-60 8.443957490483225 1046.617096829142
-60 6.88791498096645 1022.736512939703
-60 8.500099521851492 1021.875403868664
-60 -6.887915807477411 1022.736512585707
-60 -8.443957903738706 1046.617096652143
-60 -8.500099907402554 1021.875403638204
-60 5.144778505756529 1023.279475112386
-60 -5.144779822633494 1023.279474836114
2 72 0 22
4682
4683
4684
4685
4686
4687
4688
4689
4690
4691
4692
4693
4694
4695
4696
4697
4698
4699
4700
4701
4702
4703
-27.11324865404833 53.62819089373555 1070.497680718595
-32.88675134594416 50.29485756040078 1070.497680718595
-35.77350230255679 48.62819111851622 1046.998453812343
-32.88675056727359 50.29485800996645 1023.499226906092
-27.11324787537775 53.62819134330122 1023.499226906092
-24.22649691876513 55.29485778518578 1046.998453812343
-29.99999961066096 51.961524451851 1046.998453812343
-24.22649730688534 55.29485756110446 1095.33178714573
-27.11324865161817 53.62819089513861 1120.165893572865
-32.88675134351401 50.29485756180383 1120.165893572865
-35.773502690677 48.62819089443492 1095.33178714573
-29.99999999878117 51.96152422776969 1095.33178714573
-22.68731794687569 56.1835031789376 1046.617096652154
-24.03488993159888 55.40548213080488 1022.736512585713
-22.638697545507 56.21157418075593 1021.875403638185
-35.773502690677 48.62819089443492 1120.165893572865
-24.22649730688534 55.29485756110446 1120.165893572865
-35.96510935261617 48.51756673658576 1022.736512939711
-37.31268169522808 47.73954548182588 1046.617096829153
-37.36130212063155 47.71147446613106 1021.875403868708
-25.54448997669323 54.53391413840054 1023.279474836112
-34.45550888279479 49.38913497420636 1023.279475112399
2 73 0 22
4704
4705
4706
4707
4708
4709
4710
4711
4712
4713
4714
4715
4716
4717
4718
4719
4720
4721
4722
4723
4724
4725
24.22649769744157 55.29485733561903 1046.998453812343
27.11324943272513 53.6281904441686 1023.499226906092
32.88675212462046 50.29485711083412 1023.499226906092
35.77350308123223 48.62819066895005 1046.998453812343
32.88675134594867 50.29485756040049 1070.497680718595
27.11324865405334 53.62819089373497 1070.497680718595
30.0000003893369 51.96152400228454 1046.998453812343
27.11324865163327 53.6281908951322 1120.165893572865
24.22649730689564 55.29485756110083 1095.33178714573
35.7735026906863 48.62819089443185 1095.33178714573
32.8867513435286 50.29485756179771 1120.165893572865
29.99999999879097 51.96152422776634 1095.33178714573
24.03489064738235 55.40548171754941 1022.73651293971
22.68731830477018 56.18350297230943 1046.617096829153
22.63869787936607 56.21157398800462 1021.875403868708
24.22649730689564 55.29485756110083 1120.165893572865
35.7735026906863 48.62819089443185 1120.165893572865
37.31268205312148 47.73954527519834 1046.617096652154
35.96511006839896 48.51756632333068 1022.736512585714
37.36130245451357 47.71147427336649 1021.87540363822
25.54449111717492 54.53391347994544 1023.279475112392
34.45551002327589 49.38913431575159 1023.27947483612
3 1 0 0
$EndNodes
$Elements
374 1609 1 1609
0 1 15 1
1 1 
0 2 15 1
2 2 
0 3 15 1
3 3 
0 4 15 1
4 4 
0 5 15 1
5 5 
0 6 15 1
6 6 
0 7 15 1
7 7 
0 8 15 1
8 8 
0 9 15 1
9 9 
0 10 15 1
10 10 
0 11 15 1
11 11 
0 12 15 1
12 12 
0 13 15 1
13 13 
0 14 15 1
14 14 
0 15 15 1
15 15 
0 16 15 1
16 16 
0 17 15 1
17 17 
0 18 15 1
18 18 
0 19 15 1
19 19 
0 20 15 1
20 20 
0 21 15 1
21 21 
0 22 15 1
22 22 
0 23 15 1
23 23 
0 24 15 1
24 24 
0 25 15 1
25 25 
0 26 15 1
26 26 
0 27 15 1
27 27 
0 28 15 1
28 28 
0 29 15 1
29 29 
0 30 15 1
30 30 
0 31 15 1
31 31 
0 32 15 1
32 32 
0 33 15 1
33 33 
0 34 15 1
34 34 
0 35 15 1
35 35 
0 36 15 1
36 36 
0 37 15 1
37 37 
0 38 15 1
38 38 
0 39 15 1
39 39 
0 40 15 1
40 40 
0 41 15 1
41 41 
0 42 15 1
42 42 
0 43 15 1
43 43 
0 44 15 1
44 44 
0 45 15 1
45 45 
0 46 15 1
46 46 
0 47 15 1
47 47 
0 48 15 1
48 48 
0 49 15 1
49 49 
0 50 15 1
50 50 
0 51 15 1
51 51 
0 52 15 1
52 52 
0 53 15 1
53 53 
0 54 15 1
54 54 
0 55 15 1
55 55 
0 56 15 1
56 56 
0 57 15 1
57 57 
0 58 15 1
58 58 
0 59 15 1
59 59 
0 60 15 1
60 60 
0 61 15 1
61 61 
0 62 15 1
62 62 
0 63 15 1
63 63 
0 64 15 1
64 64 
0 65 15 1
65 65 
0 66 15 1
66 66 
0 67 15 1
67 67 
0 68 15 1
68 68 
0 69 15 1
69 69 
0 70 15 1
70 70 
0 71 15 1
71 71 
0 72 15 1
72 72 
0 73 15 1
73 73 
0 74 15 1
74 74 
0 75 15 1
75 75 
0 76 15 1
76 76 
0 77 15 1
77 77 
0 78 15 1
78 78 
0 79 15 1
79 79 
0 80 15 1
80 80 
0 81 15 1
81 81 
0 82 15 1
82 82 
0 83 15 1
83 83 
0 84 15 1
84 84 
0 85 15 1
85 85 
0 86 15 1
86 86 
0 87 15 1
87 87 
0 88 15 1
88 88 
0 89 15 1
89 89 
0 90 15 1
90 90 
0 91 15 1
91 91 
0 92 15 1
92 92 
0 93 15 1
93 93 
0 94 15 1
94 94 
0 95 15 1
95 95 
0 96 15 1
96 96 
0 97 15 1
97 97 
0 98 15 1
98 98 
0 99 15 1
99 99 
0 100 15 1
100 100 
0 101 15 1
101 101 
0 102 15 1
102 102 
0 103 15 1
103 103 
0 104 15 1
104 104 
0 105 15 1
105 105 
0 106 15 1
106 106 
0 107 15 1
107 107 
0 108 15 1
108 108 
0 109 15 1
109 109 
0 110 15 1
110 110 
0 111 15 1
111 111 
0 112 15 1
112 112 
0 113 15 1
113 113 
0 114 15 1
114 114 
0 115 15 1
115 115 
1 1 26 7
116 1 116 122 123 
117 116 117 124 125 
118 117 118 126 127 
119 118 119 128 129 
120 119 120 130 131 
121 120 121 132 133 
122 121 1 134 135 
1 2 26 10
123 2 136 145 146 
124 136 137 147 148 
125 137 138 149 150 
126 138 139 151 152 
127 139 140 153 154 
128 140 141 155 156 
129 141 142 157 158 
130 142 143 159 160 
131 143 144 161 162 
132 144 1 163 164 
1 3 26 7
133 2 165 171 172 
134 165 166 173 174 
135 166 167 175 176 
136 167 168 177 178 
137 168 169 179 180 
138 169 170 181 182 
139 170 2 183 184 
1 4 26 7
140 3 185 191 192 
141 185 186 193 194 
142 186 187 195 196 
143 187 188 197 198 
144 188 189 199 200 
145 189 190 201 202 
146 190 3 203 204 
1 5 26 7
147 4 205 211 212 
148 205 206 213 214 
149 206 207 215 216 
150 207 208 217 218 
151 208 209 219 220 
152 209 210 221 222 
153 210 4 223 224 
1 6 26 1
154 5 3 225 226 
1 7 26 7
155 5 227 233 234 
156 227 228 235 236 
157 228 229 237 238 
158 229 230 239 240 
159 230 231 241 242 
160 231 232 243 244 
161 232 5 245 246 
1 8 26 1
162 6 7 247 248 
1 9 26 2
163 8 249 250 251 
164 249 6 252 253 
1 10 26 2
165 9 254 255 256 
166 254 8 257 258 
1 11 26 1
167 4 9 259 260 
1 12 26 2
168 10 261 262 263 
169 261 9 264 265 
1 13 26 2
170 10 266 267 268 
171 266 11 269 270 
1 14 26 1
172 12 11 271 272 
1 15 26 2
173 13 273 274 275 
174 273 12 276 277 
1 16 26 2
175 14 278 279 280 
176 278 13 281 282 
1 17 26 2
177 14 283 284 285 
178 283 15 286 287 
1 18 26 1
179 16 15 288 289 
1 19 26 2
180 16 290 291 292 
181 290 17 293 294 
1 20 26 2
182 17 295 296 297 
183 295 18 298 299 
1 21 26 2
184 19 300 301 302 
185 300 18 303 304 
1 22 26 1
186 20 19 305 306 
1 23 26 2
187 20 307 308 309 
188 307 21 310 311 
1 24 26 2
189 21 312 313 314 
190 312 22 315 316 
1 25 26 2
191 23 317 318 319 
192 317 22 320 321 
1 26 26 1
193 24 23 322 323 
1 27 26 2
194 24 324 325 326 
195 324 25 327 328 
1 28 26 2
196 25 329 330 331 
197 329 26 332 333 
1 29 26 2
198 27 334 335 336 
199 334 26 337 338 
1 30 26 1
200 28 27 339 340 
1 31 26 2
201 29 341 342 343 
202 341 28 344 345 
1 32 26 2
203 30 346 347 348 
204 346 29 349 350 
1 33 26 2
205 30 351 352 353 
206 351 7 354 355 
1 34 26 1
207 31 32 356 357 
1 35 26 2
208 32 358 359 360 
209 358 5 361 362 
1 36 26 1
210 32 33 363 364 
1 37 26 1
211 33 34 365 366 
1 38 26 1
212 34 35 367 368 
1 39 26 1
213 35 36 369 370 
1 40 26 1
214 36 37 371 372 
1 41 26 1
215 37 38 373 374 
1 42 26 1
216 38 39 375 376 
1 43 26 1
217 39 40 377 378 
1 44 26 1
218 40 41 379 380 
1 45 26 1
219 41 42 381 382 
1 46 26 1
220 42 43 383 384 
1 47 26 1
221 43 44 385 386 
1 48 26 1
222 44 45 387 388 
1 49 26 1
223 45 46 389 390 
1 50 26 1
224 46 47 391 392 
1 51 26 1
225 47 48 393 394 
1 52 26 1
226 48 31 395 396 
1 53 26 1
227 49 50 397 398 
1 54 26 7
228 6 399 405 406 
229 399 400 407 408 
230 400 401 409 410 
231 401 402 411 412 
232 402 403 413 414 
233 403 404 415 416 
234 404 49 417 418 
1 55 26 7
235 7 419 425 426 
236 419 420 427 428 
237 420 421 429 430 
238 421 422 431 432 
239 422 423 433 434 
240 423 424 435 436 
241 424 50 437 438 
1 56 26 7
242 30 439 445 446 
243 439 440 447 448 
244 440 441 449 450 
245 441 442 451 452 
246 442 443 453 454 
247 443 444 455 456 
248 444 51 457 458 
1 57 26 1
249 50 52 459 460 
1 58 26 1
250 52 53 461 462 
1 59 26 2
251 51 463 464 465 
252 463 53 466 467 
1 60 26 7
253 29 468 474 475 
254 468 469 476 477 
255 469 470 478 479 
256 470 471 480 481 
257 471 472 482 483 
258 472 473 484 485 
259 473 54 486 487 
1 61 26 2
260 51 488 489 490 
261 488 54 491 492 
1 62 26 7
262 28 493 499 500 
263 493 494 501 502 
264 494 495 503 504 
265 495 496 505 506 
266 496 497 507 508 
267 497 498 509 510 
268 498 55 511 512 
1 63 26 1
269 55 56 513 514 
1 64 26 1
270 56 57 515 516 
1 65 26 2
271 54 517 518 519 
272 517 57 520 521 
1 66 26 1
273 55 58 522 523 
1 67 26 7
274 27 524 530 531 
275 524 525 532 533 
276 525 526 534 535 
277 526 527 536 537 
278 527 528 538 539 
279 528 529 540 541 
280 529 58 542 543 
1 68 26 7
281 26 544 550 551 
282 544 545 552 553 
283 545 546 554 555 
284 546 547 556 557 
285 547 548 558 559 
286 548 549 560 561 
287 549 59 562 563 
1 69 26 2
288 60 564 565 566 
289 564 59 567 568 
1 70 26 1
290 61 60 569 570 
1 71 26 1
291 61 58 571 572 
1 72 26 7
292 25 573 579 580 
293 573 574 581 582 
294 574 575 583 584 
295 575 576 585 586 
296 576 577 587 588 
297 577 578 589 590 
298 578 62 591 592 
1 73 26 2
299 62 593 594 595 
300 593 59 596 597 
1 74 26 7
301 24 598 604 605 
302 598 599 606 607 
303 599 600 608 609 
304 600 601 610 611 
305 601 602 612 613 
306 602 603 614 615 
307 603 63 616 617 
1 75 26 2
308 64 618 619 620 
309 618 62 621 622 
1 76 26 1
310 65 64 623 624 
1 77 26 1
311 65 63 625 626 
1 78 26 1
312 63 66 627 628 
1 79 26 7
313 23 629 635 636 
314 629 630 637 638 
315 630 631 639 640 
316 631 632 641 642 
317 632 633 643 644 
318 633 634 645 646 
319 634 66 647 648 
1 80 26 7
320 22 649 655 656 
321 649 650 657 658 
322 650 651 659 660 
323 651 652 661 662 
324 652 653 663 664 
325 653 654 665 666 
326 654 67 667 668 
1 81 26 2
327 68 669 670 671 
328 669 67 672 673 
1 82 26 1
329 69 68 674 675 
1 83 26 1
330 69 66 676 677 
1 84 26 7
331 21 678 684 685 
332 678 679 686 687 
333 679 680 688 689 
334 680 681 690 691 
335 681 682 692 693 
336 682 683 694 695 
337 683 70 696 697 
1 85 26 2
338 70 698 699 700 
339 698 67 701 702 
1 86 26 7
340 20 703 709 710 
341 703 704 711 712 
342 704 705 713 714 
343 705 706 715 716 
344 706 707 717 718 
345 707 708 719 720 
346 708 71 721 722 
1 87 26 2
347 72 723 724 725 
348 723 70 726 727 
1 88 26 1
349 73 72 728 729 
1 89 26 1
350 73 71 730 731 
1 90 26 7
351 19 732 738 739 
352 732 733 740 741 
353 733 734 742 743 
354 734 735 744 745 
355 735 736 746 747 
356 736 737 748 749 
357 737 74 750 751 
1 91 26 1
358 71 74 752 753 
1 92 26 7
359 18 754 760 761 
360 754 755 762 763 
361 755 756 764 765 
362 756 757 766 767 
363 757 758 768 769 
364 758 759 770 771 
365 759 75 772 773 
1 93 26 2
366 76 774 775 776 
367 774 75 777 778 
1 94 26 1
368 77 76 779 780 
1 95 26 1
369 77 74 781 782 
1 96 26 7
370 17 783 789 790 
371 783 784 791 792 
372 784 785 793 794 
373 785 786 795 796 
374 786 787 797 798 
375 787 788 799 800 
376 788 78 801 802 
1 97 26 2
377 78 803 804 805 
378 803 75 806 807 
1 98 26 7
379 16 808 814 815 
380 808 809 816 817 
381 809 810 818 819 
382 810 811 820 821 
383 811 812 822 823 
384 812 813 824 825 
385 813 79 826 827 
1 99 26 2
386 80 828 829 830 
387 828 78 831 832 
1 100 26 1
388 81 80 833 834 
1 101 26 1
389 81 79 835 836 
1 102 26 7
390 15 837 843 844 
391 837 838 845 846 
392 838 839 847 848 
393 839 840 849 850 
394 840 841 851 852 
395 841 842 853 854 
396 842 82 855 856 
1 103 26 1
397 79 82 857 858 
1 104 26 7
398 14 859 865 866 
399 859 860 867 868 
400 860 861 869 870 
401 861 862 871 872 
402 862 863 873 874 
403 863 864 875 876 
404 864 83 877 878 
1 105 26 1
405 82 84 879 880 
1 106 26 1
406 84 85 881 882 
1 107 26 2
407 83 883 884 885 
408 883 85 886 887 
1 108 26 7
409 13 888 894 895 
410 888 889 896 897 
411 889 890 898 899 
412 890 891 900 901 
413 891 892 902 903 
414 892 893 904 905 
415 893 86 906 907 
1 109 26 2
416 83 908 909 910 
417 908 86 911 912 
1 110 26 7
418 12 913 919 920 
419 913 914 921 922 
420 914 915 923 924 
421 915 916 925 926 
422 916 917 927 928 
423 917 918 929 930 
424 918 87 931 932 
1 111 26 1
425 87 88 933 934 
1 112 26 1
426 88 89 935 936 
1 113 26 2
427 86 937 938 939 
428 937 89 940 941 
1 114 26 7
429 11 942 948 949 
430 942 943 950 951 
431 943 944 952 953 
432 944 945 954 955 
433 945 946 956 957 
434 946 947 958 959 
435 947 90 960 961 
1 115 26 1
436 87 90 962 963 
1 116 26 7
437 10 964 970 971 
438 964 965 972 973 
439 965 966 974 975 
440 966 967 976 977 
441 967 968 978 979 
442 968 969 980 981 
443 969 91 982 983 
1 117 26 1
444 90 92 984 985 
1 118 26 1
445 92 93 986 987 
1 119 26 2
446 91 988 989 990 
447 988 93 991 992 
1 120 26 7
448 8 993 999 1000 
449 993 994 1001 1002 
450 994 995 1003 1004 
451 995 996 1005 1006 
452 996 997 1007 1008 
453 997 998 1009 1010 
454 998 94 1011 1012 
1 121 26 2
455 95 1013 1014 1015 
456 1013 94 1016 1017 
1 122 26 2
457 91 1018 1019 1020 
458 1018 95 1021 1022 
1 123 26 1
459 49 96 1023 1024 
1 124 26 1
460 96 97 1025 1026 
1 125 26 2
461 94 1027 1028 1029 
462 1027 97 1030 1031 
1 126 26 1
463 98 32 1032 1033 
1 127 26 1
464 31 98 1034 1035 
1 128 26 2
465 90 1036 1037 1038 
466 1036 31 1039 1040 
1 129 26 2
467 87 1041 1042 1043 
468 1041 48 1044 1045 
1 130 26 1
469 48 99 1046 1047 
1 131 26 1
470 47 99 1048 1049 
1 132 26 1
471 100 47 1050 1051 
1 133 26 1
472 46 100 1052 1053 
1 134 26 2
473 82 1054 1055 1056 
474 1054 46 1057 1058 
1 135 26 2
475 45 1059 1060 1061 
476 1059 79 1062 1063 
1 136 26 1
477 101 44 1064 1065 
1 137 26 1
478 101 45 1066 1067 
1 138 26 1
479 102 43 1068 1069 
1 139 26 1
480 44 102 1070 1071 
1 140 26 2
481 43 1072 1073 1074 
482 1072 74 1075 1076 
1 141 26 2
483 42 1077 1078 1079 
484 1077 71 1080 1081 
1 142 26 1
485 103 41 1082 1083 
1 143 26 1
486 103 42 1084 1085 
1 144 26 1
487 104 40 1086 1087 
1 145 26 1
488 41 104 1088 1089 
1 146 26 2
489 39 1090 1091 1092 
490 1090 63 1093 1094 
1 147 26 2
491 40 1095 1096 1097 
492 1095 66 1098 1099 
1 148 26 1
493 105 38 1100 1101 
1 149 26 1
494 105 39 1102 1103 
1 150 26 1
495 106 37 1104 1105 
1 151 26 1
496 38 106 1106 1107 
1 152 26 2
497 55 1108 1109 1110 
498 1108 36 1111 1112 
1 153 26 2
499 37 1113 1114 1115 
500 1113 58 1116 1117 
1 154 26 1
501 36 107 1118 1119 
1 155 26 1
502 35 107 1120 1121 
1 156 26 1
503 108 35 1122 1123 
1 157 26 1
504 34 108 1124 1125 
1 158 26 2
505 49 1126 1127 1128 
506 1126 33 1129 1130 
1 159 26 2
507 50 1131 1132 1133 
508 1131 34 1134 1135 
1 160 26 1
509 33 109 1136 1137 
1 161 26 1
510 32 109 1138 1139 
1 162 26 2
511 110 1140 1141 1142 
512 1140 57 1143 1144 
1 163 26 2
513 53 1145 1146 1147 
514 1145 110 1148 1149 
1 164 26 2
515 53 1150 1151 1152 
516 1150 108 1153 1154 
1 165 26 2
517 57 1155 1156 1157 
518 1155 107 1158 1159 
1 166 26 2
519 60 1160 1161 1162 
520 1160 106 1163 1164 
1 167 26 2
521 64 1165 1166 1167 
522 1165 111 1168 1169 
1 168 26 2
523 111 1170 1171 1172 
524 1170 60 1173 1174 
1 169 26 2
525 64 1175 1176 1177 
526 1175 105 1178 1179 
1 170 26 2
527 68 1180 1181 1182 
528 1180 104 1183 1184 
1 171 26 2
529 72 1185 1186 1187 
530 1185 112 1188 1189 
1 172 26 2
531 112 1190 1191 1192 
532 1190 68 1193 1194 
1 173 26 2
533 72 1195 1196 1197 
534 1195 103 1198 1199 
1 174 26 2
535 76 1200 1201 1202 
536 1200 102 1203 1204 
1 175 26 2
537 80 1205 1206 1207 
538 1205 113 1208 1209 
1 176 26 2
539 113 1210 1211 1212 
540 1210 76 1213 1214 
1 177 26 2
541 80 1215 1216 1217 
542 1215 101 1218 1219 
1 178 26 2
543 114 1220 1221 1222 
544 1220 89 1223 1224 
1 179 26 2
545 85 1225 1226 1227 
546 1225 114 1228 1229 
1 180 26 2
547 85 1230 1231 1232 
548 1230 100 1233 1234 
1 181 26 2
549 89 1235 1236 1237 
550 1235 99 1238 1239 
1 182 26 1
551 95 115 1240 1241 
1 183 26 2
552 93 1242 1243 1244 
553 1242 115 1245 1246 
1 184 26 2
554 93 1247 1248 1249 
555 1247 98 1250 1251 
1 185 26 2
556 115 1252 1253 1254 
557 1252 97 1255 1256 
1 186 26 2
558 97 1257 1258 1259 
559 1257 109 1260 1261 
2 1 21 154
560 1274 1315 1296 1323 1324 1325 1326 1327 1328 1329 
561 1299 1300 1264 1330 1331 1332 1333 1334 1335 1336 
562 1294 1295 1287 1337 1338 1339 1340 1341 1342 1343 
563 1274 1296 1286 1328 1327 1344 1345 1346 1347 1348 
564 1264 1301 1299 1349 1350 1351 1352 1335 1334 1353 
565 1292 1309 1266 1354 1355 1356 1357 1358 1359 1360 
566 1264 1300 1280 1333 1332 1361 1362 1363 1364 1365 
567 1266 1311 1292 1366 1367 1368 1369 1359 1358 1370 
568 1287 1295 1289 1340 1339 1371 1372 1373 1374 1375 
569 1289 1298 1290 1376 1377 1378 1379 1380 1381 1382 
570 1295 1298 1289 1383 1384 1377 1376 1372 1371 1385 
571 1268 1313 1301 1386 1387 1388 1389 1390 1391 1392 
572 1301 1320 1268 1393 1394 1395 1396 1391 1390 1397 
573 1291 1292 1277 1398 1399 1400 1401 1402 1403 1404 
574 1273 1315 1274 1405 1406 1324 1323 1407 1408 1409 
575 1280 1300 1298 1362 1361 1410 1411 1412 1413 1414 
576 1278 1291 1277 1415 1416 1403 1402 1417 1418 1419 
577 1288 1289 1279 1420 1421 1422 1423 1424 1425 1426 
578 1290 1291 1278 1427 1428 1416 1415 1429 1430 1431 
579 1289 1290 1279 1381 1380 1432 1433 1423 1422 1434 
580 1308 1318 1284 1435 1436 1437 1438 1439 1440 1441 
581 1279 1303 1288 1442 1443 1444 1445 1425 1424 1446 
582 1298 1300 1290 1411 1410 1447 1448 1379 1378 1449 
583 1270 1319 1306 1450 1451 1452 1453 1454 1455 1456 
584 1297 1305 1269 1457 1458 1459 1460 1461 1462 1463 
585 1279 1290 1278 1433 1432 1430 1429 1464 1465 1466 
586 1269 1312 1297 1467 1468 1469 1470 1462 1461 1471 
587 1287 1321 1294 1472 1473 1474 1475 1342 1341 1476 
588 1292 1311 1277 1369 1368 1477 1478 1401 1400 1479 
589 1288 1303 1302 1445 1444 1480 1481 1482 1483 1484 
590 1301 1313 1299 1389 1388 1485 1486 1352 1351 1487 
591 1290 1300 1291 1448 1447 1488 1489 1428 1427 1490 
592 1284 1318 136 1438 1437 1491 1492 1493 1494 1495 
593 1291 1299 1292 1496 1497 1498 1499 1399 1398 1500 
594 138 1283 1265 1501 1502 1503 1504 1505 1506 1507 
595 1265 1293 1285 1508 1509 1510 1511 1512 1513 1514 
596 136 1319 1270 1515 1516 1451 1450 1517 1518 1519 
597 1293 1296 1285 1520 1521 1522 1523 1511 1510 1524 
598 1283 1293 1265 1525 1526 1509 1508 1504 1503 1527 
599 1296 1297 1285 1528 1529 1530 1531 1523 1522 1532 
600 1283 1294 1293 1533 1534 1535 1536 1526 1525 1537 
601 1276 1278 1277 1538 1539 1418 1417 1540 1541 1542 
602 1265 1285 1284 1513 1512 1543 1544 1545 1546 1547 
603 1262 1278 1276 1548 1549 1539 1538 1550 1551 1552 
604 136 1270 137 1518 1517 1553 1554 148 147 1555 
605 143 1271 144 1556 1557 1558 1559 162 161 1560 
606 1265 1284 137 1546 1545 1561 1562 1563 1564 1565 
607 1282 1283 139 1566 1567 1568 1569 1570 1571 1572 
608 1270 1273 1272 1573 1574 1575 1576 1577 1578 1579 
609 1276 1277 1271 1541 1540 1580 1581 1582 1583 1584 
610 1288 1302 1275 1483 1482 1585 1586 1587 1588 1589 
611 1270 1272 137 1578 1577 1590 1591 1554 1553 1592 
612 143 1276 1271 1593 1594 1583 1582 1557 1556 1595 
613 139 1283 138 1569 1568 1502 1501 151 152 1596 
614 1272 1274 1263 1597 1598 1599 1600 1601 1602 1603 
615 137 1284 136 1562 1561 1494 1493 147 148 1604 
616 1282 1295 1294 1605 1606 1338 1337 1607 1608 1609 
617 1281 1282 140 1610 1611 1612 1613 1614 1615 1616 
618 140 1282 139 1613 1612 1571 1570 153 154 1617 
619 1262 1276 142 1551 1550 1618 1619 1620 1621 1622 
620 138 1272 1263 1623 1624 1602 1601 1625 1626 1627 
621 1282 1294 1283 1608 1607 1534 1533 1567 1566 1628 
622 138 1265 137 1506 1505 1564 1563 149 150 1629 
623 143 1264 142 1630 1631 1632 1633 159 160 1634 
624 1275 1302 1263 1586 1585 1635 1636 1637 1638 1639 
625 1 1322 144 1640 1641 1642 1643 163 164 1644 
626 1 1317 116 1645 1646 1647 1648 123 122 1649 
627 1274 1286 1275 1347 1346 1650 1651 1652 1653 1654 
628 1274 1275 1263 1653 1652 1638 1637 1600 1599 1655 
629 1281 1298 1295 1656 1657 1384 1383 1658 1659 1660 
630 1264 1280 142 1364 1363 1661 1662 1633 1632 1663 
631 1281 1295 1282 1659 1658 1606 1605 1611 1610 1664 
632 141 1281 140 1665 1666 1615 1614 155 156 1667 
633 1262 1279 1278 1668 1669 1465 1464 1549 1548 1670 
634 1280 1298 1281 1413 1412 1657 1656 1671 1672 1673 
635 1280 1281 141 1672 1671 1666 1665 1674 1675 1676 
636 1286 1287 1275 1677 1678 1679 1680 1651 1650 1681 
637 1302 1303 140 1481 1480 1682 1683 1684 1685 1686 
638 142 1276 143 1619 1618 1594 1593 160 159 1687 
639 137 1272 138 1591 1590 1624 1623 150 149 1688 
640 1292 1313 1309 1689 1690 1691 1692 1355 1354 1693 
641 142 1280 141 1662 1661 1675 1674 157 158 1694 
642 139 1302 140 1695 1696 1685 1684 154 153 1697 
643 1287 1289 1288 1374 1373 1421 1420 1698 1699 1700 
644 1297 1312 1285 1470 1469 1701 1702 1531 1530 1703 
645 1287 1288 1275 1699 1698 1588 1587 1680 1679 1704 
646 1296 1321 1286 1705 1706 1707 1708 1345 1344 1709 
647 1262 1303 1279 1710 1711 1443 1442 1669 1668 1712 
648 1273 1274 1272 1408 1407 1598 1597 1576 1575 1713 
649 1291 1300 1299 1489 1488 1331 1330 1497 1496 1714 
650 136 1318 2 1492 1491 1715 1716 145 146 1717 
651 1293 1321 1296 1718 1719 1706 1705 1521 1520 1720 
652 2 1319 136 1721 1722 1516 1515 146 145 1723 
653 1263 1302 139 1636 1635 1696 1695 1724 1725 1726 
654 1286 1321 1287 1708 1707 1473 1472 1678 1677 1727 
655 144 1317 1 1728 1729 1646 1645 164 163 1730 
656 140 1303 141 1683 1682 1731 1732 156 155 1733 
657 117 1266 118 1734 1735 1736 1737 127 126 1738 
658 167 1267 166 1739 1740 1741 1742 175 176 1743 
659 166 1306 165 1744 1745 1746 1747 173 174 1748 
660 118 1309 119 1749 1750 1751 1752 129 128 1753 
661 168 1305 167 1754 1755 1756 1757 177 178 1758 
662 141 1262 142 1759 1760 1621 1620 158 157 1761 
663 138 1263 139 1626 1625 1725 1724 152 151 1762 
664 169 1269 168 1763 1764 1765 1766 179 180 1767 
665 119 1268 120 1768 1769 1770 1771 131 130 1772 
666 141 1303 1262 1732 1731 1711 1710 1760 1759 1773 
667 116 1307 117 1774 1775 1776 1777 125 124 1778 
668 170 1308 169 1779 1780 1781 1782 181 182 1783 
669 1267 1306 166 1784 1785 1745 1744 1742 1741 1786 
670 167 1305 1267 1757 1756 1787 1788 1740 1739 1789 
671 1266 1309 118 1357 1356 1750 1749 1737 1736 1790 
672 1264 1316 1301 1791 1792 1793 1794 1350 1349 1795 
673 119 1309 1268 1752 1751 1796 1797 1769 1768 1798 
674 1269 1305 168 1460 1459 1755 1754 1766 1765 1799 
675 117 1307 1266 1777 1776 1800 1801 1735 1734 1802 
676 169 1308 1269 1782 1781 1803 1804 1764 1763 1805 
677 120 1320 121 1806 1807 1808 1809 133 132 1810 
678 1309 1313 1268 1692 1691 1387 1386 1797 1796 1811 
679 121 1320 1304 1809 1808 1812 1813 1814 1815 1816 
680 1297 1314 1305 1817 1818 1819 1820 1458 1457 1821 
681 1304 1320 1301 1813 1812 1394 1393 1822 1823 1824 
682 143 1316 1264 1825 1826 1792 1791 1631 1630 1827 
683 1305 1314 1267 1820 1819 1828 1829 1788 1787 1830 
684 1285 1312 1284 1702 1701 1831 1832 1544 1543 1833 
685 1271 1317 144 1834 1835 1729 1728 1559 1558 1836 
686 1310 1314 1273 1837 1838 1839 1840 1841 1842 1843 
687 1277 1311 1271 1478 1477 1844 1845 1581 1580 1846 
688 1270 1310 1273 1847 1848 1842 1841 1574 1573 1849 
689 1299 1313 1292 1486 1485 1690 1689 1499 1498 1850 
690 1294 1321 1293 1475 1474 1719 1718 1536 1535 1851 
691 1314 1315 1273 1852 1853 1406 1405 1840 1839 1854 
692 1284 1312 1308 1832 1831 1855 1856 1440 1439 1857 
693 1304 1322 121 1858 1859 1860 1861 1815 1814 1862 
694 1271 1311 1307 1845 1844 1863 1864 1865 1866 1867 
695 1307 1317 1271 1868 1869 1835 1834 1866 1865 1870 
696 1296 1315 1297 1326 1325 1871 1872 1529 1528 1873 
697 170 1318 1308 1874 1875 1436 1435 1780 1779 1876 
698 1306 1310 1270 1877 1878 1848 1847 1455 1454 1879 
699 144 1316 143 1880 1881 1826 1825 161 162 1882 
700 1306 1319 165 1453 1452 1883 1884 1747 1746 1885 
701 1267 1310 1306 1886 1887 1878 1877 1785 1784 1888 
702 1307 1311 1266 1864 1863 1367 1366 1801 1800 1889 
703 1308 1312 1269 1856 1855 1468 1467 1804 1803 1890 
704 116 1317 1307 1648 1647 1869 1868 1775 1774 1891 
705 1267 1314 1310 1829 1828 1838 1837 1887 1886 1892 
706 1304 1316 144 1893 1894 1881 1880 1895 1896 1897 
707 165 1319 2 1884 1883 1722 1721 171 172 1898 
708 121 1322 1 1861 1860 1641 1640 135 134 1899 
709 2 1318 170 1716 1715 1875 1874 183 184 1900 
710 1268 1320 120 1396 1395 1807 1806 1771 1770 1901 
711 1301 1316 1304 1794 1793 1894 1893 1823 1822 1902 
712 1297 1315 1314 1872 1871 1853 1852 1818 1817 1903 
713 144 1322 1304 1643 1642 1859 1858 1896 1895 1904 
2 2 21 14
714 1 185 3 1905 1906 192 191 1907 1908 1909 
715 190 121 3 1910 1911 1912 1913 204 203 1914 
716 116 186 185 1915 1916 194 193 1917 1918 1919 
717 117 187 186 1920 1921 196 195 1922 1923 1924 
718 118 188 187 1925 1926 198 197 1927 1928 1929 
719 119 189 188 1930 1931 200 199 1932 1933 1934 
720 190 189 120 202 201 1935 1936 1937 1938 1939 
721 3 121 1 1913 1912 134 135 1908 1907 1940 
722 116 185 1 1918 1917 1906 1905 122 123 1941 
723 117 186 116 1923 1922 1916 1915 124 125 1942 
724 118 187 117 1928 1927 1921 1920 126 127 1943 
725 119 188 118 1933 1932 1926 1925 128 129 1944 
726 120 189 119 1936 1935 1931 1930 130 131 1945 
727 120 121 190 132 133 1911 1910 1938 1937 1946 
2 3 21 14
728 2 4 205 1947 1948 211 212 1949 1950 1951 
729 210 4 170 223 224 1952 1953 1954 1955 1956 
730 206 165 205 1957 1958 1959 1960 213 214 1961 
731 207 166 206 1962 1963 1964 1965 215 216 1966 
732 167 207 208 1967 1968 217 218 1969 1970 1971 
733 168 208 209 1972 1973 219 220 1974 1975 1976 
734 209 210 169 221 222 1977 1978 1979 1980 1981 
735 4 2 170 1948 1947 184 183 1953 1952 1982 
736 165 2 205 172 171 1950 1949 1960 1959 1983 
737 166 165 206 174 173 1958 1957 1965 1964 1984 
738 166 207 167 1963 1962 1968 1967 176 175 1985 
739 167 208 168 1970 1969 1973 1972 178 177 1986 
740 168 209 169 1975 1974 1980 1979 180 179 1987 
741 169 210 170 1978 1977 1955 1954 182 181 1988 
2 4 21 28
742 190 3 1990 203 204 1996 1997 1998 1999 2000 
743 3 185 1989 191 192 2001 2002 2003 2004 2005 
744 185 186 1991 193 194 2006 2007 2008 2009 2010 
745 187 188 1993 197 198 2011 2012 2013 2014 2015 
746 189 190 1992 201 202 2016 2017 2018 2019 2020 
747 186 187 1994 195 196 2021 2022 2023 2024 2025 
748 188 189 1995 199 200 2026 2027 2028 2029 2030 
749 187 229 1994 2031 2032 2033 2034 2022 2021 2035 
750 230 188 1995 2036 2037 2029 2028 2038 2039 2040 
751 228 186 1994 2041 2042 2024 2023 2043 2044 2045 
752 189 231 1995 2046 2047 2048 2049 2027 2026 2050 
753 5 3 1989 225 226 2004 2003 2051 2052 2053 
754 188 230 1993 2037 2036 2054 2055 2012 2011 2056 
755 186 228 1991 2042 2041 2057 2058 2007 2006 2059 
756 232 190 1990 2060 2061 1999 1998 2062 2063 2064 
757 185 227 1989 2065 2066 2067 2068 2002 2001 2069 
758 229 187 1993 2032 2031 2014 2013 2070 2071 2072 
759 227 185 1991 2066 2065 2009 2008 2073 2074 2075 
760 231 189 1992 2047 2046 2019 2018 2076 2077 2078 
761 190 232 1992 2061 2060 2079 2080 2017 2016 2081 
762 3 5 1990 226 225 2082 2083 1997 1996 2084 
763 227 5 1989 234 233 2052 2051 2068 2067 2085 
764 5 232 1990 246 245 2063 2062 2083 2082 2086 
765 232 231 1992 244 243 2077 2076 2080 2079 2087 
766 228 227 1991 236 235 2074 2073 2058 2057 2088 
767 230 229 1993 240 239 2071 2070 2055 2054 2089 
768 229 228 1994 238 237 2044 2043 2034 2033 2090 
769 231 230 1995 242 241 2039 2038 2049 2048 2091 
2 5 21 95
770 312 208 207 2114 2115 218 217 2116 2117 2118 
771 207 206 25 216 215 2119 2120 2121 2122 2123 
772 209 208 18 220 219 2124 2125 2126 2127 2128 
773 10 4 2092 2129 2130 2131 2132 2133 2134 2135 
774 4 8 2093 2136 2137 2138 2139 2140 2141 2142 
775 346 29 205 349 350 2143 2144 2145 2146 2147 
776 273 12 2094 276 277 2148 2149 2150 2151 2152 
777 11 266 2094 270 269 2153 2154 2155 2156 2157 
778 7 351 2095 355 354 2158 2159 2160 2161 2162 
779 249 6 2095 252 253 2163 2164 2165 2166 2167 
780 19 300 2100 301 302 2168 2169 2170 2171 2172 
781 324 24 2101 326 325 2173 2174 2175 2176 2177 
782 307 20 2100 309 308 2178 2179 2180 2181 2182 
783 23 317 2101 318 319 2183 2184 2185 2186 2187 
784 15 283 2099 287 286 2188 2189 2190 2191 2192 
785 290 16 2099 292 291 2193 2194 2195 2196 2197 
786 341 28 2098 344 345 2198 2199 2200 2201 2202 
787 27 334 2098 335 336 2203 2204 2205 2206 2207 
788 30 205 2107 2208 2209 2210 2211 2212 2213 2214 
789 210 13 2106 2215 2216 2217 2218 2219 2220 2221 
790 29 341 2097 342 343 2222 2223 2224 2225 2226 
791 283 14 2096 285 284 2227 2228 2229 2230 2231 
792 351 30 2107 353 352 2213 2212 2232 2233 2234 
793 13 273 2106 274 275 2235 2236 2218 2217 2237 
794 17 290 2105 294 293 2238 2239 2240 2241 2242 
795 2100 2102 2111 2243 2244 2245 2246 2247 2248 2249 
796 334 26 2104 337 338 2250 2251 2252 2253 2254 
797 307 2100 2111 2181 2180 2248 2247 2255 2256 2257 
798 324 2101 2103 2176 2175 2258 2259 2260 2261 2262 
799 2100 300 2102 2169 2168 2263 2264 2244 2243 2265 
800 2103 2101 2110 2259 2258 2266 2267 2268 2269 2270 
801 2096 209 2105 2271 2272 2273 2274 2275 2276 2277 
802 206 2097 2104 2278 2279 2280 2281 2282 2283 2284 
803 21 307 2111 311 310 2256 2255 2285 2286 2287 
804 2101 317 2110 2184 2183 2288 2289 2267 2266 2290 
805 317 22 2110 320 321 2291 2292 2289 2288 2293 
806 208 21 2111 2294 2295 2286 2285 2296 2297 2298 
807 22 207 2110 2299 2300 2301 2302 2292 2291 2303 
808 300 18 2102 303 304 2304 2305 2264 2263 2306 
809 25 324 2103 328 327 2261 2260 2307 2308 2309 
810 266 2092 2108 2310 2311 2312 2313 2314 2315 2316 
811 2093 249 2109 2317 2318 2319 2320 2321 2322 2323 
812 26 206 2104 2324 2325 2283 2282 2251 2250 2326 
813 2094 266 2108 2154 2153 2315 2314 2327 2328 2329 
814 249 2095 2109 2166 2165 2330 2331 2320 2319 2332 
815 273 2094 2108 2151 2150 2328 2327 2333 2334 2335 
816 2095 351 2109 2159 2158 2336 2337 2331 2330 2338 
817 2092 2106 2108 2339 2340 2341 2342 2313 2312 2343 
818 2107 2093 2109 2344 2345 2322 2321 2346 2347 2348 
819 209 17 2105 2349 2350 2241 2240 2274 2273 2351 
820 2097 341 2113 2223 2222 2352 2353 2354 2355 2356 
821 2104 2097 2113 2281 2280 2355 2354 2357 2358 2359 
822 30 346 205 347 348 2146 2145 2209 2208 2360 
823 278 13 210 281 282 2216 2215 2361 2362 2363 
824 2096 2105 2112 2276 2275 2364 2365 2366 2367 2368 
825 12 11 2094 271 272 2156 2155 2149 2148 2369 
826 6 7 2095 247 248 2161 2160 2164 2163 2370 
827 2102 208 2111 2371 2372 2297 2296 2246 2245 2373 
828 2106 273 2108 2236 2235 2334 2333 2342 2341 2374 
829 351 2107 2109 2233 2232 2347 2346 2337 2336 2375 
830 341 2098 2113 2201 2200 2376 2377 2353 2352 2378 
831 2098 334 2113 2204 2203 2379 2380 2377 2376 2381 
832 283 2096 2112 2230 2229 2367 2366 2382 2383 2384 
833 290 2099 2112 2196 2195 2385 2386 2387 2388 2389 
834 207 2103 2110 2390 2391 2269 2268 2302 2301 2392 
835 2105 290 2112 2239 2238 2388 2387 2365 2364 2393 
836 20 19 2100 305 306 2171 2170 2179 2178 2394 
837 24 23 2101 322 323 2186 2185 2174 2173 2395 
838 16 15 2099 288 289 2191 2190 2194 2193 2396 
839 28 27 2098 339 340 2206 2205 2199 2198 2397 
840 2099 283 2112 2189 2188 2383 2382 2386 2385 2398 
841 8 4 9 2137 2136 259 260 2399 2400 2401 
842 334 2104 2113 2253 2252 2358 2357 2380 2379 2402 
843 205 4 2093 212 211 2141 2140 2403 2404 2405 
844 8 9 254 2400 2399 255 256 257 258 2406 
845 8 249 2093 250 251 2318 2317 2139 2138 2407 
846 9 10 261 2408 2409 262 263 264 265 2410 
847 266 10 2092 268 267 2134 2133 2311 2310 2411 
848 9 4 10 260 259 2130 2129 2409 2408 2412 
849 210 209 14 222 221 2413 2414 2415 2416 2417 
850 14 209 2096 2414 2413 2272 2271 2228 2227 2418 
851 14 278 210 279 280 2362 2361 2416 2415 2419 
852 295 17 209 297 296 2350 2349 2420 2421 2422 
853 18 208 2102 2125 2124 2372 2371 2305 2304 2423 
854 18 295 209 299 298 2421 2420 2127 2126 2424 
855 312 21 208 314 313 2295 2294 2115 2114 2425 
856 22 312 207 316 315 2117 2116 2300 2299 2426 
857 329 25 206 331 330 2120 2119 2427 2428 2429 
858 207 25 2103 2122 2121 2308 2307 2391 2390 2430 
859 26 329 206 333 332 2428 2427 2325 2324 2431 
860 206 205 29 214 213 2144 2143 2432 2433 2434 
861 206 29 2097 2433 2432 2225 2224 2279 2278 2435 
862 205 2093 2107 2404 2403 2345 2344 2211 2210 2436 
863 4 210 2092 224 223 2437 2438 2132 2131 2439 
864 2092 210 2106 2438 2437 2220 2219 2340 2339 2440 
2 6 21 139
865 46 45 2493 390 389 2497 2498 2499 2500 2501 
866 43 42 2474 384 383 2502 2503 2504 2505 2506 
867 2474 42 2487 2503 2502 2507 2508 2509 2510 2511 
868 358 2461 2471 2512 2513 2514 2515 2516 2517 2518 
869 41 40 2443 380 379 2519 2520 2521 2522 2523 
870 2471 2458 2479 2524 2525 2526 2527 2528 2529 2530 
871 2445 34 2470 2531 2532 2533 2534 2535 2536 2537 
872 48 2447 2461 2538 2539 2540 2541 2542 2543 2544 
873 2479 2458 2480 2527 2526 2545 2546 2547 2548 2549 
874 2460 2476 2491 2550 2551 2552 2553 2554 2555 2556 
875 2453 2473 2486 2557 2558 2559 2560 2561 2562 2563 
876 2472 2457 2489 2564 2565 2566 2567 2568 2569 2570 
877 2457 2472 2476 2565 2564 2571 2572 2573 2574 2575 
878 2473 2442 2486 2576 2577 2578 2579 2560 2559 2580 
879 2474 2455 2496 2581 2582 2583 2584 2585 2586 2587 
880 229 2451 2467 2588 2589 2590 2591 2592 2593 2594 
881 2467 2451 2472 2591 2590 2595 2596 2597 2598 2599 
882 231 2483 2488 2600 2601 2602 2603 2604 2605 2606 
883 2446 2471 2479 2607 2608 2529 2528 2609 2610 2611 
884 229 230 2451 239 240 2612 2613 2589 2588 2614 
885 2442 2449 2486 2615 2616 2617 2618 2579 2578 2619 
886 228 2467 2495 2620 2621 2622 2623 2624 2625 2626 
887 45 44 2441 388 387 2627 2628 2629 2630 2631 
888 38 37 2442 374 373 2632 2633 2634 2635 2636 
889 2476 2472 2491 2572 2571 2637 2638 2553 2552 2639 
890 231 232 2446 243 244 2640 2641 2642 2643 2644 
891 227 228 2444 235 236 2645 2646 2647 2648 2649 
892 2444 2475 2482 2650 2651 2652 2653 2654 2655 2656 
893 2471 2446 2485 2608 2607 2657 2658 2659 2660 2661 
894 2455 2462 2496 2662 2663 2664 2665 2584 2583 2666 
895 47 46 2447 392 391 2667 2668 2669 2670 2671 
896 36 35 2445 370 369 2672 2673 2674 2675 2676 
897 2470 358 2482 2677 2678 2679 2680 2681 2682 2683 
898 358 5 2484 361 362 2684 2685 2686 2687 2688 
899 5 358 2485 362 361 2689 2690 2691 2692 2693 
900 228 229 2467 237 238 2593 2592 2621 2620 2694 
901 2444 228 2495 2646 2645 2625 2624 2695 2696 2697 
902 2443 40 2453 2520 2519 2698 2699 2700 2701 2702 
903 230 231 2488 241 242 2605 2604 2703 2704 2705 
904 2460 2453 2486 2706 2707 2562 2561 2708 2709 2710 
905 2467 2472 2489 2598 2597 2569 2568 2711 2712 2713 
906 2451 230 2488 2613 2612 2704 2703 2714 2715 2716 
907 2468 2481 2494 2717 2718 2719 2720 2721 2722 2723 
908 2475 2481 2482 2724 2725 2726 2727 2653 2652 2728 
909 2466 2477 2480 2729 2730 2731 2732 2733 2734 2735 
910 2469 2470 2482 2736 2737 2682 2681 2738 2739 2740 
911 2466 2480 2492 2734 2733 2741 2742 2743 2744 2745 
912 231 2446 2483 2643 2642 2746 2747 2601 2600 2748 
913 2468 2469 2481 2749 2750 2751 2752 2718 2717 2753 
914 2450 46 2493 2754 2755 2500 2499 2756 2757 2758 
915 2443 2453 2454 2701 2700 2759 2760 2761 2762 2763 
916 2444 2482 2484 2655 2654 2764 2765 2766 2767 2768 
917 45 2466 2493 2769 2770 2771 2772 2498 2497 2773 
918 2455 2474 2487 2582 2581 2510 2509 2774 2775 2776 
919 358 2471 2485 2517 2516 2660 2659 2690 2689 2777 
920 2442 37 2448 2633 2632 2778 2779 2780 2781 2782 
921 2472 2451 2478 2596 2595 2783 2784 2785 2786 2787 
922 2475 2444 2489 2651 2650 2788 2789 2790 2791 2792 
923 2462 2464 2477 2793 2794 2795 2796 2797 2798 2799 
924 45 2441 2466 2630 2629 2800 2801 2770 2769 2802 
925 2447 46 2450 2668 2667 2755 2754 2803 2804 2805 
926 2464 2479 2480 2806 2807 2548 2547 2808 2809 2810 
927 2443 2454 2455 2762 2761 2811 2812 2813 2814 2815 
928 227 2444 2484 2648 2647 2767 2766 2816 2817 2818 
929 2446 232 2485 2641 2640 2819 2820 2658 2657 2821 
930 36 2445 2468 2675 2674 2822 2823 2824 2825 2826 
931 2464 2465 2479 2827 2828 2829 2830 2807 2806 2831 
932 2462 2463 2464 2832 2833 2834 2835 2794 2793 2836 
933 232 5 2485 245 246 2692 2691 2820 2819 2837 
934 5 227 2484 233 234 2817 2816 2685 2684 2838 
935 2442 2448 2449 2781 2780 2839 2840 2616 2615 2841 
936 2466 2441 2477 2801 2800 2842 2843 2730 2729 2844 
937 2455 2459 2462 2845 2846 2847 2848 2663 2662 2849 
938 2449 2476 2486 2850 2851 2852 2853 2618 2617 2854 
939 2449 2457 2476 2855 2856 2574 2573 2851 2850 2857 
940 2452 2450 2458 2858 2859 2860 2861 2862 2863 2864 
941 2449 2448 2456 2840 2839 2865 2866 2867 2868 2869 
942 2463 2459 2478 2870 2871 2872 2873 2874 2875 2876 
943 2454 2453 2460 2760 2759 2707 2706 2877 2878 2879 
944 2457 2456 2475 2880 2881 2882 2883 2884 2885 2886 
945 2447 2450 2452 2804 2803 2859 2858 2887 2888 2889 
946 2483 2465 2488 2890 2891 2892 2893 2603 2602 2894 
947 2464 2463 2465 2835 2834 2895 2896 2828 2827 2897 
948 2468 2445 2469 2823 2822 2898 2899 2750 2749 2900 
949 2449 2456 2457 2868 2867 2881 2880 2856 2855 2901 
950 2469 2445 2470 2899 2898 2536 2535 2737 2736 2902 
951 2447 2452 2461 2888 2887 2903 2904 2541 2540 2905 
952 2462 2459 2463 2848 2847 2871 2870 2833 2832 2906 
953 2454 2460 2491 2878 2877 2555 2554 2907 2908 2909 
954 39 2442 2473 2910 2911 2577 2576 2912 2913 2914 
955 2455 2454 2459 2812 2811 2915 2916 2846 2845 2917 
956 2476 2460 2486 2551 2550 2709 2708 2853 2852 2918 
957 2462 2477 2496 2798 2797 2919 2920 2665 2664 2921 
958 2479 2465 2483 2830 2829 2891 2890 2922 2923 2924 
959 2459 2454 2491 2916 2915 2908 2907 2925 2926 2927 
960 2441 43 2474 2928 2929 2505 2504 2930 2931 2932 
961 2481 2456 2494 2933 2934 2935 2936 2720 2719 2937 
962 2472 2478 2491 2786 2785 2938 2939 2638 2637 2940 
963 2452 2458 2471 2863 2862 2525 2524 2941 2942 2943 
964 2489 2444 2495 2789 2788 2696 2695 2944 2945 2946 
965 2475 2456 2481 2883 2882 2934 2933 2725 2724 2947 
966 2443 2455 2487 2814 2813 2775 2774 2948 2949 2950 
967 2477 2464 2480 2796 2795 2809 2808 2732 2731 2951 
968 2458 2450 2492 2861 2860 2952 2953 2954 2955 2956 
969 2478 2459 2491 2873 2872 2926 2925 2939 2938 2957 
970 2492 2450 2493 2953 2952 2757 2756 2958 2959 2960 
971 42 41 2443 382 381 2522 2521 2961 2962 2963 
972 2446 2479 2483 2610 2609 2923 2922 2747 2746 2964 
973 2466 2492 2493 2744 2743 2959 2958 2772 2771 2965 
974 2482 358 2484 2680 2679 2687 2686 2765 2764 2966 
975 2456 2448 2494 2866 2865 2967 2968 2936 2935 2969 
976 2480 2458 2492 2546 2545 2955 2954 2742 2741 2970 
977 2457 2475 2489 2885 2884 2791 2790 2567 2566 2971 
978 2477 2441 2496 2843 2842 2972 2973 2920 2919 2974 
979 2465 2463 2490 2896 2895 2975 2976 2977 2978 2979 
980 2441 2474 2496 2931 2930 2586 2585 2973 2972 2980 
981 2463 2478 2490 2875 2874 2981 2982 2976 2975 2983 
982 2481 2469 2482 2752 2751 2739 2738 2727 2726 2984 
983 2478 2451 2490 2784 2783 2985 2986 2982 2981 2987 
984 39 38 2442 376 375 2635 2634 2911 2910 2988 
985 44 43 2441 386 385 2929 2928 2628 2627 2989 
986 2488 2465 2490 2893 2892 2978 2977 2990 2991 2992 
987 42 2443 2487 2962 2961 2949 2948 2508 2507 2993 
988 48 47 2447 394 393 2670 2669 2539 2538 2994 
989 35 34 2445 368 367 2532 2531 2673 2672 2995 
990 2451 2488 2490 2715 2714 2991 2990 2986 2985 2996 
991 2467 2489 2495 2712 2711 2945 2944 2623 2622 2997 
992 32 31 2461 357 356 2998 2999 3000 3001 3002 
993 31 48 2461 396 395 2543 2542 2999 2998 3003 
994 358 32 2461 360 359 3001 3000 2513 2512 3004 
995 34 33 2470 366 365 3005 3006 2534 2533 3007 
996 33 32 2470 364 363 3008 3009 3006 3005 3010 
997 37 36 2468 372 371 2825 2824 3011 3012 3013 
998 2448 37 2468 2779 2778 3012 3011 3014 3015 3016 
999 40 39 2473 378 377 2913 2912 3017 3018 3019 
1000 2453 40 2473 2699 2698 3018 3017 2558 2557 3020 
1001 32 358 2470 359 360 2678 2677 3009 3008 3021 
1002 2448 2468 2494 3015 3014 2722 2721 2968 2967 3022 
1003 2461 2452 2471 2904 2903 2942 2941 2515 2514 3023 
2 7 21 14
1004 6 419 7 3024 3025 426 425 248 247 3026 
1005 6 399 419 405 406 3027 3028 3025 3024 3029 
1006 49 50 424 397 398 438 437 3030 3031 3032 
1007 404 49 424 417 418 3031 3030 3033 3034 3035 
1008 400 420 399 3036 3037 3038 3039 407 408 3040 
1009 399 420 419 3039 3038 428 427 3028 3027 3041 
1010 400 401 420 409 410 3042 3043 3037 3036 3044 
1011 401 402 421 411 412 3045 3046 3047 3048 3049 
1012 401 421 420 3048 3047 430 429 3043 3042 3050 
1013 403 422 402 3051 3052 3053 3054 413 414 3055 
1014 402 422 421 3054 3053 432 431 3046 3045 3056 
1015 403 404 423 415 416 3057 3058 3059 3060 3061 
1016 403 423 422 3060 3059 434 433 3052 3051 3062 
1017 404 424 423 3034 3033 436 435 3058 3057 3063 
2 8 21 18
1018 463 51 424 465 464 3064 3065 3066 3067 3068 
1019 351 439 30 3069 3070 446 445 352 353 3071 
1020 53 463 52 467 466 3072 3073 461 462 3074 
1021 351 7 439 354 355 3075 3076 3070 3069 3077 
1022 439 7 419 3076 3075 425 426 3078 3079 3080 
1023 463 50 52 3081 3082 459 460 3073 3072 3083 
1024 424 50 463 437 438 3082 3081 3067 3066 3084 
1025 51 444 424 458 457 3085 3086 3065 3064 3087 
1026 419 420 440 427 428 3088 3089 3090 3091 3092 
1027 439 419 440 3079 3078 3091 3090 448 447 3093 
1028 441 420 421 3094 3095 429 430 3096 3097 3098 
1029 440 420 441 3089 3088 3095 3094 450 449 3099 
1030 422 442 421 3100 3101 3102 3103 431 432 3104 
1031 421 442 441 3103 3102 452 451 3097 3096 3105 
1032 423 443 422 3106 3107 3108 3109 433 434 3110 
1033 422 443 442 3109 3108 454 453 3101 3100 3111 
1034 424 444 423 3086 3085 3112 3113 435 436 3114 
1035 423 444 443 3113 3112 456 455 3107 3106 3115 
2 9 21 16
1036 439 468 346 3116 3117 3118 3119 3120 3121 3122 
1037 51 488 54 489 490 491 492 3123 3124 3125 
1038 468 29 346 475 474 350 349 3119 3118 3126 
1039 30 439 346 445 446 3121 3120 348 347 3127 
1040 473 51 54 3128 3129 3124 3123 487 486 3130 
1041 444 51 473 457 458 3129 3128 3131 3132 3133 
1042 468 439 440 3117 3116 447 448 3134 3135 3136 
1043 470 440 441 3137 3138 449 450 3139 3140 3141 
1044 468 440 469 3135 3134 3142 3143 477 476 3144 
1045 440 470 469 3138 3137 479 478 3143 3142 3145 
1046 471 441 442 3146 3147 451 452 3148 3149 3150 
1047 471 470 441 481 480 3140 3139 3147 3146 3151 
1048 471 442 443 3149 3148 453 454 3152 3153 3154 
1049 472 443 444 3155 3156 455 456 3157 3158 3159 
1050 471 443 472 3153 3152 3156 3155 483 482 3160 
1051 472 444 473 3158 3157 3132 3131 485 484 3161 
2 10 21 18
1052 517 498 54 3162 3163 3164 3165 518 519 3166 
1053 341 29 468 343 342 474 475 3167 3168 3169 
1054 57 56 517 516 515 3170 3171 520 521 3172 
1055 341 468 28 3168 3167 3173 3174 345 344 3175 
1056 468 493 28 3176 3177 500 499 3174 3173 3178 
1057 54 498 473 3165 3164 3179 3180 486 487 3181 
1058 55 517 56 3182 3183 3171 3170 514 513 3184 
1059 498 517 55 3163 3162 3183 3182 512 511 3185 
1060 468 469 493 476 477 3186 3187 3177 3176 3188 
1061 469 470 494 478 479 3189 3190 3191 3192 3193 
1062 493 469 494 3187 3186 3192 3191 502 501 3194 
1063 471 495 470 3195 3196 3197 3198 480 481 3199 
1064 470 495 494 3198 3197 504 503 3190 3189 3200 
1065 472 496 471 3201 3202 3203 3204 482 483 3205 
1066 496 495 471 506 505 3196 3195 3204 3203 3206 
1067 497 472 473 3207 3208 484 485 3209 3210 3211 
1068 497 496 472 508 507 3202 3201 3208 3207 3212 
1069 498 497 473 510 509 3210 3209 3180 3179 3213 
2 11 21 14
1070 28 493 27 499 500 3214 3215 340 339 3216 
1071 493 524 27 3217 3218 531 530 3215 3214 3219 
1072 498 55 58 511 512 522 523 3220 3221 3222 
1073 498 58 529 3221 3220 543 542 3223 3224 3225 
1074 494 524 493 3226 3227 3218 3217 501 502 3228 
1075 495 525 494 3229 3230 3231 3232 503 504 3233 
1076 494 525 524 3232 3231 533 532 3227 3226 3234 
1077 495 496 527 505 506 3235 3236 3237 3238 3239 
1078 495 526 525 3240 3241 535 534 3230 3229 3242 
1079 495 527 526 3238 3237 537 536 3241 3240 3243 
1080 527 496 497 3236 3235 507 508 3244 3245 3246 
1081 497 498 529 509 510 3224 3223 3247 3248 3249 
1082 528 527 497 539 538 3245 3244 3250 3251 3252 
1083 497 529 528 3248 3247 541 540 3251 3250 3253 
2 12 21 18
1084 529 564 59 3254 3255 567 568 3256 3257 3258 
1085 334 544 26 3259 3260 551 550 338 337 3261 
1086 564 61 60 3262 3263 569 570 565 566 3264 
1087 334 27 544 336 335 3265 3266 3260 3259 3267 
1088 544 27 524 3266 3265 530 531 3268 3269 3270 
1089 61 564 58 3263 3262 3271 3272 572 571 3273 
1090 58 564 529 3272 3271 3255 3254 542 543 3274 
1091 549 529 59 3275 3276 3257 3256 563 562 3277 
1092 524 525 545 532 533 3278 3279 3280 3281 3282 
1093 544 524 545 3269 3268 3281 3280 553 552 3283 
1094 546 525 526 3284 3285 534 535 3286 3287 3288 
1095 525 546 545 3285 3284 555 554 3279 3278 3289 
1096 547 526 527 3290 3291 536 537 3292 3293 3294 
1097 547 546 526 557 556 3287 3286 3291 3290 3295 
1098 548 527 528 3296 3297 538 539 3298 3299 3300 
1099 548 547 527 559 558 3293 3292 3297 3296 3301 
1100 549 528 529 3302 3303 540 541 3276 3275 3304 
1101 549 548 528 561 560 3299 3298 3303 3302 3305 
2 13 21 16
1102 329 544 573 3306 3307 3308 3309 3310 3311 3312 
1103 62 59 593 3313 3314 597 596 595 594 3315 
1104 25 329 573 330 331 3311 3310 580 579 3316 
1105 26 544 329 550 551 3307 3306 332 333 3317 
1106 549 59 62 562 563 3314 3313 3318 3319 3320 
1107 62 578 549 592 591 3321 3322 3319 3318 3323 
1108 573 544 545 3309 3308 552 553 3324 3325 3326 
1109 574 545 546 3327 3328 554 555 3329 3330 3331 
1110 573 545 574 3325 3324 3328 3327 582 581 3332 
1111 547 575 546 3333 3334 3335 3336 556 557 3337 
1112 546 575 574 3336 3335 584 583 3330 3329 3338 
1113 577 547 548 3339 3340 558 559 3341 3342 3343 
1114 547 576 575 3344 3345 586 585 3334 3333 3346 
1115 576 547 577 3345 3344 3340 3339 588 587 3347 
1116 578 548 549 3348 3349 560 561 3322 3321 3350 
1117 577 548 578 3342 3341 3349 3348 590 589 3351 
2 14 21 18
1118 618 603 62 3352 3353 3354 3355 622 621 3356 
1119 618 64 65 620 619 624 623 3357 3358 3359 
1120 324 573 24 3360 3361 3362 3363 325 326 3364 
1121 24 573 598 3363 3362 3365 3366 605 604 3367 
1122 25 573 324 579 580 3361 3360 327 328 3368 
1123 603 578 62 3369 3370 591 592 3355 3354 3371 
1124 65 63 618 625 626 3372 3373 3358 3357 3374 
1125 63 603 618 617 616 3353 3352 3373 3372 3375 
1126 573 574 598 581 582 3376 3377 3366 3365 3378 
1127 599 574 575 3379 3380 583 584 3381 3382 3383 
1128 598 574 599 3377 3376 3380 3379 607 606 3384 
1129 576 600 575 3385 3386 3387 3388 585 586 3389 
1130 575 600 599 3388 3387 609 608 3382 3381 3390 
1131 577 601 576 3391 3392 3393 3394 587 588 3395 
1132 576 601 600 3394 3393 611 610 3386 3385 3396 
1133 577 578 602 589 590 3397 3398 3399 3400 3401 
1134 602 601 577 613 612 3392 3391 3400 3399 3402 
1135 602 578 603 3398 3397 3370 3369 615 614 3403 
2 15 21 14
1136 24 598 23 604 605 3404 3405 323 322 3406 
1137 598 629 23 3407 3408 636 635 3405 3404 3409 
1138 603 63 66 616 617 627 628 3410 3411 3412 
1139 603 66 634 3411 3410 648 647 3413 3414 3415 
1140 599 629 598 3416 3417 3408 3407 606 607 3418 
1141 599 600 630 608 609 3419 3420 3421 3422 3423 
1142 599 630 629 3422 3421 638 637 3417 3416 3424 
1143 600 601 632 610 611 3425 3426 3427 3428 3429 
1144 600 631 630 3430 3431 640 639 3420 3419 3432 
1145 600 632 631 3428 3427 642 641 3431 3430 3433 
1146 632 601 602 3426 3425 612 613 3434 3435 3436 
1147 603 634 602 3414 3413 3437 3438 614 615 3439 
1148 633 632 602 644 643 3435 3434 3440 3441 3442 
1149 602 634 633 3438 3437 646 645 3441 3440 3443 
2 16 21 18
1150 634 669 67 3444 3445 672 673 3446 3447 3448 
1151 669 69 68 3449 3450 674 675 670 671 3451 
1152 22 317 649 321 320 3452 3453 656 655 3454 
1153 317 23 649 319 318 3455 3456 3453 3452 3457 
1154 23 629 649 635 636 3458 3459 3456 3455 3460 
1155 69 669 66 3450 3449 3461 3462 677 676 3463 
1156 66 669 634 3462 3461 3445 3444 647 648 3464 
1157 654 634 67 3465 3466 3447 3446 668 667 3467 
1158 629 630 650 637 638 3468 3469 3470 3471 3472 
1159 649 629 650 3459 3458 3471 3470 658 657 3473 
1160 651 630 631 3474 3475 639 640 3476 3477 3478 
1161 630 651 650 3475 3474 660 659 3469 3468 3479 
1162 652 631 632 3480 3481 641 642 3482 3483 3484 
1163 652 651 631 662 661 3477 3476 3481 3480 3485 
1164 653 632 633 3486 3487 643 644 3488 3489 3490 
1165 653 652 632 664 663 3483 3482 3487 3486 3491 
1166 654 633 634 3492 3493 645 646 3466 3465 3494 
1167 654 653 633 666 665 3489 3488 3493 3492 3495 
2 17 21 16
1168 312 649 678 3496 3497 3498 3499 3500 3501 3502 
1169 70 67 698 3503 3504 702 701 700 699 3505 
1170 21 312 678 313 314 3501 3500 685 684 3506 
1171 22 649 312 655 656 3497 3496 315 316 3507 
1172 654 67 70 667 668 3504 3503 3508 3509 3510 
1173 70 683 654 697 696 3511 3512 3509 3508 3513 
1174 678 649 650 3499 3498 657 658 3514 3515 3516 
1175 651 679 650 3517 3518 3519 3520 659 660 3521 
1176 650 679 678 3520 3519 687 686 3515 3514 3522 
1177 652 680 651 3523 3524 3525 3526 661 662 3527 
1178 651 680 679 3526 3525 689 688 3518 3517 3528 
1179 653 682 652 3529 3530 3531 3532 663 664 3533 
1180 652 681 680 3534 3535 691 690 3524 3523 3536 
1181 682 681 652 693 692 3535 3534 3532 3531 3537 
1182 654 682 653 3538 3539 3530 3529 665 666 3540 
1183 654 683 682 3512 3511 695 694 3539 3538 3541 
2 18 21 18
1184 708 70 723 3542 3543 727 726 3544 3545 3546 
1185 723 72 73 725 724 729 728 3547 3548 3549 
1186 307 678 20 3550 3551 3552 3553 308 309 3554 
1187 20 678 703 3553 3552 3555 3556 710 709 3557 
1188 21 678 307 684 685 3551 3550 310 311 3558 
1189 683 70 708 696 697 3543 3542 3559 3560 3561 
1190 73 71 723 730 731 3562 3563 3548 3547 3564 
1191 71 708 723 722 721 3545 3544 3563 3562 3565 
1192 678 679 703 686 687 3566 3567 3556 3555 3568 
1193 704 679 680 3569 3570 688 689 3571 3572 3573 
1194 703 679 704 3567 3566 3570 3569 712 711 3574 
1195 681 705 680 3575 3576 3577 3578 690 691 3579 
1196 680 705 704 3578 3577 714 713 3572 3571 3580 
1197 682 706 681 3581 3582 3583 3584 692 693 3585 
1198 681 706 705 3584 3583 716 715 3576 3575 3586 
1199 683 707 682 3587 3588 3589 3590 694 695 3591 
1200 682 707 706 3590 3589 718 717 3582 3581 3592 
1201 683 708 707 3560 3559 720 719 3588 3587 3593 
2 19 21 14
1202 20 732 19 3594 3595 739 738 306 305 3596 
1203 703 732 20 3597 3598 3595 3594 709 710 3599 
1204 708 71 74 721 722 752 753 3600 3601 3602 
1205 708 74 737 3601 3600 751 750 3603 3604 3605 
1206 703 704 732 711 712 3606 3607 3598 3597 3608 
1207 705 733 704 3609 3610 3611 3612 713 714 3613 
1208 704 733 732 3612 3611 741 740 3607 3606 3614 
1209 706 735 705 3615 3616 3617 3618 715 716 3619 
1210 705 734 733 3620 3621 743 742 3610 3609 3622 
1211 735 734 705 745 744 3621 3620 3618 3617 3623 
1212 706 707 735 717 718 3624 3625 3616 3615 3626 
1213 708 736 707 3627 3628 3629 3630 719 720 3631 
1214 707 736 735 3630 3629 747 746 3625 3624 3632 
1215 708 737 736 3604 3603 749 748 3628 3627 3633 
2 20 21 18
1216 737 774 75 3634 3635 777 778 3636 3637 3638 
1217 774 77 76 3639 3640 779 780 775 776 3641 
1218 18 300 754 304 303 3642 3643 761 760 3644 
1219 300 19 754 302 301 3645 3646 3643 3642 3647 
1220 19 732 754 738 739 3648 3649 3646 3645 3650 
1221 774 74 77 3651 3652 782 781 3640 3639 3653 
1222 74 774 737 3652 3651 3635 3634 750 751 3654 
1223 759 737 75 3655 3656 3637 3636 773 772 3657 
1224 755 732 733 3658 3659 740 741 3660 3661 3662 
1225 732 755 754 3659 3658 763 762 3649 3648 3663 
1226 756 733 734 3664 3665 742 743 3666 3667 3668 
1227 756 755 733 765 764 3661 3660 3665 3664 3669 
1228 757 734 735 3670 3671 744 745 3672 3673 3674 
1229 757 756 734 767 766 3667 3666 3671 3670 3675 
1230 736 758 735 3676 3677 3678 3679 746 747 3680 
1231 758 757 735 769 768 3673 3672 3679 3678 3681 
1232 759 736 737 3682 3683 748 749 3656 3655 3684 
1233 759 758 736 771 770 3677 3676 3683 3682 3685 
2 21 21 16
1234 295 754 783 3686 3687 3688 3689 3690 3691 3692 
1235 78 75 803 3693 3694 807 806 805 804 3695 
1236 783 17 295 790 789 296 297 3691 3690 3696 
1237 18 754 295 760 761 3687 3686 298 299 3697 
1238 759 75 78 772 773 3694 3693 3698 3699 3700 
1239 78 788 759 802 801 3701 3702 3699 3698 3703 
1240 754 755 784 762 763 3704 3705 3706 3707 3708 
1241 783 754 784 3689 3688 3707 3706 792 791 3709 
1242 784 755 756 3705 3704 764 765 3710 3711 3712 
1243 757 785 756 3713 3714 3715 3716 766 767 3717 
1244 785 784 756 794 793 3711 3710 3716 3715 3718 
1245 758 786 757 3719 3720 3721 3722 768 769 3723 
1246 757 786 785 3722 3721 796 795 3714 3713 3724 
1247 759 787 758 3725 3726 3727 3728 770 771 3729 
1248 758 787 786 3728 3727 798 797 3720 3719 3730 
1249 759 788 787 3702 3701 800 799 3726 3725 3731 
2 22 21 18
1250 813 78 828 3732 3733 832 831 3734 3735 3736 
1251 828 79 813 3737 3738 827 826 3735 3734 3739 
1252 828 80 81 830 829 834 833 3740 3741 3742 
1253 290 783 16 3743 3744 3745 3746 291 292 3747 
1254 16 783 808 3746 3745 3748 3749 815 814 3750 
1255 17 783 290 789 790 3744 3743 293 294 3751 
1256 788 78 813 801 802 3733 3732 3752 3753 3754 
1257 828 81 79 3741 3740 835 836 3738 3737 3755 
1258 808 783 784 3749 3748 791 792 3756 3757 3758 
1259 785 809 784 3759 3760 3761 3762 793 794 3763 
1260 784 809 808 3762 3761 817 816 3757 3756 3764 
1261 785 786 810 795 796 3765 3766 3767 3768 3769 
1262 785 810 809 3768 3767 819 818 3760 3759 3770 
1263 811 786 787 3771 3772 797 798 3773 3774 3775 
1264 810 786 811 3766 3765 3772 3771 821 820 3776 
1265 788 812 787 3777 3778 3779 3780 799 800 3781 
1266 787 812 811 3780 3779 823 822 3774 3773 3782 
1267 813 812 788 825 824 3778 3777 3753 3752 3783 
2 23 21 14
1268 16 837 15 3784 3785 844 843 289 288 3786 
1269 16 808 837 814 815 3787 3788 3785 3784 3789 
1270 79 82 842 857 858 856 855 3790 3791 3792 
1271 813 79 842 826 827 3791 3790 3793 3794 3795 
1272 809 837 808 3796 3797 3788 3787 816 817 3798 
1273 810 839 809 3799 3800 3801 3802 818 819 3803 
1274 809 838 837 3804 3805 846 845 3797 3796 3806 
1275 809 839 838 3802 3801 848 847 3805 3804 3807 
1276 811 839 810 3808 3809 3800 3799 820 821 3810 
1277 811 812 840 822 823 3811 3812 3813 3814 3815 
1278 811 840 839 3814 3813 850 849 3809 3808 3816 
1279 813 841 812 3817 3818 3819 3820 824 825 3821 
1280 812 841 840 3820 3819 852 851 3812 3811 3822 
1281 813 842 841 3794 3793 854 853 3818 3817 3823 
2 24 21 18
1282 883 83 842 885 884 3824 3825 3826 3827 3828 
1283 283 859 14 3829 3830 866 865 284 285 3831 
1284 85 883 84 887 886 3832 3833 881 882 3834 
1285 283 15 859 286 287 3835 3836 3830 3829 3837 
1286 15 837 859 843 844 3838 3839 3836 3835 3840 
1287 883 82 84 3841 3842 879 880 3833 3832 3843 
1288 842 82 883 855 856 3842 3841 3827 3826 3844 
1289 842 83 864 3825 3824 878 877 3845 3846 3847 
1290 860 837 838 3848 3849 845 846 3850 3851 3852 
1291 859 837 860 3839 3838 3849 3848 868 867 3853 
1292 861 838 839 3854 3855 847 848 3856 3857 3858 
1293 860 838 861 3851 3850 3855 3854 870 869 3859 
1294 840 862 839 3860 3861 3862 3863 849 850 3864 
1295 839 862 861 3863 3862 872 871 3857 3856 3865 
1296 841 863 840 3866 3867 3868 3869 851 852 3870 
1297 840 863 862 3869 3868 874 873 3861 3860 3871 
1298 842 864 841 3846 3845 3872 3873 853 854 3874 
1299 864 863 841 876 875 3867 3866 3873 3872 3875 
2 25 21 16
1300 278 859 888 3876 3877 3878 3879 3880 3881 3882 
1301 83 908 86 909 910 911 912 3883 3884 3885 
1302 13 278 888 282 281 3881 3880 895 894 3886 
1303 14 859 278 865 866 3877 3876 280 279 3887 
1304 893 83 86 3888 3889 3884 3883 907 906 3890 
1305 893 864 83 3891 3892 877 878 3889 3888 3893 
1306 859 860 889 867 868 3894 3895 3896 3897 3898 
1307 859 889 888 3897 3896 897 896 3879 3878 3899 
1308 890 860 861 3900 3901 869 870 3902 3903 3904 
1309 860 890 889 3901 3900 899 898 3895 3894 3905 
1310 890 861 862 3903 3902 871 872 3906 3907 3908 
1311 892 862 863 3909 3910 873 874 3911 3912 3913 
1312 890 862 891 3907 3906 3914 3915 901 900 3916 
1313 862 892 891 3910 3909 903 902 3915 3914 3917 
1314 863 864 893 875 876 3892 3891 3918 3919 3920 
1315 892 863 893 3912 3911 3919 3918 905 904 3921 
2 26 21 18
1316 937 918 86 3922 3923 3924 3925 938 939 3926 
1317 273 13 888 275 274 894 895 3927 3928 3929 
1318 89 88 937 936 935 3930 3931 940 941 3932 
1319 273 888 12 3928 3927 3933 3934 277 276 3935 
1320 12 888 913 3934 3933 3936 3937 920 919 3938 
1321 86 918 893 3925 3924 3939 3940 906 907 3941 
1322 937 88 87 3931 3930 934 933 3942 3943 3944 
1323 918 937 87 3923 3922 3943 3942 932 931 3945 
1324 888 889 913 896 897 3946 3947 3937 3936 3948 
1325 889 890 914 898 899 3949 3950 3951 3952 3953 
1326 913 889 914 3947 3946 3952 3951 922 921 3954 
1327 915 890 891 3955 3956 900 901 3957 3958 3959 
1328 890 915 914 3956 3955 924 923 3950 3949 3960 
1329 916 891 892 3961 3962 902 903 3963 3964 3965 
1330 916 915 891 926 925 3958 3957 3962 3961 3966 
1331 893 917 892 3967 3968 3969 3970 904 905 3971 
1332 917 916 892 928 927 3964 3963 3970 3969 3972 
1333 918 917 893 930 929 3968 3967 3940 3939 3973 
2 27 21 14
1334 12 942 11 3974 3975 949 948 272 271 3976 
1335 12 913 942 919 920 3977 3978 3975 3974 3979 
1336 87 90 947 962 963 961 960 3980 3981 3982 
1337 918 87 947 931 932 3981 3980 3983 3984 3985 
1338 913 914 942 921 922 3986 3987 3978 3977 3988 
1339 915 943 914 3989 3990 3991 3992 923 924 3993 
1340 914 943 942 3992 3991 951 950 3987 3986 3994 
1341 916 945 915 3995 3996 3997 3998 925 926 3999 
1342 915 944 943 4000 4001 953 952 3990 3989 4002 
1343 915 945 944 3998 3997 955 954 4001 4000 4003 
1344 916 917 945 927 928 4004 4005 3996 3995 4006 
1345 917 918 946 929 930 4007 4008 4009 4010 4011 
1346 917 946 945 4010 4009 957 956 4005 4004 4012 
1347 918 947 946 3984 3983 959 958 4008 4007 4013 
2 28 21 18
1348 988 91 947 990 989 4014 4015 4016 4017 4018 
1349 10 266 964 267 268 4019 4020 971 970 4021 
1350 93 988 92 992 991 4022 4023 986 987 4024 
1351 964 266 11 4020 4019 269 270 4025 4026 4027 
1352 11 942 964 948 949 4028 4029 4026 4025 4030 
1353 988 90 92 4031 4032 984 985 4023 4022 4033 
1354 947 90 988 960 961 4032 4031 4017 4016 4034 
1355 91 969 947 983 982 4035 4036 4015 4014 4037 
1356 942 943 965 950 951 4038 4039 4040 4041 4042 
1357 964 942 965 4029 4028 4041 4040 973 972 4043 
1358 966 943 944 4044 4045 952 953 4046 4047 4048 
1359 965 943 966 4039 4038 4045 4044 975 974 4049 
1360 945 967 944 4050 4051 4052 4053 954 955 4054 
1361 967 966 944 977 976 4047 4046 4053 4052 4055 
1362 946 968 945 4056 4057 4058 4059 956 957 4060 
1363 945 968 967 4059 4058 979 978 4051 4050 4061 
1364 947 969 946 4036 4035 4062 4063 958 959 4064 
1365 946 969 968 4063 4062 981 980 4057 4056 4065 
2 29 21 20
1366 964 993 9 4066 4067 4068 4069 4070 4071 4072 
1367 94 91 1018 4073 4074 1019 1020 4075 4076 4077 
1368 254 993 8 4078 4079 1000 999 258 257 4080 
1369 993 254 9 4079 4078 256 255 4069 4068 4081 
1370 261 964 9 4082 4083 4071 4070 265 264 4084 
1371 10 964 261 970 971 4083 4082 263 262 4085 
1372 998 91 94 4086 4087 4074 4073 1012 1011 4088 
1373 91 998 969 4087 4086 4089 4090 982 983 4091 
1374 94 1018 1013 4076 4075 4092 4093 1016 1017 4094 
1375 1013 1018 95 4093 4092 1021 1022 1014 1015 4095 
1376 994 964 965 4096 4097 972 973 4098 4099 4100 
1377 993 964 994 4067 4066 4097 4096 1002 1001 4101 
1378 994 965 966 4099 4098 974 975 4102 4103 4104 
1379 967 996 966 4105 4106 4107 4108 976 977 4109 
1380 994 966 995 4103 4102 4110 4111 1004 1003 4112 
1381 966 996 995 4108 4107 1006 1005 4111 4110 4113 
1382 997 967 968 4114 4115 978 979 4116 4117 4118 
1383 997 996 967 1008 1007 4106 4105 4115 4114 4119 
1384 968 969 998 980 981 4090 4089 4120 4121 4122 
1385 997 968 998 4117 4116 4121 4120 1010 1009 4123 
2 30 21 18
1386 94 1027 404 1028 1029 4124 4125 4126 4127 4128 
1387 8 993 249 999 1000 4129 4130 251 250 4131 
1388 97 96 1027 1026 1025 4132 4133 1030 1031 4134 
1389 993 6 249 4135 4136 253 252 4130 4129 4137 
1390 399 6 993 406 405 4136 4135 4138 4139 4140 
1391 1027 96 49 4133 4132 1024 1023 4141 4142 4143 
1392 404 1027 49 4125 4124 4142 4141 418 417 4144 
1393 94 404 998 4127 4126 4145 4146 1011 1012 4147 
1394 399 994 400 4148 4149 4150 4151 408 407 4152 
1395 994 399 993 4149 4148 4139 4138 1001 1002 4153 
1396 995 401 400 4154 4155 410 409 4156 4157 4158 
1397 994 995 400 1003 1004 4157 4156 4151 4150 4159 
1398 402 401 996 412 411 4160 4161 4162 4163 4164 
1399 401 995 996 4155 4154 1005 1006 4161 4160 4165 
1400 403 402 997 414 413 4166 4167 4168 4169 4170 
1401 997 402 996 4167 4166 4163 4162 1007 1008 4171 
1402 404 403 998 416 415 4172 4173 4146 4145 4174 
1403 403 997 998 4169 4168 1009 1010 4173 4172 4175 
2 31 21 1
1404 31 32 98 356 357 1033 1032 1035 1034 4176 
2 32 21 6
1405 31 1036 4177 1040 1039 4178 4179 4180 4181 4182 
1406 1041 48 4177 1044 1045 4183 4184 4185 4186 4187 
1407 48 31 4177 395 396 4181 4180 4184 4183 4188 
1408 1036 1041 4177 4189 4190 4186 4185 4179 4178 4191 
1409 1041 90 87 4192 4193 963 962 1042 1043 4194 
1410 1041 1036 90 4190 4189 1038 1037 4193 4192 4195 
2 33 21 1
1411 47 48 99 393 394 1046 1047 1049 1048 4196 
2 34 21 1
1412 46 47 100 391 392 1051 1050 1053 1052 4197 
2 35 21 6
1413 46 1054 4198 1058 1057 4199 4200 4201 4202 4203 
1414 1059 45 4198 1061 1060 4204 4205 4206 4207 4208 
1415 45 46 4198 389 390 4202 4201 4205 4204 4209 
1416 1054 1059 4198 4210 4211 4207 4206 4200 4199 4212 
1417 79 1054 82 4213 4214 1056 1055 858 857 4215 
1418 1059 1054 79 4211 4210 4214 4213 1063 1062 4216 
2 36 21 1
1419 44 45 101 387 388 1067 1066 1064 1065 4217 
2 37 21 1
1420 43 44 102 385 386 1070 1071 1068 1069 4218 
2 38 21 6
1421 43 1072 4219 1073 1074 4220 4221 4222 4223 4224 
1422 1077 42 4219 1079 1078 4225 4226 4227 4228 4229 
1423 42 43 4219 383 384 4223 4222 4226 4225 4230 
1424 1072 1077 4219 4231 4232 4228 4227 4221 4220 4233 
1425 71 1072 74 4234 4235 1075 1076 753 752 4236 
1426 1077 1072 71 4232 4231 4235 4234 1081 1080 4237 
2 39 21 1
1427 41 42 103 381 382 1085 1084 1082 1083 4238 
2 40 21 1
1428 40 41 104 379 380 1088 1089 1086 1087 4239 
2 41 21 6
1429 40 1095 4240 1096 1097 4241 4242 4243 4244 4245 
1430 1090 39 4240 1092 1091 4246 4247 4248 4249 4250 
1431 39 40 4240 377 378 4244 4243 4247 4246 4251 
1432 1095 1090 4240 4252 4253 4249 4248 4242 4241 4254 
1433 1090 66 63 4255 4256 628 627 1094 1093 4257 
1434 1090 1095 66 4253 4252 1098 1099 4256 4255 4258 
2 42 21 1
1435 38 39 105 375 376 1103 1102 1100 1101 4259 
2 43 21 1
1436 37 38 106 373 374 1106 1107 1104 1105 4260 
2 44 21 6
1437 37 1113 4261 1114 1115 4262 4263 4264 4265 4266 
1438 1108 36 4261 1111 1112 4267 4268 4269 4270 4271 
1439 36 37 4261 371 372 4265 4264 4268 4267 4272 
1440 1113 1108 4261 4273 4274 4270 4269 4263 4262 4275 
1441 55 1113 58 4276 4277 1116 1117 523 522 4278 
1442 1108 1113 55 4274 4273 4277 4276 1109 1110 4279 
2 45 21 1
1443 35 36 107 369 370 1118 1119 1121 1120 4280 
2 46 21 1
1444 34 35 108 367 368 1123 1122 1125 1124 4281 
2 47 21 6
1445 34 1131 4282 1135 1134 4283 4284 4285 4286 4287 
1446 1126 33 4282 1129 1130 4288 4289 4290 4291 4292 
1447 33 34 4282 365 366 4286 4285 4289 4288 4293 
1448 1131 1126 4282 4294 4295 4291 4290 4284 4283 4296 
1449 49 1131 50 4297 4298 1133 1132 398 397 4299 
1450 1126 1131 49 4295 4294 4298 4297 1127 1128 4300 
2 48 21 1
1451 32 33 109 363 364 1136 1137 1139 1138 4301 
2 49 21 8
1452 517 488 463 4302 4303 4304 4305 4306 4307 4308 
1453 57 53 1145 4309 4310 1146 1147 4311 4312 4313 
1454 51 463 488 464 465 4305 4304 490 489 4314 
1455 463 53 57 466 467 4310 4309 4315 4316 4317 
1456 488 517 54 4303 4302 519 518 492 491 4318 
1457 517 463 57 4307 4306 4316 4315 521 520 4319 
1458 57 1145 1140 4312 4311 4320 4321 1143 1144 4322 
1459 1140 1145 110 4321 4320 1148 1149 1141 1142 4323 
2 50 21 5
1460 52 50 53 460 459 4324 4325 462 461 4326 
1461 1150 34 108 4327 4328 1124 1125 1154 1153 4329 
1462 1150 1131 34 4330 4331 1134 1135 4328 4327 4332 
1463 53 50 1131 4325 4324 1132 1133 4333 4334 4335 
1464 53 1131 1150 4334 4333 4331 4330 1152 1151 4336 
2 51 21 5
1465 56 57 55 515 516 4337 4338 513 514 4339 
1466 36 1155 107 4340 4341 1158 1159 1119 1118 4342 
1467 1108 1155 36 4343 4344 4341 4340 1112 1111 4345 
1468 57 1108 55 4346 4347 1110 1109 4338 4337 4348 
1469 57 1155 1108 1156 1157 4344 4343 4347 4346 4349 
2 52 21 5
1470 60 61 58 570 569 571 572 4350 4351 4352 
1471 1160 37 106 4353 4354 1105 1104 1164 1163 4355 
1472 37 1160 1113 4354 4353 4356 4357 1115 1114 4358 
1473 1113 60 58 4359 4360 4351 4350 1117 1116 4361 
1474 1160 60 1113 1162 1161 4360 4359 4357 4356 4362 
2 53 21 8
1475 618 593 564 4363 4364 4365 4366 4367 4368 4369 
1476 64 60 1170 4370 4371 1174 1173 4372 4373 4374 
1477 59 564 593 568 567 4366 4365 596 597 4375 
1478 64 564 60 4376 4377 566 565 4371 4370 4378 
1479 593 618 62 4364 4363 621 622 594 595 4379 
1480 64 618 564 619 620 4368 4367 4377 4376 4380 
1481 64 1170 1165 4373 4372 4381 4382 1167 1166 4383 
1482 1165 1170 111 4382 4381 1172 1171 1169 1168 4384 
2 54 21 5
1483 64 63 65 4385 4386 626 625 623 624 4387 
1484 105 39 1175 1102 1103 4388 4389 1178 1179 4390 
1485 1175 39 1090 4389 4388 1091 1092 4391 4392 4393 
1486 1090 63 64 1093 1094 4386 4385 4394 4395 4396 
1487 1090 64 1175 4395 4394 1176 1177 4392 4391 4397 
2 55 21 5
1488 68 69 66 675 674 676 677 4398 4399 4400 
1489 104 1180 40 1184 1183 4401 4402 1087 1086 4403 
1490 1180 1095 40 4404 4405 1097 1096 4402 4401 4406 
1491 1095 68 66 4407 4408 4399 4398 1099 1098 4409 
1492 1095 1180 68 4405 4404 1182 1181 4408 4407 4410 
2 56 21 8
1493 723 698 669 4411 4412 4413 4414 4415 4416 4417 
1494 1185 68 1190 4418 4419 1194 1193 4420 4421 4422 
1495 72 68 1185 4423 4424 4419 4418 1187 1186 4425 
1496 67 669 698 673 672 4414 4413 701 702 4426 
1497 72 723 68 724 725 4427 4428 4424 4423 4429 
1498 723 669 68 4416 4415 671 670 4428 4427 4430 
1499 698 723 70 4412 4411 726 727 699 700 4431 
1500 1185 1190 112 4421 4420 1192 1191 1189 1188 4432 
2 57 21 5
1501 72 71 73 4433 4434 731 730 728 729 4435 
1502 1195 103 42 1198 1199 1084 1085 4436 4437 4438 
1503 1077 1195 42 4439 4440 4437 4436 1078 1079 4441 
1504 1077 71 72 1080 1081 4434 4433 4442 4443 4444 
1505 1077 72 1195 4443 4442 1196 1197 4440 4439 4445 
2 58 21 5
1506 76 77 74 780 779 781 782 4446 4447 4448 
1507 1200 43 102 4449 4450 1069 1068 1204 1203 4451 
1508 1072 43 1200 1074 1073 4450 4449 4452 4453 4454 
1509 1072 76 74 4455 4456 4447 4446 1076 1075 4457 
1510 1072 1200 76 4453 4452 1202 1201 4456 4455 4458 
2 59 21 8
1511 828 803 774 4459 4460 4461 4462 4463 4464 4465 
1512 80 76 1210 4466 4467 1214 1213 4468 4469 4470 
1513 75 774 803 778 777 4462 4461 806 807 4471 
1514 80 774 76 4472 4473 776 775 4467 4466 4474 
1515 803 828 78 4460 4459 831 832 804 805 4475 
1516 80 828 774 829 830 4464 4463 4473 4472 4476 
1517 80 1210 1205 4469 4468 4477 4478 1207 1206 4479 
1518 1205 1210 113 4478 4477 1212 1211 1209 1208 4480 
2 60 21 5
1519 80 79 81 4481 4482 836 835 833 834 4483 
1520 45 1215 101 4484 4485 1218 1219 1066 1067 4486 
1521 1059 1215 45 4487 4488 4485 4484 1060 1061 4489 
1522 1059 79 80 1062 1063 4482 4481 4490 4491 4492 
1523 80 1215 1059 1216 1217 4488 4487 4491 4490 4493 
2 61 21 8
1524 937 908 883 4494 4495 4496 4497 4498 4499 4500 
1525 1220 85 1225 4501 4502 1226 1227 4503 4504 4505 
1526 89 85 1220 4506 4507 4502 4501 1223 1224 4508 
1527 83 883 908 884 885 4497 4496 910 909 4509 
1528 85 89 937 4507 4506 941 940 4510 4511 4512 
1529 883 85 937 886 887 4511 4510 4499 4498 4513 
1530 908 937 86 4495 4494 939 938 912 911 4514 
1531 1220 1225 114 4504 4503 1228 1229 1221 1222 4515 
2 62 21 5
1532 84 82 85 880 879 4516 4517 882 881 4518 
1533 100 1230 46 1234 1233 4519 4520 1052 1053 4521 
1534 46 1230 1054 4520 4519 4522 4523 1057 1058 4524 
1535 85 82 1054 4517 4516 1055 1056 4525 4526 4527 
1536 1054 1230 85 4523 4522 1232 1231 4526 4525 4528 
2 63 21 5
1537 88 89 87 935 936 4529 4530 933 934 4531 
1538 1235 99 48 1238 1239 1047 1046 4532 4533 4534 
1539 1041 1235 48 4535 4536 4533 4532 1045 1044 4537 
1540 89 1041 87 4538 4539 1043 1042 4530 4529 4540 
1541 89 1235 1041 1236 1237 4536 4535 4539 4538 4541 
2 64 21 5
1542 115 95 988 1241 1240 4542 4543 4544 4545 4546 
1543 91 988 1018 989 990 4547 4548 1020 1019 4549 
1544 93 115 988 4550 4551 4545 4544 991 992 4552 
1545 115 93 1242 4551 4550 1243 1244 1245 1246 4553 
1546 1018 988 95 4548 4547 4543 4542 1022 1021 4554 
2 65 21 5
1547 92 90 93 985 984 4555 4556 987 986 4557 
1548 1247 31 98 4558 4559 1034 1035 1251 1250 4560 
1549 1036 31 1247 1039 1040 4559 4558 4561 4562 4563 
1550 93 90 1036 4556 4555 1037 1038 4564 4565 4566 
1551 93 1036 1247 4565 4564 4562 4561 1249 1248 4567 
2 66 21 5
1552 95 115 1027 1240 1241 4568 4569 4570 4571 4572 
1553 1013 1027 94 4573 4574 1029 1028 1017 1016 4575 
1554 115 97 1027 4576 4577 1031 1030 4569 4568 4578 
1555 97 115 1252 4577 4576 1253 1254 1255 1256 4579 
1556 95 1027 1013 4571 4570 4574 4573 1015 1014 4580 
2 67 21 5
1557 96 97 49 1025 1026 4581 4582 1023 1024 4583 
1558 33 1257 109 4584 4585 1260 1261 1137 1136 4586 
1559 1257 33 1126 4585 4584 1130 1129 4587 4588 4589 
1560 97 1126 49 4590 4591 1128 1127 4582 4581 4592 
1561 97 1257 1126 1258 1259 4588 4587 4591 4590 4593 
2 68 21 8
1562 1257 115 1247 4594 4595 4596 4597 4598 4599 4600 
1563 32 1257 1247 4601 4602 4599 4598 4603 4604 4605 
1564 1252 1257 97 4606 4607 1259 1258 1256 1255 4608 
1565 32 1247 98 4604 4603 1250 1251 1032 1033 4609 
1566 109 1257 32 1261 1260 4602 4601 1138 1139 4610 
1567 1247 1242 93 4611 4612 1244 1243 1248 1249 4613 
1568 115 1242 1247 1246 1245 4612 4611 4597 4596 4614 
1569 1257 1252 115 4607 4606 1254 1253 4595 4594 4615 
2 69 21 8
1570 1235 114 1230 4616 4617 4618 4619 4620 4621 4622 
1571 47 1235 1230 4623 4624 4621 4620 4625 4626 4627 
1572 1220 1235 89 4628 4629 1237 1236 1224 1223 4630 
1573 1235 47 99 4624 4623 1048 1049 1239 1238 4631 
1574 47 1230 100 4626 4625 1233 1234 1050 1051 4632 
1575 1230 1225 85 4633 4634 1227 1226 1231 1232 4635 
1576 1235 1220 114 4629 4628 1222 1221 4617 4616 4636 
1577 114 1225 1230 1229 1228 4634 4633 4619 4618 4637 
2 70 21 8
1578 1200 1215 113 4638 4639 4640 4641 4642 4643 4644 
1579 44 1215 1200 4645 4646 4639 4638 4647 4648 4649 
1580 1210 76 1200 1213 1214 1201 1202 4650 4651 4652 
1581 44 101 1215 1065 1064 1219 1218 4646 4645 4653 
1582 1200 102 44 1203 1204 1071 1070 4648 4647 4654 
1583 1215 80 1205 1217 1216 1206 1207 4655 4656 4657 
1584 1200 113 1210 4643 4642 1211 1212 4651 4650 4658 
1585 113 1215 1205 4641 4640 4656 4655 1208 1209 4659 
2 71 21 8
1586 112 1180 1195 4660 4661 4662 4663 4664 4665 4666 
1587 1195 1180 41 4663 4662 4667 4668 4669 4670 4671 
1588 41 103 1195 1083 1082 1199 1198 4670 4669 4672 
1589 41 1180 104 4668 4667 1183 1184 1089 1088 4673 
1590 68 1180 1190 1181 1182 4674 4675 1193 1194 4676 
1591 1195 72 1185 1197 1196 1186 1187 4677 4678 4679 
1592 1190 1180 112 4675 4674 4661 4660 1191 1192 4680 
1593 112 1195 1185 4665 4664 4678 4677 1188 1189 4681 
2 72 21 8
1594 1160 1175 111 4682 4683 4684 4685 4686 4687 4688 
1595 1160 38 1175 4689 4690 4691 4692 4683 4682 4693 
1596 1170 60 1160 1173 1174 1161 1162 4694 4695 4696 
1597 1175 38 105 4692 4691 1101 1100 1179 1178 4697 
1598 106 38 1160 1107 1106 4690 4689 1163 1164 4698 
1599 1175 64 1165 1177 1176 1166 1167 4699 4700 4701 
1600 1160 111 1170 4687 4686 1171 1172 4695 4694 4702 
1601 111 1175 1165 4685 4684 4700 4699 1168 1169 4703 
2 73 21 8
1602 1155 110 1150 4704 4705 4706 4707 4708 4709 4710 
1603 35 1155 1150 4711 4712 4709 4708 4713 4714 4715 
1604 1140 1155 57 4716 4717 1157 1156 1144 1143 4718 
1605 1155 35 107 4712 4711 1120 1121 1159 1158 4719 
1606 108 35 1150 1122 1123 4714 4713 1153 1154 4720 
1607 1150 1145 53 4721 4722 1147 1146 1151 1152 4723 
1608 1155 1140 110 4717 4716 1142 1141 4705 4704 4724 
1609 110 1145 1150 1149 1148 4722 4721 4707 4706 4725 
$EndElements
