ISO-10303-21;
HEADER;
FILE_DESCRIPTION(('Open CASCADE Model'),'2;1');
FILE_NAME('Open CASCADE Shape Model','2024-08-16T13:24:38',('Author'),(
    'Open CASCADE'),'Open CASCADE STEP processor 7.5','Open CASCADE 7.5'
  ,'Unknown');
FILE_SCHEMA(('AUTOMOTIVE_DESIGN { 1 0 10303 214 1 1 1 1 }'));
ENDSEC;
DATA;
#1 = APPLICATION_PROTOCOL_DEFINITION('international standard',
  'automotive_design',2000,#2);
#2 = APPLICATION_CONTEXT(
  'core data for automotive mechanical design processes');
#3 = SHAPE_DEFINITION_REPRESENTATION(#4,#10);
#4 = PRODUCT_DEFINITION_SHAPE('','',#5);
#5 = PRODUCT_DEFINITION('design','',#6,#9);
#6 = PRODUCT_DEFINITION_FORMATION('','',#7);
#7 = PRODUCT('Open CASCADE STEP translator 7.5 1',
  'Open CASCADE STEP translator 7.5 1','',(#8));
#8 = PRODUCT_CONTEXT('',#2,'mechanical');
#9 = PRODUCT_DEFINITION_CONTEXT('part definition',#2,'design');
#10 = ADVANCED_BREP_SHAPE_REPRESENTATION('',(#11,#15),#5261);
#11 = AXIS2_PLACEMENT_3D('',#12,#13,#14);
#12 = CARTESIAN_POINT('',(0.,0.,0.));
#13 = DIRECTION('',(0.,0.,1.));
#14 = DIRECTION('',(1.,0.,-0.));
#15 = MANIFOLD_SOLID_BREP('',#16);
#16 = CLOSED_SHELL('',(#17,#105,#140,#175,#229,#1073,#1603,#1671,#1782,
    #1836,#1940,#1988,#2099,#2153,#2257,#2305,#2416,#2470,#2574,#2622,
    #2733,#2787,#2891,#2939,#3050,#3104,#3208,#3256,#3367,#3453,#3537,
    #3590,#3649,#3702,#3750,#3809,#3862,#3910,#3969,#4022,#4070,#4129,
    #4182,#4230,#4289,#4342,#4390,#4449,#4497,#4555,#4583,#4611,#4639,
    #4697,#4725,#4753,#4811,#4839,#4867,#4925,#4953,#5011,#5039,#5067,
    #5120,#5148,#5179,#5207,#5216,#5225,#5234,#5243,#5252));
#17 = ADVANCED_FACE('',(#18),#31,.T.);
#18 = FACE_BOUND('',#19,.T.);
#19 = EDGE_LOOP('',(#20,#54,#77,#104));
#20 = ORIENTED_EDGE('',*,*,#21,.F.);
#21 = EDGE_CURVE('',#22,#22,#24,.T.);
#22 = VERTEX_POINT('',#23);
#23 = CARTESIAN_POINT('',(122.,-2.98813818992E-14,1.345E+03));
#24 = SURFACE_CURVE('',#25,(#30,#42),.PCURVE_S1.);
#25 = CIRCLE('',#26,122.);
#26 = AXIS2_PLACEMENT_3D('',#27,#28,#29);
#27 = CARTESIAN_POINT('',(0.,0.,1.345E+03));
#28 = DIRECTION('',(0.,0.,1.));
#29 = DIRECTION('',(1.,0.,-0.));
#30 = PCURVE('',#31,#36);
#31 = CYLINDRICAL_SURFACE('',#32,122.);
#32 = AXIS2_PLACEMENT_3D('',#33,#34,#35);
#33 = CARTESIAN_POINT('',(0.,0.,0.));
#34 = DIRECTION('',(0.,0.,1.));
#35 = DIRECTION('',(1.,0.,-0.));
#36 = DEFINITIONAL_REPRESENTATION('',(#37),#41);
#37 = LINE('',#38,#39);
#38 = CARTESIAN_POINT('',(0.,1.345E+03));
#39 = VECTOR('',#40,1.);
#40 = DIRECTION('',(1.,0.));
#41 = ( GEOMETRIC_REPRESENTATION_CONTEXT(2) 
PARAMETRIC_REPRESENTATION_CONTEXT() REPRESENTATION_CONTEXT('2D SPACE',''
  ) );
#42 = PCURVE('',#43,#48);
#43 = PLANE('',#44);
#44 = AXIS2_PLACEMENT_3D('',#45,#46,#47);
#45 = CARTESIAN_POINT('',(0.,0.,1.345E+03));
#46 = DIRECTION('',(0.,0.,1.));
#47 = DIRECTION('',(1.,0.,-0.));
#48 = DEFINITIONAL_REPRESENTATION('',(#49),#53);
#49 = CIRCLE('',#50,122.);
#50 = AXIS2_PLACEMENT_2D('',#51,#52);
#51 = CARTESIAN_POINT('',(0.,0.));
#52 = DIRECTION('',(1.,0.));
#53 = ( GEOMETRIC_REPRESENTATION_CONTEXT(2) 
PARAMETRIC_REPRESENTATION_CONTEXT() REPRESENTATION_CONTEXT('2D SPACE',''
  ) );
#54 = ORIENTED_EDGE('',*,*,#55,.F.);
#55 = EDGE_CURVE('',#56,#22,#58,.T.);
#56 = VERTEX_POINT('',#57);
#57 = CARTESIAN_POINT('',(122.,-2.98813818992E-14,0.));
#58 = SEAM_CURVE('',#59,(#63,#70),.PCURVE_S1.);
#59 = LINE('',#60,#61);
#60 = CARTESIAN_POINT('',(122.,-2.98813818992E-14,0.));
#61 = VECTOR('',#62,1.);
#62 = DIRECTION('',(0.,0.,1.));
#63 = PCURVE('',#31,#64);
#64 = DEFINITIONAL_REPRESENTATION('',(#65),#69);
#65 = LINE('',#66,#67);
#66 = CARTESIAN_POINT('',(6.28318530718,-0.));
#67 = VECTOR('',#68,1.);
#68 = DIRECTION('',(0.,1.));
#69 = ( GEOMETRIC_REPRESENTATION_CONTEXT(2) 
PARAMETRIC_REPRESENTATION_CONTEXT() REPRESENTATION_CONTEXT('2D SPACE',''
  ) );
#70 = PCURVE('',#31,#71);
#71 = DEFINITIONAL_REPRESENTATION('',(#72),#76);
#72 = LINE('',#73,#74);
#73 = CARTESIAN_POINT('',(0.,-0.));
#74 = VECTOR('',#75,1.);
#75 = DIRECTION('',(0.,1.));
#76 = ( GEOMETRIC_REPRESENTATION_CONTEXT(2) 
PARAMETRIC_REPRESENTATION_CONTEXT() REPRESENTATION_CONTEXT('2D SPACE',''
  ) );
#77 = ORIENTED_EDGE('',*,*,#78,.T.);
#78 = EDGE_CURVE('',#56,#56,#79,.T.);
#79 = SURFACE_CURVE('',#80,(#85,#92),.PCURVE_S1.);
#80 = CIRCLE('',#81,122.);
#81 = AXIS2_PLACEMENT_3D('',#82,#83,#84);
#82 = CARTESIAN_POINT('',(0.,0.,0.));
#83 = DIRECTION('',(0.,0.,1.));
#84 = DIRECTION('',(1.,0.,-0.));
#85 = PCURVE('',#31,#86);
#86 = DEFINITIONAL_REPRESENTATION('',(#87),#91);
#87 = LINE('',#88,#89);
#88 = CARTESIAN_POINT('',(0.,0.));
#89 = VECTOR('',#90,1.);
#90 = DIRECTION('',(1.,0.));
#91 = ( GEOMETRIC_REPRESENTATION_CONTEXT(2) 
PARAMETRIC_REPRESENTATION_CONTEXT() REPRESENTATION_CONTEXT('2D SPACE',''
  ) );
#92 = PCURVE('',#93,#98);
#93 = PLANE('',#94);
#94 = AXIS2_PLACEMENT_3D('',#95,#96,#97);
#95 = CARTESIAN_POINT('',(0.,0.,0.));
#96 = DIRECTION('',(0.,0.,1.));
#97 = DIRECTION('',(1.,0.,-0.));
#98 = DEFINITIONAL_REPRESENTATION('',(#99),#103);
#99 = CIRCLE('',#100,122.);
#100 = AXIS2_PLACEMENT_2D('',#101,#102);
#101 = CARTESIAN_POINT('',(0.,0.));
#102 = DIRECTION('',(1.,0.));
#103 = ( GEOMETRIC_REPRESENTATION_CONTEXT(2) 
PARAMETRIC_REPRESENTATION_CONTEXT() REPRESENTATION_CONTEXT('2D SPACE',''
  ) );
#104 = ORIENTED_EDGE('',*,*,#55,.T.);
#105 = ADVANCED_FACE('',(#106,#109),#43,.T.);
#106 = FACE_BOUND('',#107,.T.);
#107 = EDGE_LOOP('',(#108));
#108 = ORIENTED_EDGE('',*,*,#21,.T.);
#109 = FACE_BOUND('',#110,.T.);
#110 = EDGE_LOOP('',(#111));
#111 = ORIENTED_EDGE('',*,*,#112,.F.);
#112 = EDGE_CURVE('',#113,#113,#115,.T.);
#113 = VERTEX_POINT('',#114);
#114 = CARTESIAN_POINT('',(102.,-2.498279470261E-14,1.345E+03));
#115 = SURFACE_CURVE('',#116,(#121,#128),.PCURVE_S1.);
#116 = CIRCLE('',#117,102.);
#117 = AXIS2_PLACEMENT_3D('',#118,#119,#120);
#118 = CARTESIAN_POINT('',(0.,0.,1.345E+03));
#119 = DIRECTION('',(0.,0.,1.));
#120 = DIRECTION('',(1.,0.,-0.));
#121 = PCURVE('',#43,#122);
#122 = DEFINITIONAL_REPRESENTATION('',(#123),#127);
#123 = CIRCLE('',#124,102.);
#124 = AXIS2_PLACEMENT_2D('',#125,#126);
#125 = CARTESIAN_POINT('',(0.,0.));
#126 = DIRECTION('',(1.,0.));
#127 = ( GEOMETRIC_REPRESENTATION_CONTEXT(2) 
PARAMETRIC_REPRESENTATION_CONTEXT() REPRESENTATION_CONTEXT('2D SPACE',''
  ) );
#128 = PCURVE('',#129,#134);
#129 = CONICAL_SURFACE('',#130,60.,0.698659824721);
#130 = AXIS2_PLACEMENT_3D('',#131,#132,#133);
#131 = CARTESIAN_POINT('',(0.,0.,1.295E+03));
#132 = DIRECTION('',(0.,0.,1.));
#133 = DIRECTION('',(1.,0.,-0.));
#134 = DEFINITIONAL_REPRESENTATION('',(#135),#139);
#135 = LINE('',#136,#137);
#136 = CARTESIAN_POINT('',(0.,50.));
#137 = VECTOR('',#138,1.);
#138 = DIRECTION('',(1.,0.));
#139 = ( GEOMETRIC_REPRESENTATION_CONTEXT(2) 
PARAMETRIC_REPRESENTATION_CONTEXT() REPRESENTATION_CONTEXT('2D SPACE',''
  ) );
#140 = ADVANCED_FACE('',(#141,#144),#93,.F.);
#141 = FACE_BOUND('',#142,.F.);
#142 = EDGE_LOOP('',(#143));
#143 = ORIENTED_EDGE('',*,*,#78,.T.);
#144 = FACE_BOUND('',#145,.F.);
#145 = EDGE_LOOP('',(#146));
#146 = ORIENTED_EDGE('',*,*,#147,.F.);
#147 = EDGE_CURVE('',#148,#148,#150,.T.);
#148 = VERTEX_POINT('',#149);
#149 = CARTESIAN_POINT('',(102.,-2.498279470261E-14,0.));
#150 = SURFACE_CURVE('',#151,(#156,#163),.PCURVE_S1.);
#151 = CIRCLE('',#152,102.);
#152 = AXIS2_PLACEMENT_3D('',#153,#154,#155);
#153 = CARTESIAN_POINT('',(0.,0.,0.));
#154 = DIRECTION('',(0.,0.,1.));
#155 = DIRECTION('',(1.,0.,-0.));
#156 = PCURVE('',#93,#157);
#157 = DEFINITIONAL_REPRESENTATION('',(#158),#162);
#158 = CIRCLE('',#159,102.);
#159 = AXIS2_PLACEMENT_2D('',#160,#161);
#160 = CARTESIAN_POINT('',(0.,0.));
#161 = DIRECTION('',(1.,0.));
#162 = ( GEOMETRIC_REPRESENTATION_CONTEXT(2) 
PARAMETRIC_REPRESENTATION_CONTEXT() REPRESENTATION_CONTEXT('2D SPACE',''
  ) );
#163 = PCURVE('',#164,#169);
#164 = CONICAL_SURFACE('',#165,102.,1.063697822403);
#165 = AXIS2_PLACEMENT_3D('',#166,#167,#168);
#166 = CARTESIAN_POINT('',(0.,0.,0.));
#167 = DIRECTION('',(-0.,-0.,-1.));
#168 = DIRECTION('',(1.,0.,-0.));
#169 = DEFINITIONAL_REPRESENTATION('',(#170),#174);
#170 = LINE('',#171,#172);
#171 = CARTESIAN_POINT('',(-0.,-0.));
#172 = VECTOR('',#173,1.);
#173 = DIRECTION('',(-1.,-0.));
#174 = ( GEOMETRIC_REPRESENTATION_CONTEXT(2) 
PARAMETRIC_REPRESENTATION_CONTEXT() REPRESENTATION_CONTEXT('2D SPACE',''
  ) );
#175 = ADVANCED_FACE('',(#176),#129,.F.);
#176 = FACE_BOUND('',#177,.F.);
#177 = EDGE_LOOP('',(#178,#179,#202,#228));
#178 = ORIENTED_EDGE('',*,*,#112,.F.);
#179 = ORIENTED_EDGE('',*,*,#180,.F.);
#180 = EDGE_CURVE('',#181,#113,#183,.T.);
#181 = VERTEX_POINT('',#182);
#182 = CARTESIAN_POINT('',(60.,-1.469576158977E-14,1.295E+03));
#183 = SEAM_CURVE('',#184,(#188,#195),.PCURVE_S1.);
#184 = LINE('',#185,#186);
#185 = CARTESIAN_POINT('',(60.,-1.469576158977E-14,1.295E+03));
#186 = VECTOR('',#187,1.);
#187 = DIRECTION('',(0.643192086423,-1.57536625975E-16,0.76570486479));
#188 = PCURVE('',#129,#189);
#189 = DEFINITIONAL_REPRESENTATION('',(#190),#194);
#190 = LINE('',#191,#192);
#191 = CARTESIAN_POINT('',(6.28318530718,-0.));
#192 = VECTOR('',#193,1.);
#193 = DIRECTION('',(0.,1.));
#194 = ( GEOMETRIC_REPRESENTATION_CONTEXT(2) 
PARAMETRIC_REPRESENTATION_CONTEXT() REPRESENTATION_CONTEXT('2D SPACE',''
  ) );
#195 = PCURVE('',#129,#196);
#196 = DEFINITIONAL_REPRESENTATION('',(#197),#201);
#197 = LINE('',#198,#199);
#198 = CARTESIAN_POINT('',(0.,-0.));
#199 = VECTOR('',#200,1.);
#200 = DIRECTION('',(0.,1.));
#201 = ( GEOMETRIC_REPRESENTATION_CONTEXT(2) 
PARAMETRIC_REPRESENTATION_CONTEXT() REPRESENTATION_CONTEXT('2D SPACE',''
  ) );
#202 = ORIENTED_EDGE('',*,*,#203,.T.);
#203 = EDGE_CURVE('',#181,#181,#204,.T.);
#204 = SURFACE_CURVE('',#205,(#210,#216),.PCURVE_S1.);
#205 = CIRCLE('',#206,60.);
#206 = AXIS2_PLACEMENT_3D('',#207,#208,#209);
#207 = CARTESIAN_POINT('',(0.,0.,1.295E+03));
#208 = DIRECTION('',(0.,0.,1.));
#209 = DIRECTION('',(1.,0.,-0.));
#210 = PCURVE('',#129,#211);
#211 = DEFINITIONAL_REPRESENTATION('',(#212),#215);
#212 = B_SPLINE_CURVE_WITH_KNOTS('',1,(#213,#214),.UNSPECIFIED.,.F.,.F.,
  (2,2),(0.,6.28318530718),.PIECEWISE_BEZIER_KNOTS.);
#213 = CARTESIAN_POINT('',(0.,0.));
#214 = CARTESIAN_POINT('',(6.28318530718,0.));
#215 = ( GEOMETRIC_REPRESENTATION_CONTEXT(2) 
PARAMETRIC_REPRESENTATION_CONTEXT() REPRESENTATION_CONTEXT('2D SPACE',''
  ) );
#216 = PCURVE('',#217,#222);
#217 = CYLINDRICAL_SURFACE('',#218,60.);
#218 = AXIS2_PLACEMENT_3D('',#219,#220,#221);
#219 = CARTESIAN_POINT('',(0.,0.,1.145E+03));
#220 = DIRECTION('',(0.,0.,1.));
#221 = DIRECTION('',(1.,0.,-0.));
#222 = DEFINITIONAL_REPRESENTATION('',(#223),#227);
#223 = LINE('',#224,#225);
#224 = CARTESIAN_POINT('',(0.,150.));
#225 = VECTOR('',#226,1.);
#226 = DIRECTION('',(1.,0.));
#227 = ( GEOMETRIC_REPRESENTATION_CONTEXT(2) 
PARAMETRIC_REPRESENTATION_CONTEXT() REPRESENTATION_CONTEXT('2D SPACE',''
  ) );
#228 = ORIENTED_EDGE('',*,*,#180,.T.);
#229 = ADVANCED_FACE('',(#230),#164,.F.);
#230 = FACE_BOUND('',#231,.F.);
#231 = EDGE_LOOP('',(#232,#263,#298,#330,#351,#352,#353,#380,#415,#444,
    #479,#512,#547,#576,#611,#644,#679,#708,#743,#776,#811,#840,#875,
    #908,#943,#972,#1007,#1040));
#232 = ORIENTED_EDGE('',*,*,#233,.F.);
#233 = EDGE_CURVE('',#234,#236,#238,.T.);
#234 = VERTEX_POINT('',#235);
#235 = CARTESIAN_POINT('',(28.284271247462,10.,40.));
#236 = VERTEX_POINT('',#237);
#237 = CARTESIAN_POINT('',(22.802389661575,19.494897427832,40.));
#238 = SURFACE_CURVE('',#239,(#244,#251),.PCURVE_S1.);
#239 = CIRCLE('',#240,30.);
#240 = AXIS2_PLACEMENT_3D('',#241,#242,#243);
#241 = CARTESIAN_POINT('',(0.,0.,40.));
#242 = DIRECTION('',(0.,0.,1.));
#243 = DIRECTION('',(1.,0.,-0.));
#244 = PCURVE('',#164,#245);
#245 = DEFINITIONAL_REPRESENTATION('',(#246),#250);
#246 = LINE('',#247,#248);
#247 = CARTESIAN_POINT('',(-0.,-40.));
#248 = VECTOR('',#249,1.);
#249 = DIRECTION('',(-1.,-0.));
#250 = ( GEOMETRIC_REPRESENTATION_CONTEXT(2) 
PARAMETRIC_REPRESENTATION_CONTEXT() REPRESENTATION_CONTEXT('2D SPACE',''
  ) );
#251 = PCURVE('',#252,#257);
#252 = CYLINDRICAL_SURFACE('',#253,30.);
#253 = AXIS2_PLACEMENT_3D('',#254,#255,#256);
#254 = CARTESIAN_POINT('',(0.,0.,0.));
#255 = DIRECTION('',(0.,0.,1.));
#256 = DIRECTION('',(1.,0.,-0.));
#257 = DEFINITIONAL_REPRESENTATION('',(#258),#262);
#258 = LINE('',#259,#260);
#259 = CARTESIAN_POINT('',(0.,40.));
#260 = VECTOR('',#261,1.);
#261 = DIRECTION('',(1.,0.));
#262 = ( GEOMETRIC_REPRESENTATION_CONTEXT(2) 
PARAMETRIC_REPRESENTATION_CONTEXT() REPRESENTATION_CONTEXT('2D SPACE',''
  ) );
#263 = ORIENTED_EDGE('',*,*,#264,.F.);
#264 = EDGE_CURVE('',#265,#234,#267,.T.);
#265 = VERTEX_POINT('',#266);
#266 = CARTESIAN_POINT('',(87.5,10.,7.73912512831));
#267 = SURFACE_CURVE('',#268,(#273,#286),.PCURVE_S1.);
#268 = HYPERBOLA('',#269,5.555555555556,10.);
#269 = AXIS2_PLACEMENT_3D('',#270,#271,#272);
#270 = CARTESIAN_POINT('',(0.,10.,56.666666666667));
#271 = DIRECTION('',(0.,1.,0.));
#272 = DIRECTION('',(-0.,0.,-1.));
#273 = PCURVE('',#164,#274);
#274 = DEFINITIONAL_REPRESENTATION('',(#275),#285);
#275 = B_SPLINE_CURVE_WITH_KNOTS('',8,(#276,#277,#278,#279,#280,#281,
    #282,#283,#284),.UNSPECIFIED.,.F.,.F.,(9,9),(-2.942138578984,
    -1.762747174039),.PIECEWISE_BEZIER_KNOTS.);
#276 = CARTESIAN_POINT('',(-0.105407878117,-3.863623826388));
#277 = CARTESIAN_POINT('',(-0.120918760917,-11.60484999934));
#278 = CARTESIAN_POINT('',(-0.139028456375,-18.03452031588));
#279 = CARTESIAN_POINT('',(-0.16023951318,-23.40900884101));
#280 = CARTESIAN_POINT('',(-0.18516578244,-27.92388603935));
#281 = CARTESIAN_POINT('',(-0.214565100066,-31.73171835886));
#282 = CARTESIAN_POINT('',(-0.249360353188,-34.95293545637));
#283 = CARTESIAN_POINT('',(-0.290695600915,-37.68345649969));
#284 = CARTESIAN_POINT('',(-0.339836909454,-40.));
#285 = ( GEOMETRIC_REPRESENTATION_CONTEXT(2) 
PARAMETRIC_REPRESENTATION_CONTEXT() REPRESENTATION_CONTEXT('2D SPACE',''
  ) );
#286 = PCURVE('',#287,#292);
#287 = PLANE('',#288);
#288 = AXIS2_PLACEMENT_3D('',#289,#290,#291);
#289 = CARTESIAN_POINT('',(-87.5,10.,0.));
#290 = DIRECTION('',(-0.,1.,0.));
#291 = DIRECTION('',(0.,0.,1.));
#292 = DEFINITIONAL_REPRESENTATION('',(#293),#297);
#293 = ( BOUNDED_CURVE() B_SPLINE_CURVE(2,(#294,#295,#296),
.UNSPECIFIED.,.F.,.F.) B_SPLINE_CURVE_WITH_KNOTS((3,3),(-2.942138578984,
-1.762747174039),.PIECEWISE_BEZIER_KNOTS.) CURVE() 
GEOMETRIC_REPRESENTATION_ITEM() RATIONAL_B_SPLINE_CURVE((1.,
1.17896777026,1.)) REPRESENTATION_ITEM('') );
#294 = CARTESIAN_POINT('',(3.863623826388,182.01794919243));
#295 = CARTESIAN_POINT('',(31.676933349141,131.674572794));
#296 = CARTESIAN_POINT('',(40.,115.78427124746));
#297 = ( GEOMETRIC_REPRESENTATION_CONTEXT(2) 
PARAMETRIC_REPRESENTATION_CONTEXT() REPRESENTATION_CONTEXT('2D SPACE',''
  ) );
#298 = ORIENTED_EDGE('',*,*,#299,.F.);
#299 = EDGE_CURVE('',#300,#265,#302,.T.);
#300 = VERTEX_POINT('',#301);
#301 = CARTESIAN_POINT('',(87.5,-2.143131898508E-14,8.055555555556));
#302 = SURFACE_CURVE('',#303,(#308,#318),.PCURVE_S1.);
#303 = HYPERBOLA('',#304,48.611111111111,87.5);
#304 = AXIS2_PLACEMENT_3D('',#305,#306,#307);
#305 = CARTESIAN_POINT('',(87.5,0.,56.666666666667));
#306 = DIRECTION('',(1.,0.,0.));
#307 = DIRECTION('',(0.,-0.,-1.));
#308 = PCURVE('',#164,#309);
#309 = DEFINITIONAL_REPRESENTATION('',(#310),#317);
#310 = B_SPLINE_CURVE_WITH_KNOTS('',5,(#311,#312,#313,#314,#315,#316),
  .UNSPECIFIED.,.F.,.F.,(6,6),(0.,0.136716554588),
  .PIECEWISE_BEZIER_KNOTS.);
#311 = CARTESIAN_POINT('',(0.,-8.055555555556));
#312 = CARTESIAN_POINT('',(-2.734331091769E-02,-8.055555555556));
#313 = CARTESIAN_POINT('',(-5.468662255626E-02,-8.010125039501));
#314 = CARTESIAN_POINT('',(-8.198734003682E-02,-7.919263943883));
#315 = CARTESIAN_POINT('',(-0.109202886207,-7.782830962657));
#316 = CARTESIAN_POINT('',(-0.136292629696,-7.600542223205));
#317 = ( GEOMETRIC_REPRESENTATION_CONTEXT(2) 
PARAMETRIC_REPRESENTATION_CONTEXT() REPRESENTATION_CONTEXT('2D SPACE',''
  ) );
#318 = PCURVE('',#319,#324);
#319 = PLANE('',#320);
#320 = AXIS2_PLACEMENT_3D('',#321,#322,#323);
#321 = CARTESIAN_POINT('',(87.5,-10.,0.));
#322 = DIRECTION('',(1.,0.,-0.));
#323 = DIRECTION('',(0.,0.,1.));
#324 = DEFINITIONAL_REPRESENTATION('',(#325),#329);
#325 = ( BOUNDED_CURVE() B_SPLINE_CURVE(2,(#326,#327,#328),
.UNSPECIFIED.,.F.,.F.) B_SPLINE_CURVE_WITH_KNOTS((3,3),(0.,
0.136716554588),.PIECEWISE_BEZIER_KNOTS.) CURVE() 
GEOMETRIC_REPRESENTATION_ITEM() RATIONAL_B_SPLINE_CURVE((1.,
1.002337336994,1.)) REPRESENTATION_ITEM('') );
#326 = CARTESIAN_POINT('',(8.055555555556,-10.));
#327 = CARTESIAN_POINT('',(8.055555555556,-15.97204998709));
#328 = CARTESIAN_POINT('',(7.600542223205,-22.));
#329 = ( GEOMETRIC_REPRESENTATION_CONTEXT(2) 
PARAMETRIC_REPRESENTATION_CONTEXT() REPRESENTATION_CONTEXT('2D SPACE',''
  ) );
#330 = ORIENTED_EDGE('',*,*,#331,.F.);
#331 = EDGE_CURVE('',#148,#300,#332,.T.);
#332 = SEAM_CURVE('',#333,(#337,#344),.PCURVE_S1.);
#333 = LINE('',#334,#335);
#334 = CARTESIAN_POINT('',(102.,-2.498279470261E-14,0.));
#335 = VECTOR('',#336,1.);
#336 = DIRECTION('',(-0.874157276122,2.141067820307E-16,0.485642931179)
  );
#337 = PCURVE('',#164,#338);
#338 = DEFINITIONAL_REPRESENTATION('',(#339),#343);
#339 = LINE('',#340,#341);
#340 = CARTESIAN_POINT('',(-6.28318530718,0.));
#341 = VECTOR('',#342,1.);
#342 = DIRECTION('',(-0.,-1.));
#343 = ( GEOMETRIC_REPRESENTATION_CONTEXT(2) 
PARAMETRIC_REPRESENTATION_CONTEXT() REPRESENTATION_CONTEXT('2D SPACE',''
  ) );
#344 = PCURVE('',#164,#345);
#345 = DEFINITIONAL_REPRESENTATION('',(#346),#350);
#346 = LINE('',#347,#348);
#347 = CARTESIAN_POINT('',(0.,-0.));
#348 = VECTOR('',#349,1.);
#349 = DIRECTION('',(-0.,-1.));
#350 = ( GEOMETRIC_REPRESENTATION_CONTEXT(2) 
PARAMETRIC_REPRESENTATION_CONTEXT() REPRESENTATION_CONTEXT('2D SPACE',''
  ) );
#351 = ORIENTED_EDGE('',*,*,#147,.T.);
#352 = ORIENTED_EDGE('',*,*,#331,.T.);
#353 = ORIENTED_EDGE('',*,*,#354,.F.);
#354 = EDGE_CURVE('',#355,#300,#357,.T.);
#355 = VERTEX_POINT('',#356);
#356 = CARTESIAN_POINT('',(87.5,-10.,7.73912512831));
#357 = SURFACE_CURVE('',#358,(#363,#373),.PCURVE_S1.);
#358 = HYPERBOLA('',#359,48.611111111111,87.5);
#359 = AXIS2_PLACEMENT_3D('',#360,#361,#362);
#360 = CARTESIAN_POINT('',(87.5,0.,56.666666666667));
#361 = DIRECTION('',(1.,0.,0.));
#362 = DIRECTION('',(0.,-0.,-1.));
#363 = PCURVE('',#164,#364);
#364 = DEFINITIONAL_REPRESENTATION('',(#365),#372);
#365 = B_SPLINE_CURVE_WITH_KNOTS('',5,(#366,#367,#368,#369,#370,#371),
  .UNSPECIFIED.,.F.,.F.,(6,6),(-0.136716554588,-2.449293598295E-16),
  .PIECEWISE_BEZIER_KNOTS.);
#366 = CARTESIAN_POINT('',(-6.146892677484,-7.600542223205));
#367 = CARTESIAN_POINT('',(-6.173982420973,-7.782830962657));
#368 = CARTESIAN_POINT('',(-6.201197967143,-7.919263943883));
#369 = CARTESIAN_POINT('',(-6.228498684623,-8.010125039501));
#370 = CARTESIAN_POINT('',(-6.255841996262,-8.055555555556));
#371 = CARTESIAN_POINT('',(-6.28318530718,-8.055555555556));
#372 = ( GEOMETRIC_REPRESENTATION_CONTEXT(2) 
PARAMETRIC_REPRESENTATION_CONTEXT() REPRESENTATION_CONTEXT('2D SPACE',''
  ) );
#373 = PCURVE('',#319,#374);
#374 = DEFINITIONAL_REPRESENTATION('',(#375),#379);
#375 = ( BOUNDED_CURVE() B_SPLINE_CURVE(2,(#376,#377,#378),
.UNSPECIFIED.,.F.,.F.) B_SPLINE_CURVE_WITH_KNOTS((3,3),(-0.136716554588,
-2.449293598295E-16),.PIECEWISE_BEZIER_KNOTS.) CURVE() 
GEOMETRIC_REPRESENTATION_ITEM() RATIONAL_B_SPLINE_CURVE((1.,
1.002337336994,1.)) REPRESENTATION_ITEM('') );
#376 = CARTESIAN_POINT('',(7.600542223205,2.));
#377 = CARTESIAN_POINT('',(8.055555555556,-4.027950012903));
#378 = CARTESIAN_POINT('',(8.055555555556,-10.));
#379 = ( GEOMETRIC_REPRESENTATION_CONTEXT(2) 
PARAMETRIC_REPRESENTATION_CONTEXT() REPRESENTATION_CONTEXT('2D SPACE',''
  ) );
#380 = ORIENTED_EDGE('',*,*,#381,.T.);
#381 = EDGE_CURVE('',#355,#382,#384,.T.);
#382 = VERTEX_POINT('',#383);
#383 = CARTESIAN_POINT('',(28.284271247462,-10.,40.));
#384 = SURFACE_CURVE('',#385,(#390,#403),.PCURVE_S1.);
#385 = HYPERBOLA('',#386,5.555555555556,10.);
#386 = AXIS2_PLACEMENT_3D('',#387,#388,#389);
#387 = CARTESIAN_POINT('',(0.,-10.,56.666666666667));
#388 = DIRECTION('',(0.,1.,0.));
#389 = DIRECTION('',(-0.,0.,-1.));
#390 = PCURVE('',#164,#391);
#391 = DEFINITIONAL_REPRESENTATION('',(#392),#402);
#392 = B_SPLINE_CURVE_WITH_KNOTS('',8,(#393,#394,#395,#396,#397,#398,
    #399,#400,#401),.UNSPECIFIED.,.F.,.F.,(9,9),(-2.942138578984,
    -1.762747174039),.PIECEWISE_BEZIER_KNOTS.);
#393 = CARTESIAN_POINT('',(-6.177777429063,-3.863623826388));
#394 = CARTESIAN_POINT('',(-6.162266546263,-11.60484999934));
#395 = CARTESIAN_POINT('',(-6.144156850808,-18.03452031585));
#396 = CARTESIAN_POINT('',(-6.122945793977,-23.40900884106));
#397 = CARTESIAN_POINT('',(-6.098019524754,-27.92388603935));
#398 = CARTESIAN_POINT('',(-6.068620207097,-31.73171835892));
#399 = CARTESIAN_POINT('',(-6.033824953994,-34.95293545634));
#400 = CARTESIAN_POINT('',(-5.992489706265,-37.68345649969));
#401 = CARTESIAN_POINT('',(-5.943348397725,-40.));
#402 = ( GEOMETRIC_REPRESENTATION_CONTEXT(2) 
PARAMETRIC_REPRESENTATION_CONTEXT() REPRESENTATION_CONTEXT('2D SPACE',''
  ) );
#403 = PCURVE('',#404,#409);
#404 = PLANE('',#405);
#405 = AXIS2_PLACEMENT_3D('',#406,#407,#408);
#406 = CARTESIAN_POINT('',(-87.5,-10.,0.));
#407 = DIRECTION('',(-0.,1.,0.));
#408 = DIRECTION('',(0.,0.,1.));
#409 = DEFINITIONAL_REPRESENTATION('',(#410),#414);
#410 = ( BOUNDED_CURVE() B_SPLINE_CURVE(2,(#411,#412,#413),
.UNSPECIFIED.,.F.,.F.) B_SPLINE_CURVE_WITH_KNOTS((3,3),(-2.942138578984,
-1.762747174039),.PIECEWISE_BEZIER_KNOTS.) CURVE() 
GEOMETRIC_REPRESENTATION_ITEM() RATIONAL_B_SPLINE_CURVE((1.,
1.17896777026,1.)) REPRESENTATION_ITEM('') );
#411 = CARTESIAN_POINT('',(3.863623826388,182.01794919243));
#412 = CARTESIAN_POINT('',(31.676933349141,131.674572794));
#413 = CARTESIAN_POINT('',(40.,115.78427124746));
#414 = ( GEOMETRIC_REPRESENTATION_CONTEXT(2) 
PARAMETRIC_REPRESENTATION_CONTEXT() REPRESENTATION_CONTEXT('2D SPACE',''
  ) );
#415 = ORIENTED_EDGE('',*,*,#416,.F.);
#416 = EDGE_CURVE('',#417,#382,#419,.T.);
#417 = VERTEX_POINT('',#418);
#418 = CARTESIAN_POINT('',(22.802389661575,-19.49489742783,40.));
#419 = SURFACE_CURVE('',#420,(#425,#432),.PCURVE_S1.);
#420 = CIRCLE('',#421,30.);
#421 = AXIS2_PLACEMENT_3D('',#422,#423,#424);
#422 = CARTESIAN_POINT('',(0.,0.,40.));
#423 = DIRECTION('',(0.,0.,1.));
#424 = DIRECTION('',(1.,0.,-0.));
#425 = PCURVE('',#164,#426);
#426 = DEFINITIONAL_REPRESENTATION('',(#427),#431);
#427 = LINE('',#428,#429);
#428 = CARTESIAN_POINT('',(-0.,-40.));
#429 = VECTOR('',#430,1.);
#430 = DIRECTION('',(-1.,-0.));
#431 = ( GEOMETRIC_REPRESENTATION_CONTEXT(2) 
PARAMETRIC_REPRESENTATION_CONTEXT() REPRESENTATION_CONTEXT('2D SPACE',''
  ) );
#432 = PCURVE('',#433,#438);
#433 = CYLINDRICAL_SURFACE('',#434,30.);
#434 = AXIS2_PLACEMENT_3D('',#435,#436,#437);
#435 = CARTESIAN_POINT('',(0.,0.,0.));
#436 = DIRECTION('',(0.,0.,1.));
#437 = DIRECTION('',(1.,0.,-0.));
#438 = DEFINITIONAL_REPRESENTATION('',(#439),#443);
#439 = LINE('',#440,#441);
#440 = CARTESIAN_POINT('',(0.,40.));
#441 = VECTOR('',#442,1.);
#442 = DIRECTION('',(1.,0.));
#443 = ( GEOMETRIC_REPRESENTATION_CONTEXT(2) 
PARAMETRIC_REPRESENTATION_CONTEXT() REPRESENTATION_CONTEXT('2D SPACE',''
  ) );
#444 = ORIENTED_EDGE('',*,*,#445,.F.);
#445 = EDGE_CURVE('',#446,#417,#448,.T.);
#446 = VERTEX_POINT('',#447);
#447 = CARTESIAN_POINT('',(52.410254037844,-70.77722283113,7.73912512831
    ));
#448 = SURFACE_CURVE('',#449,(#454,#467),.PCURVE_S1.);
#449 = HYPERBOLA('',#450,5.555555555556,10.);
#450 = AXIS2_PLACEMENT_3D('',#451,#452,#453);
#451 = CARTESIAN_POINT('',(8.660254037844,5.,56.666666666667));
#452 = DIRECTION('',(0.866025403784,0.5,0.));
#453 = DIRECTION('',(0.,0.,-1.));
#454 = PCURVE('',#164,#455);
#455 = DEFINITIONAL_REPRESENTATION('',(#456),#466);
#456 = B_SPLINE_CURVE_WITH_KNOTS('',8,(#457,#458,#459,#460,#461,#462,
    #463,#464,#465),.UNSPECIFIED.,.F.,.F.,(9,9),(-2.942138578984,
    -1.762747174039),.PIECEWISE_BEZIER_KNOTS.);
#457 = CARTESIAN_POINT('',(-5.3413956341,-3.863623826388));
#458 = CARTESIAN_POINT('',(-5.3569065169,-11.60484999934));
#459 = CARTESIAN_POINT('',(-5.37501621236,-18.03452031588));
#460 = CARTESIAN_POINT('',(-5.396227269135,-23.40900884101));
#461 = CARTESIAN_POINT('',(-5.421153538417,-27.92388603935));
#462 = CARTESIAN_POINT('',(-5.450552856015,-31.73171835886));
#463 = CARTESIAN_POINT('',(-5.485348109173,-34.95293545637));
#464 = CARTESIAN_POINT('',(-5.526683356898,-37.68345649969));
#465 = CARTESIAN_POINT('',(-5.575824665437,-40.));
#466 = ( GEOMETRIC_REPRESENTATION_CONTEXT(2) 
PARAMETRIC_REPRESENTATION_CONTEXT() REPRESENTATION_CONTEXT('2D SPACE',''
  ) );
#467 = PCURVE('',#468,#473);
#468 = PLANE('',#469);
#469 = AXIS2_PLACEMENT_3D('',#470,#471,#472);
#470 = CARTESIAN_POINT('',(-35.08974596215,80.777222831138,0.));
#471 = DIRECTION('',(0.866025403784,0.5,0.));
#472 = DIRECTION('',(0.,0.,1.));
#473 = DEFINITIONAL_REPRESENTATION('',(#474),#478);
#474 = ( BOUNDED_CURVE() B_SPLINE_CURVE(2,(#475,#476,#477),
.UNSPECIFIED.,.F.,.F.) B_SPLINE_CURVE_WITH_KNOTS((3,3),(-2.942138578984,
-1.762747174039),.PIECEWISE_BEZIER_KNOTS.) CURVE() 
GEOMETRIC_REPRESENTATION_ITEM() RATIONAL_B_SPLINE_CURVE((1.,
1.17896777026,1.)) REPRESENTATION_ITEM('') );
#475 = CARTESIAN_POINT('',(3.863623826388,182.01794919243));
#476 = CARTESIAN_POINT('',(31.676933349141,131.674572794));
#477 = CARTESIAN_POINT('',(40.,115.78427124746));
#478 = ( GEOMETRIC_REPRESENTATION_CONTEXT(2) 
PARAMETRIC_REPRESENTATION_CONTEXT() REPRESENTATION_CONTEXT('2D SPACE',''
  ) );
#479 = ORIENTED_EDGE('',*,*,#480,.F.);
#480 = EDGE_CURVE('',#481,#446,#483,.T.);
#481 = VERTEX_POINT('',#482);
#482 = CARTESIAN_POINT('',(35.089745962156,-80.77722283113,7.73912512831
    ));
#483 = SURFACE_CURVE('',#484,(#489,#500),.PCURVE_S1.);
#484 = HYPERBOLA('',#485,48.611111111111,87.5);
#485 = AXIS2_PLACEMENT_3D('',#486,#487,#488);
#486 = CARTESIAN_POINT('',(43.75,-75.77722283113,56.666666666667));
#487 = DIRECTION('',(0.5,-0.866025403784,0.));
#488 = DIRECTION('',(0.,-0.,-1.));
#489 = PCURVE('',#164,#490);
#490 = DEFINITIONAL_REPRESENTATION('',(#491),#499);
#491 = B_SPLINE_CURVE_WITH_KNOTS('',6,(#492,#493,#494,#495,#496,#497,
    #498),.UNSPECIFIED.,.F.,.F.,(7,7),(-0.136716554588,0.136716554588),
  .PIECEWISE_BEZIER_KNOTS.);
#492 = CARTESIAN_POINT('',(-5.099695126287,-7.600542223205));
#493 = CARTESIAN_POINT('',(-5.144844698769,-7.904356788957));
#494 = CARTESIAN_POINT('',(-5.190329739592,-8.085889307038));
#495 = CARTESIAN_POINT('',(-5.235987755983,-8.146275521538));
#496 = CARTESIAN_POINT('',(-5.281645772374,-8.085889307038));
#497 = CARTESIAN_POINT('',(-5.327130813197,-7.904356788957));
#498 = CARTESIAN_POINT('',(-5.372280385679,-7.600542223205));
#499 = ( GEOMETRIC_REPRESENTATION_CONTEXT(2) 
PARAMETRIC_REPRESENTATION_CONTEXT() REPRESENTATION_CONTEXT('2D SPACE',''
  ) );
#500 = PCURVE('',#501,#506);
#501 = PLANE('',#502);
#502 = AXIS2_PLACEMENT_3D('',#503,#504,#505);
#503 = CARTESIAN_POINT('',(35.089745962156,-80.77722283113,0.));
#504 = DIRECTION('',(0.5,-0.866025403784,0.));
#505 = DIRECTION('',(0.,0.,1.));
#506 = DEFINITIONAL_REPRESENTATION('',(#507),#511);
#507 = ( BOUNDED_CURVE() B_SPLINE_CURVE(2,(#508,#509,#510),
.UNSPECIFIED.,.F.,.F.) B_SPLINE_CURVE_WITH_KNOTS((3,3),(-0.136716554588,
0.136716554588),.PIECEWISE_BEZIER_KNOTS.) CURVE() 
GEOMETRIC_REPRESENTATION_ITEM() RATIONAL_B_SPLINE_CURVE((1.,
1.009360274265,1.)) REPRESENTATION_ITEM('') );
#508 = CARTESIAN_POINT('',(7.600542223205,2.));
#509 = CARTESIAN_POINT('',(8.506349334498,-10.));
#510 = CARTESIAN_POINT('',(7.600542223205,-22.));
#511 = ( GEOMETRIC_REPRESENTATION_CONTEXT(2) 
PARAMETRIC_REPRESENTATION_CONTEXT() REPRESENTATION_CONTEXT('2D SPACE',''
  ) );
#512 = ORIENTED_EDGE('',*,*,#513,.T.);
#513 = EDGE_CURVE('',#481,#514,#516,.T.);
#514 = VERTEX_POINT('',#515);
#515 = CARTESIAN_POINT('',(5.481881585887,-29.49489742783,40.));
#516 = SURFACE_CURVE('',#517,(#522,#535),.PCURVE_S1.);
#517 = HYPERBOLA('',#518,5.555555555556,10.);
#518 = AXIS2_PLACEMENT_3D('',#519,#520,#521);
#519 = CARTESIAN_POINT('',(-8.660254037844,-5.,56.666666666667));
#520 = DIRECTION('',(0.866025403784,0.5,0.));
#521 = DIRECTION('',(0.,0.,-1.));
#522 = PCURVE('',#164,#523);
#523 = DEFINITIONAL_REPRESENTATION('',(#524),#534);
#524 = B_SPLINE_CURVE_WITH_KNOTS('',8,(#525,#526,#527,#528,#529,#530,
    #531,#532,#533),.UNSPECIFIED.,.F.,.F.,(9,9),(-2.942138578984,
    -1.762747174039),.PIECEWISE_BEZIER_KNOTS.);
#525 = CARTESIAN_POINT('',(-5.130579877866,-3.863623826388));
#526 = CARTESIAN_POINT('',(-5.115068995066,-11.60484999934));
#527 = CARTESIAN_POINT('',(-5.096959299605,-18.03452031587));
#528 = CARTESIAN_POINT('',(-5.075748242822,-23.40900884099));
#529 = CARTESIAN_POINT('',(-5.050821973542,-27.92388603949));
#530 = CARTESIAN_POINT('',(-5.021422655926,-31.73171835885));
#531 = CARTESIAN_POINT('',(-4.986627402792,-34.95293545634));
#532 = CARTESIAN_POINT('',(-4.945292155068,-37.68345649969));
#533 = CARTESIAN_POINT('',(-4.896150846529,-40.));
#534 = ( GEOMETRIC_REPRESENTATION_CONTEXT(2) 
PARAMETRIC_REPRESENTATION_CONTEXT() REPRESENTATION_CONTEXT('2D SPACE',''
  ) );
#535 = PCURVE('',#536,#541);
#536 = PLANE('',#537);
#537 = AXIS2_PLACEMENT_3D('',#538,#539,#540);
#538 = CARTESIAN_POINT('',(-52.41025403784,70.777222831138,0.));
#539 = DIRECTION('',(0.866025403784,0.5,0.));
#540 = DIRECTION('',(0.,0.,1.));
#541 = DEFINITIONAL_REPRESENTATION('',(#542),#546);
#542 = ( BOUNDED_CURVE() B_SPLINE_CURVE(2,(#543,#544,#545),
.UNSPECIFIED.,.F.,.F.) B_SPLINE_CURVE_WITH_KNOTS((3,3),(-2.942138578984,
-1.762747174039),.PIECEWISE_BEZIER_KNOTS.) CURVE() 
GEOMETRIC_REPRESENTATION_ITEM() RATIONAL_B_SPLINE_CURVE((1.,
1.17896777026,1.)) REPRESENTATION_ITEM('') );
#543 = CARTESIAN_POINT('',(3.863623826388,182.01794919243));
#544 = CARTESIAN_POINT('',(31.676933349141,131.674572794));
#545 = CARTESIAN_POINT('',(40.,115.78427124746));
#546 = ( GEOMETRIC_REPRESENTATION_CONTEXT(2) 
PARAMETRIC_REPRESENTATION_CONTEXT() REPRESENTATION_CONTEXT('2D SPACE',''
  ) );
#547 = ORIENTED_EDGE('',*,*,#548,.F.);
#548 = EDGE_CURVE('',#549,#514,#551,.T.);
#549 = VERTEX_POINT('',#550);
#550 = CARTESIAN_POINT('',(-5.481881585887,-29.49489742783,40.));
#551 = SURFACE_CURVE('',#552,(#557,#564),.PCURVE_S1.);
#552 = CIRCLE('',#553,30.);
#553 = AXIS2_PLACEMENT_3D('',#554,#555,#556);
#554 = CARTESIAN_POINT('',(0.,0.,40.));
#555 = DIRECTION('',(0.,0.,1.));
#556 = DIRECTION('',(1.,0.,-0.));
#557 = PCURVE('',#164,#558);
#558 = DEFINITIONAL_REPRESENTATION('',(#559),#563);
#559 = LINE('',#560,#561);
#560 = CARTESIAN_POINT('',(-0.,-40.));
#561 = VECTOR('',#562,1.);
#562 = DIRECTION('',(-1.,-0.));
#563 = ( GEOMETRIC_REPRESENTATION_CONTEXT(2) 
PARAMETRIC_REPRESENTATION_CONTEXT() REPRESENTATION_CONTEXT('2D SPACE',''
  ) );
#564 = PCURVE('',#565,#570);
#565 = CYLINDRICAL_SURFACE('',#566,30.);
#566 = AXIS2_PLACEMENT_3D('',#567,#568,#569);
#567 = CARTESIAN_POINT('',(0.,0.,0.));
#568 = DIRECTION('',(0.,0.,1.));
#569 = DIRECTION('',(1.,0.,-0.));
#570 = DEFINITIONAL_REPRESENTATION('',(#571),#575);
#571 = LINE('',#572,#573);
#572 = CARTESIAN_POINT('',(0.,40.));
#573 = VECTOR('',#574,1.);
#574 = DIRECTION('',(1.,0.));
#575 = ( GEOMETRIC_REPRESENTATION_CONTEXT(2) 
PARAMETRIC_REPRESENTATION_CONTEXT() REPRESENTATION_CONTEXT('2D SPACE',''
  ) );
#576 = ORIENTED_EDGE('',*,*,#577,.T.);
#577 = EDGE_CURVE('',#549,#578,#580,.T.);
#578 = VERTEX_POINT('',#579);
#579 = CARTESIAN_POINT('',(-35.08974596215,-80.77722283113,7.73912512831
    ));
#580 = SURFACE_CURVE('',#581,(#586,#599),.PCURVE_S1.);
#581 = HYPERBOLA('',#582,5.555555555556,10.);
#582 = AXIS2_PLACEMENT_3D('',#583,#584,#585);
#583 = CARTESIAN_POINT('',(8.660254037844,-5.,56.666666666667));
#584 = DIRECTION('',(-0.866025403784,0.5,0.));
#585 = DIRECTION('',(-0.,0.,-1.));
#586 = PCURVE('',#164,#587);
#587 = DEFINITIONAL_REPRESENTATION('',(#588),#598);
#588 = B_SPLINE_CURVE_WITH_KNOTS('',8,(#589,#590,#591,#592,#593,#594,
    #595,#596,#597),.UNSPECIFIED.,.F.,.F.,(9,9),(1.762747174039,
    2.942138578984),.PIECEWISE_BEZIER_KNOTS.);
#589 = CARTESIAN_POINT('',(-4.528627114241,-40.));
#590 = CARTESIAN_POINT('',(-4.479485805701,-37.68345649969));
#591 = CARTESIAN_POINT('',(-4.438150557974,-34.95293545636));
#592 = CARTESIAN_POINT('',(-4.403355304854,-31.73171835882));
#593 = CARTESIAN_POINT('',(-4.373955987205,-27.92388603935));
#594 = CARTESIAN_POINT('',(-4.349029717963,-23.40900884096));
#595 = CARTESIAN_POINT('',(-4.327818661161,-18.03452031586));
#596 = CARTESIAN_POINT('',(-4.309708965703,-11.60484999934));
#597 = CARTESIAN_POINT('',(-4.294198082903,-3.863623826388));
#598 = ( GEOMETRIC_REPRESENTATION_CONTEXT(2) 
PARAMETRIC_REPRESENTATION_CONTEXT() REPRESENTATION_CONTEXT('2D SPACE',''
  ) );
#599 = PCURVE('',#600,#605);
#600 = PLANE('',#601);
#601 = AXIS2_PLACEMENT_3D('',#602,#603,#604);
#602 = CARTESIAN_POINT('',(-35.08974596215,-80.77722283113,0.));
#603 = DIRECTION('',(-0.866025403784,0.5,0.));
#604 = DIRECTION('',(0.,0.,1.));
#605 = DEFINITIONAL_REPRESENTATION('',(#606),#610);
#606 = ( BOUNDED_CURVE() B_SPLINE_CURVE(2,(#607,#608,#609),
.UNSPECIFIED.,.F.,.F.) B_SPLINE_CURVE_WITH_KNOTS((3,3),(1.762747174039,
2.942138578984),.PIECEWISE_BEZIER_KNOTS.) CURVE() 
GEOMETRIC_REPRESENTATION_ITEM() RATIONAL_B_SPLINE_CURVE((1.,
1.17896777026,1.)) REPRESENTATION_ITEM('') );
#607 = CARTESIAN_POINT('',(40.,59.215728752538));
#608 = CARTESIAN_POINT('',(31.676933349141,43.325427205994));
#609 = CARTESIAN_POINT('',(3.863623826388,-7.017949192431));
#610 = ( GEOMETRIC_REPRESENTATION_CONTEXT(2) 
PARAMETRIC_REPRESENTATION_CONTEXT() REPRESENTATION_CONTEXT('2D SPACE',''
  ) );
#611 = ORIENTED_EDGE('',*,*,#612,.T.);
#612 = EDGE_CURVE('',#578,#613,#615,.T.);
#613 = VERTEX_POINT('',#614);
#614 = CARTESIAN_POINT('',(-52.41025403784,-70.77722283113,7.73912512831
    ));
#615 = SURFACE_CURVE('',#616,(#621,#632),.PCURVE_S1.);
#616 = HYPERBOLA('',#617,48.611111111111,87.5);
#617 = AXIS2_PLACEMENT_3D('',#618,#619,#620);
#618 = CARTESIAN_POINT('',(-43.75,-75.77722283113,56.666666666667));
#619 = DIRECTION('',(0.5,0.866025403784,0.));
#620 = DIRECTION('',(0.,0.,-1.));
#621 = PCURVE('',#164,#622);
#622 = DEFINITIONAL_REPRESENTATION('',(#623),#631);
#623 = B_SPLINE_CURVE_WITH_KNOTS('',6,(#624,#625,#626,#627,#628,#629,
    #630),.UNSPECIFIED.,.F.,.F.,(7,7),(-0.136716554588,0.136716554588),
  .PIECEWISE_BEZIER_KNOTS.);
#624 = CARTESIAN_POINT('',(-4.325082834482,-7.600542223205));
#625 = CARTESIAN_POINT('',(-4.279933262001,-7.904356788957));
#626 = CARTESIAN_POINT('',(-4.234448221177,-8.085889307039));
#627 = CARTESIAN_POINT('',(-4.188790204786,-8.146275521537));
#628 = CARTESIAN_POINT('',(-4.143132188396,-8.085889307039));
#629 = CARTESIAN_POINT('',(-4.097647147572,-7.904356788957));
#630 = CARTESIAN_POINT('',(-4.052497575091,-7.600542223205));
#631 = ( GEOMETRIC_REPRESENTATION_CONTEXT(2) 
PARAMETRIC_REPRESENTATION_CONTEXT() REPRESENTATION_CONTEXT('2D SPACE',''
  ) );
#632 = PCURVE('',#633,#638);
#633 = PLANE('',#634);
#634 = AXIS2_PLACEMENT_3D('',#635,#636,#637);
#635 = CARTESIAN_POINT('',(-35.08974596215,-80.77722283113,0.));
#636 = DIRECTION('',(0.5,0.866025403784,0.));
#637 = DIRECTION('',(0.,0.,1.));
#638 = DEFINITIONAL_REPRESENTATION('',(#639),#643);
#639 = ( BOUNDED_CURVE() B_SPLINE_CURVE(2,(#640,#641,#642),
.UNSPECIFIED.,.F.,.F.) B_SPLINE_CURVE_WITH_KNOTS((3,3),(-0.136716554588,
0.136716554588),.PIECEWISE_BEZIER_KNOTS.) CURVE() 
GEOMETRIC_REPRESENTATION_ITEM() RATIONAL_B_SPLINE_CURVE((1.,
1.009360274265,1.)) REPRESENTATION_ITEM('') );
#640 = CARTESIAN_POINT('',(7.600542223205,2.));
#641 = CARTESIAN_POINT('',(8.506349334498,-10.));
#642 = CARTESIAN_POINT('',(7.600542223205,-22.));
#643 = ( GEOMETRIC_REPRESENTATION_CONTEXT(2) 
PARAMETRIC_REPRESENTATION_CONTEXT() REPRESENTATION_CONTEXT('2D SPACE',''
  ) );
#644 = ORIENTED_EDGE('',*,*,#645,.F.);
#645 = EDGE_CURVE('',#646,#613,#648,.T.);
#646 = VERTEX_POINT('',#647);
#647 = CARTESIAN_POINT('',(-22.80238966157,-19.49489742783,40.));
#648 = SURFACE_CURVE('',#649,(#654,#667),.PCURVE_S1.);
#649 = HYPERBOLA('',#650,5.555555555556,10.);
#650 = AXIS2_PLACEMENT_3D('',#651,#652,#653);
#651 = CARTESIAN_POINT('',(-8.660254037844,5.,56.666666666667));
#652 = DIRECTION('',(-0.866025403784,0.5,0.));
#653 = DIRECTION('',(-0.,0.,-1.));
#654 = PCURVE('',#164,#655);
#655 = DEFINITIONAL_REPRESENTATION('',(#656),#666);
#656 = B_SPLINE_CURVE_WITH_KNOTS('',8,(#657,#658,#659,#660,#661,#662,
    #663,#664,#665),.UNSPECIFIED.,.F.,.F.,(9,9),(1.762747174039,
    2.942138578984),.PIECEWISE_BEZIER_KNOTS.);
#657 = CARTESIAN_POINT('',(-3.848953295332,-40.));
#658 = CARTESIAN_POINT('',(-3.898094603872,-37.68345649969));
#659 = CARTESIAN_POINT('',(-3.939429851599,-34.95293545637));
#660 = CARTESIAN_POINT('',(-3.974225104701,-31.73171835878));
#661 = CARTESIAN_POINT('',(-4.003624422367,-27.92388603942));
#662 = CARTESIAN_POINT('',(-4.028550691586,-23.40900884093));
#663 = CARTESIAN_POINT('',(-4.049761748412,-18.03452031587));
#664 = CARTESIAN_POINT('',(-4.06787144387,-11.60484999934));
#665 = CARTESIAN_POINT('',(-4.08338232667,-3.863623826388));
#666 = ( GEOMETRIC_REPRESENTATION_CONTEXT(2) 
PARAMETRIC_REPRESENTATION_CONTEXT() REPRESENTATION_CONTEXT('2D SPACE',''
  ) );
#667 = PCURVE('',#668,#673);
#668 = PLANE('',#669);
#669 = AXIS2_PLACEMENT_3D('',#670,#671,#672);
#670 = CARTESIAN_POINT('',(-52.41025403784,-70.77722283113,0.));
#671 = DIRECTION('',(-0.866025403784,0.5,0.));
#672 = DIRECTION('',(0.,0.,1.));
#673 = DEFINITIONAL_REPRESENTATION('',(#674),#678);
#674 = ( BOUNDED_CURVE() B_SPLINE_CURVE(2,(#675,#676,#677),
.UNSPECIFIED.,.F.,.F.) B_SPLINE_CURVE_WITH_KNOTS((3,3),(1.762747174039,
2.942138578984),.PIECEWISE_BEZIER_KNOTS.) CURVE() 
GEOMETRIC_REPRESENTATION_ITEM() RATIONAL_B_SPLINE_CURVE((1.,
1.17896777026,1.)) REPRESENTATION_ITEM('') );
#675 = CARTESIAN_POINT('',(40.,59.215728752538));
#676 = CARTESIAN_POINT('',(31.676933349141,43.325427205994));
#677 = CARTESIAN_POINT('',(3.863623826388,-7.017949192431));
#678 = ( GEOMETRIC_REPRESENTATION_CONTEXT(2) 
PARAMETRIC_REPRESENTATION_CONTEXT() REPRESENTATION_CONTEXT('2D SPACE',''
  ) );
#679 = ORIENTED_EDGE('',*,*,#680,.F.);
#680 = EDGE_CURVE('',#681,#646,#683,.T.);
#681 = VERTEX_POINT('',#682);
#682 = CARTESIAN_POINT('',(-28.28427124746,-10.,40.));
#683 = SURFACE_CURVE('',#684,(#689,#696),.PCURVE_S1.);
#684 = CIRCLE('',#685,30.);
#685 = AXIS2_PLACEMENT_3D('',#686,#687,#688);
#686 = CARTESIAN_POINT('',(0.,0.,40.));
#687 = DIRECTION('',(0.,0.,1.));
#688 = DIRECTION('',(1.,0.,-0.));
#689 = PCURVE('',#164,#690);
#690 = DEFINITIONAL_REPRESENTATION('',(#691),#695);
#691 = LINE('',#692,#693);
#692 = CARTESIAN_POINT('',(-0.,-40.));
#693 = VECTOR('',#694,1.);
#694 = DIRECTION('',(-1.,-0.));
#695 = ( GEOMETRIC_REPRESENTATION_CONTEXT(2) 
PARAMETRIC_REPRESENTATION_CONTEXT() REPRESENTATION_CONTEXT('2D SPACE',''
  ) );
#696 = PCURVE('',#697,#702);
#697 = CYLINDRICAL_SURFACE('',#698,30.);
#698 = AXIS2_PLACEMENT_3D('',#699,#700,#701);
#699 = CARTESIAN_POINT('',(0.,0.,0.));
#700 = DIRECTION('',(0.,0.,1.));
#701 = DIRECTION('',(1.,0.,-0.));
#702 = DEFINITIONAL_REPRESENTATION('',(#703),#707);
#703 = LINE('',#704,#705);
#704 = CARTESIAN_POINT('',(0.,40.));
#705 = VECTOR('',#706,1.);
#706 = DIRECTION('',(1.,0.));
#707 = ( GEOMETRIC_REPRESENTATION_CONTEXT(2) 
PARAMETRIC_REPRESENTATION_CONTEXT() REPRESENTATION_CONTEXT('2D SPACE',''
  ) );
#708 = ORIENTED_EDGE('',*,*,#709,.T.);
#709 = EDGE_CURVE('',#681,#710,#712,.T.);
#710 = VERTEX_POINT('',#711);
#711 = CARTESIAN_POINT('',(-87.5,-10.,7.73912512831));
#712 = SURFACE_CURVE('',#713,(#718,#731),.PCURVE_S1.);
#713 = HYPERBOLA('',#714,5.555555555556,10.);
#714 = AXIS2_PLACEMENT_3D('',#715,#716,#717);
#715 = CARTESIAN_POINT('',(0.,-10.,56.666666666667));
#716 = DIRECTION('',(0.,1.,0.));
#717 = DIRECTION('',(-0.,0.,-1.));
#718 = PCURVE('',#164,#719);
#719 = DEFINITIONAL_REPRESENTATION('',(#720),#730);
#720 = B_SPLINE_CURVE_WITH_KNOTS('',8,(#721,#722,#723,#724,#725,#726,
    #727,#728,#729),.UNSPECIFIED.,.F.,.F.,(9,9),(1.762747174039,
    2.942138578984),.PIECEWISE_BEZIER_KNOTS.);
#721 = CARTESIAN_POINT('',(-3.481429563044,-40.));
#722 = CARTESIAN_POINT('',(-3.432288254505,-37.68345649969));
#723 = CARTESIAN_POINT('',(-3.390953006778,-34.95293545637));
#724 = CARTESIAN_POINT('',(-3.356157753649,-31.73171835874));
#725 = CARTESIAN_POINT('',(-3.326758436042,-27.9238860394));
#726 = CARTESIAN_POINT('',(-3.301832166762,-23.40900884095));
#727 = CARTESIAN_POINT('',(-3.280621109966,-18.03452031588));
#728 = CARTESIAN_POINT('',(-3.262511414507,-11.60484999934));
#729 = CARTESIAN_POINT('',(-3.247000531706,-3.863623826388));
#730 = ( GEOMETRIC_REPRESENTATION_CONTEXT(2) 
PARAMETRIC_REPRESENTATION_CONTEXT() REPRESENTATION_CONTEXT('2D SPACE',''
  ) );
#731 = PCURVE('',#732,#737);
#732 = PLANE('',#733);
#733 = AXIS2_PLACEMENT_3D('',#734,#735,#736);
#734 = CARTESIAN_POINT('',(-87.5,-10.,0.));
#735 = DIRECTION('',(-0.,1.,0.));
#736 = DIRECTION('',(0.,0.,1.));
#737 = DEFINITIONAL_REPRESENTATION('',(#738),#742);
#738 = ( BOUNDED_CURVE() B_SPLINE_CURVE(2,(#739,#740,#741),
.UNSPECIFIED.,.F.,.F.) B_SPLINE_CURVE_WITH_KNOTS((3,3),(1.762747174039,
2.942138578984),.PIECEWISE_BEZIER_KNOTS.) CURVE() 
GEOMETRIC_REPRESENTATION_ITEM() RATIONAL_B_SPLINE_CURVE((1.,
1.17896777026,1.)) REPRESENTATION_ITEM('') );
#739 = CARTESIAN_POINT('',(40.,59.215728752538));
#740 = CARTESIAN_POINT('',(31.676933349141,43.325427205994));
#741 = CARTESIAN_POINT('',(3.863623826388,-7.017949192431));
#742 = ( GEOMETRIC_REPRESENTATION_CONTEXT(2) 
PARAMETRIC_REPRESENTATION_CONTEXT() REPRESENTATION_CONTEXT('2D SPACE',''
  ) );
#743 = ORIENTED_EDGE('',*,*,#744,.T.);
#744 = EDGE_CURVE('',#710,#745,#747,.T.);
#745 = VERTEX_POINT('',#746);
#746 = CARTESIAN_POINT('',(-87.5,10.,7.73912512831));
#747 = SURFACE_CURVE('',#748,(#753,#764),.PCURVE_S1.);
#748 = HYPERBOLA('',#749,48.611111111111,87.5);
#749 = AXIS2_PLACEMENT_3D('',#750,#751,#752);
#750 = CARTESIAN_POINT('',(-87.5,0.,56.666666666667));
#751 = DIRECTION('',(1.,0.,0.));
#752 = DIRECTION('',(0.,-0.,-1.));
#753 = PCURVE('',#164,#754);
#754 = DEFINITIONAL_REPRESENTATION('',(#755),#763);
#755 = B_SPLINE_CURVE_WITH_KNOTS('',6,(#756,#757,#758,#759,#760,#761,
    #762),.UNSPECIFIED.,.F.,.F.,(7,7),(-0.136716554588,0.136716554588),
  .PIECEWISE_BEZIER_KNOTS.);
#756 = CARTESIAN_POINT('',(-3.277885283285,-7.600542223205));
#757 = CARTESIAN_POINT('',(-3.232735710804,-7.904356788957));
#758 = CARTESIAN_POINT('',(-3.187250669981,-8.085889307038));
#759 = CARTESIAN_POINT('',(-3.14159265359,-8.146275521538));
#760 = CARTESIAN_POINT('',(-3.095934637199,-8.085889307038));
#761 = CARTESIAN_POINT('',(-3.050449596376,-7.904356788957));
#762 = CARTESIAN_POINT('',(-3.005300023894,-7.600542223205));
#763 = ( GEOMETRIC_REPRESENTATION_CONTEXT(2) 
PARAMETRIC_REPRESENTATION_CONTEXT() REPRESENTATION_CONTEXT('2D SPACE',''
  ) );
#764 = PCURVE('',#765,#770);
#765 = PLANE('',#766);
#766 = AXIS2_PLACEMENT_3D('',#767,#768,#769);
#767 = CARTESIAN_POINT('',(-87.5,-10.,0.));
#768 = DIRECTION('',(1.,0.,-0.));
#769 = DIRECTION('',(0.,0.,1.));
#770 = DEFINITIONAL_REPRESENTATION('',(#771),#775);
#771 = ( BOUNDED_CURVE() B_SPLINE_CURVE(2,(#772,#773,#774),
.UNSPECIFIED.,.F.,.F.) B_SPLINE_CURVE_WITH_KNOTS((3,3),(-0.136716554588,
0.136716554588),.PIECEWISE_BEZIER_KNOTS.) CURVE() 
GEOMETRIC_REPRESENTATION_ITEM() RATIONAL_B_SPLINE_CURVE((1.,
1.009360274265,1.)) REPRESENTATION_ITEM('') );
#772 = CARTESIAN_POINT('',(7.600542223205,2.));
#773 = CARTESIAN_POINT('',(8.506349334498,-10.));
#774 = CARTESIAN_POINT('',(7.600542223205,-22.));
#775 = ( GEOMETRIC_REPRESENTATION_CONTEXT(2) 
PARAMETRIC_REPRESENTATION_CONTEXT() REPRESENTATION_CONTEXT('2D SPACE',''
  ) );
#776 = ORIENTED_EDGE('',*,*,#777,.F.);
#777 = EDGE_CURVE('',#778,#745,#780,.T.);
#778 = VERTEX_POINT('',#779);
#779 = CARTESIAN_POINT('',(-28.28427124746,10.,40.));
#780 = SURFACE_CURVE('',#781,(#786,#799),.PCURVE_S1.);
#781 = HYPERBOLA('',#782,5.555555555556,10.);
#782 = AXIS2_PLACEMENT_3D('',#783,#784,#785);
#783 = CARTESIAN_POINT('',(0.,10.,56.666666666667));
#784 = DIRECTION('',(0.,1.,0.));
#785 = DIRECTION('',(-0.,0.,-1.));
#786 = PCURVE('',#164,#787);
#787 = DEFINITIONAL_REPRESENTATION('',(#788),#798);
#788 = B_SPLINE_CURVE_WITH_KNOTS('',8,(#789,#790,#791,#792,#793,#794,
    #795,#796,#797),.UNSPECIFIED.,.F.,.F.,(9,9),(1.762747174039,
    2.942138578984),.PIECEWISE_BEZIER_KNOTS.);
#789 = CARTESIAN_POINT('',(-2.801755744136,-40.));
#790 = CARTESIAN_POINT('',(-2.850897052675,-37.68345649969));
#791 = CARTESIAN_POINT('',(-2.892232300399,-34.95293545637));
#792 = CARTESIAN_POINT('',(-2.92702755352,-31.73171835874));
#793 = CARTESIAN_POINT('',(-2.956426871138,-27.92388603951));
#794 = CARTESIAN_POINT('',(-2.981353140409,-23.40900884089));
#795 = CARTESIAN_POINT('',(-3.002564197211,-18.03452031588));
#796 = CARTESIAN_POINT('',(-3.020673892673,-11.60484999934));
#797 = CARTESIAN_POINT('',(-3.036184775473,-3.863623826388));
#798 = ( GEOMETRIC_REPRESENTATION_CONTEXT(2) 
PARAMETRIC_REPRESENTATION_CONTEXT() REPRESENTATION_CONTEXT('2D SPACE',''
  ) );
#799 = PCURVE('',#800,#805);
#800 = PLANE('',#801);
#801 = AXIS2_PLACEMENT_3D('',#802,#803,#804);
#802 = CARTESIAN_POINT('',(-87.5,10.,0.));
#803 = DIRECTION('',(-0.,1.,0.));
#804 = DIRECTION('',(0.,0.,1.));
#805 = DEFINITIONAL_REPRESENTATION('',(#806),#810);
#806 = ( BOUNDED_CURVE() B_SPLINE_CURVE(2,(#807,#808,#809),
.UNSPECIFIED.,.F.,.F.) B_SPLINE_CURVE_WITH_KNOTS((3,3),(1.762747174039,
2.942138578984),.PIECEWISE_BEZIER_KNOTS.) CURVE() 
GEOMETRIC_REPRESENTATION_ITEM() RATIONAL_B_SPLINE_CURVE((1.,
1.17896777026,1.)) REPRESENTATION_ITEM('') );
#807 = CARTESIAN_POINT('',(40.,59.215728752538));
#808 = CARTESIAN_POINT('',(31.676933349141,43.325427205994));
#809 = CARTESIAN_POINT('',(3.863623826388,-7.017949192431));
#810 = ( GEOMETRIC_REPRESENTATION_CONTEXT(2) 
PARAMETRIC_REPRESENTATION_CONTEXT() REPRESENTATION_CONTEXT('2D SPACE',''
  ) );
#811 = ORIENTED_EDGE('',*,*,#812,.F.);
#812 = EDGE_CURVE('',#813,#778,#815,.T.);
#813 = VERTEX_POINT('',#814);
#814 = CARTESIAN_POINT('',(-22.80238966157,19.494897427832,40.));
#815 = SURFACE_CURVE('',#816,(#821,#828),.PCURVE_S1.);
#816 = CIRCLE('',#817,30.);
#817 = AXIS2_PLACEMENT_3D('',#818,#819,#820);
#818 = CARTESIAN_POINT('',(0.,0.,40.));
#819 = DIRECTION('',(0.,0.,1.));
#820 = DIRECTION('',(1.,0.,-0.));
#821 = PCURVE('',#164,#822);
#822 = DEFINITIONAL_REPRESENTATION('',(#823),#827);
#823 = LINE('',#824,#825);
#824 = CARTESIAN_POINT('',(-0.,-40.));
#825 = VECTOR('',#826,1.);
#826 = DIRECTION('',(-1.,-0.));
#827 = ( GEOMETRIC_REPRESENTATION_CONTEXT(2) 
PARAMETRIC_REPRESENTATION_CONTEXT() REPRESENTATION_CONTEXT('2D SPACE',''
  ) );
#828 = PCURVE('',#829,#834);
#829 = CYLINDRICAL_SURFACE('',#830,30.);
#830 = AXIS2_PLACEMENT_3D('',#831,#832,#833);
#831 = CARTESIAN_POINT('',(0.,0.,0.));
#832 = DIRECTION('',(0.,0.,1.));
#833 = DIRECTION('',(1.,0.,-0.));
#834 = DEFINITIONAL_REPRESENTATION('',(#835),#839);
#835 = LINE('',#836,#837);
#836 = CARTESIAN_POINT('',(0.,40.));
#837 = VECTOR('',#838,1.);
#838 = DIRECTION('',(1.,0.));
#839 = ( GEOMETRIC_REPRESENTATION_CONTEXT(2) 
PARAMETRIC_REPRESENTATION_CONTEXT() REPRESENTATION_CONTEXT('2D SPACE',''
  ) );
#840 = ORIENTED_EDGE('',*,*,#841,.T.);
#841 = EDGE_CURVE('',#813,#842,#844,.T.);
#842 = VERTEX_POINT('',#843);
#843 = CARTESIAN_POINT('',(-52.41025403784,70.777222831138,7.73912512831
    ));
#844 = SURFACE_CURVE('',#845,(#850,#863),.PCURVE_S1.);
#845 = HYPERBOLA('',#846,5.555555555556,10.);
#846 = AXIS2_PLACEMENT_3D('',#847,#848,#849);
#847 = CARTESIAN_POINT('',(-8.660254037844,-5.,56.666666666667));
#848 = DIRECTION('',(0.866025403784,0.5,0.));
#849 = DIRECTION('',(0.,0.,-1.));
#850 = PCURVE('',#164,#851);
#851 = DEFINITIONAL_REPRESENTATION('',(#852),#862);
#852 = B_SPLINE_CURVE_WITH_KNOTS('',8,(#853,#854,#855,#856,#857,#858,
    #859,#860,#861),.UNSPECIFIED.,.F.,.F.,(9,9),(1.762747174039,
    2.942138578984),.PIECEWISE_BEZIER_KNOTS.);
#853 = CARTESIAN_POINT('',(-2.434232011847,-40.));
#854 = CARTESIAN_POINT('',(-2.385090703308,-37.68345649969));
#855 = CARTESIAN_POINT('',(-2.343755455575,-34.95293545637));
#856 = CARTESIAN_POINT('',(-2.308960202464,-31.73171835878));
#857 = CARTESIAN_POINT('',(-2.279560884803,-27.92388603942));
#858 = CARTESIAN_POINT('',(-2.25463461558,-23.40900884093));
#859 = CARTESIAN_POINT('',(-2.233423558764,-18.03452031587));
#860 = CARTESIAN_POINT('',(-2.21531386331,-11.60484999934));
#861 = CARTESIAN_POINT('',(-2.19980298051,-3.863623826388));
#862 = ( GEOMETRIC_REPRESENTATION_CONTEXT(2) 
PARAMETRIC_REPRESENTATION_CONTEXT() REPRESENTATION_CONTEXT('2D SPACE',''
  ) );
#863 = PCURVE('',#864,#869);
#864 = PLANE('',#865);
#865 = AXIS2_PLACEMENT_3D('',#866,#867,#868);
#866 = CARTESIAN_POINT('',(-52.41025403784,70.777222831138,0.));
#867 = DIRECTION('',(0.866025403784,0.5,0.));
#868 = DIRECTION('',(0.,0.,1.));
#869 = DEFINITIONAL_REPRESENTATION('',(#870),#874);
#870 = ( BOUNDED_CURVE() B_SPLINE_CURVE(2,(#871,#872,#873),
.UNSPECIFIED.,.F.,.F.) B_SPLINE_CURVE_WITH_KNOTS((3,3),(1.762747174039,
2.942138578984),.PIECEWISE_BEZIER_KNOTS.) CURVE() 
GEOMETRIC_REPRESENTATION_ITEM() RATIONAL_B_SPLINE_CURVE((1.,
1.17896777026,1.)) REPRESENTATION_ITEM('') );
#871 = CARTESIAN_POINT('',(40.,59.215728752538));
#872 = CARTESIAN_POINT('',(31.676933349141,43.325427205994));
#873 = CARTESIAN_POINT('',(3.863623826388,-7.017949192431));
#874 = ( GEOMETRIC_REPRESENTATION_CONTEXT(2) 
PARAMETRIC_REPRESENTATION_CONTEXT() REPRESENTATION_CONTEXT('2D SPACE',''
  ) );
#875 = ORIENTED_EDGE('',*,*,#876,.T.);
#876 = EDGE_CURVE('',#842,#877,#879,.T.);
#877 = VERTEX_POINT('',#878);
#878 = CARTESIAN_POINT('',(-35.08974596215,80.777222831138,7.73912512831
    ));
#879 = SURFACE_CURVE('',#880,(#885,#896),.PCURVE_S1.);
#880 = HYPERBOLA('',#881,48.611111111111,87.5);
#881 = AXIS2_PLACEMENT_3D('',#882,#883,#884);
#882 = CARTESIAN_POINT('',(-43.75,75.777222831138,56.666666666667));
#883 = DIRECTION('',(0.5,-0.866025403784,0.));
#884 = DIRECTION('',(0.,-0.,-1.));
#885 = PCURVE('',#164,#886);
#886 = DEFINITIONAL_REPRESENTATION('',(#887),#895);
#887 = B_SPLINE_CURVE_WITH_KNOTS('',6,(#888,#889,#890,#891,#892,#893,
    #894),.UNSPECIFIED.,.F.,.F.,(7,7),(-0.136716554588,0.136716554588),
  .PIECEWISE_BEZIER_KNOTS.);
#888 = CARTESIAN_POINT('',(-2.230687732089,-7.600542223205));
#889 = CARTESIAN_POINT('',(-2.185538159607,-7.904356788957));
#890 = CARTESIAN_POINT('',(-2.140053118784,-8.085889307038));
#891 = CARTESIAN_POINT('',(-2.094395102393,-8.146275521538));
#892 = CARTESIAN_POINT('',(-2.048737086002,-8.085889307038));
#893 = CARTESIAN_POINT('',(-2.003252045179,-7.904356788957));
#894 = CARTESIAN_POINT('',(-1.958102472698,-7.600542223205));
#895 = ( GEOMETRIC_REPRESENTATION_CONTEXT(2) 
PARAMETRIC_REPRESENTATION_CONTEXT() REPRESENTATION_CONTEXT('2D SPACE',''
  ) );
#896 = PCURVE('',#897,#902);
#897 = PLANE('',#898);
#898 = AXIS2_PLACEMENT_3D('',#899,#900,#901);
#899 = CARTESIAN_POINT('',(-52.41025403784,70.777222831138,0.));
#900 = DIRECTION('',(0.5,-0.866025403784,0.));
#901 = DIRECTION('',(0.,0.,1.));
#902 = DEFINITIONAL_REPRESENTATION('',(#903),#907);
#903 = ( BOUNDED_CURVE() B_SPLINE_CURVE(2,(#904,#905,#906),
.UNSPECIFIED.,.F.,.F.) B_SPLINE_CURVE_WITH_KNOTS((3,3),(-0.136716554588,
0.136716554588),.PIECEWISE_BEZIER_KNOTS.) CURVE() 
GEOMETRIC_REPRESENTATION_ITEM() RATIONAL_B_SPLINE_CURVE((1.,
1.009360274265,1.)) REPRESENTATION_ITEM('') );
#904 = CARTESIAN_POINT('',(7.600542223205,2.));
#905 = CARTESIAN_POINT('',(8.506349334498,-10.));
#906 = CARTESIAN_POINT('',(7.600542223205,-22.));
#907 = ( GEOMETRIC_REPRESENTATION_CONTEXT(2) 
PARAMETRIC_REPRESENTATION_CONTEXT() REPRESENTATION_CONTEXT('2D SPACE',''
  ) );
#908 = ORIENTED_EDGE('',*,*,#909,.F.);
#909 = EDGE_CURVE('',#910,#877,#912,.T.);
#910 = VERTEX_POINT('',#911);
#911 = CARTESIAN_POINT('',(-5.481881585887,29.494897427832,40.));
#912 = SURFACE_CURVE('',#913,(#918,#931),.PCURVE_S1.);
#913 = HYPERBOLA('',#914,5.555555555556,10.);
#914 = AXIS2_PLACEMENT_3D('',#915,#916,#917);
#915 = CARTESIAN_POINT('',(8.660254037844,5.,56.666666666667));
#916 = DIRECTION('',(0.866025403784,0.5,0.));
#917 = DIRECTION('',(0.,0.,-1.));
#918 = PCURVE('',#164,#919);
#919 = DEFINITIONAL_REPRESENTATION('',(#920),#930);
#920 = B_SPLINE_CURVE_WITH_KNOTS('',8,(#921,#922,#923,#924,#925,#926,
    #927,#928,#929),.UNSPECIFIED.,.F.,.F.,(9,9),(1.762747174039,
    2.942138578984),.PIECEWISE_BEZIER_KNOTS.);
#921 = CARTESIAN_POINT('',(-1.754558192939,-40.));
#922 = CARTESIAN_POINT('',(-1.803699501478,-37.68345649969));
#923 = CARTESIAN_POINT('',(-1.845034749203,-34.95293545636));
#924 = CARTESIAN_POINT('',(-1.879830002332,-31.73171835884));
#925 = CARTESIAN_POINT('',(-1.909229319934,-27.9238860393));
#926 = CARTESIAN_POINT('',(-1.934155589221,-23.40900884099));
#927 = CARTESIAN_POINT('',(-1.955366646015,-18.03452031586));
#928 = CARTESIAN_POINT('',(-1.973476341476,-11.60484999934));
#929 = CARTESIAN_POINT('',(-1.988987224277,-3.863623826388));
#930 = ( GEOMETRIC_REPRESENTATION_CONTEXT(2) 
PARAMETRIC_REPRESENTATION_CONTEXT() REPRESENTATION_CONTEXT('2D SPACE',''
  ) );
#931 = PCURVE('',#932,#937);
#932 = PLANE('',#933);
#933 = AXIS2_PLACEMENT_3D('',#934,#935,#936);
#934 = CARTESIAN_POINT('',(-35.08974596215,80.777222831138,0.));
#935 = DIRECTION('',(0.866025403784,0.5,0.));
#936 = DIRECTION('',(0.,0.,1.));
#937 = DEFINITIONAL_REPRESENTATION('',(#938),#942);
#938 = ( BOUNDED_CURVE() B_SPLINE_CURVE(2,(#939,#940,#941),
.UNSPECIFIED.,.F.,.F.) B_SPLINE_CURVE_WITH_KNOTS((3,3),(1.762747174039,
2.942138578984),.PIECEWISE_BEZIER_KNOTS.) CURVE() 
GEOMETRIC_REPRESENTATION_ITEM() RATIONAL_B_SPLINE_CURVE((1.,
1.17896777026,1.)) REPRESENTATION_ITEM('') );
#939 = CARTESIAN_POINT('',(40.,59.215728752538));
#940 = CARTESIAN_POINT('',(31.676933349141,43.325427205994));
#941 = CARTESIAN_POINT('',(3.863623826388,-7.017949192431));
#942 = ( GEOMETRIC_REPRESENTATION_CONTEXT(2) 
PARAMETRIC_REPRESENTATION_CONTEXT() REPRESENTATION_CONTEXT('2D SPACE',''
  ) );
#943 = ORIENTED_EDGE('',*,*,#944,.F.);
#944 = EDGE_CURVE('',#945,#910,#947,.T.);
#945 = VERTEX_POINT('',#946);
#946 = CARTESIAN_POINT('',(5.481881585887,29.494897427832,40.));
#947 = SURFACE_CURVE('',#948,(#953,#960),.PCURVE_S1.);
#948 = CIRCLE('',#949,30.);
#949 = AXIS2_PLACEMENT_3D('',#950,#951,#952);
#950 = CARTESIAN_POINT('',(0.,0.,40.));
#951 = DIRECTION('',(0.,0.,1.));
#952 = DIRECTION('',(1.,0.,-0.));
#953 = PCURVE('',#164,#954);
#954 = DEFINITIONAL_REPRESENTATION('',(#955),#959);
#955 = LINE('',#956,#957);
#956 = CARTESIAN_POINT('',(-0.,-40.));
#957 = VECTOR('',#958,1.);
#958 = DIRECTION('',(-1.,-0.));
#959 = ( GEOMETRIC_REPRESENTATION_CONTEXT(2) 
PARAMETRIC_REPRESENTATION_CONTEXT() REPRESENTATION_CONTEXT('2D SPACE',''
  ) );
#960 = PCURVE('',#961,#966);
#961 = CYLINDRICAL_SURFACE('',#962,30.);
#962 = AXIS2_PLACEMENT_3D('',#963,#964,#965);
#963 = CARTESIAN_POINT('',(0.,0.,0.));
#964 = DIRECTION('',(0.,0.,1.));
#965 = DIRECTION('',(1.,0.,-0.));
#966 = DEFINITIONAL_REPRESENTATION('',(#967),#971);
#967 = LINE('',#968,#969);
#968 = CARTESIAN_POINT('',(0.,40.));
#969 = VECTOR('',#970,1.);
#970 = DIRECTION('',(1.,0.));
#971 = ( GEOMETRIC_REPRESENTATION_CONTEXT(2) 
PARAMETRIC_REPRESENTATION_CONTEXT() REPRESENTATION_CONTEXT('2D SPACE',''
  ) );
#972 = ORIENTED_EDGE('',*,*,#973,.F.);
#973 = EDGE_CURVE('',#974,#945,#976,.T.);
#974 = VERTEX_POINT('',#975);
#975 = CARTESIAN_POINT('',(35.089745962156,80.777222831138,7.73912512831
    ));
#976 = SURFACE_CURVE('',#977,(#982,#995),.PCURVE_S1.);
#977 = HYPERBOLA('',#978,5.555555555556,10.);
#978 = AXIS2_PLACEMENT_3D('',#979,#980,#981);
#979 = CARTESIAN_POINT('',(-8.660254037844,5.,56.666666666667));
#980 = DIRECTION('',(-0.866025403784,0.5,0.));
#981 = DIRECTION('',(-0.,0.,-1.));
#982 = PCURVE('',#164,#983);
#983 = DEFINITIONAL_REPRESENTATION('',(#984),#994);
#984 = B_SPLINE_CURVE_WITH_KNOTS('',8,(#985,#986,#987,#988,#989,#990,
    #991,#992,#993),.UNSPECIFIED.,.F.,.F.,(9,9),(-2.942138578984,
    -1.762747174039),.PIECEWISE_BEZIER_KNOTS.);
#985 = CARTESIAN_POINT('',(-1.152605429313,-3.863623826388));
#986 = CARTESIAN_POINT('',(-1.168116312113,-11.60484999934));
#987 = CARTESIAN_POINT('',(-1.186226007574,-18.03452031586));
#988 = CARTESIAN_POINT('',(-1.207437064373,-23.40900884101));
#989 = CARTESIAN_POINT('',(-1.232363333642,-27.92388603935));
#990 = CARTESIAN_POINT('',(-1.261762651258,-31.73171835881));
#991 = CARTESIAN_POINT('',(-1.296557904385,-34.95293545637));
#992 = CARTESIAN_POINT('',(-1.337893152111,-37.68345649969));
#993 = CARTESIAN_POINT('',(-1.387034460651,-40.));
#994 = ( GEOMETRIC_REPRESENTATION_CONTEXT(2) 
PARAMETRIC_REPRESENTATION_CONTEXT() REPRESENTATION_CONTEXT('2D SPACE',''
  ) );
#995 = PCURVE('',#996,#1001);
#996 = PLANE('',#997);
#997 = AXIS2_PLACEMENT_3D('',#998,#999,#1000);
#998 = CARTESIAN_POINT('',(-52.41025403784,-70.77722283113,0.));
#999 = DIRECTION('',(-0.866025403784,0.5,0.));
#1000 = DIRECTION('',(0.,0.,1.));
#1001 = DEFINITIONAL_REPRESENTATION('',(#1002),#1006);
#1002 = ( BOUNDED_CURVE() B_SPLINE_CURVE(2,(#1003,#1004,#1005),
.UNSPECIFIED.,.F.,.F.) B_SPLINE_CURVE_WITH_KNOTS((3,3),(-2.942138578984,
-1.762747174039),.PIECEWISE_BEZIER_KNOTS.) CURVE() 
GEOMETRIC_REPRESENTATION_ITEM() RATIONAL_B_SPLINE_CURVE((1.,
1.17896777026,1.)) REPRESENTATION_ITEM('') );
#1003 = CARTESIAN_POINT('',(3.863623826388,182.01794919243));
#1004 = CARTESIAN_POINT('',(31.676933349141,131.674572794));
#1005 = CARTESIAN_POINT('',(40.,115.78427124746));
#1006 = ( GEOMETRIC_REPRESENTATION_CONTEXT(2) 
PARAMETRIC_REPRESENTATION_CONTEXT() REPRESENTATION_CONTEXT('2D SPACE',''
  ) );
#1007 = ORIENTED_EDGE('',*,*,#1008,.F.);
#1008 = EDGE_CURVE('',#1009,#974,#1011,.T.);
#1009 = VERTEX_POINT('',#1010);
#1010 = CARTESIAN_POINT('',(52.410254037844,70.777222831138,
    7.73912512831));
#1011 = SURFACE_CURVE('',#1012,(#1017,#1028),.PCURVE_S1.);
#1012 = HYPERBOLA('',#1013,48.611111111111,87.5);
#1013 = AXIS2_PLACEMENT_3D('',#1014,#1015,#1016);
#1014 = CARTESIAN_POINT('',(43.75,75.777222831138,56.666666666667));
#1015 = DIRECTION('',(0.5,0.866025403784,0.));
#1016 = DIRECTION('',(0.,0.,-1.));
#1017 = PCURVE('',#164,#1018);
#1018 = DEFINITIONAL_REPRESENTATION('',(#1019),#1027);
#1019 = B_SPLINE_CURVE_WITH_KNOTS('',6,(#1020,#1021,#1022,#1023,#1024,
    #1025,#1026),.UNSPECIFIED.,.F.,.F.,(7,7),(-0.136716554588,
    0.136716554588),.PIECEWISE_BEZIER_KNOTS.);
#1020 = CARTESIAN_POINT('',(-0.910904921501,-7.600542223205));
#1021 = CARTESIAN_POINT('',(-0.956054493982,-7.904356788957));
#1022 = CARTESIAN_POINT('',(-1.001539534806,-8.085889307039));
#1023 = CARTESIAN_POINT('',(-1.047197551197,-8.146275521538));
#1024 = CARTESIAN_POINT('',(-1.092855567587,-8.085889307039));
#1025 = CARTESIAN_POINT('',(-1.138340608411,-7.904356788957));
#1026 = CARTESIAN_POINT('',(-1.183490180892,-7.600542223205));
#1027 = ( GEOMETRIC_REPRESENTATION_CONTEXT(2) 
PARAMETRIC_REPRESENTATION_CONTEXT() REPRESENTATION_CONTEXT('2D SPACE',''
  ) );
#1028 = PCURVE('',#1029,#1034);
#1029 = PLANE('',#1030);
#1030 = AXIS2_PLACEMENT_3D('',#1031,#1032,#1033);
#1031 = CARTESIAN_POINT('',(52.410254037844,70.777222831138,0.));
#1032 = DIRECTION('',(0.5,0.866025403784,0.));
#1033 = DIRECTION('',(0.,0.,1.));
#1034 = DEFINITIONAL_REPRESENTATION('',(#1035),#1039);
#1035 = ( BOUNDED_CURVE() B_SPLINE_CURVE(2,(#1036,#1037,#1038),
.UNSPECIFIED.,.F.,.F.) B_SPLINE_CURVE_WITH_KNOTS((3,3),(-0.136716554588,
0.136716554588),.PIECEWISE_BEZIER_KNOTS.) CURVE() 
GEOMETRIC_REPRESENTATION_ITEM() RATIONAL_B_SPLINE_CURVE((1.,
1.009360274265,1.)) REPRESENTATION_ITEM('') );
#1036 = CARTESIAN_POINT('',(7.600542223205,2.));
#1037 = CARTESIAN_POINT('',(8.506349334498,-10.));
#1038 = CARTESIAN_POINT('',(7.600542223205,-22.));
#1039 = ( GEOMETRIC_REPRESENTATION_CONTEXT(2) 
PARAMETRIC_REPRESENTATION_CONTEXT() REPRESENTATION_CONTEXT('2D SPACE',''
  ) );
#1040 = ORIENTED_EDGE('',*,*,#1041,.T.);
#1041 = EDGE_CURVE('',#1009,#236,#1042,.T.);
#1042 = SURFACE_CURVE('',#1043,(#1048,#1061),.PCURVE_S1.);
#1043 = HYPERBOLA('',#1044,5.555555555556,10.);
#1044 = AXIS2_PLACEMENT_3D('',#1045,#1046,#1047);
#1045 = CARTESIAN_POINT('',(8.660254037844,-5.,56.666666666667));
#1046 = DIRECTION('',(-0.866025403784,0.5,0.));
#1047 = DIRECTION('',(-0.,0.,-1.));
#1048 = PCURVE('',#164,#1049);
#1049 = DEFINITIONAL_REPRESENTATION('',(#1050),#1060);
#1050 = B_SPLINE_CURVE_WITH_KNOTS('',8,(#1051,#1052,#1053,#1054,#1055,
    #1056,#1057,#1058,#1059),.UNSPECIFIED.,.F.,.F.,(9,9),(
    -2.942138578984,-1.762747174039),.PIECEWISE_BEZIER_KNOTS.);
#1051 = CARTESIAN_POINT('',(-0.94178967308,-3.863623826388));
#1052 = CARTESIAN_POINT('',(-0.92627879028,-11.60484999934));
#1053 = CARTESIAN_POINT('',(-0.908169094821,-18.03452031587));
#1054 = CARTESIAN_POINT('',(-0.886958038011,-23.40900884099));
#1055 = CARTESIAN_POINT('',(-0.862031768759,-27.92388603937));
#1056 = CARTESIAN_POINT('',(-0.832632451126,-31.73171835885));
#1057 = CARTESIAN_POINT('',(-0.797837198008,-34.95293545634));
#1058 = CARTESIAN_POINT('',(-0.756501950282,-37.68345649969));
#1059 = CARTESIAN_POINT('',(-0.707360641742,-40.));
#1060 = ( GEOMETRIC_REPRESENTATION_CONTEXT(2) 
PARAMETRIC_REPRESENTATION_CONTEXT() REPRESENTATION_CONTEXT('2D SPACE',''
  ) );
#1061 = PCURVE('',#1062,#1067);
#1062 = PLANE('',#1063);
#1063 = AXIS2_PLACEMENT_3D('',#1064,#1065,#1066);
#1064 = CARTESIAN_POINT('',(-35.08974596215,-80.77722283113,0.));
#1065 = DIRECTION('',(-0.866025403784,0.5,0.));
#1066 = DIRECTION('',(0.,0.,1.));
#1067 = DEFINITIONAL_REPRESENTATION('',(#1068),#1072);
#1068 = ( BOUNDED_CURVE() B_SPLINE_CURVE(2,(#1069,#1070,#1071),
.UNSPECIFIED.,.F.,.F.) B_SPLINE_CURVE_WITH_KNOTS((3,3),(-2.942138578984,
-1.762747174039),.PIECEWISE_BEZIER_KNOTS.) CURVE() 
GEOMETRIC_REPRESENTATION_ITEM() RATIONAL_B_SPLINE_CURVE((1.,
1.17896777026,1.)) REPRESENTATION_ITEM('') );
#1069 = CARTESIAN_POINT('',(3.863623826388,182.01794919243));
#1070 = CARTESIAN_POINT('',(31.676933349141,131.674572794));
#1071 = CARTESIAN_POINT('',(40.,115.78427124746));
#1072 = ( GEOMETRIC_REPRESENTATION_CONTEXT(2) 
PARAMETRIC_REPRESENTATION_CONTEXT() REPRESENTATION_CONTEXT('2D SPACE',''
  ) );
#1073 = ADVANCED_FACE('',(#1074),#217,.F.);
#1074 = FACE_BOUND('',#1075,.F.);
#1075 = EDGE_LOOP('',(#1076,#1106,#1127,#1128,#1129,#1157,#1185,#1213,
    #1241,#1269,#1297,#1325,#1353,#1381,#1409,#1437,#1465,#1493,#1521,
    #1549,#1577));
#1076 = ORIENTED_EDGE('',*,*,#1077,.T.);
#1077 = EDGE_CURVE('',#1078,#1080,#1082,.T.);
#1078 = VERTEX_POINT('',#1079);
#1079 = CARTESIAN_POINT('',(59.160797830996,-10.,1.145E+03));
#1080 = VERTEX_POINT('',#1081);
#1081 = CARTESIAN_POINT('',(60.,-1.469576158977E-14,1.145E+03));
#1082 = SURFACE_CURVE('',#1083,(#1088,#1094),.PCURVE_S1.);
#1083 = CIRCLE('',#1084,60.);
#1084 = AXIS2_PLACEMENT_3D('',#1085,#1086,#1087);
#1085 = CARTESIAN_POINT('',(0.,0.,1.145E+03));
#1086 = DIRECTION('',(0.,0.,1.));
#1087 = DIRECTION('',(1.,0.,-0.));
#1088 = PCURVE('',#217,#1089);
#1089 = DEFINITIONAL_REPRESENTATION('',(#1090),#1093);
#1090 = B_SPLINE_CURVE_WITH_KNOTS('',1,(#1091,#1092),.UNSPECIFIED.,.F.,
  .F.,(2,2),(6.11573722796,6.28318530718),.PIECEWISE_BEZIER_KNOTS.);
#1091 = CARTESIAN_POINT('',(6.11573722796,0.));
#1092 = CARTESIAN_POINT('',(6.28318530718,0.));
#1093 = ( GEOMETRIC_REPRESENTATION_CONTEXT(2) 
PARAMETRIC_REPRESENTATION_CONTEXT() REPRESENTATION_CONTEXT('2D SPACE',''
  ) );
#1094 = PCURVE('',#1095,#1100);
#1095 = PLANE('',#1096);
#1096 = AXIS2_PLACEMENT_3D('',#1097,#1098,#1099);
#1097 = CARTESIAN_POINT('',(-60.,-10.,1.145E+03));
#1098 = DIRECTION('',(0.,0.,1.));
#1099 = DIRECTION('',(1.,0.,-0.));
#1100 = DEFINITIONAL_REPRESENTATION('',(#1101),#1105);
#1101 = CIRCLE('',#1102,60.);
#1102 = AXIS2_PLACEMENT_2D('',#1103,#1104);
#1103 = CARTESIAN_POINT('',(60.,10.));
#1104 = DIRECTION('',(1.,0.));
#1105 = ( GEOMETRIC_REPRESENTATION_CONTEXT(2) 
PARAMETRIC_REPRESENTATION_CONTEXT() REPRESENTATION_CONTEXT('2D SPACE',''
  ) );
#1106 = ORIENTED_EDGE('',*,*,#1107,.T.);
#1107 = EDGE_CURVE('',#1080,#181,#1108,.T.);
#1108 = SEAM_CURVE('',#1109,(#1113,#1120),.PCURVE_S1.);
#1109 = LINE('',#1110,#1111);
#1110 = CARTESIAN_POINT('',(60.,-1.469576158977E-14,1.145E+03));
#1111 = VECTOR('',#1112,1.);
#1112 = DIRECTION('',(0.,0.,1.));
#1113 = PCURVE('',#217,#1114);
#1114 = DEFINITIONAL_REPRESENTATION('',(#1115),#1119);
#1115 = LINE('',#1116,#1117);
#1116 = CARTESIAN_POINT('',(0.,-0.));
#1117 = VECTOR('',#1118,1.);
#1118 = DIRECTION('',(0.,1.));
#1119 = ( GEOMETRIC_REPRESENTATION_CONTEXT(2) 
PARAMETRIC_REPRESENTATION_CONTEXT() REPRESENTATION_CONTEXT('2D SPACE',''
  ) );
#1120 = PCURVE('',#217,#1121);
#1121 = DEFINITIONAL_REPRESENTATION('',(#1122),#1126);
#1122 = LINE('',#1123,#1124);
#1123 = CARTESIAN_POINT('',(6.28318530718,-0.));
#1124 = VECTOR('',#1125,1.);
#1125 = DIRECTION('',(0.,1.));
#1126 = ( GEOMETRIC_REPRESENTATION_CONTEXT(2) 
PARAMETRIC_REPRESENTATION_CONTEXT() REPRESENTATION_CONTEXT('2D SPACE',''
  ) );
#1127 = ORIENTED_EDGE('',*,*,#203,.F.);
#1128 = ORIENTED_EDGE('',*,*,#1107,.F.);
#1129 = ORIENTED_EDGE('',*,*,#1130,.T.);
#1130 = EDGE_CURVE('',#1080,#1131,#1133,.T.);
#1131 = VERTEX_POINT('',#1132);
#1132 = CARTESIAN_POINT('',(59.160797830996,10.,1.145E+03));
#1133 = SURFACE_CURVE('',#1134,(#1139,#1145),.PCURVE_S1.);
#1134 = CIRCLE('',#1135,60.);
#1135 = AXIS2_PLACEMENT_3D('',#1136,#1137,#1138);
#1136 = CARTESIAN_POINT('',(0.,0.,1.145E+03));
#1137 = DIRECTION('',(0.,0.,1.));
#1138 = DIRECTION('',(1.,0.,-0.));
#1139 = PCURVE('',#217,#1140);
#1140 = DEFINITIONAL_REPRESENTATION('',(#1141),#1144);
#1141 = B_SPLINE_CURVE_WITH_KNOTS('',1,(#1142,#1143),.UNSPECIFIED.,.F.,
  .F.,(2,2),(0.,0.16744807922),.PIECEWISE_BEZIER_KNOTS.);
#1142 = CARTESIAN_POINT('',(0.,0.));
#1143 = CARTESIAN_POINT('',(0.16744807922,0.));
#1144 = ( GEOMETRIC_REPRESENTATION_CONTEXT(2) 
PARAMETRIC_REPRESENTATION_CONTEXT() REPRESENTATION_CONTEXT('2D SPACE',''
  ) );
#1145 = PCURVE('',#1146,#1151);
#1146 = PLANE('',#1147);
#1147 = AXIS2_PLACEMENT_3D('',#1148,#1149,#1150);
#1148 = CARTESIAN_POINT('',(-60.,-10.,1.145E+03));
#1149 = DIRECTION('',(0.,0.,1.));
#1150 = DIRECTION('',(1.,0.,-0.));
#1151 = DEFINITIONAL_REPRESENTATION('',(#1152),#1156);
#1152 = CIRCLE('',#1153,60.);
#1153 = AXIS2_PLACEMENT_2D('',#1154,#1155);
#1154 = CARTESIAN_POINT('',(60.,10.));
#1155 = DIRECTION('',(1.,0.));
#1156 = ( GEOMETRIC_REPRESENTATION_CONTEXT(2) 
PARAMETRIC_REPRESENTATION_CONTEXT() REPRESENTATION_CONTEXT('2D SPACE',''
  ) );
#1157 = ORIENTED_EDGE('',*,*,#1158,.T.);
#1158 = EDGE_CURVE('',#1131,#1159,#1161,.T.);
#1159 = VERTEX_POINT('',#1160);
#1160 = CARTESIAN_POINT('',(38.240652953343,46.234753829798,1.145E+03));
#1161 = SURFACE_CURVE('',#1162,(#1167,#1173),.PCURVE_S1.);
#1162 = CIRCLE('',#1163,60.);
#1163 = AXIS2_PLACEMENT_3D('',#1164,#1165,#1166);
#1164 = CARTESIAN_POINT('',(0.,0.,1.145E+03));
#1165 = DIRECTION('',(0.,0.,1.));
#1166 = DIRECTION('',(1.,0.,-0.));
#1167 = PCURVE('',#217,#1168);
#1168 = DEFINITIONAL_REPRESENTATION('',(#1169),#1172);
#1169 = B_SPLINE_CURVE_WITH_KNOTS('',1,(#1170,#1171),.UNSPECIFIED.,.F.,
  .F.,(2,2),(0.16744807922,0.879749471977),.PIECEWISE_BEZIER_KNOTS.);
#1170 = CARTESIAN_POINT('',(0.16744807922,0.));
#1171 = CARTESIAN_POINT('',(0.879749471977,0.));
#1172 = ( GEOMETRIC_REPRESENTATION_CONTEXT(2) 
PARAMETRIC_REPRESENTATION_CONTEXT() REPRESENTATION_CONTEXT('2D SPACE',''
  ) );
#1173 = PCURVE('',#1174,#1179);
#1174 = CONICAL_SURFACE('',#1175,30.,0.19739555985);
#1175 = AXIS2_PLACEMENT_3D('',#1176,#1177,#1178);
#1176 = CARTESIAN_POINT('',(0.,0.,995.));
#1177 = DIRECTION('',(0.,0.,1.));
#1178 = DIRECTION('',(1.,0.,-0.));
#1179 = DEFINITIONAL_REPRESENTATION('',(#1180),#1184);
#1180 = LINE('',#1181,#1182);
#1181 = CARTESIAN_POINT('',(0.,150.));
#1182 = VECTOR('',#1183,1.);
#1183 = DIRECTION('',(1.,0.));
#1184 = ( GEOMETRIC_REPRESENTATION_CONTEXT(2) 
PARAMETRIC_REPRESENTATION_CONTEXT() REPRESENTATION_CONTEXT('2D SPACE',''
  ) );
#1185 = ORIENTED_EDGE('',*,*,#1186,.T.);
#1186 = EDGE_CURVE('',#1159,#1187,#1189,.T.);
#1187 = VERTEX_POINT('',#1188);
#1188 = CARTESIAN_POINT('',(29.99999999637,51.961524229162,1.145E+03));
#1189 = SURFACE_CURVE('',#1190,(#1195,#1201),.PCURVE_S1.);
#1190 = CIRCLE('',#1191,60.);
#1191 = AXIS2_PLACEMENT_3D('',#1192,#1193,#1194);
#1192 = CARTESIAN_POINT('',(0.,0.,1.145E+03));
#1193 = DIRECTION('',(0.,0.,1.));
#1194 = DIRECTION('',(1.,0.,-0.));
#1195 = PCURVE('',#217,#1196);
#1196 = DEFINITIONAL_REPRESENTATION('',(#1197),#1200);
#1197 = B_SPLINE_CURVE_WITH_KNOTS('',1,(#1198,#1199),.UNSPECIFIED.,.F.,
  .F.,(2,2),(0.879749471977,1.047197551266),.PIECEWISE_BEZIER_KNOTS.);
#1198 = CARTESIAN_POINT('',(0.879749471977,0.));
#1199 = CARTESIAN_POINT('',(1.047197551266,0.));
#1200 = ( GEOMETRIC_REPRESENTATION_CONTEXT(2) 
PARAMETRIC_REPRESENTATION_CONTEXT() REPRESENTATION_CONTEXT('2D SPACE',''
  ) );
#1201 = PCURVE('',#1202,#1207);
#1202 = PLANE('',#1203);
#1203 = AXIS2_PLACEMENT_3D('',#1204,#1205,#1206);
#1204 = CARTESIAN_POINT('',(-21.33974596215,-56.96152422706,1.145E+03));
#1205 = DIRECTION('',(0.,0.,1.));
#1206 = DIRECTION('',(0.5,0.866025403784,0.));
#1207 = DEFINITIONAL_REPRESENTATION('',(#1208),#1212);
#1208 = CIRCLE('',#1209,60.);
#1209 = AXIS2_PLACEMENT_2D('',#1210,#1211);
#1210 = CARTESIAN_POINT('',(60.,10.));
#1211 = DIRECTION('',(0.5,-0.866025403784));
#1212 = ( GEOMETRIC_REPRESENTATION_CONTEXT(2) 
PARAMETRIC_REPRESENTATION_CONTEXT() REPRESENTATION_CONTEXT('2D SPACE',''
  ) );
#1213 = ORIENTED_EDGE('',*,*,#1214,.T.);
#1214 = EDGE_CURVE('',#1187,#1215,#1217,.T.);
#1215 = VERTEX_POINT('',#1216);
#1216 = CARTESIAN_POINT('',(20.920144877655,56.234753829798,1.145E+03));
#1217 = SURFACE_CURVE('',#1218,(#1223,#1229),.PCURVE_S1.);
#1218 = CIRCLE('',#1219,60.);
#1219 = AXIS2_PLACEMENT_3D('',#1220,#1221,#1222);
#1220 = CARTESIAN_POINT('',(0.,0.,1.145E+03));
#1221 = DIRECTION('',(0.,0.,1.));
#1222 = DIRECTION('',(1.,0.,-0.));
#1223 = PCURVE('',#217,#1224);
#1224 = DEFINITIONAL_REPRESENTATION('',(#1225),#1228);
#1225 = B_SPLINE_CURVE_WITH_KNOTS('',1,(#1226,#1227),.UNSPECIFIED.,.F.,
  .F.,(2,2),(1.047197551266,1.214645630416),.PIECEWISE_BEZIER_KNOTS.);
#1226 = CARTESIAN_POINT('',(1.047197551266,0.));
#1227 = CARTESIAN_POINT('',(1.214645630416,0.));
#1228 = ( GEOMETRIC_REPRESENTATION_CONTEXT(2) 
PARAMETRIC_REPRESENTATION_CONTEXT() REPRESENTATION_CONTEXT('2D SPACE',''
  ) );
#1229 = PCURVE('',#1230,#1235);
#1230 = PLANE('',#1231);
#1231 = AXIS2_PLACEMENT_3D('',#1232,#1233,#1234);
#1232 = CARTESIAN_POINT('',(-21.33974596215,-56.96152422706,1.145E+03));
#1233 = DIRECTION('',(0.,0.,1.));
#1234 = DIRECTION('',(0.5,0.866025403784,0.));
#1235 = DEFINITIONAL_REPRESENTATION('',(#1236),#1240);
#1236 = CIRCLE('',#1237,60.);
#1237 = AXIS2_PLACEMENT_2D('',#1238,#1239);
#1238 = CARTESIAN_POINT('',(60.,10.));
#1239 = DIRECTION('',(0.5,-0.866025403784));
#1240 = ( GEOMETRIC_REPRESENTATION_CONTEXT(2) 
PARAMETRIC_REPRESENTATION_CONTEXT() REPRESENTATION_CONTEXT('2D SPACE',''
  ) );
#1241 = ORIENTED_EDGE('',*,*,#1242,.T.);
#1242 = EDGE_CURVE('',#1215,#1243,#1245,.T.);
#1243 = VERTEX_POINT('',#1244);
#1244 = CARTESIAN_POINT('',(-20.92014487765,56.234753829798,1.145E+03));
#1245 = SURFACE_CURVE('',#1246,(#1251,#1257),.PCURVE_S1.);
#1246 = CIRCLE('',#1247,60.);
#1247 = AXIS2_PLACEMENT_3D('',#1248,#1249,#1250);
#1248 = CARTESIAN_POINT('',(0.,0.,1.145E+03));
#1249 = DIRECTION('',(0.,0.,1.));
#1250 = DIRECTION('',(1.,0.,-0.));
#1251 = PCURVE('',#217,#1252);
#1252 = DEFINITIONAL_REPRESENTATION('',(#1253),#1256);
#1253 = B_SPLINE_CURVE_WITH_KNOTS('',1,(#1254,#1255),.UNSPECIFIED.,.F.,
  .F.,(2,2),(1.214645630416,1.926947023174),.PIECEWISE_BEZIER_KNOTS.);
#1254 = CARTESIAN_POINT('',(1.214645630416,0.));
#1255 = CARTESIAN_POINT('',(1.926947023174,0.));
#1256 = ( GEOMETRIC_REPRESENTATION_CONTEXT(2) 
PARAMETRIC_REPRESENTATION_CONTEXT() REPRESENTATION_CONTEXT('2D SPACE',''
  ) );
#1257 = PCURVE('',#1258,#1263);
#1258 = CONICAL_SURFACE('',#1259,30.,0.19739555985);
#1259 = AXIS2_PLACEMENT_3D('',#1260,#1261,#1262);
#1260 = CARTESIAN_POINT('',(0.,0.,995.));
#1261 = DIRECTION('',(0.,0.,1.));
#1262 = DIRECTION('',(1.,0.,-0.));
#1263 = DEFINITIONAL_REPRESENTATION('',(#1264),#1268);
#1264 = LINE('',#1265,#1266);
#1265 = CARTESIAN_POINT('',(0.,150.));
#1266 = VECTOR('',#1267,1.);
#1267 = DIRECTION('',(1.,0.));
#1268 = ( GEOMETRIC_REPRESENTATION_CONTEXT(2) 
PARAMETRIC_REPRESENTATION_CONTEXT() REPRESENTATION_CONTEXT('2D SPACE',''
  ) );
#1269 = ORIENTED_EDGE('',*,*,#1270,.T.);
#1270 = EDGE_CURVE('',#1243,#1271,#1273,.T.);
#1271 = VERTEX_POINT('',#1272);
#1272 = CARTESIAN_POINT('',(-29.99999999635,51.961524229171,1.145E+03));
#1273 = SURFACE_CURVE('',#1274,(#1279,#1285),.PCURVE_S1.);
#1274 = CIRCLE('',#1275,60.);
#1275 = AXIS2_PLACEMENT_3D('',#1276,#1277,#1278);
#1276 = CARTESIAN_POINT('',(0.,0.,1.145E+03));
#1277 = DIRECTION('',(0.,0.,1.));
#1278 = DIRECTION('',(1.,0.,-0.));
#1279 = PCURVE('',#217,#1280);
#1280 = DEFINITIONAL_REPRESENTATION('',(#1281),#1284);
#1281 = B_SPLINE_CURVE_WITH_KNOTS('',1,(#1282,#1283),.UNSPECIFIED.,.F.,
  .F.,(2,2),(1.926947023174,2.094395102323),.PIECEWISE_BEZIER_KNOTS.);
#1282 = CARTESIAN_POINT('',(1.926947023174,0.));
#1283 = CARTESIAN_POINT('',(2.094395102323,0.));
#1284 = ( GEOMETRIC_REPRESENTATION_CONTEXT(2) 
PARAMETRIC_REPRESENTATION_CONTEXT() REPRESENTATION_CONTEXT('2D SPACE',''
  ) );
#1285 = PCURVE('',#1286,#1291);
#1286 = PLANE('',#1287);
#1287 = AXIS2_PLACEMENT_3D('',#1288,#1289,#1290);
#1288 = CARTESIAN_POINT('',(-38.66025403784,46.961524227066,1.145E+03));
#1289 = DIRECTION('',(0.,0.,1.));
#1290 = DIRECTION('',(0.5,-0.866025403784,0.));
#1291 = DEFINITIONAL_REPRESENTATION('',(#1292),#1296);
#1292 = CIRCLE('',#1293,60.);
#1293 = AXIS2_PLACEMENT_2D('',#1294,#1295);
#1294 = CARTESIAN_POINT('',(60.,10.));
#1295 = DIRECTION('',(0.5,0.866025403784));
#1296 = ( GEOMETRIC_REPRESENTATION_CONTEXT(2) 
PARAMETRIC_REPRESENTATION_CONTEXT() REPRESENTATION_CONTEXT('2D SPACE',''
  ) );
#1297 = ORIENTED_EDGE('',*,*,#1298,.T.);
#1298 = EDGE_CURVE('',#1271,#1299,#1301,.T.);
#1299 = VERTEX_POINT('',#1300);
#1300 = CARTESIAN_POINT('',(-38.24065295334,46.234753829798,1.145E+03));
#1301 = SURFACE_CURVE('',#1302,(#1307,#1313),.PCURVE_S1.);
#1302 = CIRCLE('',#1303,60.);
#1303 = AXIS2_PLACEMENT_3D('',#1304,#1305,#1306);
#1304 = CARTESIAN_POINT('',(0.,0.,1.145E+03));
#1305 = DIRECTION('',(0.,0.,1.));
#1306 = DIRECTION('',(1.,0.,-0.));
#1307 = PCURVE('',#217,#1308);
#1308 = DEFINITIONAL_REPRESENTATION('',(#1309),#1312);
#1309 = B_SPLINE_CURVE_WITH_KNOTS('',1,(#1310,#1311),.UNSPECIFIED.,.F.,
  .F.,(2,2),(2.094395102323,2.261843181613),.PIECEWISE_BEZIER_KNOTS.);
#1310 = CARTESIAN_POINT('',(2.094395102323,0.));
#1311 = CARTESIAN_POINT('',(2.261843181613,0.));
#1312 = ( GEOMETRIC_REPRESENTATION_CONTEXT(2) 
PARAMETRIC_REPRESENTATION_CONTEXT() REPRESENTATION_CONTEXT('2D SPACE',''
  ) );
#1313 = PCURVE('',#1314,#1319);
#1314 = PLANE('',#1315);
#1315 = AXIS2_PLACEMENT_3D('',#1316,#1317,#1318);
#1316 = CARTESIAN_POINT('',(-38.66025403784,46.961524227066,1.145E+03));
#1317 = DIRECTION('',(0.,0.,1.));
#1318 = DIRECTION('',(0.5,-0.866025403784,0.));
#1319 = DEFINITIONAL_REPRESENTATION('',(#1320),#1324);
#1320 = CIRCLE('',#1321,60.);
#1321 = AXIS2_PLACEMENT_2D('',#1322,#1323);
#1322 = CARTESIAN_POINT('',(60.,10.));
#1323 = DIRECTION('',(0.5,0.866025403784));
#1324 = ( GEOMETRIC_REPRESENTATION_CONTEXT(2) 
PARAMETRIC_REPRESENTATION_CONTEXT() REPRESENTATION_CONTEXT('2D SPACE',''
  ) );
#1325 = ORIENTED_EDGE('',*,*,#1326,.T.);
#1326 = EDGE_CURVE('',#1299,#1327,#1329,.T.);
#1327 = VERTEX_POINT('',#1328);
#1328 = CARTESIAN_POINT('',(-59.16079783099,10.000000000001,1.145E+03));
#1329 = SURFACE_CURVE('',#1330,(#1335,#1341),.PCURVE_S1.);
#1330 = CIRCLE('',#1331,60.);
#1331 = AXIS2_PLACEMENT_3D('',#1332,#1333,#1334);
#1332 = CARTESIAN_POINT('',(0.,0.,1.145E+03));
#1333 = DIRECTION('',(0.,0.,1.));
#1334 = DIRECTION('',(1.,0.,-0.));
#1335 = PCURVE('',#217,#1336);
#1336 = DEFINITIONAL_REPRESENTATION('',(#1337),#1340);
#1337 = B_SPLINE_CURVE_WITH_KNOTS('',1,(#1338,#1339),.UNSPECIFIED.,.F.,
  .F.,(2,2),(2.261843181613,2.97414457437),.PIECEWISE_BEZIER_KNOTS.);
#1338 = CARTESIAN_POINT('',(2.261843181613,0.));
#1339 = CARTESIAN_POINT('',(2.97414457437,0.));
#1340 = ( GEOMETRIC_REPRESENTATION_CONTEXT(2) 
PARAMETRIC_REPRESENTATION_CONTEXT() REPRESENTATION_CONTEXT('2D SPACE',''
  ) );
#1341 = PCURVE('',#1342,#1347);
#1342 = CONICAL_SURFACE('',#1343,30.,0.19739555985);
#1343 = AXIS2_PLACEMENT_3D('',#1344,#1345,#1346);
#1344 = CARTESIAN_POINT('',(0.,0.,995.));
#1345 = DIRECTION('',(0.,0.,1.));
#1346 = DIRECTION('',(1.,0.,-0.));
#1347 = DEFINITIONAL_REPRESENTATION('',(#1348),#1352);
#1348 = LINE('',#1349,#1350);
#1349 = CARTESIAN_POINT('',(0.,150.));
#1350 = VECTOR('',#1351,1.);
#1351 = DIRECTION('',(1.,0.));
#1352 = ( GEOMETRIC_REPRESENTATION_CONTEXT(2) 
PARAMETRIC_REPRESENTATION_CONTEXT() REPRESENTATION_CONTEXT('2D SPACE',''
  ) );
#1353 = ORIENTED_EDGE('',*,*,#1354,.T.);
#1354 = EDGE_CURVE('',#1327,#1355,#1357,.T.);
#1355 = VERTEX_POINT('',#1356);
#1356 = CARTESIAN_POINT('',(-60.,3.387200666725E-14,1.145E+03));
#1357 = SURFACE_CURVE('',#1358,(#1363,#1369),.PCURVE_S1.);
#1358 = CIRCLE('',#1359,60.);
#1359 = AXIS2_PLACEMENT_3D('',#1360,#1361,#1362);
#1360 = CARTESIAN_POINT('',(0.,0.,1.145E+03));
#1361 = DIRECTION('',(0.,0.,1.));
#1362 = DIRECTION('',(1.,0.,-0.));
#1363 = PCURVE('',#217,#1364);
#1364 = DEFINITIONAL_REPRESENTATION('',(#1365),#1368);
#1365 = B_SPLINE_CURVE_WITH_KNOTS('',1,(#1366,#1367),.UNSPECIFIED.,.F.,
  .F.,(2,2),(2.97414457437,3.14159265359),.PIECEWISE_BEZIER_KNOTS.);
#1366 = CARTESIAN_POINT('',(2.97414457437,0.));
#1367 = CARTESIAN_POINT('',(3.14159265359,0.));
#1368 = ( GEOMETRIC_REPRESENTATION_CONTEXT(2) 
PARAMETRIC_REPRESENTATION_CONTEXT() REPRESENTATION_CONTEXT('2D SPACE',''
  ) );
#1369 = PCURVE('',#1370,#1375);
#1370 = PLANE('',#1371);
#1371 = AXIS2_PLACEMENT_3D('',#1372,#1373,#1374);
#1372 = CARTESIAN_POINT('',(-60.,-10.,1.145E+03));
#1373 = DIRECTION('',(0.,0.,1.));
#1374 = DIRECTION('',(1.,0.,-0.));
#1375 = DEFINITIONAL_REPRESENTATION('',(#1376),#1380);
#1376 = CIRCLE('',#1377,60.);
#1377 = AXIS2_PLACEMENT_2D('',#1378,#1379);
#1378 = CARTESIAN_POINT('',(60.,10.));
#1379 = DIRECTION('',(1.,0.));
#1380 = ( GEOMETRIC_REPRESENTATION_CONTEXT(2) 
PARAMETRIC_REPRESENTATION_CONTEXT() REPRESENTATION_CONTEXT('2D SPACE',''
  ) );
#1381 = ORIENTED_EDGE('',*,*,#1382,.T.);
#1382 = EDGE_CURVE('',#1355,#1383,#1385,.T.);
#1383 = VERTEX_POINT('',#1384);
#1384 = CARTESIAN_POINT('',(-59.16079783099,-10.,1.145E+03));
#1385 = SURFACE_CURVE('',#1386,(#1391,#1397),.PCURVE_S1.);
#1386 = CIRCLE('',#1387,60.);
#1387 = AXIS2_PLACEMENT_3D('',#1388,#1389,#1390);
#1388 = CARTESIAN_POINT('',(0.,0.,1.145E+03));
#1389 = DIRECTION('',(0.,0.,1.));
#1390 = DIRECTION('',(1.,0.,-0.));
#1391 = PCURVE('',#217,#1392);
#1392 = DEFINITIONAL_REPRESENTATION('',(#1393),#1396);
#1393 = B_SPLINE_CURVE_WITH_KNOTS('',1,(#1394,#1395),.UNSPECIFIED.,.F.,
  .F.,(2,2),(3.14159265359,3.30904073281),.PIECEWISE_BEZIER_KNOTS.);
#1394 = CARTESIAN_POINT('',(3.14159265359,0.));
#1395 = CARTESIAN_POINT('',(3.30904073281,0.));
#1396 = ( GEOMETRIC_REPRESENTATION_CONTEXT(2) 
PARAMETRIC_REPRESENTATION_CONTEXT() REPRESENTATION_CONTEXT('2D SPACE',''
  ) );
#1397 = PCURVE('',#1398,#1403);
#1398 = PLANE('',#1399);
#1399 = AXIS2_PLACEMENT_3D('',#1400,#1401,#1402);
#1400 = CARTESIAN_POINT('',(-60.,-10.,1.145E+03));
#1401 = DIRECTION('',(0.,0.,1.));
#1402 = DIRECTION('',(1.,0.,-0.));
#1403 = DEFINITIONAL_REPRESENTATION('',(#1404),#1408);
#1404 = CIRCLE('',#1405,60.);
#1405 = AXIS2_PLACEMENT_2D('',#1406,#1407);
#1406 = CARTESIAN_POINT('',(60.,10.));
#1407 = DIRECTION('',(1.,0.));
#1408 = ( GEOMETRIC_REPRESENTATION_CONTEXT(2) 
PARAMETRIC_REPRESENTATION_CONTEXT() REPRESENTATION_CONTEXT('2D SPACE',''
  ) );
#1409 = ORIENTED_EDGE('',*,*,#1410,.T.);
#1410 = EDGE_CURVE('',#1383,#1411,#1413,.T.);
#1411 = VERTEX_POINT('',#1412);
#1412 = CARTESIAN_POINT('',(-38.24065295334,-46.23475382979,1.145E+03));
#1413 = SURFACE_CURVE('',#1414,(#1419,#1425),.PCURVE_S1.);
#1414 = CIRCLE('',#1415,60.);
#1415 = AXIS2_PLACEMENT_3D('',#1416,#1417,#1418);
#1416 = CARTESIAN_POINT('',(0.,0.,1.145E+03));
#1417 = DIRECTION('',(0.,0.,1.));
#1418 = DIRECTION('',(1.,0.,-0.));
#1419 = PCURVE('',#217,#1420);
#1420 = DEFINITIONAL_REPRESENTATION('',(#1421),#1424);
#1421 = B_SPLINE_CURVE_WITH_KNOTS('',1,(#1422,#1423),.UNSPECIFIED.,.F.,
  .F.,(2,2),(3.30904073281,4.021342125567),.PIECEWISE_BEZIER_KNOTS.);
#1422 = CARTESIAN_POINT('',(3.30904073281,0.));
#1423 = CARTESIAN_POINT('',(4.021342125567,0.));
#1424 = ( GEOMETRIC_REPRESENTATION_CONTEXT(2) 
PARAMETRIC_REPRESENTATION_CONTEXT() REPRESENTATION_CONTEXT('2D SPACE',''
  ) );
#1425 = PCURVE('',#1426,#1431);
#1426 = CONICAL_SURFACE('',#1427,30.,0.19739555985);
#1427 = AXIS2_PLACEMENT_3D('',#1428,#1429,#1430);
#1428 = CARTESIAN_POINT('',(0.,0.,995.));
#1429 = DIRECTION('',(0.,0.,1.));
#1430 = DIRECTION('',(1.,0.,-0.));
#1431 = DEFINITIONAL_REPRESENTATION('',(#1432),#1436);
#1432 = LINE('',#1433,#1434);
#1433 = CARTESIAN_POINT('',(0.,150.));
#1434 = VECTOR('',#1435,1.);
#1435 = DIRECTION('',(1.,0.));
#1436 = ( GEOMETRIC_REPRESENTATION_CONTEXT(2) 
PARAMETRIC_REPRESENTATION_CONTEXT() REPRESENTATION_CONTEXT('2D SPACE',''
  ) );
#1437 = ORIENTED_EDGE('',*,*,#1438,.T.);
#1438 = EDGE_CURVE('',#1411,#1439,#1441,.T.);
#1439 = VERTEX_POINT('',#1440);
#1440 = CARTESIAN_POINT('',(-30.00000050159,-51.96152393746,1.145E+03));
#1441 = SURFACE_CURVE('',#1442,(#1447,#1453),.PCURVE_S1.);
#1442 = CIRCLE('',#1443,60.);
#1443 = AXIS2_PLACEMENT_3D('',#1444,#1445,#1446);
#1444 = CARTESIAN_POINT('',(0.,0.,1.145E+03));
#1445 = DIRECTION('',(0.,0.,1.));
#1446 = DIRECTION('',(1.,0.,-0.));
#1447 = PCURVE('',#217,#1448);
#1448 = DEFINITIONAL_REPRESENTATION('',(#1449),#1452);
#1449 = B_SPLINE_CURVE_WITH_KNOTS('',1,(#1450,#1451),.UNSPECIFIED.,.F.,
  .F.,(2,2),(4.021342125567,4.188790195133),.PIECEWISE_BEZIER_KNOTS.);
#1450 = CARTESIAN_POINT('',(4.021342125567,0.));
#1451 = CARTESIAN_POINT('',(4.188790195133,0.));
#1452 = ( GEOMETRIC_REPRESENTATION_CONTEXT(2) 
PARAMETRIC_REPRESENTATION_CONTEXT() REPRESENTATION_CONTEXT('2D SPACE',''
  ) );
#1453 = PCURVE('',#1454,#1459);
#1454 = PLANE('',#1455);
#1455 = AXIS2_PLACEMENT_3D('',#1456,#1457,#1458);
#1456 = CARTESIAN_POINT('',(-21.33974596215,-56.96152422706,1.145E+03));
#1457 = DIRECTION('',(0.,0.,1.));
#1458 = DIRECTION('',(0.5,0.866025403784,0.));
#1459 = DEFINITIONAL_REPRESENTATION('',(#1460),#1464);
#1460 = CIRCLE('',#1461,60.);
#1461 = AXIS2_PLACEMENT_2D('',#1462,#1463);
#1462 = CARTESIAN_POINT('',(60.,10.));
#1463 = DIRECTION('',(0.5,-0.866025403784));
#1464 = ( GEOMETRIC_REPRESENTATION_CONTEXT(2) 
PARAMETRIC_REPRESENTATION_CONTEXT() REPRESENTATION_CONTEXT('2D SPACE',''
  ) );
#1465 = ORIENTED_EDGE('',*,*,#1466,.T.);
#1466 = EDGE_CURVE('',#1439,#1467,#1469,.T.);
#1467 = VERTEX_POINT('',#1468);
#1468 = CARTESIAN_POINT('',(-20.92014487765,-56.23475382979,1.145E+03));
#1469 = SURFACE_CURVE('',#1470,(#1475,#1481),.PCURVE_S1.);
#1470 = CIRCLE('',#1471,60.);
#1471 = AXIS2_PLACEMENT_3D('',#1472,#1473,#1474);
#1472 = CARTESIAN_POINT('',(0.,0.,1.145E+03));
#1473 = DIRECTION('',(0.,0.,1.));
#1474 = DIRECTION('',(1.,0.,-0.));
#1475 = PCURVE('',#217,#1476);
#1476 = DEFINITIONAL_REPRESENTATION('',(#1477),#1480);
#1477 = B_SPLINE_CURVE_WITH_KNOTS('',1,(#1478,#1479),.UNSPECIFIED.,.F.,
  .F.,(2,2),(4.188790195133,4.356238284006),.PIECEWISE_BEZIER_KNOTS.);
#1478 = CARTESIAN_POINT('',(4.188790195133,0.));
#1479 = CARTESIAN_POINT('',(4.356238284006,0.));
#1480 = ( GEOMETRIC_REPRESENTATION_CONTEXT(2) 
PARAMETRIC_REPRESENTATION_CONTEXT() REPRESENTATION_CONTEXT('2D SPACE',''
  ) );
#1481 = PCURVE('',#1482,#1487);
#1482 = PLANE('',#1483);
#1483 = AXIS2_PLACEMENT_3D('',#1484,#1485,#1486);
#1484 = CARTESIAN_POINT('',(-21.33974596215,-56.96152422706,1.145E+03));
#1485 = DIRECTION('',(0.,0.,1.));
#1486 = DIRECTION('',(0.5,0.866025403784,0.));
#1487 = DEFINITIONAL_REPRESENTATION('',(#1488),#1492);
#1488 = CIRCLE('',#1489,60.);
#1489 = AXIS2_PLACEMENT_2D('',#1490,#1491);
#1490 = CARTESIAN_POINT('',(60.,10.));
#1491 = DIRECTION('',(0.5,-0.866025403784));
#1492 = ( GEOMETRIC_REPRESENTATION_CONTEXT(2) 
PARAMETRIC_REPRESENTATION_CONTEXT() REPRESENTATION_CONTEXT('2D SPACE',''
  ) );
#1493 = ORIENTED_EDGE('',*,*,#1494,.T.);
#1494 = EDGE_CURVE('',#1467,#1495,#1497,.T.);
#1495 = VERTEX_POINT('',#1496);
#1496 = CARTESIAN_POINT('',(20.920144877655,-56.23475382979,1.145E+03));
#1497 = SURFACE_CURVE('',#1498,(#1503,#1509),.PCURVE_S1.);
#1498 = CIRCLE('',#1499,60.);
#1499 = AXIS2_PLACEMENT_3D('',#1500,#1501,#1502);
#1500 = CARTESIAN_POINT('',(0.,0.,1.145E+03));
#1501 = DIRECTION('',(0.,0.,1.));
#1502 = DIRECTION('',(1.,0.,-0.));
#1503 = PCURVE('',#217,#1504);
#1504 = DEFINITIONAL_REPRESENTATION('',(#1505),#1508);
#1505 = B_SPLINE_CURVE_WITH_KNOTS('',1,(#1506,#1507),.UNSPECIFIED.,.F.,
  .F.,(2,2),(4.356238284006,5.068539676763),.PIECEWISE_BEZIER_KNOTS.);
#1506 = CARTESIAN_POINT('',(4.356238284006,0.));
#1507 = CARTESIAN_POINT('',(5.068539676763,0.));
#1508 = ( GEOMETRIC_REPRESENTATION_CONTEXT(2) 
PARAMETRIC_REPRESENTATION_CONTEXT() REPRESENTATION_CONTEXT('2D SPACE',''
  ) );
#1509 = PCURVE('',#1510,#1515);
#1510 = CONICAL_SURFACE('',#1511,30.,0.19739555985);
#1511 = AXIS2_PLACEMENT_3D('',#1512,#1513,#1514);
#1512 = CARTESIAN_POINT('',(0.,0.,995.));
#1513 = DIRECTION('',(0.,0.,1.));
#1514 = DIRECTION('',(1.,0.,-0.));
#1515 = DEFINITIONAL_REPRESENTATION('',(#1516),#1520);
#1516 = LINE('',#1517,#1518);
#1517 = CARTESIAN_POINT('',(0.,150.));
#1518 = VECTOR('',#1519,1.);
#1519 = DIRECTION('',(1.,0.));
#1520 = ( GEOMETRIC_REPRESENTATION_CONTEXT(2) 
PARAMETRIC_REPRESENTATION_CONTEXT() REPRESENTATION_CONTEXT('2D SPACE',''
  ) );
#1521 = ORIENTED_EDGE('',*,*,#1522,.T.);
#1522 = EDGE_CURVE('',#1495,#1523,#1525,.T.);
#1523 = VERTEX_POINT('',#1524);
#1524 = CARTESIAN_POINT('',(29.999999996364,-51.96152422916,1.145E+03));
#1525 = SURFACE_CURVE('',#1526,(#1531,#1537),.PCURVE_S1.);
#1526 = CIRCLE('',#1527,60.);
#1527 = AXIS2_PLACEMENT_3D('',#1528,#1529,#1530);
#1528 = CARTESIAN_POINT('',(0.,0.,1.145E+03));
#1529 = DIRECTION('',(0.,0.,1.));
#1530 = DIRECTION('',(1.,0.,-0.));
#1531 = PCURVE('',#217,#1532);
#1532 = DEFINITIONAL_REPRESENTATION('',(#1533),#1536);
#1533 = B_SPLINE_CURVE_WITH_KNOTS('',1,(#1534,#1535),.UNSPECIFIED.,.F.,
  .F.,(2,2),(5.068539676763,5.235987755913),.PIECEWISE_BEZIER_KNOTS.);
#1534 = CARTESIAN_POINT('',(5.068539676763,0.));
#1535 = CARTESIAN_POINT('',(5.235987755913,0.));
#1536 = ( GEOMETRIC_REPRESENTATION_CONTEXT(2) 
PARAMETRIC_REPRESENTATION_CONTEXT() REPRESENTATION_CONTEXT('2D SPACE',''
  ) );
#1537 = PCURVE('',#1538,#1543);
#1538 = PLANE('',#1539);
#1539 = AXIS2_PLACEMENT_3D('',#1540,#1541,#1542);
#1540 = CARTESIAN_POINT('',(-38.66025403784,46.961524227066,1.145E+03));
#1541 = DIRECTION('',(0.,0.,1.));
#1542 = DIRECTION('',(0.5,-0.866025403784,0.));
#1543 = DEFINITIONAL_REPRESENTATION('',(#1544),#1548);
#1544 = CIRCLE('',#1545,60.);
#1545 = AXIS2_PLACEMENT_2D('',#1546,#1547);
#1546 = CARTESIAN_POINT('',(60.,10.));
#1547 = DIRECTION('',(0.5,0.866025403784));
#1548 = ( GEOMETRIC_REPRESENTATION_CONTEXT(2) 
PARAMETRIC_REPRESENTATION_CONTEXT() REPRESENTATION_CONTEXT('2D SPACE',''
  ) );
#1549 = ORIENTED_EDGE('',*,*,#1550,.T.);
#1550 = EDGE_CURVE('',#1523,#1551,#1553,.T.);
#1551 = VERTEX_POINT('',#1552);
#1552 = CARTESIAN_POINT('',(38.240652953343,-46.23475382979,1.145E+03));
#1553 = SURFACE_CURVE('',#1554,(#1559,#1565),.PCURVE_S1.);
#1554 = CIRCLE('',#1555,60.);
#1555 = AXIS2_PLACEMENT_3D('',#1556,#1557,#1558);
#1556 = CARTESIAN_POINT('',(0.,0.,1.145E+03));
#1557 = DIRECTION('',(0.,0.,1.));
#1558 = DIRECTION('',(1.,0.,-0.));
#1559 = PCURVE('',#217,#1560);
#1560 = DEFINITIONAL_REPRESENTATION('',(#1561),#1564);
#1561 = B_SPLINE_CURVE_WITH_KNOTS('',1,(#1562,#1563),.UNSPECIFIED.,.F.,
  .F.,(2,2),(5.235987755913,5.403435835203),.PIECEWISE_BEZIER_KNOTS.);
#1562 = CARTESIAN_POINT('',(5.235987755913,0.));
#1563 = CARTESIAN_POINT('',(5.403435835203,0.));
#1564 = ( GEOMETRIC_REPRESENTATION_CONTEXT(2) 
PARAMETRIC_REPRESENTATION_CONTEXT() REPRESENTATION_CONTEXT('2D SPACE',''
  ) );
#1565 = PCURVE('',#1566,#1571);
#1566 = PLANE('',#1567);
#1567 = AXIS2_PLACEMENT_3D('',#1568,#1569,#1570);
#1568 = CARTESIAN_POINT('',(-38.66025403784,46.961524227066,1.145E+03));
#1569 = DIRECTION('',(0.,0.,1.));
#1570 = DIRECTION('',(0.5,-0.866025403784,0.));
#1571 = DEFINITIONAL_REPRESENTATION('',(#1572),#1576);
#1572 = CIRCLE('',#1573,60.);
#1573 = AXIS2_PLACEMENT_2D('',#1574,#1575);
#1574 = CARTESIAN_POINT('',(60.,10.));
#1575 = DIRECTION('',(0.5,0.866025403784));
#1576 = ( GEOMETRIC_REPRESENTATION_CONTEXT(2) 
PARAMETRIC_REPRESENTATION_CONTEXT() REPRESENTATION_CONTEXT('2D SPACE',''
  ) );
#1577 = ORIENTED_EDGE('',*,*,#1578,.T.);
#1578 = EDGE_CURVE('',#1551,#1078,#1579,.T.);
#1579 = SURFACE_CURVE('',#1580,(#1585,#1591),.PCURVE_S1.);
#1580 = CIRCLE('',#1581,60.);
#1581 = AXIS2_PLACEMENT_3D('',#1582,#1583,#1584);
#1582 = CARTESIAN_POINT('',(0.,0.,1.145E+03));
#1583 = DIRECTION('',(0.,0.,1.));
#1584 = DIRECTION('',(1.,0.,-0.));
#1585 = PCURVE('',#217,#1586);
#1586 = DEFINITIONAL_REPRESENTATION('',(#1587),#1590);
#1587 = B_SPLINE_CURVE_WITH_KNOTS('',1,(#1588,#1589),.UNSPECIFIED.,.F.,
  .F.,(2,2),(5.403435835203,6.11573722796),.PIECEWISE_BEZIER_KNOTS.);
#1588 = CARTESIAN_POINT('',(5.403435835203,0.));
#1589 = CARTESIAN_POINT('',(6.11573722796,0.));
#1590 = ( GEOMETRIC_REPRESENTATION_CONTEXT(2) 
PARAMETRIC_REPRESENTATION_CONTEXT() REPRESENTATION_CONTEXT('2D SPACE',''
  ) );
#1591 = PCURVE('',#1592,#1597);
#1592 = CONICAL_SURFACE('',#1593,30.,0.19739555985);
#1593 = AXIS2_PLACEMENT_3D('',#1594,#1595,#1596);
#1594 = CARTESIAN_POINT('',(0.,0.,995.));
#1595 = DIRECTION('',(0.,0.,1.));
#1596 = DIRECTION('',(1.,0.,-0.));
#1597 = DEFINITIONAL_REPRESENTATION('',(#1598),#1602);
#1598 = LINE('',#1599,#1600);
#1599 = CARTESIAN_POINT('',(0.,150.));
#1600 = VECTOR('',#1601,1.);
#1601 = DIRECTION('',(1.,0.));
#1602 = ( GEOMETRIC_REPRESENTATION_CONTEXT(2) 
PARAMETRIC_REPRESENTATION_CONTEXT() REPRESENTATION_CONTEXT('2D SPACE',''
  ) );
#1603 = ADVANCED_FACE('',(#1604),#252,.F.);
#1604 = FACE_BOUND('',#1605,.F.);
#1605 = EDGE_LOOP('',(#1606,#1632,#1651,#1652));
#1606 = ORIENTED_EDGE('',*,*,#1607,.F.);
#1607 = EDGE_CURVE('',#1608,#1610,#1612,.T.);
#1608 = VERTEX_POINT('',#1609);
#1609 = CARTESIAN_POINT('',(28.284271247462,10.,995.));
#1610 = VERTEX_POINT('',#1611);
#1611 = CARTESIAN_POINT('',(22.802389661575,19.494897427832,995.));
#1612 = SURFACE_CURVE('',#1613,(#1618,#1625),.PCURVE_S1.);
#1613 = CIRCLE('',#1614,30.);
#1614 = AXIS2_PLACEMENT_3D('',#1615,#1616,#1617);
#1615 = CARTESIAN_POINT('',(0.,0.,995.));
#1616 = DIRECTION('',(0.,0.,1.));
#1617 = DIRECTION('',(1.,0.,-0.));
#1618 = PCURVE('',#252,#1619);
#1619 = DEFINITIONAL_REPRESENTATION('',(#1620),#1624);
#1620 = LINE('',#1621,#1622);
#1621 = CARTESIAN_POINT('',(0.,995.));
#1622 = VECTOR('',#1623,1.);
#1623 = DIRECTION('',(1.,0.));
#1624 = ( GEOMETRIC_REPRESENTATION_CONTEXT(2) 
PARAMETRIC_REPRESENTATION_CONTEXT() REPRESENTATION_CONTEXT('2D SPACE',''
  ) );
#1625 = PCURVE('',#1174,#1626);
#1626 = DEFINITIONAL_REPRESENTATION('',(#1627),#1631);
#1627 = LINE('',#1628,#1629);
#1628 = CARTESIAN_POINT('',(0.,0.));
#1629 = VECTOR('',#1630,1.);
#1630 = DIRECTION('',(1.,0.));
#1631 = ( GEOMETRIC_REPRESENTATION_CONTEXT(2) 
PARAMETRIC_REPRESENTATION_CONTEXT() REPRESENTATION_CONTEXT('2D SPACE',''
  ) );
#1632 = ORIENTED_EDGE('',*,*,#1633,.F.);
#1633 = EDGE_CURVE('',#234,#1608,#1634,.T.);
#1634 = SURFACE_CURVE('',#1635,(#1639,#1645),.PCURVE_S1.);
#1635 = LINE('',#1636,#1637);
#1636 = CARTESIAN_POINT('',(28.284271247462,10.,0.));
#1637 = VECTOR('',#1638,1.);
#1638 = DIRECTION('',(0.,0.,1.));
#1639 = PCURVE('',#252,#1640);
#1640 = DEFINITIONAL_REPRESENTATION('',(#1641),#1644);
#1641 = B_SPLINE_CURVE_WITH_KNOTS('',1,(#1642,#1643),.UNSPECIFIED.,.F.,
  .F.,(2,2),(-6.E-07,1.099226087487E+03),.PIECEWISE_BEZIER_KNOTS.);
#1642 = CARTESIAN_POINT('',(0.339836909454,-6.E-07));
#1643 = CARTESIAN_POINT('',(0.339836909454,1.099226087487E+03));
#1644 = ( GEOMETRIC_REPRESENTATION_CONTEXT(2) 
PARAMETRIC_REPRESENTATION_CONTEXT() REPRESENTATION_CONTEXT('2D SPACE',''
  ) );
#1645 = PCURVE('',#287,#1646);
#1646 = DEFINITIONAL_REPRESENTATION('',(#1647),#1650);
#1647 = B_SPLINE_CURVE_WITH_KNOTS('',1,(#1648,#1649),.UNSPECIFIED.,.F.,
  .F.,(2,2),(-6.E-07,1.099226087487E+03),.PIECEWISE_BEZIER_KNOTS.);
#1648 = CARTESIAN_POINT('',(-6.E-07,115.78427124746));
#1649 = CARTESIAN_POINT('',(1.099226087487E+03,115.78427124746));
#1650 = ( GEOMETRIC_REPRESENTATION_CONTEXT(2) 
PARAMETRIC_REPRESENTATION_CONTEXT() REPRESENTATION_CONTEXT('2D SPACE',''
  ) );
#1651 = ORIENTED_EDGE('',*,*,#233,.T.);
#1652 = ORIENTED_EDGE('',*,*,#1653,.T.);
#1653 = EDGE_CURVE('',#236,#1610,#1654,.T.);
#1654 = SURFACE_CURVE('',#1655,(#1659,#1665),.PCURVE_S1.);
#1655 = LINE('',#1656,#1657);
#1656 = CARTESIAN_POINT('',(22.802389661575,19.494897427832,0.));
#1657 = VECTOR('',#1658,1.);
#1658 = DIRECTION('',(0.,0.,1.));
#1659 = PCURVE('',#252,#1660);
#1660 = DEFINITIONAL_REPRESENTATION('',(#1661),#1664);
#1661 = B_SPLINE_CURVE_WITH_KNOTS('',1,(#1662,#1663),.UNSPECIFIED.,.F.,
  .F.,(2,2),(-6.E-07,1.099226087487E+03),.PIECEWISE_BEZIER_KNOTS.);
#1662 = CARTESIAN_POINT('',(0.707360641742,-6.E-07));
#1663 = CARTESIAN_POINT('',(0.707360641742,1.099226087487E+03));
#1664 = ( GEOMETRIC_REPRESENTATION_CONTEXT(2) 
PARAMETRIC_REPRESENTATION_CONTEXT() REPRESENTATION_CONTEXT('2D SPACE',''
  ) );
#1665 = PCURVE('',#1062,#1666);
#1666 = DEFINITIONAL_REPRESENTATION('',(#1667),#1670);
#1667 = B_SPLINE_CURVE_WITH_KNOTS('',1,(#1668,#1669),.UNSPECIFIED.,.F.,
  .F.,(2,2),(-6.E-07,1.099226087487E+03),.PIECEWISE_BEZIER_KNOTS.);
#1668 = CARTESIAN_POINT('',(-6.E-07,115.78427124746));
#1669 = CARTESIAN_POINT('',(1.099226087487E+03,115.78427124746));
#1670 = ( GEOMETRIC_REPRESENTATION_CONTEXT(2) 
PARAMETRIC_REPRESENTATION_CONTEXT() REPRESENTATION_CONTEXT('2D SPACE',''
  ) );
#1671 = ADVANCED_FACE('',(#1672),#1062,.T.);
#1672 = FACE_BOUND('',#1673,.T.);
#1673 = EDGE_LOOP('',(#1674,#1697,#1698,#1699,#1727,#1750));
#1674 = ORIENTED_EDGE('',*,*,#1675,.F.);
#1675 = EDGE_CURVE('',#1009,#1676,#1678,.T.);
#1676 = VERTEX_POINT('',#1677);
#1677 = CARTESIAN_POINT('',(52.410254037844,70.777222831138,
    864.17947692398));
#1678 = SURFACE_CURVE('',#1679,(#1683,#1690),.PCURVE_S1.);
#1679 = LINE('',#1680,#1681);
#1680 = CARTESIAN_POINT('',(52.410254037844,70.777222831138,0.));
#1681 = VECTOR('',#1682,1.);
#1682 = DIRECTION('',(0.,0.,1.));
#1683 = PCURVE('',#1062,#1684);
#1684 = DEFINITIONAL_REPRESENTATION('',(#1685),#1689);
#1685 = LINE('',#1686,#1687);
#1686 = CARTESIAN_POINT('',(0.,175.));
#1687 = VECTOR('',#1688,1.);
#1688 = DIRECTION('',(1.,0.));
#1689 = ( GEOMETRIC_REPRESENTATION_CONTEXT(2) 
PARAMETRIC_REPRESENTATION_CONTEXT() REPRESENTATION_CONTEXT('2D SPACE',''
  ) );
#1690 = PCURVE('',#1029,#1691);
#1691 = DEFINITIONAL_REPRESENTATION('',(#1692),#1696);
#1692 = LINE('',#1693,#1694);
#1693 = CARTESIAN_POINT('',(0.,0.));
#1694 = VECTOR('',#1695,1.);
#1695 = DIRECTION('',(1.,0.));
#1696 = ( GEOMETRIC_REPRESENTATION_CONTEXT(2) 
PARAMETRIC_REPRESENTATION_CONTEXT() REPRESENTATION_CONTEXT('2D SPACE',''
  ) );
#1697 = ORIENTED_EDGE('',*,*,#1041,.T.);
#1698 = ORIENTED_EDGE('',*,*,#1653,.T.);
#1699 = ORIENTED_EDGE('',*,*,#1700,.T.);
#1700 = EDGE_CURVE('',#1610,#1701,#1703,.T.);
#1701 = VERTEX_POINT('',#1702);
#1702 = CARTESIAN_POINT('',(38.660254037844,46.961524227066,995.));
#1703 = SURFACE_CURVE('',#1704,(#1708,#1715),.PCURVE_S1.);
#1704 = LINE('',#1705,#1706);
#1705 = CARTESIAN_POINT('',(-21.33974596215,-56.96152422706,995.));
#1706 = VECTOR('',#1707,1.);
#1707 = DIRECTION('',(0.5,0.866025403784,0.));
#1708 = PCURVE('',#1062,#1709);
#1709 = DEFINITIONAL_REPRESENTATION('',(#1710),#1714);
#1710 = LINE('',#1711,#1712);
#1711 = CARTESIAN_POINT('',(995.,27.5));
#1712 = VECTOR('',#1713,1.);
#1713 = DIRECTION('',(0.,1.));
#1714 = ( GEOMETRIC_REPRESENTATION_CONTEXT(2) 
PARAMETRIC_REPRESENTATION_CONTEXT() REPRESENTATION_CONTEXT('2D SPACE',''
  ) );
#1715 = PCURVE('',#1716,#1721);
#1716 = PLANE('',#1717);
#1717 = AXIS2_PLACEMENT_3D('',#1718,#1719,#1720);
#1718 = CARTESIAN_POINT('',(-21.33974596215,-56.96152422706,995.));
#1719 = DIRECTION('',(-0.866025403784,0.5,0.));
#1720 = DIRECTION('',(0.,0.,1.));
#1721 = DEFINITIONAL_REPRESENTATION('',(#1722),#1726);
#1722 = LINE('',#1723,#1724);
#1723 = CARTESIAN_POINT('',(0.,0.));
#1724 = VECTOR('',#1725,1.);
#1725 = DIRECTION('',(0.,1.));
#1726 = ( GEOMETRIC_REPRESENTATION_CONTEXT(2) 
PARAMETRIC_REPRESENTATION_CONTEXT() REPRESENTATION_CONTEXT('2D SPACE',''
  ) );
#1727 = ORIENTED_EDGE('',*,*,#1728,.T.);
#1728 = EDGE_CURVE('',#1701,#1729,#1731,.T.);
#1729 = VERTEX_POINT('',#1730);
#1730 = CARTESIAN_POINT('',(38.660254037844,46.961524227066,
    995.99536143719));
#1731 = SURFACE_CURVE('',#1732,(#1736,#1743),.PCURVE_S1.);
#1732 = LINE('',#1733,#1734);
#1733 = CARTESIAN_POINT('',(38.660254037844,46.961524227066,995.));
#1734 = VECTOR('',#1735,1.);
#1735 = DIRECTION('',(0.,0.,1.));
#1736 = PCURVE('',#1062,#1737);
#1737 = DEFINITIONAL_REPRESENTATION('',(#1738),#1742);
#1738 = LINE('',#1739,#1740);
#1739 = CARTESIAN_POINT('',(995.,147.5));
#1740 = VECTOR('',#1741,1.);
#1741 = DIRECTION('',(1.,0.));
#1742 = ( GEOMETRIC_REPRESENTATION_CONTEXT(2) 
PARAMETRIC_REPRESENTATION_CONTEXT() REPRESENTATION_CONTEXT('2D SPACE',''
  ) );
#1743 = PCURVE('',#1716,#1744);
#1744 = DEFINITIONAL_REPRESENTATION('',(#1745),#1749);
#1745 = LINE('',#1746,#1747);
#1746 = CARTESIAN_POINT('',(0.,120.));
#1747 = VECTOR('',#1748,1.);
#1748 = DIRECTION('',(1.,0.));
#1749 = ( GEOMETRIC_REPRESENTATION_CONTEXT(2) 
PARAMETRIC_REPRESENTATION_CONTEXT() REPRESENTATION_CONTEXT('2D SPACE',''
  ) );
#1750 = ORIENTED_EDGE('',*,*,#1751,.F.);
#1751 = EDGE_CURVE('',#1676,#1729,#1752,.T.);
#1752 = SURFACE_CURVE('',#1753,(#1758,#1765),.PCURVE_S1.);
#1753 = HYPERBOLA('',#1754,48.387096774194,10.);
#1754 = AXIS2_PLACEMENT_3D('',#1755,#1756,#1757);
#1755 = CARTESIAN_POINT('',(8.660254037844,-5.,1.290322580645E+03));
#1756 = DIRECTION('',(-0.866025403784,0.5,0.));
#1757 = DIRECTION('',(-0.,0.,-1.));
#1758 = PCURVE('',#1062,#1759);
#1759 = DEFINITIONAL_REPRESENTATION('',(#1760),#1764);
#1760 = ( BOUNDED_CURVE() B_SPLINE_CURVE(2,(#1761,#1762,#1763),
.UNSPECIFIED.,.F.,.F.) B_SPLINE_CURVE_WITH_KNOTS((3,3),(-2.930536628106,
-2.477888730288),.PIECEWISE_BEZIER_KNOTS.) CURVE() 
GEOMETRIC_REPRESENTATION_ITEM() RATIONAL_B_SPLINE_CURVE((1.,
1.025720774571,1.)) REPRESENTATION_ITEM('') );
#1761 = CARTESIAN_POINT('',(835.70037037067,180.92157287525));
#1762 = CARTESIAN_POINT('',(936.29606666079,160.01303110652));
#1763 = CARTESIAN_POINT('',(1.E+03,146.66079783099));
#1764 = ( GEOMETRIC_REPRESENTATION_CONTEXT(2) 
PARAMETRIC_REPRESENTATION_CONTEXT() REPRESENTATION_CONTEXT('2D SPACE',''
  ) );
#1765 = PCURVE('',#1766,#1771);
#1766 = CONICAL_SURFACE('',#1767,122.,0.203797521042);
#1767 = AXIS2_PLACEMENT_3D('',#1768,#1769,#1770);
#1768 = CARTESIAN_POINT('',(0.,0.,700.));
#1769 = DIRECTION('',(-0.,-0.,-1.));
#1770 = DIRECTION('',(1.,0.,-0.));
#1771 = DEFINITIONAL_REPRESENTATION('',(#1772),#1781);
#1772 = B_SPLINE_CURVE_WITH_KNOTS('',7,(#1773,#1774,#1775,#1776,#1777,
    #1778,#1779,#1780),.UNSPECIFIED.,.F.,.F.,(8,8),(-2.930536628106,
    -2.477888730288),.PIECEWISE_BEZIER_KNOTS.);
#1773 = CARTESIAN_POINT('',(-0.940561930789,-135.7003703706));
#1774 = CARTESIAN_POINT('',(-0.93367950743,-164.9310698449));
#1775 = CARTESIAN_POINT('',(-0.926280814195,-191.9439693689));
#1776 = CARTESIAN_POINT('',(-0.918319911852,-216.9387047907));
#1777 = CARTESIAN_POINT('',(-0.909745929296,-240.0921926982));
#1778 = CARTESIAN_POINT('',(-0.900502449652,-261.5620349984));
#1779 = CARTESIAN_POINT('',(-0.890526802877,-281.4891630612));
#1780 = CARTESIAN_POINT('',(-0.879749471977,-300.));
#1781 = ( GEOMETRIC_REPRESENTATION_CONTEXT(2) 
PARAMETRIC_REPRESENTATION_CONTEXT() REPRESENTATION_CONTEXT('2D SPACE',''
  ) );
#1782 = ADVANCED_FACE('',(#1783),#1029,.F.);
#1783 = FACE_BOUND('',#1784,.F.);
#1784 = EDGE_LOOP('',(#1785,#1786,#1787,#1810));
#1785 = ORIENTED_EDGE('',*,*,#1675,.F.);
#1786 = ORIENTED_EDGE('',*,*,#1008,.T.);
#1787 = ORIENTED_EDGE('',*,*,#1788,.T.);
#1788 = EDGE_CURVE('',#974,#1789,#1791,.T.);
#1789 = VERTEX_POINT('',#1790);
#1790 = CARTESIAN_POINT('',(35.089745962156,80.777222831138,
    864.17947692398));
#1791 = SURFACE_CURVE('',#1792,(#1796,#1803),.PCURVE_S1.);
#1792 = LINE('',#1793,#1794);
#1793 = CARTESIAN_POINT('',(35.089745962156,80.777222831138,0.));
#1794 = VECTOR('',#1795,1.);
#1795 = DIRECTION('',(0.,0.,1.));
#1796 = PCURVE('',#1029,#1797);
#1797 = DEFINITIONAL_REPRESENTATION('',(#1798),#1802);
#1798 = LINE('',#1799,#1800);
#1799 = CARTESIAN_POINT('',(0.,-20.));
#1800 = VECTOR('',#1801,1.);
#1801 = DIRECTION('',(1.,0.));
#1802 = ( GEOMETRIC_REPRESENTATION_CONTEXT(2) 
PARAMETRIC_REPRESENTATION_CONTEXT() REPRESENTATION_CONTEXT('2D SPACE',''
  ) );
#1803 = PCURVE('',#996,#1804);
#1804 = DEFINITIONAL_REPRESENTATION('',(#1805),#1809);
#1805 = LINE('',#1806,#1807);
#1806 = CARTESIAN_POINT('',(0.,175.));
#1807 = VECTOR('',#1808,1.);
#1808 = DIRECTION('',(1.,0.));
#1809 = ( GEOMETRIC_REPRESENTATION_CONTEXT(2) 
PARAMETRIC_REPRESENTATION_CONTEXT() REPRESENTATION_CONTEXT('2D SPACE',''
  ) );
#1810 = ORIENTED_EDGE('',*,*,#1811,.F.);
#1811 = EDGE_CURVE('',#1676,#1789,#1812,.T.);
#1812 = SURFACE_CURVE('',#1813,(#1818,#1825),.PCURVE_S1.);
#1813 = HYPERBOLA('',#1814,423.38709677419,87.5);
#1814 = AXIS2_PLACEMENT_3D('',#1815,#1816,#1817);
#1815 = CARTESIAN_POINT('',(43.75,75.777222831138,1.290322580645E+03));
#1816 = DIRECTION('',(0.5,0.866025403784,0.));
#1817 = DIRECTION('',(0.,0.,-1.));
#1818 = PCURVE('',#1029,#1819);
#1819 = DEFINITIONAL_REPRESENTATION('',(#1820),#1824);
#1820 = ( BOUNDED_CURVE() B_SPLINE_CURVE(2,(#1821,#1822,#1823),
.UNSPECIFIED.,.F.,.F.) B_SPLINE_CURVE_WITH_KNOTS((3,3),(-0.136716554588,
0.136716554588),.PIECEWISE_BEZIER_KNOTS.) CURVE() 
GEOMETRIC_REPRESENTATION_ITEM() RATIONAL_B_SPLINE_CURVE((1.,
1.009360274265,1.)) REPRESENTATION_ITEM('') );
#1821 = CARTESIAN_POINT('',(862.97246452469,2.));
#1822 = CARTESIAN_POINT('',(870.8617522682,-10.));
#1823 = CARTESIAN_POINT('',(862.97246452469,-22.));
#1824 = ( GEOMETRIC_REPRESENTATION_CONTEXT(2) 
PARAMETRIC_REPRESENTATION_CONTEXT() REPRESENTATION_CONTEXT('2D SPACE',''
  ) );
#1825 = PCURVE('',#1766,#1826);
#1826 = DEFINITIONAL_REPRESENTATION('',(#1827),#1835);
#1827 = B_SPLINE_CURVE_WITH_KNOTS('',6,(#1828,#1829,#1830,#1831,#1832,
    #1833,#1834),.UNSPECIFIED.,.F.,.F.,(7,7),(-0.136716554588,
    0.136716554588),.PIECEWISE_BEZIER_KNOTS.);
#1828 = CARTESIAN_POINT('',(-0.910904921501,-162.9724645246));
#1829 = CARTESIAN_POINT('',(-0.956054493982,-165.6185913876));
#1830 = CARTESIAN_POINT('',(-1.001539534806,-167.1996810613));
#1831 = CARTESIAN_POINT('',(-1.047197551197,-167.7256255101));
#1832 = CARTESIAN_POINT('',(-1.092855567587,-167.1996810613));
#1833 = CARTESIAN_POINT('',(-1.138340608411,-165.6185913876));
#1834 = CARTESIAN_POINT('',(-1.183490180892,-162.9724645246));
#1835 = ( GEOMETRIC_REPRESENTATION_CONTEXT(2) 
PARAMETRIC_REPRESENTATION_CONTEXT() REPRESENTATION_CONTEXT('2D SPACE',''
  ) );
#1836 = ADVANCED_FACE('',(#1837),#996,.F.);
#1837 = FACE_BOUND('',#1838,.F.);
#1838 = EDGE_LOOP('',(#1839,#1840,#1841,#1862,#1890,#1913));
#1839 = ORIENTED_EDGE('',*,*,#1788,.F.);
#1840 = ORIENTED_EDGE('',*,*,#973,.T.);
#1841 = ORIENTED_EDGE('',*,*,#1842,.T.);
#1842 = EDGE_CURVE('',#945,#1843,#1845,.T.);
#1843 = VERTEX_POINT('',#1844);
#1844 = CARTESIAN_POINT('',(5.481881585887,29.494897427832,995.));
#1845 = SURFACE_CURVE('',#1846,(#1850,#1856),.PCURVE_S1.);
#1846 = LINE('',#1847,#1848);
#1847 = CARTESIAN_POINT('',(5.481881585887,29.494897427832,0.));
#1848 = VECTOR('',#1849,1.);
#1849 = DIRECTION('',(0.,0.,1.));
#1850 = PCURVE('',#996,#1851);
#1851 = DEFINITIONAL_REPRESENTATION('',(#1852),#1855);
#1852 = B_SPLINE_CURVE_WITH_KNOTS('',1,(#1853,#1854),.UNSPECIFIED.,.F.,
  .F.,(2,2),(-6.E-07,1.099226087487E+03),.PIECEWISE_BEZIER_KNOTS.);
#1853 = CARTESIAN_POINT('',(-6.E-07,115.78427124746));
#1854 = CARTESIAN_POINT('',(1.099226087487E+03,115.78427124746));
#1855 = ( GEOMETRIC_REPRESENTATION_CONTEXT(2) 
PARAMETRIC_REPRESENTATION_CONTEXT() REPRESENTATION_CONTEXT('2D SPACE',''
  ) );
#1856 = PCURVE('',#961,#1857);
#1857 = DEFINITIONAL_REPRESENTATION('',(#1858),#1861);
#1858 = B_SPLINE_CURVE_WITH_KNOTS('',1,(#1859,#1860),.UNSPECIFIED.,.F.,
  .F.,(2,2),(-6.E-07,1.099226087487E+03),.PIECEWISE_BEZIER_KNOTS.);
#1859 = CARTESIAN_POINT('',(1.387034460651,-6.E-07));
#1860 = CARTESIAN_POINT('',(1.387034460651,1.099226087487E+03));
#1861 = ( GEOMETRIC_REPRESENTATION_CONTEXT(2) 
PARAMETRIC_REPRESENTATION_CONTEXT() REPRESENTATION_CONTEXT('2D SPACE',''
  ) );
#1862 = ORIENTED_EDGE('',*,*,#1863,.T.);
#1863 = EDGE_CURVE('',#1843,#1864,#1866,.T.);
#1864 = VERTEX_POINT('',#1865);
#1865 = CARTESIAN_POINT('',(21.339745962156,56.961524227066,995.));
#1866 = SURFACE_CURVE('',#1867,(#1871,#1878),.PCURVE_S1.);
#1867 = LINE('',#1868,#1869);
#1868 = CARTESIAN_POINT('',(-38.66025403784,-46.96152422706,995.));
#1869 = VECTOR('',#1870,1.);
#1870 = DIRECTION('',(0.5,0.866025403784,0.));
#1871 = PCURVE('',#996,#1872);
#1872 = DEFINITIONAL_REPRESENTATION('',(#1873),#1877);
#1873 = LINE('',#1874,#1875);
#1874 = CARTESIAN_POINT('',(995.,27.5));
#1875 = VECTOR('',#1876,1.);
#1876 = DIRECTION('',(0.,1.));
#1877 = ( GEOMETRIC_REPRESENTATION_CONTEXT(2) 
PARAMETRIC_REPRESENTATION_CONTEXT() REPRESENTATION_CONTEXT('2D SPACE',''
  ) );
#1878 = PCURVE('',#1879,#1884);
#1879 = PLANE('',#1880);
#1880 = AXIS2_PLACEMENT_3D('',#1881,#1882,#1883);
#1881 = CARTESIAN_POINT('',(-38.66025403784,-46.96152422706,995.));
#1882 = DIRECTION('',(-0.866025403784,0.5,0.));
#1883 = DIRECTION('',(0.,0.,1.));
#1884 = DEFINITIONAL_REPRESENTATION('',(#1885),#1889);
#1885 = LINE('',#1886,#1887);
#1886 = CARTESIAN_POINT('',(0.,0.));
#1887 = VECTOR('',#1888,1.);
#1888 = DIRECTION('',(0.,1.));
#1889 = ( GEOMETRIC_REPRESENTATION_CONTEXT(2) 
PARAMETRIC_REPRESENTATION_CONTEXT() REPRESENTATION_CONTEXT('2D SPACE',''
  ) );
#1890 = ORIENTED_EDGE('',*,*,#1891,.T.);
#1891 = EDGE_CURVE('',#1864,#1892,#1894,.T.);
#1892 = VERTEX_POINT('',#1893);
#1893 = CARTESIAN_POINT('',(21.339745962155,56.961524227066,
    995.99536143719));
#1894 = SURFACE_CURVE('',#1895,(#1899,#1906),.PCURVE_S1.);
#1895 = LINE('',#1896,#1897);
#1896 = CARTESIAN_POINT('',(21.339745962156,56.961524227066,995.));
#1897 = VECTOR('',#1898,1.);
#1898 = DIRECTION('',(0.,0.,1.));
#1899 = PCURVE('',#996,#1900);
#1900 = DEFINITIONAL_REPRESENTATION('',(#1901),#1905);
#1901 = LINE('',#1902,#1903);
#1902 = CARTESIAN_POINT('',(995.,147.5));
#1903 = VECTOR('',#1904,1.);
#1904 = DIRECTION('',(1.,0.));
#1905 = ( GEOMETRIC_REPRESENTATION_CONTEXT(2) 
PARAMETRIC_REPRESENTATION_CONTEXT() REPRESENTATION_CONTEXT('2D SPACE',''
  ) );
#1906 = PCURVE('',#1879,#1907);
#1907 = DEFINITIONAL_REPRESENTATION('',(#1908),#1912);
#1908 = LINE('',#1909,#1910);
#1909 = CARTESIAN_POINT('',(0.,120.));
#1910 = VECTOR('',#1911,1.);
#1911 = DIRECTION('',(1.,0.));
#1912 = ( GEOMETRIC_REPRESENTATION_CONTEXT(2) 
PARAMETRIC_REPRESENTATION_CONTEXT() REPRESENTATION_CONTEXT('2D SPACE',''
  ) );
#1913 = ORIENTED_EDGE('',*,*,#1914,.F.);
#1914 = EDGE_CURVE('',#1789,#1892,#1915,.T.);
#1915 = SURFACE_CURVE('',#1916,(#1921,#1928),.PCURVE_S1.);
#1916 = HYPERBOLA('',#1917,48.387096774194,10.);
#1917 = AXIS2_PLACEMENT_3D('',#1918,#1919,#1920);
#1918 = CARTESIAN_POINT('',(-8.660254037844,5.,1.290322580645E+03));
#1919 = DIRECTION('',(-0.866025403784,0.5,0.));
#1920 = DIRECTION('',(-0.,0.,-1.));
#1921 = PCURVE('',#996,#1922);
#1922 = DEFINITIONAL_REPRESENTATION('',(#1923),#1927);
#1923 = ( BOUNDED_CURVE() B_SPLINE_CURVE(2,(#1924,#1925,#1926),
.UNSPECIFIED.,.F.,.F.) B_SPLINE_CURVE_WITH_KNOTS((3,3),(-2.930536628106,
-2.477888730288),.PIECEWISE_BEZIER_KNOTS.) CURVE() 
GEOMETRIC_REPRESENTATION_ITEM() RATIONAL_B_SPLINE_CURVE((1.,
1.025720774571,1.)) REPRESENTATION_ITEM('') );
#1924 = CARTESIAN_POINT('',(835.70037037067,180.92157287525));
#1925 = CARTESIAN_POINT('',(936.29606666079,160.01303110652));
#1926 = CARTESIAN_POINT('',(1.E+03,146.66079783099));
#1927 = ( GEOMETRIC_REPRESENTATION_CONTEXT(2) 
PARAMETRIC_REPRESENTATION_CONTEXT() REPRESENTATION_CONTEXT('2D SPACE',''
  ) );
#1928 = PCURVE('',#1766,#1929);
#1929 = DEFINITIONAL_REPRESENTATION('',(#1930),#1939);
#1930 = B_SPLINE_CURVE_WITH_KNOTS('',7,(#1931,#1932,#1933,#1934,#1935,
    #1936,#1937,#1938),.UNSPECIFIED.,.F.,.F.,(8,8),(-2.930536628106,
    -2.477888730288),.PIECEWISE_BEZIER_KNOTS.);
#1931 = CARTESIAN_POINT('',(-1.153833171604,-135.7003703706));
#1932 = CARTESIAN_POINT('',(-1.160715594963,-164.9310698449));
#1933 = CARTESIAN_POINT('',(-1.168114288198,-191.943969369));
#1934 = CARTESIAN_POINT('',(-1.176075190541,-216.9387047906));
#1935 = CARTESIAN_POINT('',(-1.184649173097,-240.0921926984));
#1936 = CARTESIAN_POINT('',(-1.193892652741,-261.5620349984));
#1937 = CARTESIAN_POINT('',(-1.203868299516,-281.4891630612));
#1938 = CARTESIAN_POINT('',(-1.214645630416,-300.));
#1939 = ( GEOMETRIC_REPRESENTATION_CONTEXT(2) 
PARAMETRIC_REPRESENTATION_CONTEXT() REPRESENTATION_CONTEXT('2D SPACE',''
  ) );
#1940 = ADVANCED_FACE('',(#1941),#961,.F.);
#1941 = FACE_BOUND('',#1942,.F.);
#1942 = EDGE_LOOP('',(#1943,#1967,#1968,#1969));
#1943 = ORIENTED_EDGE('',*,*,#1944,.F.);
#1944 = EDGE_CURVE('',#1843,#1945,#1947,.T.);
#1945 = VERTEX_POINT('',#1946);
#1946 = CARTESIAN_POINT('',(-5.481881585887,29.494897427832,995.));
#1947 = SURFACE_CURVE('',#1948,(#1953,#1960),.PCURVE_S1.);
#1948 = CIRCLE('',#1949,30.);
#1949 = AXIS2_PLACEMENT_3D('',#1950,#1951,#1952);
#1950 = CARTESIAN_POINT('',(0.,0.,995.));
#1951 = DIRECTION('',(0.,0.,1.));
#1952 = DIRECTION('',(1.,0.,-0.));
#1953 = PCURVE('',#961,#1954);
#1954 = DEFINITIONAL_REPRESENTATION('',(#1955),#1959);
#1955 = LINE('',#1956,#1957);
#1956 = CARTESIAN_POINT('',(0.,995.));
#1957 = VECTOR('',#1958,1.);
#1958 = DIRECTION('',(1.,0.));
#1959 = ( GEOMETRIC_REPRESENTATION_CONTEXT(2) 
PARAMETRIC_REPRESENTATION_CONTEXT() REPRESENTATION_CONTEXT('2D SPACE',''
  ) );
#1960 = PCURVE('',#1258,#1961);
#1961 = DEFINITIONAL_REPRESENTATION('',(#1962),#1966);
#1962 = LINE('',#1963,#1964);
#1963 = CARTESIAN_POINT('',(0.,0.));
#1964 = VECTOR('',#1965,1.);
#1965 = DIRECTION('',(1.,0.));
#1966 = ( GEOMETRIC_REPRESENTATION_CONTEXT(2) 
PARAMETRIC_REPRESENTATION_CONTEXT() REPRESENTATION_CONTEXT('2D SPACE',''
  ) );
#1967 = ORIENTED_EDGE('',*,*,#1842,.F.);
#1968 = ORIENTED_EDGE('',*,*,#944,.T.);
#1969 = ORIENTED_EDGE('',*,*,#1970,.T.);
#1970 = EDGE_CURVE('',#910,#1945,#1971,.T.);
#1971 = SURFACE_CURVE('',#1972,(#1976,#1982),.PCURVE_S1.);
#1972 = LINE('',#1973,#1974);
#1973 = CARTESIAN_POINT('',(-5.481881585887,29.494897427832,0.));
#1974 = VECTOR('',#1975,1.);
#1975 = DIRECTION('',(0.,0.,1.));
#1976 = PCURVE('',#961,#1977);
#1977 = DEFINITIONAL_REPRESENTATION('',(#1978),#1981);
#1978 = B_SPLINE_CURVE_WITH_KNOTS('',1,(#1979,#1980),.UNSPECIFIED.,.F.,
  .F.,(2,2),(-6.E-07,1.099226087487E+03),.PIECEWISE_BEZIER_KNOTS.);
#1979 = CARTESIAN_POINT('',(1.754558192939,-6.E-07));
#1980 = CARTESIAN_POINT('',(1.754558192939,1.099226087487E+03));
#1981 = ( GEOMETRIC_REPRESENTATION_CONTEXT(2) 
PARAMETRIC_REPRESENTATION_CONTEXT() REPRESENTATION_CONTEXT('2D SPACE',''
  ) );
#1982 = PCURVE('',#932,#1983);
#1983 = DEFINITIONAL_REPRESENTATION('',(#1984),#1987);
#1984 = B_SPLINE_CURVE_WITH_KNOTS('',1,(#1985,#1986),.UNSPECIFIED.,.F.,
  .F.,(2,2),(-6.E-07,1.099226087487E+03),.PIECEWISE_BEZIER_KNOTS.);
#1985 = CARTESIAN_POINT('',(-6.E-07,59.215728752538));
#1986 = CARTESIAN_POINT('',(1.099226087487E+03,59.215728752538));
#1987 = ( GEOMETRIC_REPRESENTATION_CONTEXT(2) 
PARAMETRIC_REPRESENTATION_CONTEXT() REPRESENTATION_CONTEXT('2D SPACE',''
  ) );
#1988 = ADVANCED_FACE('',(#1989),#932,.F.);
#1989 = FACE_BOUND('',#1990,.F.);
#1990 = EDGE_LOOP('',(#1991,#1992,#1993,#2016,#2050,#2078));
#1991 = ORIENTED_EDGE('',*,*,#1970,.F.);
#1992 = ORIENTED_EDGE('',*,*,#909,.T.);
#1993 = ORIENTED_EDGE('',*,*,#1994,.T.);
#1994 = EDGE_CURVE('',#877,#1995,#1997,.T.);
#1995 = VERTEX_POINT('',#1996);
#1996 = CARTESIAN_POINT('',(-35.08974596215,80.777222831138,
    864.17947692398));
#1997 = SURFACE_CURVE('',#1998,(#2002,#2009),.PCURVE_S1.);
#1998 = LINE('',#1999,#2000);
#1999 = CARTESIAN_POINT('',(-35.08974596215,80.777222831138,0.));
#2000 = VECTOR('',#2001,1.);
#2001 = DIRECTION('',(0.,0.,1.));
#2002 = PCURVE('',#932,#2003);
#2003 = DEFINITIONAL_REPRESENTATION('',(#2004),#2008);
#2004 = LINE('',#2005,#2006);
#2005 = CARTESIAN_POINT('',(0.,0.));
#2006 = VECTOR('',#2007,1.);
#2007 = DIRECTION('',(1.,0.));
#2008 = ( GEOMETRIC_REPRESENTATION_CONTEXT(2) 
PARAMETRIC_REPRESENTATION_CONTEXT() REPRESENTATION_CONTEXT('2D SPACE',''
  ) );
#2009 = PCURVE('',#897,#2010);
#2010 = DEFINITIONAL_REPRESENTATION('',(#2011),#2015);
#2011 = LINE('',#2012,#2013);
#2012 = CARTESIAN_POINT('',(0.,-20.));
#2013 = VECTOR('',#2014,1.);
#2014 = DIRECTION('',(1.,0.));
#2015 = ( GEOMETRIC_REPRESENTATION_CONTEXT(2) 
PARAMETRIC_REPRESENTATION_CONTEXT() REPRESENTATION_CONTEXT('2D SPACE',''
  ) );
#2016 = ORIENTED_EDGE('',*,*,#2017,.F.);
#2017 = EDGE_CURVE('',#2018,#1995,#2020,.T.);
#2018 = VERTEX_POINT('',#2019);
#2019 = CARTESIAN_POINT('',(-21.33974596215,56.961524227066,
    995.99536143719));
#2020 = SURFACE_CURVE('',#2021,(#2026,#2033),.PCURVE_S1.);
#2021 = HYPERBOLA('',#2022,48.387096774194,10.);
#2022 = AXIS2_PLACEMENT_3D('',#2023,#2024,#2025);
#2023 = CARTESIAN_POINT('',(8.660254037844,5.,1.290322580645E+03));
#2024 = DIRECTION('',(0.866025403784,0.5,0.));
#2025 = DIRECTION('',(0.,0.,-1.));
#2026 = PCURVE('',#932,#2027);
#2027 = DEFINITIONAL_REPRESENTATION('',(#2028),#2032);
#2028 = ( BOUNDED_CURVE() B_SPLINE_CURVE(2,(#2029,#2030,#2031),
.UNSPECIFIED.,.F.,.F.) B_SPLINE_CURVE_WITH_KNOTS((3,3),(2.477888730288,
2.930536628106),.PIECEWISE_BEZIER_KNOTS.) CURVE() 
GEOMETRIC_REPRESENTATION_ITEM() RATIONAL_B_SPLINE_CURVE((1.,
1.025720774571,1.)) REPRESENTATION_ITEM('') );
#2029 = CARTESIAN_POINT('',(1.E+03,28.339202169004));
#2030 = CARTESIAN_POINT('',(936.29606666079,14.986968893471));
#2031 = CARTESIAN_POINT('',(835.70037037067,-5.921572875254));
#2032 = ( GEOMETRIC_REPRESENTATION_CONTEXT(2) 
PARAMETRIC_REPRESENTATION_CONTEXT() REPRESENTATION_CONTEXT('2D SPACE',''
  ) );
#2033 = PCURVE('',#2034,#2039);
#2034 = CONICAL_SURFACE('',#2035,122.,0.203797521042);
#2035 = AXIS2_PLACEMENT_3D('',#2036,#2037,#2038);
#2036 = CARTESIAN_POINT('',(0.,0.,700.));
#2037 = DIRECTION('',(-0.,-0.,-1.));
#2038 = DIRECTION('',(1.,0.,-0.));
#2039 = DEFINITIONAL_REPRESENTATION('',(#2040),#2049);
#2040 = B_SPLINE_CURVE_WITH_KNOTS('',7,(#2041,#2042,#2043,#2044,#2045,
    #2046,#2047,#2048),.UNSPECIFIED.,.F.,.F.,(8,8),(2.477888730288,
    2.930536628106),.PIECEWISE_BEZIER_KNOTS.);
#2041 = CARTESIAN_POINT('',(-1.926947023174,-300.));
#2042 = CARTESIAN_POINT('',(-1.937724354074,-281.4891630612));
#2043 = CARTESIAN_POINT('',(-1.947700000849,-261.5620349984));
#2044 = CARTESIAN_POINT('',(-1.956943480493,-240.0921926983));
#2045 = CARTESIAN_POINT('',(-1.96551746305,-216.9387047906));
#2046 = CARTESIAN_POINT('',(-1.973478365391,-191.943969369));
#2047 = CARTESIAN_POINT('',(-1.980877058627,-164.9310698449));
#2048 = CARTESIAN_POINT('',(-1.987759481986,-135.7003703706));
#2049 = ( GEOMETRIC_REPRESENTATION_CONTEXT(2) 
PARAMETRIC_REPRESENTATION_CONTEXT() REPRESENTATION_CONTEXT('2D SPACE',''
  ) );
#2050 = ORIENTED_EDGE('',*,*,#2051,.F.);
#2051 = EDGE_CURVE('',#2052,#2018,#2054,.T.);
#2052 = VERTEX_POINT('',#2053);
#2053 = CARTESIAN_POINT('',(-21.33974596215,56.961524227066,995.));
#2054 = SURFACE_CURVE('',#2055,(#2059,#2066),.PCURVE_S1.);
#2055 = LINE('',#2056,#2057);
#2056 = CARTESIAN_POINT('',(-21.33974596215,56.961524227066,995.));
#2057 = VECTOR('',#2058,1.);
#2058 = DIRECTION('',(0.,0.,1.));
#2059 = PCURVE('',#932,#2060);
#2060 = DEFINITIONAL_REPRESENTATION('',(#2061),#2065);
#2061 = LINE('',#2062,#2063);
#2062 = CARTESIAN_POINT('',(995.,27.5));
#2063 = VECTOR('',#2064,1.);
#2064 = DIRECTION('',(1.,0.));
#2065 = ( GEOMETRIC_REPRESENTATION_CONTEXT(2) 
PARAMETRIC_REPRESENTATION_CONTEXT() REPRESENTATION_CONTEXT('2D SPACE',''
  ) );
#2066 = PCURVE('',#2067,#2072);
#2067 = PLANE('',#2068);
#2068 = AXIS2_PLACEMENT_3D('',#2069,#2070,#2071);
#2069 = CARTESIAN_POINT('',(-21.33974596215,56.961524227066,995.));
#2070 = DIRECTION('',(0.866025403784,0.5,0.));
#2071 = DIRECTION('',(0.,0.,1.));
#2072 = DEFINITIONAL_REPRESENTATION('',(#2073),#2077);
#2073 = LINE('',#2074,#2075);
#2074 = CARTESIAN_POINT('',(0.,0.));
#2075 = VECTOR('',#2076,1.);
#2076 = DIRECTION('',(1.,0.));
#2077 = ( GEOMETRIC_REPRESENTATION_CONTEXT(2) 
PARAMETRIC_REPRESENTATION_CONTEXT() REPRESENTATION_CONTEXT('2D SPACE',''
  ) );
#2078 = ORIENTED_EDGE('',*,*,#2079,.T.);
#2079 = EDGE_CURVE('',#2052,#1945,#2080,.T.);
#2080 = SURFACE_CURVE('',#2081,(#2085,#2092),.PCURVE_S1.);
#2081 = LINE('',#2082,#2083);
#2082 = CARTESIAN_POINT('',(-21.33974596215,56.961524227066,995.));
#2083 = VECTOR('',#2084,1.);
#2084 = DIRECTION('',(0.5,-0.866025403784,0.));
#2085 = PCURVE('',#932,#2086);
#2086 = DEFINITIONAL_REPRESENTATION('',(#2087),#2091);
#2087 = LINE('',#2088,#2089);
#2088 = CARTESIAN_POINT('',(995.,27.5));
#2089 = VECTOR('',#2090,1.);
#2090 = DIRECTION('',(0.,1.));
#2091 = ( GEOMETRIC_REPRESENTATION_CONTEXT(2) 
PARAMETRIC_REPRESENTATION_CONTEXT() REPRESENTATION_CONTEXT('2D SPACE',''
  ) );
#2092 = PCURVE('',#2067,#2093);
#2093 = DEFINITIONAL_REPRESENTATION('',(#2094),#2098);
#2094 = LINE('',#2095,#2096);
#2095 = CARTESIAN_POINT('',(0.,0.));
#2096 = VECTOR('',#2097,1.);
#2097 = DIRECTION('',(0.,1.));
#2098 = ( GEOMETRIC_REPRESENTATION_CONTEXT(2) 
PARAMETRIC_REPRESENTATION_CONTEXT() REPRESENTATION_CONTEXT('2D SPACE',''
  ) );
#2099 = ADVANCED_FACE('',(#2100),#897,.T.);
#2100 = FACE_BOUND('',#2101,.T.);
#2101 = EDGE_LOOP('',(#2102,#2125,#2126,#2127));
#2102 = ORIENTED_EDGE('',*,*,#2103,.F.);
#2103 = EDGE_CURVE('',#842,#2104,#2106,.T.);
#2104 = VERTEX_POINT('',#2105);
#2105 = CARTESIAN_POINT('',(-52.41025403784,70.777222831138,
    864.17947692398));
#2106 = SURFACE_CURVE('',#2107,(#2111,#2118),.PCURVE_S1.);
#2107 = LINE('',#2108,#2109);
#2108 = CARTESIAN_POINT('',(-52.41025403784,70.777222831138,0.));
#2109 = VECTOR('',#2110,1.);
#2110 = DIRECTION('',(0.,0.,1.));
#2111 = PCURVE('',#897,#2112);
#2112 = DEFINITIONAL_REPRESENTATION('',(#2113),#2117);
#2113 = LINE('',#2114,#2115);
#2114 = CARTESIAN_POINT('',(0.,0.));
#2115 = VECTOR('',#2116,1.);
#2116 = DIRECTION('',(1.,0.));
#2117 = ( GEOMETRIC_REPRESENTATION_CONTEXT(2) 
PARAMETRIC_REPRESENTATION_CONTEXT() REPRESENTATION_CONTEXT('2D SPACE',''
  ) );
#2118 = PCURVE('',#864,#2119);
#2119 = DEFINITIONAL_REPRESENTATION('',(#2120),#2124);
#2120 = LINE('',#2121,#2122);
#2121 = CARTESIAN_POINT('',(0.,0.));
#2122 = VECTOR('',#2123,1.);
#2123 = DIRECTION('',(1.,0.));
#2124 = ( GEOMETRIC_REPRESENTATION_CONTEXT(2) 
PARAMETRIC_REPRESENTATION_CONTEXT() REPRESENTATION_CONTEXT('2D SPACE',''
  ) );
#2125 = ORIENTED_EDGE('',*,*,#876,.T.);
#2126 = ORIENTED_EDGE('',*,*,#1994,.T.);
#2127 = ORIENTED_EDGE('',*,*,#2128,.F.);
#2128 = EDGE_CURVE('',#2104,#1995,#2129,.T.);
#2129 = SURFACE_CURVE('',#2130,(#2135,#2142),.PCURVE_S1.);
#2130 = HYPERBOLA('',#2131,423.38709677419,87.5);
#2131 = AXIS2_PLACEMENT_3D('',#2132,#2133,#2134);
#2132 = CARTESIAN_POINT('',(-43.75,75.777222831138,1.290322580645E+03));
#2133 = DIRECTION('',(0.5,-0.866025403784,0.));
#2134 = DIRECTION('',(0.,-0.,-1.));
#2135 = PCURVE('',#897,#2136);
#2136 = DEFINITIONAL_REPRESENTATION('',(#2137),#2141);
#2137 = ( BOUNDED_CURVE() B_SPLINE_CURVE(2,(#2138,#2139,#2140),
.UNSPECIFIED.,.F.,.F.) B_SPLINE_CURVE_WITH_KNOTS((3,3),(-0.136716554588,
0.136716554588),.PIECEWISE_BEZIER_KNOTS.) CURVE() 
GEOMETRIC_REPRESENTATION_ITEM() RATIONAL_B_SPLINE_CURVE((1.,
1.009360274265,1.)) REPRESENTATION_ITEM('') );
#2138 = CARTESIAN_POINT('',(862.97246452469,2.));
#2139 = CARTESIAN_POINT('',(870.8617522682,-10.));
#2140 = CARTESIAN_POINT('',(862.97246452469,-22.));
#2141 = ( GEOMETRIC_REPRESENTATION_CONTEXT(2) 
PARAMETRIC_REPRESENTATION_CONTEXT() REPRESENTATION_CONTEXT('2D SPACE',''
  ) );
#2142 = PCURVE('',#2034,#2143);
#2143 = DEFINITIONAL_REPRESENTATION('',(#2144),#2152);
#2144 = B_SPLINE_CURVE_WITH_KNOTS('',6,(#2145,#2146,#2147,#2148,#2149,
    #2150,#2151),.UNSPECIFIED.,.F.,.F.,(7,7),(-0.136716554588,
    0.136716554588),.PIECEWISE_BEZIER_KNOTS.);
#2145 = CARTESIAN_POINT('',(-2.230687732089,-162.9724645246));
#2146 = CARTESIAN_POINT('',(-2.185538159607,-165.6185913876));
#2147 = CARTESIAN_POINT('',(-2.140053118784,-167.1996810613));
#2148 = CARTESIAN_POINT('',(-2.094395102393,-167.7256255101));
#2149 = CARTESIAN_POINT('',(-2.048737086002,-167.1996810613));
#2150 = CARTESIAN_POINT('',(-2.003252045179,-165.6185913876));
#2151 = CARTESIAN_POINT('',(-1.958102472698,-162.9724645246));
#2152 = ( GEOMETRIC_REPRESENTATION_CONTEXT(2) 
PARAMETRIC_REPRESENTATION_CONTEXT() REPRESENTATION_CONTEXT('2D SPACE',''
  ) );
#2153 = ADVANCED_FACE('',(#2154),#864,.T.);
#2154 = FACE_BOUND('',#2155,.T.);
#2155 = EDGE_LOOP('',(#2156,#2177,#2178,#2179,#2208,#2236));
#2156 = ORIENTED_EDGE('',*,*,#2157,.F.);
#2157 = EDGE_CURVE('',#813,#2158,#2160,.T.);
#2158 = VERTEX_POINT('',#2159);
#2159 = CARTESIAN_POINT('',(-22.80238966157,19.494897427832,995.));
#2160 = SURFACE_CURVE('',#2161,(#2165,#2171),.PCURVE_S1.);
#2161 = LINE('',#2162,#2163);
#2162 = CARTESIAN_POINT('',(-22.80238966157,19.494897427832,0.));
#2163 = VECTOR('',#2164,1.);
#2164 = DIRECTION('',(0.,0.,1.));
#2165 = PCURVE('',#864,#2166);
#2166 = DEFINITIONAL_REPRESENTATION('',(#2167),#2170);
#2167 = B_SPLINE_CURVE_WITH_KNOTS('',1,(#2168,#2169),.UNSPECIFIED.,.F.,
  .F.,(2,2),(-6.E-07,1.099226087487E+03),.PIECEWISE_BEZIER_KNOTS.);
#2168 = CARTESIAN_POINT('',(-6.E-07,59.215728752538));
#2169 = CARTESIAN_POINT('',(1.099226087487E+03,59.215728752538));
#2170 = ( GEOMETRIC_REPRESENTATION_CONTEXT(2) 
PARAMETRIC_REPRESENTATION_CONTEXT() REPRESENTATION_CONTEXT('2D SPACE',''
  ) );
#2171 = PCURVE('',#829,#2172);
#2172 = DEFINITIONAL_REPRESENTATION('',(#2173),#2176);
#2173 = B_SPLINE_CURVE_WITH_KNOTS('',1,(#2174,#2175),.UNSPECIFIED.,.F.,
  .F.,(2,2),(-6.E-07,1.099226087487E+03),.PIECEWISE_BEZIER_KNOTS.);
#2174 = CARTESIAN_POINT('',(2.434232011847,-6.E-07));
#2175 = CARTESIAN_POINT('',(2.434232011847,1.099226087487E+03));
#2176 = ( GEOMETRIC_REPRESENTATION_CONTEXT(2) 
PARAMETRIC_REPRESENTATION_CONTEXT() REPRESENTATION_CONTEXT('2D SPACE',''
  ) );
#2177 = ORIENTED_EDGE('',*,*,#841,.T.);
#2178 = ORIENTED_EDGE('',*,*,#2103,.T.);
#2179 = ORIENTED_EDGE('',*,*,#2180,.F.);
#2180 = EDGE_CURVE('',#2181,#2104,#2183,.T.);
#2181 = VERTEX_POINT('',#2182);
#2182 = CARTESIAN_POINT('',(-38.66025403784,46.961524227066,
    995.99536143719));
#2183 = SURFACE_CURVE('',#2184,(#2189,#2196),.PCURVE_S1.);
#2184 = HYPERBOLA('',#2185,48.387096774194,10.);
#2185 = AXIS2_PLACEMENT_3D('',#2186,#2187,#2188);
#2186 = CARTESIAN_POINT('',(-8.660254037844,-5.,1.290322580645E+03));
#2187 = DIRECTION('',(0.866025403784,0.5,0.));
#2188 = DIRECTION('',(0.,0.,-1.));
#2189 = PCURVE('',#864,#2190);
#2190 = DEFINITIONAL_REPRESENTATION('',(#2191),#2195);
#2191 = ( BOUNDED_CURVE() B_SPLINE_CURVE(2,(#2192,#2193,#2194),
.UNSPECIFIED.,.F.,.F.) B_SPLINE_CURVE_WITH_KNOTS((3,3),(2.477888730288,
2.930536628106),.PIECEWISE_BEZIER_KNOTS.) CURVE() 
GEOMETRIC_REPRESENTATION_ITEM() RATIONAL_B_SPLINE_CURVE((1.,
1.025720774571,1.)) REPRESENTATION_ITEM('') );
#2192 = CARTESIAN_POINT('',(1.E+03,28.339202169004));
#2193 = CARTESIAN_POINT('',(936.29606666079,14.986968893471));
#2194 = CARTESIAN_POINT('',(835.70037037067,-5.921572875254));
#2195 = ( GEOMETRIC_REPRESENTATION_CONTEXT(2) 
PARAMETRIC_REPRESENTATION_CONTEXT() REPRESENTATION_CONTEXT('2D SPACE',''
  ) );
#2196 = PCURVE('',#2034,#2197);
#2197 = DEFINITIONAL_REPRESENTATION('',(#2198),#2207);
#2198 = B_SPLINE_CURVE_WITH_KNOTS('',7,(#2199,#2200,#2201,#2202,#2203,
    #2204,#2205,#2206),.UNSPECIFIED.,.F.,.F.,(8,8),(2.477888730288,
    2.930536628106),.PIECEWISE_BEZIER_KNOTS.);
#2199 = CARTESIAN_POINT('',(-2.261843181613,-300.));
#2200 = CARTESIAN_POINT('',(-2.251065850712,-281.4891630612));
#2201 = CARTESIAN_POINT('',(-2.241090203937,-261.5620349984));
#2202 = CARTESIAN_POINT('',(-2.231846724295,-240.0921926983));
#2203 = CARTESIAN_POINT('',(-2.223272741737,-216.9387047906));
#2204 = CARTESIAN_POINT('',(-2.215311839395,-191.943969369));
#2205 = CARTESIAN_POINT('',(-2.20791314616,-164.9310698449));
#2206 = CARTESIAN_POINT('',(-2.201030722801,-135.7003703706));
#2207 = ( GEOMETRIC_REPRESENTATION_CONTEXT(2) 
PARAMETRIC_REPRESENTATION_CONTEXT() REPRESENTATION_CONTEXT('2D SPACE',''
  ) );
#2208 = ORIENTED_EDGE('',*,*,#2209,.F.);
#2209 = EDGE_CURVE('',#2210,#2181,#2212,.T.);
#2210 = VERTEX_POINT('',#2211);
#2211 = CARTESIAN_POINT('',(-38.66025403784,46.961524227066,995.));
#2212 = SURFACE_CURVE('',#2213,(#2217,#2224),.PCURVE_S1.);
#2213 = LINE('',#2214,#2215);
#2214 = CARTESIAN_POINT('',(-38.66025403784,46.961524227066,995.));
#2215 = VECTOR('',#2216,1.);
#2216 = DIRECTION('',(0.,0.,1.));
#2217 = PCURVE('',#864,#2218);
#2218 = DEFINITIONAL_REPRESENTATION('',(#2219),#2223);
#2219 = LINE('',#2220,#2221);
#2220 = CARTESIAN_POINT('',(995.,27.5));
#2221 = VECTOR('',#2222,1.);
#2222 = DIRECTION('',(1.,0.));
#2223 = ( GEOMETRIC_REPRESENTATION_CONTEXT(2) 
PARAMETRIC_REPRESENTATION_CONTEXT() REPRESENTATION_CONTEXT('2D SPACE',''
  ) );
#2224 = PCURVE('',#2225,#2230);
#2225 = PLANE('',#2226);
#2226 = AXIS2_PLACEMENT_3D('',#2227,#2228,#2229);
#2227 = CARTESIAN_POINT('',(-38.66025403784,46.961524227066,995.));
#2228 = DIRECTION('',(0.866025403784,0.5,0.));
#2229 = DIRECTION('',(0.,0.,1.));
#2230 = DEFINITIONAL_REPRESENTATION('',(#2231),#2235);
#2231 = LINE('',#2232,#2233);
#2232 = CARTESIAN_POINT('',(0.,0.));
#2233 = VECTOR('',#2234,1.);
#2234 = DIRECTION('',(1.,0.));
#2235 = ( GEOMETRIC_REPRESENTATION_CONTEXT(2) 
PARAMETRIC_REPRESENTATION_CONTEXT() REPRESENTATION_CONTEXT('2D SPACE',''
  ) );
#2236 = ORIENTED_EDGE('',*,*,#2237,.T.);
#2237 = EDGE_CURVE('',#2210,#2158,#2238,.T.);
#2238 = SURFACE_CURVE('',#2239,(#2243,#2250),.PCURVE_S1.);
#2239 = LINE('',#2240,#2241);
#2240 = CARTESIAN_POINT('',(-38.66025403784,46.961524227066,995.));
#2241 = VECTOR('',#2242,1.);
#2242 = DIRECTION('',(0.5,-0.866025403784,0.));
#2243 = PCURVE('',#864,#2244);
#2244 = DEFINITIONAL_REPRESENTATION('',(#2245),#2249);
#2245 = LINE('',#2246,#2247);
#2246 = CARTESIAN_POINT('',(995.,27.5));
#2247 = VECTOR('',#2248,1.);
#2248 = DIRECTION('',(0.,1.));
#2249 = ( GEOMETRIC_REPRESENTATION_CONTEXT(2) 
PARAMETRIC_REPRESENTATION_CONTEXT() REPRESENTATION_CONTEXT('2D SPACE',''
  ) );
#2250 = PCURVE('',#2225,#2251);
#2251 = DEFINITIONAL_REPRESENTATION('',(#2252),#2256);
#2252 = LINE('',#2253,#2254);
#2253 = CARTESIAN_POINT('',(0.,0.));
#2254 = VECTOR('',#2255,1.);
#2255 = DIRECTION('',(0.,1.));
#2256 = ( GEOMETRIC_REPRESENTATION_CONTEXT(2) 
PARAMETRIC_REPRESENTATION_CONTEXT() REPRESENTATION_CONTEXT('2D SPACE',''
  ) );
#2257 = ADVANCED_FACE('',(#2258),#829,.F.);
#2258 = FACE_BOUND('',#2259,.F.);
#2259 = EDGE_LOOP('',(#2260,#2284,#2285,#2286));
#2260 = ORIENTED_EDGE('',*,*,#2261,.F.);
#2261 = EDGE_CURVE('',#2158,#2262,#2264,.T.);
#2262 = VERTEX_POINT('',#2263);
#2263 = CARTESIAN_POINT('',(-28.28427124746,10.,995.));
#2264 = SURFACE_CURVE('',#2265,(#2270,#2277),.PCURVE_S1.);
#2265 = CIRCLE('',#2266,30.);
#2266 = AXIS2_PLACEMENT_3D('',#2267,#2268,#2269);
#2267 = CARTESIAN_POINT('',(0.,0.,995.));
#2268 = DIRECTION('',(0.,0.,1.));
#2269 = DIRECTION('',(1.,0.,-0.));
#2270 = PCURVE('',#829,#2271);
#2271 = DEFINITIONAL_REPRESENTATION('',(#2272),#2276);
#2272 = LINE('',#2273,#2274);
#2273 = CARTESIAN_POINT('',(0.,995.));
#2274 = VECTOR('',#2275,1.);
#2275 = DIRECTION('',(1.,0.));
#2276 = ( GEOMETRIC_REPRESENTATION_CONTEXT(2) 
PARAMETRIC_REPRESENTATION_CONTEXT() REPRESENTATION_CONTEXT('2D SPACE',''
  ) );
#2277 = PCURVE('',#1342,#2278);
#2278 = DEFINITIONAL_REPRESENTATION('',(#2279),#2283);
#2279 = LINE('',#2280,#2281);
#2280 = CARTESIAN_POINT('',(0.,0.));
#2281 = VECTOR('',#2282,1.);
#2282 = DIRECTION('',(1.,0.));
#2283 = ( GEOMETRIC_REPRESENTATION_CONTEXT(2) 
PARAMETRIC_REPRESENTATION_CONTEXT() REPRESENTATION_CONTEXT('2D SPACE',''
  ) );
#2284 = ORIENTED_EDGE('',*,*,#2157,.F.);
#2285 = ORIENTED_EDGE('',*,*,#812,.T.);
#2286 = ORIENTED_EDGE('',*,*,#2287,.T.);
#2287 = EDGE_CURVE('',#778,#2262,#2288,.T.);
#2288 = SURFACE_CURVE('',#2289,(#2293,#2299),.PCURVE_S1.);
#2289 = LINE('',#2290,#2291);
#2290 = CARTESIAN_POINT('',(-28.28427124746,10.,0.));
#2291 = VECTOR('',#2292,1.);
#2292 = DIRECTION('',(0.,0.,1.));
#2293 = PCURVE('',#829,#2294);
#2294 = DEFINITIONAL_REPRESENTATION('',(#2295),#2298);
#2295 = B_SPLINE_CURVE_WITH_KNOTS('',1,(#2296,#2297),.UNSPECIFIED.,.F.,
  .F.,(2,2),(-6.E-07,1.099226087487E+03),.PIECEWISE_BEZIER_KNOTS.);
#2296 = CARTESIAN_POINT('',(2.801755744136,-6.E-07));
#2297 = CARTESIAN_POINT('',(2.801755744136,1.099226087487E+03));
#2298 = ( GEOMETRIC_REPRESENTATION_CONTEXT(2) 
PARAMETRIC_REPRESENTATION_CONTEXT() REPRESENTATION_CONTEXT('2D SPACE',''
  ) );
#2299 = PCURVE('',#800,#2300);
#2300 = DEFINITIONAL_REPRESENTATION('',(#2301),#2304);
#2301 = B_SPLINE_CURVE_WITH_KNOTS('',1,(#2302,#2303),.UNSPECIFIED.,.F.,
  .F.,(2,2),(-6.E-07,1.099226087487E+03),.PIECEWISE_BEZIER_KNOTS.);
#2302 = CARTESIAN_POINT('',(-6.E-07,59.215728752538));
#2303 = CARTESIAN_POINT('',(1.099226087487E+03,59.215728752538));
#2304 = ( GEOMETRIC_REPRESENTATION_CONTEXT(2) 
PARAMETRIC_REPRESENTATION_CONTEXT() REPRESENTATION_CONTEXT('2D SPACE',''
  ) );
#2305 = ADVANCED_FACE('',(#2306),#800,.F.);
#2306 = FACE_BOUND('',#2307,.F.);
#2307 = EDGE_LOOP('',(#2308,#2309,#2310,#2333,#2367,#2395));
#2308 = ORIENTED_EDGE('',*,*,#2287,.F.);
#2309 = ORIENTED_EDGE('',*,*,#777,.T.);
#2310 = ORIENTED_EDGE('',*,*,#2311,.T.);
#2311 = EDGE_CURVE('',#745,#2312,#2314,.T.);
#2312 = VERTEX_POINT('',#2313);
#2313 = CARTESIAN_POINT('',(-87.5,10.,864.17947692398));
#2314 = SURFACE_CURVE('',#2315,(#2319,#2326),.PCURVE_S1.);
#2315 = LINE('',#2316,#2317);
#2316 = CARTESIAN_POINT('',(-87.5,10.,0.));
#2317 = VECTOR('',#2318,1.);
#2318 = DIRECTION('',(0.,0.,1.));
#2319 = PCURVE('',#800,#2320);
#2320 = DEFINITIONAL_REPRESENTATION('',(#2321),#2325);
#2321 = LINE('',#2322,#2323);
#2322 = CARTESIAN_POINT('',(0.,0.));
#2323 = VECTOR('',#2324,1.);
#2324 = DIRECTION('',(1.,0.));
#2325 = ( GEOMETRIC_REPRESENTATION_CONTEXT(2) 
PARAMETRIC_REPRESENTATION_CONTEXT() REPRESENTATION_CONTEXT('2D SPACE',''
  ) );
#2326 = PCURVE('',#765,#2327);
#2327 = DEFINITIONAL_REPRESENTATION('',(#2328),#2332);
#2328 = LINE('',#2329,#2330);
#2329 = CARTESIAN_POINT('',(0.,-20.));
#2330 = VECTOR('',#2331,1.);
#2331 = DIRECTION('',(1.,0.));
#2332 = ( GEOMETRIC_REPRESENTATION_CONTEXT(2) 
PARAMETRIC_REPRESENTATION_CONTEXT() REPRESENTATION_CONTEXT('2D SPACE',''
  ) );
#2333 = ORIENTED_EDGE('',*,*,#2334,.F.);
#2334 = EDGE_CURVE('',#2335,#2312,#2337,.T.);
#2335 = VERTEX_POINT('',#2336);
#2336 = CARTESIAN_POINT('',(-60.,10.,995.99536143716));
#2337 = SURFACE_CURVE('',#2338,(#2343,#2350),.PCURVE_S1.);
#2338 = HYPERBOLA('',#2339,48.387096774194,10.);
#2339 = AXIS2_PLACEMENT_3D('',#2340,#2341,#2342);
#2340 = CARTESIAN_POINT('',(0.,10.,1.290322580645E+03));
#2341 = DIRECTION('',(0.,1.,0.));
#2342 = DIRECTION('',(-0.,0.,-1.));
#2343 = PCURVE('',#800,#2344);
#2344 = DEFINITIONAL_REPRESENTATION('',(#2345),#2349);
#2345 = ( BOUNDED_CURVE() B_SPLINE_CURVE(2,(#2346,#2347,#2348),
.UNSPECIFIED.,.F.,.F.) B_SPLINE_CURVE_WITH_KNOTS((3,3),(2.477888730288,
2.930536628106),.PIECEWISE_BEZIER_KNOTS.) CURVE() 
GEOMETRIC_REPRESENTATION_ITEM() RATIONAL_B_SPLINE_CURVE((1.,
1.025720774571,1.)) REPRESENTATION_ITEM('') );
#2346 = CARTESIAN_POINT('',(1.E+03,28.339202169004));
#2347 = CARTESIAN_POINT('',(936.29606666079,14.986968893471));
#2348 = CARTESIAN_POINT('',(835.70037037067,-5.921572875254));
#2349 = ( GEOMETRIC_REPRESENTATION_CONTEXT(2) 
PARAMETRIC_REPRESENTATION_CONTEXT() REPRESENTATION_CONTEXT('2D SPACE',''
  ) );
#2350 = PCURVE('',#2351,#2356);
#2351 = CONICAL_SURFACE('',#2352,122.,0.203797521042);
#2352 = AXIS2_PLACEMENT_3D('',#2353,#2354,#2355);
#2353 = CARTESIAN_POINT('',(0.,0.,700.));
#2354 = DIRECTION('',(-0.,-0.,-1.));
#2355 = DIRECTION('',(1.,0.,-0.));
#2356 = DEFINITIONAL_REPRESENTATION('',(#2357),#2366);
#2357 = B_SPLINE_CURVE_WITH_KNOTS('',7,(#2358,#2359,#2360,#2361,#2362,
    #2363,#2364,#2365),.UNSPECIFIED.,.F.,.F.,(8,8),(2.477888730288,
    2.930536628106),.PIECEWISE_BEZIER_KNOTS.);
#2358 = CARTESIAN_POINT('',(-2.97414457437,-300.));
#2359 = CARTESIAN_POINT('',(-2.984921905271,-281.4891630612));
#2360 = CARTESIAN_POINT('',(-2.994897552045,-261.5620349984));
#2361 = CARTESIAN_POINT('',(-3.004141031691,-240.0921926983));
#2362 = CARTESIAN_POINT('',(-3.012715014245,-216.9387047906));
#2363 = CARTESIAN_POINT('',(-3.020675916589,-191.943969369));
#2364 = CARTESIAN_POINT('',(-3.028074609823,-164.9310698449));
#2365 = CARTESIAN_POINT('',(-3.034957033182,-135.7003703706));
#2366 = ( GEOMETRIC_REPRESENTATION_CONTEXT(2) 
PARAMETRIC_REPRESENTATION_CONTEXT() REPRESENTATION_CONTEXT('2D SPACE',''
  ) );
#2367 = ORIENTED_EDGE('',*,*,#2368,.F.);
#2368 = EDGE_CURVE('',#2369,#2335,#2371,.T.);
#2369 = VERTEX_POINT('',#2370);
#2370 = CARTESIAN_POINT('',(-60.,10.,995.));
#2371 = SURFACE_CURVE('',#2372,(#2376,#2383),.PCURVE_S1.);
#2372 = LINE('',#2373,#2374);
#2373 = CARTESIAN_POINT('',(-60.,10.,995.));
#2374 = VECTOR('',#2375,1.);
#2375 = DIRECTION('',(0.,0.,1.));
#2376 = PCURVE('',#800,#2377);
#2377 = DEFINITIONAL_REPRESENTATION('',(#2378),#2382);
#2378 = LINE('',#2379,#2380);
#2379 = CARTESIAN_POINT('',(995.,27.5));
#2380 = VECTOR('',#2381,1.);
#2381 = DIRECTION('',(1.,0.));
#2382 = ( GEOMETRIC_REPRESENTATION_CONTEXT(2) 
PARAMETRIC_REPRESENTATION_CONTEXT() REPRESENTATION_CONTEXT('2D SPACE',''
  ) );
#2383 = PCURVE('',#2384,#2389);
#2384 = PLANE('',#2385);
#2385 = AXIS2_PLACEMENT_3D('',#2386,#2387,#2388);
#2386 = CARTESIAN_POINT('',(-60.,10.,995.));
#2387 = DIRECTION('',(-0.,1.,0.));
#2388 = DIRECTION('',(0.,0.,1.));
#2389 = DEFINITIONAL_REPRESENTATION('',(#2390),#2394);
#2390 = LINE('',#2391,#2392);
#2391 = CARTESIAN_POINT('',(0.,0.));
#2392 = VECTOR('',#2393,1.);
#2393 = DIRECTION('',(1.,0.));
#2394 = ( GEOMETRIC_REPRESENTATION_CONTEXT(2) 
PARAMETRIC_REPRESENTATION_CONTEXT() REPRESENTATION_CONTEXT('2D SPACE',''
  ) );
#2395 = ORIENTED_EDGE('',*,*,#2396,.T.);
#2396 = EDGE_CURVE('',#2369,#2262,#2397,.T.);
#2397 = SURFACE_CURVE('',#2398,(#2402,#2409),.PCURVE_S1.);
#2398 = LINE('',#2399,#2400);
#2399 = CARTESIAN_POINT('',(-60.,10.,995.));
#2400 = VECTOR('',#2401,1.);
#2401 = DIRECTION('',(1.,0.,-0.));
#2402 = PCURVE('',#800,#2403);
#2403 = DEFINITIONAL_REPRESENTATION('',(#2404),#2408);
#2404 = LINE('',#2405,#2406);
#2405 = CARTESIAN_POINT('',(995.,27.5));
#2406 = VECTOR('',#2407,1.);
#2407 = DIRECTION('',(0.,1.));
#2408 = ( GEOMETRIC_REPRESENTATION_CONTEXT(2) 
PARAMETRIC_REPRESENTATION_CONTEXT() REPRESENTATION_CONTEXT('2D SPACE',''
  ) );
#2409 = PCURVE('',#2384,#2410);
#2410 = DEFINITIONAL_REPRESENTATION('',(#2411),#2415);
#2411 = LINE('',#2412,#2413);
#2412 = CARTESIAN_POINT('',(0.,0.));
#2413 = VECTOR('',#2414,1.);
#2414 = DIRECTION('',(0.,1.));
#2415 = ( GEOMETRIC_REPRESENTATION_CONTEXT(2) 
PARAMETRIC_REPRESENTATION_CONTEXT() REPRESENTATION_CONTEXT('2D SPACE',''
  ) );
#2416 = ADVANCED_FACE('',(#2417),#765,.T.);
#2417 = FACE_BOUND('',#2418,.T.);
#2418 = EDGE_LOOP('',(#2419,#2442,#2443,#2444));
#2419 = ORIENTED_EDGE('',*,*,#2420,.F.);
#2420 = EDGE_CURVE('',#710,#2421,#2423,.T.);
#2421 = VERTEX_POINT('',#2422);
#2422 = CARTESIAN_POINT('',(-87.5,-10.,864.17947692398));
#2423 = SURFACE_CURVE('',#2424,(#2428,#2435),.PCURVE_S1.);
#2424 = LINE('',#2425,#2426);
#2425 = CARTESIAN_POINT('',(-87.5,-10.,0.));
#2426 = VECTOR('',#2427,1.);
#2427 = DIRECTION('',(0.,0.,1.));
#2428 = PCURVE('',#765,#2429);
#2429 = DEFINITIONAL_REPRESENTATION('',(#2430),#2434);
#2430 = LINE('',#2431,#2432);
#2431 = CARTESIAN_POINT('',(0.,0.));
#2432 = VECTOR('',#2433,1.);
#2433 = DIRECTION('',(1.,0.));
#2434 = ( GEOMETRIC_REPRESENTATION_CONTEXT(2) 
PARAMETRIC_REPRESENTATION_CONTEXT() REPRESENTATION_CONTEXT('2D SPACE',''
  ) );
#2435 = PCURVE('',#732,#2436);
#2436 = DEFINITIONAL_REPRESENTATION('',(#2437),#2441);
#2437 = LINE('',#2438,#2439);
#2438 = CARTESIAN_POINT('',(0.,0.));
#2439 = VECTOR('',#2440,1.);
#2440 = DIRECTION('',(1.,0.));
#2441 = ( GEOMETRIC_REPRESENTATION_CONTEXT(2) 
PARAMETRIC_REPRESENTATION_CONTEXT() REPRESENTATION_CONTEXT('2D SPACE',''
  ) );
#2442 = ORIENTED_EDGE('',*,*,#744,.T.);
#2443 = ORIENTED_EDGE('',*,*,#2311,.T.);
#2444 = ORIENTED_EDGE('',*,*,#2445,.F.);
#2445 = EDGE_CURVE('',#2421,#2312,#2446,.T.);
#2446 = SURFACE_CURVE('',#2447,(#2452,#2459),.PCURVE_S1.);
#2447 = HYPERBOLA('',#2448,423.38709677419,87.5);
#2448 = AXIS2_PLACEMENT_3D('',#2449,#2450,#2451);
#2449 = CARTESIAN_POINT('',(-87.5,0.,1.290322580645E+03));
#2450 = DIRECTION('',(1.,0.,0.));
#2451 = DIRECTION('',(0.,-0.,-1.));
#2452 = PCURVE('',#765,#2453);
#2453 = DEFINITIONAL_REPRESENTATION('',(#2454),#2458);
#2454 = ( BOUNDED_CURVE() B_SPLINE_CURVE(2,(#2455,#2456,#2457),
.UNSPECIFIED.,.F.,.F.) B_SPLINE_CURVE_WITH_KNOTS((3,3),(-0.136716554588,
0.136716554588),.PIECEWISE_BEZIER_KNOTS.) CURVE() 
GEOMETRIC_REPRESENTATION_ITEM() RATIONAL_B_SPLINE_CURVE((1.,
1.009360274265,1.)) REPRESENTATION_ITEM('') );
#2455 = CARTESIAN_POINT('',(862.97246452469,2.));
#2456 = CARTESIAN_POINT('',(870.8617522682,-10.));
#2457 = CARTESIAN_POINT('',(862.97246452469,-22.));
#2458 = ( GEOMETRIC_REPRESENTATION_CONTEXT(2) 
PARAMETRIC_REPRESENTATION_CONTEXT() REPRESENTATION_CONTEXT('2D SPACE',''
  ) );
#2459 = PCURVE('',#2351,#2460);
#2460 = DEFINITIONAL_REPRESENTATION('',(#2461),#2469);
#2461 = B_SPLINE_CURVE_WITH_KNOTS('',6,(#2462,#2463,#2464,#2465,#2466,
    #2467,#2468),.UNSPECIFIED.,.F.,.F.,(7,7),(-0.136716554588,
    0.136716554588),.PIECEWISE_BEZIER_KNOTS.);
#2462 = CARTESIAN_POINT('',(-3.277885283285,-162.9724645246));
#2463 = CARTESIAN_POINT('',(-3.232735710804,-165.6185913876));
#2464 = CARTESIAN_POINT('',(-3.187250669981,-167.1996810613));
#2465 = CARTESIAN_POINT('',(-3.14159265359,-167.7256255101));
#2466 = CARTESIAN_POINT('',(-3.095934637199,-167.1996810613));
#2467 = CARTESIAN_POINT('',(-3.050449596376,-165.6185913876));
#2468 = CARTESIAN_POINT('',(-3.005300023894,-162.9724645246));
#2469 = ( GEOMETRIC_REPRESENTATION_CONTEXT(2) 
PARAMETRIC_REPRESENTATION_CONTEXT() REPRESENTATION_CONTEXT('2D SPACE',''
  ) );
#2470 = ADVANCED_FACE('',(#2471),#732,.T.);
#2471 = FACE_BOUND('',#2472,.T.);
#2472 = EDGE_LOOP('',(#2473,#2494,#2495,#2496,#2525,#2553));
#2473 = ORIENTED_EDGE('',*,*,#2474,.F.);
#2474 = EDGE_CURVE('',#681,#2475,#2477,.T.);
#2475 = VERTEX_POINT('',#2476);
#2476 = CARTESIAN_POINT('',(-28.28427124746,-10.,995.));
#2477 = SURFACE_CURVE('',#2478,(#2482,#2488),.PCURVE_S1.);
#2478 = LINE('',#2479,#2480);
#2479 = CARTESIAN_POINT('',(-28.28427124746,-10.,0.));
#2480 = VECTOR('',#2481,1.);
#2481 = DIRECTION('',(0.,0.,1.));
#2482 = PCURVE('',#732,#2483);
#2483 = DEFINITIONAL_REPRESENTATION('',(#2484),#2487);
#2484 = B_SPLINE_CURVE_WITH_KNOTS('',1,(#2485,#2486),.UNSPECIFIED.,.F.,
  .F.,(2,2),(-6.E-07,1.099226087487E+03),.PIECEWISE_BEZIER_KNOTS.);
#2485 = CARTESIAN_POINT('',(-6.E-07,59.215728752538));
#2486 = CARTESIAN_POINT('',(1.099226087487E+03,59.215728752538));
#2487 = ( GEOMETRIC_REPRESENTATION_CONTEXT(2) 
PARAMETRIC_REPRESENTATION_CONTEXT() REPRESENTATION_CONTEXT('2D SPACE',''
  ) );
#2488 = PCURVE('',#697,#2489);
#2489 = DEFINITIONAL_REPRESENTATION('',(#2490),#2493);
#2490 = B_SPLINE_CURVE_WITH_KNOTS('',1,(#2491,#2492),.UNSPECIFIED.,.F.,
  .F.,(2,2),(-6.E-07,1.099226087487E+03),.PIECEWISE_BEZIER_KNOTS.);
#2491 = CARTESIAN_POINT('',(3.481429563044,-6.E-07));
#2492 = CARTESIAN_POINT('',(3.481429563044,1.099226087487E+03));
#2493 = ( GEOMETRIC_REPRESENTATION_CONTEXT(2) 
PARAMETRIC_REPRESENTATION_CONTEXT() REPRESENTATION_CONTEXT('2D SPACE',''
  ) );
#2494 = ORIENTED_EDGE('',*,*,#709,.T.);
#2495 = ORIENTED_EDGE('',*,*,#2420,.T.);
#2496 = ORIENTED_EDGE('',*,*,#2497,.F.);
#2497 = EDGE_CURVE('',#2498,#2421,#2500,.T.);
#2498 = VERTEX_POINT('',#2499);
#2499 = CARTESIAN_POINT('',(-60.,-10.,995.99536143716));
#2500 = SURFACE_CURVE('',#2501,(#2506,#2513),.PCURVE_S1.);
#2501 = HYPERBOLA('',#2502,48.387096774194,10.);
#2502 = AXIS2_PLACEMENT_3D('',#2503,#2504,#2505);
#2503 = CARTESIAN_POINT('',(0.,-10.,1.290322580645E+03));
#2504 = DIRECTION('',(0.,1.,0.));
#2505 = DIRECTION('',(-0.,0.,-1.));
#2506 = PCURVE('',#732,#2507);
#2507 = DEFINITIONAL_REPRESENTATION('',(#2508),#2512);
#2508 = ( BOUNDED_CURVE() B_SPLINE_CURVE(2,(#2509,#2510,#2511),
.UNSPECIFIED.,.F.,.F.) B_SPLINE_CURVE_WITH_KNOTS((3,3),(2.477888730288,
2.930536628106),.PIECEWISE_BEZIER_KNOTS.) CURVE() 
GEOMETRIC_REPRESENTATION_ITEM() RATIONAL_B_SPLINE_CURVE((1.,
1.025720774571,1.)) REPRESENTATION_ITEM('') );
#2509 = CARTESIAN_POINT('',(1.E+03,28.339202169004));
#2510 = CARTESIAN_POINT('',(936.29606666079,14.986968893471));
#2511 = CARTESIAN_POINT('',(835.70037037067,-5.921572875254));
#2512 = ( GEOMETRIC_REPRESENTATION_CONTEXT(2) 
PARAMETRIC_REPRESENTATION_CONTEXT() REPRESENTATION_CONTEXT('2D SPACE',''
  ) );
#2513 = PCURVE('',#2351,#2514);
#2514 = DEFINITIONAL_REPRESENTATION('',(#2515),#2524);
#2515 = B_SPLINE_CURVE_WITH_KNOTS('',7,(#2516,#2517,#2518,#2519,#2520,
    #2521,#2522,#2523),.UNSPECIFIED.,.F.,.F.,(8,8),(2.477888730288,
    2.930536628106),.PIECEWISE_BEZIER_KNOTS.);
#2516 = CARTESIAN_POINT('',(-3.309040732809,-300.));
#2517 = CARTESIAN_POINT('',(-3.298263401909,-281.4891630612));
#2518 = CARTESIAN_POINT('',(-3.288287755134,-261.5620349984));
#2519 = CARTESIAN_POINT('',(-3.279044275491,-240.0921926983));
#2520 = CARTESIAN_POINT('',(-3.270470292935,-216.9387047906));
#2521 = CARTESIAN_POINT('',(-3.262509390591,-191.943969369));
#2522 = CARTESIAN_POINT('',(-3.255110697356,-164.9310698449));
#2523 = CARTESIAN_POINT('',(-3.248228273997,-135.7003703706));
#2524 = ( GEOMETRIC_REPRESENTATION_CONTEXT(2) 
PARAMETRIC_REPRESENTATION_CONTEXT() REPRESENTATION_CONTEXT('2D SPACE',''
  ) );
#2525 = ORIENTED_EDGE('',*,*,#2526,.F.);
#2526 = EDGE_CURVE('',#2527,#2498,#2529,.T.);
#2527 = VERTEX_POINT('',#2528);
#2528 = CARTESIAN_POINT('',(-60.,-10.,995.));
#2529 = SURFACE_CURVE('',#2530,(#2534,#2541),.PCURVE_S1.);
#2530 = LINE('',#2531,#2532);
#2531 = CARTESIAN_POINT('',(-60.,-10.,995.));
#2532 = VECTOR('',#2533,1.);
#2533 = DIRECTION('',(0.,0.,1.));
#2534 = PCURVE('',#732,#2535);
#2535 = DEFINITIONAL_REPRESENTATION('',(#2536),#2540);
#2536 = LINE('',#2537,#2538);
#2537 = CARTESIAN_POINT('',(995.,27.5));
#2538 = VECTOR('',#2539,1.);
#2539 = DIRECTION('',(1.,0.));
#2540 = ( GEOMETRIC_REPRESENTATION_CONTEXT(2) 
PARAMETRIC_REPRESENTATION_CONTEXT() REPRESENTATION_CONTEXT('2D SPACE',''
  ) );
#2541 = PCURVE('',#2542,#2547);
#2542 = PLANE('',#2543);
#2543 = AXIS2_PLACEMENT_3D('',#2544,#2545,#2546);
#2544 = CARTESIAN_POINT('',(-60.,-10.,995.));
#2545 = DIRECTION('',(-0.,1.,0.));
#2546 = DIRECTION('',(0.,0.,1.));
#2547 = DEFINITIONAL_REPRESENTATION('',(#2548),#2552);
#2548 = LINE('',#2549,#2550);
#2549 = CARTESIAN_POINT('',(0.,0.));
#2550 = VECTOR('',#2551,1.);
#2551 = DIRECTION('',(1.,0.));
#2552 = ( GEOMETRIC_REPRESENTATION_CONTEXT(2) 
PARAMETRIC_REPRESENTATION_CONTEXT() REPRESENTATION_CONTEXT('2D SPACE',''
  ) );
#2553 = ORIENTED_EDGE('',*,*,#2554,.T.);
#2554 = EDGE_CURVE('',#2527,#2475,#2555,.T.);
#2555 = SURFACE_CURVE('',#2556,(#2560,#2567),.PCURVE_S1.);
#2556 = LINE('',#2557,#2558);
#2557 = CARTESIAN_POINT('',(-60.,-10.,995.));
#2558 = VECTOR('',#2559,1.);
#2559 = DIRECTION('',(1.,0.,-0.));
#2560 = PCURVE('',#732,#2561);
#2561 = DEFINITIONAL_REPRESENTATION('',(#2562),#2566);
#2562 = LINE('',#2563,#2564);
#2563 = CARTESIAN_POINT('',(995.,27.5));
#2564 = VECTOR('',#2565,1.);
#2565 = DIRECTION('',(0.,1.));
#2566 = ( GEOMETRIC_REPRESENTATION_CONTEXT(2) 
PARAMETRIC_REPRESENTATION_CONTEXT() REPRESENTATION_CONTEXT('2D SPACE',''
  ) );
#2567 = PCURVE('',#2542,#2568);
#2568 = DEFINITIONAL_REPRESENTATION('',(#2569),#2573);
#2569 = LINE('',#2570,#2571);
#2570 = CARTESIAN_POINT('',(0.,0.));
#2571 = VECTOR('',#2572,1.);
#2572 = DIRECTION('',(0.,1.));
#2573 = ( GEOMETRIC_REPRESENTATION_CONTEXT(2) 
PARAMETRIC_REPRESENTATION_CONTEXT() REPRESENTATION_CONTEXT('2D SPACE',''
  ) );
#2574 = ADVANCED_FACE('',(#2575),#697,.F.);
#2575 = FACE_BOUND('',#2576,.F.);
#2576 = EDGE_LOOP('',(#2577,#2598,#2620,#2621));
#2577 = ORIENTED_EDGE('',*,*,#2578,.T.);
#2578 = EDGE_CURVE('',#646,#2579,#2581,.T.);
#2579 = VERTEX_POINT('',#2580);
#2580 = CARTESIAN_POINT('',(-22.80238966157,-19.49489742783,995.));
#2581 = SURFACE_CURVE('',#2582,(#2586,#2592),.PCURVE_S1.);
#2582 = LINE('',#2583,#2584);
#2583 = CARTESIAN_POINT('',(-22.80238966157,-19.49489742783,0.));
#2584 = VECTOR('',#2585,1.);
#2585 = DIRECTION('',(0.,0.,1.));
#2586 = PCURVE('',#697,#2587);
#2587 = DEFINITIONAL_REPRESENTATION('',(#2588),#2591);
#2588 = B_SPLINE_CURVE_WITH_KNOTS('',1,(#2589,#2590),.UNSPECIFIED.,.F.,
  .F.,(2,2),(-6.E-07,1.099226087487E+03),.PIECEWISE_BEZIER_KNOTS.);
#2589 = CARTESIAN_POINT('',(3.848953295332,-6.E-07));
#2590 = CARTESIAN_POINT('',(3.848953295332,1.099226087487E+03));
#2591 = ( GEOMETRIC_REPRESENTATION_CONTEXT(2) 
PARAMETRIC_REPRESENTATION_CONTEXT() REPRESENTATION_CONTEXT('2D SPACE',''
  ) );
#2592 = PCURVE('',#668,#2593);
#2593 = DEFINITIONAL_REPRESENTATION('',(#2594),#2597);
#2594 = B_SPLINE_CURVE_WITH_KNOTS('',1,(#2595,#2596),.UNSPECIFIED.,.F.,
  .F.,(2,2),(-6.E-07,1.099226087487E+03),.PIECEWISE_BEZIER_KNOTS.);
#2595 = CARTESIAN_POINT('',(-6.E-07,59.215728752538));
#2596 = CARTESIAN_POINT('',(1.099226087487E+03,59.215728752538));
#2597 = ( GEOMETRIC_REPRESENTATION_CONTEXT(2) 
PARAMETRIC_REPRESENTATION_CONTEXT() REPRESENTATION_CONTEXT('2D SPACE',''
  ) );
#2598 = ORIENTED_EDGE('',*,*,#2599,.F.);
#2599 = EDGE_CURVE('',#2475,#2579,#2600,.T.);
#2600 = SURFACE_CURVE('',#2601,(#2606,#2613),.PCURVE_S1.);
#2601 = CIRCLE('',#2602,30.);
#2602 = AXIS2_PLACEMENT_3D('',#2603,#2604,#2605);
#2603 = CARTESIAN_POINT('',(0.,0.,995.));
#2604 = DIRECTION('',(0.,0.,1.));
#2605 = DIRECTION('',(1.,0.,-0.));
#2606 = PCURVE('',#697,#2607);
#2607 = DEFINITIONAL_REPRESENTATION('',(#2608),#2612);
#2608 = LINE('',#2609,#2610);
#2609 = CARTESIAN_POINT('',(0.,995.));
#2610 = VECTOR('',#2611,1.);
#2611 = DIRECTION('',(1.,0.));
#2612 = ( GEOMETRIC_REPRESENTATION_CONTEXT(2) 
PARAMETRIC_REPRESENTATION_CONTEXT() REPRESENTATION_CONTEXT('2D SPACE',''
  ) );
#2613 = PCURVE('',#1426,#2614);
#2614 = DEFINITIONAL_REPRESENTATION('',(#2615),#2619);
#2615 = LINE('',#2616,#2617);
#2616 = CARTESIAN_POINT('',(0.,0.));
#2617 = VECTOR('',#2618,1.);
#2618 = DIRECTION('',(1.,0.));
#2619 = ( GEOMETRIC_REPRESENTATION_CONTEXT(2) 
PARAMETRIC_REPRESENTATION_CONTEXT() REPRESENTATION_CONTEXT('2D SPACE',''
  ) );
#2620 = ORIENTED_EDGE('',*,*,#2474,.F.);
#2621 = ORIENTED_EDGE('',*,*,#680,.T.);
#2622 = ADVANCED_FACE('',(#2623),#668,.F.);
#2623 = FACE_BOUND('',#2624,.F.);
#2624 = EDGE_LOOP('',(#2625,#2626,#2627,#2650,#2684,#2712));
#2625 = ORIENTED_EDGE('',*,*,#2578,.F.);
#2626 = ORIENTED_EDGE('',*,*,#645,.T.);
#2627 = ORIENTED_EDGE('',*,*,#2628,.T.);
#2628 = EDGE_CURVE('',#613,#2629,#2631,.T.);
#2629 = VERTEX_POINT('',#2630);
#2630 = CARTESIAN_POINT('',(-52.41025403784,-70.77722283113,
    864.17947692398));
#2631 = SURFACE_CURVE('',#2632,(#2636,#2643),.PCURVE_S1.);
#2632 = LINE('',#2633,#2634);
#2633 = CARTESIAN_POINT('',(-52.41025403784,-70.77722283113,0.));
#2634 = VECTOR('',#2635,1.);
#2635 = DIRECTION('',(0.,0.,1.));
#2636 = PCURVE('',#668,#2637);
#2637 = DEFINITIONAL_REPRESENTATION('',(#2638),#2642);
#2638 = LINE('',#2639,#2640);
#2639 = CARTESIAN_POINT('',(0.,0.));
#2640 = VECTOR('',#2641,1.);
#2641 = DIRECTION('',(1.,0.));
#2642 = ( GEOMETRIC_REPRESENTATION_CONTEXT(2) 
PARAMETRIC_REPRESENTATION_CONTEXT() REPRESENTATION_CONTEXT('2D SPACE',''
  ) );
#2643 = PCURVE('',#633,#2644);
#2644 = DEFINITIONAL_REPRESENTATION('',(#2645),#2649);
#2645 = LINE('',#2646,#2647);
#2646 = CARTESIAN_POINT('',(0.,-20.));
#2647 = VECTOR('',#2648,1.);
#2648 = DIRECTION('',(1.,0.));
#2649 = ( GEOMETRIC_REPRESENTATION_CONTEXT(2) 
PARAMETRIC_REPRESENTATION_CONTEXT() REPRESENTATION_CONTEXT('2D SPACE',''
  ) );
#2650 = ORIENTED_EDGE('',*,*,#2651,.F.);
#2651 = EDGE_CURVE('',#2652,#2629,#2654,.T.);
#2652 = VERTEX_POINT('',#2653);
#2653 = CARTESIAN_POINT('',(-38.66025403784,-46.96152422706,
    995.99536143719));
#2654 = SURFACE_CURVE('',#2655,(#2660,#2667),.PCURVE_S1.);
#2655 = HYPERBOLA('',#2656,48.387096774194,10.);
#2656 = AXIS2_PLACEMENT_3D('',#2657,#2658,#2659);
#2657 = CARTESIAN_POINT('',(-8.660254037844,5.,1.290322580645E+03));
#2658 = DIRECTION('',(-0.866025403784,0.5,0.));
#2659 = DIRECTION('',(-0.,0.,-1.));
#2660 = PCURVE('',#668,#2661);
#2661 = DEFINITIONAL_REPRESENTATION('',(#2662),#2666);
#2662 = ( BOUNDED_CURVE() B_SPLINE_CURVE(2,(#2663,#2664,#2665),
.UNSPECIFIED.,.F.,.F.) B_SPLINE_CURVE_WITH_KNOTS((3,3),(2.477888730288,
2.930536628106),.PIECEWISE_BEZIER_KNOTS.) CURVE() 
GEOMETRIC_REPRESENTATION_ITEM() RATIONAL_B_SPLINE_CURVE((1.,
1.025720774571,1.)) REPRESENTATION_ITEM('') );
#2663 = CARTESIAN_POINT('',(1.E+03,28.339202169004));
#2664 = CARTESIAN_POINT('',(936.29606666079,14.986968893471));
#2665 = CARTESIAN_POINT('',(835.70037037067,-5.921572875254));
#2666 = ( GEOMETRIC_REPRESENTATION_CONTEXT(2) 
PARAMETRIC_REPRESENTATION_CONTEXT() REPRESENTATION_CONTEXT('2D SPACE',''
  ) );
#2667 = PCURVE('',#2668,#2673);
#2668 = CONICAL_SURFACE('',#2669,122.,0.203797521042);
#2669 = AXIS2_PLACEMENT_3D('',#2670,#2671,#2672);
#2670 = CARTESIAN_POINT('',(0.,0.,700.));
#2671 = DIRECTION('',(-0.,-0.,-1.));
#2672 = DIRECTION('',(1.,0.,-0.));
#2673 = DEFINITIONAL_REPRESENTATION('',(#2674),#2683);
#2674 = B_SPLINE_CURVE_WITH_KNOTS('',7,(#2675,#2676,#2677,#2678,#2679,
    #2680,#2681,#2682),.UNSPECIFIED.,.F.,.F.,(8,8),(2.477888730288,
    2.930536628106),.PIECEWISE_BEZIER_KNOTS.);
#2675 = CARTESIAN_POINT('',(-4.021342125567,-300.));
#2676 = CARTESIAN_POINT('',(-4.032119456467,-281.4891630612));
#2677 = CARTESIAN_POINT('',(-4.042095103243,-261.5620349984));
#2678 = CARTESIAN_POINT('',(-4.051338582884,-240.0921926983));
#2679 = CARTESIAN_POINT('',(-4.059912565443,-216.9387047906));
#2680 = CARTESIAN_POINT('',(-4.067873467784,-191.943969369));
#2681 = CARTESIAN_POINT('',(-4.07527216102,-164.9310698449));
#2682 = CARTESIAN_POINT('',(-4.082154584379,-135.7003703706));
#2683 = ( GEOMETRIC_REPRESENTATION_CONTEXT(2) 
PARAMETRIC_REPRESENTATION_CONTEXT() REPRESENTATION_CONTEXT('2D SPACE',''
  ) );
#2684 = ORIENTED_EDGE('',*,*,#2685,.F.);
#2685 = EDGE_CURVE('',#2686,#2652,#2688,.T.);
#2686 = VERTEX_POINT('',#2687);
#2687 = CARTESIAN_POINT('',(-38.66025403784,-46.96152422706,995.));
#2688 = SURFACE_CURVE('',#2689,(#2693,#2700),.PCURVE_S1.);
#2689 = LINE('',#2690,#2691);
#2690 = CARTESIAN_POINT('',(-38.66025403784,-46.96152422706,995.));
#2691 = VECTOR('',#2692,1.);
#2692 = DIRECTION('',(0.,0.,1.));
#2693 = PCURVE('',#668,#2694);
#2694 = DEFINITIONAL_REPRESENTATION('',(#2695),#2699);
#2695 = LINE('',#2696,#2697);
#2696 = CARTESIAN_POINT('',(995.,27.5));
#2697 = VECTOR('',#2698,1.);
#2698 = DIRECTION('',(1.,0.));
#2699 = ( GEOMETRIC_REPRESENTATION_CONTEXT(2) 
PARAMETRIC_REPRESENTATION_CONTEXT() REPRESENTATION_CONTEXT('2D SPACE',''
  ) );
#2700 = PCURVE('',#2701,#2706);
#2701 = PLANE('',#2702);
#2702 = AXIS2_PLACEMENT_3D('',#2703,#2704,#2705);
#2703 = CARTESIAN_POINT('',(-38.66025403784,-46.96152422706,995.));
#2704 = DIRECTION('',(-0.866025403784,0.5,0.));
#2705 = DIRECTION('',(0.,0.,1.));
#2706 = DEFINITIONAL_REPRESENTATION('',(#2707),#2711);
#2707 = LINE('',#2708,#2709);
#2708 = CARTESIAN_POINT('',(0.,0.));
#2709 = VECTOR('',#2710,1.);
#2710 = DIRECTION('',(1.,0.));
#2711 = ( GEOMETRIC_REPRESENTATION_CONTEXT(2) 
PARAMETRIC_REPRESENTATION_CONTEXT() REPRESENTATION_CONTEXT('2D SPACE',''
  ) );
#2712 = ORIENTED_EDGE('',*,*,#2713,.T.);
#2713 = EDGE_CURVE('',#2686,#2579,#2714,.T.);
#2714 = SURFACE_CURVE('',#2715,(#2719,#2726),.PCURVE_S1.);
#2715 = LINE('',#2716,#2717);
#2716 = CARTESIAN_POINT('',(-38.66025403784,-46.96152422706,995.));
#2717 = VECTOR('',#2718,1.);
#2718 = DIRECTION('',(0.5,0.866025403784,0.));
#2719 = PCURVE('',#668,#2720);
#2720 = DEFINITIONAL_REPRESENTATION('',(#2721),#2725);
#2721 = LINE('',#2722,#2723);
#2722 = CARTESIAN_POINT('',(995.,27.5));
#2723 = VECTOR('',#2724,1.);
#2724 = DIRECTION('',(0.,1.));
#2725 = ( GEOMETRIC_REPRESENTATION_CONTEXT(2) 
PARAMETRIC_REPRESENTATION_CONTEXT() REPRESENTATION_CONTEXT('2D SPACE',''
  ) );
#2726 = PCURVE('',#2701,#2727);
#2727 = DEFINITIONAL_REPRESENTATION('',(#2728),#2732);
#2728 = LINE('',#2729,#2730);
#2729 = CARTESIAN_POINT('',(0.,0.));
#2730 = VECTOR('',#2731,1.);
#2731 = DIRECTION('',(0.,1.));
#2732 = ( GEOMETRIC_REPRESENTATION_CONTEXT(2) 
PARAMETRIC_REPRESENTATION_CONTEXT() REPRESENTATION_CONTEXT('2D SPACE',''
  ) );
#2733 = ADVANCED_FACE('',(#2734),#633,.T.);
#2734 = FACE_BOUND('',#2735,.T.);
#2735 = EDGE_LOOP('',(#2736,#2759,#2760,#2761));
#2736 = ORIENTED_EDGE('',*,*,#2737,.F.);
#2737 = EDGE_CURVE('',#578,#2738,#2740,.T.);
#2738 = VERTEX_POINT('',#2739);
#2739 = CARTESIAN_POINT('',(-35.08974596215,-80.77722283113,
    864.17947692398));
#2740 = SURFACE_CURVE('',#2741,(#2745,#2752),.PCURVE_S1.);
#2741 = LINE('',#2742,#2743);
#2742 = CARTESIAN_POINT('',(-35.08974596215,-80.77722283113,0.));
#2743 = VECTOR('',#2744,1.);
#2744 = DIRECTION('',(0.,0.,1.));
#2745 = PCURVE('',#633,#2746);
#2746 = DEFINITIONAL_REPRESENTATION('',(#2747),#2751);
#2747 = LINE('',#2748,#2749);
#2748 = CARTESIAN_POINT('',(0.,0.));
#2749 = VECTOR('',#2750,1.);
#2750 = DIRECTION('',(1.,0.));
#2751 = ( GEOMETRIC_REPRESENTATION_CONTEXT(2) 
PARAMETRIC_REPRESENTATION_CONTEXT() REPRESENTATION_CONTEXT('2D SPACE',''
  ) );
#2752 = PCURVE('',#600,#2753);
#2753 = DEFINITIONAL_REPRESENTATION('',(#2754),#2758);
#2754 = LINE('',#2755,#2756);
#2755 = CARTESIAN_POINT('',(0.,0.));
#2756 = VECTOR('',#2757,1.);
#2757 = DIRECTION('',(1.,0.));
#2758 = ( GEOMETRIC_REPRESENTATION_CONTEXT(2) 
PARAMETRIC_REPRESENTATION_CONTEXT() REPRESENTATION_CONTEXT('2D SPACE',''
  ) );
#2759 = ORIENTED_EDGE('',*,*,#612,.T.);
#2760 = ORIENTED_EDGE('',*,*,#2628,.T.);
#2761 = ORIENTED_EDGE('',*,*,#2762,.F.);
#2762 = EDGE_CURVE('',#2738,#2629,#2763,.T.);
#2763 = SURFACE_CURVE('',#2764,(#2769,#2776),.PCURVE_S1.);
#2764 = HYPERBOLA('',#2765,423.38709677419,87.5);
#2765 = AXIS2_PLACEMENT_3D('',#2766,#2767,#2768);
#2766 = CARTESIAN_POINT('',(-43.75,-75.77722283113,1.290322580645E+03));
#2767 = DIRECTION('',(0.5,0.866025403784,0.));
#2768 = DIRECTION('',(0.,0.,-1.));
#2769 = PCURVE('',#633,#2770);
#2770 = DEFINITIONAL_REPRESENTATION('',(#2771),#2775);
#2771 = ( BOUNDED_CURVE() B_SPLINE_CURVE(2,(#2772,#2773,#2774),
.UNSPECIFIED.,.F.,.F.) B_SPLINE_CURVE_WITH_KNOTS((3,3),(-0.136716554588,
0.136716554588),.PIECEWISE_BEZIER_KNOTS.) CURVE() 
GEOMETRIC_REPRESENTATION_ITEM() RATIONAL_B_SPLINE_CURVE((1.,
1.009360274265,1.)) REPRESENTATION_ITEM('') );
#2772 = CARTESIAN_POINT('',(862.97246452469,2.));
#2773 = CARTESIAN_POINT('',(870.8617522682,-10.));
#2774 = CARTESIAN_POINT('',(862.97246452469,-22.));
#2775 = ( GEOMETRIC_REPRESENTATION_CONTEXT(2) 
PARAMETRIC_REPRESENTATION_CONTEXT() REPRESENTATION_CONTEXT('2D SPACE',''
  ) );
#2776 = PCURVE('',#2668,#2777);
#2777 = DEFINITIONAL_REPRESENTATION('',(#2778),#2786);
#2778 = B_SPLINE_CURVE_WITH_KNOTS('',6,(#2779,#2780,#2781,#2782,#2783,
    #2784,#2785),.UNSPECIFIED.,.F.,.F.,(7,7),(-0.136716554588,
    0.136716554588),.PIECEWISE_BEZIER_KNOTS.);
#2779 = CARTESIAN_POINT('',(-4.325082834482,-162.9724645246));
#2780 = CARTESIAN_POINT('',(-4.279933262001,-165.6185913876));
#2781 = CARTESIAN_POINT('',(-4.234448221177,-167.1996810613));
#2782 = CARTESIAN_POINT('',(-4.188790204786,-167.7256255101));
#2783 = CARTESIAN_POINT('',(-4.143132188396,-167.1996810613));
#2784 = CARTESIAN_POINT('',(-4.097647147572,-165.6185913876));
#2785 = CARTESIAN_POINT('',(-4.052497575091,-162.9724645246));
#2786 = ( GEOMETRIC_REPRESENTATION_CONTEXT(2) 
PARAMETRIC_REPRESENTATION_CONTEXT() REPRESENTATION_CONTEXT('2D SPACE',''
  ) );
#2787 = ADVANCED_FACE('',(#2788),#600,.T.);
#2788 = FACE_BOUND('',#2789,.T.);
#2789 = EDGE_LOOP('',(#2790,#2811,#2812,#2813,#2842,#2870));
#2790 = ORIENTED_EDGE('',*,*,#2791,.F.);
#2791 = EDGE_CURVE('',#549,#2792,#2794,.T.);
#2792 = VERTEX_POINT('',#2793);
#2793 = CARTESIAN_POINT('',(-5.481881585887,-29.49489742783,995.));
#2794 = SURFACE_CURVE('',#2795,(#2799,#2805),.PCURVE_S1.);
#2795 = LINE('',#2796,#2797);
#2796 = CARTESIAN_POINT('',(-5.481881585887,-29.49489742783,0.));
#2797 = VECTOR('',#2798,1.);
#2798 = DIRECTION('',(0.,0.,1.));
#2799 = PCURVE('',#600,#2800);
#2800 = DEFINITIONAL_REPRESENTATION('',(#2801),#2804);
#2801 = B_SPLINE_CURVE_WITH_KNOTS('',1,(#2802,#2803),.UNSPECIFIED.,.F.,
  .F.,(2,2),(-6.E-07,1.099226087487E+03),.PIECEWISE_BEZIER_KNOTS.);
#2802 = CARTESIAN_POINT('',(-6.E-07,59.215728752538));
#2803 = CARTESIAN_POINT('',(1.099226087487E+03,59.215728752538));
#2804 = ( GEOMETRIC_REPRESENTATION_CONTEXT(2) 
PARAMETRIC_REPRESENTATION_CONTEXT() REPRESENTATION_CONTEXT('2D SPACE',''
  ) );
#2805 = PCURVE('',#565,#2806);
#2806 = DEFINITIONAL_REPRESENTATION('',(#2807),#2810);
#2807 = B_SPLINE_CURVE_WITH_KNOTS('',1,(#2808,#2809),.UNSPECIFIED.,.F.,
  .F.,(2,2),(-6.E-07,1.099226087487E+03),.PIECEWISE_BEZIER_KNOTS.);
#2808 = CARTESIAN_POINT('',(4.528627114241,-6.E-07));
#2809 = CARTESIAN_POINT('',(4.528627114241,1.099226087487E+03));
#2810 = ( GEOMETRIC_REPRESENTATION_CONTEXT(2) 
PARAMETRIC_REPRESENTATION_CONTEXT() REPRESENTATION_CONTEXT('2D SPACE',''
  ) );
#2811 = ORIENTED_EDGE('',*,*,#577,.T.);
#2812 = ORIENTED_EDGE('',*,*,#2737,.T.);
#2813 = ORIENTED_EDGE('',*,*,#2814,.F.);
#2814 = EDGE_CURVE('',#2815,#2738,#2817,.T.);
#2815 = VERTEX_POINT('',#2816);
#2816 = CARTESIAN_POINT('',(-21.33974596215,-56.96152422706,
    995.99536143719));
#2817 = SURFACE_CURVE('',#2818,(#2823,#2830),.PCURVE_S1.);
#2818 = HYPERBOLA('',#2819,48.387096774194,10.);
#2819 = AXIS2_PLACEMENT_3D('',#2820,#2821,#2822);
#2820 = CARTESIAN_POINT('',(8.660254037844,-5.,1.290322580645E+03));
#2821 = DIRECTION('',(-0.866025403784,0.5,0.));
#2822 = DIRECTION('',(-0.,0.,-1.));
#2823 = PCURVE('',#600,#2824);
#2824 = DEFINITIONAL_REPRESENTATION('',(#2825),#2829);
#2825 = ( BOUNDED_CURVE() B_SPLINE_CURVE(2,(#2826,#2827,#2828),
.UNSPECIFIED.,.F.,.F.) B_SPLINE_CURVE_WITH_KNOTS((3,3),(2.477888730288,
2.930536628106),.PIECEWISE_BEZIER_KNOTS.) CURVE() 
GEOMETRIC_REPRESENTATION_ITEM() RATIONAL_B_SPLINE_CURVE((1.,
1.025720774571,1.)) REPRESENTATION_ITEM('') );
#2826 = CARTESIAN_POINT('',(1.E+03,28.339202169004));
#2827 = CARTESIAN_POINT('',(936.29606666079,14.986968893471));
#2828 = CARTESIAN_POINT('',(835.70037037067,-5.921572875254));
#2829 = ( GEOMETRIC_REPRESENTATION_CONTEXT(2) 
PARAMETRIC_REPRESENTATION_CONTEXT() REPRESENTATION_CONTEXT('2D SPACE',''
  ) );
#2830 = PCURVE('',#2668,#2831);
#2831 = DEFINITIONAL_REPRESENTATION('',(#2832),#2841);
#2832 = B_SPLINE_CURVE_WITH_KNOTS('',7,(#2833,#2834,#2835,#2836,#2837,
    #2838,#2839,#2840),.UNSPECIFIED.,.F.,.F.,(8,8),(2.477888730288,
    2.930536628106),.PIECEWISE_BEZIER_KNOTS.);
#2833 = CARTESIAN_POINT('',(-4.356238284006,-300.));
#2834 = CARTESIAN_POINT('',(-4.345460953106,-281.4891630612));
#2835 = CARTESIAN_POINT('',(-4.33548530633,-261.5620349984));
#2836 = CARTESIAN_POINT('',(-4.326241826688,-240.0921926983));
#2837 = CARTESIAN_POINT('',(-4.31766784413,-216.9387047906));
#2838 = CARTESIAN_POINT('',(-4.309706941788,-191.943969369));
#2839 = CARTESIAN_POINT('',(-4.302308248553,-164.9310698449));
#2840 = CARTESIAN_POINT('',(-4.295425825194,-135.7003703706));
#2841 = ( GEOMETRIC_REPRESENTATION_CONTEXT(2) 
PARAMETRIC_REPRESENTATION_CONTEXT() REPRESENTATION_CONTEXT('2D SPACE',''
  ) );
#2842 = ORIENTED_EDGE('',*,*,#2843,.F.);
#2843 = EDGE_CURVE('',#2844,#2815,#2846,.T.);
#2844 = VERTEX_POINT('',#2845);
#2845 = CARTESIAN_POINT('',(-21.33974596215,-56.96152422706,995.));
#2846 = SURFACE_CURVE('',#2847,(#2851,#2858),.PCURVE_S1.);
#2847 = LINE('',#2848,#2849);
#2848 = CARTESIAN_POINT('',(-21.33974596215,-56.96152422706,995.));
#2849 = VECTOR('',#2850,1.);
#2850 = DIRECTION('',(0.,0.,1.));
#2851 = PCURVE('',#600,#2852);
#2852 = DEFINITIONAL_REPRESENTATION('',(#2853),#2857);
#2853 = LINE('',#2854,#2855);
#2854 = CARTESIAN_POINT('',(995.,27.5));
#2855 = VECTOR('',#2856,1.);
#2856 = DIRECTION('',(1.,0.));
#2857 = ( GEOMETRIC_REPRESENTATION_CONTEXT(2) 
PARAMETRIC_REPRESENTATION_CONTEXT() REPRESENTATION_CONTEXT('2D SPACE',''
  ) );
#2858 = PCURVE('',#2859,#2864);
#2859 = PLANE('',#2860);
#2860 = AXIS2_PLACEMENT_3D('',#2861,#2862,#2863);
#2861 = CARTESIAN_POINT('',(-21.33974596215,-56.96152422706,995.));
#2862 = DIRECTION('',(-0.866025403784,0.5,0.));
#2863 = DIRECTION('',(0.,0.,1.));
#2864 = DEFINITIONAL_REPRESENTATION('',(#2865),#2869);
#2865 = LINE('',#2866,#2867);
#2866 = CARTESIAN_POINT('',(0.,0.));
#2867 = VECTOR('',#2868,1.);
#2868 = DIRECTION('',(1.,0.));
#2869 = ( GEOMETRIC_REPRESENTATION_CONTEXT(2) 
PARAMETRIC_REPRESENTATION_CONTEXT() REPRESENTATION_CONTEXT('2D SPACE',''
  ) );
#2870 = ORIENTED_EDGE('',*,*,#2871,.T.);
#2871 = EDGE_CURVE('',#2844,#2792,#2872,.T.);
#2872 = SURFACE_CURVE('',#2873,(#2877,#2884),.PCURVE_S1.);
#2873 = LINE('',#2874,#2875);
#2874 = CARTESIAN_POINT('',(-21.33974596215,-56.96152422706,995.));
#2875 = VECTOR('',#2876,1.);
#2876 = DIRECTION('',(0.5,0.866025403784,0.));
#2877 = PCURVE('',#600,#2878);
#2878 = DEFINITIONAL_REPRESENTATION('',(#2879),#2883);
#2879 = LINE('',#2880,#2881);
#2880 = CARTESIAN_POINT('',(995.,27.5));
#2881 = VECTOR('',#2882,1.);
#2882 = DIRECTION('',(0.,1.));
#2883 = ( GEOMETRIC_REPRESENTATION_CONTEXT(2) 
PARAMETRIC_REPRESENTATION_CONTEXT() REPRESENTATION_CONTEXT('2D SPACE',''
  ) );
#2884 = PCURVE('',#2859,#2885);
#2885 = DEFINITIONAL_REPRESENTATION('',(#2886),#2890);
#2886 = LINE('',#2887,#2888);
#2887 = CARTESIAN_POINT('',(0.,0.));
#2888 = VECTOR('',#2889,1.);
#2889 = DIRECTION('',(0.,1.));
#2890 = ( GEOMETRIC_REPRESENTATION_CONTEXT(2) 
PARAMETRIC_REPRESENTATION_CONTEXT() REPRESENTATION_CONTEXT('2D SPACE',''
  ) );
#2891 = ADVANCED_FACE('',(#2892),#565,.F.);
#2892 = FACE_BOUND('',#2893,.F.);
#2893 = EDGE_LOOP('',(#2894,#2915,#2937,#2938));
#2894 = ORIENTED_EDGE('',*,*,#2895,.T.);
#2895 = EDGE_CURVE('',#514,#2896,#2898,.T.);
#2896 = VERTEX_POINT('',#2897);
#2897 = CARTESIAN_POINT('',(5.481881585887,-29.49489742783,995.));
#2898 = SURFACE_CURVE('',#2899,(#2903,#2909),.PCURVE_S1.);
#2899 = LINE('',#2900,#2901);
#2900 = CARTESIAN_POINT('',(5.481881585887,-29.49489742783,0.));
#2901 = VECTOR('',#2902,1.);
#2902 = DIRECTION('',(0.,0.,1.));
#2903 = PCURVE('',#565,#2904);
#2904 = DEFINITIONAL_REPRESENTATION('',(#2905),#2908);
#2905 = B_SPLINE_CURVE_WITH_KNOTS('',1,(#2906,#2907),.UNSPECIFIED.,.F.,
  .F.,(2,2),(-6.E-07,1.099226087487E+03),.PIECEWISE_BEZIER_KNOTS.);
#2906 = CARTESIAN_POINT('',(4.896150846529,-6.E-07));
#2907 = CARTESIAN_POINT('',(4.896150846529,1.099226087487E+03));
#2908 = ( GEOMETRIC_REPRESENTATION_CONTEXT(2) 
PARAMETRIC_REPRESENTATION_CONTEXT() REPRESENTATION_CONTEXT('2D SPACE',''
  ) );
#2909 = PCURVE('',#536,#2910);
#2910 = DEFINITIONAL_REPRESENTATION('',(#2911),#2914);
#2911 = B_SPLINE_CURVE_WITH_KNOTS('',1,(#2912,#2913),.UNSPECIFIED.,.F.,
  .F.,(2,2),(-6.E-07,1.099226087487E+03),.PIECEWISE_BEZIER_KNOTS.);
#2912 = CARTESIAN_POINT('',(-6.E-07,115.78427124746));
#2913 = CARTESIAN_POINT('',(1.099226087487E+03,115.78427124746));
#2914 = ( GEOMETRIC_REPRESENTATION_CONTEXT(2) 
PARAMETRIC_REPRESENTATION_CONTEXT() REPRESENTATION_CONTEXT('2D SPACE',''
  ) );
#2915 = ORIENTED_EDGE('',*,*,#2916,.F.);
#2916 = EDGE_CURVE('',#2792,#2896,#2917,.T.);
#2917 = SURFACE_CURVE('',#2918,(#2923,#2930),.PCURVE_S1.);
#2918 = CIRCLE('',#2919,30.);
#2919 = AXIS2_PLACEMENT_3D('',#2920,#2921,#2922);
#2920 = CARTESIAN_POINT('',(0.,0.,995.));
#2921 = DIRECTION('',(0.,0.,1.));
#2922 = DIRECTION('',(1.,0.,-0.));
#2923 = PCURVE('',#565,#2924);
#2924 = DEFINITIONAL_REPRESENTATION('',(#2925),#2929);
#2925 = LINE('',#2926,#2927);
#2926 = CARTESIAN_POINT('',(0.,995.));
#2927 = VECTOR('',#2928,1.);
#2928 = DIRECTION('',(1.,0.));
#2929 = ( GEOMETRIC_REPRESENTATION_CONTEXT(2) 
PARAMETRIC_REPRESENTATION_CONTEXT() REPRESENTATION_CONTEXT('2D SPACE',''
  ) );
#2930 = PCURVE('',#1510,#2931);
#2931 = DEFINITIONAL_REPRESENTATION('',(#2932),#2936);
#2932 = LINE('',#2933,#2934);
#2933 = CARTESIAN_POINT('',(0.,0.));
#2934 = VECTOR('',#2935,1.);
#2935 = DIRECTION('',(1.,0.));
#2936 = ( GEOMETRIC_REPRESENTATION_CONTEXT(2) 
PARAMETRIC_REPRESENTATION_CONTEXT() REPRESENTATION_CONTEXT('2D SPACE',''
  ) );
#2937 = ORIENTED_EDGE('',*,*,#2791,.F.);
#2938 = ORIENTED_EDGE('',*,*,#548,.T.);
#2939 = ADVANCED_FACE('',(#2940),#536,.T.);
#2940 = FACE_BOUND('',#2941,.T.);
#2941 = EDGE_LOOP('',(#2942,#2965,#2966,#2967,#2995,#3018));
#2942 = ORIENTED_EDGE('',*,*,#2943,.F.);
#2943 = EDGE_CURVE('',#481,#2944,#2946,.T.);
#2944 = VERTEX_POINT('',#2945);
#2945 = CARTESIAN_POINT('',(35.089745962156,-80.77722283113,
    864.17947692398));
#2946 = SURFACE_CURVE('',#2947,(#2951,#2958),.PCURVE_S1.);
#2947 = LINE('',#2948,#2949);
#2948 = CARTESIAN_POINT('',(35.089745962156,-80.77722283113,0.));
#2949 = VECTOR('',#2950,1.);
#2950 = DIRECTION('',(0.,0.,1.));
#2951 = PCURVE('',#536,#2952);
#2952 = DEFINITIONAL_REPRESENTATION('',(#2953),#2957);
#2953 = LINE('',#2954,#2955);
#2954 = CARTESIAN_POINT('',(0.,175.));
#2955 = VECTOR('',#2956,1.);
#2956 = DIRECTION('',(1.,0.));
#2957 = ( GEOMETRIC_REPRESENTATION_CONTEXT(2) 
PARAMETRIC_REPRESENTATION_CONTEXT() REPRESENTATION_CONTEXT('2D SPACE',''
  ) );
#2958 = PCURVE('',#501,#2959);
#2959 = DEFINITIONAL_REPRESENTATION('',(#2960),#2964);
#2960 = LINE('',#2961,#2962);
#2961 = CARTESIAN_POINT('',(0.,0.));
#2962 = VECTOR('',#2963,1.);
#2963 = DIRECTION('',(1.,0.));
#2964 = ( GEOMETRIC_REPRESENTATION_CONTEXT(2) 
PARAMETRIC_REPRESENTATION_CONTEXT() REPRESENTATION_CONTEXT('2D SPACE',''
  ) );
#2965 = ORIENTED_EDGE('',*,*,#513,.T.);
#2966 = ORIENTED_EDGE('',*,*,#2895,.T.);
#2967 = ORIENTED_EDGE('',*,*,#2968,.T.);
#2968 = EDGE_CURVE('',#2896,#2969,#2971,.T.);
#2969 = VERTEX_POINT('',#2970);
#2970 = CARTESIAN_POINT('',(21.339745962156,-56.96152422706,995.));
#2971 = SURFACE_CURVE('',#2972,(#2976,#2983),.PCURVE_S1.);
#2972 = LINE('',#2973,#2974);
#2973 = CARTESIAN_POINT('',(-38.66025403784,46.961524227066,995.));
#2974 = VECTOR('',#2975,1.);
#2975 = DIRECTION('',(0.5,-0.866025403784,0.));
#2976 = PCURVE('',#536,#2977);
#2977 = DEFINITIONAL_REPRESENTATION('',(#2978),#2982);
#2978 = LINE('',#2979,#2980);
#2979 = CARTESIAN_POINT('',(995.,27.5));
#2980 = VECTOR('',#2981,1.);
#2981 = DIRECTION('',(0.,1.));
#2982 = ( GEOMETRIC_REPRESENTATION_CONTEXT(2) 
PARAMETRIC_REPRESENTATION_CONTEXT() REPRESENTATION_CONTEXT('2D SPACE',''
  ) );
#2983 = PCURVE('',#2984,#2989);
#2984 = PLANE('',#2985);
#2985 = AXIS2_PLACEMENT_3D('',#2986,#2987,#2988);
#2986 = CARTESIAN_POINT('',(-38.66025403784,46.961524227066,995.));
#2987 = DIRECTION('',(0.866025403784,0.5,0.));
#2988 = DIRECTION('',(0.,0.,1.));
#2989 = DEFINITIONAL_REPRESENTATION('',(#2990),#2994);
#2990 = LINE('',#2991,#2992);
#2991 = CARTESIAN_POINT('',(0.,0.));
#2992 = VECTOR('',#2993,1.);
#2993 = DIRECTION('',(0.,1.));
#2994 = ( GEOMETRIC_REPRESENTATION_CONTEXT(2) 
PARAMETRIC_REPRESENTATION_CONTEXT() REPRESENTATION_CONTEXT('2D SPACE',''
  ) );
#2995 = ORIENTED_EDGE('',*,*,#2996,.T.);
#2996 = EDGE_CURVE('',#2969,#2997,#2999,.T.);
#2997 = VERTEX_POINT('',#2998);
#2998 = CARTESIAN_POINT('',(21.339745962155,-56.96152422706,
    995.99536143719));
#2999 = SURFACE_CURVE('',#3000,(#3004,#3011),.PCURVE_S1.);
#3000 = LINE('',#3001,#3002);
#3001 = CARTESIAN_POINT('',(21.339745962156,-56.96152422706,995.));
#3002 = VECTOR('',#3003,1.);
#3003 = DIRECTION('',(0.,0.,1.));
#3004 = PCURVE('',#536,#3005);
#3005 = DEFINITIONAL_REPRESENTATION('',(#3006),#3010);
#3006 = LINE('',#3007,#3008);
#3007 = CARTESIAN_POINT('',(995.,147.5));
#3008 = VECTOR('',#3009,1.);
#3009 = DIRECTION('',(1.,0.));
#3010 = ( GEOMETRIC_REPRESENTATION_CONTEXT(2) 
PARAMETRIC_REPRESENTATION_CONTEXT() REPRESENTATION_CONTEXT('2D SPACE',''
  ) );
#3011 = PCURVE('',#2984,#3012);
#3012 = DEFINITIONAL_REPRESENTATION('',(#3013),#3017);
#3013 = LINE('',#3014,#3015);
#3014 = CARTESIAN_POINT('',(0.,120.));
#3015 = VECTOR('',#3016,1.);
#3016 = DIRECTION('',(1.,0.));
#3017 = ( GEOMETRIC_REPRESENTATION_CONTEXT(2) 
PARAMETRIC_REPRESENTATION_CONTEXT() REPRESENTATION_CONTEXT('2D SPACE',''
  ) );
#3018 = ORIENTED_EDGE('',*,*,#3019,.F.);
#3019 = EDGE_CURVE('',#2944,#2997,#3020,.T.);
#3020 = SURFACE_CURVE('',#3021,(#3026,#3033),.PCURVE_S1.);
#3021 = HYPERBOLA('',#3022,48.387096774194,10.);
#3022 = AXIS2_PLACEMENT_3D('',#3023,#3024,#3025);
#3023 = CARTESIAN_POINT('',(-8.660254037844,-5.,1.290322580645E+03));
#3024 = DIRECTION('',(0.866025403784,0.5,0.));
#3025 = DIRECTION('',(0.,0.,-1.));
#3026 = PCURVE('',#536,#3027);
#3027 = DEFINITIONAL_REPRESENTATION('',(#3028),#3032);
#3028 = ( BOUNDED_CURVE() B_SPLINE_CURVE(2,(#3029,#3030,#3031),
.UNSPECIFIED.,.F.,.F.) B_SPLINE_CURVE_WITH_KNOTS((3,3),(-2.930536628106,
-2.477888730288),.PIECEWISE_BEZIER_KNOTS.) CURVE() 
GEOMETRIC_REPRESENTATION_ITEM() RATIONAL_B_SPLINE_CURVE((1.,
1.025720774571,1.)) REPRESENTATION_ITEM('') );
#3029 = CARTESIAN_POINT('',(835.70037037067,180.92157287525));
#3030 = CARTESIAN_POINT('',(936.29606666079,160.01303110652));
#3031 = CARTESIAN_POINT('',(1.E+03,146.66079783099));
#3032 = ( GEOMETRIC_REPRESENTATION_CONTEXT(2) 
PARAMETRIC_REPRESENTATION_CONTEXT() REPRESENTATION_CONTEXT('2D SPACE',''
  ) );
#3033 = PCURVE('',#3034,#3039);
#3034 = CONICAL_SURFACE('',#3035,122.,0.203797521042);
#3035 = AXIS2_PLACEMENT_3D('',#3036,#3037,#3038);
#3036 = CARTESIAN_POINT('',(0.,0.,700.));
#3037 = DIRECTION('',(-0.,-0.,-1.));
#3038 = DIRECTION('',(1.,0.,-0.));
#3039 = DEFINITIONAL_REPRESENTATION('',(#3040),#3049);
#3040 = B_SPLINE_CURVE_WITH_KNOTS('',7,(#3041,#3042,#3043,#3044,#3045,
    #3046,#3047,#3048),.UNSPECIFIED.,.F.,.F.,(8,8),(-2.930536628106,
    -2.477888730288),.PIECEWISE_BEZIER_KNOTS.);
#3041 = CARTESIAN_POINT('',(-5.129352135575,-135.7003703706));
#3042 = CARTESIAN_POINT('',(-5.122469712216,-164.9310698449));
#3043 = CARTESIAN_POINT('',(-5.11507101898,-191.943969369));
#3044 = CARTESIAN_POINT('',(-5.107110116641,-216.9387047906));
#3045 = CARTESIAN_POINT('',(-5.09853613408,-240.0921926984));
#3046 = CARTESIAN_POINT('',(-5.08929265444,-261.5620349984));
#3047 = CARTESIAN_POINT('',(-5.079317007664,-281.4891630612));
#3048 = CARTESIAN_POINT('',(-5.068539676763,-300.));
#3049 = ( GEOMETRIC_REPRESENTATION_CONTEXT(2) 
PARAMETRIC_REPRESENTATION_CONTEXT() REPRESENTATION_CONTEXT('2D SPACE',''
  ) );
#3050 = ADVANCED_FACE('',(#3051),#501,.F.);
#3051 = FACE_BOUND('',#3052,.F.);
#3052 = EDGE_LOOP('',(#3053,#3054,#3055,#3078));
#3053 = ORIENTED_EDGE('',*,*,#2943,.F.);
#3054 = ORIENTED_EDGE('',*,*,#480,.T.);
#3055 = ORIENTED_EDGE('',*,*,#3056,.T.);
#3056 = EDGE_CURVE('',#446,#3057,#3059,.T.);
#3057 = VERTEX_POINT('',#3058);
#3058 = CARTESIAN_POINT('',(52.410254037844,-70.77722283113,
    864.17947692398));
#3059 = SURFACE_CURVE('',#3060,(#3064,#3071),.PCURVE_S1.);
#3060 = LINE('',#3061,#3062);
#3061 = CARTESIAN_POINT('',(52.410254037844,-70.77722283113,0.));
#3062 = VECTOR('',#3063,1.);
#3063 = DIRECTION('',(0.,0.,1.));
#3064 = PCURVE('',#501,#3065);
#3065 = DEFINITIONAL_REPRESENTATION('',(#3066),#3070);
#3066 = LINE('',#3067,#3068);
#3067 = CARTESIAN_POINT('',(0.,-20.));
#3068 = VECTOR('',#3069,1.);
#3069 = DIRECTION('',(1.,0.));
#3070 = ( GEOMETRIC_REPRESENTATION_CONTEXT(2) 
PARAMETRIC_REPRESENTATION_CONTEXT() REPRESENTATION_CONTEXT('2D SPACE',''
  ) );
#3071 = PCURVE('',#468,#3072);
#3072 = DEFINITIONAL_REPRESENTATION('',(#3073),#3077);
#3073 = LINE('',#3074,#3075);
#3074 = CARTESIAN_POINT('',(0.,175.));
#3075 = VECTOR('',#3076,1.);
#3076 = DIRECTION('',(1.,0.));
#3077 = ( GEOMETRIC_REPRESENTATION_CONTEXT(2) 
PARAMETRIC_REPRESENTATION_CONTEXT() REPRESENTATION_CONTEXT('2D SPACE',''
  ) );
#3078 = ORIENTED_EDGE('',*,*,#3079,.F.);
#3079 = EDGE_CURVE('',#2944,#3057,#3080,.T.);
#3080 = SURFACE_CURVE('',#3081,(#3086,#3093),.PCURVE_S1.);
#3081 = HYPERBOLA('',#3082,423.38709677419,87.5);
#3082 = AXIS2_PLACEMENT_3D('',#3083,#3084,#3085);
#3083 = CARTESIAN_POINT('',(43.75,-75.77722283113,1.290322580645E+03));
#3084 = DIRECTION('',(0.5,-0.866025403784,0.));
#3085 = DIRECTION('',(0.,-0.,-1.));
#3086 = PCURVE('',#501,#3087);
#3087 = DEFINITIONAL_REPRESENTATION('',(#3088),#3092);
#3088 = ( BOUNDED_CURVE() B_SPLINE_CURVE(2,(#3089,#3090,#3091),
.UNSPECIFIED.,.F.,.F.) B_SPLINE_CURVE_WITH_KNOTS((3,3),(-0.136716554588,
0.136716554588),.PIECEWISE_BEZIER_KNOTS.) CURVE() 
GEOMETRIC_REPRESENTATION_ITEM() RATIONAL_B_SPLINE_CURVE((1.,
1.009360274265,1.)) REPRESENTATION_ITEM('') );
#3089 = CARTESIAN_POINT('',(862.97246452469,2.));
#3090 = CARTESIAN_POINT('',(870.8617522682,-10.));
#3091 = CARTESIAN_POINT('',(862.97246452469,-22.));
#3092 = ( GEOMETRIC_REPRESENTATION_CONTEXT(2) 
PARAMETRIC_REPRESENTATION_CONTEXT() REPRESENTATION_CONTEXT('2D SPACE',''
  ) );
#3093 = PCURVE('',#3034,#3094);
#3094 = DEFINITIONAL_REPRESENTATION('',(#3095),#3103);
#3095 = B_SPLINE_CURVE_WITH_KNOTS('',6,(#3096,#3097,#3098,#3099,#3100,
    #3101,#3102),.UNSPECIFIED.,.F.,.F.,(7,7),(-0.136716554588,
    0.136716554588),.PIECEWISE_BEZIER_KNOTS.);
#3096 = CARTESIAN_POINT('',(-5.099695126287,-162.9724645246));
#3097 = CARTESIAN_POINT('',(-5.144844698769,-165.6185913876));
#3098 = CARTESIAN_POINT('',(-5.190329739592,-167.1996810613));
#3099 = CARTESIAN_POINT('',(-5.235987755983,-167.7256255101));
#3100 = CARTESIAN_POINT('',(-5.281645772374,-167.1996810613));
#3101 = CARTESIAN_POINT('',(-5.327130813197,-165.6185913876));
#3102 = CARTESIAN_POINT('',(-5.372280385679,-162.9724645246));
#3103 = ( GEOMETRIC_REPRESENTATION_CONTEXT(2) 
PARAMETRIC_REPRESENTATION_CONTEXT() REPRESENTATION_CONTEXT('2D SPACE',''
  ) );
#3104 = ADVANCED_FACE('',(#3105),#468,.F.);
#3105 = FACE_BOUND('',#3106,.F.);
#3106 = EDGE_LOOP('',(#3107,#3108,#3109,#3130,#3158,#3181));
#3107 = ORIENTED_EDGE('',*,*,#3056,.F.);
#3108 = ORIENTED_EDGE('',*,*,#445,.T.);
#3109 = ORIENTED_EDGE('',*,*,#3110,.T.);
#3110 = EDGE_CURVE('',#417,#3111,#3113,.T.);
#3111 = VERTEX_POINT('',#3112);
#3112 = CARTESIAN_POINT('',(22.802389661575,-19.49489742783,995.));
#3113 = SURFACE_CURVE('',#3114,(#3118,#3124),.PCURVE_S1.);
#3114 = LINE('',#3115,#3116);
#3115 = CARTESIAN_POINT('',(22.802389661575,-19.49489742783,0.));
#3116 = VECTOR('',#3117,1.);
#3117 = DIRECTION('',(0.,0.,1.));
#3118 = PCURVE('',#468,#3119);
#3119 = DEFINITIONAL_REPRESENTATION('',(#3120),#3123);
#3120 = B_SPLINE_CURVE_WITH_KNOTS('',1,(#3121,#3122),.UNSPECIFIED.,.F.,
  .F.,(2,2),(-6.E-07,1.099226087487E+03),.PIECEWISE_BEZIER_KNOTS.);
#3121 = CARTESIAN_POINT('',(-6.E-07,115.78427124746));
#3122 = CARTESIAN_POINT('',(1.099226087487E+03,115.78427124746));
#3123 = ( GEOMETRIC_REPRESENTATION_CONTEXT(2) 
PARAMETRIC_REPRESENTATION_CONTEXT() REPRESENTATION_CONTEXT('2D SPACE',''
  ) );
#3124 = PCURVE('',#433,#3125);
#3125 = DEFINITIONAL_REPRESENTATION('',(#3126),#3129);
#3126 = B_SPLINE_CURVE_WITH_KNOTS('',1,(#3127,#3128),.UNSPECIFIED.,.F.,
  .F.,(2,2),(-6.E-07,1.099226087487E+03),.PIECEWISE_BEZIER_KNOTS.);
#3127 = CARTESIAN_POINT('',(5.575824665437,-6.E-07));
#3128 = CARTESIAN_POINT('',(5.575824665437,1.099226087487E+03));
#3129 = ( GEOMETRIC_REPRESENTATION_CONTEXT(2) 
PARAMETRIC_REPRESENTATION_CONTEXT() REPRESENTATION_CONTEXT('2D SPACE',''
  ) );
#3130 = ORIENTED_EDGE('',*,*,#3131,.T.);
#3131 = EDGE_CURVE('',#3111,#3132,#3134,.T.);
#3132 = VERTEX_POINT('',#3133);
#3133 = CARTESIAN_POINT('',(38.660254037844,-46.96152422706,995.));
#3134 = SURFACE_CURVE('',#3135,(#3139,#3146),.PCURVE_S1.);
#3135 = LINE('',#3136,#3137);
#3136 = CARTESIAN_POINT('',(-21.33974596215,56.961524227066,995.));
#3137 = VECTOR('',#3138,1.);
#3138 = DIRECTION('',(0.5,-0.866025403784,0.));
#3139 = PCURVE('',#468,#3140);
#3140 = DEFINITIONAL_REPRESENTATION('',(#3141),#3145);
#3141 = LINE('',#3142,#3143);
#3142 = CARTESIAN_POINT('',(995.,27.5));
#3143 = VECTOR('',#3144,1.);
#3144 = DIRECTION('',(0.,1.));
#3145 = ( GEOMETRIC_REPRESENTATION_CONTEXT(2) 
PARAMETRIC_REPRESENTATION_CONTEXT() REPRESENTATION_CONTEXT('2D SPACE',''
  ) );
#3146 = PCURVE('',#3147,#3152);
#3147 = PLANE('',#3148);
#3148 = AXIS2_PLACEMENT_3D('',#3149,#3150,#3151);
#3149 = CARTESIAN_POINT('',(-21.33974596215,56.961524227066,995.));
#3150 = DIRECTION('',(0.866025403784,0.5,0.));
#3151 = DIRECTION('',(0.,0.,1.));
#3152 = DEFINITIONAL_REPRESENTATION('',(#3153),#3157);
#3153 = LINE('',#3154,#3155);
#3154 = CARTESIAN_POINT('',(0.,0.));
#3155 = VECTOR('',#3156,1.);
#3156 = DIRECTION('',(0.,1.));
#3157 = ( GEOMETRIC_REPRESENTATION_CONTEXT(2) 
PARAMETRIC_REPRESENTATION_CONTEXT() REPRESENTATION_CONTEXT('2D SPACE',''
  ) );
#3158 = ORIENTED_EDGE('',*,*,#3159,.T.);
#3159 = EDGE_CURVE('',#3132,#3160,#3162,.T.);
#3160 = VERTEX_POINT('',#3161);
#3161 = CARTESIAN_POINT('',(38.660254037844,-46.96152422706,
    995.99536143719));
#3162 = SURFACE_CURVE('',#3163,(#3167,#3174),.PCURVE_S1.);
#3163 = LINE('',#3164,#3165);
#3164 = CARTESIAN_POINT('',(38.660254037844,-46.96152422706,995.));
#3165 = VECTOR('',#3166,1.);
#3166 = DIRECTION('',(0.,0.,1.));
#3167 = PCURVE('',#468,#3168);
#3168 = DEFINITIONAL_REPRESENTATION('',(#3169),#3173);
#3169 = LINE('',#3170,#3171);
#3170 = CARTESIAN_POINT('',(995.,147.5));
#3171 = VECTOR('',#3172,1.);
#3172 = DIRECTION('',(1.,0.));
#3173 = ( GEOMETRIC_REPRESENTATION_CONTEXT(2) 
PARAMETRIC_REPRESENTATION_CONTEXT() REPRESENTATION_CONTEXT('2D SPACE',''
  ) );
#3174 = PCURVE('',#3147,#3175);
#3175 = DEFINITIONAL_REPRESENTATION('',(#3176),#3180);
#3176 = LINE('',#3177,#3178);
#3177 = CARTESIAN_POINT('',(0.,120.));
#3178 = VECTOR('',#3179,1.);
#3179 = DIRECTION('',(1.,0.));
#3180 = ( GEOMETRIC_REPRESENTATION_CONTEXT(2) 
PARAMETRIC_REPRESENTATION_CONTEXT() REPRESENTATION_CONTEXT('2D SPACE',''
  ) );
#3181 = ORIENTED_EDGE('',*,*,#3182,.F.);
#3182 = EDGE_CURVE('',#3057,#3160,#3183,.T.);
#3183 = SURFACE_CURVE('',#3184,(#3189,#3196),.PCURVE_S1.);
#3184 = HYPERBOLA('',#3185,48.387096774194,10.);
#3185 = AXIS2_PLACEMENT_3D('',#3186,#3187,#3188);
#3186 = CARTESIAN_POINT('',(8.660254037844,5.,1.290322580645E+03));
#3187 = DIRECTION('',(0.866025403784,0.5,0.));
#3188 = DIRECTION('',(0.,0.,-1.));
#3189 = PCURVE('',#468,#3190);
#3190 = DEFINITIONAL_REPRESENTATION('',(#3191),#3195);
#3191 = ( BOUNDED_CURVE() B_SPLINE_CURVE(2,(#3192,#3193,#3194),
.UNSPECIFIED.,.F.,.F.) B_SPLINE_CURVE_WITH_KNOTS((3,3),(-2.930536628106,
-2.477888730288),.PIECEWISE_BEZIER_KNOTS.) CURVE() 
GEOMETRIC_REPRESENTATION_ITEM() RATIONAL_B_SPLINE_CURVE((1.,
1.025720774571,1.)) REPRESENTATION_ITEM('') );
#3192 = CARTESIAN_POINT('',(835.70037037067,180.92157287525));
#3193 = CARTESIAN_POINT('',(936.29606666079,160.01303110652));
#3194 = CARTESIAN_POINT('',(1.E+03,146.66079783099));
#3195 = ( GEOMETRIC_REPRESENTATION_CONTEXT(2) 
PARAMETRIC_REPRESENTATION_CONTEXT() REPRESENTATION_CONTEXT('2D SPACE',''
  ) );
#3196 = PCURVE('',#3034,#3197);
#3197 = DEFINITIONAL_REPRESENTATION('',(#3198),#3207);
#3198 = B_SPLINE_CURVE_WITH_KNOTS('',7,(#3199,#3200,#3201,#3202,#3203,
    #3204,#3205,#3206),.UNSPECIFIED.,.F.,.F.,(8,8),(-2.930536628106,
    -2.477888730288),.PIECEWISE_BEZIER_KNOTS.);
#3199 = CARTESIAN_POINT('',(-5.342623376391,-135.7003703706));
#3200 = CARTESIAN_POINT('',(-5.34950579975,-164.9310698449));
#3201 = CARTESIAN_POINT('',(-5.356904492985,-191.9439693689));
#3202 = CARTESIAN_POINT('',(-5.364865395327,-216.9387047907));
#3203 = CARTESIAN_POINT('',(-5.373439377884,-240.0921926982));
#3204 = CARTESIAN_POINT('',(-5.382682857527,-261.5620349984));
#3205 = CARTESIAN_POINT('',(-5.392658504302,-281.4891630612));
#3206 = CARTESIAN_POINT('',(-5.403435835203,-300.));
#3207 = ( GEOMETRIC_REPRESENTATION_CONTEXT(2) 
PARAMETRIC_REPRESENTATION_CONTEXT() REPRESENTATION_CONTEXT('2D SPACE',''
  ) );
#3208 = ADVANCED_FACE('',(#3209),#433,.F.);
#3209 = FACE_BOUND('',#3210,.F.);
#3210 = EDGE_LOOP('',(#3211,#3232,#3254,#3255));
#3211 = ORIENTED_EDGE('',*,*,#3212,.T.);
#3212 = EDGE_CURVE('',#382,#3213,#3215,.T.);
#3213 = VERTEX_POINT('',#3214);
#3214 = CARTESIAN_POINT('',(28.284271247462,-10.,995.));
#3215 = SURFACE_CURVE('',#3216,(#3220,#3226),.PCURVE_S1.);
#3216 = LINE('',#3217,#3218);
#3217 = CARTESIAN_POINT('',(28.284271247462,-10.,0.));
#3218 = VECTOR('',#3219,1.);
#3219 = DIRECTION('',(0.,0.,1.));
#3220 = PCURVE('',#433,#3221);
#3221 = DEFINITIONAL_REPRESENTATION('',(#3222),#3225);
#3222 = B_SPLINE_CURVE_WITH_KNOTS('',1,(#3223,#3224),.UNSPECIFIED.,.F.,
  .F.,(2,2),(-6.E-07,1.099226087487E+03),.PIECEWISE_BEZIER_KNOTS.);
#3223 = CARTESIAN_POINT('',(5.943348397725,-6.E-07));
#3224 = CARTESIAN_POINT('',(5.943348397725,1.099226087487E+03));
#3225 = ( GEOMETRIC_REPRESENTATION_CONTEXT(2) 
PARAMETRIC_REPRESENTATION_CONTEXT() REPRESENTATION_CONTEXT('2D SPACE',''
  ) );
#3226 = PCURVE('',#404,#3227);
#3227 = DEFINITIONAL_REPRESENTATION('',(#3228),#3231);
#3228 = B_SPLINE_CURVE_WITH_KNOTS('',1,(#3229,#3230),.UNSPECIFIED.,.F.,
  .F.,(2,2),(-6.E-07,1.099226087487E+03),.PIECEWISE_BEZIER_KNOTS.);
#3229 = CARTESIAN_POINT('',(-6.E-07,115.78427124746));
#3230 = CARTESIAN_POINT('',(1.099226087487E+03,115.78427124746));
#3231 = ( GEOMETRIC_REPRESENTATION_CONTEXT(2) 
PARAMETRIC_REPRESENTATION_CONTEXT() REPRESENTATION_CONTEXT('2D SPACE',''
  ) );
#3232 = ORIENTED_EDGE('',*,*,#3233,.F.);
#3233 = EDGE_CURVE('',#3111,#3213,#3234,.T.);
#3234 = SURFACE_CURVE('',#3235,(#3240,#3247),.PCURVE_S1.);
#3235 = CIRCLE('',#3236,30.);
#3236 = AXIS2_PLACEMENT_3D('',#3237,#3238,#3239);
#3237 = CARTESIAN_POINT('',(0.,0.,995.));
#3238 = DIRECTION('',(0.,0.,1.));
#3239 = DIRECTION('',(1.,0.,-0.));
#3240 = PCURVE('',#433,#3241);
#3241 = DEFINITIONAL_REPRESENTATION('',(#3242),#3246);
#3242 = LINE('',#3243,#3244);
#3243 = CARTESIAN_POINT('',(0.,995.));
#3244 = VECTOR('',#3245,1.);
#3245 = DIRECTION('',(1.,0.));
#3246 = ( GEOMETRIC_REPRESENTATION_CONTEXT(2) 
PARAMETRIC_REPRESENTATION_CONTEXT() REPRESENTATION_CONTEXT('2D SPACE',''
  ) );
#3247 = PCURVE('',#1592,#3248);
#3248 = DEFINITIONAL_REPRESENTATION('',(#3249),#3253);
#3249 = LINE('',#3250,#3251);
#3250 = CARTESIAN_POINT('',(0.,0.));
#3251 = VECTOR('',#3252,1.);
#3252 = DIRECTION('',(1.,0.));
#3253 = ( GEOMETRIC_REPRESENTATION_CONTEXT(2) 
PARAMETRIC_REPRESENTATION_CONTEXT() REPRESENTATION_CONTEXT('2D SPACE',''
  ) );
#3254 = ORIENTED_EDGE('',*,*,#3110,.F.);
#3255 = ORIENTED_EDGE('',*,*,#416,.T.);
#3256 = ADVANCED_FACE('',(#3257),#404,.T.);
#3257 = FACE_BOUND('',#3258,.T.);
#3258 = EDGE_LOOP('',(#3259,#3282,#3283,#3284,#3312,#3335));
#3259 = ORIENTED_EDGE('',*,*,#3260,.F.);
#3260 = EDGE_CURVE('',#355,#3261,#3263,.T.);
#3261 = VERTEX_POINT('',#3262);
#3262 = CARTESIAN_POINT('',(87.5,-10.,864.17947692398));
#3263 = SURFACE_CURVE('',#3264,(#3268,#3275),.PCURVE_S1.);
#3264 = LINE('',#3265,#3266);
#3265 = CARTESIAN_POINT('',(87.5,-10.,0.));
#3266 = VECTOR('',#3267,1.);
#3267 = DIRECTION('',(0.,0.,1.));
#3268 = PCURVE('',#404,#3269);
#3269 = DEFINITIONAL_REPRESENTATION('',(#3270),#3274);
#3270 = LINE('',#3271,#3272);
#3271 = CARTESIAN_POINT('',(0.,175.));
#3272 = VECTOR('',#3273,1.);
#3273 = DIRECTION('',(1.,0.));
#3274 = ( GEOMETRIC_REPRESENTATION_CONTEXT(2) 
PARAMETRIC_REPRESENTATION_CONTEXT() REPRESENTATION_CONTEXT('2D SPACE',''
  ) );
#3275 = PCURVE('',#319,#3276);
#3276 = DEFINITIONAL_REPRESENTATION('',(#3277),#3281);
#3277 = LINE('',#3278,#3279);
#3278 = CARTESIAN_POINT('',(0.,0.));
#3279 = VECTOR('',#3280,1.);
#3280 = DIRECTION('',(1.,0.));
#3281 = ( GEOMETRIC_REPRESENTATION_CONTEXT(2) 
PARAMETRIC_REPRESENTATION_CONTEXT() REPRESENTATION_CONTEXT('2D SPACE',''
  ) );
#3282 = ORIENTED_EDGE('',*,*,#381,.T.);
#3283 = ORIENTED_EDGE('',*,*,#3212,.T.);
#3284 = ORIENTED_EDGE('',*,*,#3285,.T.);
#3285 = EDGE_CURVE('',#3213,#3286,#3288,.T.);
#3286 = VERTEX_POINT('',#3287);
#3287 = CARTESIAN_POINT('',(60.,-10.,995.));
#3288 = SURFACE_CURVE('',#3289,(#3293,#3300),.PCURVE_S1.);
#3289 = LINE('',#3290,#3291);
#3290 = CARTESIAN_POINT('',(-60.,-10.,995.));
#3291 = VECTOR('',#3292,1.);
#3292 = DIRECTION('',(1.,0.,-0.));
#3293 = PCURVE('',#404,#3294);
#3294 = DEFINITIONAL_REPRESENTATION('',(#3295),#3299);
#3295 = LINE('',#3296,#3297);
#3296 = CARTESIAN_POINT('',(995.,27.5));
#3297 = VECTOR('',#3298,1.);
#3298 = DIRECTION('',(0.,1.));
#3299 = ( GEOMETRIC_REPRESENTATION_CONTEXT(2) 
PARAMETRIC_REPRESENTATION_CONTEXT() REPRESENTATION_CONTEXT('2D SPACE',''
  ) );
#3300 = PCURVE('',#3301,#3306);
#3301 = PLANE('',#3302);
#3302 = AXIS2_PLACEMENT_3D('',#3303,#3304,#3305);
#3303 = CARTESIAN_POINT('',(-60.,-10.,995.));
#3304 = DIRECTION('',(-0.,1.,0.));
#3305 = DIRECTION('',(0.,0.,1.));
#3306 = DEFINITIONAL_REPRESENTATION('',(#3307),#3311);
#3307 = LINE('',#3308,#3309);
#3308 = CARTESIAN_POINT('',(0.,0.));
#3309 = VECTOR('',#3310,1.);
#3310 = DIRECTION('',(0.,1.));
#3311 = ( GEOMETRIC_REPRESENTATION_CONTEXT(2) 
PARAMETRIC_REPRESENTATION_CONTEXT() REPRESENTATION_CONTEXT('2D SPACE',''
  ) );
#3312 = ORIENTED_EDGE('',*,*,#3313,.T.);
#3313 = EDGE_CURVE('',#3286,#3314,#3316,.T.);
#3314 = VERTEX_POINT('',#3315);
#3315 = CARTESIAN_POINT('',(60.000000000002,-10.,995.99536143716));
#3316 = SURFACE_CURVE('',#3317,(#3321,#3328),.PCURVE_S1.);
#3317 = LINE('',#3318,#3319);
#3318 = CARTESIAN_POINT('',(60.,-10.,995.));
#3319 = VECTOR('',#3320,1.);
#3320 = DIRECTION('',(0.,0.,1.));
#3321 = PCURVE('',#404,#3322);
#3322 = DEFINITIONAL_REPRESENTATION('',(#3323),#3327);
#3323 = LINE('',#3324,#3325);
#3324 = CARTESIAN_POINT('',(995.,147.5));
#3325 = VECTOR('',#3326,1.);
#3326 = DIRECTION('',(1.,0.));
#3327 = ( GEOMETRIC_REPRESENTATION_CONTEXT(2) 
PARAMETRIC_REPRESENTATION_CONTEXT() REPRESENTATION_CONTEXT('2D SPACE',''
  ) );
#3328 = PCURVE('',#3301,#3329);
#3329 = DEFINITIONAL_REPRESENTATION('',(#3330),#3334);
#3330 = LINE('',#3331,#3332);
#3331 = CARTESIAN_POINT('',(0.,120.));
#3332 = VECTOR('',#3333,1.);
#3333 = DIRECTION('',(1.,0.));
#3334 = ( GEOMETRIC_REPRESENTATION_CONTEXT(2) 
PARAMETRIC_REPRESENTATION_CONTEXT() REPRESENTATION_CONTEXT('2D SPACE',''
  ) );
#3335 = ORIENTED_EDGE('',*,*,#3336,.F.);
#3336 = EDGE_CURVE('',#3261,#3314,#3337,.T.);
#3337 = SURFACE_CURVE('',#3338,(#3343,#3350),.PCURVE_S1.);
#3338 = HYPERBOLA('',#3339,48.387096774194,10.);
#3339 = AXIS2_PLACEMENT_3D('',#3340,#3341,#3342);
#3340 = CARTESIAN_POINT('',(0.,-10.,1.290322580645E+03));
#3341 = DIRECTION('',(0.,1.,0.));
#3342 = DIRECTION('',(-0.,0.,-1.));
#3343 = PCURVE('',#404,#3344);
#3344 = DEFINITIONAL_REPRESENTATION('',(#3345),#3349);
#3345 = ( BOUNDED_CURVE() B_SPLINE_CURVE(2,(#3346,#3347,#3348),
.UNSPECIFIED.,.F.,.F.) B_SPLINE_CURVE_WITH_KNOTS((3,3),(-2.930536628106,
-2.477888730288),.PIECEWISE_BEZIER_KNOTS.) CURVE() 
GEOMETRIC_REPRESENTATION_ITEM() RATIONAL_B_SPLINE_CURVE((1.,
1.025720774571,1.)) REPRESENTATION_ITEM('') );
#3346 = CARTESIAN_POINT('',(835.70037037067,180.92157287525));
#3347 = CARTESIAN_POINT('',(936.29606666079,160.01303110652));
#3348 = CARTESIAN_POINT('',(1.E+03,146.66079783099));
#3349 = ( GEOMETRIC_REPRESENTATION_CONTEXT(2) 
PARAMETRIC_REPRESENTATION_CONTEXT() REPRESENTATION_CONTEXT('2D SPACE',''
  ) );
#3350 = PCURVE('',#3351,#3356);
#3351 = CONICAL_SURFACE('',#3352,122.,0.203797521042);
#3352 = AXIS2_PLACEMENT_3D('',#3353,#3354,#3355);
#3353 = CARTESIAN_POINT('',(0.,0.,700.));
#3354 = DIRECTION('',(-0.,-0.,-1.));
#3355 = DIRECTION('',(1.,0.,-0.));
#3356 = DEFINITIONAL_REPRESENTATION('',(#3357),#3366);
#3357 = B_SPLINE_CURVE_WITH_KNOTS('',7,(#3358,#3359,#3360,#3361,#3362,
    #3363,#3364,#3365),.UNSPECIFIED.,.F.,.F.,(8,8),(-2.930536628106,
    -2.477888730288),.PIECEWISE_BEZIER_KNOTS.);
#3358 = CARTESIAN_POINT('',(-6.176549686772,-135.7003703706));
#3359 = CARTESIAN_POINT('',(-6.169667263413,-164.9310698449));
#3360 = CARTESIAN_POINT('',(-6.162268570178,-191.943969369));
#3361 = CARTESIAN_POINT('',(-6.154307667835,-216.9387047906));
#3362 = CARTESIAN_POINT('',(-6.14573368528,-240.0921926984));
#3363 = CARTESIAN_POINT('',(-6.136490205635,-261.5620349984));
#3364 = CARTESIAN_POINT('',(-6.12651455886,-281.4891630612));
#3365 = CARTESIAN_POINT('',(-6.11573722796,-300.));
#3366 = ( GEOMETRIC_REPRESENTATION_CONTEXT(2) 
PARAMETRIC_REPRESENTATION_CONTEXT() REPRESENTATION_CONTEXT('2D SPACE',''
  ) );
#3367 = ADVANCED_FACE('',(#3368),#319,.F.);
#3368 = FACE_BOUND('',#3369,.F.);
#3369 = EDGE_LOOP('',(#3370,#3371,#3372,#3373,#3396,#3428));
#3370 = ORIENTED_EDGE('',*,*,#3260,.F.);
#3371 = ORIENTED_EDGE('',*,*,#354,.T.);
#3372 = ORIENTED_EDGE('',*,*,#299,.T.);
#3373 = ORIENTED_EDGE('',*,*,#3374,.T.);
#3374 = EDGE_CURVE('',#265,#3375,#3377,.T.);
#3375 = VERTEX_POINT('',#3376);
#3376 = CARTESIAN_POINT('',(87.5,10.,864.17947692398));
#3377 = SURFACE_CURVE('',#3378,(#3382,#3389),.PCURVE_S1.);
#3378 = LINE('',#3379,#3380);
#3379 = CARTESIAN_POINT('',(87.5,10.,0.));
#3380 = VECTOR('',#3381,1.);
#3381 = DIRECTION('',(0.,0.,1.));
#3382 = PCURVE('',#319,#3383);
#3383 = DEFINITIONAL_REPRESENTATION('',(#3384),#3388);
#3384 = LINE('',#3385,#3386);
#3385 = CARTESIAN_POINT('',(0.,-20.));
#3386 = VECTOR('',#3387,1.);
#3387 = DIRECTION('',(1.,0.));
#3388 = ( GEOMETRIC_REPRESENTATION_CONTEXT(2) 
PARAMETRIC_REPRESENTATION_CONTEXT() REPRESENTATION_CONTEXT('2D SPACE',''
  ) );
#3389 = PCURVE('',#287,#3390);
#3390 = DEFINITIONAL_REPRESENTATION('',(#3391),#3395);
#3391 = LINE('',#3392,#3393);
#3392 = CARTESIAN_POINT('',(0.,175.));
#3393 = VECTOR('',#3394,1.);
#3394 = DIRECTION('',(1.,0.));
#3395 = ( GEOMETRIC_REPRESENTATION_CONTEXT(2) 
PARAMETRIC_REPRESENTATION_CONTEXT() REPRESENTATION_CONTEXT('2D SPACE',''
  ) );
#3396 = ORIENTED_EDGE('',*,*,#3397,.F.);
#3397 = EDGE_CURVE('',#3398,#3375,#3400,.T.);
#3398 = VERTEX_POINT('',#3399);
#3399 = CARTESIAN_POINT('',(87.5,-2.143131898508E-14,866.93548387096));
#3400 = SURFACE_CURVE('',#3401,(#3406,#3413),.PCURVE_S1.);
#3401 = HYPERBOLA('',#3402,423.38709677419,87.5);
#3402 = AXIS2_PLACEMENT_3D('',#3403,#3404,#3405);
#3403 = CARTESIAN_POINT('',(87.5,0.,1.290322580645E+03));
#3404 = DIRECTION('',(1.,0.,0.));
#3405 = DIRECTION('',(0.,-0.,-1.));
#3406 = PCURVE('',#319,#3407);
#3407 = DEFINITIONAL_REPRESENTATION('',(#3408),#3412);
#3408 = ( BOUNDED_CURVE() B_SPLINE_CURVE(2,(#3409,#3410,#3411),
.UNSPECIFIED.,.F.,.F.) B_SPLINE_CURVE_WITH_KNOTS((3,3),(0.,
0.136716554588),.PIECEWISE_BEZIER_KNOTS.) CURVE() 
GEOMETRIC_REPRESENTATION_ITEM() RATIONAL_B_SPLINE_CURVE((1.,
1.002337336994,1.)) REPRESENTATION_ITEM('') );
#3409 = CARTESIAN_POINT('',(866.93548387096,-10.));
#3410 = CARTESIAN_POINT('',(866.93548387096,-15.97204998709));
#3411 = CARTESIAN_POINT('',(862.97246452469,-22.));
#3412 = ( GEOMETRIC_REPRESENTATION_CONTEXT(2) 
PARAMETRIC_REPRESENTATION_CONTEXT() REPRESENTATION_CONTEXT('2D SPACE',''
  ) );
#3413 = PCURVE('',#3414,#3419);
#3414 = CONICAL_SURFACE('',#3415,122.,0.203797521042);
#3415 = AXIS2_PLACEMENT_3D('',#3416,#3417,#3418);
#3416 = CARTESIAN_POINT('',(0.,0.,700.));
#3417 = DIRECTION('',(-0.,-0.,-1.));
#3418 = DIRECTION('',(1.,0.,-0.));
#3419 = DEFINITIONAL_REPRESENTATION('',(#3420),#3427);
#3420 = B_SPLINE_CURVE_WITH_KNOTS('',5,(#3421,#3422,#3423,#3424,#3425,
    #3426),.UNSPECIFIED.,.F.,.F.,(6,6),(0.,0.136716554588),
  .PIECEWISE_BEZIER_KNOTS.);
#3421 = CARTESIAN_POINT('',(0.,-166.9354838709));
#3422 = CARTESIAN_POINT('',(-2.734331091769E-02,-166.9354838709));
#3423 = CARTESIAN_POINT('',(-5.468662255626E-02,-166.5397987311));
#3424 = CARTESIAN_POINT('',(-8.198734003682E-02,-165.7484278983));
#3425 = CARTESIAN_POINT('',(-0.109202886207,-164.5601406424));
#3426 = CARTESIAN_POINT('',(-0.136292629696,-162.9724645246));
#3427 = ( GEOMETRIC_REPRESENTATION_CONTEXT(2) 
PARAMETRIC_REPRESENTATION_CONTEXT() REPRESENTATION_CONTEXT('2D SPACE',''
  ) );
#3428 = ORIENTED_EDGE('',*,*,#3429,.F.);
#3429 = EDGE_CURVE('',#3261,#3398,#3430,.T.);
#3430 = SURFACE_CURVE('',#3431,(#3436,#3443),.PCURVE_S1.);
#3431 = HYPERBOLA('',#3432,423.38709677419,87.5);
#3432 = AXIS2_PLACEMENT_3D('',#3433,#3434,#3435);
#3433 = CARTESIAN_POINT('',(87.5,0.,1.290322580645E+03));
#3434 = DIRECTION('',(1.,0.,0.));
#3435 = DIRECTION('',(0.,-0.,-1.));
#3436 = PCURVE('',#319,#3437);
#3437 = DEFINITIONAL_REPRESENTATION('',(#3438),#3442);
#3438 = ( BOUNDED_CURVE() B_SPLINE_CURVE(2,(#3439,#3440,#3441),
.UNSPECIFIED.,.F.,.F.) B_SPLINE_CURVE_WITH_KNOTS((3,3),(-0.136716554588,
-2.449293598295E-16),.PIECEWISE_BEZIER_KNOTS.) CURVE() 
GEOMETRIC_REPRESENTATION_ITEM() RATIONAL_B_SPLINE_CURVE((1.,
1.002337336994,1.)) REPRESENTATION_ITEM('') );
#3439 = CARTESIAN_POINT('',(862.97246452469,2.));
#3440 = CARTESIAN_POINT('',(866.93548387096,-4.027950012903));
#3441 = CARTESIAN_POINT('',(866.93548387096,-10.));
#3442 = ( GEOMETRIC_REPRESENTATION_CONTEXT(2) 
PARAMETRIC_REPRESENTATION_CONTEXT() REPRESENTATION_CONTEXT('2D SPACE',''
  ) );
#3443 = PCURVE('',#3351,#3444);
#3444 = DEFINITIONAL_REPRESENTATION('',(#3445),#3452);
#3445 = B_SPLINE_CURVE_WITH_KNOTS('',5,(#3446,#3447,#3448,#3449,#3450,
    #3451),.UNSPECIFIED.,.F.,.F.,(6,6),(-0.136716554588,
    -2.449293598295E-16),.PIECEWISE_BEZIER_KNOTS.);
#3446 = CARTESIAN_POINT('',(-6.146892677484,-162.9724645246));
#3447 = CARTESIAN_POINT('',(-6.173982420973,-164.5601406424));
#3448 = CARTESIAN_POINT('',(-6.201197967143,-165.7484278983));
#3449 = CARTESIAN_POINT('',(-6.228498684623,-166.5397987311));
#3450 = CARTESIAN_POINT('',(-6.255841996262,-166.9354838709));
#3451 = CARTESIAN_POINT('',(-6.28318530718,-166.9354838709));
#3452 = ( GEOMETRIC_REPRESENTATION_CONTEXT(2) 
PARAMETRIC_REPRESENTATION_CONTEXT() REPRESENTATION_CONTEXT('2D SPACE',''
  ) );
#3453 = ADVANCED_FACE('',(#3454),#287,.F.);
#3454 = FACE_BOUND('',#3455,.F.);
#3455 = EDGE_LOOP('',(#3456,#3457,#3458,#3459,#3487,#3510));
#3456 = ORIENTED_EDGE('',*,*,#3374,.F.);
#3457 = ORIENTED_EDGE('',*,*,#264,.T.);
#3458 = ORIENTED_EDGE('',*,*,#1633,.T.);
#3459 = ORIENTED_EDGE('',*,*,#3460,.T.);
#3460 = EDGE_CURVE('',#1608,#3461,#3463,.T.);
#3461 = VERTEX_POINT('',#3462);
#3462 = CARTESIAN_POINT('',(60.,10.,995.));
#3463 = SURFACE_CURVE('',#3464,(#3468,#3475),.PCURVE_S1.);
#3464 = LINE('',#3465,#3466);
#3465 = CARTESIAN_POINT('',(-60.,10.,995.));
#3466 = VECTOR('',#3467,1.);
#3467 = DIRECTION('',(1.,0.,-0.));
#3468 = PCURVE('',#287,#3469);
#3469 = DEFINITIONAL_REPRESENTATION('',(#3470),#3474);
#3470 = LINE('',#3471,#3472);
#3471 = CARTESIAN_POINT('',(995.,27.5));
#3472 = VECTOR('',#3473,1.);
#3473 = DIRECTION('',(0.,1.));
#3474 = ( GEOMETRIC_REPRESENTATION_CONTEXT(2) 
PARAMETRIC_REPRESENTATION_CONTEXT() REPRESENTATION_CONTEXT('2D SPACE',''
  ) );
#3475 = PCURVE('',#3476,#3481);
#3476 = PLANE('',#3477);
#3477 = AXIS2_PLACEMENT_3D('',#3478,#3479,#3480);
#3478 = CARTESIAN_POINT('',(-60.,10.,995.));
#3479 = DIRECTION('',(-0.,1.,0.));
#3480 = DIRECTION('',(0.,0.,1.));
#3481 = DEFINITIONAL_REPRESENTATION('',(#3482),#3486);
#3482 = LINE('',#3483,#3484);
#3483 = CARTESIAN_POINT('',(0.,0.));
#3484 = VECTOR('',#3485,1.);
#3485 = DIRECTION('',(0.,1.));
#3486 = ( GEOMETRIC_REPRESENTATION_CONTEXT(2) 
PARAMETRIC_REPRESENTATION_CONTEXT() REPRESENTATION_CONTEXT('2D SPACE',''
  ) );
#3487 = ORIENTED_EDGE('',*,*,#3488,.T.);
#3488 = EDGE_CURVE('',#3461,#3489,#3491,.T.);
#3489 = VERTEX_POINT('',#3490);
#3490 = CARTESIAN_POINT('',(60.000000000002,10.,995.99536143716));
#3491 = SURFACE_CURVE('',#3492,(#3496,#3503),.PCURVE_S1.);
#3492 = LINE('',#3493,#3494);
#3493 = CARTESIAN_POINT('',(60.,10.,995.));
#3494 = VECTOR('',#3495,1.);
#3495 = DIRECTION('',(0.,0.,1.));
#3496 = PCURVE('',#287,#3497);
#3497 = DEFINITIONAL_REPRESENTATION('',(#3498),#3502);
#3498 = LINE('',#3499,#3500);
#3499 = CARTESIAN_POINT('',(995.,147.5));
#3500 = VECTOR('',#3501,1.);
#3501 = DIRECTION('',(1.,0.));
#3502 = ( GEOMETRIC_REPRESENTATION_CONTEXT(2) 
PARAMETRIC_REPRESENTATION_CONTEXT() REPRESENTATION_CONTEXT('2D SPACE',''
  ) );
#3503 = PCURVE('',#3476,#3504);
#3504 = DEFINITIONAL_REPRESENTATION('',(#3505),#3509);
#3505 = LINE('',#3506,#3507);
#3506 = CARTESIAN_POINT('',(0.,120.));
#3507 = VECTOR('',#3508,1.);
#3508 = DIRECTION('',(1.,0.));
#3509 = ( GEOMETRIC_REPRESENTATION_CONTEXT(2) 
PARAMETRIC_REPRESENTATION_CONTEXT() REPRESENTATION_CONTEXT('2D SPACE',''
  ) );
#3510 = ORIENTED_EDGE('',*,*,#3511,.F.);
#3511 = EDGE_CURVE('',#3375,#3489,#3512,.T.);
#3512 = SURFACE_CURVE('',#3513,(#3518,#3525),.PCURVE_S1.);
#3513 = HYPERBOLA('',#3514,48.387096774194,10.);
#3514 = AXIS2_PLACEMENT_3D('',#3515,#3516,#3517);
#3515 = CARTESIAN_POINT('',(0.,10.,1.290322580645E+03));
#3516 = DIRECTION('',(0.,1.,0.));
#3517 = DIRECTION('',(-0.,0.,-1.));
#3518 = PCURVE('',#287,#3519);
#3519 = DEFINITIONAL_REPRESENTATION('',(#3520),#3524);
#3520 = ( BOUNDED_CURVE() B_SPLINE_CURVE(2,(#3521,#3522,#3523),
.UNSPECIFIED.,.F.,.F.) B_SPLINE_CURVE_WITH_KNOTS((3,3),(-2.930536628106,
-2.477888730288),.PIECEWISE_BEZIER_KNOTS.) CURVE() 
GEOMETRIC_REPRESENTATION_ITEM() RATIONAL_B_SPLINE_CURVE((1.,
1.025720774571,1.)) REPRESENTATION_ITEM('') );
#3521 = CARTESIAN_POINT('',(835.70037037067,180.92157287525));
#3522 = CARTESIAN_POINT('',(936.29606666079,160.01303110652));
#3523 = CARTESIAN_POINT('',(1.E+03,146.66079783099));
#3524 = ( GEOMETRIC_REPRESENTATION_CONTEXT(2) 
PARAMETRIC_REPRESENTATION_CONTEXT() REPRESENTATION_CONTEXT('2D SPACE',''
  ) );
#3525 = PCURVE('',#3414,#3526);
#3526 = DEFINITIONAL_REPRESENTATION('',(#3527),#3536);
#3527 = B_SPLINE_CURVE_WITH_KNOTS('',7,(#3528,#3529,#3530,#3531,#3532,
    #3533,#3534,#3535),.UNSPECIFIED.,.F.,.F.,(8,8),(-2.930536628106,
    -2.477888730288),.PIECEWISE_BEZIER_KNOTS.);
#3528 = CARTESIAN_POINT('',(-0.106635620408,-135.7003703706));
#3529 = CARTESIAN_POINT('',(-0.113518043767,-164.9310698449));
#3530 = CARTESIAN_POINT('',(-0.120916737002,-191.943969369));
#3531 = CARTESIAN_POINT('',(-0.128877639345,-216.9387047906));
#3532 = CARTESIAN_POINT('',(-0.137451621901,-240.0921926984));
#3533 = CARTESIAN_POINT('',(-0.146695101545,-261.5620349984));
#3534 = CARTESIAN_POINT('',(-0.156670748319,-281.4891630612));
#3535 = CARTESIAN_POINT('',(-0.16744807922,-300.));
#3536 = ( GEOMETRIC_REPRESENTATION_CONTEXT(2) 
PARAMETRIC_REPRESENTATION_CONTEXT() REPRESENTATION_CONTEXT('2D SPACE',''
  ) );
#3537 = ADVANCED_FACE('',(#3538),#1095,.F.);
#3538 = FACE_BOUND('',#3539,.F.);
#3539 = EDGE_LOOP('',(#3540,#3568,#3569));
#3540 = ORIENTED_EDGE('',*,*,#3541,.T.);
#3541 = EDGE_CURVE('',#3542,#1080,#3544,.T.);
#3542 = VERTEX_POINT('',#3543);
#3543 = CARTESIAN_POINT('',(60.,-10.,1.145E+03));
#3544 = SURFACE_CURVE('',#3545,(#3549,#3556),.PCURVE_S1.);
#3545 = LINE('',#3546,#3547);
#3546 = CARTESIAN_POINT('',(60.,-10.,1.145E+03));
#3547 = VECTOR('',#3548,1.);
#3548 = DIRECTION('',(-0.,1.,0.));
#3549 = PCURVE('',#1095,#3550);
#3550 = DEFINITIONAL_REPRESENTATION('',(#3551),#3555);
#3551 = LINE('',#3552,#3553);
#3552 = CARTESIAN_POINT('',(120.,0.));
#3553 = VECTOR('',#3554,1.);
#3554 = DIRECTION('',(0.,1.));
#3555 = ( GEOMETRIC_REPRESENTATION_CONTEXT(2) 
PARAMETRIC_REPRESENTATION_CONTEXT() REPRESENTATION_CONTEXT('2D SPACE',''
  ) );
#3556 = PCURVE('',#3557,#3562);
#3557 = PLANE('',#3558);
#3558 = AXIS2_PLACEMENT_3D('',#3559,#3560,#3561);
#3559 = CARTESIAN_POINT('',(60.,-10.,995.));
#3560 = DIRECTION('',(1.,0.,-0.));
#3561 = DIRECTION('',(0.,0.,1.));
#3562 = DEFINITIONAL_REPRESENTATION('',(#3563),#3567);
#3563 = LINE('',#3564,#3565);
#3564 = CARTESIAN_POINT('',(150.,0.));
#3565 = VECTOR('',#3566,1.);
#3566 = DIRECTION('',(0.,-1.));
#3567 = ( GEOMETRIC_REPRESENTATION_CONTEXT(2) 
PARAMETRIC_REPRESENTATION_CONTEXT() REPRESENTATION_CONTEXT('2D SPACE',''
  ) );
#3568 = ORIENTED_EDGE('',*,*,#1077,.F.);
#3569 = ORIENTED_EDGE('',*,*,#3570,.T.);
#3570 = EDGE_CURVE('',#1078,#3542,#3571,.T.);
#3571 = SURFACE_CURVE('',#3572,(#3576,#3583),.PCURVE_S1.);
#3572 = LINE('',#3573,#3574);
#3573 = CARTESIAN_POINT('',(-60.,-10.,1.145E+03));
#3574 = VECTOR('',#3575,1.);
#3575 = DIRECTION('',(1.,0.,-0.));
#3576 = PCURVE('',#1095,#3577);
#3577 = DEFINITIONAL_REPRESENTATION('',(#3578),#3582);
#3578 = LINE('',#3579,#3580);
#3579 = CARTESIAN_POINT('',(0.,0.));
#3580 = VECTOR('',#3581,1.);
#3581 = DIRECTION('',(1.,0.));
#3582 = ( GEOMETRIC_REPRESENTATION_CONTEXT(2) 
PARAMETRIC_REPRESENTATION_CONTEXT() REPRESENTATION_CONTEXT('2D SPACE',''
  ) );
#3583 = PCURVE('',#3301,#3584);
#3584 = DEFINITIONAL_REPRESENTATION('',(#3585),#3589);
#3585 = LINE('',#3586,#3587);
#3586 = CARTESIAN_POINT('',(150.,0.));
#3587 = VECTOR('',#3588,1.);
#3588 = DIRECTION('',(0.,1.));
#3589 = ( GEOMETRIC_REPRESENTATION_CONTEXT(2) 
PARAMETRIC_REPRESENTATION_CONTEXT() REPRESENTATION_CONTEXT('2D SPACE',''
  ) );
#3590 = ADVANCED_FACE('',(#3591),#1592,.F.);
#3591 = FACE_BOUND('',#3592,.F.);
#3592 = EDGE_LOOP('',(#3593,#3620,#3621,#3648));
#3593 = ORIENTED_EDGE('',*,*,#3594,.T.);
#3594 = EDGE_CURVE('',#3213,#1078,#3595,.T.);
#3595 = SURFACE_CURVE('',#3596,(#3601,#3613),.PCURVE_S1.);
#3596 = HYPERBOLA('',#3597,50.,10.);
#3597 = AXIS2_PLACEMENT_3D('',#3598,#3599,#3600);
#3598 = CARTESIAN_POINT('',(0.,-10.,845.));
#3599 = DIRECTION('',(-0.,1.,0.));
#3600 = DIRECTION('',(0.,0.,1.));
#3601 = PCURVE('',#1592,#3602);
#3602 = DEFINITIONAL_REPRESENTATION('',(#3603),#3612);
#3603 = B_SPLINE_CURVE_WITH_KNOTS('',7,(#3604,#3605,#3606,#3607,#3608,
    #3609,#3610,#3611),.UNSPECIFIED.,.F.,.F.,(8,8),(1.762747174039,
    2.477888730288),.PIECEWISE_BEZIER_KNOTS.);
#3604 = CARTESIAN_POINT('',(5.943348397725,0.));
#3605 = CARTESIAN_POINT('',(5.977402757547,14.448041255207));
#3606 = CARTESIAN_POINT('',(6.007630293854,30.722608565768));
#3607 = CARTESIAN_POINT('',(6.034482629301,49.070010422193));
#3608 = CARTESIAN_POINT('',(6.058378326376,69.783241035683));
#3609 = CARTESIAN_POINT('',(6.079681770014,93.212559717519));
#3610 = CARTESIAN_POINT('',(6.098710048049,119.77975355013));
#3611 = CARTESIAN_POINT('',(6.11573722796,150.));
#3612 = ( GEOMETRIC_REPRESENTATION_CONTEXT(2) 
PARAMETRIC_REPRESENTATION_CONTEXT() REPRESENTATION_CONTEXT('2D SPACE',''
  ) );
#3613 = PCURVE('',#3301,#3614);
#3614 = DEFINITIONAL_REPRESENTATION('',(#3615),#3619);
#3615 = ( BOUNDED_CURVE() B_SPLINE_CURVE(2,(#3616,#3617,#3618),
.UNSPECIFIED.,.F.,.F.) B_SPLINE_CURVE_WITH_KNOTS((3,3),(1.762747174039,
2.477888730288),.PIECEWISE_BEZIER_KNOTS.) CURVE() 
GEOMETRIC_REPRESENTATION_ITEM() RATIONAL_B_SPLINE_CURVE((1.,
1.06461248098,1.)) REPRESENTATION_ITEM('') );
#3616 = CARTESIAN_POINT('',(0.,88.284271247462));
#3617 = CARTESIAN_POINT('',(48.517780726008,98.576446775307));
#3618 = CARTESIAN_POINT('',(150.,119.16079783099));
#3619 = ( GEOMETRIC_REPRESENTATION_CONTEXT(2) 
PARAMETRIC_REPRESENTATION_CONTEXT() REPRESENTATION_CONTEXT('2D SPACE',''
  ) );
#3620 = ORIENTED_EDGE('',*,*,#1578,.F.);
#3621 = ORIENTED_EDGE('',*,*,#3622,.F.);
#3622 = EDGE_CURVE('',#3111,#1551,#3623,.T.);
#3623 = SURFACE_CURVE('',#3624,(#3629,#3641),.PCURVE_S1.);
#3624 = HYPERBOLA('',#3625,50.,10.);
#3625 = AXIS2_PLACEMENT_3D('',#3626,#3627,#3628);
#3626 = CARTESIAN_POINT('',(8.660254037844,5.,845.));
#3627 = DIRECTION('',(0.866025403784,0.5,0.));
#3628 = DIRECTION('',(-0.,0.,1.));
#3629 = PCURVE('',#1592,#3630);
#3630 = DEFINITIONAL_REPRESENTATION('',(#3631),#3640);
#3631 = B_SPLINE_CURVE_WITH_KNOTS('',7,(#3632,#3633,#3634,#3635,#3636,
    #3637,#3638,#3639),.UNSPECIFIED.,.F.,.F.,(8,8),(1.762747174039,
    2.477888730288),.PIECEWISE_BEZIER_KNOTS.);
#3632 = CARTESIAN_POINT('',(5.575824665437,0.));
#3633 = CARTESIAN_POINT('',(5.541770305616,14.448041255207));
#3634 = CARTESIAN_POINT('',(5.51154276931,30.722608565768));
#3635 = CARTESIAN_POINT('',(5.48469043386,49.070010422193));
#3636 = CARTESIAN_POINT('',(5.460794736791,69.783241035683));
#3637 = CARTESIAN_POINT('',(5.439491293149,93.212559717519));
#3638 = CARTESIAN_POINT('',(5.420463015113,119.77975355013));
#3639 = CARTESIAN_POINT('',(5.403435835203,150.));
#3640 = ( GEOMETRIC_REPRESENTATION_CONTEXT(2) 
PARAMETRIC_REPRESENTATION_CONTEXT() REPRESENTATION_CONTEXT('2D SPACE',''
  ) );
#3641 = PCURVE('',#3147,#3642);
#3642 = DEFINITIONAL_REPRESENTATION('',(#3643),#3647);
#3643 = ( BOUNDED_CURVE() B_SPLINE_CURVE(2,(#3644,#3645,#3646),
.UNSPECIFIED.,.F.,.F.) B_SPLINE_CURVE_WITH_KNOTS((3,3),(1.762747174039,
2.477888730288),.PIECEWISE_BEZIER_KNOTS.) CURVE() 
GEOMETRIC_REPRESENTATION_ITEM() RATIONAL_B_SPLINE_CURVE((1.,
1.06461248098,1.)) REPRESENTATION_ITEM('') );
#3644 = CARTESIAN_POINT('',(0.,88.284271247462));
#3645 = CARTESIAN_POINT('',(48.517780726008,98.576446775307));
#3646 = CARTESIAN_POINT('',(150.,119.16079783099));
#3647 = ( GEOMETRIC_REPRESENTATION_CONTEXT(2) 
PARAMETRIC_REPRESENTATION_CONTEXT() REPRESENTATION_CONTEXT('2D SPACE',''
  ) );
#3648 = ORIENTED_EDGE('',*,*,#3233,.T.);
#3649 = ADVANCED_FACE('',(#3650),#1566,.F.);
#3650 = FACE_BOUND('',#3651,.F.);
#3651 = EDGE_LOOP('',(#3652,#3675,#3676));
#3652 = ORIENTED_EDGE('',*,*,#3653,.F.);
#3653 = EDGE_CURVE('',#1551,#3654,#3656,.T.);
#3654 = VERTEX_POINT('',#3655);
#3655 = CARTESIAN_POINT('',(38.660254037844,-46.96152422706,1.145E+03));
#3656 = SURFACE_CURVE('',#3657,(#3661,#3668),.PCURVE_S1.);
#3657 = LINE('',#3658,#3659);
#3658 = CARTESIAN_POINT('',(-21.33974596215,56.961524227066,1.145E+03));
#3659 = VECTOR('',#3660,1.);
#3660 = DIRECTION('',(0.5,-0.866025403784,0.));
#3661 = PCURVE('',#1566,#3662);
#3662 = DEFINITIONAL_REPRESENTATION('',(#3663),#3667);
#3663 = LINE('',#3664,#3665);
#3664 = CARTESIAN_POINT('',(0.,20.));
#3665 = VECTOR('',#3666,1.);
#3666 = DIRECTION('',(1.,0.));
#3667 = ( GEOMETRIC_REPRESENTATION_CONTEXT(2) 
PARAMETRIC_REPRESENTATION_CONTEXT() REPRESENTATION_CONTEXT('2D SPACE',''
  ) );
#3668 = PCURVE('',#3147,#3669);
#3669 = DEFINITIONAL_REPRESENTATION('',(#3670),#3674);
#3670 = LINE('',#3671,#3672);
#3671 = CARTESIAN_POINT('',(150.,0.));
#3672 = VECTOR('',#3673,1.);
#3673 = DIRECTION('',(0.,1.));
#3674 = ( GEOMETRIC_REPRESENTATION_CONTEXT(2) 
PARAMETRIC_REPRESENTATION_CONTEXT() REPRESENTATION_CONTEXT('2D SPACE',''
  ) );
#3675 = ORIENTED_EDGE('',*,*,#1550,.F.);
#3676 = ORIENTED_EDGE('',*,*,#3677,.T.);
#3677 = EDGE_CURVE('',#1523,#3654,#3678,.T.);
#3678 = SURFACE_CURVE('',#3679,(#3683,#3690),.PCURVE_S1.);
#3679 = LINE('',#3680,#3681);
#3680 = CARTESIAN_POINT('',(21.339745962156,-56.96152422706,1.145E+03));
#3681 = VECTOR('',#3682,1.);
#3682 = DIRECTION('',(0.866025403784,0.5,0.));
#3683 = PCURVE('',#1566,#3684);
#3684 = DEFINITIONAL_REPRESENTATION('',(#3685),#3689);
#3685 = LINE('',#3686,#3687);
#3686 = CARTESIAN_POINT('',(120.,0.));
#3687 = VECTOR('',#3688,1.);
#3688 = DIRECTION('',(0.,1.));
#3689 = ( GEOMETRIC_REPRESENTATION_CONTEXT(2) 
PARAMETRIC_REPRESENTATION_CONTEXT() REPRESENTATION_CONTEXT('2D SPACE',''
  ) );
#3690 = PCURVE('',#3691,#3696);
#3691 = PLANE('',#3692);
#3692 = AXIS2_PLACEMENT_3D('',#3693,#3694,#3695);
#3693 = CARTESIAN_POINT('',(21.339745962156,-56.96152422706,995.));
#3694 = DIRECTION('',(0.5,-0.866025403784,0.));
#3695 = DIRECTION('',(0.,0.,1.));
#3696 = DEFINITIONAL_REPRESENTATION('',(#3697),#3701);
#3697 = LINE('',#3698,#3699);
#3698 = CARTESIAN_POINT('',(150.,0.));
#3699 = VECTOR('',#3700,1.);
#3700 = DIRECTION('',(0.,-1.));
#3701 = ( GEOMETRIC_REPRESENTATION_CONTEXT(2) 
PARAMETRIC_REPRESENTATION_CONTEXT() REPRESENTATION_CONTEXT('2D SPACE',''
  ) );
#3702 = ADVANCED_FACE('',(#3703),#1538,.F.);
#3703 = FACE_BOUND('',#3704,.F.);
#3704 = EDGE_LOOP('',(#3705,#3728,#3729));
#3705 = ORIENTED_EDGE('',*,*,#3706,.T.);
#3706 = EDGE_CURVE('',#3707,#1523,#3709,.T.);
#3707 = VERTEX_POINT('',#3708);
#3708 = CARTESIAN_POINT('',(21.339745962156,-56.96152422706,1.145E+03));
#3709 = SURFACE_CURVE('',#3710,(#3714,#3721),.PCURVE_S1.);
#3710 = LINE('',#3711,#3712);
#3711 = CARTESIAN_POINT('',(21.339745962156,-56.96152422706,1.145E+03));
#3712 = VECTOR('',#3713,1.);
#3713 = DIRECTION('',(0.866025403784,0.5,0.));
#3714 = PCURVE('',#1538,#3715);
#3715 = DEFINITIONAL_REPRESENTATION('',(#3716),#3720);
#3716 = LINE('',#3717,#3718);
#3717 = CARTESIAN_POINT('',(120.,0.));
#3718 = VECTOR('',#3719,1.);
#3719 = DIRECTION('',(0.,1.));
#3720 = ( GEOMETRIC_REPRESENTATION_CONTEXT(2) 
PARAMETRIC_REPRESENTATION_CONTEXT() REPRESENTATION_CONTEXT('2D SPACE',''
  ) );
#3721 = PCURVE('',#3691,#3722);
#3722 = DEFINITIONAL_REPRESENTATION('',(#3723),#3727);
#3723 = LINE('',#3724,#3725);
#3724 = CARTESIAN_POINT('',(150.,0.));
#3725 = VECTOR('',#3726,1.);
#3726 = DIRECTION('',(0.,-1.));
#3727 = ( GEOMETRIC_REPRESENTATION_CONTEXT(2) 
PARAMETRIC_REPRESENTATION_CONTEXT() REPRESENTATION_CONTEXT('2D SPACE',''
  ) );
#3728 = ORIENTED_EDGE('',*,*,#1522,.F.);
#3729 = ORIENTED_EDGE('',*,*,#3730,.T.);
#3730 = EDGE_CURVE('',#1495,#3707,#3731,.T.);
#3731 = SURFACE_CURVE('',#3732,(#3736,#3743),.PCURVE_S1.);
#3732 = LINE('',#3733,#3734);
#3733 = CARTESIAN_POINT('',(-38.66025403784,46.961524227066,1.145E+03));
#3734 = VECTOR('',#3735,1.);
#3735 = DIRECTION('',(0.5,-0.866025403784,0.));
#3736 = PCURVE('',#1538,#3737);
#3737 = DEFINITIONAL_REPRESENTATION('',(#3738),#3742);
#3738 = LINE('',#3739,#3740);
#3739 = CARTESIAN_POINT('',(0.,0.));
#3740 = VECTOR('',#3741,1.);
#3741 = DIRECTION('',(1.,0.));
#3742 = ( GEOMETRIC_REPRESENTATION_CONTEXT(2) 
PARAMETRIC_REPRESENTATION_CONTEXT() REPRESENTATION_CONTEXT('2D SPACE',''
  ) );
#3743 = PCURVE('',#2984,#3744);
#3744 = DEFINITIONAL_REPRESENTATION('',(#3745),#3749);
#3745 = LINE('',#3746,#3747);
#3746 = CARTESIAN_POINT('',(150.,0.));
#3747 = VECTOR('',#3748,1.);
#3748 = DIRECTION('',(0.,1.));
#3749 = ( GEOMETRIC_REPRESENTATION_CONTEXT(2) 
PARAMETRIC_REPRESENTATION_CONTEXT() REPRESENTATION_CONTEXT('2D SPACE',''
  ) );
#3750 = ADVANCED_FACE('',(#3751),#1510,.F.);
#3751 = FACE_BOUND('',#3752,.F.);
#3752 = EDGE_LOOP('',(#3753,#3780,#3781,#3808));
#3753 = ORIENTED_EDGE('',*,*,#3754,.T.);
#3754 = EDGE_CURVE('',#2896,#1495,#3755,.T.);
#3755 = SURFACE_CURVE('',#3756,(#3761,#3773),.PCURVE_S1.);
#3756 = HYPERBOLA('',#3757,50.,10.);
#3757 = AXIS2_PLACEMENT_3D('',#3758,#3759,#3760);
#3758 = CARTESIAN_POINT('',(-8.660254037844,-5.,845.));
#3759 = DIRECTION('',(0.866025403784,0.5,0.));
#3760 = DIRECTION('',(-0.,0.,1.));
#3761 = PCURVE('',#1510,#3762);
#3762 = DEFINITIONAL_REPRESENTATION('',(#3763),#3772);
#3763 = B_SPLINE_CURVE_WITH_KNOTS('',7,(#3764,#3765,#3766,#3767,#3768,
    #3769,#3770,#3771),.UNSPECIFIED.,.F.,.F.,(8,8),(1.762747174039,
    2.477888730288),.PIECEWISE_BEZIER_KNOTS.);
#3764 = CARTESIAN_POINT('',(4.896150846529,-1.366428338E-15));
#3765 = CARTESIAN_POINT('',(4.93020520635,14.448041255207));
#3766 = CARTESIAN_POINT('',(4.960432742658,30.72260856575));
#3767 = CARTESIAN_POINT('',(4.987285078102,49.070010422265));
#3768 = CARTESIAN_POINT('',(5.011180775179,69.783241035626));
#3769 = CARTESIAN_POINT('',(5.032484218817,93.212559717534));
#3770 = CARTESIAN_POINT('',(5.051512496853,119.77975355013));
#3771 = CARTESIAN_POINT('',(5.068539676763,150.));
#3772 = ( GEOMETRIC_REPRESENTATION_CONTEXT(2) 
PARAMETRIC_REPRESENTATION_CONTEXT() REPRESENTATION_CONTEXT('2D SPACE',''
  ) );
#3773 = PCURVE('',#2984,#3774);
#3774 = DEFINITIONAL_REPRESENTATION('',(#3775),#3779);
#3775 = ( BOUNDED_CURVE() B_SPLINE_CURVE(2,(#3776,#3777,#3778),
.UNSPECIFIED.,.F.,.F.) B_SPLINE_CURVE_WITH_KNOTS((3,3),(1.762747174039,
2.477888730288),.PIECEWISE_BEZIER_KNOTS.) CURVE() 
GEOMETRIC_REPRESENTATION_ITEM() RATIONAL_B_SPLINE_CURVE((1.,
1.06461248098,1.)) REPRESENTATION_ITEM('') );
#3776 = CARTESIAN_POINT('',(0.,88.284271247462));
#3777 = CARTESIAN_POINT('',(48.517780726008,98.576446775307));
#3778 = CARTESIAN_POINT('',(150.,119.16079783099));
#3779 = ( GEOMETRIC_REPRESENTATION_CONTEXT(2) 
PARAMETRIC_REPRESENTATION_CONTEXT() REPRESENTATION_CONTEXT('2D SPACE',''
  ) );
#3780 = ORIENTED_EDGE('',*,*,#1494,.F.);
#3781 = ORIENTED_EDGE('',*,*,#3782,.T.);
#3782 = EDGE_CURVE('',#1467,#2792,#3783,.T.);
#3783 = SURFACE_CURVE('',#3784,(#3789,#3801),.PCURVE_S1.);
#3784 = HYPERBOLA('',#3785,50.,10.);
#3785 = AXIS2_PLACEMENT_3D('',#3786,#3787,#3788);
#3786 = CARTESIAN_POINT('',(8.660254037844,-5.,845.));
#3787 = DIRECTION('',(-0.866025403784,0.5,0.));
#3788 = DIRECTION('',(0.,0.,1.));
#3789 = PCURVE('',#1510,#3790);
#3790 = DEFINITIONAL_REPRESENTATION('',(#3791),#3800);
#3791 = B_SPLINE_CURVE_WITH_KNOTS('',7,(#3792,#3793,#3794,#3795,#3796,
    #3797,#3798,#3799),.UNSPECIFIED.,.F.,.F.,(8,8),(-2.477888730288,
    -1.762747174039),.PIECEWISE_BEZIER_KNOTS.);
#3792 = CARTESIAN_POINT('',(4.356238284006,150.));
#3793 = CARTESIAN_POINT('',(4.373265463917,119.77975355013));
#3794 = CARTESIAN_POINT('',(4.392293741952,93.212559717537));
#3795 = CARTESIAN_POINT('',(4.413597185593,69.783241035633));
#3796 = CARTESIAN_POINT('',(4.437492882663,49.070010422258));
#3797 = CARTESIAN_POINT('',(4.464345218113,30.722608565746));
#3798 = CARTESIAN_POINT('',(4.494572754419,14.448041255207));
#3799 = CARTESIAN_POINT('',(4.528627114241,1.366428338E-15));
#3800 = ( GEOMETRIC_REPRESENTATION_CONTEXT(2) 
PARAMETRIC_REPRESENTATION_CONTEXT() REPRESENTATION_CONTEXT('2D SPACE',''
  ) );
#3801 = PCURVE('',#2859,#3802);
#3802 = DEFINITIONAL_REPRESENTATION('',(#3803),#3807);
#3803 = ( BOUNDED_CURVE() B_SPLINE_CURVE(2,(#3804,#3805,#3806),
.UNSPECIFIED.,.F.,.F.) B_SPLINE_CURVE_WITH_KNOTS((3,3),(-2.477888730288,
-1.762747174039),.PIECEWISE_BEZIER_KNOTS.) CURVE() 
GEOMETRIC_REPRESENTATION_ITEM() RATIONAL_B_SPLINE_CURVE((1.,
1.06461248098,1.)) REPRESENTATION_ITEM('') );
#3804 = CARTESIAN_POINT('',(150.,0.839202169004));
#3805 = CARTESIAN_POINT('',(48.517780726008,21.423553224693));
#3806 = CARTESIAN_POINT('',(5.684341886081E-14,31.715728752538));
#3807 = ( GEOMETRIC_REPRESENTATION_CONTEXT(2) 
PARAMETRIC_REPRESENTATION_CONTEXT() REPRESENTATION_CONTEXT('2D SPACE',''
  ) );
#3808 = ORIENTED_EDGE('',*,*,#2916,.T.);
#3809 = ADVANCED_FACE('',(#3810),#1482,.F.);
#3810 = FACE_BOUND('',#3811,.F.);
#3811 = EDGE_LOOP('',(#3812,#3813,#3841));
#3812 = ORIENTED_EDGE('',*,*,#1466,.F.);
#3813 = ORIENTED_EDGE('',*,*,#3814,.F.);
#3814 = EDGE_CURVE('',#3815,#1439,#3817,.T.);
#3815 = VERTEX_POINT('',#3816);
#3816 = CARTESIAN_POINT('',(-21.33974596215,-56.96152422706,1.145E+03));
#3817 = SURFACE_CURVE('',#3818,(#3822,#3829),.PCURVE_S1.);
#3818 = LINE('',#3819,#3820);
#3819 = CARTESIAN_POINT('',(-21.33974596215,-56.96152422706,1.145E+03));
#3820 = VECTOR('',#3821,1.);
#3821 = DIRECTION('',(-0.866025403784,0.5,0.));
#3822 = PCURVE('',#1482,#3823);
#3823 = DEFINITIONAL_REPRESENTATION('',(#3824),#3828);
#3824 = LINE('',#3825,#3826);
#3825 = CARTESIAN_POINT('',(0.,0.));
#3826 = VECTOR('',#3827,1.);
#3827 = DIRECTION('',(0.,1.));
#3828 = ( GEOMETRIC_REPRESENTATION_CONTEXT(2) 
PARAMETRIC_REPRESENTATION_CONTEXT() REPRESENTATION_CONTEXT('2D SPACE',''
  ) );
#3829 = PCURVE('',#3830,#3835);
#3830 = PLANE('',#3831);
#3831 = AXIS2_PLACEMENT_3D('',#3832,#3833,#3834);
#3832 = CARTESIAN_POINT('',(-21.33974596215,-56.96152422706,995.));
#3833 = DIRECTION('',(0.5,0.866025403784,0.));
#3834 = DIRECTION('',(0.,0.,1.));
#3835 = DEFINITIONAL_REPRESENTATION('',(#3836),#3840);
#3836 = LINE('',#3837,#3838);
#3837 = CARTESIAN_POINT('',(150.,0.));
#3838 = VECTOR('',#3839,1.);
#3839 = DIRECTION('',(0.,-1.));
#3840 = ( GEOMETRIC_REPRESENTATION_CONTEXT(2) 
PARAMETRIC_REPRESENTATION_CONTEXT() REPRESENTATION_CONTEXT('2D SPACE',''
  ) );
#3841 = ORIENTED_EDGE('',*,*,#3842,.T.);
#3842 = EDGE_CURVE('',#3815,#1467,#3843,.T.);
#3843 = SURFACE_CURVE('',#3844,(#3848,#3855),.PCURVE_S1.);
#3844 = LINE('',#3845,#3846);
#3845 = CARTESIAN_POINT('',(-21.33974596215,-56.96152422706,1.145E+03));
#3846 = VECTOR('',#3847,1.);
#3847 = DIRECTION('',(0.5,0.866025403784,0.));
#3848 = PCURVE('',#1482,#3849);
#3849 = DEFINITIONAL_REPRESENTATION('',(#3850),#3854);
#3850 = LINE('',#3851,#3852);
#3851 = CARTESIAN_POINT('',(0.,0.));
#3852 = VECTOR('',#3853,1.);
#3853 = DIRECTION('',(1.,0.));
#3854 = ( GEOMETRIC_REPRESENTATION_CONTEXT(2) 
PARAMETRIC_REPRESENTATION_CONTEXT() REPRESENTATION_CONTEXT('2D SPACE',''
  ) );
#3855 = PCURVE('',#2859,#3856);
#3856 = DEFINITIONAL_REPRESENTATION('',(#3857),#3861);
#3857 = LINE('',#3858,#3859);
#3858 = CARTESIAN_POINT('',(150.,0.));
#3859 = VECTOR('',#3860,1.);
#3860 = DIRECTION('',(0.,1.));
#3861 = ( GEOMETRIC_REPRESENTATION_CONTEXT(2) 
PARAMETRIC_REPRESENTATION_CONTEXT() REPRESENTATION_CONTEXT('2D SPACE',''
  ) );
#3862 = ADVANCED_FACE('',(#3863),#1454,.F.);
#3863 = FACE_BOUND('',#3864,.F.);
#3864 = EDGE_LOOP('',(#3865,#3888,#3909));
#3865 = ORIENTED_EDGE('',*,*,#3866,.F.);
#3866 = EDGE_CURVE('',#3867,#1411,#3869,.T.);
#3867 = VERTEX_POINT('',#3868);
#3868 = CARTESIAN_POINT('',(-38.66025403784,-46.96152422706,1.145E+03));
#3869 = SURFACE_CURVE('',#3870,(#3874,#3881),.PCURVE_S1.);
#3870 = LINE('',#3871,#3872);
#3871 = CARTESIAN_POINT('',(-38.66025403784,-46.96152422706,1.145E+03));
#3872 = VECTOR('',#3873,1.);
#3873 = DIRECTION('',(0.5,0.866025403784,0.));
#3874 = PCURVE('',#1454,#3875);
#3875 = DEFINITIONAL_REPRESENTATION('',(#3876),#3880);
#3876 = LINE('',#3877,#3878);
#3877 = CARTESIAN_POINT('',(0.,20.));
#3878 = VECTOR('',#3879,1.);
#3879 = DIRECTION('',(1.,0.));
#3880 = ( GEOMETRIC_REPRESENTATION_CONTEXT(2) 
PARAMETRIC_REPRESENTATION_CONTEXT() REPRESENTATION_CONTEXT('2D SPACE',''
  ) );
#3881 = PCURVE('',#2701,#3882);
#3882 = DEFINITIONAL_REPRESENTATION('',(#3883),#3887);
#3883 = LINE('',#3884,#3885);
#3884 = CARTESIAN_POINT('',(150.,0.));
#3885 = VECTOR('',#3886,1.);
#3886 = DIRECTION('',(0.,1.));
#3887 = ( GEOMETRIC_REPRESENTATION_CONTEXT(2) 
PARAMETRIC_REPRESENTATION_CONTEXT() REPRESENTATION_CONTEXT('2D SPACE',''
  ) );
#3888 = ORIENTED_EDGE('',*,*,#3889,.F.);
#3889 = EDGE_CURVE('',#1439,#3867,#3890,.T.);
#3890 = SURFACE_CURVE('',#3891,(#3895,#3902),.PCURVE_S1.);
#3891 = LINE('',#3892,#3893);
#3892 = CARTESIAN_POINT('',(-21.33974596215,-56.96152422706,1.145E+03));
#3893 = VECTOR('',#3894,1.);
#3894 = DIRECTION('',(-0.866025403784,0.5,0.));
#3895 = PCURVE('',#1454,#3896);
#3896 = DEFINITIONAL_REPRESENTATION('',(#3897),#3901);
#3897 = LINE('',#3898,#3899);
#3898 = CARTESIAN_POINT('',(0.,0.));
#3899 = VECTOR('',#3900,1.);
#3900 = DIRECTION('',(0.,1.));
#3901 = ( GEOMETRIC_REPRESENTATION_CONTEXT(2) 
PARAMETRIC_REPRESENTATION_CONTEXT() REPRESENTATION_CONTEXT('2D SPACE',''
  ) );
#3902 = PCURVE('',#3830,#3903);
#3903 = DEFINITIONAL_REPRESENTATION('',(#3904),#3908);
#3904 = LINE('',#3905,#3906);
#3905 = CARTESIAN_POINT('',(150.,0.));
#3906 = VECTOR('',#3907,1.);
#3907 = DIRECTION('',(0.,-1.));
#3908 = ( GEOMETRIC_REPRESENTATION_CONTEXT(2) 
PARAMETRIC_REPRESENTATION_CONTEXT() REPRESENTATION_CONTEXT('2D SPACE',''
  ) );
#3909 = ORIENTED_EDGE('',*,*,#1438,.F.);
#3910 = ADVANCED_FACE('',(#3911),#1426,.F.);
#3911 = FACE_BOUND('',#3912,.F.);
#3912 = EDGE_LOOP('',(#3913,#3914,#3941,#3942));
#3913 = ORIENTED_EDGE('',*,*,#2599,.T.);
#3914 = ORIENTED_EDGE('',*,*,#3915,.F.);
#3915 = EDGE_CURVE('',#1411,#2579,#3916,.T.);
#3916 = SURFACE_CURVE('',#3917,(#3922,#3934),.PCURVE_S1.);
#3917 = HYPERBOLA('',#3918,50.,10.);
#3918 = AXIS2_PLACEMENT_3D('',#3919,#3920,#3921);
#3919 = CARTESIAN_POINT('',(-8.660254037844,5.,845.));
#3920 = DIRECTION('',(-0.866025403784,0.5,0.));
#3921 = DIRECTION('',(0.,0.,1.));
#3922 = PCURVE('',#1426,#3923);
#3923 = DEFINITIONAL_REPRESENTATION('',(#3924),#3933);
#3924 = B_SPLINE_CURVE_WITH_KNOTS('',7,(#3925,#3926,#3927,#3928,#3929,
    #3930,#3931,#3932),.UNSPECIFIED.,.F.,.F.,(8,8),(-2.477888730288,
    -1.762747174039),.PIECEWISE_BEZIER_KNOTS.);
#3925 = CARTESIAN_POINT('',(4.021342125567,150.));
#3926 = CARTESIAN_POINT('',(4.004314945656,119.77975355013));
#3927 = CARTESIAN_POINT('',(3.985286667621,93.212559717535));
#3928 = CARTESIAN_POINT('',(3.963983223978,69.783241035626));
#3929 = CARTESIAN_POINT('',(3.940087526909,49.070010422258));
#3930 = CARTESIAN_POINT('',(3.91323519146,30.722608565744));
#3931 = CARTESIAN_POINT('',(3.883007655154,14.448041255207));
#3932 = CARTESIAN_POINT('',(3.848953295332,0.));
#3933 = ( GEOMETRIC_REPRESENTATION_CONTEXT(2) 
PARAMETRIC_REPRESENTATION_CONTEXT() REPRESENTATION_CONTEXT('2D SPACE',''
  ) );
#3934 = PCURVE('',#2701,#3935);
#3935 = DEFINITIONAL_REPRESENTATION('',(#3936),#3940);
#3936 = ( BOUNDED_CURVE() B_SPLINE_CURVE(2,(#3937,#3938,#3939),
.UNSPECIFIED.,.F.,.F.) B_SPLINE_CURVE_WITH_KNOTS((3,3),(-2.477888730288,
-1.762747174039),.PIECEWISE_BEZIER_KNOTS.) CURVE() 
GEOMETRIC_REPRESENTATION_ITEM() RATIONAL_B_SPLINE_CURVE((1.,
1.06461248098,1.)) REPRESENTATION_ITEM('') );
#3937 = CARTESIAN_POINT('',(150.,0.839202169004));
#3938 = CARTESIAN_POINT('',(48.517780726008,21.423553224693));
#3939 = CARTESIAN_POINT('',(0.,31.715728752538));
#3940 = ( GEOMETRIC_REPRESENTATION_CONTEXT(2) 
PARAMETRIC_REPRESENTATION_CONTEXT() REPRESENTATION_CONTEXT('2D SPACE',''
  ) );
#3941 = ORIENTED_EDGE('',*,*,#1410,.F.);
#3942 = ORIENTED_EDGE('',*,*,#3943,.T.);
#3943 = EDGE_CURVE('',#1383,#2475,#3944,.T.);
#3944 = SURFACE_CURVE('',#3945,(#3950,#3962),.PCURVE_S1.);
#3945 = HYPERBOLA('',#3946,50.,10.);
#3946 = AXIS2_PLACEMENT_3D('',#3947,#3948,#3949);
#3947 = CARTESIAN_POINT('',(0.,-10.,845.));
#3948 = DIRECTION('',(-0.,1.,0.));
#3949 = DIRECTION('',(0.,0.,1.));
#3950 = PCURVE('',#1426,#3951);
#3951 = DEFINITIONAL_REPRESENTATION('',(#3952),#3961);
#3952 = B_SPLINE_CURVE_WITH_KNOTS('',7,(#3953,#3954,#3955,#3956,#3957,
    #3958,#3959,#3960),.UNSPECIFIED.,.F.,.F.,(8,8),(-2.477888730288,
    -1.762747174039),.PIECEWISE_BEZIER_KNOTS.);
#3953 = CARTESIAN_POINT('',(3.309040732809,150.));
#3954 = CARTESIAN_POINT('',(3.32606791272,119.77975355013));
#3955 = CARTESIAN_POINT('',(3.345096190755,93.212559717537));
#3956 = CARTESIAN_POINT('',(3.366399634398,69.783241035633));
#3957 = CARTESIAN_POINT('',(3.390295331466,49.070010422258));
#3958 = CARTESIAN_POINT('',(3.417147666917,30.722608565746));
#3959 = CARTESIAN_POINT('',(3.447375203223,14.448041255207));
#3960 = CARTESIAN_POINT('',(3.481429563044,2.049642507E-15));
#3961 = ( GEOMETRIC_REPRESENTATION_CONTEXT(2) 
PARAMETRIC_REPRESENTATION_CONTEXT() REPRESENTATION_CONTEXT('2D SPACE',''
  ) );
#3962 = PCURVE('',#2542,#3963);
#3963 = DEFINITIONAL_REPRESENTATION('',(#3964),#3968);
#3964 = ( BOUNDED_CURVE() B_SPLINE_CURVE(2,(#3965,#3966,#3967),
.UNSPECIFIED.,.F.,.F.) B_SPLINE_CURVE_WITH_KNOTS((3,3),(-2.477888730288,
-1.762747174039),.PIECEWISE_BEZIER_KNOTS.) CURVE() 
GEOMETRIC_REPRESENTATION_ITEM() RATIONAL_B_SPLINE_CURVE((1.,
1.06461248098,1.)) REPRESENTATION_ITEM('') );
#3965 = CARTESIAN_POINT('',(150.,0.839202169004));
#3966 = CARTESIAN_POINT('',(48.517780726008,21.423553224693));
#3967 = CARTESIAN_POINT('',(5.684341886081E-14,31.715728752538));
#3968 = ( GEOMETRIC_REPRESENTATION_CONTEXT(2) 
PARAMETRIC_REPRESENTATION_CONTEXT() REPRESENTATION_CONTEXT('2D SPACE',''
  ) );
#3969 = ADVANCED_FACE('',(#3970),#1398,.F.);
#3970 = FACE_BOUND('',#3971,.F.);
#3971 = EDGE_LOOP('',(#3972,#3973,#4001));
#3972 = ORIENTED_EDGE('',*,*,#1382,.F.);
#3973 = ORIENTED_EDGE('',*,*,#3974,.F.);
#3974 = EDGE_CURVE('',#3975,#1355,#3977,.T.);
#3975 = VERTEX_POINT('',#3976);
#3976 = CARTESIAN_POINT('',(-60.,-10.,1.145E+03));
#3977 = SURFACE_CURVE('',#3978,(#3982,#3989),.PCURVE_S1.);
#3978 = LINE('',#3979,#3980);
#3979 = CARTESIAN_POINT('',(-60.,-10.,1.145E+03));
#3980 = VECTOR('',#3981,1.);
#3981 = DIRECTION('',(-0.,1.,0.));
#3982 = PCURVE('',#1398,#3983);
#3983 = DEFINITIONAL_REPRESENTATION('',(#3984),#3988);
#3984 = LINE('',#3985,#3986);
#3985 = CARTESIAN_POINT('',(0.,0.));
#3986 = VECTOR('',#3987,1.);
#3987 = DIRECTION('',(0.,1.));
#3988 = ( GEOMETRIC_REPRESENTATION_CONTEXT(2) 
PARAMETRIC_REPRESENTATION_CONTEXT() REPRESENTATION_CONTEXT('2D SPACE',''
  ) );
#3989 = PCURVE('',#3990,#3995);
#3990 = PLANE('',#3991);
#3991 = AXIS2_PLACEMENT_3D('',#3992,#3993,#3994);
#3992 = CARTESIAN_POINT('',(-60.,-10.,995.));
#3993 = DIRECTION('',(1.,0.,-0.));
#3994 = DIRECTION('',(0.,0.,1.));
#3995 = DEFINITIONAL_REPRESENTATION('',(#3996),#4000);
#3996 = LINE('',#3997,#3998);
#3997 = CARTESIAN_POINT('',(150.,0.));
#3998 = VECTOR('',#3999,1.);
#3999 = DIRECTION('',(0.,-1.));
#4000 = ( GEOMETRIC_REPRESENTATION_CONTEXT(2) 
PARAMETRIC_REPRESENTATION_CONTEXT() REPRESENTATION_CONTEXT('2D SPACE',''
  ) );
#4001 = ORIENTED_EDGE('',*,*,#4002,.T.);
#4002 = EDGE_CURVE('',#3975,#1383,#4003,.T.);
#4003 = SURFACE_CURVE('',#4004,(#4008,#4015),.PCURVE_S1.);
#4004 = LINE('',#4005,#4006);
#4005 = CARTESIAN_POINT('',(-60.,-10.,1.145E+03));
#4006 = VECTOR('',#4007,1.);
#4007 = DIRECTION('',(1.,0.,-0.));
#4008 = PCURVE('',#1398,#4009);
#4009 = DEFINITIONAL_REPRESENTATION('',(#4010),#4014);
#4010 = LINE('',#4011,#4012);
#4011 = CARTESIAN_POINT('',(0.,0.));
#4012 = VECTOR('',#4013,1.);
#4013 = DIRECTION('',(1.,0.));
#4014 = ( GEOMETRIC_REPRESENTATION_CONTEXT(2) 
PARAMETRIC_REPRESENTATION_CONTEXT() REPRESENTATION_CONTEXT('2D SPACE',''
  ) );
#4015 = PCURVE('',#2542,#4016);
#4016 = DEFINITIONAL_REPRESENTATION('',(#4017),#4021);
#4017 = LINE('',#4018,#4019);
#4018 = CARTESIAN_POINT('',(150.,0.));
#4019 = VECTOR('',#4020,1.);
#4020 = DIRECTION('',(0.,1.));
#4021 = ( GEOMETRIC_REPRESENTATION_CONTEXT(2) 
PARAMETRIC_REPRESENTATION_CONTEXT() REPRESENTATION_CONTEXT('2D SPACE',''
  ) );
#4022 = ADVANCED_FACE('',(#4023),#1370,.F.);
#4023 = FACE_BOUND('',#4024,.F.);
#4024 = EDGE_LOOP('',(#4025,#4048,#4069));
#4025 = ORIENTED_EDGE('',*,*,#4026,.F.);
#4026 = EDGE_CURVE('',#4027,#1327,#4029,.T.);
#4027 = VERTEX_POINT('',#4028);
#4028 = CARTESIAN_POINT('',(-60.,10.,1.145E+03));
#4029 = SURFACE_CURVE('',#4030,(#4034,#4041),.PCURVE_S1.);
#4030 = LINE('',#4031,#4032);
#4031 = CARTESIAN_POINT('',(-60.,10.,1.145E+03));
#4032 = VECTOR('',#4033,1.);
#4033 = DIRECTION('',(1.,0.,-0.));
#4034 = PCURVE('',#1370,#4035);
#4035 = DEFINITIONAL_REPRESENTATION('',(#4036),#4040);
#4036 = LINE('',#4037,#4038);
#4037 = CARTESIAN_POINT('',(0.,20.));
#4038 = VECTOR('',#4039,1.);
#4039 = DIRECTION('',(1.,0.));
#4040 = ( GEOMETRIC_REPRESENTATION_CONTEXT(2) 
PARAMETRIC_REPRESENTATION_CONTEXT() REPRESENTATION_CONTEXT('2D SPACE',''
  ) );
#4041 = PCURVE('',#2384,#4042);
#4042 = DEFINITIONAL_REPRESENTATION('',(#4043),#4047);
#4043 = LINE('',#4044,#4045);
#4044 = CARTESIAN_POINT('',(150.,0.));
#4045 = VECTOR('',#4046,1.);
#4046 = DIRECTION('',(0.,1.));
#4047 = ( GEOMETRIC_REPRESENTATION_CONTEXT(2) 
PARAMETRIC_REPRESENTATION_CONTEXT() REPRESENTATION_CONTEXT('2D SPACE',''
  ) );
#4048 = ORIENTED_EDGE('',*,*,#4049,.F.);
#4049 = EDGE_CURVE('',#1355,#4027,#4050,.T.);
#4050 = SURFACE_CURVE('',#4051,(#4055,#4062),.PCURVE_S1.);
#4051 = LINE('',#4052,#4053);
#4052 = CARTESIAN_POINT('',(-60.,-10.,1.145E+03));
#4053 = VECTOR('',#4054,1.);
#4054 = DIRECTION('',(-0.,1.,0.));
#4055 = PCURVE('',#1370,#4056);
#4056 = DEFINITIONAL_REPRESENTATION('',(#4057),#4061);
#4057 = LINE('',#4058,#4059);
#4058 = CARTESIAN_POINT('',(0.,0.));
#4059 = VECTOR('',#4060,1.);
#4060 = DIRECTION('',(0.,1.));
#4061 = ( GEOMETRIC_REPRESENTATION_CONTEXT(2) 
PARAMETRIC_REPRESENTATION_CONTEXT() REPRESENTATION_CONTEXT('2D SPACE',''
  ) );
#4062 = PCURVE('',#3990,#4063);
#4063 = DEFINITIONAL_REPRESENTATION('',(#4064),#4068);
#4064 = LINE('',#4065,#4066);
#4065 = CARTESIAN_POINT('',(150.,0.));
#4066 = VECTOR('',#4067,1.);
#4067 = DIRECTION('',(0.,-1.));
#4068 = ( GEOMETRIC_REPRESENTATION_CONTEXT(2) 
PARAMETRIC_REPRESENTATION_CONTEXT() REPRESENTATION_CONTEXT('2D SPACE',''
  ) );
#4069 = ORIENTED_EDGE('',*,*,#1354,.F.);
#4070 = ADVANCED_FACE('',(#4071),#1342,.F.);
#4071 = FACE_BOUND('',#4072,.F.);
#4072 = EDGE_LOOP('',(#4073,#4100,#4101,#4128));
#4073 = ORIENTED_EDGE('',*,*,#4074,.T.);
#4074 = EDGE_CURVE('',#1299,#2158,#4075,.T.);
#4075 = SURFACE_CURVE('',#4076,(#4081,#4093),.PCURVE_S1.);
#4076 = HYPERBOLA('',#4077,50.,10.);
#4077 = AXIS2_PLACEMENT_3D('',#4078,#4079,#4080);
#4078 = CARTESIAN_POINT('',(-8.660254037844,-5.,845.));
#4079 = DIRECTION('',(0.866025403784,0.5,0.));
#4080 = DIRECTION('',(-0.,0.,1.));
#4081 = PCURVE('',#1342,#4082);
#4082 = DEFINITIONAL_REPRESENTATION('',(#4083),#4092);
#4083 = B_SPLINE_CURVE_WITH_KNOTS('',7,(#4084,#4085,#4086,#4087,#4088,
    #4089,#4090,#4091),.UNSPECIFIED.,.F.,.F.,(8,8),(-2.477888730288,
    -1.762747174039),.PIECEWISE_BEZIER_KNOTS.);
#4084 = CARTESIAN_POINT('',(2.261843181613,150.));
#4085 = CARTESIAN_POINT('',(2.278870361524,119.77975355013));
#4086 = CARTESIAN_POINT('',(2.297898639559,93.21255971753));
#4087 = CARTESIAN_POINT('',(2.319202083199,69.783241035654));
#4088 = CARTESIAN_POINT('',(2.343097780272,49.070010422236));
#4089 = CARTESIAN_POINT('',(2.369950115719,30.722608565757));
#4090 = CARTESIAN_POINT('',(2.400177652026,14.448041255207));
#4091 = CARTESIAN_POINT('',(2.434232011847,6.832141690001E-16));
#4092 = ( GEOMETRIC_REPRESENTATION_CONTEXT(2) 
PARAMETRIC_REPRESENTATION_CONTEXT() REPRESENTATION_CONTEXT('2D SPACE',''
  ) );
#4093 = PCURVE('',#2225,#4094);
#4094 = DEFINITIONAL_REPRESENTATION('',(#4095),#4099);
#4095 = ( BOUNDED_CURVE() B_SPLINE_CURVE(2,(#4096,#4097,#4098),
.UNSPECIFIED.,.F.,.F.) B_SPLINE_CURVE_WITH_KNOTS((3,3),(-2.477888730288,
-1.762747174039),.PIECEWISE_BEZIER_KNOTS.) CURVE() 
GEOMETRIC_REPRESENTATION_ITEM() RATIONAL_B_SPLINE_CURVE((1.,
1.06461248098,1.)) REPRESENTATION_ITEM('') );
#4096 = CARTESIAN_POINT('',(150.,0.839202169004));
#4097 = CARTESIAN_POINT('',(48.517780726008,21.423553224693));
#4098 = CARTESIAN_POINT('',(2.84217094304E-14,31.715728752538));
#4099 = ( GEOMETRIC_REPRESENTATION_CONTEXT(2) 
PARAMETRIC_REPRESENTATION_CONTEXT() REPRESENTATION_CONTEXT('2D SPACE',''
  ) );
#4100 = ORIENTED_EDGE('',*,*,#2261,.T.);
#4101 = ORIENTED_EDGE('',*,*,#4102,.F.);
#4102 = EDGE_CURVE('',#1327,#2262,#4103,.T.);
#4103 = SURFACE_CURVE('',#4104,(#4109,#4121),.PCURVE_S1.);
#4104 = HYPERBOLA('',#4105,50.,10.);
#4105 = AXIS2_PLACEMENT_3D('',#4106,#4107,#4108);
#4106 = CARTESIAN_POINT('',(0.,10.,845.));
#4107 = DIRECTION('',(-0.,1.,0.));
#4108 = DIRECTION('',(0.,0.,1.));
#4109 = PCURVE('',#1342,#4110);
#4110 = DEFINITIONAL_REPRESENTATION('',(#4111),#4120);
#4111 = B_SPLINE_CURVE_WITH_KNOTS('',7,(#4112,#4113,#4114,#4115,#4116,
    #4117,#4118,#4119),.UNSPECIFIED.,.F.,.F.,(8,8),(-2.477888730288,
    -1.762747174039),.PIECEWISE_BEZIER_KNOTS.);
#4112 = CARTESIAN_POINT('',(2.97414457437,150.));
#4113 = CARTESIAN_POINT('',(2.957117394459,119.77975355013));
#4114 = CARTESIAN_POINT('',(2.938089116424,93.212559717541));
#4115 = CARTESIAN_POINT('',(2.916785672782,69.783241035626));
#4116 = CARTESIAN_POINT('',(2.892889975711,49.07001042225));
#4117 = CARTESIAN_POINT('',(2.866037640263,30.722608565748));
#4118 = CARTESIAN_POINT('',(2.835810103957,14.448041255207));
#4119 = CARTESIAN_POINT('',(2.801755744136,-6.832141690001E-16));
#4120 = ( GEOMETRIC_REPRESENTATION_CONTEXT(2) 
PARAMETRIC_REPRESENTATION_CONTEXT() REPRESENTATION_CONTEXT('2D SPACE',''
  ) );
#4121 = PCURVE('',#2384,#4122);
#4122 = DEFINITIONAL_REPRESENTATION('',(#4123),#4127);
#4123 = ( BOUNDED_CURVE() B_SPLINE_CURVE(2,(#4124,#4125,#4126),
.UNSPECIFIED.,.F.,.F.) B_SPLINE_CURVE_WITH_KNOTS((3,3),(-2.477888730288,
-1.762747174039),.PIECEWISE_BEZIER_KNOTS.) CURVE() 
GEOMETRIC_REPRESENTATION_ITEM() RATIONAL_B_SPLINE_CURVE((1.,
1.06461248098,1.)) REPRESENTATION_ITEM('') );
#4124 = CARTESIAN_POINT('',(150.,0.839202169004));
#4125 = CARTESIAN_POINT('',(48.517780726008,21.423553224693));
#4126 = CARTESIAN_POINT('',(0.,31.715728752538));
#4127 = ( GEOMETRIC_REPRESENTATION_CONTEXT(2) 
PARAMETRIC_REPRESENTATION_CONTEXT() REPRESENTATION_CONTEXT('2D SPACE',''
  ) );
#4128 = ORIENTED_EDGE('',*,*,#1326,.F.);
#4129 = ADVANCED_FACE('',(#4130),#1314,.F.);
#4130 = FACE_BOUND('',#4131,.F.);
#4131 = EDGE_LOOP('',(#4132,#4133,#4161));
#4132 = ORIENTED_EDGE('',*,*,#1298,.F.);
#4133 = ORIENTED_EDGE('',*,*,#4134,.F.);
#4134 = EDGE_CURVE('',#4135,#1271,#4137,.T.);
#4135 = VERTEX_POINT('',#4136);
#4136 = CARTESIAN_POINT('',(-38.66025403784,46.961524227066,1.145E+03));
#4137 = SURFACE_CURVE('',#4138,(#4142,#4149),.PCURVE_S1.);
#4138 = LINE('',#4139,#4140);
#4139 = CARTESIAN_POINT('',(-38.66025403784,46.961524227066,1.145E+03));
#4140 = VECTOR('',#4141,1.);
#4141 = DIRECTION('',(0.866025403784,0.5,0.));
#4142 = PCURVE('',#1314,#4143);
#4143 = DEFINITIONAL_REPRESENTATION('',(#4144),#4148);
#4144 = LINE('',#4145,#4146);
#4145 = CARTESIAN_POINT('',(0.,0.));
#4146 = VECTOR('',#4147,1.);
#4147 = DIRECTION('',(0.,1.));
#4148 = ( GEOMETRIC_REPRESENTATION_CONTEXT(2) 
PARAMETRIC_REPRESENTATION_CONTEXT() REPRESENTATION_CONTEXT('2D SPACE',''
  ) );
#4149 = PCURVE('',#4150,#4155);
#4150 = PLANE('',#4151);
#4151 = AXIS2_PLACEMENT_3D('',#4152,#4153,#4154);
#4152 = CARTESIAN_POINT('',(-38.66025403784,46.961524227066,995.));
#4153 = DIRECTION('',(0.5,-0.866025403784,0.));
#4154 = DIRECTION('',(0.,0.,1.));
#4155 = DEFINITIONAL_REPRESENTATION('',(#4156),#4160);
#4156 = LINE('',#4157,#4158);
#4157 = CARTESIAN_POINT('',(150.,0.));
#4158 = VECTOR('',#4159,1.);
#4159 = DIRECTION('',(0.,-1.));
#4160 = ( GEOMETRIC_REPRESENTATION_CONTEXT(2) 
PARAMETRIC_REPRESENTATION_CONTEXT() REPRESENTATION_CONTEXT('2D SPACE',''
  ) );
#4161 = ORIENTED_EDGE('',*,*,#4162,.T.);
#4162 = EDGE_CURVE('',#4135,#1299,#4163,.T.);
#4163 = SURFACE_CURVE('',#4164,(#4168,#4175),.PCURVE_S1.);
#4164 = LINE('',#4165,#4166);
#4165 = CARTESIAN_POINT('',(-38.66025403784,46.961524227066,1.145E+03));
#4166 = VECTOR('',#4167,1.);
#4167 = DIRECTION('',(0.5,-0.866025403784,0.));
#4168 = PCURVE('',#1314,#4169);
#4169 = DEFINITIONAL_REPRESENTATION('',(#4170),#4174);
#4170 = LINE('',#4171,#4172);
#4171 = CARTESIAN_POINT('',(0.,0.));
#4172 = VECTOR('',#4173,1.);
#4173 = DIRECTION('',(1.,0.));
#4174 = ( GEOMETRIC_REPRESENTATION_CONTEXT(2) 
PARAMETRIC_REPRESENTATION_CONTEXT() REPRESENTATION_CONTEXT('2D SPACE',''
  ) );
#4175 = PCURVE('',#2225,#4176);
#4176 = DEFINITIONAL_REPRESENTATION('',(#4177),#4181);
#4177 = LINE('',#4178,#4179);
#4178 = CARTESIAN_POINT('',(150.,0.));
#4179 = VECTOR('',#4180,1.);
#4180 = DIRECTION('',(0.,1.));
#4181 = ( GEOMETRIC_REPRESENTATION_CONTEXT(2) 
PARAMETRIC_REPRESENTATION_CONTEXT() REPRESENTATION_CONTEXT('2D SPACE',''
  ) );
#4182 = ADVANCED_FACE('',(#4183),#1286,.F.);
#4183 = FACE_BOUND('',#4184,.F.);
#4184 = EDGE_LOOP('',(#4185,#4208,#4229));
#4185 = ORIENTED_EDGE('',*,*,#4186,.F.);
#4186 = EDGE_CURVE('',#4187,#1243,#4189,.T.);
#4187 = VERTEX_POINT('',#4188);
#4188 = CARTESIAN_POINT('',(-21.33974596215,56.961524227066,1.145E+03));
#4189 = SURFACE_CURVE('',#4190,(#4194,#4201),.PCURVE_S1.);
#4190 = LINE('',#4191,#4192);
#4191 = CARTESIAN_POINT('',(-21.33974596215,56.961524227066,1.145E+03));
#4192 = VECTOR('',#4193,1.);
#4193 = DIRECTION('',(0.5,-0.866025403784,0.));
#4194 = PCURVE('',#1286,#4195);
#4195 = DEFINITIONAL_REPRESENTATION('',(#4196),#4200);
#4196 = LINE('',#4197,#4198);
#4197 = CARTESIAN_POINT('',(0.,20.));
#4198 = VECTOR('',#4199,1.);
#4199 = DIRECTION('',(1.,0.));
#4200 = ( GEOMETRIC_REPRESENTATION_CONTEXT(2) 
PARAMETRIC_REPRESENTATION_CONTEXT() REPRESENTATION_CONTEXT('2D SPACE',''
  ) );
#4201 = PCURVE('',#2067,#4202);
#4202 = DEFINITIONAL_REPRESENTATION('',(#4203),#4207);
#4203 = LINE('',#4204,#4205);
#4204 = CARTESIAN_POINT('',(150.,0.));
#4205 = VECTOR('',#4206,1.);
#4206 = DIRECTION('',(0.,1.));
#4207 = ( GEOMETRIC_REPRESENTATION_CONTEXT(2) 
PARAMETRIC_REPRESENTATION_CONTEXT() REPRESENTATION_CONTEXT('2D SPACE',''
  ) );
#4208 = ORIENTED_EDGE('',*,*,#4209,.F.);
#4209 = EDGE_CURVE('',#1271,#4187,#4210,.T.);
#4210 = SURFACE_CURVE('',#4211,(#4215,#4222),.PCURVE_S1.);
#4211 = LINE('',#4212,#4213);
#4212 = CARTESIAN_POINT('',(-38.66025403784,46.961524227066,1.145E+03));
#4213 = VECTOR('',#4214,1.);
#4214 = DIRECTION('',(0.866025403784,0.5,0.));
#4215 = PCURVE('',#1286,#4216);
#4216 = DEFINITIONAL_REPRESENTATION('',(#4217),#4221);
#4217 = LINE('',#4218,#4219);
#4218 = CARTESIAN_POINT('',(0.,0.));
#4219 = VECTOR('',#4220,1.);
#4220 = DIRECTION('',(0.,1.));
#4221 = ( GEOMETRIC_REPRESENTATION_CONTEXT(2) 
PARAMETRIC_REPRESENTATION_CONTEXT() REPRESENTATION_CONTEXT('2D SPACE',''
  ) );
#4222 = PCURVE('',#4150,#4223);
#4223 = DEFINITIONAL_REPRESENTATION('',(#4224),#4228);
#4224 = LINE('',#4225,#4226);
#4225 = CARTESIAN_POINT('',(150.,0.));
#4226 = VECTOR('',#4227,1.);
#4227 = DIRECTION('',(0.,-1.));
#4228 = ( GEOMETRIC_REPRESENTATION_CONTEXT(2) 
PARAMETRIC_REPRESENTATION_CONTEXT() REPRESENTATION_CONTEXT('2D SPACE',''
  ) );
#4229 = ORIENTED_EDGE('',*,*,#1270,.F.);
#4230 = ADVANCED_FACE('',(#4231),#1258,.F.);
#4231 = FACE_BOUND('',#4232,.F.);
#4232 = EDGE_LOOP('',(#4233,#4234,#4261,#4262));
#4233 = ORIENTED_EDGE('',*,*,#1242,.F.);
#4234 = ORIENTED_EDGE('',*,*,#4235,.F.);
#4235 = EDGE_CURVE('',#1843,#1215,#4236,.T.);
#4236 = SURFACE_CURVE('',#4237,(#4242,#4254),.PCURVE_S1.);
#4237 = HYPERBOLA('',#4238,50.,10.);
#4238 = AXIS2_PLACEMENT_3D('',#4239,#4240,#4241);
#4239 = CARTESIAN_POINT('',(-8.660254037844,5.,845.));
#4240 = DIRECTION('',(-0.866025403784,0.5,0.));
#4241 = DIRECTION('',(0.,0.,1.));
#4242 = PCURVE('',#1258,#4243);
#4243 = DEFINITIONAL_REPRESENTATION('',(#4244),#4253);
#4244 = B_SPLINE_CURVE_WITH_KNOTS('',7,(#4245,#4246,#4247,#4248,#4249,
    #4250,#4251,#4252),.UNSPECIFIED.,.F.,.F.,(8,8),(1.762747174039,
    2.477888730288),.PIECEWISE_BEZIER_KNOTS.);
#4245 = CARTESIAN_POINT('',(1.387034460651,0.));
#4246 = CARTESIAN_POINT('',(1.352980100829,14.448041255207));
#4247 = CARTESIAN_POINT('',(1.322752564523,30.72260856576));
#4248 = CARTESIAN_POINT('',(1.295900229076,49.070010422208));
#4249 = CARTESIAN_POINT('',(1.272004532003,69.783241035633));
#4250 = CARTESIAN_POINT('',(1.250701088362,93.21255971753));
#4251 = CARTESIAN_POINT('',(1.231672810327,119.77975355013));
#4252 = CARTESIAN_POINT('',(1.214645630416,150.));
#4253 = ( GEOMETRIC_REPRESENTATION_CONTEXT(2) 
PARAMETRIC_REPRESENTATION_CONTEXT() REPRESENTATION_CONTEXT('2D SPACE',''
  ) );
#4254 = PCURVE('',#1879,#4255);
#4255 = DEFINITIONAL_REPRESENTATION('',(#4256),#4260);
#4256 = ( BOUNDED_CURVE() B_SPLINE_CURVE(2,(#4257,#4258,#4259),
.UNSPECIFIED.,.F.,.F.) B_SPLINE_CURVE_WITH_KNOTS((3,3),(1.762747174039,
2.477888730288),.PIECEWISE_BEZIER_KNOTS.) CURVE() 
GEOMETRIC_REPRESENTATION_ITEM() RATIONAL_B_SPLINE_CURVE((1.,
1.06461248098,1.)) REPRESENTATION_ITEM('') );
#4257 = CARTESIAN_POINT('',(2.84217094304E-14,88.284271247462));
#4258 = CARTESIAN_POINT('',(48.517780726008,98.576446775307));
#4259 = CARTESIAN_POINT('',(150.,119.16079783099));
#4260 = ( GEOMETRIC_REPRESENTATION_CONTEXT(2) 
PARAMETRIC_REPRESENTATION_CONTEXT() REPRESENTATION_CONTEXT('2D SPACE',''
  ) );
#4261 = ORIENTED_EDGE('',*,*,#1944,.T.);
#4262 = ORIENTED_EDGE('',*,*,#4263,.F.);
#4263 = EDGE_CURVE('',#1243,#1945,#4264,.T.);
#4264 = SURFACE_CURVE('',#4265,(#4270,#4282),.PCURVE_S1.);
#4265 = HYPERBOLA('',#4266,50.,10.);
#4266 = AXIS2_PLACEMENT_3D('',#4267,#4268,#4269);
#4267 = CARTESIAN_POINT('',(8.660254037844,5.,845.));
#4268 = DIRECTION('',(0.866025403784,0.5,0.));
#4269 = DIRECTION('',(-0.,0.,1.));
#4270 = PCURVE('',#1258,#4271);
#4271 = DEFINITIONAL_REPRESENTATION('',(#4272),#4281);
#4272 = B_SPLINE_CURVE_WITH_KNOTS('',7,(#4273,#4274,#4275,#4276,#4277,
    #4278,#4279,#4280),.UNSPECIFIED.,.F.,.F.,(8,8),(-2.477888730288,
    -1.762747174039),.PIECEWISE_BEZIER_KNOTS.);
#4273 = CARTESIAN_POINT('',(1.926947023174,150.));
#4274 = CARTESIAN_POINT('',(1.909919843263,119.77975355013));
#4275 = CARTESIAN_POINT('',(1.890891565227,93.212559717541));
#4276 = CARTESIAN_POINT('',(1.869588121587,69.783241035626));
#4277 = CARTESIAN_POINT('',(1.845692424514,49.07001042225));
#4278 = CARTESIAN_POINT('',(1.818840089067,30.722608565748));
#4279 = CARTESIAN_POINT('',(1.78861255276,14.448041255207));
#4280 = CARTESIAN_POINT('',(1.754558192939,-6.832141690001E-16));
#4281 = ( GEOMETRIC_REPRESENTATION_CONTEXT(2) 
PARAMETRIC_REPRESENTATION_CONTEXT() REPRESENTATION_CONTEXT('2D SPACE',''
  ) );
#4282 = PCURVE('',#2067,#4283);
#4283 = DEFINITIONAL_REPRESENTATION('',(#4284),#4288);
#4284 = ( BOUNDED_CURVE() B_SPLINE_CURVE(2,(#4285,#4286,#4287),
.UNSPECIFIED.,.F.,.F.) B_SPLINE_CURVE_WITH_KNOTS((3,3),(-2.477888730288,
-1.762747174039),.PIECEWISE_BEZIER_KNOTS.) CURVE() 
GEOMETRIC_REPRESENTATION_ITEM() RATIONAL_B_SPLINE_CURVE((1.,
1.06461248098,1.)) REPRESENTATION_ITEM('') );
#4285 = CARTESIAN_POINT('',(150.,0.839202169004));
#4286 = CARTESIAN_POINT('',(48.517780726008,21.423553224693));
#4287 = CARTESIAN_POINT('',(0.,31.715728752538));
#4288 = ( GEOMETRIC_REPRESENTATION_CONTEXT(2) 
PARAMETRIC_REPRESENTATION_CONTEXT() REPRESENTATION_CONTEXT('2D SPACE',''
  ) );
#4289 = ADVANCED_FACE('',(#4290),#1230,.F.);
#4290 = FACE_BOUND('',#4291,.F.);
#4291 = EDGE_LOOP('',(#4292,#4315,#4316));
#4292 = ORIENTED_EDGE('',*,*,#4293,.F.);
#4293 = EDGE_CURVE('',#1215,#4294,#4296,.T.);
#4294 = VERTEX_POINT('',#4295);
#4295 = CARTESIAN_POINT('',(21.339745962156,56.961524227066,1.145E+03));
#4296 = SURFACE_CURVE('',#4297,(#4301,#4308),.PCURVE_S1.);
#4297 = LINE('',#4298,#4299);
#4298 = CARTESIAN_POINT('',(-38.66025403784,-46.96152422706,1.145E+03));
#4299 = VECTOR('',#4300,1.);
#4300 = DIRECTION('',(0.5,0.866025403784,0.));
#4301 = PCURVE('',#1230,#4302);
#4302 = DEFINITIONAL_REPRESENTATION('',(#4303),#4307);
#4303 = LINE('',#4304,#4305);
#4304 = CARTESIAN_POINT('',(0.,20.));
#4305 = VECTOR('',#4306,1.);
#4306 = DIRECTION('',(1.,0.));
#4307 = ( GEOMETRIC_REPRESENTATION_CONTEXT(2) 
PARAMETRIC_REPRESENTATION_CONTEXT() REPRESENTATION_CONTEXT('2D SPACE',''
  ) );
#4308 = PCURVE('',#1879,#4309);
#4309 = DEFINITIONAL_REPRESENTATION('',(#4310),#4314);
#4310 = LINE('',#4311,#4312);
#4311 = CARTESIAN_POINT('',(150.,0.));
#4312 = VECTOR('',#4313,1.);
#4313 = DIRECTION('',(0.,1.));
#4314 = ( GEOMETRIC_REPRESENTATION_CONTEXT(2) 
PARAMETRIC_REPRESENTATION_CONTEXT() REPRESENTATION_CONTEXT('2D SPACE',''
  ) );
#4315 = ORIENTED_EDGE('',*,*,#1214,.F.);
#4316 = ORIENTED_EDGE('',*,*,#4317,.T.);
#4317 = EDGE_CURVE('',#1187,#4294,#4318,.T.);
#4318 = SURFACE_CURVE('',#4319,(#4323,#4330),.PCURVE_S1.);
#4319 = LINE('',#4320,#4321);
#4320 = CARTESIAN_POINT('',(38.660254037844,46.961524227066,1.145E+03));
#4321 = VECTOR('',#4322,1.);
#4322 = DIRECTION('',(-0.866025403784,0.5,0.));
#4323 = PCURVE('',#1230,#4324);
#4324 = DEFINITIONAL_REPRESENTATION('',(#4325),#4329);
#4325 = LINE('',#4326,#4327);
#4326 = CARTESIAN_POINT('',(120.,0.));
#4327 = VECTOR('',#4328,1.);
#4328 = DIRECTION('',(0.,1.));
#4329 = ( GEOMETRIC_REPRESENTATION_CONTEXT(2) 
PARAMETRIC_REPRESENTATION_CONTEXT() REPRESENTATION_CONTEXT('2D SPACE',''
  ) );
#4330 = PCURVE('',#4331,#4336);
#4331 = PLANE('',#4332);
#4332 = AXIS2_PLACEMENT_3D('',#4333,#4334,#4335);
#4333 = CARTESIAN_POINT('',(38.660254037844,46.961524227066,995.));
#4334 = DIRECTION('',(0.5,0.866025403784,0.));
#4335 = DIRECTION('',(0.,0.,1.));
#4336 = DEFINITIONAL_REPRESENTATION('',(#4337),#4341);
#4337 = LINE('',#4338,#4339);
#4338 = CARTESIAN_POINT('',(150.,0.));
#4339 = VECTOR('',#4340,1.);
#4340 = DIRECTION('',(0.,-1.));
#4341 = ( GEOMETRIC_REPRESENTATION_CONTEXT(2) 
PARAMETRIC_REPRESENTATION_CONTEXT() REPRESENTATION_CONTEXT('2D SPACE',''
  ) );
#4342 = ADVANCED_FACE('',(#4343),#1202,.F.);
#4343 = FACE_BOUND('',#4344,.F.);
#4344 = EDGE_LOOP('',(#4345,#4368,#4369));
#4345 = ORIENTED_EDGE('',*,*,#4346,.T.);
#4346 = EDGE_CURVE('',#4347,#1187,#4349,.T.);
#4347 = VERTEX_POINT('',#4348);
#4348 = CARTESIAN_POINT('',(38.660254037844,46.961524227066,1.145E+03));
#4349 = SURFACE_CURVE('',#4350,(#4354,#4361),.PCURVE_S1.);
#4350 = LINE('',#4351,#4352);
#4351 = CARTESIAN_POINT('',(38.660254037844,46.961524227066,1.145E+03));
#4352 = VECTOR('',#4353,1.);
#4353 = DIRECTION('',(-0.866025403784,0.5,0.));
#4354 = PCURVE('',#1202,#4355);
#4355 = DEFINITIONAL_REPRESENTATION('',(#4356),#4360);
#4356 = LINE('',#4357,#4358);
#4357 = CARTESIAN_POINT('',(120.,0.));
#4358 = VECTOR('',#4359,1.);
#4359 = DIRECTION('',(0.,1.));
#4360 = ( GEOMETRIC_REPRESENTATION_CONTEXT(2) 
PARAMETRIC_REPRESENTATION_CONTEXT() REPRESENTATION_CONTEXT('2D SPACE',''
  ) );
#4361 = PCURVE('',#4331,#4362);
#4362 = DEFINITIONAL_REPRESENTATION('',(#4363),#4367);
#4363 = LINE('',#4364,#4365);
#4364 = CARTESIAN_POINT('',(150.,0.));
#4365 = VECTOR('',#4366,1.);
#4366 = DIRECTION('',(0.,-1.));
#4367 = ( GEOMETRIC_REPRESENTATION_CONTEXT(2) 
PARAMETRIC_REPRESENTATION_CONTEXT() REPRESENTATION_CONTEXT('2D SPACE',''
  ) );
#4368 = ORIENTED_EDGE('',*,*,#1186,.F.);
#4369 = ORIENTED_EDGE('',*,*,#4370,.T.);
#4370 = EDGE_CURVE('',#1159,#4347,#4371,.T.);
#4371 = SURFACE_CURVE('',#4372,(#4376,#4383),.PCURVE_S1.);
#4372 = LINE('',#4373,#4374);
#4373 = CARTESIAN_POINT('',(-21.33974596215,-56.96152422706,1.145E+03));
#4374 = VECTOR('',#4375,1.);
#4375 = DIRECTION('',(0.5,0.866025403784,0.));
#4376 = PCURVE('',#1202,#4377);
#4377 = DEFINITIONAL_REPRESENTATION('',(#4378),#4382);
#4378 = LINE('',#4379,#4380);
#4379 = CARTESIAN_POINT('',(0.,0.));
#4380 = VECTOR('',#4381,1.);
#4381 = DIRECTION('',(1.,0.));
#4382 = ( GEOMETRIC_REPRESENTATION_CONTEXT(2) 
PARAMETRIC_REPRESENTATION_CONTEXT() REPRESENTATION_CONTEXT('2D SPACE',''
  ) );
#4383 = PCURVE('',#1716,#4384);
#4384 = DEFINITIONAL_REPRESENTATION('',(#4385),#4389);
#4385 = LINE('',#4386,#4387);
#4386 = CARTESIAN_POINT('',(150.,0.));
#4387 = VECTOR('',#4388,1.);
#4388 = DIRECTION('',(0.,1.));
#4389 = ( GEOMETRIC_REPRESENTATION_CONTEXT(2) 
PARAMETRIC_REPRESENTATION_CONTEXT() REPRESENTATION_CONTEXT('2D SPACE',''
  ) );
#4390 = ADVANCED_FACE('',(#4391),#1174,.F.);
#4391 = FACE_BOUND('',#4392,.F.);
#4392 = EDGE_LOOP('',(#4393,#4394,#4421,#4422));
#4393 = ORIENTED_EDGE('',*,*,#1158,.F.);
#4394 = ORIENTED_EDGE('',*,*,#4395,.F.);
#4395 = EDGE_CURVE('',#1608,#1131,#4396,.T.);
#4396 = SURFACE_CURVE('',#4397,(#4402,#4414),.PCURVE_S1.);
#4397 = HYPERBOLA('',#4398,50.,10.);
#4398 = AXIS2_PLACEMENT_3D('',#4399,#4400,#4401);
#4399 = CARTESIAN_POINT('',(0.,10.,845.));
#4400 = DIRECTION('',(-0.,1.,0.));
#4401 = DIRECTION('',(0.,0.,1.));
#4402 = PCURVE('',#1174,#4403);
#4403 = DEFINITIONAL_REPRESENTATION('',(#4404),#4413);
#4404 = B_SPLINE_CURVE_WITH_KNOTS('',7,(#4405,#4406,#4407,#4408,#4409,
    #4410,#4411,#4412),.UNSPECIFIED.,.F.,.F.,(8,8),(1.762747174039,
    2.477888730288),.PIECEWISE_BEZIER_KNOTS.);
#4405 = CARTESIAN_POINT('',(0.339836909454,0.));
#4406 = CARTESIAN_POINT('',(0.305782549633,14.448041255207));
#4407 = CARTESIAN_POINT('',(0.275555013326,30.722608565768));
#4408 = CARTESIAN_POINT('',(0.248702677879,49.070010422193));
#4409 = CARTESIAN_POINT('',(0.224806980807,69.783241035683));
#4410 = CARTESIAN_POINT('',(0.203503537166,93.212559717519));
#4411 = CARTESIAN_POINT('',(0.18447525913,119.77975355013));
#4412 = CARTESIAN_POINT('',(0.16744807922,150.));
#4413 = ( GEOMETRIC_REPRESENTATION_CONTEXT(2) 
PARAMETRIC_REPRESENTATION_CONTEXT() REPRESENTATION_CONTEXT('2D SPACE',''
  ) );
#4414 = PCURVE('',#3476,#4415);
#4415 = DEFINITIONAL_REPRESENTATION('',(#4416),#4420);
#4416 = ( BOUNDED_CURVE() B_SPLINE_CURVE(2,(#4417,#4418,#4419),
.UNSPECIFIED.,.F.,.F.) B_SPLINE_CURVE_WITH_KNOTS((3,3),(1.762747174039,
2.477888730288),.PIECEWISE_BEZIER_KNOTS.) CURVE() 
GEOMETRIC_REPRESENTATION_ITEM() RATIONAL_B_SPLINE_CURVE((1.,
1.06461248098,1.)) REPRESENTATION_ITEM('') );
#4417 = CARTESIAN_POINT('',(0.,88.284271247462));
#4418 = CARTESIAN_POINT('',(48.517780726008,98.576446775307));
#4419 = CARTESIAN_POINT('',(150.,119.16079783099));
#4420 = ( GEOMETRIC_REPRESENTATION_CONTEXT(2) 
PARAMETRIC_REPRESENTATION_CONTEXT() REPRESENTATION_CONTEXT('2D SPACE',''
  ) );
#4421 = ORIENTED_EDGE('',*,*,#1607,.T.);
#4422 = ORIENTED_EDGE('',*,*,#4423,.T.);
#4423 = EDGE_CURVE('',#1610,#1159,#4424,.T.);
#4424 = SURFACE_CURVE('',#4425,(#4430,#4442),.PCURVE_S1.);
#4425 = HYPERBOLA('',#4426,50.,10.);
#4426 = AXIS2_PLACEMENT_3D('',#4427,#4428,#4429);
#4427 = CARTESIAN_POINT('',(8.660254037844,-5.,845.));
#4428 = DIRECTION('',(-0.866025403784,0.5,0.));
#4429 = DIRECTION('',(0.,0.,1.));
#4430 = PCURVE('',#1174,#4431);
#4431 = DEFINITIONAL_REPRESENTATION('',(#4432),#4441);
#4432 = B_SPLINE_CURVE_WITH_KNOTS('',7,(#4433,#4434,#4435,#4436,#4437,
    #4438,#4439,#4440),.UNSPECIFIED.,.F.,.F.,(8,8),(1.762747174039,
    2.477888730288),.PIECEWISE_BEZIER_KNOTS.);
#4433 = CARTESIAN_POINT('',(0.707360641742,-6.832141690001E-16));
#4434 = CARTESIAN_POINT('',(0.741415001564,14.448041255207));
#4435 = CARTESIAN_POINT('',(0.77164253787,30.722608565768));
#4436 = CARTESIAN_POINT('',(0.798494873318,49.070010422193));
#4437 = CARTESIAN_POINT('',(0.82239057039,69.783241035683));
#4438 = CARTESIAN_POINT('',(0.843694014031,93.212559717519));
#4439 = CARTESIAN_POINT('',(0.862722292066,119.77975355013));
#4440 = CARTESIAN_POINT('',(0.879749471977,150.));
#4441 = ( GEOMETRIC_REPRESENTATION_CONTEXT(2) 
PARAMETRIC_REPRESENTATION_CONTEXT() REPRESENTATION_CONTEXT('2D SPACE',''
  ) );
#4442 = PCURVE('',#1716,#4443);
#4443 = DEFINITIONAL_REPRESENTATION('',(#4444),#4448);
#4444 = ( BOUNDED_CURVE() B_SPLINE_CURVE(2,(#4445,#4446,#4447),
.UNSPECIFIED.,.F.,.F.) B_SPLINE_CURVE_WITH_KNOTS((3,3),(1.762747174039,
2.477888730288),.PIECEWISE_BEZIER_KNOTS.) CURVE() 
GEOMETRIC_REPRESENTATION_ITEM() RATIONAL_B_SPLINE_CURVE((1.,
1.06461248098,1.)) REPRESENTATION_ITEM('') );
#4445 = CARTESIAN_POINT('',(0.,88.284271247462));
#4446 = CARTESIAN_POINT('',(48.517780726008,98.576446775307));
#4447 = CARTESIAN_POINT('',(150.,119.16079783099));
#4448 = ( GEOMETRIC_REPRESENTATION_CONTEXT(2) 
PARAMETRIC_REPRESENTATION_CONTEXT() REPRESENTATION_CONTEXT('2D SPACE',''
  ) );
#4449 = ADVANCED_FACE('',(#4450),#1146,.F.);
#4450 = FACE_BOUND('',#4451,.F.);
#4451 = EDGE_LOOP('',(#4452,#4475,#4476));
#4452 = ORIENTED_EDGE('',*,*,#4453,.F.);
#4453 = EDGE_CURVE('',#1131,#4454,#4456,.T.);
#4454 = VERTEX_POINT('',#4455);
#4455 = CARTESIAN_POINT('',(60.,10.,1.145E+03));
#4456 = SURFACE_CURVE('',#4457,(#4461,#4468),.PCURVE_S1.);
#4457 = LINE('',#4458,#4459);
#4458 = CARTESIAN_POINT('',(-60.,10.,1.145E+03));
#4459 = VECTOR('',#4460,1.);
#4460 = DIRECTION('',(1.,0.,-0.));
#4461 = PCURVE('',#1146,#4462);
#4462 = DEFINITIONAL_REPRESENTATION('',(#4463),#4467);
#4463 = LINE('',#4464,#4465);
#4464 = CARTESIAN_POINT('',(0.,20.));
#4465 = VECTOR('',#4466,1.);
#4466 = DIRECTION('',(1.,0.));
#4467 = ( GEOMETRIC_REPRESENTATION_CONTEXT(2) 
PARAMETRIC_REPRESENTATION_CONTEXT() REPRESENTATION_CONTEXT('2D SPACE',''
  ) );
#4468 = PCURVE('',#3476,#4469);
#4469 = DEFINITIONAL_REPRESENTATION('',(#4470),#4474);
#4470 = LINE('',#4471,#4472);
#4471 = CARTESIAN_POINT('',(150.,0.));
#4472 = VECTOR('',#4473,1.);
#4473 = DIRECTION('',(0.,1.));
#4474 = ( GEOMETRIC_REPRESENTATION_CONTEXT(2) 
PARAMETRIC_REPRESENTATION_CONTEXT() REPRESENTATION_CONTEXT('2D SPACE',''
  ) );
#4475 = ORIENTED_EDGE('',*,*,#1130,.F.);
#4476 = ORIENTED_EDGE('',*,*,#4477,.T.);
#4477 = EDGE_CURVE('',#1080,#4454,#4478,.T.);
#4478 = SURFACE_CURVE('',#4479,(#4483,#4490),.PCURVE_S1.);
#4479 = LINE('',#4480,#4481);
#4480 = CARTESIAN_POINT('',(60.,-10.,1.145E+03));
#4481 = VECTOR('',#4482,1.);
#4482 = DIRECTION('',(-0.,1.,0.));
#4483 = PCURVE('',#1146,#4484);
#4484 = DEFINITIONAL_REPRESENTATION('',(#4485),#4489);
#4485 = LINE('',#4486,#4487);
#4486 = CARTESIAN_POINT('',(120.,0.));
#4487 = VECTOR('',#4488,1.);
#4488 = DIRECTION('',(0.,1.));
#4489 = ( GEOMETRIC_REPRESENTATION_CONTEXT(2) 
PARAMETRIC_REPRESENTATION_CONTEXT() REPRESENTATION_CONTEXT('2D SPACE',''
  ) );
#4490 = PCURVE('',#3557,#4491);
#4491 = DEFINITIONAL_REPRESENTATION('',(#4492),#4496);
#4492 = LINE('',#4493,#4494);
#4493 = CARTESIAN_POINT('',(150.,0.));
#4494 = VECTOR('',#4495,1.);
#4495 = DIRECTION('',(0.,-1.));
#4496 = ( GEOMETRIC_REPRESENTATION_CONTEXT(2) 
PARAMETRIC_REPRESENTATION_CONTEXT() REPRESENTATION_CONTEXT('2D SPACE',''
  ) );
#4497 = ADVANCED_FACE('',(#4498),#1766,.F.);
#4498 = FACE_BOUND('',#4499,.F.);
#4499 = EDGE_LOOP('',(#4500,#4527,#4552,#4553,#4554));
#4500 = ORIENTED_EDGE('',*,*,#4501,.F.);
#4501 = EDGE_CURVE('',#4502,#1892,#4504,.T.);
#4502 = VERTEX_POINT('',#4503);
#4503 = CARTESIAN_POINT('',(30.000001168008,51.961523552717,1.E+03));
#4504 = SURFACE_CURVE('',#4505,(#4510,#4520),.PCURVE_S1.);
#4505 = HYPERBOLA('',#4506,290.32258064516,60.);
#4506 = AXIS2_PLACEMENT_3D('',#4507,#4508,#4509);
#4507 = CARTESIAN_POINT('',(30.,51.961524227066,1.290322580645E+03));
#4508 = DIRECTION('',(0.5,0.866025403784,0.));
#4509 = DIRECTION('',(0.,0.,-1.));
#4510 = PCURVE('',#1766,#4511);
#4511 = DEFINITIONAL_REPRESENTATION('',(#4512),#4519);
#4512 = B_SPLINE_CURVE_WITH_KNOTS('',5,(#4513,#4514,#4515,#4516,#4517,
    #4518),.UNSPECIFIED.,.F.,.F.,(6,6),(5.209396219299E-11,
    0.168236118311),.PIECEWISE_BEZIER_KNOTS.);
#4513 = CARTESIAN_POINT('',(-1.047197551249,-300.));
#4514 = CARTESIAN_POINT('',(-1.0808447749,-299.9999999994));
#4515 = CARTESIAN_POINT('',(-1.114492001602,-299.5891445168));
#4516 = CARTESIAN_POINT('',(-1.148059851657,-298.7674322339));
#4517 = CARTESIAN_POINT('',(-1.181469020482,-297.5329296304));
#4518 = CARTESIAN_POINT('',(-1.214645630416,-295.8817435139));
#4519 = ( GEOMETRIC_REPRESENTATION_CONTEXT(2) 
PARAMETRIC_REPRESENTATION_CONTEXT() REPRESENTATION_CONTEXT('2D SPACE',''
  ) );
#4520 = PCURVE('',#4331,#4521);
#4521 = DEFINITIONAL_REPRESENTATION('',(#4522),#4526);
#4522 = ( BOUNDED_CURVE() B_SPLINE_CURVE(2,(#4523,#4524,#4525),
.UNSPECIFIED.,.F.,.F.) B_SPLINE_CURVE_WITH_KNOTS((3,3),(
5.209396219299E-11,0.168236118311),.PIECEWISE_BEZIER_KNOTS.) CURVE() 
GEOMETRIC_REPRESENTATION_ITEM() RATIONAL_B_SPLINE_CURVE((1.,
1.003540010579,1.)) REPRESENTATION_ITEM('') );
#4523 = CARTESIAN_POINT('',(5.,-10.00000000312));
#4524 = CARTESIAN_POINT('',(4.999999998731,-15.03521301559));
#4525 = CARTESIAN_POINT('',(0.881743513936,-20.14185105674));
#4526 = ( GEOMETRIC_REPRESENTATION_CONTEXT(2) 
PARAMETRIC_REPRESENTATION_CONTEXT() REPRESENTATION_CONTEXT('2D SPACE',''
  ) );
#4527 = ORIENTED_EDGE('',*,*,#4528,.F.);
#4528 = EDGE_CURVE('',#1729,#4502,#4529,.T.);
#4529 = SURFACE_CURVE('',#4530,(#4535,#4545),.PCURVE_S1.);
#4530 = HYPERBOLA('',#4531,290.32258064516,60.);
#4531 = AXIS2_PLACEMENT_3D('',#4532,#4533,#4534);
#4532 = CARTESIAN_POINT('',(30.,51.961524227066,1.290322580645E+03));
#4533 = DIRECTION('',(0.5,0.866025403784,0.));
#4534 = DIRECTION('',(0.,0.,-1.));
#4535 = PCURVE('',#1766,#4536);
#4536 = DEFINITIONAL_REPRESENTATION('',(#4537),#4544);
#4537 = B_SPLINE_CURVE_WITH_KNOTS('',5,(#4538,#4539,#4540,#4541,#4542,
    #4543),.UNSPECIFIED.,.F.,.F.,(6,6),(-0.168236118311,
    5.209396219299E-11),.PIECEWISE_BEZIER_KNOTS.);
#4538 = CARTESIAN_POINT('',(-0.879749471977,-295.8817435139));
#4539 = CARTESIAN_POINT('',(-0.912926081931,-297.5329296314));
#4540 = CARTESIAN_POINT('',(-0.946335250778,-298.7674322354));
#4541 = CARTESIAN_POINT('',(-0.979903100854,-299.5891445184));
#4542 = CARTESIAN_POINT('',(-1.013550327576,-300.0000000005));
#4543 = CARTESIAN_POINT('',(-1.047197551249,-300.));
#4544 = ( GEOMETRIC_REPRESENTATION_CONTEXT(2) 
PARAMETRIC_REPRESENTATION_CONTEXT() REPRESENTATION_CONTEXT('2D SPACE',''
  ) );
#4545 = PCURVE('',#4331,#4546);
#4546 = DEFINITIONAL_REPRESENTATION('',(#4547),#4551);
#4547 = ( BOUNDED_CURVE() B_SPLINE_CURVE(2,(#4548,#4549,#4550),
.UNSPECIFIED.,.F.,.F.) B_SPLINE_CURVE_WITH_KNOTS((3,3),(-0.168236118311,
5.209396219299E-11),.PIECEWISE_BEZIER_KNOTS.) CURVE() 
GEOMETRIC_REPRESENTATION_ITEM() RATIONAL_B_SPLINE_CURVE((1.,
1.003540010583,1.)) REPRESENTATION_ITEM('') );
#4548 = CARTESIAN_POINT('',(0.881743513936,0.141851056743));
#4549 = CARTESIAN_POINT('',(5.000000001269,-4.96478698755));
#4550 = CARTESIAN_POINT('',(5.,-10.00000000312));
#4551 = ( GEOMETRIC_REPRESENTATION_CONTEXT(2) 
PARAMETRIC_REPRESENTATION_CONTEXT() REPRESENTATION_CONTEXT('2D SPACE',''
  ) );
#4552 = ORIENTED_EDGE('',*,*,#1751,.F.);
#4553 = ORIENTED_EDGE('',*,*,#1811,.T.);
#4554 = ORIENTED_EDGE('',*,*,#1914,.T.);
#4555 = ADVANCED_FACE('',(#4556),#1716,.T.);
#4556 = FACE_BOUND('',#4557,.T.);
#4557 = EDGE_LOOP('',(#4558,#4559,#4560,#4561,#4582));
#4558 = ORIENTED_EDGE('',*,*,#1700,.F.);
#4559 = ORIENTED_EDGE('',*,*,#4423,.T.);
#4560 = ORIENTED_EDGE('',*,*,#4370,.T.);
#4561 = ORIENTED_EDGE('',*,*,#4562,.F.);
#4562 = EDGE_CURVE('',#1729,#4347,#4563,.T.);
#4563 = SURFACE_CURVE('',#4564,(#4568,#4575),.PCURVE_S1.);
#4564 = LINE('',#4565,#4566);
#4565 = CARTESIAN_POINT('',(38.660254037844,46.961524227066,995.));
#4566 = VECTOR('',#4567,1.);
#4567 = DIRECTION('',(0.,0.,1.));
#4568 = PCURVE('',#1716,#4569);
#4569 = DEFINITIONAL_REPRESENTATION('',(#4570),#4574);
#4570 = LINE('',#4571,#4572);
#4571 = CARTESIAN_POINT('',(0.,120.));
#4572 = VECTOR('',#4573,1.);
#4573 = DIRECTION('',(1.,0.));
#4574 = ( GEOMETRIC_REPRESENTATION_CONTEXT(2) 
PARAMETRIC_REPRESENTATION_CONTEXT() REPRESENTATION_CONTEXT('2D SPACE',''
  ) );
#4575 = PCURVE('',#4331,#4576);
#4576 = DEFINITIONAL_REPRESENTATION('',(#4577),#4581);
#4577 = LINE('',#4578,#4579);
#4578 = CARTESIAN_POINT('',(0.,0.));
#4579 = VECTOR('',#4580,1.);
#4580 = DIRECTION('',(1.,0.));
#4581 = ( GEOMETRIC_REPRESENTATION_CONTEXT(2) 
PARAMETRIC_REPRESENTATION_CONTEXT() REPRESENTATION_CONTEXT('2D SPACE',''
  ) );
#4582 = ORIENTED_EDGE('',*,*,#1728,.F.);
#4583 = ADVANCED_FACE('',(#4584),#1879,.F.);
#4584 = FACE_BOUND('',#4585,.F.);
#4585 = EDGE_LOOP('',(#4586,#4587,#4588,#4589,#4610));
#4586 = ORIENTED_EDGE('',*,*,#1863,.F.);
#4587 = ORIENTED_EDGE('',*,*,#4235,.T.);
#4588 = ORIENTED_EDGE('',*,*,#4293,.T.);
#4589 = ORIENTED_EDGE('',*,*,#4590,.F.);
#4590 = EDGE_CURVE('',#1892,#4294,#4591,.T.);
#4591 = SURFACE_CURVE('',#4592,(#4596,#4603),.PCURVE_S1.);
#4592 = LINE('',#4593,#4594);
#4593 = CARTESIAN_POINT('',(21.339745962156,56.961524227066,995.));
#4594 = VECTOR('',#4595,1.);
#4595 = DIRECTION('',(0.,0.,1.));
#4596 = PCURVE('',#1879,#4597);
#4597 = DEFINITIONAL_REPRESENTATION('',(#4598),#4602);
#4598 = LINE('',#4599,#4600);
#4599 = CARTESIAN_POINT('',(0.,120.));
#4600 = VECTOR('',#4601,1.);
#4601 = DIRECTION('',(1.,0.));
#4602 = ( GEOMETRIC_REPRESENTATION_CONTEXT(2) 
PARAMETRIC_REPRESENTATION_CONTEXT() REPRESENTATION_CONTEXT('2D SPACE',''
  ) );
#4603 = PCURVE('',#4331,#4604);
#4604 = DEFINITIONAL_REPRESENTATION('',(#4605),#4609);
#4605 = LINE('',#4606,#4607);
#4606 = CARTESIAN_POINT('',(0.,-20.));
#4607 = VECTOR('',#4608,1.);
#4608 = DIRECTION('',(1.,0.));
#4609 = ( GEOMETRIC_REPRESENTATION_CONTEXT(2) 
PARAMETRIC_REPRESENTATION_CONTEXT() REPRESENTATION_CONTEXT('2D SPACE',''
  ) );
#4610 = ORIENTED_EDGE('',*,*,#1891,.F.);
#4611 = ADVANCED_FACE('',(#4612),#2067,.F.);
#4612 = FACE_BOUND('',#4613,.F.);
#4613 = EDGE_LOOP('',(#4614,#4615,#4616,#4637,#4638));
#4614 = ORIENTED_EDGE('',*,*,#2079,.F.);
#4615 = ORIENTED_EDGE('',*,*,#2051,.T.);
#4616 = ORIENTED_EDGE('',*,*,#4617,.T.);
#4617 = EDGE_CURVE('',#2018,#4187,#4618,.T.);
#4618 = SURFACE_CURVE('',#4619,(#4623,#4630),.PCURVE_S1.);
#4619 = LINE('',#4620,#4621);
#4620 = CARTESIAN_POINT('',(-21.33974596215,56.961524227066,995.));
#4621 = VECTOR('',#4622,1.);
#4622 = DIRECTION('',(0.,0.,1.));
#4623 = PCURVE('',#2067,#4624);
#4624 = DEFINITIONAL_REPRESENTATION('',(#4625),#4629);
#4625 = LINE('',#4626,#4627);
#4626 = CARTESIAN_POINT('',(0.,0.));
#4627 = VECTOR('',#4628,1.);
#4628 = DIRECTION('',(1.,0.));
#4629 = ( GEOMETRIC_REPRESENTATION_CONTEXT(2) 
PARAMETRIC_REPRESENTATION_CONTEXT() REPRESENTATION_CONTEXT('2D SPACE',''
  ) );
#4630 = PCURVE('',#4150,#4631);
#4631 = DEFINITIONAL_REPRESENTATION('',(#4632),#4636);
#4632 = LINE('',#4633,#4634);
#4633 = CARTESIAN_POINT('',(0.,-20.));
#4634 = VECTOR('',#4635,1.);
#4635 = DIRECTION('',(1.,0.));
#4636 = ( GEOMETRIC_REPRESENTATION_CONTEXT(2) 
PARAMETRIC_REPRESENTATION_CONTEXT() REPRESENTATION_CONTEXT('2D SPACE',''
  ) );
#4637 = ORIENTED_EDGE('',*,*,#4186,.T.);
#4638 = ORIENTED_EDGE('',*,*,#4263,.T.);
#4639 = ADVANCED_FACE('',(#4640),#2034,.F.);
#4640 = FACE_BOUND('',#4641,.F.);
#4641 = EDGE_LOOP('',(#4642,#4669,#4694,#4695,#4696));
#4642 = ORIENTED_EDGE('',*,*,#4643,.T.);
#4643 = EDGE_CURVE('',#2181,#4644,#4646,.T.);
#4644 = VERTEX_POINT('',#4645);
#4645 = CARTESIAN_POINT('',(-29.99999883199,51.961524901416,1.E+03));
#4646 = SURFACE_CURVE('',#4647,(#4652,#4662),.PCURVE_S1.);
#4647 = HYPERBOLA('',#4648,290.32258064516,60.);
#4648 = AXIS2_PLACEMENT_3D('',#4649,#4650,#4651);
#4649 = CARTESIAN_POINT('',(-30.,51.961524227066,1.290322580645E+03));
#4650 = DIRECTION('',(0.5,-0.866025403784,0.));
#4651 = DIRECTION('',(0.,-0.,-1.));
#4652 = PCURVE('',#2034,#4653);
#4653 = DEFINITIONAL_REPRESENTATION('',(#4654),#4661);
#4654 = B_SPLINE_CURVE_WITH_KNOTS('',5,(#4655,#4656,#4657,#4658,#4659,
    #4660),.UNSPECIFIED.,.F.,.F.,(6,6),(-0.168236118311,
    1.415160192828E-14),.PIECEWISE_BEZIER_KNOTS.);
#4655 = CARTESIAN_POINT('',(-2.261843181613,-295.8817435139));
#4656 = CARTESIAN_POINT('',(-2.228666571669,-297.5329296309));
#4657 = CARTESIAN_POINT('',(-2.195257402832,-298.7674322346));
#4658 = CARTESIAN_POINT('',(-2.161689552767,-299.5891445176));
#4659 = CARTESIAN_POINT('',(-2.128042326055,-300.));
#4660 = CARTESIAN_POINT('',(-2.094395102393,-300.));
#4661 = ( GEOMETRIC_REPRESENTATION_CONTEXT(2) 
PARAMETRIC_REPRESENTATION_CONTEXT() REPRESENTATION_CONTEXT('2D SPACE',''
  ) );
#4662 = PCURVE('',#4150,#4663);
#4663 = DEFINITIONAL_REPRESENTATION('',(#4664),#4668);
#4664 = ( BOUNDED_CURVE() B_SPLINE_CURVE(2,(#4665,#4666,#4667),
.UNSPECIFIED.,.F.,.F.) B_SPLINE_CURVE_WITH_KNOTS((3,3),(-0.168236118311,
1.415160192828E-14),.PIECEWISE_BEZIER_KNOTS.) CURVE() 
GEOMETRIC_REPRESENTATION_ITEM() RATIONAL_B_SPLINE_CURVE((1.,
1.003540010581,1.)) REPRESENTATION_ITEM('') );
#4665 = CARTESIAN_POINT('',(0.881743513936,0.141851056743));
#4666 = CARTESIAN_POINT('',(5.000000000001,-4.964786985977));
#4667 = CARTESIAN_POINT('',(5.,-10.));
#4668 = ( GEOMETRIC_REPRESENTATION_CONTEXT(2) 
PARAMETRIC_REPRESENTATION_CONTEXT() REPRESENTATION_CONTEXT('2D SPACE',''
  ) );
#4669 = ORIENTED_EDGE('',*,*,#4670,.T.);
#4670 = EDGE_CURVE('',#4644,#2018,#4671,.T.);
#4671 = SURFACE_CURVE('',#4672,(#4677,#4687),.PCURVE_S1.);
#4672 = HYPERBOLA('',#4673,290.32258064516,60.);
#4673 = AXIS2_PLACEMENT_3D('',#4674,#4675,#4676);
#4674 = CARTESIAN_POINT('',(-30.,51.961524227066,1.290322580645E+03));
#4675 = DIRECTION('',(0.5,-0.866025403784,0.));
#4676 = DIRECTION('',(0.,-0.,-1.));
#4677 = PCURVE('',#2034,#4678);
#4678 = DEFINITIONAL_REPRESENTATION('',(#4679),#4686);
#4679 = B_SPLINE_CURVE_WITH_KNOTS('',5,(#4680,#4681,#4682,#4683,#4684,
    #4685),.UNSPECIFIED.,.F.,.F.,(6,6),(1.415160192828E-14,
    0.168236118311),.PIECEWISE_BEZIER_KNOTS.);
#4680 = CARTESIAN_POINT('',(-2.094395102393,-300.));
#4681 = CARTESIAN_POINT('',(-2.060747878731,-300.));
#4682 = CARTESIAN_POINT('',(-2.027100652019,-299.5891445176));
#4683 = CARTESIAN_POINT('',(-1.993532801954,-298.7674322346));
#4684 = CARTESIAN_POINT('',(-1.960123633118,-297.5329296309));
#4685 = CARTESIAN_POINT('',(-1.926947023174,-295.8817435139));
#4686 = ( GEOMETRIC_REPRESENTATION_CONTEXT(2) 
PARAMETRIC_REPRESENTATION_CONTEXT() REPRESENTATION_CONTEXT('2D SPACE',''
  ) );
#4687 = PCURVE('',#4150,#4688);
#4688 = DEFINITIONAL_REPRESENTATION('',(#4689),#4693);
#4689 = ( BOUNDED_CURVE() B_SPLINE_CURVE(2,(#4690,#4691,#4692),
.UNSPECIFIED.,.F.,.F.) B_SPLINE_CURVE_WITH_KNOTS((3,3),(
1.415160192828E-14,0.168236118311),.PIECEWISE_BEZIER_KNOTS.) CURVE() 
GEOMETRIC_REPRESENTATION_ITEM() RATIONAL_B_SPLINE_CURVE((1.,
1.003540010581,1.)) REPRESENTATION_ITEM('') );
#4690 = CARTESIAN_POINT('',(5.,-10.));
#4691 = CARTESIAN_POINT('',(5.,-15.03521301402));
#4692 = CARTESIAN_POINT('',(0.881743513936,-20.14185105674));
#4693 = ( GEOMETRIC_REPRESENTATION_CONTEXT(2) 
PARAMETRIC_REPRESENTATION_CONTEXT() REPRESENTATION_CONTEXT('2D SPACE',''
  ) );
#4694 = ORIENTED_EDGE('',*,*,#2017,.T.);
#4695 = ORIENTED_EDGE('',*,*,#2128,.F.);
#4696 = ORIENTED_EDGE('',*,*,#2180,.F.);
#4697 = ADVANCED_FACE('',(#4698),#2225,.T.);
#4698 = FACE_BOUND('',#4699,.T.);
#4699 = EDGE_LOOP('',(#4700,#4701,#4702,#4723,#4724));
#4700 = ORIENTED_EDGE('',*,*,#2237,.F.);
#4701 = ORIENTED_EDGE('',*,*,#2209,.T.);
#4702 = ORIENTED_EDGE('',*,*,#4703,.T.);
#4703 = EDGE_CURVE('',#2181,#4135,#4704,.T.);
#4704 = SURFACE_CURVE('',#4705,(#4709,#4716),.PCURVE_S1.);
#4705 = LINE('',#4706,#4707);
#4706 = CARTESIAN_POINT('',(-38.66025403784,46.961524227066,995.));
#4707 = VECTOR('',#4708,1.);
#4708 = DIRECTION('',(0.,0.,1.));
#4709 = PCURVE('',#2225,#4710);
#4710 = DEFINITIONAL_REPRESENTATION('',(#4711),#4715);
#4711 = LINE('',#4712,#4713);
#4712 = CARTESIAN_POINT('',(0.,0.));
#4713 = VECTOR('',#4714,1.);
#4714 = DIRECTION('',(1.,0.));
#4715 = ( GEOMETRIC_REPRESENTATION_CONTEXT(2) 
PARAMETRIC_REPRESENTATION_CONTEXT() REPRESENTATION_CONTEXT('2D SPACE',''
  ) );
#4716 = PCURVE('',#4150,#4717);
#4717 = DEFINITIONAL_REPRESENTATION('',(#4718),#4722);
#4718 = LINE('',#4719,#4720);
#4719 = CARTESIAN_POINT('',(0.,0.));
#4720 = VECTOR('',#4721,1.);
#4721 = DIRECTION('',(1.,0.));
#4722 = ( GEOMETRIC_REPRESENTATION_CONTEXT(2) 
PARAMETRIC_REPRESENTATION_CONTEXT() REPRESENTATION_CONTEXT('2D SPACE',''
  ) );
#4723 = ORIENTED_EDGE('',*,*,#4162,.T.);
#4724 = ORIENTED_EDGE('',*,*,#4074,.T.);
#4725 = ADVANCED_FACE('',(#4726),#2384,.F.);
#4726 = FACE_BOUND('',#4727,.F.);
#4727 = EDGE_LOOP('',(#4728,#4729,#4730,#4751,#4752));
#4728 = ORIENTED_EDGE('',*,*,#2396,.F.);
#4729 = ORIENTED_EDGE('',*,*,#2368,.T.);
#4730 = ORIENTED_EDGE('',*,*,#4731,.T.);
#4731 = EDGE_CURVE('',#2335,#4027,#4732,.T.);
#4732 = SURFACE_CURVE('',#4733,(#4737,#4744),.PCURVE_S1.);
#4733 = LINE('',#4734,#4735);
#4734 = CARTESIAN_POINT('',(-60.,10.,995.));
#4735 = VECTOR('',#4736,1.);
#4736 = DIRECTION('',(0.,0.,1.));
#4737 = PCURVE('',#2384,#4738);
#4738 = DEFINITIONAL_REPRESENTATION('',(#4739),#4743);
#4739 = LINE('',#4740,#4741);
#4740 = CARTESIAN_POINT('',(0.,0.));
#4741 = VECTOR('',#4742,1.);
#4742 = DIRECTION('',(1.,0.));
#4743 = ( GEOMETRIC_REPRESENTATION_CONTEXT(2) 
PARAMETRIC_REPRESENTATION_CONTEXT() REPRESENTATION_CONTEXT('2D SPACE',''
  ) );
#4744 = PCURVE('',#3990,#4745);
#4745 = DEFINITIONAL_REPRESENTATION('',(#4746),#4750);
#4746 = LINE('',#4747,#4748);
#4747 = CARTESIAN_POINT('',(0.,-20.));
#4748 = VECTOR('',#4749,1.);
#4749 = DIRECTION('',(1.,0.));
#4750 = ( GEOMETRIC_REPRESENTATION_CONTEXT(2) 
PARAMETRIC_REPRESENTATION_CONTEXT() REPRESENTATION_CONTEXT('2D SPACE',''
  ) );
#4751 = ORIENTED_EDGE('',*,*,#4026,.T.);
#4752 = ORIENTED_EDGE('',*,*,#4102,.T.);
#4753 = ADVANCED_FACE('',(#4754),#2351,.F.);
#4754 = FACE_BOUND('',#4755,.F.);
#4755 = EDGE_LOOP('',(#4756,#4783,#4808,#4809,#4810));
#4756 = ORIENTED_EDGE('',*,*,#4757,.T.);
#4757 = EDGE_CURVE('',#2498,#4758,#4760,.T.);
#4758 = VERTEX_POINT('',#4759);
#4759 = CARTESIAN_POINT('',(-60.,-1.348699145011E-06,1.E+03));
#4760 = SURFACE_CURVE('',#4761,(#4766,#4776),.PCURVE_S1.);
#4761 = HYPERBOLA('',#4762,290.32258064516,60.);
#4762 = AXIS2_PLACEMENT_3D('',#4763,#4764,#4765);
#4763 = CARTESIAN_POINT('',(-60.,0.,1.290322580645E+03));
#4764 = DIRECTION('',(1.,0.,0.));
#4765 = DIRECTION('',(0.,-0.,-1.));
#4766 = PCURVE('',#2351,#4767);
#4767 = DEFINITIONAL_REPRESENTATION('',(#4768),#4775);
#4768 = B_SPLINE_CURVE_WITH_KNOTS('',5,(#4769,#4770,#4771,#4772,#4773,
    #4774),.UNSPECIFIED.,.F.,.F.,(6,6),(-0.168236118311,
    -1.209802949635E-15),.PIECEWISE_BEZIER_KNOTS.);
#4769 = CARTESIAN_POINT('',(-3.30904073281,-295.8817435139));
#4770 = CARTESIAN_POINT('',(-3.275864122865,-297.5329296309));
#4771 = CARTESIAN_POINT('',(-3.242454954029,-298.7674322346));
#4772 = CARTESIAN_POINT('',(-3.208887103964,-299.5891445176));
#4773 = CARTESIAN_POINT('',(-3.175239877252,-300.));
#4774 = CARTESIAN_POINT('',(-3.14159265359,-300.));
#4775 = ( GEOMETRIC_REPRESENTATION_CONTEXT(2) 
PARAMETRIC_REPRESENTATION_CONTEXT() REPRESENTATION_CONTEXT('2D SPACE',''
  ) );
#4776 = PCURVE('',#3990,#4777);
#4777 = DEFINITIONAL_REPRESENTATION('',(#4778),#4782);
#4778 = ( BOUNDED_CURVE() B_SPLINE_CURVE(2,(#4779,#4780,#4781),
.UNSPECIFIED.,.F.,.F.) B_SPLINE_CURVE_WITH_KNOTS((3,3),(-0.168236118311,
-1.209802949635E-15),.PIECEWISE_BEZIER_KNOTS.) CURVE() 
GEOMETRIC_REPRESENTATION_ITEM() RATIONAL_B_SPLINE_CURVE((1.,
1.003540010581,1.)) REPRESENTATION_ITEM('') );
#4779 = CARTESIAN_POINT('',(0.881743513935,0.141851056744));
#4780 = CARTESIAN_POINT('',(5.,-4.964786985976));
#4781 = CARTESIAN_POINT('',(5.,-10.));
#4782 = ( GEOMETRIC_REPRESENTATION_CONTEXT(2) 
PARAMETRIC_REPRESENTATION_CONTEXT() REPRESENTATION_CONTEXT('2D SPACE',''
  ) );
#4783 = ORIENTED_EDGE('',*,*,#4784,.T.);
#4784 = EDGE_CURVE('',#4758,#2335,#4785,.T.);
#4785 = SURFACE_CURVE('',#4786,(#4791,#4801),.PCURVE_S1.);
#4786 = HYPERBOLA('',#4787,290.32258064516,60.);
#4787 = AXIS2_PLACEMENT_3D('',#4788,#4789,#4790);
#4788 = CARTESIAN_POINT('',(-60.,0.,1.290322580645E+03));
#4789 = DIRECTION('',(1.,0.,0.));
#4790 = DIRECTION('',(0.,-0.,-1.));
#4791 = PCURVE('',#2351,#4792);
#4792 = DEFINITIONAL_REPRESENTATION('',(#4793),#4800);
#4793 = B_SPLINE_CURVE_WITH_KNOTS('',5,(#4794,#4795,#4796,#4797,#4798,
    #4799),.UNSPECIFIED.,.F.,.F.,(6,6),(-1.209802949635E-15,
    0.168236118311),.PIECEWISE_BEZIER_KNOTS.);
#4794 = CARTESIAN_POINT('',(-3.14159265359,-300.));
#4795 = CARTESIAN_POINT('',(-3.107945429928,-300.));
#4796 = CARTESIAN_POINT('',(-3.074298203216,-299.5891445176));
#4797 = CARTESIAN_POINT('',(-3.04073035315,-298.7674322346));
#4798 = CARTESIAN_POINT('',(-3.007321184314,-297.5329296309));
#4799 = CARTESIAN_POINT('',(-2.97414457437,-295.8817435139));
#4800 = ( GEOMETRIC_REPRESENTATION_CONTEXT(2) 
PARAMETRIC_REPRESENTATION_CONTEXT() REPRESENTATION_CONTEXT('2D SPACE',''
  ) );
#4801 = PCURVE('',#3990,#4802);
#4802 = DEFINITIONAL_REPRESENTATION('',(#4803),#4807);
#4803 = ( BOUNDED_CURVE() B_SPLINE_CURVE(2,(#4804,#4805,#4806),
.UNSPECIFIED.,.F.,.F.) B_SPLINE_CURVE_WITH_KNOTS((3,3),(
-1.209802949635E-15,0.168236118311),.PIECEWISE_BEZIER_KNOTS.) CURVE() 
GEOMETRIC_REPRESENTATION_ITEM() RATIONAL_B_SPLINE_CURVE((1.,
1.003540010581,1.)) REPRESENTATION_ITEM('') );
#4804 = CARTESIAN_POINT('',(5.,-10.));
#4805 = CARTESIAN_POINT('',(5.,-15.03521301402));
#4806 = CARTESIAN_POINT('',(0.881743513935,-20.14185105674));
#4807 = ( GEOMETRIC_REPRESENTATION_CONTEXT(2) 
PARAMETRIC_REPRESENTATION_CONTEXT() REPRESENTATION_CONTEXT('2D SPACE',''
  ) );
#4808 = ORIENTED_EDGE('',*,*,#2334,.T.);
#4809 = ORIENTED_EDGE('',*,*,#2445,.F.);
#4810 = ORIENTED_EDGE('',*,*,#2497,.F.);
#4811 = ADVANCED_FACE('',(#4812),#2542,.T.);
#4812 = FACE_BOUND('',#4813,.T.);
#4813 = EDGE_LOOP('',(#4814,#4815,#4816,#4837,#4838));
#4814 = ORIENTED_EDGE('',*,*,#2554,.F.);
#4815 = ORIENTED_EDGE('',*,*,#2526,.T.);
#4816 = ORIENTED_EDGE('',*,*,#4817,.T.);
#4817 = EDGE_CURVE('',#2498,#3975,#4818,.T.);
#4818 = SURFACE_CURVE('',#4819,(#4823,#4830),.PCURVE_S1.);
#4819 = LINE('',#4820,#4821);
#4820 = CARTESIAN_POINT('',(-60.,-10.,995.));
#4821 = VECTOR('',#4822,1.);
#4822 = DIRECTION('',(0.,0.,1.));
#4823 = PCURVE('',#2542,#4824);
#4824 = DEFINITIONAL_REPRESENTATION('',(#4825),#4829);
#4825 = LINE('',#4826,#4827);
#4826 = CARTESIAN_POINT('',(0.,0.));
#4827 = VECTOR('',#4828,1.);
#4828 = DIRECTION('',(1.,0.));
#4829 = ( GEOMETRIC_REPRESENTATION_CONTEXT(2) 
PARAMETRIC_REPRESENTATION_CONTEXT() REPRESENTATION_CONTEXT('2D SPACE',''
  ) );
#4830 = PCURVE('',#3990,#4831);
#4831 = DEFINITIONAL_REPRESENTATION('',(#4832),#4836);
#4832 = LINE('',#4833,#4834);
#4833 = CARTESIAN_POINT('',(0.,0.));
#4834 = VECTOR('',#4835,1.);
#4835 = DIRECTION('',(1.,0.));
#4836 = ( GEOMETRIC_REPRESENTATION_CONTEXT(2) 
PARAMETRIC_REPRESENTATION_CONTEXT() REPRESENTATION_CONTEXT('2D SPACE',''
  ) );
#4837 = ORIENTED_EDGE('',*,*,#4002,.T.);
#4838 = ORIENTED_EDGE('',*,*,#3943,.T.);
#4839 = ADVANCED_FACE('',(#4840),#2701,.F.);
#4840 = FACE_BOUND('',#4841,.F.);
#4841 = EDGE_LOOP('',(#4842,#4843,#4844,#4865,#4866));
#4842 = ORIENTED_EDGE('',*,*,#2713,.F.);
#4843 = ORIENTED_EDGE('',*,*,#2685,.T.);
#4844 = ORIENTED_EDGE('',*,*,#4845,.T.);
#4845 = EDGE_CURVE('',#2652,#3867,#4846,.T.);
#4846 = SURFACE_CURVE('',#4847,(#4851,#4858),.PCURVE_S1.);
#4847 = LINE('',#4848,#4849);
#4848 = CARTESIAN_POINT('',(-38.66025403784,-46.96152422706,995.));
#4849 = VECTOR('',#4850,1.);
#4850 = DIRECTION('',(0.,0.,1.));
#4851 = PCURVE('',#2701,#4852);
#4852 = DEFINITIONAL_REPRESENTATION('',(#4853),#4857);
#4853 = LINE('',#4854,#4855);
#4854 = CARTESIAN_POINT('',(0.,0.));
#4855 = VECTOR('',#4856,1.);
#4856 = DIRECTION('',(1.,0.));
#4857 = ( GEOMETRIC_REPRESENTATION_CONTEXT(2) 
PARAMETRIC_REPRESENTATION_CONTEXT() REPRESENTATION_CONTEXT('2D SPACE',''
  ) );
#4858 = PCURVE('',#3830,#4859);
#4859 = DEFINITIONAL_REPRESENTATION('',(#4860),#4864);
#4860 = LINE('',#4861,#4862);
#4861 = CARTESIAN_POINT('',(0.,-20.));
#4862 = VECTOR('',#4863,1.);
#4863 = DIRECTION('',(1.,0.));
#4864 = ( GEOMETRIC_REPRESENTATION_CONTEXT(2) 
PARAMETRIC_REPRESENTATION_CONTEXT() REPRESENTATION_CONTEXT('2D SPACE',''
  ) );
#4865 = ORIENTED_EDGE('',*,*,#3866,.T.);
#4866 = ORIENTED_EDGE('',*,*,#3915,.T.);
#4867 = ADVANCED_FACE('',(#4868),#2668,.F.);
#4868 = FACE_BOUND('',#4869,.F.);
#4869 = EDGE_LOOP('',(#4870,#4871,#4898,#4923,#4924));
#4870 = ORIENTED_EDGE('',*,*,#2814,.F.);
#4871 = ORIENTED_EDGE('',*,*,#4872,.T.);
#4872 = EDGE_CURVE('',#2815,#4873,#4875,.T.);
#4873 = VERTEX_POINT('',#4874);
#4874 = CARTESIAN_POINT('',(-30.000001168,-51.96152355271,1.E+03));
#4875 = SURFACE_CURVE('',#4876,(#4881,#4891),.PCURVE_S1.);
#4876 = HYPERBOLA('',#4877,290.32258064516,60.);
#4877 = AXIS2_PLACEMENT_3D('',#4878,#4879,#4880);
#4878 = CARTESIAN_POINT('',(-30.,-51.96152422706,1.290322580645E+03));
#4879 = DIRECTION('',(0.5,0.866025403784,0.));
#4880 = DIRECTION('',(0.,0.,-1.));
#4881 = PCURVE('',#2668,#4882);
#4882 = DEFINITIONAL_REPRESENTATION('',(#4883),#4890);
#4883 = B_SPLINE_CURVE_WITH_KNOTS('',5,(#4884,#4885,#4886,#4887,#4888,
    #4889),.UNSPECIFIED.,.F.,.F.,(6,6),(-0.168236118311,
    -2.189218912358E-14),.PIECEWISE_BEZIER_KNOTS.);
#4884 = CARTESIAN_POINT('',(-4.356238284006,-295.8817435139));
#4885 = CARTESIAN_POINT('',(-4.323061674062,-297.5329296309));
#4886 = CARTESIAN_POINT('',(-4.289652505226,-298.7674322346));
#4887 = CARTESIAN_POINT('',(-4.256084655161,-299.5891445176));
#4888 = CARTESIAN_POINT('',(-4.222437428449,-300.));
#4889 = CARTESIAN_POINT('',(-4.188790204786,-300.));
#4890 = ( GEOMETRIC_REPRESENTATION_CONTEXT(2) 
PARAMETRIC_REPRESENTATION_CONTEXT() REPRESENTATION_CONTEXT('2D SPACE',''
  ) );
#4891 = PCURVE('',#3830,#4892);
#4892 = DEFINITIONAL_REPRESENTATION('',(#4893),#4897);
#4893 = ( BOUNDED_CURVE() B_SPLINE_CURVE(2,(#4894,#4895,#4896),
.UNSPECIFIED.,.F.,.F.) B_SPLINE_CURVE_WITH_KNOTS((3,3),(-0.168236118311,
-2.189218912358E-14),.PIECEWISE_BEZIER_KNOTS.) CURVE() 
GEOMETRIC_REPRESENTATION_ITEM() RATIONAL_B_SPLINE_CURVE((1.,
1.003540010581,1.)) REPRESENTATION_ITEM('') );
#4894 = CARTESIAN_POINT('',(0.881743513936,0.141851056742));
#4895 = CARTESIAN_POINT('',(5.,-4.964786985976));
#4896 = CARTESIAN_POINT('',(5.,-9.999999999999));
#4897 = ( GEOMETRIC_REPRESENTATION_CONTEXT(2) 
PARAMETRIC_REPRESENTATION_CONTEXT() REPRESENTATION_CONTEXT('2D SPACE',''
  ) );
#4898 = ORIENTED_EDGE('',*,*,#4899,.T.);
#4899 = EDGE_CURVE('',#4873,#2652,#4900,.T.);
#4900 = SURFACE_CURVE('',#4901,(#4906,#4916),.PCURVE_S1.);
#4901 = HYPERBOLA('',#4902,290.32258064516,60.);
#4902 = AXIS2_PLACEMENT_3D('',#4903,#4904,#4905);
#4903 = CARTESIAN_POINT('',(-30.,-51.96152422706,1.290322580645E+03));
#4904 = DIRECTION('',(0.5,0.866025403784,0.));
#4905 = DIRECTION('',(0.,0.,-1.));
#4906 = PCURVE('',#2668,#4907);
#4907 = DEFINITIONAL_REPRESENTATION('',(#4908),#4915);
#4908 = B_SPLINE_CURVE_WITH_KNOTS('',5,(#4909,#4910,#4911,#4912,#4913,
    #4914),.UNSPECIFIED.,.F.,.F.,(6,6),(-2.189218912358E-14,
    0.168236118311),.PIECEWISE_BEZIER_KNOTS.);
#4909 = CARTESIAN_POINT('',(-4.188790204786,-300.));
#4910 = CARTESIAN_POINT('',(-4.155142981124,-300.));
#4911 = CARTESIAN_POINT('',(-4.121495754412,-299.5891445176));
#4912 = CARTESIAN_POINT('',(-4.087927904347,-298.7674322346));
#4913 = CARTESIAN_POINT('',(-4.054518735511,-297.5329296309));
#4914 = CARTESIAN_POINT('',(-4.021342125567,-295.8817435139));
#4915 = ( GEOMETRIC_REPRESENTATION_CONTEXT(2) 
PARAMETRIC_REPRESENTATION_CONTEXT() REPRESENTATION_CONTEXT('2D SPACE',''
  ) );
#4916 = PCURVE('',#3830,#4917);
#4917 = DEFINITIONAL_REPRESENTATION('',(#4918),#4922);
#4918 = ( BOUNDED_CURVE() B_SPLINE_CURVE(2,(#4919,#4920,#4921),
.UNSPECIFIED.,.F.,.F.) B_SPLINE_CURVE_WITH_KNOTS((3,3),(
-2.189218912358E-14,0.168236118311),.PIECEWISE_BEZIER_KNOTS.) CURVE() 
GEOMETRIC_REPRESENTATION_ITEM() RATIONAL_B_SPLINE_CURVE((1.,
1.003540010581,1.)) REPRESENTATION_ITEM('') );
#4919 = CARTESIAN_POINT('',(5.,-9.999999999999));
#4920 = CARTESIAN_POINT('',(5.000000000001,-15.03521301402));
#4921 = CARTESIAN_POINT('',(0.881743513936,-20.14185105674));
#4922 = ( GEOMETRIC_REPRESENTATION_CONTEXT(2) 
PARAMETRIC_REPRESENTATION_CONTEXT() REPRESENTATION_CONTEXT('2D SPACE',''
  ) );
#4923 = ORIENTED_EDGE('',*,*,#2651,.T.);
#4924 = ORIENTED_EDGE('',*,*,#2762,.F.);
#4925 = ADVANCED_FACE('',(#4926),#2859,.T.);
#4926 = FACE_BOUND('',#4927,.T.);
#4927 = EDGE_LOOP('',(#4928,#4929,#4930,#4951,#4952));
#4928 = ORIENTED_EDGE('',*,*,#2871,.F.);
#4929 = ORIENTED_EDGE('',*,*,#2843,.T.);
#4930 = ORIENTED_EDGE('',*,*,#4931,.T.);
#4931 = EDGE_CURVE('',#2815,#3815,#4932,.T.);
#4932 = SURFACE_CURVE('',#4933,(#4937,#4944),.PCURVE_S1.);
#4933 = LINE('',#4934,#4935);
#4934 = CARTESIAN_POINT('',(-21.33974596215,-56.96152422706,995.));
#4935 = VECTOR('',#4936,1.);
#4936 = DIRECTION('',(0.,0.,1.));
#4937 = PCURVE('',#2859,#4938);
#4938 = DEFINITIONAL_REPRESENTATION('',(#4939),#4943);
#4939 = LINE('',#4940,#4941);
#4940 = CARTESIAN_POINT('',(0.,0.));
#4941 = VECTOR('',#4942,1.);
#4942 = DIRECTION('',(1.,0.));
#4943 = ( GEOMETRIC_REPRESENTATION_CONTEXT(2) 
PARAMETRIC_REPRESENTATION_CONTEXT() REPRESENTATION_CONTEXT('2D SPACE',''
  ) );
#4944 = PCURVE('',#3830,#4945);
#4945 = DEFINITIONAL_REPRESENTATION('',(#4946),#4950);
#4946 = LINE('',#4947,#4948);
#4947 = CARTESIAN_POINT('',(0.,0.));
#4948 = VECTOR('',#4949,1.);
#4949 = DIRECTION('',(1.,0.));
#4950 = ( GEOMETRIC_REPRESENTATION_CONTEXT(2) 
PARAMETRIC_REPRESENTATION_CONTEXT() REPRESENTATION_CONTEXT('2D SPACE',''
  ) );
#4951 = ORIENTED_EDGE('',*,*,#3842,.T.);
#4952 = ORIENTED_EDGE('',*,*,#3782,.T.);
#4953 = ADVANCED_FACE('',(#4954),#3034,.F.);
#4954 = FACE_BOUND('',#4955,.F.);
#4955 = EDGE_LOOP('',(#4956,#4957,#4958,#4985,#5010));
#4956 = ORIENTED_EDGE('',*,*,#3079,.T.);
#4957 = ORIENTED_EDGE('',*,*,#3182,.T.);
#4958 = ORIENTED_EDGE('',*,*,#4959,.F.);
#4959 = EDGE_CURVE('',#4960,#3160,#4962,.T.);
#4960 = VERTEX_POINT('',#4961);
#4961 = CARTESIAN_POINT('',(30.000001168008,-51.96152355271,1.E+03));
#4962 = SURFACE_CURVE('',#4963,(#4968,#4978),.PCURVE_S1.);
#4963 = HYPERBOLA('',#4964,290.32258064516,60.);
#4964 = AXIS2_PLACEMENT_3D('',#4965,#4966,#4967);
#4965 = CARTESIAN_POINT('',(30.,-51.96152422706,1.290322580645E+03));
#4966 = DIRECTION('',(0.5,-0.866025403784,0.));
#4967 = DIRECTION('',(0.,-0.,-1.));
#4968 = PCURVE('',#3034,#4969);
#4969 = DEFINITIONAL_REPRESENTATION('',(#4970),#4977);
#4970 = B_SPLINE_CURVE_WITH_KNOTS('',5,(#4971,#4972,#4973,#4974,#4975,
    #4976),.UNSPECIFIED.,.F.,.F.,(6,6),(-3.541322561734E-17,
    0.168236118311),.PIECEWISE_BEZIER_KNOTS.);
#4971 = CARTESIAN_POINT('',(-5.235987755983,-300.));
#4972 = CARTESIAN_POINT('',(-5.269634979645,-300.));
#4973 = CARTESIAN_POINT('',(-5.303282206357,-299.5891445176));
#4974 = CARTESIAN_POINT('',(-5.336850056422,-298.7674322346));
#4975 = CARTESIAN_POINT('',(-5.370259225259,-297.5329296309));
#4976 = CARTESIAN_POINT('',(-5.403435835203,-295.8817435139));
#4977 = ( GEOMETRIC_REPRESENTATION_CONTEXT(2) 
PARAMETRIC_REPRESENTATION_CONTEXT() REPRESENTATION_CONTEXT('2D SPACE',''
  ) );
#4978 = PCURVE('',#3691,#4979);
#4979 = DEFINITIONAL_REPRESENTATION('',(#4980),#4984);
#4980 = ( BOUNDED_CURVE() B_SPLINE_CURVE(2,(#4981,#4982,#4983),
.UNSPECIFIED.,.F.,.F.) B_SPLINE_CURVE_WITH_KNOTS((3,3),(
-3.541322561734E-17,0.168236118311),.PIECEWISE_BEZIER_KNOTS.) CURVE() 
GEOMETRIC_REPRESENTATION_ITEM() RATIONAL_B_SPLINE_CURVE((1.,
1.003540010581,1.)) REPRESENTATION_ITEM('') );
#4981 = CARTESIAN_POINT('',(5.,-10.));
#4982 = CARTESIAN_POINT('',(5.,-15.03521301402));
#4983 = CARTESIAN_POINT('',(0.881743513936,-20.14185105674));
#4984 = ( GEOMETRIC_REPRESENTATION_CONTEXT(2) 
PARAMETRIC_REPRESENTATION_CONTEXT() REPRESENTATION_CONTEXT('2D SPACE',''
  ) );
#4985 = ORIENTED_EDGE('',*,*,#4986,.F.);
#4986 = EDGE_CURVE('',#2997,#4960,#4987,.T.);
#4987 = SURFACE_CURVE('',#4988,(#4993,#5003),.PCURVE_S1.);
#4988 = HYPERBOLA('',#4989,290.32258064516,60.);
#4989 = AXIS2_PLACEMENT_3D('',#4990,#4991,#4992);
#4990 = CARTESIAN_POINT('',(30.,-51.96152422706,1.290322580645E+03));
#4991 = DIRECTION('',(0.5,-0.866025403784,0.));
#4992 = DIRECTION('',(0.,-0.,-1.));
#4993 = PCURVE('',#3034,#4994);
#4994 = DEFINITIONAL_REPRESENTATION('',(#4995),#5002);
#4995 = B_SPLINE_CURVE_WITH_KNOTS('',5,(#4996,#4997,#4998,#4999,#5000,
    #5001),.UNSPECIFIED.,.F.,.F.,(6,6),(-0.168236118311,
    -3.541322561734E-17),.PIECEWISE_BEZIER_KNOTS.);
#4996 = CARTESIAN_POINT('',(-5.068539676763,-295.8817435139));
#4997 = CARTESIAN_POINT('',(-5.101716286707,-297.5329296309));
#4998 = CARTESIAN_POINT('',(-5.135125455544,-298.7674322346));
#4999 = CARTESIAN_POINT('',(-5.168693305609,-299.5891445176));
#5000 = CARTESIAN_POINT('',(-5.202340532321,-300.));
#5001 = CARTESIAN_POINT('',(-5.235987755983,-300.));
#5002 = ( GEOMETRIC_REPRESENTATION_CONTEXT(2) 
PARAMETRIC_REPRESENTATION_CONTEXT() REPRESENTATION_CONTEXT('2D SPACE',''
  ) );
#5003 = PCURVE('',#3691,#5004);
#5004 = DEFINITIONAL_REPRESENTATION('',(#5005),#5009);
#5005 = ( BOUNDED_CURVE() B_SPLINE_CURVE(2,(#5006,#5007,#5008),
.UNSPECIFIED.,.F.,.F.) B_SPLINE_CURVE_WITH_KNOTS((3,3),(-0.168236118311,
-3.541322561734E-17),.PIECEWISE_BEZIER_KNOTS.) CURVE() 
GEOMETRIC_REPRESENTATION_ITEM() RATIONAL_B_SPLINE_CURVE((1.,
1.003540010581,1.)) REPRESENTATION_ITEM('') );
#5006 = CARTESIAN_POINT('',(0.881743513936,0.141851056742));
#5007 = CARTESIAN_POINT('',(5.,-4.964786985977));
#5008 = CARTESIAN_POINT('',(5.,-10.));
#5009 = ( GEOMETRIC_REPRESENTATION_CONTEXT(2) 
PARAMETRIC_REPRESENTATION_CONTEXT() REPRESENTATION_CONTEXT('2D SPACE',''
  ) );
#5010 = ORIENTED_EDGE('',*,*,#3019,.F.);
#5011 = ADVANCED_FACE('',(#5012),#2984,.T.);
#5012 = FACE_BOUND('',#5013,.T.);
#5013 = EDGE_LOOP('',(#5014,#5015,#5016,#5017,#5038));
#5014 = ORIENTED_EDGE('',*,*,#2968,.F.);
#5015 = ORIENTED_EDGE('',*,*,#3754,.T.);
#5016 = ORIENTED_EDGE('',*,*,#3730,.T.);
#5017 = ORIENTED_EDGE('',*,*,#5018,.F.);
#5018 = EDGE_CURVE('',#2997,#3707,#5019,.T.);
#5019 = SURFACE_CURVE('',#5020,(#5024,#5031),.PCURVE_S1.);
#5020 = LINE('',#5021,#5022);
#5021 = CARTESIAN_POINT('',(21.339745962156,-56.96152422706,995.));
#5022 = VECTOR('',#5023,1.);
#5023 = DIRECTION('',(0.,0.,1.));
#5024 = PCURVE('',#2984,#5025);
#5025 = DEFINITIONAL_REPRESENTATION('',(#5026),#5030);
#5026 = LINE('',#5027,#5028);
#5027 = CARTESIAN_POINT('',(0.,120.));
#5028 = VECTOR('',#5029,1.);
#5029 = DIRECTION('',(1.,0.));
#5030 = ( GEOMETRIC_REPRESENTATION_CONTEXT(2) 
PARAMETRIC_REPRESENTATION_CONTEXT() REPRESENTATION_CONTEXT('2D SPACE',''
  ) );
#5031 = PCURVE('',#3691,#5032);
#5032 = DEFINITIONAL_REPRESENTATION('',(#5033),#5037);
#5033 = LINE('',#5034,#5035);
#5034 = CARTESIAN_POINT('',(0.,0.));
#5035 = VECTOR('',#5036,1.);
#5036 = DIRECTION('',(1.,0.));
#5037 = ( GEOMETRIC_REPRESENTATION_CONTEXT(2) 
PARAMETRIC_REPRESENTATION_CONTEXT() REPRESENTATION_CONTEXT('2D SPACE',''
  ) );
#5038 = ORIENTED_EDGE('',*,*,#2996,.F.);
#5039 = ADVANCED_FACE('',(#5040),#3147,.F.);
#5040 = FACE_BOUND('',#5041,.F.);
#5041 = EDGE_LOOP('',(#5042,#5043,#5044,#5045,#5066));
#5042 = ORIENTED_EDGE('',*,*,#3131,.F.);
#5043 = ORIENTED_EDGE('',*,*,#3622,.T.);
#5044 = ORIENTED_EDGE('',*,*,#3653,.T.);
#5045 = ORIENTED_EDGE('',*,*,#5046,.F.);
#5046 = EDGE_CURVE('',#3160,#3654,#5047,.T.);
#5047 = SURFACE_CURVE('',#5048,(#5052,#5059),.PCURVE_S1.);
#5048 = LINE('',#5049,#5050);
#5049 = CARTESIAN_POINT('',(38.660254037844,-46.96152422706,995.));
#5050 = VECTOR('',#5051,1.);
#5051 = DIRECTION('',(0.,0.,1.));
#5052 = PCURVE('',#3147,#5053);
#5053 = DEFINITIONAL_REPRESENTATION('',(#5054),#5058);
#5054 = LINE('',#5055,#5056);
#5055 = CARTESIAN_POINT('',(0.,120.));
#5056 = VECTOR('',#5057,1.);
#5057 = DIRECTION('',(1.,0.));
#5058 = ( GEOMETRIC_REPRESENTATION_CONTEXT(2) 
PARAMETRIC_REPRESENTATION_CONTEXT() REPRESENTATION_CONTEXT('2D SPACE',''
  ) );
#5059 = PCURVE('',#3691,#5060);
#5060 = DEFINITIONAL_REPRESENTATION('',(#5061),#5065);
#5061 = LINE('',#5062,#5063);
#5062 = CARTESIAN_POINT('',(0.,-20.));
#5063 = VECTOR('',#5064,1.);
#5064 = DIRECTION('',(1.,0.));
#5065 = ( GEOMETRIC_REPRESENTATION_CONTEXT(2) 
PARAMETRIC_REPRESENTATION_CONTEXT() REPRESENTATION_CONTEXT('2D SPACE',''
  ) );
#5066 = ORIENTED_EDGE('',*,*,#3159,.F.);
#5067 = ADVANCED_FACE('',(#5068),#3351,.F.);
#5068 = FACE_BOUND('',#5069,.F.);
#5069 = EDGE_LOOP('',(#5070,#5071,#5094,#5119));
#5070 = ORIENTED_EDGE('',*,*,#3429,.T.);
#5071 = ORIENTED_EDGE('',*,*,#5072,.T.);
#5072 = EDGE_CURVE('',#3398,#5073,#5075,.T.);
#5073 = VERTEX_POINT('',#5074);
#5074 = CARTESIAN_POINT('',(60.,-1.469576158977E-14,1.E+03));
#5075 = SURFACE_CURVE('',#5076,(#5080,#5087),.PCURVE_S1.);
#5076 = LINE('',#5077,#5078);
#5077 = CARTESIAN_POINT('',(122.,-2.98813818992E-14,700.));
#5078 = VECTOR('',#5079,1.);
#5079 = DIRECTION('',(-0.202389712782,4.957118278772E-17,0.979305061847)
  );
#5080 = PCURVE('',#3351,#5081);
#5081 = DEFINITIONAL_REPRESENTATION('',(#5082),#5086);
#5082 = LINE('',#5083,#5084);
#5083 = CARTESIAN_POINT('',(-6.28318530718,0.));
#5084 = VECTOR('',#5085,1.);
#5085 = DIRECTION('',(-0.,-1.));
#5086 = ( GEOMETRIC_REPRESENTATION_CONTEXT(2) 
PARAMETRIC_REPRESENTATION_CONTEXT() REPRESENTATION_CONTEXT('2D SPACE',''
  ) );
#5087 = PCURVE('',#3414,#5088);
#5088 = DEFINITIONAL_REPRESENTATION('',(#5089),#5093);
#5089 = LINE('',#5090,#5091);
#5090 = CARTESIAN_POINT('',(0.,-0.));
#5091 = VECTOR('',#5092,1.);
#5092 = DIRECTION('',(-0.,-1.));
#5093 = ( GEOMETRIC_REPRESENTATION_CONTEXT(2) 
PARAMETRIC_REPRESENTATION_CONTEXT() REPRESENTATION_CONTEXT('2D SPACE',''
  ) );
#5094 = ORIENTED_EDGE('',*,*,#5095,.F.);
#5095 = EDGE_CURVE('',#3314,#5073,#5096,.T.);
#5096 = SURFACE_CURVE('',#5097,(#5102,#5112),.PCURVE_S1.);
#5097 = HYPERBOLA('',#5098,290.32258064516,60.);
#5098 = AXIS2_PLACEMENT_3D('',#5099,#5100,#5101);
#5099 = CARTESIAN_POINT('',(60.,0.,1.290322580645E+03));
#5100 = DIRECTION('',(1.,0.,0.));
#5101 = DIRECTION('',(0.,-0.,-1.));
#5102 = PCURVE('',#3351,#5103);
#5103 = DEFINITIONAL_REPRESENTATION('',(#5104),#5111);
#5104 = B_SPLINE_CURVE_WITH_KNOTS('',5,(#5105,#5106,#5107,#5108,#5109,
    #5110),.UNSPECIFIED.,.F.,.F.,(6,6),(-0.168236118311,
    -2.449293598295E-16),.PIECEWISE_BEZIER_KNOTS.);
#5105 = CARTESIAN_POINT('',(-6.11573722796,-295.8817435139));
#5106 = CARTESIAN_POINT('',(-6.148913837904,-297.5329296309));
#5107 = CARTESIAN_POINT('',(-6.18232300674,-298.7674322346));
#5108 = CARTESIAN_POINT('',(-6.215890856805,-299.5891445176));
#5109 = CARTESIAN_POINT('',(-6.249538083517,-300.));
#5110 = CARTESIAN_POINT('',(-6.28318530718,-300.));
#5111 = ( GEOMETRIC_REPRESENTATION_CONTEXT(2) 
PARAMETRIC_REPRESENTATION_CONTEXT() REPRESENTATION_CONTEXT('2D SPACE',''
  ) );
#5112 = PCURVE('',#3557,#5113);
#5113 = DEFINITIONAL_REPRESENTATION('',(#5114),#5118);
#5114 = ( BOUNDED_CURVE() B_SPLINE_CURVE(2,(#5115,#5116,#5117),
.UNSPECIFIED.,.F.,.F.) B_SPLINE_CURVE_WITH_KNOTS((3,3),(-0.168236118311,
-2.449293598295E-16),.PIECEWISE_BEZIER_KNOTS.) CURVE() 
GEOMETRIC_REPRESENTATION_ITEM() RATIONAL_B_SPLINE_CURVE((1.,
1.003540010581,1.)) REPRESENTATION_ITEM('') );
#5115 = CARTESIAN_POINT('',(0.881743513936,0.141851056742));
#5116 = CARTESIAN_POINT('',(5.,-4.964786985977));
#5117 = CARTESIAN_POINT('',(5.,-10.));
#5118 = ( GEOMETRIC_REPRESENTATION_CONTEXT(2) 
PARAMETRIC_REPRESENTATION_CONTEXT() REPRESENTATION_CONTEXT('2D SPACE',''
  ) );
#5119 = ORIENTED_EDGE('',*,*,#3336,.F.);
#5120 = ADVANCED_FACE('',(#5121),#3301,.T.);
#5121 = FACE_BOUND('',#5122,.T.);
#5122 = EDGE_LOOP('',(#5123,#5124,#5125,#5126,#5147));
#5123 = ORIENTED_EDGE('',*,*,#3285,.F.);
#5124 = ORIENTED_EDGE('',*,*,#3594,.T.);
#5125 = ORIENTED_EDGE('',*,*,#3570,.T.);
#5126 = ORIENTED_EDGE('',*,*,#5127,.F.);
#5127 = EDGE_CURVE('',#3314,#3542,#5128,.T.);
#5128 = SURFACE_CURVE('',#5129,(#5133,#5140),.PCURVE_S1.);
#5129 = LINE('',#5130,#5131);
#5130 = CARTESIAN_POINT('',(60.,-10.,995.));
#5131 = VECTOR('',#5132,1.);
#5132 = DIRECTION('',(0.,0.,1.));
#5133 = PCURVE('',#3301,#5134);
#5134 = DEFINITIONAL_REPRESENTATION('',(#5135),#5139);
#5135 = LINE('',#5136,#5137);
#5136 = CARTESIAN_POINT('',(0.,120.));
#5137 = VECTOR('',#5138,1.);
#5138 = DIRECTION('',(1.,0.));
#5139 = ( GEOMETRIC_REPRESENTATION_CONTEXT(2) 
PARAMETRIC_REPRESENTATION_CONTEXT() REPRESENTATION_CONTEXT('2D SPACE',''
  ) );
#5140 = PCURVE('',#3557,#5141);
#5141 = DEFINITIONAL_REPRESENTATION('',(#5142),#5146);
#5142 = LINE('',#5143,#5144);
#5143 = CARTESIAN_POINT('',(0.,0.));
#5144 = VECTOR('',#5145,1.);
#5145 = DIRECTION('',(1.,0.));
#5146 = ( GEOMETRIC_REPRESENTATION_CONTEXT(2) 
PARAMETRIC_REPRESENTATION_CONTEXT() REPRESENTATION_CONTEXT('2D SPACE',''
  ) );
#5147 = ORIENTED_EDGE('',*,*,#3313,.F.);
#5148 = ADVANCED_FACE('',(#5149),#3414,.F.);
#5149 = FACE_BOUND('',#5150,.F.);
#5150 = EDGE_LOOP('',(#5151,#5176,#5177,#5178));
#5151 = ORIENTED_EDGE('',*,*,#5152,.F.);
#5152 = EDGE_CURVE('',#5073,#3489,#5153,.T.);
#5153 = SURFACE_CURVE('',#5154,(#5159,#5169),.PCURVE_S1.);
#5154 = HYPERBOLA('',#5155,290.32258064516,60.);
#5155 = AXIS2_PLACEMENT_3D('',#5156,#5157,#5158);
#5156 = CARTESIAN_POINT('',(60.,0.,1.290322580645E+03));
#5157 = DIRECTION('',(1.,0.,0.));
#5158 = DIRECTION('',(0.,-0.,-1.));
#5159 = PCURVE('',#3414,#5160);
#5160 = DEFINITIONAL_REPRESENTATION('',(#5161),#5168);
#5161 = B_SPLINE_CURVE_WITH_KNOTS('',5,(#5162,#5163,#5164,#5165,#5166,
    #5167),.UNSPECIFIED.,.F.,.F.,(6,6),(0.,0.168236118311),
  .PIECEWISE_BEZIER_KNOTS.);
#5162 = CARTESIAN_POINT('',(0.,-300.));
#5163 = CARTESIAN_POINT('',(-3.364722366212E-02,-300.));
#5164 = CARTESIAN_POINT('',(-6.729445037414E-02,-299.5891445176));
#5165 = CARTESIAN_POINT('',(-0.100862300439,-298.7674322346));
#5166 = CARTESIAN_POINT('',(-0.134271469276,-297.5329296309));
#5167 = CARTESIAN_POINT('',(-0.16744807922,-295.8817435139));
#5168 = ( GEOMETRIC_REPRESENTATION_CONTEXT(2) 
PARAMETRIC_REPRESENTATION_CONTEXT() REPRESENTATION_CONTEXT('2D SPACE',''
  ) );
#5169 = PCURVE('',#3557,#5170);
#5170 = DEFINITIONAL_REPRESENTATION('',(#5171),#5175);
#5171 = ( BOUNDED_CURVE() B_SPLINE_CURVE(2,(#5172,#5173,#5174),
.UNSPECIFIED.,.F.,.F.) B_SPLINE_CURVE_WITH_KNOTS((3,3),(0.,
0.168236118311),.PIECEWISE_BEZIER_KNOTS.) CURVE() 
GEOMETRIC_REPRESENTATION_ITEM() RATIONAL_B_SPLINE_CURVE((1.,
1.003540010581,1.)) REPRESENTATION_ITEM('') );
#5172 = CARTESIAN_POINT('',(5.,-10.));
#5173 = CARTESIAN_POINT('',(5.,-15.03521301402));
#5174 = CARTESIAN_POINT('',(0.881743513936,-20.14185105674));
#5175 = ( GEOMETRIC_REPRESENTATION_CONTEXT(2) 
PARAMETRIC_REPRESENTATION_CONTEXT() REPRESENTATION_CONTEXT('2D SPACE',''
  ) );
#5176 = ORIENTED_EDGE('',*,*,#5072,.F.);
#5177 = ORIENTED_EDGE('',*,*,#3397,.T.);
#5178 = ORIENTED_EDGE('',*,*,#3511,.T.);
#5179 = ADVANCED_FACE('',(#5180),#3476,.F.);
#5180 = FACE_BOUND('',#5181,.F.);
#5181 = EDGE_LOOP('',(#5182,#5183,#5184,#5185,#5206));
#5182 = ORIENTED_EDGE('',*,*,#3460,.F.);
#5183 = ORIENTED_EDGE('',*,*,#4395,.T.);
#5184 = ORIENTED_EDGE('',*,*,#4453,.T.);
#5185 = ORIENTED_EDGE('',*,*,#5186,.F.);
#5186 = EDGE_CURVE('',#3489,#4454,#5187,.T.);
#5187 = SURFACE_CURVE('',#5188,(#5192,#5199),.PCURVE_S1.);
#5188 = LINE('',#5189,#5190);
#5189 = CARTESIAN_POINT('',(60.,10.,995.));
#5190 = VECTOR('',#5191,1.);
#5191 = DIRECTION('',(0.,0.,1.));
#5192 = PCURVE('',#3476,#5193);
#5193 = DEFINITIONAL_REPRESENTATION('',(#5194),#5198);
#5194 = LINE('',#5195,#5196);
#5195 = CARTESIAN_POINT('',(0.,120.));
#5196 = VECTOR('',#5197,1.);
#5197 = DIRECTION('',(1.,0.));
#5198 = ( GEOMETRIC_REPRESENTATION_CONTEXT(2) 
PARAMETRIC_REPRESENTATION_CONTEXT() REPRESENTATION_CONTEXT('2D SPACE',''
  ) );
#5199 = PCURVE('',#3557,#5200);
#5200 = DEFINITIONAL_REPRESENTATION('',(#5201),#5205);
#5201 = LINE('',#5202,#5203);
#5202 = CARTESIAN_POINT('',(0.,-20.));
#5203 = VECTOR('',#5204,1.);
#5204 = DIRECTION('',(1.,0.));
#5205 = ( GEOMETRIC_REPRESENTATION_CONTEXT(2) 
PARAMETRIC_REPRESENTATION_CONTEXT() REPRESENTATION_CONTEXT('2D SPACE',''
  ) );
#5206 = ORIENTED_EDGE('',*,*,#3488,.F.);
#5207 = ADVANCED_FACE('',(#5208),#3557,.F.);
#5208 = FACE_BOUND('',#5209,.F.);
#5209 = EDGE_LOOP('',(#5210,#5211,#5212,#5213,#5214,#5215));
#5210 = ORIENTED_EDGE('',*,*,#5127,.F.);
#5211 = ORIENTED_EDGE('',*,*,#5095,.T.);
#5212 = ORIENTED_EDGE('',*,*,#5152,.T.);
#5213 = ORIENTED_EDGE('',*,*,#5186,.T.);
#5214 = ORIENTED_EDGE('',*,*,#4477,.F.);
#5215 = ORIENTED_EDGE('',*,*,#3541,.F.);
#5216 = ADVANCED_FACE('',(#5217),#3691,.F.);
#5217 = FACE_BOUND('',#5218,.F.);
#5218 = EDGE_LOOP('',(#5219,#5220,#5221,#5222,#5223,#5224));
#5219 = ORIENTED_EDGE('',*,*,#5018,.F.);
#5220 = ORIENTED_EDGE('',*,*,#4986,.T.);
#5221 = ORIENTED_EDGE('',*,*,#4959,.T.);
#5222 = ORIENTED_EDGE('',*,*,#5046,.T.);
#5223 = ORIENTED_EDGE('',*,*,#3677,.F.);
#5224 = ORIENTED_EDGE('',*,*,#3706,.F.);
#5225 = ADVANCED_FACE('',(#5226),#3830,.T.);
#5226 = FACE_BOUND('',#5227,.T.);
#5227 = EDGE_LOOP('',(#5228,#5229,#5230,#5231,#5232,#5233));
#5228 = ORIENTED_EDGE('',*,*,#4931,.F.);
#5229 = ORIENTED_EDGE('',*,*,#4872,.T.);
#5230 = ORIENTED_EDGE('',*,*,#4899,.T.);
#5231 = ORIENTED_EDGE('',*,*,#4845,.T.);
#5232 = ORIENTED_EDGE('',*,*,#3889,.F.);
#5233 = ORIENTED_EDGE('',*,*,#3814,.F.);
#5234 = ADVANCED_FACE('',(#5235),#3990,.T.);
#5235 = FACE_BOUND('',#5236,.T.);
#5236 = EDGE_LOOP('',(#5237,#5238,#5239,#5240,#5241,#5242));
#5237 = ORIENTED_EDGE('',*,*,#4817,.F.);
#5238 = ORIENTED_EDGE('',*,*,#4757,.T.);
#5239 = ORIENTED_EDGE('',*,*,#4784,.T.);
#5240 = ORIENTED_EDGE('',*,*,#4731,.T.);
#5241 = ORIENTED_EDGE('',*,*,#4049,.F.);
#5242 = ORIENTED_EDGE('',*,*,#3974,.F.);
#5243 = ADVANCED_FACE('',(#5244),#4150,.T.);
#5244 = FACE_BOUND('',#5245,.T.);
#5245 = EDGE_LOOP('',(#5246,#5247,#5248,#5249,#5250,#5251));
#5246 = ORIENTED_EDGE('',*,*,#4703,.F.);
#5247 = ORIENTED_EDGE('',*,*,#4643,.T.);
#5248 = ORIENTED_EDGE('',*,*,#4670,.T.);
#5249 = ORIENTED_EDGE('',*,*,#4617,.T.);
#5250 = ORIENTED_EDGE('',*,*,#4209,.F.);
#5251 = ORIENTED_EDGE('',*,*,#4134,.F.);
#5252 = ADVANCED_FACE('',(#5253),#4331,.F.);
#5253 = FACE_BOUND('',#5254,.F.);
#5254 = EDGE_LOOP('',(#5255,#5256,#5257,#5258,#5259,#5260));
#5255 = ORIENTED_EDGE('',*,*,#4562,.F.);
#5256 = ORIENTED_EDGE('',*,*,#4528,.T.);
#5257 = ORIENTED_EDGE('',*,*,#4501,.T.);
#5258 = ORIENTED_EDGE('',*,*,#4590,.T.);
#5259 = ORIENTED_EDGE('',*,*,#4317,.F.);
#5260 = ORIENTED_EDGE('',*,*,#4346,.F.);
#5261 = ( GEOMETRIC_REPRESENTATION_CONTEXT(3) 
GLOBAL_UNCERTAINTY_ASSIGNED_CONTEXT((#5265)) 
GLOBAL_UNIT_ASSIGNED_CONTEXT((#5262,#5263,#5264)) REPRESENTATION_CONTEXT
('Context #1','3D Context with UNIT and UNCERTAINTY') );
#5262 = ( LENGTH_UNIT() NAMED_UNIT(*) SI_UNIT(.MILLI.,.METRE.) );
#5263 = ( NAMED_UNIT(*) PLANE_ANGLE_UNIT() SI_UNIT($,.RADIAN.) );
#5264 = ( NAMED_UNIT(*) SI_UNIT($,.STERADIAN.) SOLID_ANGLE_UNIT() );
#5265 = UNCERTAINTY_MEASURE_WITH_UNIT(LENGTH_MEASURE(1.E-07),#5262,
  'distance_accuracy_value','confusion accuracy');
#5266 = PRODUCT_RELATED_PRODUCT_CATEGORY('part',$,(#7));
ENDSEC;
END-ISO-10303-21;
