$MeshFormat
4.1 0 8
$EndMeshFormat
$Entities
6 10 6 1
1 122 0 -40.9 0 
2 122 0 0 0 
3 93.2 -2.282741633611e-14 -40.9 0 
4 122 0 698 0 
5 76.2 -9.331808605091e-15 0 0 
6 76.2 0 698 0 
1 -122.0000001 -122.0000001 -40.9000001 122.0000001 122.0000001 -40.8999999 0 2 1 -1 
2 121.9999999 -1e-07 -40.9000001 122.0000001 1e-07 1.000000011686097e-07 0 2 1 -2 
3 -122.0000001 -122.0000001 -1e-07 122.0000001 122.0000001 1e-07 0 2 2 -2 
4 -93.2000001 -93.2000001 -40.9000001 93.2000001 93.2000001 -40.8999999 0 2 3 -3 
5 121.9999999 -1e-07 -1.000000224848918e-07 122.0000001 1e-07 698.0000001 0 2 2 -4 
6 -122.0000001 -122.0000001 697.9999999 122.0000001 122.0000001 698.0000001 0 2 4 -4 
7 -76.2000001 -76.2000001 -1e-07 76.2000001 76.2000001 1e-07 0 2 5 -5 
8 76.19999990001736 -1.000000228274163e-07 -40.9000001 93.2000001 9.999998133638278e-08 1.000072273882324e-07 0 2 3 -5 
9 -76.2000001 -76.2000001 697.9999999 76.2000001 76.2000001 698.0000001 0 2 6 -6 
10 76.19999990000001 -1e-07 -1.000000224848918e-07 76.2000001 1e-07 698.0000001 0 2 5 -6 
1 -122.0000001 -122.0000001 -40.9000001 122.0000001 122.0000001 1.000000011686097e-07 0 4 1 2 -3 -2 
2 -122.0000001 -122.0000001 -40.9000001 122.0000001 122.0000001 -40.8999999 0 2 1 -4 
3 -122.0000001 -122.0000001 -1.000000224848918e-07 122.0000001 122.0000001 698.0000001 0 4 3 5 -6 -5 
4 -93.2000001 -93.2000001 -40.9000001 93.2000001 93.2000001 1.000000011686097e-07 0 4 -7 -8 4 8 
5 -122.0000001 -122.0000001 697.9999999 122.0000001 122.0000001 698.0000001 0 2 6 -9 
6 -76.2000001 -76.2000001 -1.000000224848918e-07 76.2000001 76.2000001 698.0000001 0 4 7 10 -9 -10 
1 -122.0000001 -122.0000001 -40.9000001 122.0000001 122.0000001 698.0000001 0 6 1 -2 3 -4 5 -6 
$EndEntities
$Nodes
23 6298 1 6298
0 1 0 1
1
122 0 -40.9
0 2 0 1
2
122 0 0
0 3 0 1
3
93.2 -2.282741633611e-14 -40.9
0 4 0 1
4
122 0 698
0 5 0 1
5
76.2 -9.331808605091e-15 0
0 6 0 1
6
76.2 0 698
1 1 0 48
7
8
9
10
11
12
13
14
15
16
17
18
19
20
21
22
23
24
25
26
27
28
29
30
31
32
33
34
35
36
37
38
39
40
41
42
43
44
45
46
47
48
49
50
51
52
53
54
120.998381686436 15.60101372550976 -40.9
118.0099732907616 30.94585923695996 -40.9
113.0838443962146 45.78257459528373 -40.9
106.3008819030534 59.86754134448055 -40.9
97.77246186789061 72.96948471992849 -40.9
87.63862071192261 84.87327117362548 -40.9
76.06575582676531 95.38344086109977 -40.9
63.24389333388384 104.3274170866524 -40.9
49.38356786093179 111.5583400079292 -40.9
34.71236556898567 116.9574780704727 -40.9
19.47118719407198 120.436177576563 -40.9
3.910292463741598 121.9373183764839 -40.9
-11.71480916073753 121.4362517798021 -40.9
-27.14755394267072 118.9412052861824 -40.9
-42.13453663939992 114.4931474900706 -40.9
-56.42967140938232 108.1651153775058 -40.9
-69.79823253490507 100.0610150608284 -40.9
-82.02070861188105 90.31391564318812 -40.9
-92.8964069210348 79.08386422754973 -40.9
-102.246748796805 66.55525794768634 -40.9
-109.9182018840955 52.93381617234142 -40.9
-115.7848011353018 38.44320259888097 -40.9
-119.7502171529102 23.32135270156655 -40.9
-121.7493379155411 7.81656683764604 -40.9
-121.749337915541 -7.816566837647903 -40.9
-119.7502171529098 -23.32135270156838 -40.9
-115.7848011353013 -38.44320259888259 -40.9
-109.9182018840947 -52.9338161723429 -40.9
-102.2467487968041 -66.55525794768769 -40.9
-92.89640692103379 -79.0838642275509 -40.9
-82.02070861188 -90.31391564318909 -40.9
-69.79823253490395 -100.0610150608291 -40.9
-56.42967140938114 -108.1651153775064 -40.9
-42.13453663939878 -114.493147490071 -40.9
-27.14755394266964 -118.9412052861827 -40.9
-11.7148091607365 -121.4362517798022 -40.9
3.910292463742543 -121.9373183764839 -40.9
19.47118719407281 -120.4361775765628 -40.9
34.71236556898653 -116.9574780704724 -40.9
49.38356786093254 -111.5583400079289 -40.9
63.24389333388446 -104.327417086652 -40.9
76.06575582676581 -95.38344086109937 -40.9
87.63862071192301 -84.8732711736251 -40.9
97.77246186789088 -72.96948471992812 -40.9
106.3008819030536 -59.86754134448023 -40.9
113.0838443962147 -45.7825745952835 -40.9
118.0099732907616 -30.94585923695981 -40.9
120.998381686436 -15.60101372550959 -40.9
1 2 0 0
1 3 0 48
55
56
57
58
59
60
61
62
63
64
65
66
67
68
69
70
71
72
73
74
75
76
77
78
79
80
81
82
83
84
85
86
87
88
89
90
91
92
93
94
95
96
97
98
99
100
101
102
120.998381686436 15.60101372550976 0
118.0099732907616 30.94585923695996 0
113.0838443962146 45.78257459528373 0
106.3008819030534 59.86754134448055 0
97.77246186789061 72.96948471992849 0
87.63862071192261 84.87327117362548 0
76.06575582676531 95.38344086109977 0
63.24389333388384 104.3274170866524 0
49.38356786093179 111.5583400079292 0
34.71236556898567 116.9574780704727 0
19.47118719407198 120.436177576563 0
3.910292463741598 121.9373183764839 0
-11.71480916073753 121.4362517798021 0
-27.14755394267072 118.9412052861824 0
-42.13453663939992 114.4931474900706 0
-56.42967140938232 108.1651153775058 0
-69.79823253490507 100.0610150608284 0
-82.02070861188105 90.31391564318812 0
-92.8964069210348 79.08386422754973 0
-102.246748796805 66.55525794768634 0
-109.9182018840955 52.93381617234142 0
-115.7848011353018 38.44320259888097 0
-119.7502171529102 23.32135270156655 0
-121.7493379155411 7.81656683764604 0
-121.749337915541 -7.816566837647903 0
-119.7502171529098 -23.32135270156838 0
-115.7848011353013 -38.44320259888259 0
-109.9182018840947 -52.9338161723429 0
-102.2467487968041 -66.55525794768769 0
-92.89640692103379 -79.0838642275509 0
-82.02070861188 -90.31391564318909 0
-69.79823253490395 -100.0610150608291 0
-56.42967140938114 -108.1651153775064 0
-42.13453663939878 -114.493147490071 0
-27.14755394266964 -118.9412052861827 0
-11.7148091607365 -121.4362517798022 0
3.910292463742543 -121.9373183764839 0
19.47118719407281 -120.4361775765628 0
34.71236556898653 -116.9574780704724 0
49.38356786093254 -111.5583400079289 0
63.24389333388446 -104.327417086652 0
76.06575582676581 -95.38344086109937 0
87.63862071192301 -84.8732711736251 0
97.77246186789088 -72.96948471992812 0
106.3008819030536 -59.86754134448023 0
113.0838443962147 -45.7825745952835 0
118.0099732907616 -30.94585923695981 0
120.998381686436 -15.60101372550959 0
1 4 0 48
103
104
105
106
107
108
109
110
111
112
113
114
115
116
117
118
119
120
121
122
123
124
125
126
127
128
129
130
131
132
133
134
135
136
137
138
139
140
141
142
143
144
145
146
147
148
149
150
92.43482928832654 11.91815146899597 -40.9
90.15188123523754 23.64060722036611 -40.9
86.38864178464922 34.9748848547577 -40.9
81.20690322429986 45.73487584676706 -40.9
74.69174955809353 55.74390144178138 -40.9
66.95015942910817 64.83761371624499 -40.9
58.1092495332339 72.86669416602044 -40.9
48.31418736654084 79.69930551209832 -40.9
37.72580757900699 85.22325646507377 -40.9
26.51797107401207 89.34784390301682 -40.9
14.87471021711077 92.00534221422679 -40.9
2.98720702967805 93.15211534990411 -40.9
-8.949346014596188 92.76933332686525 -40.9
-20.73895104472874 90.86328141534591 -40.9
-32.18802307206612 87.46525693503759 -40.9
-43.10856865044609 82.63105535396348 -40.9
-53.3212727233864 76.44005412843616 -40.9
-62.65844297235488 68.99390932741926 -40.9
-70.96676332000347 60.41488644268572 -40.9
-78.10981137591963 50.84385279282299 -40.9
-83.97029848850553 40.43796448575628 -40.9
-88.45199562139437 29.36808591980131 -40.9
-91.48131343156732 17.8159841949678 -40.9
-93.00851060433136 5.971344502202308 -40.9
-93.00851060433133 -5.971344502202574 -40.9
-91.48131343156726 -17.81598419496806 -40.9
-88.45199562139429 -29.36808591980156 -40.9
-83.97029848850538 -40.43796448575659 -40.9
-78.10981137591948 -50.84385279282326 -40.9
-70.96676332000321 -60.41488644268602 -40.9
-62.65844297235457 -68.99390932741954 -40.9
-53.32127272338604 -76.44005412843642 -40.9
-43.10856865044563 -82.63105535396373 -40.9
-32.18802307206569 -87.46525693503774 -40.9
-20.73895104472836 -90.86328141534599 -40.9
-8.949346014595756 -92.76933332686529 -40.9
2.987207029678399 -93.15211534990411 -40.9
14.87471021711103 -92.00534221422674 -40.9
26.51797107401234 -89.34784390301674 -40.9
37.72580757900717 -85.2232564650737 -40.9
48.31418736654096 -79.69930551209825 -40.9
58.10924953323401 -72.86669416602034 -40.9
66.95015942910823 -64.83761371624492 -40.9
74.69174955809359 -55.74390144178129 -40.9
81.20690322429989 -45.73487584676701 -40.9
86.38864178464922 -34.97488485475771 -40.9
90.15188123523751 -23.64060722036618 -40.9
92.43482928832654 -11.91815146899594 -40.9
1 5 0 48
151
152
153
154
155
156
157
158
159
160
161
162
163
164
165
166
167
168
169
170
171
172
173
174
175
176
177
178
179
180
181
182
183
184
185
186
187
188
189
190
191
192
193
194
195
196
197
198
122 0 14.24489795918367
122 0 28.48979591836735
122 0 42.73469387755102
122 0 56.97959183673469
122 0 71.22448979591836
122 0 85.46938775510203
122 0 99.71428571428571
122 0 113.9591836734694
122 0 128.204081632653
122 0 142.4489795918367
122 0 156.6938775510204
122 0 170.9387755102041
122 0 185.1836734693877
122 0 199.4285714285714
122 0 213.6734693877551
122 0 227.9183673469388
122 0 242.1632653061224
122 0 256.4081632653061
122 0 270.6530612244898
122 0 284.8979591836734
122 0 299.1428571428571
122 0 313.3877551020408
122 0 327.6326530612245
122 0 341.8775510204081
122 0 356.1224489795919
122 0 370.3673469387755
122 0 384.6122448979592
122 0 398.8571428571428
122 0 413.1020408163265
122 0 427.3469387755101
122 0 441.5918367346938
122 0 455.8367346938775
122 0 470.0816326530612
122 0 484.3265306122449
122 0 498.5714285714285
122 0 512.8163265306122
122 0 527.0612244897959
122 0 541.3061224489795
122 0 555.5510204081631
122 0 569.7959183673469
122 0 584.0408163265306
122 0 598.2857142857142
122 0 612.530612244898
122 0 626.7755102040816
122 0 641.0204081632652
122 0 655.2653061224489
122 0 669.5102040816327
122 0 683.7551020408163
1 6 0 48
199
200
201
202
203
204
205
206
207
208
209
210
211
212
213
214
215
216
217
218
219
220
221
222
223
224
225
226
227
228
229
230
231
232
233
234
235
236
237
238
239
240
241
242
243
244
245
246
120.998381686436 15.60101372550976 698
118.0099732907616 30.94585923695996 698
113.0838443962146 45.78257459528373 698
106.3008819030534 59.86754134448055 698
97.77246186789061 72.96948471992849 698
87.63862071192261 84.87327117362548 698
76.06575582676531 95.38344086109977 698
63.24389333388384 104.3274170866524 698
49.38356786093179 111.5583400079292 698
34.71236556898567 116.9574780704727 698
19.47118719407198 120.436177576563 698
3.910292463741598 121.9373183764839 698
-11.71480916073753 121.4362517798021 698
-27.14755394267072 118.9412052861824 698
-42.13453663939992 114.4931474900706 698
-56.42967140938232 108.1651153775058 698
-69.79823253490507 100.0610150608284 698
-82.02070861188105 90.31391564318812 698
-92.8964069210348 79.08386422754973 698
-102.246748796805 66.55525794768634 698
-109.9182018840955 52.93381617234142 698
-115.7848011353018 38.44320259888097 698
-119.7502171529102 23.32135270156655 698
-121.7493379155411 7.81656683764604 698
-121.749337915541 -7.816566837647903 698
-119.7502171529098 -23.32135270156838 698
-115.7848011353013 -38.44320259888259 698
-109.9182018840947 -52.9338161723429 698
-102.2467487968041 -66.55525794768769 698
-92.89640692103379 -79.0838642275509 698
-82.02070861188 -90.31391564318909 698
-69.79823253490395 -100.0610150608291 698
-56.42967140938114 -108.1651153775064 698
-42.13453663939878 -114.493147490071 698
-27.14755394266964 -118.9412052861827 698
-11.7148091607365 -121.4362517798022 698
3.910292463742543 -121.9373183764839 698
19.47118719407281 -120.4361775765628 698
34.71236556898653 -116.9574780704724 698
49.38356786093254 -111.5583400079289 698
63.24389333388446 -104.327417086652 698
76.06575582676581 -95.38344086109937 698
87.63862071192301 -84.8732711736251 698
97.77246186789088 -72.96948471992812 698
106.3008819030536 -59.86754134448023 698
113.0838443962147 -45.7825745952835 698
118.0099732907616 -30.94585923695981 698
120.998381686436 -15.60101372550959 698
1 7 0 48
247
248
249
250
251
252
253
254
255
256
257
258
259
260
261
262
263
264
265
266
267
268
269
270
271
272
273
274
275
276
277
278
279
280
281
282
283
284
285
286
287
288
289
290
291
292
293
294
75.57439905333135 9.744239720359374 0
73.70786856357404 19.32847929390449 0
70.63105690976684 28.59534577180836 0
66.39448525420224 37.39267746270013 0
61.06771798633825 45.57602242343072 0
54.73822047744677 53.01101035598574 0
47.50992290163541 59.57555896406395 0
39.5015137052619 65.16187854100745 0
30.84449074592628 69.67824187380498 0
21.68100210128454 73.05049040139357 0
12.16151200154335 75.22325189618113 0
2.442330210959967 76.16084967449243 0
-7.316954574165519 75.84788840672888 0
-16.95609516747135 74.28950690825492 0
-26.31681714690384 71.51129376019168 0
-35.24541771635185 67.5588671456225 0
-43.59528950130956 62.49712580028788 0
-51.22932783791252 56.40918337713888 0
-58.02218202772822 49.39500372245327 0
-63.86231359275841 41.56975947224358 0
-68.65382773416448 33.06194092075764 0
-72.31804792221305 24.01124621339959 0
-74.79480776271924 14.56628750704422 0
-76.04343892757565 4.882150762529943 0
-76.04343892757561 -4.882150762530736 0
-74.7948077627191 -14.56628750704497 0
-72.31804792221284 -24.01124621340024 0
-68.65382773416415 -33.06194092075832 0
-63.86231359275804 -41.56975947224414 0
-58.02218202772782 -49.39500372245374 0
-51.22932783791204 -56.40918337713932 0
-43.59528950130897 -62.49712580028829 0
-35.24541771635129 -67.5588671456228 0
-26.3168171469033 -71.51129376019188 0
-16.95609516747084 -74.28950690825504 0
-7.316954574165066 -75.84788840672893 0
2.442330210960371 -76.16084967449241 0
12.16151200154377 -75.22325189618105 0
21.6810021012849 -73.05049040139347 0
30.84449074592659 -69.67824187380484 0
39.50151370526215 -65.1618785410073 0
47.50992290163558 -59.5755589640638 0
54.73822047744694 -53.01101035598556 0
61.06771798633832 -45.57602242343063 0
66.39448525420231 -37.39267746270001 0
70.63105690976688 -28.59534577180828 0
73.70786856357404 -19.32847929390447 0
75.57439905333136 -9.744239720359339 0
1 8 0 48
295
296
297
298
299
300
301
302
303
304
305
306
307
308
309
310
311
312
313
314
315
316
317
318
319
320
321
322
323
324
325
326
327
328
329
330
331
332
333
334
335
336
337
338
339
340
341
342
92.85306122449015 -2.274244084392428e-14 -40.06530612244883
92.50612244898031 -2.265746535173855e-14 -39.23061224489766
92.15918367347045 -2.257248985955283e-14 -38.39591836734649
91.8122448979606 -2.248751436736711e-14 -37.56122448979532
91.46530612245076 -2.240253887518138e-14 -36.72653061224415
91.1183673469409 -2.231756338299566e-14 -35.89183673469298
90.77142857143104 -2.223258789080993e-14 -35.05714285714181
90.4244897959212 -2.214761239862421e-14 -34.22244897959064
90.07755102041135 -2.206263690643849e-14 -33.38775510203947
89.73061224490149 -2.197766141425276e-14 -32.5530612244883
89.38367346939165 -2.189268592206703e-14 -31.71836734693714
89.0367346938818 -2.180771042988131e-14 -30.88367346938596
88.68979591837194 -2.172273493769559e-14 -30.04897959183479
88.3428571428621 -2.163775944550986e-14 -29.21428571428363
87.99591836735225 -2.155278395332414e-14 -28.37959183673245
87.64897959184239 -2.146780846113841e-14 -27.54489795918128
87.30204081633255 -2.138283296895269e-14 -26.71020408163012
86.95510204082269 -2.129785747676697e-14 -25.87551020407894
86.60816326531284 -2.121288198458124e-14 -25.04081632652778
86.26122448980298 -2.112790649239552e-14 -24.20612244897661
85.91428571429314 -2.104293100020979e-14 -23.37142857142544
85.56734693878329 -2.095795550802407e-14 -22.53673469387427
85.22040816327345 -2.087298001583835e-14 -21.7020408163231
84.87346938776359 -2.078800452365262e-14 -20.86734693877193
84.52653061225374 -2.07030290314669e-14 -20.03265306122077
84.1795918367439 -2.061805353928118e-14 -19.1979591836696
83.83265306123404 -2.053307804709545e-14 -18.36326530611843
83.48571428572419 -2.044810255490973e-14 -17.52857142856726
83.13877551021434 -2.0363127062724e-14 -16.6938775510161
82.79183673470449 -2.027815157053828e-14 -15.85918367346493
82.44489795919465 -2.019317607835256e-14 -15.02448979591377
82.09795918368479 -2.010820058616683e-14 -14.1897959183626
81.75102040817495 -2.002322509398111e-14 -13.35510204081143
81.4040816326651 -1.993824960179539e-14 -12.52040816326027
81.05714285715524 -1.985327410960966e-14 -11.6857142857091
80.7102040816454 -1.976829861742394e-14 -10.85102040815794
80.36326530613555 -1.968332312523821e-14 -10.01632653060677
80.0163265306257 -1.959834763305249e-14 -9.181632653055601
79.66938775511585 -1.951337214086676e-14 -8.346938775504434
79.32244897960599 -1.942839664868104e-14 -7.512244897953266
78.97551020409615 -1.934342115649532e-14 -6.677551020402099
78.6285714285863 -1.925844566430959e-14 -5.842857142850939
78.28163265307646 -1.917347017212387e-14 -5.008163265299771
77.9346938775666 -1.908849467993815e-14 -4.173469387748604
77.58775510205676 -1.900351918775242e-14 -3.338775510197436
77.24081632654691 -1.89185436955667e-14 -2.504081632646276
76.89387755103705 -1.883356820338097e-14 -1.669387755095102
76.54693877552721 -1.874859271119525e-14 -0.8346938775439412
1 9 0 48
343
344
345
346
347
348
349
350
351
352
353
354
355
356
357
358
359
360
361
362
363
364
365
366
367
368
369
370
371
372
373
374
375
376
377
378
379
380
381
382
383
384
385
386
387
388
389
390
75.57439905333135 9.744239720359374 698
73.70786856357404 19.32847929390449 698
70.63105690976684 28.59534577180836 698
66.39448525420224 37.39267746270013 698
61.06771798633825 45.57602242343072 698
54.73822047744677 53.01101035598574 698
47.50992290163541 59.57555896406395 698
39.5015137052619 65.16187854100745 698
30.84449074592628 69.67824187380498 698
21.68100210128454 73.05049040139357 698
12.16151200154335 75.22325189618113 698
2.442330210959967 76.16084967449243 698
-7.316954574165519 75.84788840672888 698
-16.95609516747135 74.28950690825492 698
-26.31681714690384 71.51129376019168 698
-35.24541771635185 67.5588671456225 698
-43.59528950130956 62.49712580028788 698
-51.22932783791252 56.40918337713888 698
-58.02218202772822 49.39500372245327 698
-63.86231359275841 41.56975947224358 698
-68.65382773416448 33.06194092075764 698
-72.31804792221305 24.01124621339959 698
-74.79480776271924 14.56628750704422 698
-76.04343892757565 4.882150762529943 698
-76.04343892757561 -4.882150762530736 698
-74.7948077627191 -14.56628750704497 698
-72.31804792221284 -24.01124621340024 698
-68.65382773416415 -33.06194092075832 698
-63.86231359275804 -41.56975947224414 698
-58.02218202772782 -49.39500372245374 698
-51.22932783791204 -56.40918337713932 698
-43.59528950130897 -62.49712580028829 698
-35.24541771635129 -67.5588671456228 698
-26.3168171469033 -71.51129376019188 698
-16.95609516747084 -74.28950690825504 698
-7.316954574165066 -75.84788840672893 698
2.442330210960371 -76.16084967449241 698
12.16151200154377 -75.22325189618105 698
21.6810021012849 -73.05049040139347 698
30.84449074592659 -69.67824187380484 698
39.50151370526215 -65.1618785410073 698
47.50992290163558 -59.5755589640638 698
54.73822047744694 -53.01101035598556 698
61.06771798633832 -45.57602242343063 698
66.39448525420231 -37.39267746270001 698
70.63105690976688 -28.59534577180828 698
73.70786856357404 -19.32847929390447 698
75.57439905333136 -9.744239720359339 698
1 10 0 48
391
392
393
394
395
396
397
398
399
400
401
402
403
404
405
406
407
408
409
410
411
412
413
414
415
416
417
418
419
420
421
422
423
424
425
426
427
428
429
430
431
432
433
434
435
436
437
438
76.2 0 14.24489795918367
76.2 0 28.48979591836735
76.2 0 42.73469387755102
76.2 0 56.97959183673469
76.2 0 71.22448979591836
76.2 0 85.46938775510203
76.2 0 99.71428571428571
76.2 0 113.9591836734694
76.2 0 128.204081632653
76.2 0 142.4489795918367
76.2 0 156.6938775510204
76.2 0 170.9387755102041
76.2 0 185.1836734693877
76.2 0 199.4285714285714
76.2 0 213.6734693877551
76.2 0 227.9183673469388
76.2 0 242.1632653061224
76.2 0 256.4081632653061
76.2 0 270.6530612244898
76.2 0 284.8979591836734
76.2 0 299.1428571428571
76.2 0 313.3877551020408
76.2 0 327.6326530612245
76.2 0 341.8775510204081
76.2 0 356.1224489795919
76.2 0 370.3673469387755
76.2 0 384.6122448979592
76.2 0 398.8571428571428
76.2 0 413.1020408163265
76.2 0 427.3469387755101
76.2 0 441.5918367346938
76.2 0 455.8367346938775
76.2 0 470.0816326530612
76.2 0 484.3265306122449
76.2 0 498.5714285714285
76.2 0 512.8163265306122
76.2 0 527.0612244897959
76.2 0 541.3061224489795
76.2 0 555.5510204081631
76.2 0 569.7959183673469
76.2 0 584.0408163265306
76.2 0 598.2857142857142
76.2 0 612.530612244898
76.2 0 626.7755102040816
76.2 0 641.0204081632652
76.2 0 655.2653061224489
76.2 0 669.5102040816327
76.2 0 683.7551020408163
2 1 0 99
439
440
441
442
443
444
445
446
447
448
449
450
451
452
453
454
455
456
457
458
459
460
461
462
463
464
465
466
467
468
469
470
471
472
473
474
475
476
477
478
479
480
481
482
483
484
485
486
487
488
489
490
491
492
493
494
495
496
497
498
499
500
501
502
503
504
505
506
507
508
509
510
511
512
513
514
515
516
517
518
519
520
521
522
523
524
525
526
527
528
529
530
531
532
533
534
535
536
537
119.75021715291 -23.3213527015673 -27.3636297368305
-118.0099732907614 -30.94585923696079 -13.53637026316953
-49.38356786093128 -111.5583400079295 -13.53637026316953
27.14755394267092 -118.9412052861824 -27.36362973683045
-76.06575582676477 -95.38344086110021 -27.36362973683045
92.8964069210346 -79.08386422754994 -27.36362973683046
56.42967140938235 -108.1651153775058 -27.36362973683046
-3.910292463741285 -121.9373183764839 -27.36362973683046
109.9182018840952 -52.93381617234192 -13.53637026316954
-97.77246186789017 -72.96948471992907 -27.36362973683043
-122 -9.359812187456629e-13 -27.36362973683041
27.14755394267012 118.9412052861825 -27.36362973683042
-60.35106986306844 106.0271114686382 -27.40608848301617
82.02070861188052 90.31391564318861 -27.36362973683039
-3.910292463742263 121.9373183764839 -27.36362973683039
56.42967140938168 108.1651153775061 -27.36362973683039
109.9182018840951 52.93381617234221 -13.53637026316962
119.75021715291 23.32135270156746 -13.53637026316962
-34.71236556898636 116.9574780704725 -27.36362973683038
-99.74050455280954 70.25547488666615 -27.4061388822666
-118.0099732907618 30.94585923695908 -27.36362973683036
-87.63862071192212 -84.87327117362602 -13.53637026316954
11.71480916073776 -121.4362517798021 -13.53637026316954
-113.0838443962143 -45.78257459528449 -27.36362973683044
-34.71236556898522 -116.9574780704728 -27.36362973683047
69.79823253490507 -100.0610150608284 -13.53637026316953
-19.47118719407156 -120.436177576563 -13.53637026316954
42.13453663940006 -114.4931474900706 -13.53637026316954
11.71480916073689 121.4362517798022 -13.53637026316959
-76.06575582676585 95.38344086109934 -13.53637026316962
-106.3008819030531 -59.86754134448121 -13.53637026316959
69.79823253490453 100.0610150608287 -13.53637026316961
-120.9983816864361 15.60101372550885 -13.53637026316961
115.7848011353015 38.44320259888181 -27.36362973683038
-19.47118719407264 120.4361775765629 -13.53637026316961
42.13453663939925 114.4931474900709 -13.5363702631696
102.2467487968045 66.5552579476871 -27.36362973683039
-106.3008819030539 59.86754134447977 -13.53637026316962
-49.38356786093247 111.5583400079289 -13.53637026316961
92.89640692103431 79.08386422755028 -13.53637026316961
121.749337915541 -7.816566837646906 -15.62244439860085
121.749337915541 7.816566837646975 -25.27755560139908
115.7848011353061 -38.44320259886805 -27.36362973683888
-87.63862071192895 84.87327117361895 -13.53637026317307
-120.9983816864359 -15.60101372551065 -27.36362973683044
-113.083844396223 45.78257459526306 -27.36362973684891
-63.24389333388331 -104.3274170866527 -27.36362973683045
82.02070861189273 -90.31391564317752 -27.36362973684046
102.2467487968047 -66.55525794768671 -27.36362973683046
-113.0838443962149 45.78257459528295 -12.5613611350452
82.02070861188093 -90.31391564318824 -12.56136113504064
115.7848011353016 -38.44320259888161 -12.56136113503979
-82.02070861188209 90.31391564318719 -26.09773139820416
119.75021715291 -23.3213527015673 -12.56136113503523
-49.38356786093128 -111.5583400079295 -28.33863886496479
-76.06575582676477 -95.38344086110021 -12.56136113503516
69.79823253490505 -100.0610150608284 -28.33863886496476
-34.71236556898522 -116.9574780704728 -12.56136113503529
-118.0099732907614 -30.94585923696079 -28.33863886496484
92.8964069210346 -79.08386422754994 -12.56136113503522
102.2467487968047 -66.55525794768673 -12.56136113503524
27.14755394267092 -118.9412052861824 -12.5613611350352
109.9182018840952 -52.93381617234192 -28.33863886496476
-87.63862071192212 -84.87327117362602 -28.33863886496474
56.42967140938235 -108.1651153775058 -12.56136113503526
-19.47118719407156 -120.436177576563 -28.33863886496475
-3.910292463741285 -121.9373183764839 -12.5613611350352
11.71480916073776 -121.4362517798021 -28.33863886496477
-63.24389333388331 -104.3274170866527 -12.56136113503523
42.13453663940006 -114.4931474900706 -28.33863886496476
-120.9983816864359 -15.60101372551065 -12.56136113503525
-113.0838443962143 -45.78257459528449 -12.56136113503527
-97.77246186789017 -72.96948471992907 -12.56136113503522
27.14755394267012 118.9412052861825 -12.56136113503476
-106.3008819030531 -59.86754134448121 -28.33863886496496
-122 -9.359812187456629e-13 -12.5613611350351
-63.24389333388441 104.327417086652 -12.56136113503545
11.71480916073689 121.4362517798022 -28.3386388649652
42.13453663939925 114.4931474900709 -28.33863886496453
-48.47897084063585 111.9544076230712 -28.19256358953178
69.79823253490453 100.0610150608287 -28.3386388649653
-120.9983816864361 15.60101372550885 -28.33863886496483
82.02070861188052 90.31391564318861 -12.56136113503512
109.9182018840951 52.93381617234221 -28.33863886496594
92.89640692103426 79.08386422755036 -28.33863886496444
56.42967140938168 108.1651153775061 -12.56136113503519
-3.910292463742263 121.9373183764839 -12.56136113503529
-19.47118719407264 120.4361775765629 -28.33863886496465
115.7848011353015 38.44320259888181 -12.56136113503497
119.75021715291 23.32135270156746 -28.33863886496404
-106.7814949858482 59.00603637414807 -28.19254969057031
102.2467487968045 66.5552579476871 -12.56136113503549
-34.71236556898636 116.9574780704725 -12.561361135035
-97.7724618678911 72.96948471992782 -12.56136113503549
-118.0099732907618 30.94585923695908 -12.56136113503529
121.0188692790348 -15.44128486959219 -29.34855398546473
121.0188692790326 15.44128486960902 -11.55144601454377
-73.09053546309826 97.68200256811679 -29.52860473603546
-90.20969227964966 82.13532381874997 -29.52650906614359
2 2 0 96
538
539
540
541
542
543
544
545
546
547
548
549
550
551
552
553
554
555
556
557
558
559
560
561
562
563
564
565
566
567
568
569
570
571
572
573
574
575
576
577
578
579
580
581
582
583
584
585
586
587
588
589
590
591
592
593
594
595
596
597
598
599
600
601
602
603
604
605
606
607
608
609
610
611
612
613
614
615
616
617
618
619
620
621
622
623
624
625
626
627
628
629
630
631
632
633
102.7143937445954 6.434161462480486 -40.9
100.9441948921969 -19.74536911231306 -40.9
92.65432841442696 -44.79755062630734 -40.9
-53.16125045276907 87.69504305425991 -40.9
78.08641900680638 -66.47593769691413 -40.9
-16.07652824420959 101.5871359163191 -40.9
10.04151947274638 102.4246698931635 -40.9
92.79316428156757 44.50925497757825 -40.9
58.60407179388248 -84.37240437605439 -40.9
47.74425176507113 91.17089195263233 -40.9
-3.639194084734164 -102.7869505846009 -40.9
22.5522074380986 -100.3483875492603 -40.9
68.94457635317076 75.91564079603329 -40.9
-29.43570483054621 -98.61634954293336 -40.9
-73.6668541325494 71.34236979666592 -40.9
-95.37191698508542 -38.52022240856486 -40.9
-89.35388870455202 50.32317258843161 -40.9
-53.16125045276863 -87.69504305426021 -40.9
-99.50914283694348 26.2597716650742 -40.9
-102.129395994512 -12.73515944034967 -40.9
-82.18511003588004 -61.33634171012184 -40.9
101.8654769499118 -6.579296014438813 -40.9
58.38766799194235 83.67049986736176 -40.9
35.69227907357359 -97.97143438356673 -40.9
47.24941272347196 -93.84423442159125 -40.9
-98.85448492169199 -25.64130090173547 -40.9
-88.89672314465426 -50.04208665622291 -40.9
-16.5676238968977 -100.7826739649624 -40.9
22.97376156625125 100.0058194653767 -40.9
68.80948314042317 -75.80699773287887 -40.9
-63.88955783404962 -80.09541375596341 -40.9
97.4286800363187 32.19642765626502 -40.9
100.2548223764305 19.27740109033975 -40.9
78.32943512006513 66.55989100960579 -40.9
96.85589623649243 -32.39816677171253 -40.9
-103.3886302680852 13.64405180461728 -40.9
-105.0568957212863 1.51525519116102 -40.9
85.49892818992129 -55.67589783709066 -40.9
-94.56518415999476 38.30532947747278 -40.9
85.71093828354543 55.51665865025893 -40.9
-41.31661215544182 -93.28885186123939 -40.9
-3.003374806415857 102.0912007613249 -40.9
-41.52194267564894 94.0300365515148 -40.9
-63.57411747677033 79.71942181777889 -40.9
-28.80310144222862 97.95854232904033 -40.9
-81.7161140282149 60.98632089279478 -40.9
35.48642482527776 95.72544727316441 -40.9
9.50809688793808 -101.6772433554464 -40.9
-73.23822946311681 -70.92165803585101 -40.9
-65.88313856744119 -89.9018306327381 -40.9
-50.67404863721578 97.16290161541851 -40.9
17.77327405780332 108.2811597357788 -40.9
101.8093833039887 40.93346180963121 -40.9
78.72878552289512 76.22510731841831 -40.9
108.6005778148315 -14.02971554021817 -40.9
111.2018320199839 -2.767170856830442 -40.9
-54.17750099760856 -97.27730860539886 -40.9
67.41667454908483 -88.77736068170262 -40.9
-98.65760053474141 -47.48425647631997 -40.9
77.88334638486425 -79.65845602582337 -40.9
96.15342539401475 -56.44743293680447 -40.9
87.17220025923676 -69.35008006503097 -40.9
-41.57972692516275 -103.4317314702204 -40.9
-61.42272957016298 92.54594709542607 -40.9
-94.45580501710883 -58.42816171580753 -40.9
-105.1706890454647 37.02593774449967 -40.9
-99.10393892011633 50.98665772240745 -40.9
-83.0946769222336 74.16251476849607 -40.9
-91.96395053862422 62.85252689488058 -40.9
59.50030013304529 94.29479404630422 -40.9
71.54428442329022 85.06045901047379 -40.9
-73.01607807527942 84.05695592078803 -40.9
-86.65355952397974 -69.79957821396404 -40.9
-77.43026682025017 -80.01937675154275 -40.9
-12.87891676419769 -110.7935618304972 -40.9
-106.036115803699 -35.16965005366233 -40.9
108.0550466147517 -28.36979065759552 -40.9
15.6419999349156 -110.4354379180201 -40.9
-8.537726666434567 111.2123512181835 -40.9
57.17952405225125 -96.57595131478584 -40.9
-111.8569423900442 -6.535085100884916 -40.9
108.0737177707261 28.29456091186027 -40.9
-38.55107097530676 104.8542587997658 -40.9
89.55143418763723 66.79279696851412 -40.9
31.82872312584208 107.0861477230366 -40.9
30.72470776591899 -107.5065439545296 -40.9
-109.5265810988419 22.48538843665234 -40.9
0.1379115461546452 -111.5111273074751 -40.9
-27.63172240994199 -108.1021128393908 -40.9
-110.062749029733 -18.53651917264144 -40.9
102.1839038264924 -44.61050948869726 -40.9
6.609195285918807 111.0638129269163 -40.9
110.8738579330287 11.1399943888933 -40.9
47.86452684067532 100.6938396816199 -40.9
-21.80513173859796 109.3316242215489 -40.9
98.20827439266782 52.23371472429113 -40.9
2 3 0 2721
634
635
636
637
638
639
640
641
642
643
644
645
646
647
648
649
650
651
652
653
654
655
656
657
658
659
660
661
662
663
664
665
666
667
668
669
670
671
672
673
674
675
676
677
678
679
680
681
682
683
684
685
686
687
688
689
690
691
692
693
694
695
696
697
698
699
700
701
702
703
704
705
706
707
708
709
710
711
712
713
714
715
716
717
718
719
720
721
722
723
724
725
726
727
728
729
730
731
732
733
734
735
736
737
738
739
740
741
742
743
744
745
746
747
748
749
750
751
752
753
754
755
756
757
758
759
760
761
762
763
764
765
766
767
768
769
770
771
772
773
774
775
776
777
778
779
780
781
782
783
784
785
786
787
788
789
790
791
792
793
794
795
796
797
798
799
800
801
802
803
804
805
806
807
808
809
810
811
812
813
814
815
816
817
818
819
820
821
822
823
824
825
826
827
828
829
830
831
832
833
834
835
836
837
838
839
840
841
842
843
844
845
846
847
848
849
850
851
852
853
854
855
856
857
858
859
860
861
862
863
864
865
866
867
868
869
870
871
872
873
874
875
876
877
878
879
880
881
882
883
884
885
886
887
888
889
890
891
892
893
894
895
896
897
898
899
900
901
902
903
904
905
906
907
908
909
910
911
912
913
914
915
916
917
918
919
920
921
922
923
924
925
926
927
928
929
930
931
932
933
934
935
936
937
938
939
940
941
942
943
944
945
946
947
948
949
950
951
952
953
954
955
956
957
958
959
960
961
962
963
964
965
966
967
968
969
970
971
972
973
974
975
976
977
978
979
980
981
982
983
984
985
986
987
988
989
990
991
992
993
994
995
996
997
998
999
1000
1001
1002
1003
1004
1005
1006
1007
1008
1009
1010
1011
1012
1013
1014
1015
1016
1017
1018
1019
1020
1021
1022
1023
1024
1025
1026
1027
1028
1029
1030
1031
1032
1033
1034
1035
1036
1037
1038
1039
1040
1041
1042
1043
1044
1045
1046
1047
1048
1049
1050
1051
1052
1053
1054
1055
1056
1057
1058
1059
1060
1061
1062
1063
1064
1065
1066
1067
1068
1069
1070
1071
1072
1073
1074
1075
1076
1077
1078
1079
1080
1081
1082
1083
1084
1085
1086
1087
1088
1089
1090
1091
1092
1093
1094
1095
1096
1097
1098
1099
1100
1101
1102
1103
1104
1105
1106
1107
1108
1109
1110
1111
1112
1113
1114
1115
1116
1117
1118
1119
1120
1121
1122
1123
1124
1125
1126
1127
1128
1129
1130
1131
1132
1133
1134
1135
1136
1137
1138
1139
1140
1141
1142
1143
1144
1145
1146
1147
1148
1149
1150
1151
1152
1153
1154
1155
1156
1157
1158
1159
1160
1161
1162
1163
1164
1165
1166
1167
1168
1169
1170
1171
1172
1173
1174
1175
1176
1177
1178
1179
1180
1181
1182
1183
1184
1185
1186
1187
1188
1189
1190
1191
1192
1193
1194
1195
1196
1197
1198
1199
1200
1201
1202
1203
1204
1205
1206
1207
1208
1209
1210
1211
1212
1213
1214
1215
1216
1217
1218
1219
1220
1221
1222
1223
1224
1225
1226
1227
1228
1229
1230
1231
1232
1233
1234
1235
1236
1237
1238
1239
1240
1241
1242
1243
1244
1245
1246
1247
1248
1249
1250
1251
1252
1253
1254
1255
1256
1257
1258
1259
1260
1261
1262
1263
1264
1265
1266
1267
1268
1269
1270
1271
1272
1273
1274
1275
1276
1277
1278
1279
1280
1281
1282
1283
1284
1285
1286
1287
1288
1289
1290
1291
1292
1293
1294
1295
1296
1297
1298
1299
1300
1301
1302
1303
1304
1305
1306
1307
1308
1309
1310
1311
1312
1313
1314
1315
1316
1317
1318
1319
1320
1321
1322
1323
1324
1325
1326
1327
1328
1329
1330
1331
1332
1333
1334
1335
1336
1337
1338
1339
1340
1341
1342
1343
1344
1345
1346
1347
1348
1349
1350
1351
1352
1353
1354
1355
1356
1357
1358
1359
1360
1361
1362
1363
1364
1365
1366
1367
1368
1369
1370
1371
1372
1373
1374
1375
1376
1377
1378
1379
1380
1381
1382
1383
1384
1385
1386
1387
1388
1389
1390
1391
1392
1393
1394
1395
1396
1397
1398
1399
1400
1401
1402
1403
1404
1405
1406
1407
1408
1409
1410
1411
1412
1413
1414
1415
1416
1417
1418
1419
1420
1421
1422
1423
1424
1425
1426
1427
1428
1429
1430
1431
1432
1433
1434
1435
1436
1437
1438
1439
1440
1441
1442
1443
1444
1445
1446
1447
1448
1449
1450
1451
1452
1453
1454
1455
1456
1457
1458
1459
1460
1461
1462
1463
1464
1465
1466
1467
1468
1469
1470
1471
1472
1473
1474
1475
1476
1477
1478
1479
1480
1481
1482
1483
1484
1485
1486
1487
1488
1489
1490
1491
1492
1493
1494
1495
1496
1497
1498
1499
1500
1501
1502
1503
1504
1505
1506
1507
1508
1509
1510
1511
1512
1513
1514
1515
1516
1517
1518
1519
1520
1521
1522
1523
1524
1525
1526
1527
1528
1529
1530
1531
1532
1533
1534
1535
1536
1537
1538
1539
1540
1541
1542
1543
1544
1545
1546
1547
1548
1549
1550
1551
1552
1553
1554
1555
1556
1557
1558
1559
1560
1561
1562
1563
1564
1565
1566
1567
1568
1569
1570
1571
1572
1573
1574
1575
1576
1577
1578
1579
1580
1581
1582
1583
1584
1585
1586
1587
1588
1589
1590
1591
1592
1593
1594
1595
1596
1597
1598
1599
1600
1601
1602
1603
1604
1605
1606
1607
1608
1609
1610
1611
1612
1613
1614
1615
1616
1617
1618
1619
1620
1621
1622
1623
1624
1625
1626
1627
1628
1629
1630
1631
1632
1633
1634
1635
1636
1637
1638
1639
1640
1641
1642
1643
1644
1645
1646
1647
1648
1649
1650
1651
1652
1653
1654
1655
1656
1657
1658
1659
1660
1661
1662
1663
1664
1665
1666
1667
1668
1669
1670
1671
1672
1673
1674
1675
1676
1677
1678
1679
1680
1681
1682
1683
1684
1685
1686
1687
1688
1689
1690
1691
1692
1693
1694
1695
1696
1697
1698
1699
1700
1701
1702
1703
1704
1705
1706
1707
1708
1709
1710
1711
1712
1713
1714
1715
1716
1717
1718
1719
1720
1721
1722
1723
1724
1725
1726
1727
1728
1729
1730
1731
1732
1733
1734
1735
1736
1737
1738
1739
1740
1741
1742
1743
1744
1745
1746
1747
1748
1749
1750
1751
1752
1753
1754
1755
1756
1757
1758
1759
1760
1761
1762
1763
1764
1765
1766
1767
1768
1769
1770
1771
1772
1773
1774
1775
1776
1777
1778
1779
1780
1781
1782
1783
1784
1785
1786
1787
1788
1789
1790
1791
1792
1793
1794
1795
1796
1797
1798
1799
1800
1801
1802
1803
1804
1805
1806
1807
1808
1809
1810
1811
1812
1813
1814
1815
1816
1817
1818
1819
1820
1821
1822
1823
1824
1825
1826
1827
1828
1829
1830
1831
1832
1833
1834
1835
1836
1837
1838
1839
1840
1841
1842
1843
1844
1845
1846
1847
1848
1849
1850
1851
1852
1853
1854
1855
1856
1857
1858
1859
1860
1861
1862
1863
1864
1865
1866
1867
1868
1869
1870
1871
1872
1873
1874
1875
1876
1877
1878
1879
1880
1881
1882
1883
1884
1885
1886
1887
1888
1889
1890
1891
1892
1893
1894
1895
1896
1897
1898
1899
1900
1901
1902
1903
1904
1905
1906
1907
1908
1909
1910
1911
1912
1913
1914
1915
1916
1917
1918
1919
1920
1921
1922
1923
1924
1925
1926
1927
1928
1929
1930
1931
1932
1933
1934
1935
1936
1937
1938
1939
1940
1941
1942
1943
1944
1945
1946
1947
1948
1949
1950
1951
1952
1953
1954
1955
1956
1957
1958
1959
1960
1961
1962
1963
1964
1965
1966
1967
1968
1969
1970
1971
1972
1973
1974
1975
1976
1977
1978
1979
1980
1981
1982
1983
1984
1985
1986
1987
1988
1989
1990
1991
1992
1993
1994
1995
1996
1997
1998
1999
2000
2001
2002
2003
2004
2005
2006
2007
2008
2009
2010
2011
2012
2013
2014
2015
2016
2017
2018
2019
2020
2021
2022
2023
2024
2025
2026
2027
2028
2029
2030
2031
2032
2033
2034
2035
2036
2037
2038
2039
2040
2041
2042
2043
2044
2045
2046
2047
2048
2049
2050
2051
2052
2053
2054
2055
2056
2057
2058
2059
2060
2061
2062
2063
2064
2065
2066
2067
2068
2069
2070
2071
2072
2073
2074
2075
2076
2077
2078
2079
2080
2081
2082
2083
2084
2085
2086
2087
2088
2089
2090
2091
2092
2093
2094
2095
2096
2097
2098
2099
2100
2101
2102
2103
2104
2105
2106
2107
2108
2109
2110
2111
2112
2113
2114
2115
2116
2117
2118
2119
2120
2121
2122
2123
2124
2125
2126
2127
2128
2129
2130
2131
2132
2133
2134
2135
2136
2137
2138
2139
2140
2141
2142
2143
2144
2145
2146
2147
2148
2149
2150
2151
2152
2153
2154
2155
2156
2157
2158
2159
2160
2161
2162
2163
2164
2165
2166
2167
2168
2169
2170
2171
2172
2173
2174
2175
2176
2177
2178
2179
2180
2181
2182
2183
2184
2185
2186
2187
2188
2189
2190
2191
2192
2193
2194
2195
2196
2197
2198
2199
2200
2201
2202
2203
2204
2205
2206
2207
2208
2209
2210
2211
2212
2213
2214
2215
2216
2217
2218
2219
2220
2221
2222
2223
2224
2225
2226
2227
2228
2229
2230
2231
2232
2233
2234
2235
2236
2237
2238
2239
2240
2241
2242
2243
2244
2245
2246
2247
2248
2249
2250
2251
2252
2253
2254
2255
2256
2257
2258
2259
2260
2261
2262
2263
2264
2265
2266
2267
2268
2269
2270
2271
2272
2273
2274
2275
2276
2277
2278
2279
2280
2281
2282
2283
2284
2285
2286
2287
2288
2289
2290
2291
2292
2293
2294
2295
2296
2297
2298
2299
2300
2301
2302
2303
2304
2305
2306
2307
2308
2309
2310
2311
2312
2313
2314
2315
2316
2317
2318
2319
2320
2321
2322
2323
2324
2325
2326
2327
2328
2329
2330
2331
2332
2333
2334
2335
2336
2337
2338
2339
2340
2341
2342
2343
2344
2345
2346
2347
2348
2349
2350
2351
2352
2353
2354
2355
2356
2357
2358
2359
2360
2361
2362
2363
2364
2365
2366
2367
2368
2369
2370
2371
2372
2373
2374
2375
2376
2377
2378
2379
2380
2381
2382
2383
2384
2385
2386
2387
2388
2389
2390
2391
2392
2393
2394
2395
2396
2397
2398
2399
2400
2401
2402
2403
2404
2405
2406
2407
2408
2409
2410
2411
2412
2413
2414
2415
2416
2417
2418
2419
2420
2421
2422
2423
2424
2425
2426
2427
2428
2429
2430
2431
2432
2433
2434
2435
2436
2437
2438
2439
2440
2441
2442
2443
2444
2445
2446
2447
2448
2449
2450
2451
2452
2453
2454
2455
2456
2457
2458
2459
2460
2461
2462
2463
2464
2465
2466
2467
2468
2469
2470
2471
2472
2473
2474
2475
2476
2477
2478
2479
2480
2481
2482
2483
2484
2485
2486
2487
2488
2489
2490
2491
2492
2493
2494
2495
2496
2497
2498
2499
2500
2501
2502
2503
2504
2505
2506
2507
2508
2509
2510
2511
2512
2513
2514
2515
2516
2517
2518
2519
2520
2521
2522
2523
2524
2525
2526
2527
2528
2529
2530
2531
2532
2533
2534
2535
2536
2537
2538
2539
2540
2541
2542
2543
2544
2545
2546
2547
2548
2549
2550
2551
2552
2553
2554
2555
2556
2557
2558
2559
2560
2561
2562
2563
2564
2565
2566
2567
2568
2569
2570
2571
2572
2573
2574
2575
2576
2577
2578
2579
2580
2581
2582
2583
2584
2585
2586
2587
2588
2589
2590
2591
2592
2593
2594
2595
2596
2597
2598
2599
2600
2601
2602
2603
2604
2605
2606
2607
2608
2609
2610
2611
2612
2613
2614
2615
2616
2617
2618
2619
2620
2621
2622
2623
2624
2625
2626
2627
2628
2629
2630
2631
2632
2633
2634
2635
2636
2637
2638
2639
2640
2641
2642
2643
2644
2645
2646
2647
2648
2649
2650
2651
2652
2653
2654
2655
2656
2657
2658
2659
2660
2661
2662
2663
2664
2665
2666
2667
2668
2669
2670
2671
2672
2673
2674
2675
2676
2677
2678
2679
2680
2681
2682
2683
2684
2685
2686
2687
2688
2689
2690
2691
2692
2693
2694
2695
2696
2697
2698
2699
2700
2701
2702
2703
2704
2705
2706
2707
2708
2709
2710
2711
2712
2713
2714
2715
2716
2717
2718
2719
2720
2721
2722
2723
2724
2725
2726
2727
2728
2729
2730
2731
2732
2733
2734
2735
2736
2737
2738
2739
2740
2741
2742
2743
2744
2745
2746
2747
2748
2749
2750
2751
2752
2753
2754
2755
2756
2757
2758
2759
2760
2761
2762
2763
2764
2765
2766
2767
2768
2769
2770
2771
2772
2773
2774
2775
2776
2777
2778
2779
2780
2781
2782
2783
2784
2785
2786
2787
2788
2789
2790
2791
2792
2793
2794
2795
2796
2797
2798
2799
2800
2801
2802
2803
2804
2805
2806
2807
2808
2809
2810
2811
2812
2813
2814
2815
2816
2817
2818
2819
2820
2821
2822
2823
2824
2825
2826
2827
2828
2829
2830
2831
2832
2833
2834
2835
2836
2837
2838
2839
2840
2841
2842
2843
2844
2845
2846
2847
2848
2849
2850
2851
2852
2853
2854
2855
2856
2857
2858
2859
2860
2861
2862
2863
2864
2865
2866
2867
2868
2869
2870
2871
2872
2873
2874
2875
2876
2877
2878
2879
2880
2881
2882
2883
2884
2885
2886
2887
2888
2889
2890
2891
2892
2893
2894
2895
2896
2897
2898
2899
2900
2901
2902
2903
2904
2905
2906
2907
2908
2909
2910
2911
2912
2913
2914
2915
2916
2917
2918
2919
2920
2921
2922
2923
2924
2925
2926
2927
2928
2929
2930
2931
2932
2933
2934
2935
2936
2937
2938
2939
2940
2941
2942
2943
2944
2945
2946
2947
2948
2949
2950
2951
2952
2953
2954
2955
2956
2957
2958
2959
2960
2961
2962
2963
2964
2965
2966
2967
2968
2969
2970
2971
2972
2973
2974
2975
2976
2977
2978
2979
2980
2981
2982
2983
2984
2985
2986
2987
2988
2989
2990
2991
2992
2993
2994
2995
2996
2997
2998
2999
3000
3001
3002
3003
3004
3005
3006
3007
3008
3009
3010
3011
3012
3013
3014
3015
3016
3017
3018
3019
3020
3021
3022
3023
3024
3025
3026
3027
3028
3029
3030
3031
3032
3033
3034
3035
3036
3037
3038
3039
3040
3041
3042
3043
3044
3045
3046
3047
3048
3049
3050
3051
3052
3053
3054
3055
3056
3057
3058
3059
3060
3061
3062
3063
3064
3065
3066
3067
3068
3069
3070
3071
3072
3073
3074
3075
3076
3077
3078
3079
3080
3081
3082
3083
3084
3085
3086
3087
3088
3089
3090
3091
3092
3093
3094
3095
3096
3097
3098
3099
3100
3101
3102
3103
3104
3105
3106
3107
3108
3109
3110
3111
3112
3113
3114
3115
3116
3117
3118
3119
3120
3121
3122
3123
3124
3125
3126
3127
3128
3129
3130
3131
3132
3133
3134
3135
3136
3137
3138
3139
3140
3141
3142
3143
3144
3145
3146
3147
3148
3149
3150
3151
3152
3153
3154
3155
3156
3157
3158
3159
3160
3161
3162
3163
3164
3165
3166
3167
3168
3169
3170
3171
3172
3173
3174
3175
3176
3177
3178
3179
3180
3181
3182
3183
3184
3185
3186
3187
3188
3189
3190
3191
3192
3193
3194
3195
3196
3197
3198
3199
3200
3201
3202
3203
3204
3205
3206
3207
3208
3209
3210
3211
3212
3213
3214
3215
3216
3217
3218
3219
3220
3221
3222
3223
3224
3225
3226
3227
3228
3229
3230
3231
3232
3233
3234
3235
3236
3237
3238
3239
3240
3241
3242
3243
3244
3245
3246
3247
3248
3249
3250
3251
3252
3253
3254
3255
3256
3257
3258
3259
3260
3261
3262
3263
3264
3265
3266
3267
3268
3269
3270
3271
3272
3273
3274
3275
3276
3277
3278
3279
3280
3281
3282
3283
3284
3285
3286
3287
3288
3289
3290
3291
3292
3293
3294
3295
3296
3297
3298
3299
3300
3301
3302
3303
3304
3305
3306
3307
3308
3309
3310
3311
3312
3313
3314
3315
3316
3317
3318
3319
3320
3321
3322
3323
3324
3325
3326
3327
3328
3329
3330
3331
3332
3333
3334
3335
3336
3337
3338
3339
3340
3341
3342
3343
3344
3345
3346
3347
3348
3349
3350
3351
3352
3353
3354
-118.0099732907614 -30.94585923696079 13.53637026316953
121.3762793508609 -12.32066601047936 349
-118.0099732907618 30.94585923695908 684.4636297368304
121.3762793508104 12.32066601097651 349
121.1728708451549 -14.1822202473174 433.3898740517819
121.5313822446794 -10.68284277229746 262.9883732337884
120.9145110408295 16.23825790400925 264.1322782244495
121.3420644742691 12.6531967945777 434.7970867726707
-106.3008819030538 59.86754134447982 13.53637026316977
-106.1055137393234 -60.21312111254703 685.4572905042864
121.1339040913661 -14.5112811144891 192.0049521780282
121.3762793507319 12.32066601175022 505.6938775510204
121.0783687656483 14.96758554509305 191.8650205060018
121.3762793508169 -12.32066601091224 505.6938775510204
-63.24389333388441 104.327417086652 684.4636297368301
-61.36974858212074 -105.4407604248342 14.79825541429067
-34.36342087843637 117.0604771284119 13.52416065193012
-34.78435854382931 -116.9360868196569 684.9272665818899
11.70904653648413 121.436807555232 684.5122473422225
11.77129731808945 -121.4307891741182 13.50109598243402
121.3762793508178 -12.32066601090411 562.6734693877549
121.3762793507979 12.32066601109973 135.3265306122449
121.1923702233841 14.01461378840725 564.5751709513399
121.5833655023844 -10.07398794488073 135.0788909315287
42.13453663939925 114.4931474900709 13.53637026316961
42.13452039661257 -114.4931534675652 684.5009100368903
69.79823253490453 100.0610150608287 684.4636297368304
70.02986293357495 -99.899040523444 13.50867599436094
121.3762793508158 12.32066601092347 391.734693877551
121.2801366609498 -13.2336106751458 306.200116965878
121.3762793508158 12.32066601092347 306.2653061224489
121.3584901342372 -12.49467375877677 391.2698892565426
121.3762793508158 12.32066601092337 605.408163265306
121.1092910585979 -14.71528522604348 90.81820447541689
121.3762793508158 12.32066601092347 92.59183673469387
121.3016877576006 -13.03459041004217 605.982916554315
92.89640692103426 79.08386422755036 13.53637026316961
92.89640692103461 -79.08386422754992 684.4636297368304
-76.06575582676585 95.38344086109934 13.53637026316979
-97.3379072562291 73.5481598068758 684.99247950918
-97.77246186789017 -72.96948471992907 13.53637026316973
-120.9983816864361 15.60101372550885 13.53637026316978
-76.06575582676477 -95.38344086110021 684.4636297368303
-120.8697649236515 -16.56803933183494 685.5671227385795
102.8997730144843 65.5411070517398 685.1184228369104
102.2476928637152 -66.55380758489599 13.47702068569437
121.3762793508169 -12.32066601091228 648.1428571428571
121.1879750416505 14.05256934885181 50.22830580266817
121.279101074184 13.24309792449897 648.0924218011139
121.3762793508169 -12.32066601091227 49.85714285714285
120.9779474805687 15.75868723557779 464.7337702071609
121.4297299791181 -11.78221868743164 235.0626607439937
121.3762793508158 12.32066601092347 235.0408163265306
121.3618791440429 -12.46171298926116 462.5697127357464
121.1547297118593 -14.33636873292229 164.1020391188616
121.3125534853996 12.93307259904067 534.7051534243267
120.9525875700239 15.95216474700854 164.1596125059168
120.9313352859041 -16.1124841650271 533.8428084524942
109.9191527592515 52.93184161436606 13.47627697672499
69.79823253490453 100.0610150608287 13.53637026316961
69.79823253490505 -100.0610150608284 684.4636297368304
109.7044670093672 -53.37536808482604 684.5271756047741
42.05186733794795 -114.5235366786742 13.50677397712581
12.06043482566466 121.4024131218811 13.45622124955747
11.71480916073776 -121.4362517798021 684.4636297368304
-19.45390494805789 120.4389703637155 684.5105080612595
42.13091381365636 114.4944806583543 684.5006359495732
-19.47118719407156 -120.436177576563 13.53637026316954
115.7848011353015 38.44320259888181 684.4636297368304
115.7848011353016 -38.44320259888161 13.53637026316954
119.75021715291 23.32135270156746 13.53637026316963
119.75021715291 -23.3213527015673 684.4636297368305
121.3762793508166 12.32066601091593 676.6326530612245
121.4551590664013 -11.51713228868844 21.30911734359739
115.7526032843636 38.54004194202111 13.47768034798295
113.0835144328396 45.78338960275616 26.77747408472358
106.4639778086321 59.57702098261618 26.8791222279235
110.1224101060751 52.50766413038581 40.00343448479597
102.6262689760982 65.96854489865257 40.11302982077967
106.4154063327177 59.66373517508417 53.15272290742585
98.42193524455546 72.09107200421236 53.27746157197173
102.7597775806888 65.76038405884927 66.27515217092557
93.87296264489363 77.92218480170075 66.38640311491561
98.56227549604469 71.89908100276237 79.3314153768803
88.98695105518034 83.45850790604237 79.45539607238814
94.02089761512373 77.743622321361 92.37026038357672
83.78534554380451 88.67928660124234 92.49601970678958
89.14537974779131 83.28926263103833 105.3845621149929
78.36677441287475 93.50213189078418 105.5127331708903
83.95468510450186 88.51898581097691 118.3765108434317
72.5186033972838 98.10735019002125 118.5045347746912
78.46823850991571 93.41699815960145 131.3519328387203
66.16725535901647 102.4982649524113 105.6468296994273
59.90740611185097 106.2784206363162 118.6649026730278
53.22480485584907 109.7775940165241 105.7723939914037
46.49009623276088 112.7948179318032 118.8171662065641
39.32236510313933 115.4891839208132 105.901078960637
32.25339102401132 117.6593335330956 118.9758526734236
40.75936981114747 114.9898855230238 131.8980781813281
25.03627438149071 119.4034545777245 106.0289990128164
17.52806636459376 120.7342821634286 119.1334104439511
10.04750229664484 121.5855571093825 106.1545907858069
2.489253332645663 121.9746023475621 119.2864599228271
-5.184017665289936 121.8898107343102 106.2863715500791
-12.6161592950108 121.3459209229668 119.430013909186
-4.939370498504513 121.8999697255028 132.4087262161265
-20.20344027114385 120.3155060713719 106.4242621257095
-27.49466780811137 118.8614455663467 119.5728676124395
-34.92775742650775 116.8933349731927 106.5571026810913
-41.9956684905558 114.5441566734477 119.7278282296941
-49.13129923325332 111.669671064495 106.6945529904348
-55.86557569875183 108.4575375520163 119.8563071822622
-48.90722804683669 111.7679875669895 132.8790533626898
-62.58002514520238 104.7269805390466 106.8351729717903
-68.86015813829408 100.7088805476912 119.9951385417211
-75.07482303048427 96.16533131509229 106.9696376506763
-81.25741357026244 91.00127878151675 120.1522151989375
-86.4233871648615 86.11038352575403 107.1082774578729
-91.96399831359513 80.16622115440562 120.2966890032393
-87.42409579778014 85.09422703063093 131.7374265985584
-96.43623405188319 74.72651980314889 107.2508391158428
-100.8236844923169 68.691954735571 120.447480132441
-104.9676237392806 62.1755415459232 107.382521952622
-108.8765660206677 55.04446722012291 120.5911659333792
-111.8832002907964 48.64308268078344 107.5216602311597
-114.7533338340614 41.42067568218158 120.7492700875189
-111.7856593584106 48.8668227103562 133.8079582003962
-117.0608108689921 34.36228395630974 107.6665431827083
-118.9770997791165 26.98980785685878 120.8870116465544
-120.4215427378965 19.56149392620542 107.8110571212181
-121.4021329455708 12.06325479569939 121.0221581299774
-121.9183988148454 4.461393327684703 107.9560820606572
-55.62997952935738 108.5785677634554 94.17411255241288
89.26703200306999 83.15886601777876 131.2182079479886
84.10794447058998 88.37337651652872 144.136450092242
-91.39863368334277 80.81020827109728 94.81502588761008
-114.7372645191084 41.46516767929616 94.4168385273494
-12.28384922918908 121.3800109083639 93.60580133716931
32.63638635129241 117.5536740639321 93.11109463272857
94.18135051743837 77.54916643466524 144.0074392649515
89.39700065077074 83.01913197959911 156.8737141350834
78.68925666206636 93.23090091794376 157.0205427629404
84.15793352460545 88.32577327636646 169.7295388073972
73.00262202277567 97.74772211054204 169.8988363043996
78.88823910999172 93.06259039014965 182.6181126241718
67.0584629854451 101.9174300207265 182.7659512791022
73.21238152696188 97.59071262753731 195.4767600650743
60.88856825865773 105.719356105733 195.6254493176677
67.1648891870568 101.8473252495635 208.3057598327342
54.00923142493293 109.393797451629 208.467470620022
61.11505088183007 105.5885910300508 221.1814139239769
47.91868352703955 112.1953642938755 221.3313921352269
54.73297826596585 109.0334860954987 234.0380384827172
41.16186102148224 114.8464243990564 234.1885047594465
47.96528821049353 112.17544796828 246.8751629517424
34.25399594267831 117.0925435796788 247.0527143586301
41.40343592508895 114.7595551298324 259.7751250801745
27.21784021560629 118.9251410509894 259.9267314191276
34.4998026916293 117.0203555550856 272.659808569163
19.53631750849333 120.4256297397167 272.7997645514829
27.18955480397298 118.9316110609864 285.5326177699044
12.85139524700306 121.3212332619699 285.71520594256
17.05236945424498 120.8023869631554 298.4986672209029
4.05236657889584 121.9326794797451 298.6472500835769
9.614012144337046 121.6206017518765 311.5501287971617
-1.750308776549443 121.9874436947784 311.5862665158665
5.537675761504165 121.8742554732559 324.4079321266145
-9.259315073853303 121.6481199376427 324.5533444193848
-1.417040018835668 121.9917702043257 337.3891510536029
-16.37598191981809 120.8959354823883 337.5439730901778
-8.81779275457454 121.6809209816287 350.4005587038718
-23.63616580196439 119.6884775831911 350.5597764140544
-16.12071848522726 120.9302378874699 363.4425059945405
-30.82096017601106 118.042655060909 363.6032062912311
-23.37849054336932 119.7390754094652 376.5099912658317
-37.90389409282641 115.9624715698997 376.6715291792993
-45.2382758416432 113.3026848705511 363.7400452660998
-51.86903027262264 110.4246516796759 376.8276137073424
-58.83732648560456 106.8745480085244 363.8776338986357
-65.07745903871245 103.1936254090567 376.9854725220345
-71.45778813627768 98.88268055969586 364.0147330849604
-77.3080716261402 94.37935188084084 377.1412006838705
-83.09596691557735 89.3255858215622 364.1499856293255
-88.37138355778447 84.11003845013354 377.2960921337346
-93.53125658004737 78.33201160800957 364.2911519382664
-98.11196362274546 72.51236166398851 377.449731196417
-102.4804597413451 66.19482888566566 364.434531898168
-106.3122754648879 59.8473064178982 377.6022700437605
-109.8744963888969 53.02447588884102 364.5775831853362
-112.9034219426526 46.22572134255292 377.7539385924279
-115.5948707224839 39.01058654586259 364.7220325164163
-117.7593344867751 31.8863472544572 377.9046176645971
-44.84773717861508 113.4578356481291 389.7755783288964
-109.7619434981015 53.25707238967962 390.7902172590758
-9.32164670582546 121.6433594681262 298.7692604840307
-98.24067023120371 72.33789264641241 351.2754868572247
-8.504129459797936 121.7032447477511 376.3468167765828
20.61181547905305 120.2462184962898 324.2362455301921
19.82345458775001 120.3786968205231 247.1882878757212
38.59847056243996 115.7331329837763 285.4442346870078
-82.90027366206172 89.50723225949552 390.3002958322689
58.33531724435304 107.1493852618889 246.7200425296659
-65.28660914305308 103.0614315183047 350.8990857985768
40.91158613926397 114.9358173920105 208.6189109209811
76.45195339995138 95.07417536498366 208.1565952619897
92.1382813997737 79.9658495902852 169.5568197432883
98.67197896233914 71.74845341647236 131.1477255908516
83.58597357685225 88.86723255064128 66.52441002272157
6.118961744050192 121.8464538145237 350.2399400967207
-23.87443678454459 119.6411771432427 324.6839480993433
5.318199200804389 121.884029951674 272.9398124546738
54.25472957585198 109.272248620824 182.9134171513576
-120.3834366402263 19.79465035530136 134.063754963454
-119.5369333232417 24.39101415839161 364.868008159637
-120.8023976014451 17.05229409030841 378.0541184582358
-117.8257582198011 31.64001738193235 351.6901599242863
-120.8366684200012 16.80772337809898 351.8339151404882
-119.5861147271326 24.14873007984225 338.670420264437
-15.83153847469913 120.96843550912 389.4112676786838
-0.8884886421942214 121.9967646617429 389.2424195094698
-8.230182694078238 121.7220772613666 402.2753431107374
6.724944350024509 121.8145111367651 402.1145845935974
-0.6149015809333493 121.9984503837888 415.1389641834324
14.31046285982379 121.1577923731594 414.9803146029157
6.99778879901901 121.7991418357466 428.0008890713631
21.8373572679629 120.0297039384474 427.8427401498504
14.58063670854773 121.1255754709688 440.8600829668915
-0.3590931779975274 121.9994715238124 441.0325864449355
7.273505571507479 121.7829877967413 453.9230946698726
-7.728722358439441 121.7549458983337 454.0988518935278
-0.07557719027361549 121.9999765905236 467.0248606595974
-15.09029409362004 121.0631365204456 467.2014949107082
-7.444450146333797 121.7726576946514 480.163838715664
-22.41587719694094 119.9230105087913 480.3404429883446
-14.80677246500885 121.0981399079666 493.3340433664974
-29.67282744561508 118.3364834333975 493.5115265572945
-22.1312911522902 119.9758557041064 506.5344921890274
-36.83448333933286 116.3065812287697 506.7126383905152
-7.091541867063431 121.793719189241 506.3541279952337
-14.48471085361802 121.1370841298695 519.5525783033463
0.6286058234129316 121.9983805413776 519.3750012178015
21.50769810932201 120.0892123466478 453.7481439931416
-6.787976721150719 121.8110149864663 532.5654143299585
8.340040742147613 121.7145994547052 532.3884846949242
28.99274922613088 118.5049386832071 414.8387926356859
0.9306655983066626 121.9964502005863 545.5712669464137
16.0181454595119 120.9438672113552 545.397059084491
-14.19805445845289 121.171016541064 545.7668888355809
-44.12259128729569 113.7417994322855 493.6651946974785
-50.98790698654273 110.8342606829299 506.8829232771974
-57.91234245487678 107.3785853482391 493.8146196389122
-64.37309280279354 103.6344774821726 507.0535605245267
-70.82353424881133 99.33794338774811 493.9652041608815
-76.77676819290687 94.81206603514472 507.2238062870358
-82.64983273616966 89.7385377008294 494.1165844397287
-87.99908347149987 84.49947519467797 507.3927347670482
-82.44124936957489 89.93019738877241 520.5188167071835
-93.02805654268099 78.92895980495213 520.6899445258158
-97.86831566664686 72.8408730629553 507.5425386815018
-102.1654658146791 66.67996396871877 520.8517090044188
-106.2099244335037 60.02875937273253 507.6927166660795
-109.7208957873588 53.34158816176679 521.0123850863044
-112.8880403709381 46.26327205472451 507.8438544416254
-115.5246124785057 39.21815793342533 521.1733001421603
-117.7930532242884 31.761558716473 507.9962230110991
-119.5272867779355 24.43824288906987 521.3324176679799
-120.8443020033166 16.75275121677639 508.1492268366106
-121.6505075356142 9.227893385137842 521.4861239026056
-121.9904271646127 1.528293229497275 508.311775825633
-121.8486751554451 -6.074566886850413 521.6256485760047
-121.2186220249555 -13.78570543610252 508.4743930592375
-120.5996432118494 -18.43165909989157 521.7122487302487
-87.80398662879566 84.70218375042211 533.8399366812682
-112.7843111529839 46.51557973138582 534.3557312856024
-121.9873165898187 1.75914502396628 534.8198344711814
23.3056828549963 119.7532677911644 532.2321059210641
30.7502536685375 118.0610939273417 545.1904555535099
37.84243000602928 115.9825439074293 532.0767616768259
45.05587036702785 113.3753436399184 544.9765333249518
51.77211110997358 110.4701249714897 531.9211307768065
23.63107107181215 119.6894835814699 558.320307702253
-121.8388570484237 -6.268405948387508 495.1682173277708
58.52772444668801 107.0444088735725 544.7621203390582
64.8129646266292 103.3599517042617 531.767056406867
71.14809347383803 99.10574551981337 544.5500184745841
65.13459592834528 103.1575707994871 557.5032094101504
-115.6104226715748 38.96447317364646 494.6693476415912
77.18453950247294 94.48040464451448 557.3054488086457
71.43069238627025 98.90225571349742 570.2709302850791
76.90998323971766 94.70403622901375 531.6121919247355
70.90320043554622 99.28109673042879 518.8727672410224
82.93056663091927 89.47916583358753 570.0745936969578
77.45576468491795 94.25818010695208 583.0498846879764
-64.60401179477169 103.4906839286561 480.7195594805093
82.3928205763327 89.97456928197127 518.7196786954072
76.68628218447607 94.88526821758428 506.0186450994673
87.57028246467813 84.94377922518215 505.8665531122111
82.18148636894497 90.16763997239204 493.2050471522888
88.35164406554694 84.13077315058328 582.8546288739908
83.18200778724423 89.24546812294079 595.8376543747277
71.6629795075421 98.73407399728627 596.056794001664
92.42653285499256 79.63250607889331 493.053268200941
87.37127881639513 85.1484564627436 480.4292633682137
92.62348736823826 79.40333486539346 518.5245238037443
93.17924715509432 78.75041523452333 569.8962592941552
93.43076510401804 78.45184594436135 595.6425022656358
88.58745965273863 83.88242958018328 608.6332158441554
-22.67000129415171 119.8752311418967 454.2426087929786
96.94953079697825 74.05935780335774 480.277646269249
92.24133167831812 79.84695817756933 467.6894541449367
98.15724044771372 72.45106036276982 608.4465159615087
82.01683469488306 90.31743368050392 467.8276014472276
87.20254004884131 85.32125766202832 455.076191452691
96.78873700084944 74.26937720070364 454.9510639045441
92.09053955932723 80.02082556229963 442.3661417965685
81.85959055217531 90.45997697672829 442.4782856519078
87.06349542380262 85.46313687543595 429.7559456965514
96.65819357873669 74.43919407204423 429.6548200446733
91.96864266368006 80.16089300026746 417.0702759217776
100.8755085907855 68.61582737641771 416.9688537123671
96.5411205630903 74.59096487124204 404.4112112402655
86.95890700696827 85.56955353484932 404.5002680985768
91.86330493097462 80.28158697459072 391.8265625660137
81.62076602312847 90.67552345477648 391.9151700799745
86.84365554151545 85.68651873070007 379.2228180764685
75.9746675422432 95.45601024474895 379.3114311567647
81.49844198615889 90.78548316679651 366.6006030811051
91.77099769800955 80.38708840051319 366.5226040679193
86.77141085746989 85.75967734200123 353.9218123227031
96.36325059093132 74.8206117025875 353.8432329438495
91.67313363688193 80.49867433190678 341.2664621795405
100.610502714237 69.00381687695628 341.1885845402477
96.27210051715834 74.93785866979493 328.6345734020026
81.41497035831088 90.86034669510876 341.3316751295841
102.2809427911333 66.50269725174256 595.4559557559477
8.018579075804059 121.7361999965708 506.1968620228108
100.6969394918583 68.87761883930823 366.4151007362955
70.04056920804612 99.8915345012424 366.6890917822545
70.72476625872832 99.40828656429123 493.343168948522
93.65100241134138 78.18880832543064 621.4719986627647
14.55149287658663 121.1290801379365 389.1075589497264
-76.51804940572825 95.02098776134949 533.6671814405979
-82.21234922508327 90.13950096873705 547.0002299875721
102.5118325945726 66.14623328733336 621.2862630610957
83.35208262053959 89.08664503065957 621.6863187584189
101.2684253571624 68.03459433024373 492.8620268016506
-70.28075949230413 99.72268972097024 546.8284901897027
-76.28090318566215 95.2114688951895 560.1730023547947
-87.61648925998377 84.89611775431872 560.3507269745087
-81.99681894227231 90.33560584480635 573.5492520597365
-92.69537469450408 79.31940185254484 573.728057783132
-87.41151351938245 85.10715189836174 586.9536411168144
-76.00678032831345 95.43044243910589 586.7717118343986
-97.42936414262535 73.42696373106891 587.1327103112302
-81.75504888252188 90.55446969761603 600.1952246576677
-69.69231948701766 100.134812151017 600.0126418758724
-75.75106301986531 95.63355295794669 613.4546595411471
-63.07798163523939 104.4278135020762 613.2716083596065
-56.4996995385395 108.128552899106 599.8174663086924
-49.4040589596969 111.5492669554883 613.0719643555594
-42.42352475297012 114.3863827015005 599.6332494447265
-34.97931357457009 116.8779175971744 612.8708031243291
-27.68239285452966 118.8178653479664 599.4484276145223
-19.98230034372285 120.3524311053717 612.6676222190283
-87.21517268861447 85.30834456778044 613.6389941133006
-42.10262971778632 114.5048844846672 626.3132029478598
-102.3108830517572 66.45662652564953 494.383301086573
-119.4851462006381 24.64345425081743 391.0994947378904
-121.6179262619759 9.647798284406385 391.2500422455234
-120.0962645159314 -21.46828473165554 495.3286184186135
-121.1882539077478 -14.05016422648713 482.0488582491174
-120.7624238410635 17.33311824315953 404.3023915329843
-121.9803918318746 2.187237651090607 404.4528579153261
-118.4926856408039 -29.04278653348578 482.2089425028122
-121.87513342035 -5.518319832329402 391.4001384175455
-121.3116668525851 -12.94138653496623 404.5880620284973
-121.5981852781541 9.893499737691393 417.5087926137181
-116.4896233662944 -36.25145028793868 495.4599805243872
-113.9586007509725 -43.55958350214632 482.3640086637013
-111.0771547830246 -50.45657227069626 495.6014225965652
-107.6602546899375 -57.3870156054294 482.5176767833673
-103.9501853278458 -63.86203074054652 495.7399597661874
-99.71461896584044 -70.29220984218131 482.6779877670356
-95.2347879818394 -76.25178790070498 495.8768679740482
-90.24023437980857 -82.10176672323936 482.8379299611893
-85.0528967693873 -87.46430558311171 496.0025574181504
-79.41356232325602 -92.61471869595205 482.9981738873818
-73.60397847449448 -97.29570572602961 496.1496304500778
-67.37914359000828 -101.7057078490536 483.1607839191034
-120.255304077037 -20.55874123917539 391.5602546382341
-121.6566363970693 9.146738246570086 338.8117513777966
-121.9081761084495 4.732504401611751 134.2095963785215
-61.06136623703125 -105.6196456785722 496.2762502709452
-54.35177793540535 -109.2240094267757 483.3234279853526
-47.21542955583526 -112.4931251759767 496.4056995999726
-40.47169165389347 -115.0914513535743 483.4885666991361
-33.45413537585174 -117.323573190788 496.5468863976692
-47.3472796110522 -112.4376943619569 470.4357373283726
-33.22300625796947 -117.3892322795533 470.6009935788593
-40.22633362564683 -115.177437387008 457.5825984486229
-25.85992077428957 -119.2277840838597 457.7467809657824
-32.71692610053933 -117.5312841184501 444.7686339195336
-121.3668927603551 12.41278944059182 147.2355249820789
-121.9701327595443 -2.699391527575232 147.3825463774032
-18.41290468901288 -120.6025080208257 444.9244017173352
-25.60084145425097 -119.2836825254582 431.9689650183032
-10.90908493784128 -121.5112828745502 432.1297704739399
-17.91268161924802 -120.6778183313216 419.2042571613496
-3.631847604460685 -121.945929341565 445.0586275462928
-121.8977779830291 4.99316761186108 160.3958184499974
-121.5801507003922 -10.11271257724322 160.5431233833588
-54.79188659955334 -109.0038951728868 508.5099342576507
-3.377650795362054 -121.9532347873749 419.3590746670365
-10.64625240876164 -121.5345930574869 406.4521283445106
4.829716360814468 -121.9043634980885 406.5990492600589
-3.114405948151239 -121.9602413723018 393.7286941552659
-121.9756527258806 -2.437240672437152 173.5452687829984
-120.7407492936151 -17.4834624721871 173.6923769366018
-119.4025697105726 -25.04049413473815 160.7036572091057
-117.6581035085007 -32.25787777865943 173.8442557827919
-115.3943763521743 -39.59972103806722 160.843139132904
-112.7661720274676 -46.55953657707065 173.9982568723244
-109.6105661308322 -53.56793623501335 160.982175775813
-106.1406471433328 -60.15116810166294 174.1521728069706
-102.1347294644652 -66.72703378107329 161.1221995581482
-97.85566414076459 -72.85786845337901 174.3054851695025
-93.07920954727726 -78.86862969555165 161.2644740865929
-88.08931782410947 -84.40540317588105 174.4570193505581
-93.24530931637004 -78.67218244395204 187.4908115569405
-82.78135318279742 -89.61722806037328 187.6469846379297
-76.9619448306548 -94.66181409567031 174.6191180117133
-71.32557743879534 -98.97808849953817 187.8031910540006
-77.2485258527243 -94.42809567909852 200.799724355865
-65.05202796315083 -103.2096587431692 200.9540884782687
-58.27419859491765 -107.1826374844363 187.9813821866078
-71.38855336697215 -98.93267634189914 213.9305563955077
-58.53385948445697 -107.041054244873 214.0861602618705
-65.19199927648317 -103.1213034747671 227.0384139144497
-51.95900560624244 -110.3823434087647 227.1947048721424
-58.78267533201828 -106.9046167422648 240.1238392676762
-45.20674864347963 -113.3152676257055 240.2802571417164
11.65576843710494 -121.4419328821004 393.887518053028
4.41582918132169 -121.9200576305695 381.0243493995957
-10.35391865667732 -121.5598468592771 380.8549598172662
-119.454889646643 -24.78970228761012 186.8297479503073
-71.479965249915 -98.86665043315134 239.976025249077
19.1066357563088 -120.4945495450966 381.1806948454649
11.91745212477472 -121.4165323786415 368.331216858094
-65.3632980975861 -103.0128111537885 253.0611506256237
18.84878245058736 -120.5351542087636 406.7474067220878
-38.02199184652624 -115.9238031468201 227.3759456830212
-30.98042962365058 -118.0009024555915 240.4309628790904
-23.58938535891315 -119.6977063205001 227.5571737535696
-16.32566512181282 -120.9027404913984 240.5788684153995
-8.766139063425785 -121.6846531240513 227.7423193229623
-1.489893829868663 -121.9909021869079 240.7248017242087
6.07542646753311 -121.8486322994132 227.9271607844913
13.34847699424797 -121.267547851575 240.8707291353334
20.80667031327119 -120.2126552010014 228.1115561118771
26.47728286751686 -119.0922058404894 368.4872903632756
-120.8690973174808 16.5729090282113 325.6515069432998
27.93756331744714 -118.7581262730413 241.0159582503347
35.22656520410847 -116.8036348061168 228.2951451110768
28.24008845111208 -118.686551067395 215.4167099570557
-77.53114067582536 -94.19619007956416 252.913607908874
-71.68648607447385 -98.7170082320887 265.9966447885033
42.08932547658716 -114.509775481947 241.1613051017959
42.38253757215156 -114.4015756401334 215.589946813033
35.51987222619213 -116.7147748874794 202.6997979757031
-32.67076827934586 -117.5441232050216 419.0295557313695
-97.72178520530666 -73.03733768619931 148.0619027860946
49.42500657582669 -111.539987112154 202.8715544331125
42.67052117655272 -114.2944732807381 189.969462085947
-90.39848374256501 -81.92749316954115 509.0540744696518
-83.27586791890101 -89.15789265316758 265.849059640795
-77.72698050728695 -94.03465585208377 278.9289915786827
56.20203453137598 -108.283568996104 190.1409662683627
49.66331356503969 -111.4340849369732 177.2265349158955
-9.041106122064367 -121.6645322190883 253.5307829368872
62.51556249515368 -104.7654735393037 203.0376925483184
34.96513279711615 -116.882160693923 253.8512648827876
48.79669082066036 -111.816291142896 253.9969054026833
-95.06495293963422 -76.46342081404107 469.6740024507827
62.80868656882495 -104.5900037838182 177.3980691444801
56.4718066981955 -108.1431229817303 164.4714047874681
42.90203765625614 -114.2077719112897 164.2825763512792
49.92901282879976 -111.3152895066152 151.4709829884598
35.96020039018081 -116.5798609876425 151.2801168730361
43.18027803197437 -114.1028640704579 138.4108559005415
28.85584343780858 -118.5383494886473 138.2190222570037
56.84100284616964 -107.9495270737289 138.609625928891
-88.69280078150541 -83.77103968276981 278.7816309149101
-83.46109353569859 -88.98452599090119 291.8596760086966
-71.90041682313645 -98.5613010296599 292.0035935815743
-77.92403773626211 -93.87142452779545 304.91888227669
-121.3418169958683 12.65556984656242 173.4032526722106
50.25851106720902 -111.1669108381952 125.537305525488
63.51120501277515 -104.1649021399494 125.7344834137536
41.83914029009101 -114.6014238122114 266.6634437933979
55.32206307944827 -108.7357776292309 266.8088572657635
-93.60511293959236 -78.24373988739393 265.6990979787485
-88.85656064839142 -83.59731831667052 304.7811011396201
-83.63527715596932 -88.82083322646886 317.8409531607082
-65.8212854239418 -102.7207787409149 305.0631263634193
57.14477650594955 -107.7890278186285 112.660422903599
69.93567574079634 -99.9650001684499 112.8524652693958
75.78172604700589 -95.60925686007893 125.9157266448756
48.55370061773815 -111.9220181926821 279.4527317841419
61.64282224378005 -105.2813490881539 279.5978991257006
67.96321920445894 -101.3163404163744 266.9801533846862
73.80727422426843 -97.14157849028213 279.734240182304
67.74920949624637 -101.4595713209637 292.3227845197549
79.59071357206462 -92.46252383041234 267.1534217614989
79.39046745301316 -92.63451666410344 292.4595507315491
73.60775153443207 -97.29285129980163 305.0251887770676
-93.90533182530615 -77.88317311704206 317.7033233856681
-89.0201389320394 -83.42310749738589 330.7642282835214
84.69017604437184 -87.81556856032594 305.1618547250607
79.20081935491888 -92.79671445428176 317.7052847883505
81.61542660469134 -90.68032940023014 113.0956470509507
-118.7808479389128 -27.84080032816741 404.7212926165091
19.36586093651948 -120.4531586559165 355.6512640166388
21.36898128803907 -120.1139735364351 151.1371632281042
14.02244475621713 -121.1914643985245 138.0465733515381
-121.9907850228136 1.499456407396935 325.7940214231935
-121.672696864513 8.930556405753116 312.6402388891716
-119.6350708527402 23.9050166713984 312.4938019772533
-120.9029926324143 16.32379773601633 299.4895655655425
-117.9606714065377 31.13326197684475 299.3428373447156
-119.6858358267822 23.64953915924244 286.3500667453171
-115.851444001129 38.24190009470328 286.2020654269307
-118.0269264203066 30.88113728112249 273.2168542465959
-113.3157628740355 45.20550723391289 273.0687848819445
-120.9358472539834 16.07858354959142 273.3609831319365
-115.9328450716489 37.99441318921829 260.0910795230357
-110.3639492223473 51.99806450289416 259.9430573373025
-106.8819297881469 58.82391592508647 272.9135631837789
-103.1133688223263 65.2045486918736 259.7925135515022
-98.81784663137555 71.54741915078377 272.7583464511927
-94.29940805546286 77.40556595225763 259.6496869115925
-98.96703223569338 71.34091764520012 246.6999174972853
-89.43723330672987 82.97578742282334 246.5523232103011
-94.4625140328156 77.20643394562474 233.6042064004465
-84.24540379403558 88.24234776783705 233.4561055182562
-78.56191509516505 93.33823169837791 246.4002007877065
-72.75904904097952 97.92916206448585 233.3164473545473
-78.74386304095911 93.18478434479887 220.3813489409618
-66.69651158166222 102.1546638330194 220.2394320227836
86.85511278999223 -85.67490520705422 126.0892128242893
76.0821875481044 -95.37033468482255 100.0666865438521
89.68962952106989 -82.70290415924478 317.8419553346067
84.51068614557568 -87.98831699267809 330.3647449138977
87.1518795604825 -85.37300445149599 100.3003632171476
-98.5889423803402 -71.86251067368828 330.6278509607262
-93.9958324744776 -77.7739254341064 343.6868841776334
-83.80553548624134 -88.66020652956063 343.8276582214762
-89.17862157269462 -83.2536693148964 356.7479217903902
-121.8436085810339 -6.175358123364581 312.7819688194593
-66.49279033444216 102.2873835501716 246.2478588505812
94.5347785040487 -77.1179334084521 305.3233961480015
-78.2926313460043 -93.5642232742765 356.880953255439
-83.97771074532787 -88.49714175030763 369.7886851219915
-72.97643957858709 97.76727093681622 207.3018461511026
-60.38290721261865 106.0089831879935 207.1603126080329
94.37430134530895 -77.31423701741366 330.501405583296
89.52131435275949 -82.88506666797353 343.0046031553342
81.92011393279418 -90.40517094302749 87.25933311339779
92.35100948428045 -79.72007932280513 87.49245180322106
6.425384077290023 -121.8306793851996 150.9907483432104
-0.9720885636540068 -121.996127167318 137.878294807682
6.702621969775808 -121.8157414242112 124.9066508320827
-8.39560357220922 -121.7107794760115 124.732660329459
-0.6970834215434677 -121.9980084866282 111.7130440542535
-15.81858405535382 -120.9701301912324 111.5380501626376
-8.122279080077144 -121.7293250722493 98.4714714071398
-23.20493363351939 -119.7728310388627 98.2959407023461
-30.75699227468249 -118.0593385811352 111.3985572379281
-37.98645326736364 -115.9354534565092 98.1373397873663
34.74626071761207 -116.9474128236436 279.3167388894764
-45.24149487551277 -113.3013995563557 111.2626389562308
-52.12282304202928 -110.3050829206402 97.98033195085887
-44.99798534038985 -113.3983303021083 84.82627688022164
-58.83631979264678 -106.8751022140208 84.66712314361492
-16.02976795103477 -120.9423273276812 214.7474459470936
98.72925576724938 -71.66961738174032 343.1411753957967
94.21717653331358 -77.50563622144151 355.6251522801688
84.35227022167261 -88.1401980281978 355.4982401441025
89.3680842541756 -83.05025898056292 368.1320762174151
98.59567363322758 -71.85327508757045 368.2511016648211
94.08295537508032 -77.66851040087381 380.7450404504685
84.19888172606446 -88.28673918590611 380.6345766459291
89.23362813125173 -83.19470902968216 393.2613632666005
98.48052994317814 -72.01100764543428 393.3642702250525
93.96674673630437 -77.80906443207778 405.8684394047262
84.06447629342838 -88.41472629325736 405.7743630208182
89.11775986716576 -83.31881465946439 418.3964539037202
78.58043138203683 -93.32264357492772 418.3026622198104
83.93917927283577 -88.53368953682399 430.9431970913548
72.8006794766428 -97.89821789868863 430.8496897677741
78.44761701556519 -93.43431588329423 443.5108021307206
89.021201782761 -83.42197332329745 443.5961965434415
83.83025145171395 -88.6368373845909 456.1551381905969
72.6707434794637 -97.99470925586741 456.0782537338476
78.33918042689764 -93.52525225863856 468.7410792599061
66.61055138625049 -102.2107354636473 468.6680466727756
72.55393437802728 -98.08122453491754 481.3653039000308
60.28531195811537 -106.064514151118 481.2932963837986
66.48708366183459 -102.2910929951587 494.0292978331897
78.29011398068535 -93.56632969659169 494.0991117149266
72.47126246179671 -98.142325819156 506.7845153900538
60.12394279903154 -106.1560714339919 506.7278023918203
66.40321342799844 -102.3455580200513 519.5365131486286
53.50920691869063 -109.6392483325782 519.4814462157265
60.01208362682193 -106.219347666832 532.3499668247708
46.65909330345694 -112.7250150237262 532.2948409486942
53.39163841380656 -109.696549387341 545.2243199307732
39.60004738504403 -115.3942643596391 545.1680721486553
46.53788926410623 -112.7751074610075 558.1546129456592
32.35877610947574 -117.6303940684414 558.0981903091784
60.00435544051324 -106.2237135867907 558.2043171770408
53.33303575213822 -109.7250531896027 571.1465556948914
66.37728081372204 -102.3623787911178 571.198157334483
59.84815664411754 -106.3117968350699 584.144628712901
72.50740618970245 -98.1156259096455 584.1991931638534
78.26112539833063 -93.59057779171344 519.5881281548606
66.30295777052969 -102.410535546297 597.158045592589
53.19768403095395 -109.7907391984533 597.1231495722543
78.37315486415802 -93.4967838839321 597.2148431039924
83.91880875917812 -88.55299846103739 584.2656117255796
89.18774189679934 -83.24389884760268 597.217160782612
93.78537164212808 -78.02758528846012 456.2402128763836
39.76860857170737 -115.3362812486614 519.3729795946952
94.13515962737455 -77.60522999082414 584.3372041671619
83.9594715494806 -88.51444592343081 610.1452595500383
94.13677114877096 -77.60327517369304 610.1590061341627
-102.8905262533037 -65.55562224034044 343.5591570824434
-72.49769559188232 -98.12280129443292 369.9232019263217
-78.47476393199892 -93.4115165588111 382.8210389674902
-66.24757133169535 -102.4463727647394 357.0297590211657
-65.52756802086482 -102.9083953293945 97.85448250750294
-71.79219069053519 -98.64016096830861 84.52370076740308
87.44010019653678 -85.07778133931096 74.44400909849142
76.33671768557582 -95.16672492522108 74.17118547458517
97.21571429355404 -73.70959838714407 74.66468853605006
-66.90019457233221 102.0213897483468 194.2177561946057
-53.84709891340678 109.4736951902592 194.0759797979049
-78.94216922412204 93.01684749651581 194.3566715243608
-46.98551056042349 112.5893502840137 207.0189084057623
-39.99013958728963 115.2596578850948 193.9458786988209
-32.7546397187342 117.5207793409145 206.8721022851294
-25.54830141220157 119.2949466446559 193.8170309019852
-89.33358235033164 -83.087370065832 382.6947648166373
-84.14206647324652 -88.34088888850829 395.7387294030297
67.57103239861287 -101.578322395015 317.5781764205849
102.5774749237736 -66.04439142169905 405.9704304775266
96.90267045084856 -74.12066148850967 100.5181759634807
-121.8556666816525 -5.932663615106737 338.9489436230181
-102.7614276151844 -65.75780557841942 317.5588500116562
-59.01645713075762 -106.7757359503246 266.1398060510008
-82.95132969560196 -89.45991785001563 213.7820290131748
-47.04519203207405 -112.564425582265 444.5889725344453
25.05839886700857 -119.3988134204939 545.0653428365546
17.632919980018 -120.7190131378578 558.0214107880299
10.26428446429416 -121.5674482105965 544.9627982154269
2.666892427438511 -121.9708476841105 557.9457873709654
10.11899665037678 -121.5796278444282 571.0425751201079
-4.978698348883177 -121.8983698117035 570.968351958982
2.521048944098463 -121.9739493179649 584.1102465106447
-12.62965015913093 -121.3445175393514 584.0369349493111
-5.132636021675996 -121.8919851650181 597.2236549248108
-20.25423005159571 -120.3069664026861 597.1506487439354
-27.63380488283581 -118.8291749853434 583.9286465753624
-35.08248123766971 -116.8469918748812 597.0604689940214
-42.23234842289594 -114.4571043958702 583.8161126226393
-49.38764502743518 -111.5565350781569 596.9699435158207
-56.22851665939699 -108.2698199605223 583.7063003366345
-62.92643752813703 -104.5192013938945 596.8776675983706
-69.29325104286627 -100.4113806294402 583.5928247253948
-75.52292171632799 -95.81382100422357 596.7838357541045
-81.32614671769204 -90.93985847829558 583.4843920555543
-86.93284194317941 -85.59603373803128 596.6893048792197
-92.07866504226635 -80.03448909085456 583.3707803679384
-96.98199779543295 -74.01683662253231 596.5947594272125
-101.3956475373844 -67.84484254882241 583.2593839202373
-105.5095834850548 -61.25134931420089 596.4990186655737
-56.34542837665786 -108.2090231960853 610.1709416586308
-92.19270797928284 -79.90309503045972 609.9371148228231
-12.78115515920383 -121.3286531401233 610.381211621841
-109.1172251290463 -54.5658426136445 583.1477647715675
-112.3734753886105 -47.49949504031959 596.402926331894
-105.4170371924631 -61.41048989841116 569.9078340251516
-75.3794648499007 -95.92672348695427 570.2908489082517
72.94378559946178 -97.79163636231758 405.6588544878276
60.43223985222739 -105.980868020803 455.9721604998071
-115.1145732199789 -40.40587868593024 583.0368478185809
-117.4128515351846 -33.13943714634729 596.3052140385901
-115.1727588984532 -40.23972673514037 609.6928086625213
-119.3098055740496 -25.4788204962962 609.5967631992851
-120.6806608176488 -17.89352130285168 596.1861824560889
-121.5738084738685 -10.18867474989409 609.490573894868
-121.9741808303691 -2.509822854390868 596.0677502783697
-121.8842164340542 5.313923621641647 609.3825532257655
-121.3118077864281 12.94006536261436 595.9533658981011
-120.2363293151241 20.66942458862934 609.2686698520016
-18.67456428137691 -120.5622687614194 470.7228327202453
-116.4120274929671 -36.49986102681328 469.1368815752588
-103.2488763181974 64.9897648790144 233.7463068949364
-16.04799775102541 -120.9399097410904 137.7427954683459
4.694086871377691 -121.9096614237115 355.4863987098497
12.19415478750803 -121.3890546508139 342.7924024117337
-2.5564449236242 -121.9732125892914 342.6265901584953
4.971294272903956 -121.8986719913396 329.9149356249949
-12.43557985160323 -121.3645597106272 557.8315613824044
-9.809025487136484 -121.6050287570078 329.7488505019556
-2.279393895257205 -121.9787045490739 317.0188809558658
-89.26232086583984 83.16392290917892 272.6013263955845
-94.1328437412526 77.60803907576148 285.7053308078671
-83.86498278415027 88.60397656208315 285.5488609309824
-121.5579767356577 -10.37585138353909 134.3705119688124
-119.4294208522816 24.91211421956387 417.3628162347661
-120.7293926729297 17.56171246847966 430.5816108425405
-117.6123717831785 32.42421939747189 430.435606948878
-121.2916526698968 13.12764230946007 622.7069562946277
-118.6591616169734 28.35495308331469 622.5962131574036
102.876553362172 -65.57754774555218 330.6611793111192
7.082487255584125 -121.7942460639027 98.64944691210901
-0.3666365401837152 -121.999449087475 85.38054267207261
14.63480524814816 -121.1190425793928 85.55814136811566
2.457239151248442 -121.97525148879 610.4531213985603
-117.5073704984961 -32.80271145087185 623.013822745492
-112.6728708304239 -46.78487126016923 147.8035395386692
-5.234364654338454 -121.8876590416988 623.6414254590813
10.04845078579095 -121.5854787250745 623.7152021869831
-87.89474669483552 -84.60799905121679 148.2011186335224
-109.7237417349772 -53.33573379710855 187.1662371624028
-121.8873386398067 5.241820228231193 186.5519967888701
-120.3057983254757 20.26116702635785 186.4103153115064
-121.3162930849092 12.8979468186379 199.5536337544357
59.79954402220176 -106.3391486459091 610.1928900579336
-77.91190399639149 -93.88149559767929 97.71686931938609
-83.59157371724241 -88.86196488641711 84.38082808989306
-89.07977241044104 -83.35942746506856 97.59599952533171
-94.08400656656555 -77.66723703327195 84.23973365917013
-81.5276753962183 90.75923173148207 626.9234232502665
-98.84301195069595 -71.51264915044456 97.46309377184652
-103.1363988638026 -65.16811512853982 84.11146934812943
-121.4174698778143 11.90789689533995 94.72381129651605
-121.9554219242247 -3.297736084700055 94.86731587196216
-121.9280644217583 4.18892663621268 81.58225136697406
-92.35024465739656 79.72096532104335 627.1081320640103
102.8759837904123 65.57844126810907 143.8789112537958
-107.043122228149 -58.53007759818488 97.32723307585658
102.8312621707977 65.64854545502644 92.24020618923596
89.29687709404377 -83.12681722074558 623.0878909216621
98.71185976971782 -71.69357531050858 623.1154312511151
-49.22084358048496 -111.6302313767441 570.548952644447
-121.4952422802647 -11.08630250623575 81.7270196045377
-107.7786945727445 -57.16426327868702 508.8246108257436
102.848785160095 -65.62108952991116 610.1997513085846
-77.72887318793275 -94.03309137178394 71.15209852736875
104.5009018837568 62.95682254912047 328.5567553773067
100.5269639932896 69.12546209821565 316.0248034241017
91.59664907643034 80.58569276223463 316.0912901095066
96.19712582968647 75.03407880495014 303.4657058196365
104.4373329844981 63.06221911005887 303.4083129744475
100.4675041963824 69.21185303508277 290.8649396211712
91.52477442181129 80.66731473798144 290.9103140404221
96.16917064321937 75.06990487402628 278.2901235279834
-51.89456171980834 -110.4126553611904 71.47253224503226
-121.9474292002735 -3.581132704085964 68.38463081711114
-121.7101632898454 8.404531632349583 68.3072586435818
-120.5329003055204 -18.86319018457566 68.53015384988676
104.3968466751065 63.12921989296476 278.2519703443236
100.4301843501807 69.26599505809992 265.6869941206227
7.403178093460355 -121.7751738003954 72.26068785893567
22.55205244063117 -119.8974767487416 72.4360500067922
104.7349988197023 62.56660468841958 404.3100085550144
-18.08141937706925 120.6526513314587 206.7235005597713
-25.30897055297464 119.3459509558186 219.7551928760236
-10.74361394305189 121.5260250293848 193.6891368263041
104.8358046453028 62.39754854456944 429.5204144976406
105.086840539813 61.9738327470548 480.1363406098145
-94.34675334969729 -77.34785150455947 395.6146695850812
-89.42623387980397 -82.98764181536066 408.6726027763155
106.5977201486403 59.33739174510595 131.0704854907671
89.26605491109692 -83.15991486653309 571.4520006768655
98.68753547531915 -71.72705446209 571.5230491995288
88.79712350460809 83.66044977949483 634.6275489532387
77.77337076522149 93.99629141522229 634.8458687787681
76.20361872088827 95.27333569179514 429.8675387921159
106.6946253956806 -59.16296909110791 623.0675488846075
33.73989199172129 -117.2417147963428 355.8073575077116
74.03825622457433 -96.9656465725067 254.4261905880038
85.08087971333012 -87.4370854226389 254.5951686609509
-98.70247757147681 -71.70649148614174 70.85435357414046
-89.07605310841252 83.36340181774777 298.6534185777062
-78.13869453803704 93.6928194468036 298.4972344028109
-115.7683865858997 38.49260535866166 312.3354513276728
70.4204774220924 99.62407520095017 442.6142574378789
-12.53615400696194 121.3542122990122 599.2727043423241
-4.721941668664692 121.9085856979636 612.4625853050209
-12.19983075609718 121.3884843365407 625.8576091053332
3.148237057023849 121.9593727576228 625.6530609086727
10.62972450146229 121.5360397455134 612.2475842320813
18.43030242908833 120.5998505487148 625.4276885247954
-121.9758367328379 2.428014275920368 430.7272478990012
-17.30638350366622 -120.7662580774283 342.4816631397251
106.3173143943016 -59.8383544224206 393.486589117738
-17.03918060838247 -120.804247955918 316.8514754299658
19.6655989962183 -120.4045855277943 330.0883363129331
-59.94913138667235 -106.254889986219 370.046571262614
40.61886289297527 -115.0395930855185 368.623634848944
106.5164132956608 -59.48322199265918 343.267711880932
63.97945152300169 103.8779561929088 379.4248104613445
57.52078999751141 107.5888410480482 366.7635354638282
109.6525012418618 -53.48204344827808 406.061790106961
-119.5367156727589 24.392080808533 443.6485853304957
-115.5495967698717 39.14448474970719 443.5182582160089
-118.7946798155885 27.78172146415369 199.4127349117047
-116.9007028960235 34.9030895826664 186.23671648553
-32.9387127381983 117.4693202634222 180.8976751038812
-120.2654828764676 20.49911287080667 212.5502820027656
-121.8762296209139 5.494056187395556 212.6927125733949
25.78092330474005 119.244890848854 612.0493499801199
-78.62465665957357 -93.2853866646013 408.7961430499667
-73.15641512733997 97.63267345369738 181.2565187634845
-84.62526958339032 87.8781187095998 181.3951509181599
-98.99769413415372 -71.29836292735303 408.5517942622791
-116.7947173507113 -35.25612002145796 391.7181448433698
-84.2907200543287 -88.1990618585186 421.7313090306178
102.9164034902807 -65.51498983153193 635.9352387757563
92.61603548604761 -79.41202661339887 61.58216556046801
101.3704321503118 -67.88251236996928 61.80324258910854
105.4823952276716 -61.29815900199034 74.88040711757857
33.37869516708179 117.3450583064452 625.1934544617698
-9.532454960626243 -121.627021267577 304.1001481020633
107.9506054180208 56.83895486268883 265.6506710037459
104.3592335388736 63.19137896247273 253.1030650852558
109.9022486826164 -52.96693057469302 330.8315471767575
-118.869324626917 27.46058380189004 595.8412488707424
-120.8056317158405 17.02936715608411 582.607862362681
111.1287332292386 50.34287090407845 278.1905938316199
110.0643045205554 52.62935369550395 66.14507576750492
108.0755940670539 56.60093609697096 341.0828365264653
94.18947622365012 -77.53929693203601 558.702432740483
102.8535622101105 -65.61360179635724 558.7730103994028
106.6011752022123 -59.33118442697095 571.5311443556066
98.73760107405701 -71.65811980606509 546.0116689759535
106.6282379927247 -59.28253421174627 546.0808293842321
102.9012858567792 -65.53873182341427 533.3728171121799
96.10921865056184 75.14664390628829 253.1275780924497
100.4002405440379 69.30939112919202 240.5238527741217
107.9318868868524 56.87449158492496 240.5060089360456
104.3434514627085 63.21743538652437 227.9344607274457
81.35849703739429 -90.91091771518042 138.8387842245613
91.76777959610922 -80.39076208122373 139.0120764552681
86.61751743356756 -85.91510736561771 151.7020406065378
96.34191449501279 -74.84808288417042 151.8745109756728
100.7709177851793 -68.76934003415059 139.2407223658934
91.54885758252425 -80.63998186591247 164.5092755450104
100.5669152894567 -69.06732620540073 164.6824957306352
96.13996020716711 -75.10731023917927 177.2695234526396
104.4344094245718 -63.06706056366433 177.4431758284957
100.2234602208319 -69.56477572279896 189.9932149907526
107.9338354948288 -56.87079351807242 190.1620786478109
104.266578471252 -63.34414427473343 202.6674516322778
108.0942444297227 -56.56531022780099 164.8996087184309
111.0567016341651 -50.50157445209049 202.8407281233931
107.7828930831757 -57.15634661715801 215.3077452189703
100.2381187512151 -69.54365211302401 215.1467343249302
104.1221394026752 -63.58128723303637 227.7902656091139
-121.5623678857322 -10.32427789309738 582.767234391261
108.6473580316534 55.49550966287012 492.6681430351463
90.05126418891413 -82.30898989769217 267.3049382190257
79.80818272881146 -92.27488265787521 241.8768765007216
-118.7212300116016 -28.09394142039142 378.5783146163846
98.29363968460116 -72.26590065552217 443.6990663705009
102.3873789978155 -66.33871133778291 456.3123702414114
106.1819801176145 -60.0781748915738 443.8039936022026
-24.22080967648299 -119.5715366574152 303.9322808953484
-72.32853479092552 98.24756004602798 285.3973229427709
-66.04308556972049 102.5783156833381 298.3322402963296
-59.70832206271708 106.3903956024925 285.2467685876427
-49.70470787689263 111.4156273368901 586.4054902982967
-112.6664624528587 46.80030169089282 430.279406300391
-109.630935220315 53.52623695645989 443.3664839596481
-105.9721091847398 60.44759775985792 430.1262143503808
-101.9288517445264 67.04110069235404 443.2084525839848
-97.63476900294476 73.15361837764156 429.9760982985293
-92.80958237689434 79.18573999797226 443.0501090191807
-87.79691808049684 84.70951053787601 429.8267527430186
-83.66837042220185 88.78966038280144 311.60170980172
-98.32352471156042 -72.22523442880035 278.6425831484445
-102.5190921223744 -66.13498129132651 265.5524267328865
-106.4614088873434 -59.58161140588492 278.5035255480704
-109.8794918085253 -53.01412340028097 265.4062520603568
-106.3397362505457 -59.79849909625132 252.4493980060795
-112.9183746422959 -46.1891834539441 252.3013306986869
-115.580596965119 -39.05285655604124 265.2670822679771
-117.7324187280037 -31.98558394736617 252.1574614660639
-115.494061195464 -39.30803770958829 239.1862138431751
-98.859862744281 -71.48935262108562 382.553512924406
-89.81283870059502 82.56908625230695 194.5113493662988
-94.81472842652003 76.7734802741497 181.5371555757679
-101.947339121244 67.01298416051982 573.8843161816584
-73.39196849031154 -97.45572821090158 470.0500129352167
-120.1991028611708 20.88481916056942 636.0595408878631
-116.5863757999285 35.93907313548637 635.9488402253346
-15.55280079429446 121.0045882909115 415.3146659308807
26.14137681637797 119.1663896329168 638.5657240013071
13.79774047638651 -121.2172527231429 164.0851088248538
-1.210301485915316 -121.9939964519287 163.9343573410083
44.77461707925278 113.4867114044912 519.0666479896411
41.61495887702016 -114.6830205290387 292.1162239390008
98.22333104818776 -72.36143474115281 468.8304279593725
106.1152102072828 -60.19603112053299 468.9082270537031
102.3135015324777 -66.45259516500234 481.4254040277812
109.4749689062937 -53.84450931121964 481.5029341544404
-43.85862574522643 113.843844575542 519.9539626604687
-4.357554119582619 121.9221543530744 639.0720501446896
21.11183652044524 -120.1594372437471 202.5128039933306
109.9859972686571 52.79280637377545 143.7234398165448
47.58888056159362 -112.3356508277509 355.9745459484386
59.7662918232424 106.3578410917551 92.70949526575319
2.324701038455112 -121.9778494853955 636.9390524377191
17.6236503662371 -120.7203667479876 637.0120184996968
-12.97272558155238 -121.3083195456344 636.8684054256283
-93.96514860955664 77.81099438243888 311.7625039693136
-121.8774675904746 5.466524831444928 636.1709922777176
-112.4205950790544 -47.38786555724246 623.1069948550402
-115.2216144979437 -40.09962035340531 636.4478265716079
-109.2210922246622 -54.35763987933834 636.5417122041257
-121.9943636207461 1.172708305244232 481.8814577025699
59.14281499438773 106.7057985047656 570.2906675109302
-7.877560935780837 -121.7454066226035 72.07422397399911
-121.2898697737617 13.14410477225208 225.6859277661119
-3.189101230751295 121.9583110466032 206.5738103681428
4.191845811335882 121.927964096404 193.5661054195428
-3.404033308570351 121.952501234022 180.6950260543173
11.53004801176314 121.4539336244258 180.569064036432
-87.00180041731784 85.52594181969114 640.4158959061526
-75.46791280693951 95.85715485327205 640.2309099833652
-121.468998178245 -11.37024544913186 55.13072682852072
-119.0664604556099 -26.59281847741375 55.27787217896804
111.1172936031099 50.36811553274824 227.9159113650874
107.9142877370995 56.90787732989607 215.3550404085326
109.1247638581949 -54.55076454911705 62.10338458717
86.50999865746503 86.02336968687868 278.3329416149244
81.24763191187772 91.01001213444611 290.9835266220092
-82.26482427023348 90.09161274939864 442.8901346162627
-76.60701425043868 94.94927786788629 429.6784451841549
-70.46449440930161 99.59294667616527 442.7298834236616
-64.24639796486339 103.7130673952921 429.5316089747353
111.223076873551 50.13409190142131 328.4931569410829
-31.58754394618886 -117.839836504671 316.7070958569339
109.9425677134845 -52.88319018899928 533.4381878677942
-99.30258277395342 70.8731052968764 194.6652486982671
-0.07582786514289408 -121.9999764349767 58.90542841124038
-15.38191925047408 -121.0264291804558 58.71654519569383
-97.13512079518588 73.81577275965245 640.6018521657688
-114.0923691605658 43.20800040882678 622.467347506536
40.87722392425141 114.9480428900232 638.3323477010505
-71.95250506174447 -98.5232815903918 111.0500997614855
110.1188437150059 -52.51514313862334 635.9109475120125
110.0761260561225 -52.60462405983549 610.2406844570936
-121.0457857384586 -15.22884614667752 95.06249170711773
110.9274823078962 -50.78477792440732 227.9410644116308
107.4982959240906 -57.68982902918541 240.4059372828492
111.7218824140742 49.01245749659747 479.9946926002268
83.54990080165169 88.90114777680972 647.8767517451175
93.98409631118729 77.78810732091038 647.6513529635554
-119.5068822564211 -24.53782984189723 265.1279535268787
-117.7957410190001 -31.75158890173299 278.2387854754629
112.1419738065962 -48.0434981111981 75.08920557029727
64.17621094059317 103.7565128042982 429.9625469612252
71.88003386716079 98.57616715644718 648.0951556162946
-118.7231554946327 28.08580334256559 225.5306755388083
106.0485544737338 -60.31338237929887 494.0146486034153
113.9083282030247 43.69087737722845 215.3364610382442
111.1013731304186 50.40322299749779 202.7904485241988
104.3268121254606 63.24489126987918 202.7941722954375
-52.92963433121128 109.9202156546477 298.1652145608812
-46.20186599429418 112.913186026457 285.0972085846063
91.38493116316484 -80.82570356207006 189.8276787485966
18.07210238936402 120.6540472393212 598.9198192338664
51.01480022336074 110.8218848340462 379.5434635228141
44.14733239098777 113.7321987950626 366.8391864534435
50.87413113159465 110.8865311099834 354.0291591378457
91.41875845811391 80.7874408678541 240.5444250290664
-53.23084767417235 -109.7746639980695 357.1765921634717
-6.477060148944527 121.8279429844687 558.8130825650853
-59.46458445396547 106.5268191382678 311.2399905499834
-120.7767716947322 -17.2328587007067 252.0147490572642
57.91421955011032 107.3775729559093 442.7577959315828
-59.75689322509115 -106.3631219553331 344.1787612798971
-81.27944021951656 90.9816058200889 653.7429286083819
47.8055895228451 112.2435994182886 624.9570044231724
66.82748313919527 102.0690329986552 157.1697186909052
32.9879709143023 117.4554969976167 598.7223325763454
27.51089540332688 -118.8576906813657 291.9805148501694
112.9340478261888 -46.15084876350713 546.0919848891472
-21.46236260069544 120.097322999292 559.0097279724059
20.40282532302419 -120.2818553184069 279.1616303768465
54.13603575336321 -109.3311009407231 368.7583810583338
47.35957456667256 -112.4325161902187 381.3817071239169
-121.2737524107875 13.29198917419876 649.5485030420568
-121.9798823566742 -2.215468404631838 649.6605775901193
112.9407663344657 46.13440472991521 131.0011034501175
29.73640087609965 -118.3205242674994 85.74410350920142
37.3226652455292 -116.1508444178094 72.64477723398745
30.17111029659611 -118.2104229899827 59.34234888069745
44.69239225610256 -113.5191176605362 59.54221789885459
112.4522327311709 -47.31273986755122 494.0926830946175
75.58667909295458 95.76353138694657 278.370786755162
57.69254748255566 107.4968369998534 392.2389315638196
-46.52932966398348 -112.7786392940629 370.1662221980183
-53.43856228208943 -109.673698128691 383.0132796042583
17.60543856523448 -120.7230240381915 584.1818818765681
-16.76376742396995 -120.8427743051071 291.1590247101424
-31.32826462506351 -117.9090320356418 290.9908799815938
-5.383831853893876 -121.8811484790367 650.2133086260508
-20.68558913805844 -120.2335494028661 650.1431890529702
-28.24108552655455 -118.686313820431 636.7606629932307
-35.67739089411316 -116.6667209575578 650.0524004271382
-121.8215614676186 -6.59599587562271 468.7724860980488
46.23080078758903 -112.9013421467533 610.1723513383315
53.16930002049185 -109.8044877740929 623.3153632205861
107.9037882503999 56.92778303441002 190.1951236917135
-97.4759785875337 73.36507069718309 456.2817927952885
-112.8605041438156 46.33040690954244 456.6024045643184
112.5973537086906 -46.96632770187605 468.9715398892048
112.6418490403151 -46.85951178553682 393.6112772024069
115.1817272609866 -40.2140486046319 406.1522433191842
-57.57003249734431 107.5624997768958 442.5683351274409
-50.91314530975927 110.8686233100571 429.3867574934455
-103.2101856844346 -65.05119192593261 110.6672184316685
-110.5469539303273 -51.60785770331965 110.5323693013075
113.5959241202807 -44.49680913570587 240.5461299885155
110.8117037731206 -51.03691122019593 252.9729737095675
112.7992330117653 -46.47938286980014 343.3941366419102
115.3862830423358 -39.62329725898608 330.9848959189918
112.8978417838197 -46.23934818480494 318.4409515010297
-72.82474166306312 -97.8803197875248 421.8520833694922
113.9177545123126 43.66629371577678 240.4670715238839
-112.516944934073 -47.15863762560134 649.8929423108211
-105.2337248756914 -61.72408888584174 650.0838109340693
3.974878500662218 121.9352301055973 167.6937172427414
18.85360181484962 120.5344004780672 167.5672983457237
-110.4624692455148 -51.78844357753665 83.96404616179416
-79.13294424482309 92.85460212151965 168.2774869225778
-67.07989481813931 101.9033253195761 168.141207187483
106.7259665528012 -59.10641304774266 648.8119381825053
98.68338001323713 -71.73277151458063 648.8787038146804
113.1380026892736 -45.64857442989767 648.7936055072719
115.6399217127513 -38.87683765777187 635.8633896712745
72.20783444078081 98.33630380166211 291.0197404989181
-78.78657248851368 -93.14867683178426 434.7809746813089
-89.63092165243364 -82.76652634812761 434.6685192591108
-120.8109295670495 -16.99174202797927 278.1017440823277
105.7218100014014 -60.88430742011924 49.06683803903828
112.356979052014 -47.53850290349159 49.35198287374486
113.9098565089589 43.68689265796312 190.2048434039406
113.9124448242308 -43.68014324800885 190.3765952586321
-114.3482050859901 -42.52632118597078 378.7335469466169
-116.718900905587 -35.50631171202881 365.6050943359351
-69.45212172936017 100.3015592465548 653.5310342046384
-105.9047293271121 60.56557030319396 587.3024375314276
-109.5795698022711 53.63131437834804 574.0450803775655
-114.4546669468408 42.23895375228592 199.2741562654784
-103.5617477774545 64.49003331739635 181.683311866498
-99.45159443561367 70.66385472229926 168.5467538053765
-107.41602074175 57.84287759100462 168.6913775349213
111.1077200031975 50.38923055267937 177.6201367712946
114.0260030198012 43.38283802759197 340.9740075183407
116.3681897259493 36.63938345422123 328.428910259577
114.4854115755216 42.1555516674071 492.4750535912575
111.8271574972299 48.77178329823244 505.1119333370549
89.09044702512705 83.34801886585565 660.9594237726587
-7.580534610935356 -121.7642619778579 45.49637102153852
-22.8550297525368 -119.8400918516448 45.30783906987994
-114.4353374512519 -42.29129393170779 404.8581067702385
-116.8666746414301 -35.01685820078823 417.8546368380611
114.6092793049206 41.81761706753158 143.56611542296
116.2454750181348 -37.02687588506756 203.0090168515593
34.13004488101533 117.1287327534106 651.7080827806874
-13.12122391742828 -121.2923471737138 663.5357817584002
37.11400707835483 116.2176857392533 354.1064379148113
44.01228682739653 113.7845271037454 341.2779765923456
89.40090137537665 -83.01493138749305 545.9256763633144
-121.8692595366412 5.646554700946343 663.0614212554518
-39.66209380422332 -115.3729531348877 383.1348323298016
36.6324124918108 -116.3703843554271 46.22789647576297
51.90655894824993 -110.4070158013152 46.40066991897267
108.9329407272017 -54.93281737289622 87.76453441509591
109.9415852847594 52.88523258031463 118.3742203668141
115.4791313450707 39.35187700463502 118.2977179622052
-70.6328607051171 99.47360950830891 416.4977887020224
-120.2067794558644 -20.84058955138203 365.4460633377142
114.7559919781037 -41.41331072398578 87.97078345408656
111.9781483012603 -48.42410869619539 100.5492353396318
117.096563771179 -34.24025048071662 75.39151758335038
112.5742371694774 -47.021709089635 418.5785198171938
-118.657633452459 -28.36134734919859 352.4701003284687
43.45838179047693 -113.9972326512935 112.4381826442196
113.9234781084071 43.65135892138156 265.6311102256616
116.3175031647065 36.7999790425007 278.1274145569085
-66.68152690089714 -102.1644457243562 408.9277130702329
7.631232095350114 121.7610951688055 479.9808568546821
-53.14531509921232 109.8160984692383 272.1963578430335
-39.31360383294225 115.4921666333543 272.0457691708125
-121.9847915629724 -1.926298870420486 225.8284208391386
-121.864758685406 5.742873022081712 238.8170257358417
44.32980395631589 -113.6612004212282 85.9244276459869
34.57645529768538 -116.9977296320196 304.7920498876643
-63.74954491659649 104.0192074711534 560.0013349836306
-102.0602297081218 66.84092692299693 416.9073955545684
-88.89088241303158 83.56082230227628 324.7215082424988
-98.5126489582712 71.9670618771145 324.8845830381102
-92.91022445747669 -79.06763048973519 134.9690467750346
111.2932615318908 49.97809457746624 353.5293943591988
-121.6224357910838 -9.590782671070549 212.8387375074077
113.9535480411985 43.57279987357091 290.6506866555869
108.5481934890614 55.68922418440838 467.5043445772255
114.3863941755492 42.42349381552491 467.3625818971192
111.6150488025248 49.25526246818706 454.9056483782276
92.80650777589545 79.18934343990141 40.2274633598791
-39.05226989653281 115.5807951864338 297.997544033837
-115.6787313398463 38.76120632286433 338.5184421978412
-57.23699209459356 107.7400888061795 546.6525064156601
109.7022208181902 -53.37998452188831 381.0629710426192
115.2444786563976 -40.03386240690638 381.1860449695406
-46.45014937160619 112.8112743627846 259.1594737369377
-32.28928764458482 117.6494874761691 259.0086681830715
-39.56747176960287 115.4054382503774 246.131020702656
-25.14699311009487 119.3801856989712 245.9793109330845
-24.88648867890248 119.4347632862177 271.8820470220874
-38.76311322567044 -115.6780923643446 253.311770677951
60.71352429380445 -105.819979057953 356.1430212434523
54.35558355910477 -109.2221155991275 343.3853139435513
-83.09695411864806 -89.32466745643836 239.8248064093593
-101.4512944757233 -67.76160305955041 636.6219801665904
-96.98832966414689 -74.00853943268145 650.0747403434098
-92.0843757694369 -80.02791849819126 636.7067886639941
-86.83574695435118 -85.6945333780393 650.1516761669875
-81.20251445082756 -91.05026988901865 636.7924407284285
-75.29452883495672 -95.99340564602274 650.227568822952
-92.14129221541295 -79.96238033521691 663.5295558380243
17.82107688519564 -120.6913800511534 532.0065516604203
2.864601744509297 -121.9663644487502 531.9084148071032
10.44702076315032 -121.551880928163 518.9770929595427
-4.53304704262615 -121.9157556860857 518.8770265167706
3.049097054520636 -121.9618916184564 505.9674021474514
17.94459216260604 -120.6730774121458 506.0712136446477
10.88678897544083 -121.5132825077334 493.1110842247549
25.33933919812289 -119.339506824029 493.2082069612898
18.09422903725856 -120.6507309366472 480.2914848945442
32.6090283647797 -117.5612660237418 480.3932149191319
25.48458362939202 -119.3085747012197 467.5244823876369
-12.11535167457824 -121.3969449936912 531.7988967027286
-38.18535078341937 -115.8700953030902 124.5220868811194
-97.30615923217375 73.59015814280363 613.8031345567309
-69.00346713496241 -100.6107425842497 636.8796496295155
86.46120003652143 86.07241653540713 253.1813396889252
76.10284188973974 95.35385391427698 404.6142016163045
-59.27971699643248 -106.629804242636 292.165972519713
6.175434171538426 -121.8436047266864 177.0117986827693
-8.833657565263984 -121.6797702743544 176.8613834961897
-16.19386920057091 -120.9204639435145 163.787281485226
-23.73356074257226 -119.6692027819966 176.735361452814
-30.95781055213789 -118.0068386400464 163.6383342300086
-46.30719603545815 -112.8700296594878 344.3241667978173
-53.01004539620396 -109.8814592508326 331.3374012663051
-29.16759720998747 118.4620246028065 545.9279777742117
-118.896643318769 27.34205931398392 147.0956716999293
-52.31913590672097 -110.2121046799037 124.3835831934008
-45.40231014450986 -113.2370532711874 137.6188092152275
-59.17546129225682 -106.6876974203147 137.4817729422492
-52.52253802118261 -110.1153168265588 150.6953158345279
112.8882192369034 46.26283559749483 105.6868191908738
55.56510109479365 -108.6117836163524 241.3346528435307
-77.91613265949654 93.87798608506543 324.5607051553512
75.69854450626624 95.67512926373723 303.6997798014356
63.68568437656145 104.0583182907018 303.7756238085747
57.42987260962683 107.637399318462 341.2116483050694
-102.842702075694 65.63062265261574 311.9117322315381
-106.0090168715267 60.38284807735031 560.6348932281093
-112.7943721026458 46.49117789398205 560.7948683917955
64.3901914128015 103.6238546369647 455.4562174507529
51.40369040797378 110.6420381791712 455.5983798680275
-10.97524762625586 121.5053247374055 167.8131245077489
11.75619011065788 121.4322526929402 206.4231715069428
4.399416825948199 121.9206509644349 219.4023403461994
58.11166372377165 107.2708466418313 468.334402784461
44.69018505251555 113.5199866101645 468.4768263272522
18.90771233024151 120.5259242422012 651.9690883911441
-19.6764396422024 120.4028144314192 639.2795492684155
-11.86179701515116 121.4219822419785 652.5337087392653
-27.10449940785779 118.9510240050477 652.7407795931501
98.13623877299467 -72.47950496167712 493.9493958236849
-117.5616537660241 -32.6076304535837 649.8119278366211
-115.279028925838 -39.93426460967828 663.2957206092861
7.809213760698539 -121.7498097757845 45.69007296939424
69.87195418320229 100.0095496371246 316.4355209033216
66.33490081252475 -102.38984780823 623.3446837578844
59.81799244608039 -106.3287721161148 636.4841144608883
72.5873546045121 -98.05649367338614 636.515289708012
66.16434830258439 -102.5001415301184 649.6856331042904
52.99213757411994 -109.8900967117854 649.6718075397499
51.60779392799566 110.5469837032451 481.2499182481781
37.79618030977526 115.9976239152809 481.3928861471657
50.7619602421219 110.9379258521505 328.4802671935047
-50.22647977888161 111.1813866122455 559.8136429752135
-111.6479914180366 -49.18054505917985 417.9935183109231
-114.5176186145676 -42.06798101702098 430.9947774927913
-108.4713374197293 -55.83877647634514 431.1371545731474
-118.8384516368738 -27.59388360761145 430.8603366382555
25.9740178786844 119.2029798085509 180.4344625974276
33.43092106890241 117.3301901323134 167.4559807296738
-23.94779650886375 -119.6265147965536 278.1946925812228
-121.7135875405846 8.3547955091937 468.6094748907354
-119.5516983126884 -24.318540880405 291.2146977646899
-115.6466017251114 -38.8569621745377 291.3551228402777
-117.8563859253112 -31.52574022325419 304.3350970916117
78.56150388350396 -93.3385778098327 649.7227220735989
-120.4883527231794 -19.14567465655647 41.82556838129786
-117.2081415115011 -33.85633712349782 41.98085377898219
-121.9424412446673 -3.74713534461415 41.68027927870673
-114.7407671916799 -41.45547423760491 55.46549130498569
-111.8162951594805 -48.79668161676506 42.14851565207452
116.1500894077461 -37.3250148100787 228.1234302954379
60.49197400734236 -105.9467841923247 381.5179315325653
53.91618872833375 -109.4396847263857 394.1249933964973
17.6877214494282 -120.7109958120114 610.5074126537464
-0.9328257365347872 -121.9964337025688 189.8320783310139
-9.215428945455193 -121.6514523931024 278.3706467008223
115.4966089180596 -39.30055124840857 533.5158129099626
-113.4121319233878 44.96318863906439 246.9681118393403
-42.74938727169857 -114.2649985248954 636.6543697180146
-62.5545713623486 -104.7421863514068 650.3033727412898
-103.6853747843768 64.29108068638541 155.5449445045579
-76.39650618537574 95.11873549762869 455.9374665586039
116.3078917085621 36.8303451831419 177.6301687450472
-73.21348684237063 97.58988341207311 155.1620244695269
116.6574738250562 35.70761544483669 454.7640094984253
114.2943275008992 42.67091165087977 442.3391618641741
11.32664262425904 121.4730717766794 154.6807333107413
-46.9590149922495 -112.6004036891417 395.9649389441466
-111.4831445455062 -49.55308751476306 365.7636632005539
-111.7436951442181 -48.96270617026841 444.1401349500783
-104.8378475344741 -62.3941161035107 444.2795605094507
115.7180134954608 38.64377508298535 39.89974932300986
116.061846414178 -37.59850804130066 253.1237774037169
113.5880847581414 -44.51681705802078 265.5234582968719
107.5439433508578 -57.60468946663541 265.3838388627344
110.7087222047455 -51.25991443411197 277.9450884411189
115.9822935776948 -37.84319722826562 278.0760101730203
103.8807122736234 -63.97497649491304 277.8061577214076
107.4258898032743 -57.82454669061195 290.3829891701804
71.67976674964717 98.72188733364135 621.8214362733916
44.3073784788866 113.6699441907521 392.3568533410883
51.18612344383986 110.7428587620529 405.0807321337622
-65.78559293725139 -102.7436409803266 150.5592090056172
-32.44690274560289 -117.6061159218235 370.3054648869316
30.07179203979669 118.2357277793613 366.9418523393468
-82.34955450547322 -90.01417039972148 135.1092018821918
48.2247794731501 112.0641363004509 651.4936495290569
63.59252672652686 104.1152752699428 278.408373533724
51.21864933134172 110.7278192717307 430.0543239804907
100.0960283817029 -69.74801145702524 240.255906180326
81.12735556480463 91.11724413667132 240.5608386109679
116.9657649855713 -34.68443197372712 100.7589860648552
114.6160566103368 -41.79903787285142 113.2610346626988
108.8132448484375 -55.16953639060227 113.0775674917528
111.8511131289814 -48.71681939338609 125.7993897763261
118.7744708841229 -27.86799358038975 113.4741971603799
116.4153288999071 36.48932990788488 353.4224791091317
114.0866692956846 43.22304812269834 365.9538713149319
118.3853911986742 29.47709535786852 365.8478119878744
116.0007778416419 37.78649944271167 378.4129703428016
111.3761320236623 49.79314426151201 378.4748667633359
114.0495576222003 43.32087725543439 390.8981612554111
-60.26605317071025 -106.0754582135996 421.9502164037443
109.3532784436488 -54.09122381334898 36.28057855940045
-84.43898235283649 -88.05713065514551 447.7381351278906
10.84693945557087 -121.516846175529 467.4121860611165
18.29538184114229 -120.620392153594 454.6565331029473
32.74780114616888 -117.5226851296845 454.7754190423112
25.6690194812826 -119.2690296718705 441.9396818270444
39.86953068066834 -115.301433309839 442.0570417341031
33.18391450510045 -117.4002888331975 429.2558999788963
47.02025382620353 -112.5748450148584 429.3656782295387
40.04550004242533 -115.2404352922711 416.5883825075201
117.3297986689261 -33.43229493034034 418.66981028103
115.126544051333 -40.37175813358255 431.0809005418043
112.9726922005613 -46.0561702376266 520.919338596516
-107.1455060885727 -58.34244188430606 123.8353345174577
-113.5943981268708 -44.50070464828578 123.7005703528554
102.9297922626941 -65.49395288695465 661.9004690258663
-4.300497715353099 -121.9241802080303 492.9925973425052
102.2425891409344 -66.56164785939482 506.5718889112356
117.6180112053214 -32.4037565739668 546.1034808251377
115.3576723690682 -39.70651616033222 558.643947116852
19.26031698761761 120.4700800594757 219.2535447300588
-19.46439783420243 -120.4372750312456 518.7521619861128
-26.95811088518042 -118.9842857586762 531.6981244641458
25.05080745673219 119.4004063886121 585.6430765905669
10.37289577984419 121.5582289815893 585.8374835509403
-111.0902507778342 50.42773227221222 635.8213597596555
-114.0293532127839 43.37403146900419 649.3144194171115
-14.05578029159706 121.1876026679064 572.089250774715
81.18864557596831 -91.0626368470615 164.351972016172
-121.4667284669741 -11.39446688223643 28.32519731283186
-60.18396485269982 106.1220541386615 155.0347988903865
67.06192959239235 -101.9151490179208 343.5518825866093
117.6360411039882 -32.33824103721164 520.9905368579151
39.61828867826727 -115.38800285214 493.2638432775611
106.700680385794 -59.15204819115433 597.4578451158035
113.0298483889846 -45.91572032717288 597.498052341291
115.5936377479938 -39.01423986425461 610.2070918661699
-94.31048820144321 77.39206558301336 155.4131180279569
113.9050662161676 43.69938089138648 315.9756439767656
-83.46136942693698 88.98426722393319 337.6857287272046
112.7192843126025 -46.67293588424336 368.6568655497273
117.4310385498874 -33.07493288118444 368.7798491657576
-120.814813156417 -16.96410687245451 225.9717560300888
-119.5100827208598 -24.52223741939653 212.9845027714879
98.4295633647629 72.08065659954913 660.7271855261653
102.9589242164286 65.44814683545835 647.3893297674787
106.9381990620403 58.7215597661323 660.4384583183628
110.4102097983148 51.89976466509378 647.1829857242294
113.2794347666872 45.29646408871072 660.0909903874984
115.8499753536759 38.24634898330405 647.0055736455091
113.2241324984143 45.43452233689194 634.2471963033699
117.5071492405952 32.80350404070422 634.0475493819783
115.5907593482486 39.02276711479187 621.4370496844161
102.4753943490109 -66.20267028613507 431.2183602970325
115.1479100308022 -40.31077790787815 36.56411620872014
39.70125521031819 -115.3594830723733 394.0267775753966
-72.55539033911556 98.08014749549767 259.3170955071558
-120.8991622040392 16.35214292872383 481.7096827737545
-119.6669765192305 23.7447832322374 468.4254028009074
-75.1805728624314 -96.08268035435232 623.4702815947093
-66.02900246719695 -102.5873814520426 331.1843373933
20.16605752338592 -120.3217774302038 304.6569589339411
72.54320932822294 -98.08915730273978 558.2706992317369
118.0191876551659 30.91069952645415 659.8132134631064
-106.6372585083299 59.26630659850189 325.0433927570703
-102.6515526087368 -65.9291949519767 291.5988144401921
21.07727742195782 -120.165504103623 177.1542872091582
-94.6499427939782 76.97654401891953 207.6417166443444
-103.4200503588729 64.7170239100053 207.7947252406351
-54.00194072280981 109.3973966699854 168.005663714811
-49.71773360196001 111.4098153911249 154.9651682562221
-113.0714650693535 -45.81313989533966 304.4709135452856
-115.7219834771918 -38.63188501878393 317.4452460445904
93.58787721787837 -78.26435483571895 506.5076375945386
48.34370495533018 -112.0128840410423 304.9197610739985
41.40064639376258 -114.760561510384 317.5776108578047
53.59938166317297 -109.595192802082 416.7035144372288
-62.70222807532619 104.6538608670974 640.0347817243297
-57.07452849202333 107.8262407645431 653.3946750807743
-35.50991781743831 -116.7178038544196 623.3724903457593
-121.5849415527363 -10.05494841447266 636.2666450979343
-72.97305787059699 -97.76979505457962 447.8447781419832
-28.88208485566032 118.5319584516785 572.2894246834645
-23.10312075491627 -119.7925114996082 71.92690733472337
-38.33697585293345 -115.820016760712 278.026303377557
101.8834561973953 -67.11006894105707 35.95573473223759
39.05375730347699 -115.5802926128893 623.2849489346416
-52.74997920702842 -110.0065438674358 305.2013350092212
58.5556074640463 -107.0291588050496 59.77005462313848
65.31017852508087 -103.0464971797783 46.63972426631183
39.19230073812265 -115.5333872214112 597.0319962364357
39.8435285929813 115.310421165046 585.4536738838616
46.86704996277134 112.6387128290584 598.5361201801841
117.5561252076462 -32.62755623953781 318.6011349506142
115.4725967382083 -39.37104777034928 306.0754854618388
26.53799116455481 119.0786925732308 665.1855394600178
-108.5539714485218 -55.67796047587862 457.2897511981351
117.6080976020068 32.43971914855051 105.6071020823817
115.2876015690133 39.90950919849117 93.07977853895923
44.90033970177195 113.437028763387 494.2034043056378
30.74463118472859 118.0625582194246 494.347111690875
118.2290243408841 30.09813621144398 290.5775906023227
-32.65830004303284 -117.5475879731236 396.0893268995599
116.8283158504527 35.14462427664967 504.9204886482211
114.594807359649 41.8572589428038 517.534229158848
108.832084450688 55.1323624935329 517.7398763910253
111.9813698966771 48.41665824965176 530.1898783525002
105.4414671655015 61.36853429882839 530.3960127668504
108.9667102498124 54.86580043463718 542.8813917214798
114.7317754226194 41.48035328168784 542.6645754085298
112.1211868878195 48.09198946671534 555.3542748895547
101.6758940558375 67.42412452487687 543.0932444691057
117.6727324274734 32.20447240760589 492.2763593850224
94.02665837611181 -77.73665489730028 661.9715617000271
-43.82510077774812 113.856754484836 442.4020992661729
-50.66428406638796 110.9825676403297 455.5715857944666
-36.82313522736201 116.3101745851472 429.2448883344398
-44.06685704303395 113.7634040908974 416.2540450089646
59.75155060955 -106.3661233652632 662.9476635868037
116.6496030682102 35.73331924169677 555.2078147190491
114.8577417003627 41.13027074421908 567.8146423187483
109.1481618260069 54.50393352780887 568.0506934094653
112.2544513412029 47.78010207278243 580.5504865454318
117.1703132408252 33.98702245044288 580.304646859746
115.0029184558502 40.72258275990196 593.0298847250917
100.3507166208048 69.38107576054827 190.1976925571111
96.02742553318841 75.25113650615488 202.842200860687
106.6941924286027 59.16374989812854 156.4865335662626
-121.9968481827655 0.8769455349437861 455.5042800593744
-121.2779007274926 -13.25408597876376 455.6833263440918
18.53226831049702 -120.5842238075435 429.1239492431397
116.9213132319464 -34.83398501631827 597.5539699883384
115.5858671748073 -39.03725540362443 584.8992381879077
119.4222022768787 -24.9466952388539 584.9466271410378
-38.30033711669999 -115.8321379270327 176.6109018740501
-31.18040815205836 -117.9482180767096 189.7140766306237
-116.0899622491903 -37.51160707009996 110.4378310168732
-110.8490700356067 50.95570303941614 155.6833324489176
-59.37169565757539 -106.5786177183033 163.7569343257268
-121.639289541129 -9.374606121292658 291.0817696432267
119.2445930916263 -25.78230048720359 331.1219206180961
-120.1607041491017 21.10462457358712 662.9502675723113
-87.71624313887817 -84.7930462337638 121.8525091184006
-118.0908509458388 30.63577847693268 247.1149414840172
58.90548962711944 -106.8369940226199 33.25505461916388
-34.12686197145453 -117.1296601718851 518.6276168329906
-40.9890181863199 -114.9082259375783 531.5974753406281
-34.31091453251222 -117.0758777201463 544.7062124967142
-48.36576482016983 -112.0033606342239 544.6055479308859
-55.03284988060695 -108.8824385932763 531.476356505387
-61.99941007638925 -105.0717523894016 544.4941387331371
-68.6964986988521 -100.8205885051194 531.3321217703501
-74.53749263486709 -96.58241139931812 544.3771369374762
-80.33418849047186 -91.81730860560735 531.176054088697
-85.97461022245731 -86.55845653139004 544.2605429867536
-91.1077754262197 -81.13798898719094 531.056230035398
-96.07752311153516 -75.18716348388486 544.1418607544281
-100.5194784617493 -69.13634680671167 530.8975807785196
-104.6997152921531 -62.62563067739987 544.0233019459159
-91.27178876241331 -80.95344696867085 557.3924132244041
-108.3717477104765 -56.03181505338573 530.7760128561882
-111.6988129915222 -49.06500969412869 543.9036775688442
118.7399531119933 28.01470212159399 517.3440403736239
-108.565484733892 -55.65550758456038 55.646536836416
-104.7342449477354 -62.56786663478108 42.32834607916919
-108.422587910922 -55.9333749267679 28.81109732091546
-119.2732372391091 -25.64946156361191 663.1860049941836
86.42470356240263 86.10906232302632 227.8906071698281
2.307412686293711 -121.9781777478871 663.6055977523807
45.92207571568132 -113.0272664535564 662.9306869275032
38.75815305376404 -115.679754373274 649.5974766549102
31.33551446481519 -117.9071055247535 662.8837907023733
-75.20737553482543 96.06170238530932 667.087066798929
-85.1422217483736 87.37735447901119 667.1863774524163
-114.512812784868 -42.08106115698344 530.6169620121013
-116.7587290583474 -35.37512104119823 543.7903873363422
-114.5885524228413 -41.87437944182286 557.0923311883853
-118.87639013707 -27.42998118809297 556.9644373335251
119.3448035988166 25.31438037874727 118.1856824926567
-120.3854821652457 -19.7822062430179 543.6374864255292
-121.4025561258633 -12.05899523619688 556.843122635465
117.314670035512 -33.48534297956257 49.6358089099556
71.84897677471842 -98.59880595841905 33.48986128073292
77.77414819318594 -93.9956481589672 46.90588636979015
83.63733021300644 -88.81889998666119 33.77323131198311
69.70148725481135 100.1284308998567 265.6876682513398
-118.2581792894545 -29.98337924823071 123.5792683445302
-107.6000912751923 57.49974223916381 649.188944413376
-110.9944661098876 50.63821178695997 662.7064524019917
-103.6529265903468 64.34338201599422 662.5803698745877
-69.11737644902701 -100.5325234578516 663.6610195807873
-55.82895408507968 -108.4763932188293 663.7389628723458
113.9128342230911 43.67912773010204 165.064167842869
-68.02769209704468 101.2730621041434 142.2420959320066
0.2825620349023625 -121.9996727811039 32.24593911459623
-100.2055488657128 69.59057390567521 142.5942974683051
-75.26951379614741 -96.01302147569137 519.7923767701158
119.1875806279098 -26.04458915140561 36.94274664900374
119.1133023378174 -26.382213822568 406.2639693276357
15.68068192040797 -120.9880829441933 32.43782815371897
-107.4905928880145 57.70418044286841 676.1201415400408
117.4237774637287 33.10070220023627 315.9051148843182
119.8714150265969 22.69017098924882 328.3360890095024
119.5140618206765 24.50283712396407 621.2447948723263
-115.4592031265326 39.41030846601036 574.1959814831889
-117.7495635823591 31.92241024991646 560.9478888724489
117.3888747574919 -33.22426949038719 648.644526664194
115.7291910462874 -38.61028800426021 661.5197959573691
119.551375320193 -24.3201286807934 661.4176739970508
-121.5956263549192 9.924900571536522 676.4788789947833
-107.7158842624392 57.2825302999161 622.3415565738226
-111.1806167867823 50.22818383050159 609.0015496828597
29.93211880822875 118.2711641257077 341.3553307365993
-113.7450107252444 44.11431213465793 168.8500979546288
118.5216799022696 28.92423539428382 592.772420663139
119.8122429927101 23.0005745375152 580.101354258127
119.9296610160208 -22.38026828664775 635.809999931864
11.30025483565255 121.4755293902822 665.4310913874933
-5.478278839384545 -121.8769398243899 676.9693646884961
-117.608178898963 -32.43942441026824 676.7171653944655
118.5303808237713 28.88855866552986 442.197781987712
116.5801775414528 35.95917413405586 429.8043039988012
93.66407341066925 78.17314981578241 190.2361023703202
119.4488216925656 24.81892415592718 278.0823545466552
-119.6011820095638 -24.07399555360925 317.3129633891783
-117.9159667568928 -31.30215302159506 330.4281433139484
-113.1581133636057 -45.5986993234387 330.5576541612356
118.2816047067043 -29.89083451506402 190.5918172017955
116.3512607699436 -36.69310721708612 177.9900363531555
75.49125630057043 95.83877201926988 227.9058273114626
118.2861212392849 29.87295636801297 190.1863711500642
119.8742296694745 -22.67529627480269 178.2034987802791
118.3691055188004 -29.54242472579237 165.6229461894378
119.4769464829738 -24.68317765411505 152.3892886002879
115.9396560352053 -37.97362451015552 152.8771378967099
118.2984129429375 -29.82424341340851 140.135001803876
118.2900362906377 29.85744989712967 165.0743488237102
109.2697086115791 54.25984500476011 673.1576554768142
-121.9842212271601 -1.962083485291874 277.9583808835025
-108.3416016276374 -56.09008251695053 404.9979111056378
57.17198431302182 107.7745990932538 265.7261105616161
119.9026512053703 -22.5245251653239 418.7589656952224
-94.63100024343423 -76.99982982401423 447.6260697331661
-100.7129818373403 -68.85415956521118 431.2751433737959
-62.65731541303071 -104.6807567093016 677.1273638614032
99.83522625166275 -70.12080717789343 290.2439364159957
119.1530324016724 -26.20219207406148 381.2859294654054
119.9052764562635 -22.51054592734318 368.8824147567958
118.5949040584185 28.62252140141578 467.1840765535433
118.8408613741385 27.58350354564843 542.4731219538924
-108.2367556896835 -56.29213726420211 378.8776106329437
-104.4917199451049 -62.97206097082872 365.9169105675315
-121.9371726109263 3.914835328998463 28.18548660485159
-121.72039480475 8.255028078437002 41.61218116082831
118.4327996774166 29.28603695567087 390.7679964783842
116.4870803191636 36.25962105037403 403.287816745765
102.954173523611 -65.45561972871546 303.9655681206382
-111.6717319800603 49.12661474774735 186.1346095281713
-19.34498492067451 120.4565131423738 666.0295944262697
-34.44352309733062 117.0369331307159 666.2381070114357
94.8908904712943 -76.67932515068732 254.7795792741633
-118.5898545444507 28.64343553287584 171.249075488122
115.5279791957523 -39.2082392227172 508.4346127929306
116.8358986852854 35.11940743238301 608.7073881090413
113.143462748593 45.63503957769451 608.8889216156856
30.54032161200762 118.1155737226685 468.5782404521118
120.9836096522243 15.71515814486802 290.5165149281777
11.999071906454 121.4084934153445 232.2077552249802
-2.869823538994557 121.9662416935729 232.3652801004785
98.05673863982967 -72.58702368412781 519.1751995124996
-39.21019042588419 -115.5273169720733 331.482665952686
119.1976844245414 -25.9983081724067 356.4356619691189
94.25378130919522 77.46111740039905 674.106229299535
85.90179016156698 86.63072461337325 674.2460010432729
32.62598766718445 117.5565605516797 572.4475250531897
118.0743696121983 -30.69923843814362 623.2251046697228
120.9063670221354 -16.29878564521574 622.4672407751722
-81.20952195594377 91.04401981287452 679.5650278823119
110.0750782360704 -52.60681658609442 508.3512913163275
117.4204935752538 -33.11234948691762 494.7933463757981
119.808670429263 -23.01917657024783 203.1771066606543
90.05000554804903 -82.31036690962046 291.4957863252448
105.7794152498561 60.7841698914982 580.7941664079041
113.9461630751007 -43.59210846543851 140.5881338559481
1.322653167045346 121.9928300704583 571.8886939485267
105.234686858237 -61.72244876743633 125.6159251738428
119.9707266923829 22.15907797950032 403.1613483509914
119.7727390079994 23.20540864802111 378.7177181154357
121.0815637541535 14.94171739957826 365.0368161611862
118.4830613251681 29.08202501574577 415.6604795658757
114.2406480928818 42.8144172367012 415.801538841061
53.44105351935394 -109.672484237121 442.1439669147128
117.7319601519952 -31.98727182441486 572.3759536021703
36.30033828522404 116.4743982185712 427.6578507263203
-48.85860692672635 -111.7892505081756 677.2067234506866
115.2514058738786 -40.01391563062161 481.9552851273004
119.2354910786276 -25.82436189412091 482.4404663677454
117.3404573218483 -33.39486600511365 468.9299540237132
115.1077748675811 -40.42524168182887 456.4854891741657
119.072087992198 -26.56760924844878 456.3539017472762
120.4776181897278 19.21310790398514 415.5089746864484
98.93568211552025 -71.38438767921686 317.0069931886408
120.7924654379119 17.12250838606472 633.7523584215177
60.9550974875847 -105.6810110203297 330.810623457385
53.99239670901714 109.4021073728295 585.253231658241
4.709469315734139 121.9090681564097 245.173587010439
108.279085839531 56.21067131564502 391.0153548935762
-119.8812206035152 -22.63830706151242 110.3270394494076
-100.5321756464169 -69.11788234457119 28.98270069987061
-95.93938770623635 -75.36334577599686 42.53257861650786
-90.88901916504336 -81.38296010355226 29.15963894297954
-85.59241613622588 -86.93640376713969 42.72901454128576
-79.76000422350818 -92.31653008137795 29.3888068848931
-73.84570809353959 -97.1123647954458 42.92179572737784
-91.06326898580359 -81.18793655229318 56.05174985103277
-67.43211707595128 -101.6705935197351 29.58477195889704
-60.95966315541249 -105.6783774855512 43.11474893057471
-53.96860385255182 -109.4138464647246 29.7958237181539
-47.06894044725469 -112.5544972232242 43.31159589403623
-39.66880672809699 -115.3706451952527 29.99563165310762
-67.68660551213523 -101.5013469577847 56.42098756762994
-46.75337380400592 -112.6859442785252 16.46418130477479
-85.34592700303011 -87.1783960852312 15.83486267420249
-94.04584712704933 -77.71343923772559 368.2772009660768
106.5302732261455 59.45839626463868 105.7367656128344
46.59964547073066 -112.7496032897775 480.4889407809846
-71.85792488280507 98.59228484793901 337.5242505371749
117.984494802085 31.04285725085194 26.71448930952833
120.3350495013423 20.08670857829874 26.89333030527726
119.6624065061534 23.76780320425306 39.67568746911057
117.972793598943 31.08729596573492 52.62935967225047
120.3521613541326 19.98392497455971 63.71916625988795
117.1265305588017 34.13760154518904 67.22359703904175
119.5741516678469 24.20789649917436 77.76191644815474
113.3255332171946 45.18100841104048 53.0114372916362
113.0733176415458 45.80856729405626 78.86758445480582
106.6877185119869 59.17542326597292 79.81202723843654
108.4516276104789 55.87704778026487 442.4677850948778
-32.20654795242178 -117.6721643762379 344.4539511587311
69.18251213131815 -100.4877107670387 164.6410441774088
75.01962543647836 -96.20839775908591 177.5639483375733
75.2973236902526 -95.99121337437778 151.7153596619911
-20.88425962764131 -120.199200079723 676.9037906098185
113.1019105772509 -45.7379254424109 572.3085984949437
-112.5219399712464 -47.14671807355448 676.8072491661055
102.3023858123074 66.46970631129498 13.47768034798416
72.93051378722562 -97.80153454180201 356.2880203437978
115.7526032876627 -38.5400419321125 684.5223196460108
26.67615159110934 119.0478178560538 232.059558427341
115.7990130541928 38.40037207729755 303.0869168541583
26.44907109092411 119.0984745428221 206.3004429002358
-45.46918219155828 -113.2102180495687 290.8475949092484
-32.64483414593063 117.5513283786478 233.1055770507324
-46.69140712253479 112.7116342748951 233.2534021512177
106.8663551643724 58.85220585400535 634.3644542220356
117.2634387023555 -33.66431261289787 443.9665206763474
88.87780288100377 -83.57473395138891 47.1557677202907
73.15309588404787 -97.63516048319528 330.9767537063289
109.8052398390947 -53.16774683846288 355.8123541025105
-102.6971212025094 65.85819080962591 338.0283827808399
-121.2500622459666 -13.50638387390277 352.3107287665342
-121.8598899799357 -5.845272797566987 365.2934510037024
109.8018948818229 -53.17465449216501 13.49157033527925
-46.08006908367619 -112.9629462843619 318.5063323500088
-120.4229183778086 -19.55302353529111 570.1993501028354
102.2143142666719 -66.6050595600217 684.5094984853163
114.9693375569279 -40.81729316994417 62.28165998446516
118.1470913937193 -30.41816554633345 63.01300459503452
119.8751501740347 -22.67042943467629 75.80497243566752
12.52559553171346 121.3553025482443 259.2456164056
-2.071847446775184 121.9824063058165 259.6032984796682
-8.419320642527559 121.7091411518392 272.8525771788338
-10.87673252922082 121.5141830795393 247.1078141147706
118.2031178884973 -30.19971724102762 215.5518051719116
120.3593383086835 -19.94065399870021 215.5905348172937
-6.115749150395554 121.8466151041113 585.1772976750506
16.59137542539002 120.8665638689781 571.8641135413326
38.36328961909184 115.8113034621478 558.4428471106805
117.6472010442101 32.29761734963147 130.8075978264373
119.3726503804409 25.18273895248531 143.388354351803
-77.70034372479569 94.05666688251613 350.6499933656278
-59.05492925840574 106.7544628120281 337.5549307847778
-52.07908117121347 110.3257418029091 350.439185409681
-45.06193518698446 113.372933265414 337.4482661305086
-52.61106403108543 110.0730482067115 324.3894389723749
-38.69312832726646 115.7015203886694 324.066993853205
-117.7981562459274 -31.74262725516085 226.1169528127937
-115.5705631538158 -39.08253999306951 213.1282500769654
-53.57789378392103 -109.6056992025455 409.0629505287682
-46.86638282724854 -112.6389904104692 422.0625489834005
118.9439462197667 27.13554233232221 567.6926382296163
111.2972960567127 49.96910936232943 428.8307306327094
113.1051855246955 -45.72982623435389 623.1435638710767
92.07592879020348 -80.03763700548248 113.2543115370527
-60.11894548228392 -106.1589016243959 395.8544085391325
-56.95672922041283 107.8885118838543 573.1594655561287
101.0010049044167 68.43096527375596 442.2503823149393
101.3844620742605 -67.86155649491711 87.71060919650786
106.2559376090151 59.94727452377712 608.2662539092613
82.06953755471777 90.26954639054507 13.49842775777294
76.1168598545526 95.34266435275657 26.91908318733344
63.45016331297737 104.2020958309213 27.00842192622778
69.98707323392989 99.92902271186551 40.29155532398914
56.86834478237954 107.9351257085125 40.38570635010703
63.56877907319598 104.12977637133 53.61158501056694
50.08104092574739 111.2469745197307 53.70846503744654
42.87345325772054 114.2185055311006 40.50543559183752
35.69798123576957 116.6604223191852 53.84558319367881
28.21392799876825 118.6927725974936 40.62521012839011
20.79752418760176 120.2142378741641 53.98179768274453
13.07564038898316 121.2972696659657 40.74678764993496
5.519578483008496 121.8750764240577 54.11706720226932
-2.284556171714801 121.9786079732765 40.86943847085324
-9.884674613182659 121.5989029876154 54.25164412399786
13.19777399633602 121.2840416606473 67.33451935173264
-17.62073753933201 120.7207919480732 40.99333956746918
-25.11444774642036 119.3870366262281 54.38590674723552
-32.68752625744703 117.5394641266018 41.11772242202704
-39.93771490142317 115.2778336387904 54.51944148114488
-47.24181824387342 112.4820457184738 41.24336053144285
-54.15841942251976 109.3200146617921 54.65183149551028
-32.55365774693618 117.5766106302412 67.76726708938918
-61.0684731913037 105.6155366510203 41.35677003756867
-67.51791034842591 101.6136397447799 54.78405731293764
-74.23707833134385 96.81351249090137 41.49400994049734
-79.81721818845081 92.26706715105469 54.91769393824226
-85.85587363189019 86.67623066853395 41.63223328634842
-90.79828558703828 81.48417843026115 55.048921084147
-73.76752740347116 97.17176493600459 68.18201109000228
-95.93302342491975 75.37144695807423 41.73922627391368
-100.3588159958656 69.36935960428058 55.18151235351539
-104.9035081718038 62.28365735285867 41.87744086604798
-108.3161527905545 56.13921129347351 55.31473128497413
-111.9248762822218 48.54711185239901 42.01827033280208
-104.4970326926832 62.96324450363324 68.59499390943208
-114.5409747471847 42.00434625089163 55.44800314759317
43.10182304163303 114.1325231933814 67.03468576786523
-90.94823854964001 81.31677505114041 28.30338226306262
-54.35203700248663 109.2238805100804 27.93332539472575
-10.07971383084242 121.5828909390146 27.57746323240519
-116.055393236687 37.61842235764218 42.14131844080109
-114.6182210668367 41.79310229539981 28.672292973736
-118.0928047677622 30.62824614768533 55.51890945764925
-115.9717903584758 37.8753724872737 68.8737604938714
-118.9913318626134 26.92699280575905 28.79886295728284
82.76782735323926 89.62972026746696 40.2432270363306
20.58181456808982 120.2513572026726 27.35393856628847
56.32771551937652 108.21824460029 13.53678889047146
-117.0720014646449 34.3241383440603 15.28503716473164
82.06953753425101 -90.26954640915265 684.5015722263151
77.88682040227309 -93.90230672152872 671.336615269862
-121.9898692117107 1.572199004493821 352.1441952512318
96.599700984834 -74.51508417522363 126.2372781961787
-35.27365052204775 116.7894240881786 586.2447142892689
-17.91736468620375 120.6771231124673 232.9549845919036
5.284246899795035 -121.8855066638442 304.2746829345672
15.32851853721892 121.0332042022111 519.2674541260798
68.92335853897218 -100.6656378696737 190.266211873997
74.71151757686543 -96.44785711129992 203.1755342481218
68.64123168378431 -100.8582238240048 215.8360052405927
80.26563982742175 -91.8772390915977 215.9844437405695
85.7435488161763 -86.78734836603773 203.3688174621784
90.69337075487155 -81.60093443778331 216.134509876556
85.54137824075319 -86.98662315938236 228.7109982334045
119.4132308861448 24.98960362495334 177.6827098105904
119.467764514184 24.72758059300328 203.5479666711016
115.5342055133543 39.18988844584801 202.8805295993135
87.63891176732001 84.87297063400041 26.88037082536328
66.44654149534837 -102.317433134862 545.3340739467393
78.41017023133361 -93.46574348012905 545.398721297386
-39.79995466254788 115.3254681709948 220.1240372622199
21.5718618521612 120.0777030769296 402.0188020526854
28.70052611255183 118.5760507052867 389.0098857559411
47.86873325478054 -112.2166849295713 330.635074361392
40.63290221534129 115.0346350346647 180.3068270722374
47.47782501943312 112.3826326948434 167.3484586725945
40.44210851422835 115.1018499370161 154.5062623152945
46.92378832555875 112.6150881950468 194.3505909552128
97.13832707105392 73.8115533899467 505.7244327800913
78.3707247153997 -93.4988208887312 571.2080223183727
56.38890996061259 -108.1863708304051 684.490066785316
117.3791036800501 -33.25877356830897 393.6689114183635
96.46282060333618 74.69219665566531 379.0634212167249
100.7909601382197 68.73996184473638 391.6640817970261
104.6285902774351 -62.74438697251421 152.0458823534064
111.1351244487014 50.32876030433945 253.0173904646369
116.3093676064665 36.82568406674681 252.9808017951531
118.2778605270288 29.90564677696711 240.4666478747568
119.8395733638987 22.85774826965108 252.9348424125448
116.1801452667246 37.23135568043117 227.9052983012299
118.2873506897283 29.86808776612997 265.4995356035744
88.11175995836379 84.38197530894664 557.178643989659
97.66310758807296 73.11578089742656 556.9992262912908
82.72205468860275 89.67196701364264 544.4357971178073
87.80483718498384 84.70130203791722 531.4653730163431
76.96317122139337 94.66081700231879 53.5169495048208
70.09591249065652 99.85270678405381 66.75501543086274
77.17012225518287 94.49218079354571 79.59797727593686
39.75550988978813 -115.340796916802 467.6639404508201
114.0563754824718 -43.30292382508848 165.3957249353735
80.56319303420926 -91.61643918060086 190.4318917834425
40.47982758259226 115.0885900464664 611.8736475653766
54.46424530518836 109.1679714171527 611.4506595175108
117.7660696314766 31.86146329901057 340.9323409538315
56.39336192840245 108.1840502588631 684.4871795353876
63.20912577090002 104.3484854671046 671.0456421238954
49.47491520580906 111.5178585042683 671.0317174095688
56.53575155843525 -108.1097072224455 13.58635794555329
46.69605060137952 -112.7097105764778 454.9107843713468
56.00500247765773 -108.3856065050962 215.7206078560178
62.35081824260384 -104.8636040982656 228.5103703506425
57.11645010476746 107.8040404040109 66.86463983388248
49.94817145799432 111.3066941742625 79.51154508203207
94.11846174418336 77.62548008810441 118.2368133061662
-117.937675488505 31.22026105541233 481.5438490820715
98.66132346515525 -71.76310508962113 597.2193523621769
102.9837629462555 -65.40905571424688 584.5671244626185
116.945845304901 34.75153616636487 530.0522494161099
27.19236997122736 -118.9309674363573 684.4900667853233
-39.43647910908945 -115.4502668488832 357.2733467801471
-25.0827118417444 -119.393708237344 357.4913286733544
-10.31128959925278 -121.5634702811677 355.7606384407317
84.21569216249529 -88.27070405061822 636.5470192316777
118.1153724608367 -30.54109998735855 240.6897085966403
119.6820557680355 -23.66866128738241 253.2386058250732
118.0525538412843 -30.78302343095427 265.6157381806531
119.6319022932906 -23.92086858139939 278.1686642456533
117.9922721278384 -31.01328293022398 290.5502058329068
120.8169009562311 -16.94923134930465 290.6497715964906
118.872715682227 -27.44590072000596 88.26538957031013
113.7950327503452 -43.98511704369867 215.543672419179
-31.02923240292396 -117.9880787897037 137.754360565462
29.27844498568084 118.4346767598935 440.6342683620002
36.65521522280555 116.3632037929938 453.4666183028982
15.80653968804082 120.9717045556125 467.363461133412
0.328500034273555 121.9995577357864 493.2171023520779
15.36448099530336 121.0286442283188 492.8954695560386
27.1874757779324 118.9320863384828 684.4871795353573
27.18613222393031 -118.932393462433 13.48681307482672
36.54875832646314 -116.3966849390213 26.68649057173317
25.21740946514002 -119.3653310633681 519.0460378859698
66.83667132638898 -102.0630166417212 368.9156659655803
72.72666776162762 -97.95321228162879 381.6443086442647
28.11725976177478 118.7157095901334 67.18851774763115
21.00957691838179 120.177359255854 80.49080194905571
8.589472878190026 121.6972512248113 80.56689607592445
-1.385349756052417 121.9921341974695 67.47688705483672
-17.44000491239813 120.7470340366815 67.62976797272398
-24.88743497595777 119.4345661034421 80.95817217488668
-36.89883374602488 116.2861817594129 81.03138950031698
-46.71884433380469 112.7002643480206 67.90487551273341
-60.89005418430774 105.718500279904 68.04610010100909
-67.33271837024134 101.7364489102788 81.39392022594328
-77.28684713158935 94.39673331455033 81.46624893086074
-85.15904896926345 87.3609545429226 68.31832524325708
3.898907752324984 -121.9376829300068 432.263641291175
60.00588805231547 -106.2228478202923 429.4562833457154
-26.07901747535112 -119.1800522215036 483.6547808191529
-18.85586680680272 -120.534046173536 496.6711093384931
-11.14291062145726 -121.49006355617 457.9088872264601
-3.849015994527611 -121.9392679815402 470.8614963526802
32.52207217201406 -117.5853512204573 506.1804834537525
46.56281665439678 -112.7648176747031 506.1198208735116
49.18345969119451 -111.6467074875235 228.3843407248008
-95.72487650223148 75.63562664930153 68.45764290248076
-100.2383614865703 69.54330224031393 81.82268820072437
-106.6055832568661 59.32326372059605 81.90381443455006
-110.5326494029914 51.63848773885031 68.7163995354417
111.1721115684581 50.24700597458814 303.4576732195678
93.20545809986592 -78.71939138734584 13.48926317736406
82.07474320135289 -90.26481334624239 13.48015495575314
-65.89647963756303 -102.6725570509289 279.0185571261227
-78.34602933033055 93.51951501248809 272.4622128343744
19.03332739383013 120.5061510808443 193.486175892255
-32.0238568963095 117.722014039366 284.9038030153608
-24.5992153938742 119.4942617953087 297.7872828088796
-31.71024074517894 117.8068785423109 310.8450997246716
51.5480400148233 -110.5748595777095 72.84416311135504
58.11913632605007 -107.2667981843124 86.14683025662337
-68.49218763923653 -100.9594979800891 557.5875298535292
-3.92752502860463 121.9367645427321 684.5395095322987
-3.794469426584776 -121.9409775332751 13.50221154069482
-25.33013930899919 -119.3414598644859 383.247914909004
-111.9409028956493 -48.51014593780171 68.92836277683296
98.673500198681 71.74636129129406 156.6962904059182
103.0183362659842 65.35458968571841 169.2742936921221
-121.9825181787126 -2.065250294772713 676.6001401141244
113.5296083248872 -44.6657366848204 290.4755154377117
63.87040274754877 103.9450415020645 353.9388465651534
-66.75667164631977 -102.1153602094486 434.8640511361518
-60.42028901251137 -105.9876817165306 447.9010837270399
116.3434448877199 36.71788163358686 479.7968916781657
120.1034689757529 21.42794297151178 479.5853540046674
2.454084812757086 121.9753149933698 599.1015397324104
13.39457312485323 121.2624649708349 337.2406302270346
38.10784802533649 115.895607849814 326.814684510249
44.80711942531214 113.4738826726477 314.8721429185201
30.82934372860169 118.0404657956911 312.8105171173257
41.62028304873731 114.6810884101777 301.2943083233947
51.76367890618381 110.4740763532219 295.0415133065201
107.9823361285085 56.77864989791334 316.0045869072814
54.87534183352586 -108.9619055388335 317.8474952113726
-34.52900581297993 117.011741964502 132.7297642680735
-20.00503060707827 120.348654958873 132.6099883050144
-27.3078490456313 118.9045052994251 145.7296451901409
-12.44600219214982 121.363491336699 145.6010939621329
-60.84513508929255 -105.744359357678 470.2073690295404
54.9568749726721 108.9208056031449 638.0989870676323
10.1191778417045 121.579612763851 132.2676251792482
25.02442972709998 119.4059375275511 132.1314860144943
-111.5530264750106 -49.39556948012228 391.8787237689513
28.54540280435166 -118.6134898683 164.2653781299342
-120.7795941285059 -17.21306603000698 199.8491056233712
-84.89095832492454 -87.62148820167302 469.8302695496702
-121.6009492463363 -9.859469680968717 186.6798583836272
72.60820020716706 -98.04105906545455 532.5503705211479
83.953418058799 -88.52018750683102 532.5855997388877
94.12434242760807 -77.61834939349316 532.851485024696
106.0222953540527 -60.35953021568356 520.0618089952961
-120.1564033033531 -21.12909712226172 468.9274995321596
-118.4208502289983 -29.33431831560348 455.8854660391512
26.74965278673807 -119.0313239268931 342.9481972244788
-51.67505488538436 -110.5155586448918 201.1142245776854
-44.91355401640202 -113.4317974186063 214.2349761929907
-40.12029892161333 115.2144158273625 167.8641851627407
-118.5466141909467 -28.82187127621716 508.6430957208963
-87.43228538209414 85.08581240644088 13.55326138363
-97.6418437410646 73.14417509853756 13.55505656513139
-100.6581135126212 68.93434691124791 27.50546779634479
50.57295227429337 -111.0242158191718 99.49895100860216
-117.9045232909436 31.34522910325181 325.4840752742118
-121.8861005470898 -5.270530658738864 417.6295468576859
-1.963183192190394 -121.9842035337113 291.3197859257685
5.619079694633138 -121.8705294293307 278.5665360771412
93.87436510760428 -77.92049522201594 431.0292712352341
98.44603384953962 -72.05815997716913 418.5778122920734
101.1212575177834 68.2531411586465 467.5428231025611
-65.61840017510055 -102.8505010121991 124.2589275622097
-113.5369708421423 -44.64701839978274 97.17315771808538
-116.087320022406 -37.51978318188272 83.83340812323566
-117.1812503593253 -33.94929401659353 68.81517301816227
-113.0194254762562 45.94136986439312 351.5473045051372
-1.195533611279576 121.9941420699547 363.2924939401258
13.71360760077589 121.2267997044051 363.0794906910991
36.4803983510236 -116.418128039196 99.27800811964275
29.0324972946781 -118.4952070795883 112.2619781588559
-60.18730052602443 106.1201623415175 233.1822567445185
-84.06259668433822 88.4165133823218 259.5083354327091
6.448427969003914 121.8294618584871 376.1446726831285
26.21983148713926 -119.1491520607093 394.0532009031529
106.4317195553044 -59.63462980937362 368.5249136850833
-116.9926676114232 34.5935792476444 133.9259894464775
-86.99743958137427 -85.53037768117906 623.3756859537701
-78.11255779722839 -93.71461099729677 330.8969284149887
-72.10942213868043 -98.40849170079574 317.9612059571222
-116.8139413649462 35.19237279279305 212.4067819123877
-114.3749174039747 42.45442578617644 225.40357381202
30.48704008447514 118.1293375368185 519.1154674174709
119.079013757459 -26.53654993684905 431.1312382497091
-116.640585661757 35.76274285457326 609.1320319335318
-114.2022258440906 42.91679871862913 595.6590165333981
-103.8117973219791 -64.08674384598054 469.4903413923273
-113.2171388940929 45.45194671997753 299.1975040655013
-110.2485357862967 52.24232342629533 286.0635095692339
-115.5444239297286 39.15975100466239 547.5696847026908
-119.5508813363858 24.32255684942253 547.7111398923423
-120.828510549642 16.86626924826724 561.0886791652321
-41.57165688281472 -114.6987242475588 557.763498900702
5.830155640545623 -121.8606141671993 253.6383121798478
90.25132201816255 -82.08957835178548 242.0453220315741
103.3038986985399 -64.90226894093766 253.5666983448149
74.47592806795332 -96.62989257169359 228.9123736781235
12.49029518745297 -121.3589408578136 317.2251422359981
-117.729988127218 -31.99452915054549 199.9798055870957
-111.5792565703083 49.33628992148997 212.2775214182431
-59.92024508116103 106.2711824974842 259.3030174264217
58.90112917725477 106.839398077883 518.928683707396
102.7370556730068 -65.79587670699051 355.7570749849057
-120.7657867665684 -17.30967205500274 147.5378188309224
117.4875032024966 -32.87379794370195 343.4812183924874
-115.4815041649024 -39.34491321392924 186.9858950738778
-88.27644628833546 -84.20967302336842 200.6450888929384
-93.36943260570519 -78.52483081731967 213.6784227100232
-98.0065165286959 -72.65481895862419 200.554492639694
-102.3584591946849 -66.38332494904145 213.5911844059447
-98.09696234767765 -72.5326545643982 226.7087831363853
-106.3031110715307 -59.86358305776397 226.6214020714407
-106.2341561877721 -59.98586549406492 200.4665642979278
-109.7717924622007 -53.23676905706751 213.5122734004334
-52.22494024595277 -110.2567712945861 253.221799052569
-112.8794287298572 -46.28427994061354 200.1320917885031
-102.2751107809493 -66.51166600487878 187.4266485131265
107.971363815569 56.79951228493115 290.8120421161391
115.3076359703637 -39.85158826102274 355.9397705685765
-121.8983698424008 4.97869759728985 582.6922607971641
-121.9700744205617 -2.702026247583978 569.3662897779484
-72.67555802137048 -97.99113871306125 395.8601784852353
-45.8970671130021 113.0374240259596 311.0643657814304
-110.0843434452845 -52.58742557133446 317.5760023445361
-34.77026909863862 116.9402770084296 684.4213658692594
-49.33708839199686 111.5789035122692 684.4582167407052
-56.41126522235292 108.1747158813618 670.9788955467873
-65.77236613510075 102.7521087520361 324.3845522853572
55.12206146264506 -108.8373021537578 292.1965730900135
-121.9806374988568 -2.173493816986891 199.6902136901863
-119.7343782823353 23.40253527596185 260.24128002956
-121.7066091557681 8.455843411813694 260.3759461223958
-121.6867930044913 -8.736384165206925 263.3928519932763
104.5735018138571 62.83615773093727 353.7853054101315
-93.75639773029862 -78.06239737951978 291.717307763638
-23.20428474520633 -119.7729567534482 253.4484266741291
-57.81295740121612 107.4321272084155 416.3508469403325
-64.47099787169157 103.5735991140037 403.3383759076367
-76.78268531230717 94.80727417361607 403.4784410685699
-51.35818560889542 110.6631680865962 403.2426565995554
-37.05416311196419 116.2367798765604 403.1309478339946
-82.45575162135046 89.91690066143383 416.6461256035322
-60.55518900975416 105.9106655818617 181.0884667283149
34.03004245525075 -117.1578260744618 330.0742535674689
-112.9888531931029 -46.01650849540247 278.3726000635211
-66.25310098858995 102.44279676676 272.3474601959025
-10.50062485913195 121.5472619089701 219.5517730930732
83.68884779501602 -88.77035966324932 481.4126043808279
-121.9634123598433 -2.987648831911733 121.1497213208106
-19.49617909991858 120.4321344181191 13.52181099952327
20.55755317524931 -120.2555071813628 253.7819746196532
-92.98867607515331 78.97535135591491 416.7558569883748
-97.79869118295659 72.93432664322535 403.701586803163
-106.1145062778347 60.19727200971296 403.849114924656
-109.617890865265 53.5529457849973 417.0586762844687
53.66730206577586 109.5619490926515 131.7151685232325
-64.01437214075645 103.8564401441949 533.5003452145227
-82.58146469057839 -89.80145705699186 161.4233100563742
-96.87692974857055 -74.15430184750259 570.0259399220459
-72.11118871453792 98.4071972071977 311.4505107574569
-63.26269749424806 104.3160155764745 13.52372382105187
-107.0052783754491 58.59923548812439 246.845015243641
-87.63862071192212 -84.87327117362602 684.4636297368304
-83.22724994590683 -89.20327833909218 672.4331407591759
-97.77774184932719 -72.96240949178099 677.9112930017919
-105.328308731775 -61.56254851534249 668.9426880658059
109.5204508990198 -53.75193796390398 456.3795824700653
66.46587631220454 102.3048742047549 131.5460952144789
-70.52222341199966 99.5520768493958 520.4002540417296
-109.8258845718133 53.12508896951372 494.5192485953312
-106.3352569920997 59.80646386824854 481.2292688743311
-98.06767842643653 72.57224295864799 481.0910968794396
-93.20675005005826 78.71786166497388 494.2393565107088
-87.73361608620721 84.77507067787089 480.9542529532488
-112.6934806734622 46.73520529215642 481.3656727966218
-76.57896951311204 94.97189809785766 480.8244582088638
-98.66810643115592 71.75377880843691 298.8121635115417
-50.56525149532808 111.027723300148 533.3480455001887
68.2090550981428 -101.1510000080005 241.6972146285364
116.8501839453063 -35.07184785476915 125.9213863903352
-1.163777586491572 -121.9944491431031 214.9265157112405
-121.6713210806433 8.949280780655014 495.0118473355967
-89.78703044940536 82.59714984839097 168.4098387349644
-77.33615766842121 -94.35633904028438 226.8872627856347
-105.521253512994 -61.23124249144749 623.1883828949558
-102.9732597270803 65.42558965098642 285.8568443389971
121.4509392047489 -11.56154688112242 321.099427211814
-97.60575239575995 73.19232951107378 560.4738493365517
-102.1033708407702 66.77500777201114 547.2436864313526
-115.4017108997265 39.57834156980232 417.2017995409925
-117.6810660329755 32.17400654787119 404.1538176696843
-115.5120940042966 39.25501418599347 390.9412978981142
-121.2788895269295 -13.24503511187597 378.4256852894848
-121.9846800244737 1.933349251109035 378.2534161490761
-15.56744491330273 -121.002705171708 189.8073878735589
66.75102834107958 -102.1190492288701 443.421653883122
88.83702337379245 -83.61807985169389 468.7757561365653
95.48105985127421 -75.94318408966926 202.9417970866589
-66.43745924011928 -102.3233307204055 382.8918397825013
-88.51942600723696 -83.95422097398854 252.7684032570712
86.58601447492615 85.94685623888684 303.5278067011271
-113.089558990468 45.76845690365199 684.4723884465411
102.6367075462425 -65.95230294741114 380.9396987970131
71.47230511186636 -98.87218821284519 59.99120115501925
32.9789771641604 -117.4580225663866 381.2506744745883
-72.30298123615484 -98.26636710677892 344.0337175526838
121.3762793508172 -12.32066601090969 405.9795918367347
-84.43750154228967 88.05855059729198 207.4421453302466
109.9579421092794 -52.85121537951952 558.7655440095527
-51.316359692193 110.6825696663276 480.5909626942537
-106.2948707374805 -59.87821352463946 13.52932631701283
-112.8923277510693 -46.25280894113504 15.14217580926007
110.0878173219497 -52.58015288385 584.8605305849173
-53.39725529696672 109.6938153532393 246.283898200064
-98.44634995564638 -72.05772811024785 304.6450816534957
-70.86117060347817 99.31109958461219 390.3629445905424
86.47141698592793 -86.06215221829962 177.1015445507855
-121.9779929801766 -2.317159581902051 622.8184971369525
-59.01021604777699 -106.7791852469136 111.1056310664631
121.3762793508165 12.32066601091625 448.7142857142857
84.15617726630755 -88.32744662856399 558.6363306878578
-106.4391369602962 59.62138981227555 351.404242804067
-53.64782644086524 109.571486793649 220.1202782353679
40.87420619052301 -114.9491159961424 343.2184361176346
-20.59855011869139 -120.2484916038773 623.5158887800392
-97.70486277345823 73.05997392840827 534.012283958853
-63.36608597382155 104.253245265355 586.6384175005413
-20.07898516038017 -120.3363384640285 570.8796953973778
-114.2545604666609 -42.77727682508693 352.6323349163166
-121.6419838909086 -9.339580027170566 238.9581741865762
61.48059377001129 -105.376167085764 304.8932128733734
121.3762793508158 12.32066601092347 220.7959183673469
121.3583336717106 -12.49619335740865 448.9994913467922
121.3508523081489 -12.5686373201646 477.3163437985634
121.4356824966606 -11.7207088766096 490.9758766607191
27.75622450511943 -118.8006397340579 266.5227295242703
-23.52301328482789 -119.7107674605831 124.6154384391722
-69.40926252063713 100.3312228388615 626.7481379505937
-101.4258789152941 -67.79963927824465 55.81803083848868
-48.97454187587954 111.7385083489471 639.8694584800413
72.78204822587159 97.91207002227512 144.264741488587
-120.2964164473639 -20.31679575923321 417.7154845229565
-121.6419426434062 9.340117233647003 365.095846601141
-36.47900332519995 116.4185651706808 480.4643073015715
-30.46522088548046 -118.1349665272687 58.54982368840615
-92.50889633985254 79.53680970457903 600.372035399358
-109.1874595808088 -54.42516578099921 609.7996605397116
75.84631498174053 95.55802689303815 354.0006279733541
-38.13554700143034 115.8864964303507 350.0627445617384
-59.53407847943116 -106.4879969743301 318.2951801926252
-30.69473495652372 -118.0755404220059 214.5253307148859
65.00673428969638 103.2381930149342 506.1666084159083
-18.28944827102366 120.6212919925067 180.8204415636857
-87.95803515936298 84.54220278005693 403.6449333104633
61.88151572007795 -105.1412288885086 254.2546669998414
121.3762793508158 12.32066601092337 491.4489795918367
8.690441356247232 121.6900827061664 558.5509917007372
76.53906206221222 95.00406295857471 480.5759713602737
121.1835433357441 14.09073541706871 519.8897728045004
121.3763458188748 12.32001118737008 548.4274328707963
121.3380326521415 -12.69180176759181 120.6101669414038
-64.0156534294354 103.8556503807203 455.757920396833
-30.56385313459244 118.1094868398261 389.5935323706818
-88.39131530234708 -84.08909191518876 226.7437254775648
60.65528822118717 105.8533703327613 170.0445868128197
105.0096193188443 62.10458799888617 455.0425989086594
86.68231439712831 85.84973133771243 328.7078484642709
-8.60993404030525 -121.6958053337156 150.827379507177
32.4228937328717 -117.612737243833 532.1612425634157
-92.84007433082853 79.1499879863935 547.1708239509223
-29.88804961624616 118.2823084410209 467.3610850002336
81.75437142018961 90.55508132451588 417.1666447267403
-92.15605947329024 79.94536073066023 653.933709172439
-109.98502841835 -52.79482478249864 291.4586338275283
-106.5798761472942 -59.36943658505966 304.5175862998628
-93.31803406727852 78.58590533816 390.4429574643975
91.49046711004642 80.70622298178446 265.7195053066164
111.474199903829 49.57320602705822 403.4138881670636
-119.5524054668945 24.31506420059915 494.8264423580292
-118.6962708390918 28.19920723873208 649.4172663161364
121.3009887608059 -13.04109372908726 519.3053242882406
121.3888160365585 -12.19652988528131 548.9367149494443
-4.754603011350317 -121.907316229193 544.884162508152
-112.7906229522919 46.50027283827404 403.9937317758861
-98.17345819984399 -72.42908328208692 252.602609174747
10.13870670227983 -121.5779857803424 597.3707108193061
-89.58364705602493 82.81769243429544 220.520658680178
98.53371447114309 71.93821732931146 634.5763385228079
111.1989799202795 -50.18751702056282 177.7759655463579
105.2543514502267 61.68890905821047 505.3041701072898
-87.60894906404701 84.90389887333336 456.110473500243
-106.2079748367653 60.03220869727379 456.4396242314476
-38.55561645899076 -115.7474165563413 303.7764106551666
-56.20156116760005 108.2838146831026 626.5224247482648
25.02632886404498 -119.4055395012671 571.1373878284958
-24.44787096329418 -119.525317842548 329.5935155809148
109.5696531018044 -53.65157145089275 430.9985304152716
106.2435503254176 -59.96922555986917 418.5533120842947
121.3023964160651 13.02799384862469 149.4273604340721
121.4887542991851 -11.15717611370529 577.3068683070813
60.21299656359211 106.1055844186952 144.4828036370541
-102.3126928595477 66.45384021881546 390.6124100999771
-120.8781073331372 16.50706417139505 81.51779775565348
69.93483381259465 99.96558917750032 341.1866708899374
121.3762793508172 -12.32066601090971 106.8367346938775
76.35687073318442 95.15055591974102 455.2231976400015
-120.7086550062099 -17.7036890673043 622.8969879012142
27.28688226883537 118.9093186257777 13.45416964938124
93.64328614145555 -78.19804959607038 481.3690009434795
105.3912240747739 -61.45477921220451 100.3491953508429
-15.34553483117323 121.0310479205449 441.1755452580513
-27.35441620447581 118.8938009911043 626.0607339450148
26.09539611694446 119.1764670625026 154.6021412535999
-93.68832170005962 78.14408728129172 337.8547104761021
-21.86159643333206 120.0252915071908 532.7456315082537
96.07710461213436 75.187698258086 227.9391117711025
-16.58241116033843 120.8677940566034 311.7286176482131
64.16359354960663 -103.7643159414684 99.78973839296441
-99.85542446874439 -70.09204094736353 508.9200104607276
-7.937711367537084 121.7414996549889 428.154591149786
-45.26092071368519 -113.2936408460312 163.4991177264654
100.3975756320405 69.31325131032818 215.3691701527977
-70.02974321923385 99.8991244438517 573.3563640295109
-101.7894655341731 67.25254423638843 600.5244442706362
13.65595457021855 -121.2333077366782 215.2346670496595
-106.7376585456674 59.08529637895124 298.9649381666534
-47.10917872868768 112.5376616049425 181.0211494030883
-49.27417017470989 111.6067029958046 13.46758145836219
8.17625933163629 -121.7257112665267 650.2533278820335
-29.39054841683346 118.4069071623686 519.7170821858608
11.00462895432773 121.5026672200144 638.7979198372961
70.20809782958177 99.77385929767313 392.0055134646128
-28.32795216488846 -118.6656105455316 663.472937200749
-93.43215844246622 -78.45018654395849 239.7047265886105
-84.80093646834236 87.7086151646015 155.2962881258568
121.3715067444479 12.36759275616894 107.4727367899022
-105.7457684191831 -60.84268617867308 147.9504630961339
-96.98251619539869 -74.01615737397634 623.3069989681652
105.6263216221605 61.04981720342754 555.5667893556297
-121.998254171988 0.6526706573827733 54.9673271246037
46.35647817594582 -112.8497980996114 584.0931329897394
72.46357654589559 -98.1480008669414 610.1692554606657
-110.1277277160941 52.49651024677593 312.0974482273184
-121.3382427112122 -12.68979336927776 430.8058591828867
-15.55387763789755 -121.0044498786111 85.19677070524961
-113.1228259099131 45.6861714105645 325.311490483298
-114.4942698988642 -42.13148656677131 508.6983610747319
-67.5611992527688 101.5848628267404 27.31912103810296
35.79299381625217 -116.6313062332311 177.059637805901
36.24478775661295 -116.4916965301737 125.3408316521633
97.94714758075399 72.73483540088613 26.88929632151608
-99.11566525673044 71.13427374139529 220.7107591166926
-3.758437470870185 121.9420934205148 13.44899364821764
49.85775936635891 111.3472219274745 27.12550939988496
15.16181178620065 -121.0542005192708 59.11447456305658
110.2646131111058 52.20838146752063 621.6256124829526
102.7865141702047 65.71858568729478 118.4458494885196
-101.4928028381078 -67.69941633474382 609.8383341681823
-88.91614083596416 -83.53394459044173 71.04778733422204
92.8813292076082 79.10157194789436 544.0342859941552
-106.6435309879638 -59.25501918335028 330.5186617629482
-40.14728411414073 115.2050154214584 27.84597471305265
46.1456143935217 -112.9361867261526 636.4547767649249
69.65086005890154 -100.1636545512159 138.5834014708635
-119.2624303571628 25.69966352509083 94.58063041931405
70.26524904213761 99.73361909128926 417.2804186391141
-15.08604895517285 -121.0636655934477 32.060561551941
-23.49467602188042 -119.7163322133905 150.7248819545636
5.300239491625836 121.8848122668752 27.50146533924002
-119.0015861663245 -26.88163852704733 28.49749109213511
-115.5324113068935 39.1951774790571 671.6808745189653
108.2121070252677 56.33950561685837 366.0772356732938
-110.0212663805635 52.71926539716842 338.2657974776259
-117.5888544597678 -32.50940336025187 147.6947792094145
98.56748589106164 71.89193783113211 105.3523726796934
81.18228865394998 91.06830408493803 265.7791335822735
88.80976751919989 83.6470274019685 53.44224385075696
-25.30953467068883 119.3458313254099 27.7339277388998
-81.44832911336543 -90.83044470132748 609.9501921043868
81.37707673908798 90.89428684686726 316.1730818626331
13.03448757377285 -121.3016988079275 291.8199423093663
39.41652677876323 -115.4570804095576 571.0849955117178
-19.67195310635352 -120.4035475431743 544.7349095856761
101.4608997039348 -67.74722009992789 112.8979046415157
112.5046028053633 -47.18807420956534 443.4822418459925
-80.01647840465554 -92.09431678294428 56.08115351089515
-57.64455499365769 107.5225803242425 520.1023811150352
-26.78875486721184 119.0225298532359 167.8789416006456
28.53918331448492 -118.6149864719557 189.8139567470518
121.3947652644517 -12.13717291582585 591.1110548583922
52.15077637519373 110.291869706994 557.7109488715448
-30.50433552642562 -118.1248725463492 85.08394266698448
3.510854885587369 121.949472725274 652.2316839808
-27.88394701937473 -118.7707266064357 610.2326867267248
110.177415614982 -52.39214720168968 661.699153655584
-69.43497841920711 -100.3134276750837 610.004919196113
-106.0757665942775 60.2655103806178 534.078075048148
21.64576449891413 -120.0644030479373 125.1902971026795
-120.9983816864359 -15.60101372551065 13.36955318598597
80.23233323729815 91.90632569795802 661.0746096666669
121.3385075759654 -12.6872605095578 334.7161807404688
121.3762793508183 12.32066601089857 662.3877551020407
35.51382627754766 116.7166146832925 27.31657680746955
70.63736122994425 99.47041368402149 467.9856545041912
-65.32563436415232 -103.0366997478136 71.41242404456088
-62.59632184703472 -104.7172406589404 623.6495213242169
77.71280271995106 94.04637310077389 608.8237750984327
-102.3799899987803 -66.35011415099176 239.6206952959973
-119.3544796859884 -25.26871937568257 636.3134991844458
75.62243468851706 95.73529846290225 253.1790614252188
13.5888830449078 -121.2408440155042 189.8369384561613
-54.27063610121053 -109.2643494337013 56.39999000812524
-109.6231598701668 53.54215927733809 547.48264064599
104.7601717661737 62.52444651111897 378.6205297104998
-88.64739220262639 83.81909004322186 350.7656885032571
-4.043838918485351 121.9329625933912 665.7622711692675
-121.578007509658 10.13844613249757 443.6456191189527
97.79997987456281 72.9325985861954 582.5286873888483
101.5624685913149 67.59485907699032 517.9702153403111
-119.4577917516747 -24.77571370946801 239.2097587471846
91.44168879069444 80.76148556772459 215.4157038013069
22.90718115159152 -119.8301341553458 46.03974584867654
-2.699567036133046 -121.9701288751366 368.2438966458849
78.36551587792469 -93.5031866900093 623.0571706883234
-117.7224037994118 32.02242407576653 534.3517754977862
63.00246928676228 -104.4733883042499 151.7556121218133
-120.72944746952 -17.56133576082459 649.6823816269883
-34.59934775843935 116.990961764961 639.4114452167875
88.88342121775457 -83.56875871177706 493.9251831057302
27.27650031248326 -118.9117005626574 317.2876292023382
64.21730986468877 103.7310807508653 404.6752506528823
-42.39057961856048 -114.3985959686677 610.0872720641157
75.91069779011582 95.5068895997441 328.7854773469803
53.80920113812755 -109.4923279178799 493.8993841468859
-36.50420937043246 116.4106640228447 532.8661126576782
-109.7711852272671 -53.2380211296496 239.5159806510426
14.28511203457939 -121.1607839779832 111.9717776666314
-120.8069360527993 17.02011167809621 534.4861343301595
83.62930781199583 -88.82645368856315 506.7606520520962
-122 -9.359812187456629e-13 13.27699231653335
-121.4238951342936 11.84219955988204 547.8545926851579
-121.6638292290711 -9.050561160470647 663.0924316256881
54.02446065227533 -109.3862772528198 468.5127250180258
-27.19941741126765 -118.9293558903252 557.7618910113218
-117.4953527348528 32.84573162090498 456.6623147873109
-113.0143645884271 -45.95381808592265 226.0890631467713
-101.9309577997178 -67.03789855023908 134.9325842123533
-41.77569828384225 114.6245655734292 653.0265160250414
21.94676826166901 -120.0097469494399 99.15260728228168
121.3889246428171 -12.19544890770583 64.10204081632652
-37.78218016007781 -116.0021847309413 71.72595352837958
109.3631032033457 54.07135709166498 593.2436363168653
64.68540649670159 103.4398288202203 480.7348643979823
-34.66396267640033 -116.9718328982201 570.8454588615621
-38.19091561107135 -115.8682612486613 150.7089460124618
32.26657695112116 -117.6557181434773 584.0259685361508
-43.52373587887569 113.9722967003204 546.3380132649537
-97.48566164519615 -73.35220360424309 121.8262015667038
97.4764056114775 73.36450333142533 530.66370961721
117.4230615850868 33.10324165372487 215.4251389141921
-36.16912095167724 116.5152122668235 559.2166266045617
88.78669769307371 -83.67151434483985 519.2552208344138
79.2071158979296 -92.79134006539591 342.9917869546578
-58.29757168531783 107.1699264513848 389.8120280369384
57.9600956622233 107.3528169673527 417.4125393524216
94.24591770084653 -77.47068475704381 635.9527455864945
84.63212837307339 -87.87151328527139 279.5111670574179
119.0367061601757 -26.72569150716189 305.2918759618593
-43.23637159660493 114.0816206545134 572.8304809379954
95.99098643398759 -75.29761299955005 227.7763755670681
13.46572283928099 -121.2545846902939 266.3901327810527
58.41839461016309 107.1041136986403 493.5975713034684
119.2655034358825 -25.68539838479232 558.4796912176407
-30.78051593744281 118.0532076591942 337.5430354025914
-55.44866402454016 -108.6712733793695 557.3594641758289
121.390937846645 -12.17539357523943 35.61224489795918
79.07730808498333 -92.90198784758392 368.1675458383317
63.7798337971256 104.0006384634779 328.8357639390518
-22.56986747780273 119.8941244683593 428.2393561740798
-22.8273933370552 119.8453591651982 402.3108259140565
71.48508887830712 98.86294587994297 92.85799015578212
108.1258283059933 -56.50491353097404 138.6276635114132
24.85777830543598 -119.4407420343569 597.1065854725025
-62.45580497531633 -104.8011088914867 570.6487629348486
108.525469042863 55.73349593401252 416.0803044241287
6.346479996250441 -121.8348151870277 202.5127887674834
-1.637449798007997 -121.9890108090028 266.0420483577141
23.02067736396493 119.8083820678012 506.6497717269523
32.18394106324664 -117.6783494855254 609.9344265116308
78.98027636414618 -92.98449303751187 393.3547032543244
67.19646040531511 -101.8264980690042 418.0152727900796
-80.4941802321413 -91.6770797350982 557.0425412823311
110.0106545411937 52.74140581571688 93.24190830766381
-94.23993681489779 -77.47796015076851 421.3957329895
66.64111636106438 -102.1908098125809 393.7347190047485
111.4412957531002 -49.64713084227573 153.0775575513578
70.50299703346134 -99.56569393772004 87.2004204002687
-104.9475336104604 -62.20944614028712 418.381169007867
-16.84136699756375 -120.8319840011467 265.9043940414043
-29.90153326522622 118.2789005207124 415.705174019247
-102.9137549552535 -65.51915018534687 395.2563750890037
24.74304004000683 -119.4645636562517 623.5127616576647
-86.46119946934044 -86.07241710515002 570.4529013107783
57.69139515062118 107.4974554376748 316.3802030288402
119.3241917637592 -25.4113608436389 610.2085134081891
-20.87700084213308 120.2004610466931 585.1558871369259
52.04469244100366 110.3419683924541 506.3235520461423
-46.0217776594545 -112.9867070989492 265.9882251517844
121.4177218099611 11.905327819044 121.0816326530612
119.2502801047941 -25.75598367230683 508.7836275368419
119.5654612180844 24.25078315656545 685.0087812708424
119.5654612180853 -24.25078315656071 12.99121872916355
-52.93488600574262 -109.9176866730693 278.8939057008403
110.222180076976 -52.29790645024596 306.1603788956317
-120.4263571078885 19.53183334260533 159.9695043651581
32.12112398869161 -117.6955113574987 636.2538614859774
121.3985610752098 12.09914744387226 591.5484072508646
-100.6405439163823 -68.9599950711623 556.7250024939738
20.9693905415434 -120.1843777714734 673.5295754126389
23.82295946736248 119.6514379446248 481.2720978014645
-31.06576791634143 -117.9784644067213 265.7944647589404
-49.41594825033037 -111.5440005492033 622.8896126272781
64.13949244621213 -103.7792152058508 73.43699708075944
-108.3593046334536 -56.05587479786936 353.0964647861303
38.00610060153555 115.9290141296214 506.5934302054724
-8.465130266594274 -121.7059635743853 202.512430248097
-108.4568251003836 -55.86695883207526 556.5801559264037
98.87497978405786 -71.46844319489652 267.1238869051513
89.40129339678468 -83.01450920762001 649.1551116720154
-112.0887915133108 -48.16744561512007 569.9300231504856
119.6257076694012 -23.95182800111451 227.7979516052599
-29.56918064814666 118.3624245941138 441.604170940494
-120.2955269497493 -20.32206180194661 339.5631238816162
-119.1502616920782 -26.21478854977255 583.4697041209103
118.8144472490142 -27.69705986041179 533.2930707956518
-36.69389739826213 116.3510115715623 454.7401553031535
94.71667988780905 -76.89441170221869 279.2308081233357
-23.22771127984802 -119.768415822787 202.4044192074292
118.6204689693913 28.51638724455952 93.16676675347313
121.4088167768278 11.99579963364901 319.9453893095712
23.96154636445598 -119.6237614181398 649.9182850908137
-121.3139801941635 -12.91968302436681 326.3183193103756
-16.93771666296989 120.8185157757078 259.3872123119972
-121.9826865824019 2.055279576969808 290.6962599875315
-56.35620920649089 -108.2034088366639 636.5573944261605
102.1819525542555 66.65469655020473 568.5855480568674
-120.7511499294665 -17.41148444882037 303.8258895636921
121.4760531090846 -11.29462354569026 676.6596111339859
45.09992632024518 113.3578256932818 442.5309142210356
82.57674261897367 -89.80579924726342 61.68384261083325
-117.2056175095279 -33.86507381078992 569.9230435751087
-49.48915803247356 -111.5115385833989 649.5720101444234
-43.6266027774581 113.9329606834558 467.8021735398262
63.80553061121739 103.9848751666366 79.06121202742079
-57.31765374160157 107.6971985223286 467.9000373854228
-37.65172949707604 -116.0445917131816 202.2634768577329
-77.27370199128998 -94.40749430294879 147.9098259126158
45.96287392442067 113.0106818871907 570.2798541526163
-42.39939238359586 -114.395329998658 662.943353225578
-70.65642814415003 99.45687086325694 468.0385810672296
46.27942054389117 112.8814211202254 93.70347688525081
-44.68019091525942 -113.5239205620382 189.1071608357917
61.34290379658463 -105.4563803370994 406.057108655969
45.31493870427901 113.2720456698273 417.4934762722559
119.6707284874734 23.72586654428936 227.9183673469388
97.91263896773474 -72.7812828299559 49.15060621143826
-108.7688074370896 55.25709482693895 198.6327167128724
-82.0877221976305 90.25301027890781 468.1576029871251
38.21297667158812 115.8609874543483 404.7136382165156
-108.6753573965579 55.44065921983975 224.7612648066714
-120.8488823613588 16.71967798764293 247.7601661334743
-51.49246468952276 -110.600750812091 175.977767612547
66.06238140718159 102.5658898601873 582.787131199261
35.93863809323593 116.5865099057494 79.17349298340132
34.83003117763806 116.9224911134071 220.9820970838505
-16.58059148139694 -120.86804369281 368.4180107923693
-110.9743853751385 -50.68220388469939 470.4041882686841
-116.0189736789857 37.73059430322857 156.3537731116313
86.84629333338783 -85.68384523497505 671.6601177481588
-92.63345157871066 79.39171020084319 468.2805923330719
38.09646943440433 115.8993486462866 379.1481546177889
20.30344705104994 120.2986701416321 376.6776070761565
-101.7978025556831 67.23992411383399 468.4196786747848
-116.9327019947736 -34.79573543124879 442.9017155765408
59.99214855015801 106.2306081707893 598.7642152630974
-107.0758244481329 58.47023019240322 143.0739241003123
-16.90388179601056 -120.8232543024169 394.1258873200417
-109.3567420538848 54.08422105716321 468.553993859628
121.471244639794 11.3462207654932 619.6530612244898
-1.495509602313487 121.9908334713284 286.1159813216809
14.8935631355445 121.0874963698876 94.11217617416764
-120.3264686650687 -20.13804704022326 442.796983886657
-120.9352031651709 16.08342735236636 456.5334494647437
23.71704189349669 119.6724777207446 353.6450140104476
-115.5479180512095 39.14943976650216 469.2983723937467
93.40959527105851 -78.4770508575408 34.63871702524605
-79.64313516058338 92.41737402562921 142.8398138920554
2.259875368040029 121.979067726069 94.29327617306492
-114.251807866909 -42.78462807063907 456.5799082190246
-24.30087773069593 -119.5552898934956 406.8877052209885
-121.8942367502865 -5.078882462225599 442.6919217550227
-33.10634571579981 -117.4221864612729 17.26607239630335
121.4856401816493 11.19103344891996 334.7551020408163
2.527742278289173 121.973810791393 144.6631047669891
-8.38669169391407 121.7113938891147 79.76023720873066
121.4883785703476 -11.16126661037655 249.2857142857143
-101.1136629232271 -68.26439167126597 456.4119389725666
32.49625881121631 117.5924876991487 192.6746355208892
-40.88382419490096 -114.9456955227138 408.2581651109745
-30.18431167711999 118.2070527869572 94.66513765245715
-42.21103838324142 114.4649651142589 94.8416324231906
-52.87289058398112 109.9475213058228 80.10884596346267
121.4903893261788 11.13935821192162 78.3469387755102
-16.97409654640808 120.8134100438905 285.4928918836971
121.4835733572829 -11.21344747816929 662.3877551020407
-64.66576013306131 -103.452111947574 176.2218692792048
60.3396955940275 106.033584941848 625.5031325989274
119.7404305400134 23.37154881671801 427.4781023579708
-104.4715968791585 63.00543980894501 634.9690891005114
-80.86268813785117 91.35220668993512 28.90591656675331
-71.11478585775821 99.12964860426568 95.17401691161746
121.2376639870426 -13.61722552376025 277.7628515720031
-89.84191912454132 82.53744343035697 80.47676860586716
-71.0717670818994 -99.16049578262626 162.8839688989329
119.105470618267 26.41754850097045 646.1841903014034
-80.98546094629975 91.24338395366185 95.34508869109987
-99.4581302085831 -70.65465544047703 355.1137017670854
47.23787130320797 -112.4837033296004 405.480863187827
-38.72653430187399 -115.690343334981 432.545030534999
107.2389660553874 -58.17047497976506 318.9781454668409
-121.9882404930193 -1.693865820333861 250.4233517993563
31.98610877493302 -117.732276141414 406.1189749667387
117.8776030589019 -31.44631452313549 672.9949138940799
-70.88805327425426 -99.29191257593183 136.5971679153028
-74.64568969173659 -96.49881351832762 16.7936924987242
-102.2719397194725 66.51654189761051 95.65263525620414
-117.7510031289718 31.917099838815 82.44346846710688
47.934743554465 -112.1885036907422 26.19238262705005
10.52488593999827 -121.5451635234822 418.6914141729973
-108.6847536361526 55.42223675609642 95.81909796769042
55.10478701626081 108.8460492985048 156.7278377547642
44.69076619417186 113.5197578264588 273.1713932586885
-54.98578204182713 -108.9062154941061 434.1657887657564
12.42850281427171 -121.3652846484349 442.6076095165922
-66.40884734058272 -102.3419024392999 508.4744604829872
25.98339658597112 -119.20093582626 417.9645484948346
4.957773472567007 -121.899222648033 455.3624148701687
-76.79253195131747 -94.79929871315444 123.4229729433857
-83.73285841570261 -88.72884774150909 109.1842334482556
-53.41696127361103 -109.6842205984687 458.2701035024063
-121.6439532359548 -9.313895056786938 107.2771375690154
-94.21124867990459 -77.51284165977387 109.0379767084614
113.2148014762257 -45.45776860668373 673.0424210897279
48.1594256078987 112.0922375774401 143.8852406643517
64.16877055065069 103.7611145180021 234.6058346830704
-109.4927263587063 53.80839037304005 29.15428025777726
117.9968381052553 30.99590613552347 673.3649913324492
4.799799250889145 -121.905545104196 481.0609935565801
119.6162320988897 23.99910453463918 354.2136345235095
119.7763786947377 23.18661481921787 455.5168236339878
-109.504902721351 -53.78360605228558 136.50366217944
-112.3709019791511 47.50558270763571 16.07125810708249
-115.3748803627027 -39.65648725356343 136.3901175237598
121.4111096066432 11.97257132297292 249.4340415351039
-114.5867840391467 -41.87921827787567 30.0022870239118
-117.5408048559005 -32.68270481198165 97.71563076946651
60.49503479395525 105.9450365296938 650.3386801266136
-12.90775416325791 -121.3152499995813 482.7811361512227
-119.3472575186645 -25.30280859457244 136.3018096809203
66.8494259441166 102.0546630533954 609.6405804871094
117.2043953179046 -33.86930347917333 24.75946186454345
-95.9966802093671 75.29035388932972 666.4929315196488
119.5512471155389 24.32075889275146 302.1159003488011
-10.26397238646237 -121.5674745598095 506.8283808639472
33.26264045074987 117.3780079497183 143.4891519936567
81.90034797862944 90.42307781191374 195.9035749015879
-120.8900742275809 -16.41919465899542 122.2918209053365
121.2737718114956 -13.29181216438486 378.8448874969157
-119.8087099915223 -23.0189706582921 81.25133736102578
-66.85771474596918 -102.0492331129765 458.891516815338
119.5569353067698 -24.29278123337997 128.2745764534659
112.5436875257168 -47.09478100717551 25.26994988252454
-78.91514632921196 -93.03977471941269 458.7720227505845
-42.3275618614116 -114.4219275614092 508.4824711042298
18.6894207862277 120.5599666169302 143.7098089239122
121.326729232397 12.79940521151793 206.3970360312556
-25.75792033303992 -119.2498618033445 507.5134714204074
105.9386595609407 -60.50620142126841 24.96790518861139
121.5576133298526 10.38010797391091 277.7755102040816
106.6106878629493 -59.31408967006733 672.8980275232275
-89.76051655302389 -82.62596243393672 458.5745593475243
121.5590406857196 10.36337915776306 178.0612244897959
-106.0300312836662 -60.34593992958243 71.81473459143764
-3.593054828060265 121.9470785095016 156.9423603103413
-47.80051010246255 -112.2457626547407 520.3163452890901
109.9182018840951 52.93381617234221 686.8919137030425
121.565854177377 -10.28314631446605 178.0612244897959
-81.01224208015189 -91.21960662679305 508.0523129164365
-61.82058134830243 -105.1770684215809 520.5514754587404
67.14188903767459 101.8624893493802 636.1247322541033
121.4567288473446 -11.50056597314323 149.6401516642127
-18.48090532812275 120.5921064508493 157.1634467754406
119.9064270510624 -22.50441627432823 99.71428571428052
121.5729248897118 -10.19921240883305 633.8979591836734
-85.21988997617346 -87.30160566936263 519.8552276781015
98.69827862779495 -71.71227088797396 672.7954469559346
-35.04420897806192 116.8584760173686 155.9921839896758
-95.44824077511146 -75.98442822668569 519.693809623842
103.1569013140229 65.13565622060585 671.845139681938
-54.73305799369859 109.0334460734798 143.2580793682081
119.9334764522574 22.35981274688637 555.5499829291501
-104.2184485324187 -63.42330002054135 519.5367808404519
-41.7449900829214 114.6357527256518 144.2610880078128
-117.1782430642261 -33.95967244219461 520.6508962960544
-74.42458520331206 96.66944252096907 130.853306878346
41.46952919198431 114.7356882081385 663.4147080240541
-111.1696466412275 -50.25245929966627 519.3849153052736
-60.94495465334544 105.6868605944072 131.4405745324164
-121.4741429897961 -11.31514846984267 533.6573482909715
92.89640692103426 79.08386422755036 687.2426748908526
-121.9425199191483 -3.744574177142765 546.7213012191681
-91.62734045788771 80.55079441330379 143.5718799380234
121.5012005581446 -11.02081044794479 204.6320239063105
-110.1012534644888 -52.55201219314425 340.8838266931695
-104.8487587621156 62.37577884117909 130.9647290057272
-118.9300495444893 -27.19638423293285 532.4483785326595
-113.8510763887791 43.83984951064927 144.2476526984649
-95.10065730269621 76.41900928823361 131.9054225507779
82.02070861188052 90.31391564318861 687.3455266067313
-111.0946623443629 -50.41801264024597 662.2000426451191
119.5469535141769 24.34185501310929 528.7159677823597
-115.785780870772 -38.44025166600195 340.7540671317456
97.93816071156466 -72.74693585599142 24.55450976165421
121.6124837015729 9.716162201953642 477.204081632653
-41.75221542364891 -114.6331213359264 59.43373130024197
119.8323599058927 22.89553492243828 155.2777767120179
-110.4546647097044 51.80508704622343 236.7497716926552
-119.7194121307304 23.47897695966177 236.2945060389619
121.4991644058569 11.04323542620317 37.83275101572121
-34.2578315841721 -117.0914214413272 46.20410805214312
-121.9932268447111 1.285536469675474 302.6153691984757
-116.0033665823271 37.77855134287478 236.9730048735556
-89.50623187113433 82.90135376597136 686.0270936203023
116.3089805750085 36.82690643540811 155.4165624412922
-27.71901829607922 -118.8093263372098 33.40186597604406
120.0330597890496 -21.81890367728041 470.0816326530564
121.5521593935895 10.44378029046066 404.5342674242455
119.9647679540937 -22.19131473618547 442.1947153159226
75.51522455412363 95.81988760450662 672.8185429096825
84.41686769838712 -88.07833131930353 659.5415194609135
52.40991142498171 110.1689665215462 282.9473063493901
119.4285804184656 24.91614294448678 503.5780302661756
69.47040701773469 100.288895441072 660.4618282213793
-44.89243032918314 113.440159111046 672.6296800042082
121.4066097588846 -12.01811577802034 360.878474890853
120.0768850044998 -21.57641507795357 341.9925146521969
119.9839438160597 -22.08739971894887 497.7097975237932
72.55834747502053 -98.0779598671087 659.5006287415966
104.3124044331451 63.2686516481581 180.8627841198818
-99.99087673822996 69.8986735862713 625.4921583877281
112.2482241781087 47.79472950923619 154.1728605119497
-117.354907596441 33.34404988945996 583.7777882933121
-119.5083643519294 24.53061046787244 570.7946261749198
121.4310280273242 11.76883308689578 15.82117860103733
63.21024153159956 -104.3478095865785 674.7723621123431
-121.9869518362115 1.784259428953202 557.811711670437
119.9825142458542 -22.09516406916651 314.5164263830841
-121.6245616629808 9.563785876303257 571.0630794199003
-105.5443502493635 61.19142203315489 610.7253376242768
-109.3051206477419 54.18847294566056 597.3900329298281
49.37757092128726 -111.56099448245 674.7914449971453
-101.2260821224697 68.09757923843557 650.9203398175335
-112.5777566114088 47.01328233959414 584.0791379704827
34.71867616235944 -116.9556049342365 674.8059241043685
109.2717898104449 54.25565363740397 166.7593786867722
97.86211982221612 72.84919700245307 180.9277457954776
121.4838400669397 11.21055763957461 377.7215962692817
121.5795382042026 10.12007361894351 577.3436642322056
121.5625903862088 -10.32165774451039 77.98965226914073
-112.8480727996721 46.36067800841472 80.88762272141912
-106.3008819030539 59.86754134447977 688.3221625764558
87.88816130547457 -84.61483972887309 24.30311100389326
-116.5804694172164 35.95822785485215 660.4054777159461
120.1531201285529 -21.1477592991204 569.7959183673479
34.71735903615117 116.9559959196405 675.0080438029038
56.46343434295112 108.147494571993 661.6334690057802
-99.61268295096104 -70.43659130956945 661.5185372737184
19.66922756376151 120.4039928201925 674.8656576940823
121.6842573181623 8.771631600065485 64.10204081632652
16.74265370338697 -120.8457014004572 662.398046161669
3.839255602482044 121.9395756775412 675.0498163878882
-120.9983816864361 15.60101372550885 688.566921222792
52.20323084436932 110.2670516945542 306.6094176134253
116.98304031802 34.62612132411764 82.48141416011009
120.1763458633399 -21.01537282407602 598.2764848249319
77.6298099331447 -94.11489047830757 24.30862650842874
120.0999110764636 21.44787540586537 128.7833365871044
-122 -9.359812187456629e-13 688.6332647881943
88.59344827827557 83.87610459579361 179.4649777607125
-66.75345479824759 102.1174631123312 665.2896531701463
88.02415792370836 84.47335450792782 204.9279154363569
119.7788752062103 -23.17371472887093 395.5287110750974
-11.55812676276239 121.45126473502 675.1907576716051
-120.764632218964 -17.31772516869224 672.4829386025027
121.5389521583561 -10.59637240987836 419.9699988579879
-118.0099732907614 -30.94585923696079 688.7431428221254
81.02406984504921 91.20910100283078 218.407794114434
-113.0838443962143 -45.78257459528449 688.7991619036414
-121.0833082501258 14.92757392227611 54.52330581704258
-119.6036414944719 24.06177344382235 69.69282423677971
-72.7245213251834 97.9548058954891 678.1318418483983
-19.47118719407156 -120.436177576563 688.856756506722
-3.909339162557239 -121.9373489432672 688.8805326934867
68.70454800636111 -100.815103448053 24.29948872195828
-121.031586913415 15.34128316733917 26.66321204275402
-101.3875825711579 67.85689427299656 674.2231688117815
-35.75102107016863 -116.644178990811 672.583404905492
-26.82955985280508 119.0133384041669 675.1908552426521
120.3497292991156 -19.99856638935878 242.8438749662228
121.5408928098297 10.5740897948475 687.8418458723309
121.5408928098298 -10.5740897948462 10.15815412767026
-118.9454467738824 27.12896407461066 673.1876027255524
-81.01901514389758 -91.2135910109502 660.8254624861859
119.8084932446119 -23.02009874991391 52.46531185327726
-63.24389333388331 -104.3274170866527 689.0215624510017
119.9984384252751 -22.00851597667297 543.4209701461042
121.5434772129155 -10.54434194217352 687.8748715631896
-119.56274408268 24.26417580342607 42.00358222445778
-49.38356786093128 -111.5583400079295 689.0701790195137
43.4090410303732 -114.0160302625178 36.90103632620418
70.46346553794092 99.59367462034632 243.2158824693643
72.57168861062299 98.06808865376533 217.3965787159654
120.21446402456 20.7962169465448 669.5102040816221
119.8483664187988 22.81159939033938 602.9121529474111
114.7090585690469 41.54313279235178 670.8203789780409
63.52747690391041 104.1549791331318 256.857069569353
29.48023133816512 -118.3846103184374 35.30439577898029
121.5777971836176 -10.14096800010482 224.5792712636556
120.1823877110327 20.98079321844161 655.88415900295
120.4030972316449 19.67470907096361 242.741093270815
-48.70119970340493 111.8579149968793 661.8395942047099
8.21104370302429 -121.7233698239867 673.4876577135429
-97.77200707749483 -72.97009409366484 689.4782269312592
119.8645012727198 22.72666571765759 103.5150934792417
119.7787199168634 -23.17451736450171 522.8742515184254
23.50252011684227 -119.7147925202121 24.27754133099422
54.22554969015175 109.2867318607382 255.4162965455537
120.4533723304682 19.364531861566 341.2666709081505
120.0160255242198 21.91240784053223 214.1050794737795
-73.53487763794887 -97.34794179011638 673.5959643811552
30.56388153846962 118.1094794895922 295.8930475449491
62.68514935911956 104.6640915014547 290.3564109159987
120.1295575692338 21.28119823271577 313.7276100637854
119.9942713119517 -22.03122448511928 27.12846224974785
6.992971840009215 -121.7994184914068 24.16586921125647
-74.19680294661593 96.8443825552161 688.4210950829436
121.5997565398367 9.874168798052667 424.4631324552381
120.3633764031594 -19.916265233004 142.2719405349108
-7.319893850373639 -121.7802083838719 24.11263708324006
-91.071626041038 -81.17856201141609 674.5454988453473
120.1472891234756 -21.18086202872677 671.5683576182018
-121.4180396194012 11.90208616090162 284.9348342116429
-91.86886479315636 80.27522458154044 675.5072491046349
120.1437050315358 -21.20118254473852 268.3655584245408
2 4 0 373
3355
3356
3357
3358
3359
3360
3361
3362
3363
3364
3365
3366
3367
3368
3369
3370
3371
3372
3373
3374
3375
3376
3377
3378
3379
3380
3381
3382
3383
3384
3385
3386
3387
3388
3389
3390
3391
3392
3393
3394
3395
3396
3397
3398
3399
3400
3401
3402
3403
3404
3405
3406
3407
3408
3409
3410
3411
3412
3413
3414
3415
3416
3417
3418
3419
3420
3421
3422
3423
3424
3425
3426
3427
3428
3429
3430
3431
3432
3433
3434
3435
3436
3437
3438
3439
3440
3441
3442
3443
3444
3445
3446
3447
3448
3449
3450
3451
3452
3453
3454
3455
3456
3457
3458
3459
3460
3461
3462
3463
3464
3465
3466
3467
3468
3469
3470
3471
3472
3473
3474
3475
3476
3477
3478
3479
3480
3481
3482
3483
3484
3485
3486
3487
3488
3489
3490
3491
3492
3493
3494
3495
3496
3497
3498
3499
3500
3501
3502
3503
3504
3505
3506
3507
3508
3509
3510
3511
3512
3513
3514
3515
3516
3517
3518
3519
3520
3521
3522
3523
3524
3525
3526
3527
3528
3529
3530
3531
3532
3533
3534
3535
3536
3537
3538
3539
3540
3541
3542
3543
3544
3545
3546
3547
3548
3549
3550
3551
3552
3553
3554
3555
3556
3557
3558
3559
3560
3561
3562
3563
3564
3565
3566
3567
3568
3569
3570
3571
3572
3573
3574
3575
3576
3577
3578
3579
3580
3581
3582
3583
3584
3585
3586
3587
3588
3589
3590
3591
3592
3593
3594
3595
3596
3597
3598
3599
3600
3601
3602
3603
3604
3605
3606
3607
3608
3609
3610
3611
3612
3613
3614
3615
3616
3617
3618
3619
3620
3621
3622
3623
3624
3625
3626
3627
3628
3629
3630
3631
3632
3633
3634
3635
3636
3637
3638
3639
3640
3641
3642
3643
3644
3645
3646
3647
3648
3649
3650
3651
3652
3653
3654
3655
3656
3657
3658
3659
3660
3661
3662
3663
3664
3665
3666
3667
3668
3669
3670
3671
3672
3673
3674
3675
3676
3677
3678
3679
3680
3681
3682
3683
3684
3685
3686
3687
3688
3689
3690
3691
3692
3693
3694
3695
3696
3697
3698
3699
3700
3701
3702
3703
3704
3705
3706
3707
3708
3709
3710
3711
3712
3713
3714
3715
3716
3717
3718
3719
3720
3721
3722
3723
3724
3725
3726
3727
84.37503910894327 -1.336048645146472 -19.69362997929771
86.07571363493292 -1.104697651339992 -23.77685941143969
82.60660870170331 -0.8947778221579133 -15.4252054412767
87.82821385495338 -0.8243749471005569 -27.98542238064856
81.18150206817081 -1.548635185458038 -12.02044207655716
80.01651530093653 -1.272421019927417 -9.206425601752638
89.24114491860531 -1.072919698298802 -31.39097707319216
84.36841928685884 1.175180553858567 -19.67194612614093
86.07651200166515 1.09447997611229 -23.7784660246067
82.60671730696323 0.8945622721090792 -15.425461101202
87.83725353262784 0.8190276300431425 -28.00704947919325
81.17732653249303 1.304675938336492 -12.00008449848452
79.86938730615131 0.7233867524605513 -8.835995436524705
89.21040060688425 1.078191748752008 -31.3171681346198
78.79872533426776 0.7828137683210171 -6.261582154859994
78.79872533426774 -0.7828137683210948 -6.261582154859994
77.71784869111983 1.874872412520225 -3.706166004924654
77.75786463109115 -0.7828135464248926 -3.757518967267664
90.28838401665183 1.047664024490637 -33.90961767148114
90.24812551593797 -0.7828157249023725 -33.80630529675347
91.28897484689567 0.7828158672245034 -36.31037321118502
91.20015398138537 -2.581816462312752 -36.17651054989538
60.47559270014555 -51.48362267923193 -7.751853400020366
-49.51883307734922 62.09465264633541 -7.751853400020408
27.42801161431171 -74.5386605233689 -7.758623885436357
75.37594516737283 -25.02653804937128 -7.751853400020401
45.44251885751675 -65.14050363343131 -7.758623885436215
-2.545601732225171 -79.3812359971317 -7.751853400020408
-69.20191050123087 38.97378990541026 -7.751853400020437
-73.62125272527707 -29.80300120614914 -7.758623885436229
-41.17558593138026 -67.91817766209842 -7.758623885436236
-22.59776186599943 -76.1393582535275 -7.751853400020416
-76.82453300216071 20.14576495473302 -7.751853400020458
-79.42204175549398 -3.977012631433684e-13 -7.751853400020458
27.42959777313742 74.53507820224866 -7.751853400020437
-63.64990613941827 -47.50315952707428 -7.751853400020408
-12.67574952751367 78.40399282260545 -7.751853400020458
60.47559270014547 51.48362267923209 -7.751853400020458
75.37594516737283 25.02653804937136 -7.751853400020458
45.4386732692366 65.13975505129714 -7.751853400020458
7.626344773128595 79.0550414711978 -7.751853400020458
-32.14871957939542 72.62451752691254 -7.751853400020458
87.94107093253561 15.16081214256734 -31.3687236516015
87.94219772493284 -15.1552317765538 -31.36911469942209
-86.285325376337 -22.6266768718984 -31.28299606145629
19.76869485712093 -87.17231529654556 -31.72338406069804
74.759732102198 -48.66319284195429 -31.28299606145628
-55.25125386659538 -70.70351027386181 -32.55446410593224
-71.61415238521327 53.49197009632476 -31.72558893329512
59.97106289259613 -66.0348051946693 -31.28299606145628
41.37348075598096 -79.3052167019226 -31.87497994398822
-46.24202312913973 76.28105386326116 -31.28299606145628
-14.23674351967333 -88.05929261310634 -31.28299606145628
-78.59756838865971 -42.49262451196607 -31.63436939109423
-36.36204001345445 -81.74391916370816 -31.91779490383159
-82.69642338366437 34.00617720585057 -31.79476183923285
74.75973210219796 48.66319284195433 -31.28299606145625
20.37193816954564 87.06378503041417 -31.79476183923258
-25.38063245148462 85.51577268509178 -31.28299606145625
59.97106289259606 66.03480519466935 -31.28299606145624
41.49829670781292 79.25817111790282 -31.91376175137391
-2.859087652865802 89.15688139094409 -31.28299606145623
-88.61092561092636 11.2688539007328 -31.57623061047199
89.62140074198284 9.072421182587226 -33.39228355743443
86.21466086760691 12.77716129380399 -26.35960980966934
84.72126381740107 16.68094201331099 -24.41446594201121
83.77594318348993 12.09183147380147 -20.31547393976301
85.38395814876498 7.100830591190447 -22.80467174564338
85.27334628320457 23.57119407242265 -29.52294859269214
81.6976023148662 23.07797066423767 -20.91815416735466
81.01150570214146 32.7324367340547 -26.88416366095544
76.91293423648648 32.99635989825471 -18.02499068400785
88.01781354552233 6.179645847364182 -28.95354392132769
89.71163404684991 -8.070772623633786 -33.3790672378201
86.64229179039808 -11.10190344082725 -26.82719242667195
84.91894105788251 -15.84111625968607 -24.50111678580741
83.76290095124696 -12.46282949381437 -20.41386161805369
85.39183384991364 -6.716221270867548 -22.74893625641317
85.19004739784214 -23.69394835971276 -29.40873844575013
81.83302962392641 -22.70544734290567 -20.990281730453
81.01150570214257 -32.73243673408133 -26.88416366098186
76.92212357643687 -32.98477329713422 -18.03432091125858
88.05086953672749 -5.963122420479363 -28.99704289236617
72.75215829054105 -32.10071735929664 -7.986049796199993
71.33795347245926 -41.57436283561489 -15.32148382355116
72.75542490863199 32.09473892089328 -7.987434411434002
71.33795347256998 41.5743628356858 -15.32148382386718
-76.82453300216051 -20.14576495473371 -7.751853400020416
-78.5631425780077 -26.08476049807196 -15.83148626640417
-81.32761231862148 -16.12720793066331 -16.14636164638915
-75.05805391462343 -35.11888503997466 -16.04158331970263
-80.20423248252379 -31.98934203545984 -24.4157273196898
53.39550937859016 -58.79438999438905 -7.751853400020387
59.46519220847487 -57.58882719402503 -15.8314862664041
51.61268803613388 -64.72026371746998 -15.83148626640414
43.22259063313348 -70.7536219570942 -16.14636164638911
49.58015662973053 -70.65824852939987 -24.34247923652348
-57.22734586314354 -55.20900241303389 -7.981064733944791
-63.3586431214493 -53.37542058803713 -15.98649516594174
-56.35715890089303 -60.70309476377938 -15.9537037786867
-63.97833596193981 -58.06521501417922 -24.53772591502351
-69.67326768395812 -50.98420213029974 -24.38390845981927
-49.51883307734865 -62.09465264633587 -7.751853400020444
-47.36000269953163 -67.89412527070733 -15.83148626640421
-38.60058506184554 -73.37753194248275 -16.14636164638928
-44.4726515905387 -73.91718450623686 -24.21404400266541
-41.0905150068855 68.07769560181585 -7.981064733980247
-37.93856291410432 73.64725809665552 -15.98649516596808
-28.46913624355785 77.76846870924115 -15.916396553563
-35.17209760978745 78.81416124174149 -24.31416521667316
-46.91197356728283 68.55023420185542 -16.51744891654785
-55.30193210145798 62.05383140043895 -16.64939021505748
-56.91871448011407 55.51646060567504 -7.96312800088274
-62.29686333150232 55.17367847371441 -16.88156891319698
-61.87455519388922 60.77775086467739 -25.33813930063078
7.483469669046633 -79.16439062920674 -7.981064733928775
2.227116359885356 -82.81481228536335 -15.98649516593309
-8.092668537440195 -82.41926449428817 -15.91639655358956
12.32147673313061 -81.90956161764758 -15.95370377867797
7.868786741860401 -86.02097189340262 -24.49217494506994
17.67306690815018 -77.43076534990128 -7.751853400020416
23.55328591210694 -79.35883583267011 -15.83148626640417
78.02617488070877 -15.47742152170376 -8.051117150520724
78.616488142023 -8.915658760763279 -7.026191775255711
80.94925603145037 -10.32615541674296 -13.00431761103735
80.52783694448175 -5.98259389424948 -10.94619046132959
82.4687177328219 -6.183751902380397 -15.63879082944016
81.67722013183801 -4.496298142341462 -13.47507330391625
81.90955788255269 -0.995216461992757 -13.75107006043885
79.19752444159305 -4.489872487064379 -7.517642429013769
77.51560921295939 -4.641254216576745 -3.499193879768633
-73.64848508710352 29.98172287174983 -7.981064733967195
-74.45368172287478 36.33046186124175 -15.98649516595983
-79.02270369836954 25.58219541781192 -16.50540760754522
-81.35761357333804 16.60124066073655 -16.44205094690038
-78.83637063182152 10.29163116614494 -7.952136892355881
-82.89114500757626 4.190510296841726 -16.35278653029675
-83.55172607177249 22.33383075229523 -24.74499656849002
-69.32969366358583 45.29701999412641 -15.9163965535697
-75.07393283971791 42.5703769234626 -24.30836579502139
77.95743235203186 15.18220859064339 -7.751853400020458
78.51391358264596 8.660865089803028 -6.712794167877014
80.86881670450042 10.25407122304324 -12.79045619413267
80.45071262483269 5.872497365830497 -10.74168552395996
82.3963984362986 6.174942155909073 -15.46370152154191
81.66594110460348 3.988458227784131 -13.38459392764573
81.91391435817029 1.002893424781485 -13.76177570390187
80.14747278808211 18.05915124725749 -14.33151450029211
17.84312016510011 77.48952267732383 -7.981064733997023
23.98197034466392 79.29765620452621 -15.98649516597862
33.65138114978381 75.67041027076468 -15.91639655355423
29.87320053429193 80.9041105320988 -24.16266928370857
12.64226208019544 82.09268927071899 -16.50540760765735
3.403775777290425 82.9643103285275 -16.44205094698717
-2.422565668705668 79.46837221210657 -7.952136892404461
-9.092622614176253 82.49743336136814 -16.35278653032915
8.490842586793963 86.01229306348654 -24.61306814376629
53.39550937858998 58.79438999438923 -7.751853400020451
51.61268803613372 64.72026371747017 -15.83148626640425
59.46519220847472 57.58882719402527 -15.83148626640425
33.30179344659835 -75.92929549474583 -16.14636164641077
29.78755892576127 -80.98915351374434 -24.28340427471528
80.26798316383235 -18.18721097101095 -14.68222238134375
79.14469342144254 4.441543297518607 -7.384190797733311
77.43177478620346 3.27191662816133 -3.129745363942511
-69.20191050123049 -38.97378990541092 -7.751853400020408
-32.14871957939483 -72.62451752691277 -7.751853400020408
-28.58943122933037 -77.68672038358636 -15.83148626640418
36.73744997302774 -70.41881364468109 -7.760771707145885
-78.76998789055173 -10.15626527488131 -7.75185340002043
-18.72560030744673 -80.76892505298615 -16.14636164642255
-24.34806668757675 -82.76255631607032 -24.22662426261179
43.22259063313324 70.75362195709437 -16.14636164638923
49.58213046704159 70.6567482357176 -24.34225230290212
-12.67985847572367 -78.42165579404333 -7.795381492031581
36.74520076937224 70.43099551235997 -7.795381492027865
-63.64990613941868 47.50315952707377 -7.751853400020451
-22.59776186599998 76.13935825352735 -7.751853400020451
74.94096321001167 -42.54032594205592 -23.99444220146677
74.8016993132839 42.91048887699598 -24.14482960740064
68.17147825617437 -57.81443223272588 -31.72399197177507
68.28927189547252 -51.39559460897355 -22.2998679378593
-14.10000562233086 88.2669182846858 -31.7239919717839
-18.53686489896396 83.43273963238283 -22.2957243543668
67.95351509255129 58.07046416717854 -31.7239919717839
68.89394853136557 50.76136026302623 -22.55530470972777
-69.26780148247886 -45.08834216623697 -15.51742334371787
-82.67266415818716 -6.150882156470765 -16.12220869676262
-86.3148447078279 -0.7108932352188752 -24.34216942760913
-2.860794174672627 -89.2100970250311 -31.41109243024561
-55.65017787775759 69.78311584258203 -31.41109243024536
-88.6640738266872 -11.12499254523196 -31.65971351463006
66.41165687865765 43.22919805573787 -7.318347542897293
66.41165687860115 -43.22919805570098 -7.318347542734934
80.82816735343475 39.59162326996731 -33.21038907801742
91.90454545168078 6.493576756123918 -38.33452066583569
92.55759237812067 1.037177358804229 -39.36842340546002
80.24333253652671 -3.367724531229235 -9.897730937860903
80.56808085927187 -0.9242810765258104 -10.5218435012049
80.58132658716065 -39.66098413247613 -32.75085975967089
90.38856605804057 5.078616874117865 -34.47900910140157
89.26310814526785 4.39842784571535 -31.68885908501718
88.1796871290925 3.366625806768903 -28.97628150519206
88.51337490955004 0.7828154765575959 -29.63285949762888
87.00660135662602 4.283030853586579 -26.25288451383386
87.11775361783408 1.379779902854145 -26.29311710285707
88.94885930276827 2.476025443348473 -30.75515095494526
81.07392985895177 -2.935078754690165 -11.85388112248286
80.15670331990111 3.36087497303147 -9.688803693924029
80.52427000814308 0.9651203157026569 -10.41759931575154
80.961561809022 3.04700560607466 -11.59365563978867
65.97364837098766 48.82888715174333 -14.14154806813739
66.14600551942002 -48.70894812325898 -14.30377086505684
82.96703602419781 0.9122163138815729 -16.29275738663341
83.65742216641853 1.001815148684035 -17.95611149185205
82.7756243748382 1.924796669073017 -15.87401218405362
83.29706169486927 1.556916203738758 -17.10969865001045
83.84425034812793 2.082121498123791 -18.45335640462676
84.42614912428809 2.237503226593102 -19.86246818932862
85.41987500584069 0.949900903614539 -22.19464115172659
83.98876037431614 3.904576192215844 -18.95708224410807
83.15230975933018 3.613440703064195 -16.91524156333045
84.82391350203115 1.617307168374943 -20.78521257268197
85.01734102962115 2.95681830755331 -21.33715248366628
85.72279752098667 1.824725120233788 -22.95744953129484
86.35960884360823 2.038706351779989 -24.50071083468264
82.25972235619669 1.559950827429894 -14.61456186490409
86.00765474363156 4.01590871873313 -23.82150734285936
81.68953804788531 2.175636170712965 -13.27687320222405
87.06926745868823 2.741711932762951 -26.25400701700197
86.67804188299579 1.104373324866747 -25.22586187085488
82.96657920612495 -0.9120881572018602 -16.29165501287931
83.65716300592456 -1.002716991876072 -17.95551401976052
82.77502444752737 -1.924508923812872 -15.87255312728079
83.29669552598297 -1.558652308715285 -17.10889594512264
83.8426947123058 -2.087715298905803 -18.44994943903616
84.43107200856026 -2.304529438883915 -19.87864381946795
85.42003466997356 -0.9517112167535974 -22.19507373783468
83.98755672396165 -3.90085853224669 -18.95377435547699
83.1439458521093 -3.703583290783292 -16.90467158847437
84.82376390830025 -1.65250841435934 -20.7864847607075
84.99781143705815 -3.023583404266127 -21.29584237013732
85.72237595498885 -1.829440893122648 -22.95667728740965
86.38042965460045 -1.911676802112224 -24.54380281188495
87.12757123044098 -0.9232071661340053 -26.30221803240547
82.25948094116933 -1.559770447983061 -14.61397292536952
85.91240715443961 -4.145050216516471 -23.60734280903469
86.87990346191788 -3.949133988145271 -25.91041770743725
83.30844402380137 -0.7838056720581453 -17.11095082913272
83.95547437631762 -1.051645641336284 -18.67460485082793
83.98474863107243 0.8722652314191596 -18.74008691630994
83.30912192691301 0.7811873314389782 -17.11252254622043
85.73714002032705 -0.7818575252397693 -22.95381359993385
85.73778145825297 0.7812332378304583 -22.9553430693446
87.47253528018004 0.7812648393381071 -27.12878754134461
86.42320881847533 -0.9448502211109576 -24.60826356137672
86.76555126828637 -0.9730024090548329 -25.43259870591638
86.93200268567023 -2.37217417419173 -25.89778917387569
87.65925482363429 -3.073210867853118 -27.69918701625353
88.51395726750778 -0.9159581773754494 -29.63733425530031
88.84741888273672 -1.807134432215169 -30.47241343451283
89.5291179080574 -2.437731403317681 -32.14812050888032
86.72375318492681 -6.753885778677169 -25.95067879106159
89.0068237499996 -4.158599338796754 -31.04531426443247
89.98084562162327 -4.604320897701358 -33.43832474362091
82.26759754197869 -0.7818165203637654 -14.60686333872664
82.26826626292406 0.7811660242527867 -14.60845726410003
81.65194371475505 -2.254494578195988 -13.19160270242554
87.62164484534544 2.215192657780423 -27.54649137710861
80.83382448402782 -0.9982745931825756 -11.16326633393436
-68.39200469370819 -57.7311738739629 -31.99964310556197
80.85286306823367 0.8392563780832641 -11.20472030942923
84.79115962261596 -4.728880462229408 -20.98632948235021
83.77167420093913 -6.574400271239734 -18.83627276159823
88.85971794019535 -0.7818916715773742 -30.46606805694302
-74.43563349521811 -42.2763177287273 -22.62359332457632
84.76060973832304 5.010543355091757 -20.95181257021012
83.90531851248942 6.59368007071291 -19.1604498539131
31.11820744467722 84.55822227456301 -33.44744941365153
-36.47193565237451 82.39073794167297 -33.44744941365162
-78.50787402556142 44.2148109211268 -33.44744941365213
-84.93972930903679 10.6013481217586 -22.61228951254112
-3.09091413646618 85.54292750948464 -22.61228951255224
51.55320461652884 73.90539554119563 -33.46486630511179
-83.52410021366073 -33.81516050283739 -33.46486630511215
-46.71214807849429 -77.0565741402194 -33.46486630511228
51.55320461652916 -73.90539554119589 -33.46486630511275
31.12070764409982 -84.56501612407574 -33.46486630511783
-25.63866762681759 -86.38517881359341 -33.46486630512064
88.15478777746145 -1.761409347290702 -28.80414562467254
57.56633541269083 -63.38693298726455 -22.67748699351235
57.56633541269073 63.38693298726489 -22.6774869935128
-34.59113674097813 -78.33648206339441 -22.69666155484983
19.12579525870707 -83.46713359157104 -22.68833502774261
-53.9833523776966 -66.77465130471835 -23.25646972980834
-5.262145500538836 -85.54889347757278 -22.88133415417308
-84.84161802767129 -12.96904482642731 -23.16174258612205
39.61292527582881 -75.93056145612007 -22.71749082263012
39.66410564753287 75.91456308603469 -22.74035872826087
-13.72214471871114 -84.54563802870703 -22.74035872826387
-90.15368048302444 -1.311491071863424e-13 -33.57091363269659
8.657301294245592 -89.74198429327602 -33.58274216191101
-82.77369685583359 -22.10642919330427 -22.79536290308958
-19.01625127474844 80.09813754309346 -14.73491633799756
82.41481124458261 11.98513087589491 -17.03777923174118
-79.08515297682283 33.10206899947726 -22.93613384014492
-43.58122283346871 73.83011180916741 -22.93613384015882
20.0557773959105 83.3545090949587 -22.93613384017642
-68.98181384564727 50.8731227833995 -22.88501004487712
81.57436192864175 0.7811518933205865 -12.93908064140464
81.60464194098537 -1.298907778940285 -13.02780168903347
78.30616071421136 -3.047010501443347 -5.209746179505586
79.28587923654732 -2.394756884415775 -7.511253011079084
-87.29411910957647 22.89121374109171 -33.79209554424517
8.665656958534385 89.8285994944695 -33.79209554429224
-62.94687798869234 -63.97270206439519 -32.59640273400288
-51.03174166176362 68.99497003222717 -23.13718917041179
78.28326079262408 2.747499165943246 -5.128042710477864
79.28664919586087 2.371141886900493 -7.511397804715394
-64.89861099046369 62.85079984874598 -34.02899192563883
79.40903804016571 -1.125220143199554 -7.739747065621579
89.51922394161944 2.560419103615636 -32.13256261153496
88.16581252356306 -0.781884294075165 -28.79667823698648
82.50556896612775 -11.91619512589159 -17.23008628483484
90.2523432041661 -2.737158770973561 -33.90812027551831
91.34725470176298 -3.351030917898937 -36.59034181035945
90.75644784611622 -1.696273259615608 -35.05923571870299
80.68030097929804 -1.948941126253268 -10.83570242244003
78.24887713006851 -25.34368063690163 -14.5574371778684
89.78893367606327 -1.260597185317981 -32.71466460800558
85.04420462126231 -0.8741856285796868 -21.2889250731011
78.28412381988922 25.18887800532863 -14.523718585943
85.04487247626746 0.7988241109794614 -21.28874847330149
86.49989459887885 7.946302083646763 -25.65662004326674
90.34980305555047 2.898857627294186 -34.15461745398584
91.3452659569837 3.093664959312068 -36.56373096130647
91.98977185058969 0.9303767427394068 -37.99965254025679
92.283480449019 3.073704222612931 -38.81808052972635
90.75730782440168 1.636175239692908 -35.05865028898424
-26.12181231557724 81.64699657485092 -22.91330010779765
84.75124705624809 31.16178366053303 -33.91948603677891
84.73660054324652 -31.12834561662391 -33.85865987101811
89.78257542318008 1.129543321764884 -32.6951724092177
88.26245729182517 -3.947966824105983 -29.23317674596463
85.23107111625009 10.55252929845149 -23.29338083642635
86.40860985366625 1.077789557970939 -24.57688535265773
85.18624887559669 1.652449793711736 -21.65841346662966
63.38646611963818 -58.56079677898131 -24.29273493692752
85.18708669703679 -1.650898485198266 -21.66035643681655
80.16748598423932 1.917365172303875 -9.600460634328726
82.43744588969278 -3.648623110348213 -15.20072348897288
82.43718956771099 3.655336603448667 -15.20082224094028
78.2643628468566 -1.661841215443885 -5.009057570497106
77.60755620917988 -2.692840273202417 -3.498779606901067
77.10955786830891 -0.9399868064208698 -2.202072852919535
63.62985011242854 58.23571571701208 -24.19437401223095
79.39231884692775 1.097115313661874 -7.698580424635722
78.27612696044584 1.272035220050572 -5.019781999152563
-10.58589172561654 85.70043606060284 -24.4239317307039
82.70574430024062 16.60031564520317 -19.62060652933786
87.45885844263503 -1.745644630698763 -27.12939800686494
84.73619180694276 -0.8474953498883011 -20.54726945058
84.71853066963575 0.7247407713427599 -20.50204062893546
88.03101954185405 -9.941843854687818 -29.81041078219922
87.85772932812156 10.68615118087638 -29.60491793333419
85.49552988173627 -10.58444889707126 -23.93425223403931
80.68566807323137 1.83184761883096 -10.84201277295454
81.37465949694879 6.570451219422871 -13.08676872710426
-73.79654318426232 -51.49424608565953 -33.16892409615151
82.76183832640073 -16.56525052371288 -19.73635082419366
81.46719998325904 -6.557630877101544 -13.30621166525571
87.47237249545122 -0.7830398179782626 -27.12843409910639
80.1863730862605 0.7830587588800415 -9.599943269751112
2 5 0 148
3728
3729
3730
3731
3732
3733
3734
3735
3736
3737
3738
3739
3740
3741
3742
3743
3744
3745
3746
3747
3748
3749
3750
3751
3752
3753
3754
3755
3756
3757
3758
3759
3760
3761
3762
3763
3764
3765
3766
3767
3768
3769
3770
3771
3772
3773
3774
3775
3776
3777
3778
3779
3780
3781
3782
3783
3784
3785
3786
3787
3788
3789
3790
3791
3792
3793
3794
3795
3796
3797
3798
3799
3800
3801
3802
3803
3804
3805
3806
3807
3808
3809
3810
3811
3812
3813
3814
3815
3816
3817
3818
3819
3820
3821
3822
3823
3824
3825
3826
3827
3828
3829
3830
3831
3832
3833
3834
3835
3836
3837
3838
3839
3840
3841
3842
3843
3844
3845
3846
3847
3848
3849
3850
3851
3852
3853
3854
3855
3856
3857
3858
3859
3860
3861
3862
3863
3864
3865
3866
3867
3868
3869
3870
3871
3872
3873
3874
3875
64.2937283171665 -55.21716769960119 698
84.6832230382204 -5.661613555061177 698
80.5377026476565 -26.97415462440609 698
48.37990846830971 -69.6589130273168 698
-13.54137494600071 -83.77034948315438 698
-78.79949501174686 -31.54058084331246 698
7.971467876195823 -84.43598407934908 698
-34.23139086721363 -77.39962916307232 698
28.92476719966331 -79.66623171624198 698
-52.60626962093475 66.46172409117314 698
-68.14356111374609 -50.39648511709751 698
-53.01434199884669 -66.20014539242825 698
29.29742577402797 79.35785427994274 698
8.209765944154327 84.19387113111921 698
-83.88747773412636 -10.90409429103368 698
48.46873295881474 69.33101844245772 698
80.77950604767905 26.76073274609947 698
-13.2950702646614 83.66278471381685 698
64.34185765831589 54.77502202559856 698
-73.75042098121014 41.43529411016149 698
-34.20401928643845 77.26747536629328 698
-81.91083812340803 21.79896718935459 698
89.6095271845647 -59.01616729882284 698
105.7574132322327 -20.67431499008337 698
72.19857303985202 -79.67476832831782 698
107.3698523059363 6.709669151101898 698
23.81086818083865 -104.8538726813548 698
-106.3379306082282 13.43407676236115 698
-54.06313458601831 93.30597014581332 698
-55.74135835604709 -91.88280004683662 698
-3.258875692895167 -107.718365370514 698
50.05156765477553 -95.9394845829935 698
-104.6716029808163 -27.44812664240282 698
-30.23935581102924 -103.3646586789445 698
-77.73304795470882 -75.28025891574735 698
-77.18560333168793 74.36808820200162 698
24.04590553430897 105.1880302961962 698
49.94153603277008 95.64863902850311 698
72.14748373786098 79.50858120116558 698
97.03185564340907 46.94082975639026 698
-94.18428620300791 -52.95758165932251 698
-3.303303340096993 107.6574957823966 698
-32.60453228602992 102.3194948607316 698
-100.3022620386583 40.60788540024369 698
-81.98859927483291 -21.34291404469171 698
-93.10188185781831 -18.37947625330145 698
-94.36771962539002 -6.832136034969495 698
-61.24068257558795 -58.76904420718832 698
-72.50714426745438 -61.15809296433106 698
-63.13709282913207 -69.8824448514634 698
-79.79458675773004 -51.47833456856903 698
-43.76061913299741 72.5010382087209 698
-43.34673835029493 84.05374290369001 698
71.11430169443842 -47.18237903704902 698
76.02078350260619 -57.54969118830517 698
68.23977488825157 -66.43517174603143 698
76.84988663374155 -38.38452452545344 698
87.77569392129591 -36.40626038759991 698
-78.45471791897057 31.9246109865454 698
-85.60316063120082 40.95413138648527 698
-79.71377148824706 50.9668675216991 698
82.94132875509887 -16.15282232819994 698
94.29440670807178 -12.4156044675186 698
85.10496849419719 4.841769011229013 698
84.15808324883383 15.46601008403877 698
92.03669008326963 24.2764975276492 698
39.30233426894727 74.96707168638645 698
38.81730047523194 86.95128368319286 698
71.02021156407976 46.10297914755348 698
75.78817585869392 56.5631254686232 698
19.00120466827093 82.48448058498246 698
15.49052461807345 93.9528243119624 698
-43.80395020127582 -72.25919755707183 698
-43.87033981999285 -84.62939723408829 698
38.91532981825249 -75.43088800012235 698
38.00001490600466 -86.9114329187974 698
49.12760677107067 -81.60317921438951 698
26.86002022052617 -91.28715417423105 698
76.58494054376881 37.06679856500337 698
-60.907919960722 59.03077646722625 698
-64.06575996228314 70.41302626042116 698
56.80913754851459 62.55317398679096 698
59.29598320778315 74.1956525416288 698
-23.98142094424584 -81.57287208314237 698
-20.74382530684144 -93.50807251872186 698
-84.11936576428694 10.87840005145346 698
-93.45794521920894 18.11155272468346 698
-2.545949024147503 -85.01962749842508 698
3.131236071576426 -95.40459581255953 698
-24.00285970357525 81.02194344065197 698
-20.9573345515532 91.62280668290512 698
-2.336126674005129 84.90315868101227 698
-32.64870997348366 -89.79910398551029 698
-32.87360324342378 88.57485610849682 698
-42.02853597838396 94.96412894670934 698
-90.82640696657975 -29.92586671319116 698
3.390782323156194 95.40243403461068 698
-8.642243691587355 94.59283556566264 698
49.62841485460383 81.03805574726562 698
68.1761595201187 66.06809512404347 698
81.81501761929009 69.66579901968304 698
27.58110560766738 90.76027854710041 698
-8.907343092158312 -95.23136042691921 698
-86.25419677105801 -41.00410329960802 698
-54.37449265834642 -77.9315960639986 698
83.08399224515877 46.9644875581284 698
88.52694004040426 36.06981519061392 698
101.6446556791403 34.40954499041286 698
105.3422260181477 20.66584224073845 698
-17.39496282877928 106.0950149929468 698
-66.91164965603524 -83.49566636753221 698
82.71804077559325 -47.39149313836583 698
96.67336393926466 -47.10947106782793 698
102.1190024798853 -34.19848050206529 698
10.22341242345012 -106.9346242604999 698
61.33641291798377 -88.21604844820877 698
92.23759129070685 -24.4702728833122 698
107.0829374620502 -7.07297581019909 698
90.03258033139345 58.59531372630273 698
81.91329019918139 -70.08642574250507 698
-86.06530258166975 -64.173152885429 698
37.05904660622667 -100.86119518835 698
10.5008981322092 107.4290467297021 698
94.86544349500015 11.85922622871564 698
37.04840694795705 100.8045298468066 698
61.4894013953684 88.18651119110547 698
-100.0343215287484 -40.68511801592254 698
-68.27246714952214 50.53627438069694 698
-72.61663591406086 61.17378687149157 698
-86.06401443557976 63.72816805835561 698
-66.77973872189455 84.42587364968288 698
-84.94079590660796 -0.3340281540156868 698
-94.78468564510538 5.592725291859713 698
-107.0894011700717 -0.403177677888832 698
-104.208870725411 27.41287023311575 698
-17.00196050105505 -106.6999856768474 698
-43.51066200155547 -98.72237046882618 698
59.34856893899708 -74.69020912517584 698
15.13332141247537 -94.21620373570531 698
-105.8623701723864 -14.19926108994963 698
-93.33190091220594 51.93772274739337 698
-54.10371006240383 78.52689587658355 698
-90.65629910947629 30.13500298673802 698
57.08502066530122 -63.09800515302911 698
18.78868180194822 -82.97988600051698 698
-74.25133016353386 -41.50853403693157 698
95.56680525057935 -0.2899215736220527 698
-46.05684043714964 104.0331924159742 698
2 6 0 2423
3876
3877
3878
3879
3880
3881
3882
3883
3884
3885
3886
3887
3888
3889
3890
3891
3892
3893
3894
3895
3896
3897
3898
3899
3900
3901
3902
3903
3904
3905
3906
3907
3908
3909
3910
3911
3912
3913
3914
3915
3916
3917
3918
3919
3920
3921
3922
3923
3924
3925
3926
3927
3928
3929
3930
3931
3932
3933
3934
3935
3936
3937
3938
3939
3940
3941
3942
3943
3944
3945
3946
3947
3948
3949
3950
3951
3952
3953
3954
3955
3956
3957
3958
3959
3960
3961
3962
3963
3964
3965
3966
3967
3968
3969
3970
3971
3972
3973
3974
3975
3976
3977
3978
3979
3980
3981
3982
3983
3984
3985
3986
3987
3988
3989
3990
3991
3992
3993
3994
3995
3996
3997
3998
3999
4000
4001
4002
4003
4004
4005
4006
4007
4008
4009
4010
4011
4012
4013
4014
4015
4016
4017
4018
4019
4020
4021
4022
4023
4024
4025
4026
4027
4028
4029
4030
4031
4032
4033
4034
4035
4036
4037
4038
4039
4040
4041
4042
4043
4044
4045
4046
4047
4048
4049
4050
4051
4052
4053
4054
4055
4056
4057
4058
4059
4060
4061
4062
4063
4064
4065
4066
4067
4068
4069
4070
4071
4072
4073
4074
4075
4076
4077
4078
4079
4080
4081
4082
4083
4084
4085
4086
4087
4088
4089
4090
4091
4092
4093
4094
4095
4096
4097
4098
4099
4100
4101
4102
4103
4104
4105
4106
4107
4108
4109
4110
4111
4112
4113
4114
4115
4116
4117
4118
4119
4120
4121
4122
4123
4124
4125
4126
4127
4128
4129
4130
4131
4132
4133
4134
4135
4136
4137
4138
4139
4140
4141
4142
4143
4144
4145
4146
4147
4148
4149
4150
4151
4152
4153
4154
4155
4156
4157
4158
4159
4160
4161
4162
4163
4164
4165
4166
4167
4168
4169
4170
4171
4172
4173
4174
4175
4176
4177
4178
4179
4180
4181
4182
4183
4184
4185
4186
4187
4188
4189
4190
4191
4192
4193
4194
4195
4196
4197
4198
4199
4200
4201
4202
4203
4204
4205
4206
4207
4208
4209
4210
4211
4212
4213
4214
4215
4216
4217
4218
4219
4220
4221
4222
4223
4224
4225
4226
4227
4228
4229
4230
4231
4232
4233
4234
4235
4236
4237
4238
4239
4240
4241
4242
4243
4244
4245
4246
4247
4248
4249
4250
4251
4252
4253
4254
4255
4256
4257
4258
4259
4260
4261
4262
4263
4264
4265
4266
4267
4268
4269
4270
4271
4272
4273
4274
4275
4276
4277
4278
4279
4280
4281
4282
4283
4284
4285
4286
4287
4288
4289
4290
4291
4292
4293
4294
4295
4296
4297
4298
4299
4300
4301
4302
4303
4304
4305
4306
4307
4308
4309
4310
4311
4312
4313
4314
4315
4316
4317
4318
4319
4320
4321
4322
4323
4324
4325
4326
4327
4328
4329
4330
4331
4332
4333
4334
4335
4336
4337
4338
4339
4340
4341
4342
4343
4344
4345
4346
4347
4348
4349
4350
4351
4352
4353
4354
4355
4356
4357
4358
4359
4360
4361
4362
4363
4364
4365
4366
4367
4368
4369
4370
4371
4372
4373
4374
4375
4376
4377
4378
4379
4380
4381
4382
4383
4384
4385
4386
4387
4388
4389
4390
4391
4392
4393
4394
4395
4396
4397
4398
4399
4400
4401
4402
4403
4404
4405
4406
4407
4408
4409
4410
4411
4412
4413
4414
4415
4416
4417
4418
4419
4420
4421
4422
4423
4424
4425
4426
4427
4428
4429
4430
4431
4432
4433
4434
4435
4436
4437
4438
4439
4440
4441
4442
4443
4444
4445
4446
4447
4448
4449
4450
4451
4452
4453
4454
4455
4456
4457
4458
4459
4460
4461
4462
4463
4464
4465
4466
4467
4468
4469
4470
4471
4472
4473
4474
4475
4476
4477
4478
4479
4480
4481
4482
4483
4484
4485
4486
4487
4488
4489
4490
4491
4492
4493
4494
4495
4496
4497
4498
4499
4500
4501
4502
4503
4504
4505
4506
4507
4508
4509
4510
4511
4512
4513
4514
4515
4516
4517
4518
4519
4520
4521
4522
4523
4524
4525
4526
4527
4528
4529
4530
4531
4532
4533
4534
4535
4536
4537
4538
4539
4540
4541
4542
4543
4544
4545
4546
4547
4548
4549
4550
4551
4552
4553
4554
4555
4556
4557
4558
4559
4560
4561
4562
4563
4564
4565
4566
4567
4568
4569
4570
4571
4572
4573
4574
4575
4576
4577
4578
4579
4580
4581
4582
4583
4584
4585
4586
4587
4588
4589
4590
4591
4592
4593
4594
4595
4596
4597
4598
4599
4600
4601
4602
4603
4604
4605
4606
4607
4608
4609
4610
4611
4612
4613
4614
4615
4616
4617
4618
4619
4620
4621
4622
4623
4624
4625
4626
4627
4628
4629
4630
4631
4632
4633
4634
4635
4636
4637
4638
4639
4640
4641
4642
4643
4644
4645
4646
4647
4648
4649
4650
4651
4652
4653
4654
4655
4656
4657
4658
4659
4660
4661
4662
4663
4664
4665
4666
4667
4668
4669
4670
4671
4672
4673
4674
4675
4676
4677
4678
4679
4680
4681
4682
4683
4684
4685
4686
4687
4688
4689
4690
4691
4692
4693
4694
4695
4696
4697
4698
4699
4700
4701
4702
4703
4704
4705
4706
4707
4708
4709
4710
4711
4712
4713
4714
4715
4716
4717
4718
4719
4720
4721
4722
4723
4724
4725
4726
4727
4728
4729
4730
4731
4732
4733
4734
4735
4736
4737
4738
4739
4740
4741
4742
4743
4744
4745
4746
4747
4748
4749
4750
4751
4752
4753
4754
4755
4756
4757
4758
4759
4760
4761
4762
4763
4764
4765
4766
4767
4768
4769
4770
4771
4772
4773
4774
4775
4776
4777
4778
4779
4780
4781
4782
4783
4784
4785
4786
4787
4788
4789
4790
4791
4792
4793
4794
4795
4796
4797
4798
4799
4800
4801
4802
4803
4804
4805
4806
4807
4808
4809
4810
4811
4812
4813
4814
4815
4816
4817
4818
4819
4820
4821
4822
4823
4824
4825
4826
4827
4828
4829
4830
4831
4832
4833
4834
4835
4836
4837
4838
4839
4840
4841
4842
4843
4844
4845
4846
4847
4848
4849
4850
4851
4852
4853
4854
4855
4856
4857
4858
4859
4860
4861
4862
4863
4864
4865
4866
4867
4868
4869
4870
4871
4872
4873
4874
4875
4876
4877
4878
4879
4880
4881
4882
4883
4884
4885
4886
4887
4888
4889
4890
4891
4892
4893
4894
4895
4896
4897
4898
4899
4900
4901
4902
4903
4904
4905
4906
4907
4908
4909
4910
4911
4912
4913
4914
4915
4916
4917
4918
4919
4920
4921
4922
4923
4924
4925
4926
4927
4928
4929
4930
4931
4932
4933
4934
4935
4936
4937
4938
4939
4940
4941
4942
4943
4944
4945
4946
4947
4948
4949
4950
4951
4952
4953
4954
4955
4956
4957
4958
4959
4960
4961
4962
4963
4964
4965
4966
4967
4968
4969
4970
4971
4972
4973
4974
4975
4976
4977
4978
4979
4980
4981
4982
4983
4984
4985
4986
4987
4988
4989
4990
4991
4992
4993
4994
4995
4996
4997
4998
4999
5000
5001
5002
5003
5004
5005
5006
5007
5008
5009
5010
5011
5012
5013
5014
5015
5016
5017
5018
5019
5020
5021
5022
5023
5024
5025
5026
5027
5028
5029
5030
5031
5032
5033
5034
5035
5036
5037
5038
5039
5040
5041
5042
5043
5044
5045
5046
5047
5048
5049
5050
5051
5052
5053
5054
5055
5056
5057
5058
5059
5060
5061
5062
5063
5064
5065
5066
5067
5068
5069
5070
5071
5072
5073
5074
5075
5076
5077
5078
5079
5080
5081
5082
5083
5084
5085
5086
5087
5088
5089
5090
5091
5092
5093
5094
5095
5096
5097
5098
5099
5100
5101
5102
5103
5104
5105
5106
5107
5108
5109
5110
5111
5112
5113
5114
5115
5116
5117
5118
5119
5120
5121
5122
5123
5124
5125
5126
5127
5128
5129
5130
5131
5132
5133
5134
5135
5136
5137
5138
5139
5140
5141
5142
5143
5144
5145
5146
5147
5148
5149
5150
5151
5152
5153
5154
5155
5156
5157
5158
5159
5160
5161
5162
5163
5164
5165
5166
5167
5168
5169
5170
5171
5172
5173
5174
5175
5176
5177
5178
5179
5180
5181
5182
5183
5184
5185
5186
5187
5188
5189
5190
5191
5192
5193
5194
5195
5196
5197
5198
5199
5200
5201
5202
5203
5204
5205
5206
5207
5208
5209
5210
5211
5212
5213
5214
5215
5216
5217
5218
5219
5220
5221
5222
5223
5224
5225
5226
5227
5228
5229
5230
5231
5232
5233
5234
5235
5236
5237
5238
5239
5240
5241
5242
5243
5244
5245
5246
5247
5248
5249
5250
5251
5252
5253
5254
5255
5256
5257
5258
5259
5260
5261
5262
5263
5264
5265
5266
5267
5268
5269
5270
5271
5272
5273
5274
5275
5276
5277
5278
5279
5280
5281
5282
5283
5284
5285
5286
5287
5288
5289
5290
5291
5292
5293
5294
5295
5296
5297
5298
5299
5300
5301
5302
5303
5304
5305
5306
5307
5308
5309
5310
5311
5312
5313
5314
5315
5316
5317
5318
5319
5320
5321
5322
5323
5324
5325
5326
5327
5328
5329
5330
5331
5332
5333
5334
5335
5336
5337
5338
5339
5340
5341
5342
5343
5344
5345
5346
5347
5348
5349
5350
5351
5352
5353
5354
5355
5356
5357
5358
5359
5360
5361
5362
5363
5364
5365
5366
5367
5368
5369
5370
5371
5372
5373
5374
5375
5376
5377
5378
5379
5380
5381
5382
5383
5384
5385
5386
5387
5388
5389
5390
5391
5392
5393
5394
5395
5396
5397
5398
5399
5400
5401
5402
5403
5404
5405
5406
5407
5408
5409
5410
5411
5412
5413
5414
5415
5416
5417
5418
5419
5420
5421
5422
5423
5424
5425
5426
5427
5428
5429
5430
5431
5432
5433
5434
5435
5436
5437
5438
5439
5440
5441
5442
5443
5444
5445
5446
5447
5448
5449
5450
5451
5452
5453
5454
5455
5456
5457
5458
5459
5460
5461
5462
5463
5464
5465
5466
5467
5468
5469
5470
5471
5472
5473
5474
5475
5476
5477
5478
5479
5480
5481
5482
5483
5484
5485
5486
5487
5488
5489
5490
5491
5492
5493
5494
5495
5496
5497
5498
5499
5500
5501
5502
5503
5504
5505
5506
5507
5508
5509
5510
5511
5512
5513
5514
5515
5516
5517
5518
5519
5520
5521
5522
5523
5524
5525
5526
5527
5528
5529
5530
5531
5532
5533
5534
5535
5536
5537
5538
5539
5540
5541
5542
5543
5544
5545
5546
5547
5548
5549
5550
5551
5552
5553
5554
5555
5556
5557
5558
5559
5560
5561
5562
5563
5564
5565
5566
5567
5568
5569
5570
5571
5572
5573
5574
5575
5576
5577
5578
5579
5580
5581
5582
5583
5584
5585
5586
5587
5588
5589
5590
5591
5592
5593
5594
5595
5596
5597
5598
5599
5600
5601
5602
5603
5604
5605
5606
5607
5608
5609
5610
5611
5612
5613
5614
5615
5616
5617
5618
5619
5620
5621
5622
5623
5624
5625
5626
5627
5628
5629
5630
5631
5632
5633
5634
5635
5636
5637
5638
5639
5640
5641
5642
5643
5644
5645
5646
5647
5648
5649
5650
5651
5652
5653
5654
5655
5656
5657
5658
5659
5660
5661
5662
5663
5664
5665
5666
5667
5668
5669
5670
5671
5672
5673
5674
5675
5676
5677
5678
5679
5680
5681
5682
5683
5684
5685
5686
5687
5688
5689
5690
5691
5692
5693
5694
5695
5696
5697
5698
5699
5700
5701
5702
5703
5704
5705
5706
5707
5708
5709
5710
5711
5712
5713
5714
5715
5716
5717
5718
5719
5720
5721
5722
5723
5724
5725
5726
5727
5728
5729
5730
5731
5732
5733
5734
5735
5736
5737
5738
5739
5740
5741
5742
5743
5744
5745
5746
5747
5748
5749
5750
5751
5752
5753
5754
5755
5756
5757
5758
5759
5760
5761
5762
5763
5764
5765
5766
5767
5768
5769
5770
5771
5772
5773
5774
5775
5776
5777
5778
5779
5780
5781
5782
5783
5784
5785
5786
5787
5788
5789
5790
5791
5792
5793
5794
5795
5796
5797
5798
5799
5800
5801
5802
5803
5804
5805
5806
5807
5808
5809
5810
5811
5812
5813
5814
5815
5816
5817
5818
5819
5820
5821
5822
5823
5824
5825
5826
5827
5828
5829
5830
5831
5832
5833
5834
5835
5836
5837
5838
5839
5840
5841
5842
5843
5844
5845
5846
5847
5848
5849
5850
5851
5852
5853
5854
5855
5856
5857
5858
5859
5860
5861
5862
5863
5864
5865
5866
5867
5868
5869
5870
5871
5872
5873
5874
5875
5876
5877
5878
5879
5880
5881
5882
5883
5884
5885
5886
5887
5888
5889
5890
5891
5892
5893
5894
5895
5896
5897
5898
5899
5900
5901
5902
5903
5904
5905
5906
5907
5908
5909
5910
5911
5912
5913
5914
5915
5916
5917
5918
5919
5920
5921
5922
5923
5924
5925
5926
5927
5928
5929
5930
5931
5932
5933
5934
5935
5936
5937
5938
5939
5940
5941
5942
5943
5944
5945
5946
5947
5948
5949
5950
5951
5952
5953
5954
5955
5956
5957
5958
5959
5960
5961
5962
5963
5964
5965
5966
5967
5968
5969
5970
5971
5972
5973
5974
5975
5976
5977
5978
5979
5980
5981
5982
5983
5984
5985
5986
5987
5988
5989
5990
5991
5992
5993
5994
5995
5996
5997
5998
5999
6000
6001
6002
6003
6004
6005
6006
6007
6008
6009
6010
6011
6012
6013
6014
6015
6016
6017
6018
6019
6020
6021
6022
6023
6024
6025
6026
6027
6028
6029
6030
6031
6032
6033
6034
6035
6036
6037
6038
6039
6040
6041
6042
6043
6044
6045
6046
6047
6048
6049
6050
6051
6052
6053
6054
6055
6056
6057
6058
6059
6060
6061
6062
6063
6064
6065
6066
6067
6068
6069
6070
6071
6072
6073
6074
6075
6076
6077
6078
6079
6080
6081
6082
6083
6084
6085
6086
6087
6088
6089
6090
6091
6092
6093
6094
6095
6096
6097
6098
6099
6100
6101
6102
6103
6104
6105
6106
6107
6108
6109
6110
6111
6112
6113
6114
6115
6116
6117
6118
6119
6120
6121
6122
6123
6124
6125
6126
6127
6128
6129
6130
6131
6132
6133
6134
6135
6136
6137
6138
6139
6140
6141
6142
6143
6144
6145
6146
6147
6148
6149
6150
6151
6152
6153
6154
6155
6156
6157
6158
6159
6160
6161
6162
6163
6164
6165
6166
6167
6168
6169
6170
6171
6172
6173
6174
6175
6176
6177
6178
6179
6180
6181
6182
6183
6184
6185
6186
6187
6188
6189
6190
6191
6192
6193
6194
6195
6196
6197
6198
6199
6200
6201
6202
6203
6204
6205
6206
6207
6208
6209
6210
6211
6212
6213
6214
6215
6216
6217
6218
6219
6220
6221
6222
6223
6224
6225
6226
6227
6228
6229
6230
6231
6232
6233
6234
6235
6236
6237
6238
6239
6240
6241
6242
6243
6244
6245
6246
6247
6248
6249
6250
6251
6252
6253
6254
6255
6256
6257
6258
6259
6260
6261
6262
6263
6264
6265
6266
6267
6268
6269
6270
6271
6272
6273
6274
6275
6276
6277
6278
6279
6280
6281
6282
6283
6284
6285
6286
6287
6288
6289
6290
6291
6292
6293
6294
6295
6296
6297
6298
75.10341959176144 -12.8808526745641 363.1393357458348
75.20357137276667 12.28262401855521 249.2857142857143
75.20357137276667 12.28262401855521 448.7142857142857
75.20139213647924 -12.29595952886466 220.7959183673469
75.20725724734254 -12.26003496455229 477.2163226313116
75.16423593629803 -12.52108765692995 291.9523167167634
75.16365978350085 12.52454581811804 377.1883363052311
75.11411468462461 12.81833745635766 520.0846019458463
75.2013921362412 12.2959595303206 178.0612244897959
-75.5743990533314 9.744239720359008 8.454683721750257
-75.71289557252005 8.602176702711619 689.6107290558953
-60.33868330043794 -46.53690253518655 689.5688681076688
-61.06771798633808 -45.57602242343094 8.454683721750184
75.21136964943467 -12.23478138162259 548.4616710631649
75.22488086174603 -12.15143198705881 149.5538318040662
-47.50992290163572 59.5755589640637 689.5453162782497
-47.50992290163572 59.5755589640637 8.454683721750255
74.83455091506251 14.36070991772055 120.9758508360974
74.8025104765082 14.52667981377299 577.9609731908685
75.17762257163039 -12.44046078236207 420.2311958125096
75.20139213648014 12.29595952885919 306.2653061224489
-21.68100210128434 -73.05049040139365 689.5453162782497
-21.68100210128434 -73.05049040139365 8.454683721750179
-2.442330210960264 76.16084967449241 8.454683721750213
-2.442330210960264 76.16084967449241 689.5453162782497
75.22217517477266 -12.16817003397865 605.2215601504025
75.19993133979693 -12.30489034854953 92.87314800837584
35.26676972400597 67.54772352369795 8.456532607002366
35.24541771635151 67.55886714562268 689.5453162782497
15.52247444350851 -74.60223044353718 689.5681480793978
16.95609516747141 -74.28950690825491 8.454683721750161
75.20139213645069 12.29595952903933 619.6530612244898
75.14221391909189 12.65257631225488 78.5728938379071
51.22932783791244 -56.40918337713896 689.5453162782499
51.22932783791244 -56.40918337713896 8.454683721750124
-66.39448525420242 37.39267746269981 8.454683721750293
-66.39448525420242 37.39267746269981 689.5453162782496
-73.69705189708652 -19.36968099061358 689.552708361451
-73.70786856357394 -19.32847929390485 8.454683721750261
58.02218202772799 49.39500372245354 689.5453162782499
58.05486190217412 49.35659033522771 8.472087877841542
75.30811261109704 -11.62446450183091 649.5275193786446
75.37356074470028 -11.19224466606125 49.54822176277864
68.65382773416435 -33.06194092075788 689.5453162782499
69.12624977992839 -32.06246390037658 8.297313295244686
75.1954982699316 12.33195199215088 49.64536813480039
74.69774325300709 15.05613339831424 647.30202282139
75.29103683742217 -11.73455461216733 121.341721332517
75.28622635944814 -11.76537804551715 576.7794615629693
75.17380307352127 12.46352002700061 491.458075215264
75.20139213648025 12.29595952885852 206.5510204081633
74.10701215153736 17.73670628870799 150.4172404760341
75.20139213648025 12.29595952885852 548.4285714285713
75.19908675572691 -12.31005081649371 520.0148102794373
75.27923029207741 -11.81005870571248 177.9000577829955
75.20584054922207 -12.2687223167282 448.7318349788571
75.20308777759931 -12.2855845898636 249.2592100532508
75.1518601008098 -12.59515475841057 391.7129768591448
75.20139213648011 -12.29595952885939 320.5102040816327
75.20139213648015 12.29595952885912 420.2244897959183
75.20139213647924 12.29595952886473 334.7551020408163
75.20139213647924 12.29595952886473 277.7755102040816
-47.50992290163517 -59.57555896406413 689.5453162782497
-47.02065524366787 -59.9624714338571 8.673963808938328
-29.5072867418172 70.25496444477201 8.389301317331256
-30.84449074592661 69.67824187380482 689.5453162782497
-2.442330210959856 -76.16084967449243 8.454683721750154
-2.450023178678578 -76.160602587059 689.5393181220568
16.98054062021187 74.28392316137682 8.455564894353708
16.99132873978712 74.28145628389689 689.530354319524
35.24541771635181 -67.55886714562253 689.5453162782499
35.27788673994766 -67.54191814838711 8.479473665576672
68.6538277341643 33.061940920758 689.5453162782497
68.6538277341643 33.061940920758 8.4546837217502
75.17860839510109 12.43450199147662 677.6484360890536
75.20139213647857 12.29595952886881 21.36734693877551
75.34442346977839 -11.38674018350768 678.0259916977423
75.31610221976608 -11.57258598679431 20.45855971630816
75.25028387254238 11.99311373671524 35.08256707412183
72.54042911222784 23.33079819067166 42.23167509522864
72.42621832115789 23.68296644628737 55.64946217872015
68.31487989432884 33.7567354023375 48.38363639021614
68.09799175600318 34.19215580801131 61.24965779217503
62.6564251295794 43.36602806323646 54.03386661735047
62.3050338425931 43.86938292104563 66.41335943301519
55.78002254811111 51.9136695344513 59.63037897154392
55.29784484942631 52.42698117390298 71.85014615705278
47.85097391992644 59.30197547227682 65.07276676374015
47.30511160912953 59.73831614339159 77.19713974165387
39.02211334220785 65.45009297402017 70.57329580844115
38.42850469698589 65.8003801414075 82.53950631655567
29.49449044863545 70.2603375538102 75.95697832396242
28.82991388508858 70.53563684676263 87.80744455503488
19.47306241125837 73.66980277106242 81.40256325482865
18.66846610870313 73.87779350486994 92.99105630639298
8.975680829492472 75.6695259245562 86.61997945936643
8.267399558951228 75.75018220791719 98.49691799395454
-1.649211241898944 76.18215081158837 91.9427450623449
-2.449972265778885 76.16060422486757 103.674346158133
-12.18297764711966 75.2197783541655 97.43387289131326
-12.97713642411001 75.08684259062994 109.1814668645737
-22.59955020037548 72.77156265149669 102.6142233535101
-23.49368142118141 72.48783989939302 114.3940608460735
-32.72644111848724 68.81438840619153 107.9574765082206
-33.38398730691225 68.49780574216901 119.9988192212736
-42.16621447737038 63.47007449695014 113.363127992783
-42.86779560457457 62.99834997842735 125.2528397158195
-50.76220401065902 56.82990976572314 118.7604125500995
-51.3114144407948 56.33452536486835 130.9264503160046
-58.37763303047093 48.97440108627843 124.2022653642202
-58.86202191911563 48.3911394326849 136.4441488234376
-64.84345413552467 40.02207460607345 129.6748081228436
-65.2078721920624 39.42554253505785 141.983941491443
-69.94924401727847 30.22487818687169 135.1864366102944
-70.22077723091537 29.58855260208173 147.566273813448
-73.5840847885932 19.79450595051889 140.7121169134207
-73.79138422208507 19.00714640835426 153.158132714112
-70.46929271755019 28.99170198329563 160.0709504575664
-73.9840615553524 18.24276941075085 165.680512303139
-70.80928500066337 28.15111290330865 172.6462614292826
-74.18477123824411 17.4086104077663 178.4104245310752
-71.08852018366935 27.43833628513281 185.554441657027
-74.37531056790002 16.57568031570413 191.2631399505142
-71.25516156638909 27.00262857848821 198.3921038873149
-74.56157993189814 15.71657717377311 204.2215185682462
-71.52905406184043 26.26850633397929 211.4207177414046
-74.70450345598164 15.02255515533987 217.2917649591982
-66.65197044839888 36.9317591693892 205.5177993545104
-66.99776259076626 36.30068605179964 218.6463821150632
-73.38265818205797 20.52865017811065 128.3720217106532
-75.57709155056608 9.723334446441378 133.8383008617244
-33.97274157958933 68.20771825509517 132.1862234840793
-75.87571921121996 7.022480628674401 184.2745946313068
-75.47145309036439 10.51188700609588 121.6314355722573
-76.19933290737949 -0.3188486637160339 126.9571871368953
-76.19871954592836 0.44174603671768 114.923485016246
-75.48277477522264 -10.43027862681595 120.3230388793544
-60.59922623735762 46.19711873519331 212.7047665331493
-61.05071717743308 45.5987930993911 225.9209264639908
-53.24472214743463 54.51091233360972 219.9347680514038
-53.76677224377767 53.99605728648842 233.2149376864722
-75.58575196770758 -9.655780624899757 108.3278256625377
-73.47499515454172 -20.19567000720879 113.6551673996148
-44.72474069833915 61.69390220650924 227.1937781592751
-45.31092001905326 61.26467601340073 240.5478783392423
-54.33436387499476 53.42487157026833 246.5754284895467
-46.34688108729226 60.48476348205713 253.7604411775881
-54.96489943731706 52.77593987647803 259.9884243002824
-47.24393710314403 59.78670761125897 267.5249017585573
-55.7098243241695 51.98899377531914 273.5660656506357
-47.34162609654278 59.70938316994356 280.9382430508378
-56.10535184128435 51.56189964271771 287.0736361984236
-47.69949786764109 59.42388327242595 294.5099575945009
-56.55329839106082 51.07019131637983 300.6516346945153
-48.51782227821447 58.7576456419043 308.1975698726995
-57.32997601554835 50.19675138947392 314.2845067606676
-64.03169416887152 41.30837859156546 306.775809728262
-64.52834138639221 40.52817733282884 320.5271456983324
-58.00872920913892 49.41080181034096 328.1824352373633
-65.01303982642722 39.74600171749845 334.3242628994652
-58.47065400387152 48.86330545879539 341.7346856479624
-65.47294706209709 38.98375562979832 348.103053848404
-59.08696895869888 48.11621451521052 355.7531130592067
-65.88898335966263 38.27638791513771 361.9455904930925
-59.18447333568859 47.99623022672893 369.4979337364482
-66.16468811051199 37.79780479391196 375.7208882141164
-59.88883423032298 47.11440899059326 383.2508273770808
-66.59017193876555 37.04306954297446 389.5898437634821
-60.52206763148738 46.29815687054581 397.2224645627768
-67.04903332865125 36.20589910074621 403.3455182258371
-60.70651189324439 46.05604644078101 410.8405728350352
-67.24925214500018 35.83263995211892 416.8844933077394
-61.21369055591766 45.37977620619517 424.3673258463861
-67.57631580416646 35.21195169733658 430.3864676129534
-61.70963026436196 44.70303717462319 437.7550932705915
-67.88732003435265 34.60855065664236 443.7025296038265
-62.18808095792571 44.03501546236218 450.9611762788518
-68.22501493810705 33.93799252600351 456.8647211748082
-62.70601881828485 43.29428604285914 464.0305106971442
-68.51963748375424 33.33915534465295 469.8476869173413
-63.15620209478483 42.63489342032764 476.9581933065465
-68.802199834562 32.75205791893078 482.7014394054704
-63.60262052201052 41.96601795182772 489.6892207083869
-69.08709523186494 32.14674590721782 495.3649158040153
-64.05613055889847 41.27047537673092 502.2671789916666
-69.35481834466124 31.56499916646665 507.8421104583265
-64.47856263224323 40.60732644338812 514.6718562402185
-69.63159214874226 30.94965871913963 520.1828146534224
-64.87841129959929 39.96538186030539 526.9365999433625
-69.88474502741886 30.37371252337547 532.3415705492146
-65.97477506938975 38.12832352128046 538.7589248230086
-70.30034375362081 29.39900794453359 544.4240925786792
-66.36311206405922 37.44832916397096 551.0685856342488
-70.56794223010587 28.75074832779908 556.3105128033595
-66.16123316243548 37.80385200513101 562.6510783382248
-70.65781443522167 28.5291650638041 567.893648993317
-66.47929298504381 37.24169174740462 574.2469317336997
-70.87442177386893 27.98671717475515 579.432460889175
-73.84221247313359 18.8087122651338 573.1319821576175
-73.20488649381889 21.1538316488312 525.8727030503494
-72.52161466082801 23.38921561289257 475.7663599551973
-72.04891703104285 24.80712709392011 423.024907502759
-61.21127095170852 45.38303987699067 557.3123917885243
-71.40294284929594 26.60939218509471 381.9458000478379
-70.1702074458931 29.70828145484571 326.6581827566737
-73.98833283288126 18.2254383928285 584.5982424413068
-75.69108621720622 8.792011559333575 578.331768171792
-58.49037231274918 48.83970051828722 521.5001140754839
-55.28594811510157 52.43952651401705 483.9005693537204
-54.59716675001956 53.15627322217538 445.0894680129403
-52.53967274918657 55.19078534871906 404.7427186975259
-50.5859323962146 56.9868708002607 363.2729825385988
-66.7981833728942 36.66664285261471 585.722116036093
-75.76612337727397 8.120009136675833 589.728989780699
-76.18722530648652 -1.395241949863444 583.4890006367095
-76.16775754185841 -2.216463634863637 594.5877407819004
-75.32393087504661 -11.52152062582014 588.6186421632954
-76.1913591011959 1.1475183277903 102.9692349468064
6.445543113615022 75.92690546815753 110.4147940022323
-50.70664740423222 56.87948583648475 106.5081995461293
-75.23951495027677 -12.06048879801639 599.6663851417077
-73.13219450140006 -21.40378768838336 593.8876431878099
-72.9565228524351 -21.99513067208548 582.4064390817958
-73.68974230185061 -19.39747095594808 101.7264256016131
-70.20683058972432 -29.621629572759 107.027733078037
-69.88847356847675 -30.36513234399492 118.9718815632637
-65.31855285819908 -39.24189919602075 112.2948494842813
-64.8866437631811 -39.95201448175088 124.3516390083136
-59.01265585664651 -48.20732774947192 117.609621295381
-58.49677411594548 -48.83203270424087 129.8098031273485
-51.4458352876316 -56.21179619579755 122.9658037286744
-50.82394885599656 -56.77469702854473 135.2764402909083
-42.73370025275968 -63.08938787710092 128.3727983511372
-41.98694386662662 -63.5888083293023 140.8027626173998
-43.42696819649036 -62.61420312725392 116.0879813124762
-33.9135211927313 -68.23718253496524 121.8219678571757
-34.65241039799542 -67.86494274372372 109.0791678852616
-34.93701138806275 67.71886912279601 288.8549838740012
-35.11191997088255 67.62834521085327 247.2895670823794
-75.83044409385249 7.495581933986932 601.0817138978953
-24.15826800233264 -72.26906729111336 114.9043763309404
-24.99767387460224 -71.98302786670639 102.6559303263648
-35.31754248129617 -67.52119069656459 96.9196144081816
-72.7627037287432 -22.62805661304435 604.8162794089088
-69.64207996614434 -30.92605209187163 598.9405369324512
-15.4455547444058 -74.61819375083776 107.4532248686035
-13.70100814628724 -74.95813748870347 119.962706698899
-70.52658672515102 -28.85204611287998 95.2088554530344
-15.45297246185666 -74.61665793971947 95.39437511380842
-69.3030038638789 -31.67859932893479 610.0811891542087
-64.95972055066972 -39.83308556939694 604.1363544138113
-20.59157720980846 73.36502537321512 90.90681707420417
-3.299343959416921 -76.12853820636161 101.2945671088385
-65.16622344266507 -39.4943454461604 615.1822841668273
-59.34724575656087 -47.79481583927662 609.2444583083798
-59.47482321960788 -47.6359675350086 597.8130557694495
-52.56987186517588 -55.16202110219485 602.9837720330844
-52.56349778935832 -55.16809494760648 591.5433389355358
-44.86966200101648 -61.58858199304915 596.7983156559156
-45.33917594685524 -61.24376804590084 584.9377823659873
-36.53373472744379 -66.87096699513749 590.3767521303846
-37.08646737143682 -66.56601188224627 578.4507333260938
-27.50896430592203 -71.06121926068754 583.9137620652739
-28.06250101121165 -70.84444958495864 571.8706409209116
-26.92480157914462 -71.28460605154308 595.9054115569597
-37.78926822384496 -66.16956405407475 566.4688766791108
-27.82003492296628 -70.94001449735501 559.9995673455695
-18.05590785952968 -74.02988714950318 565.3878804648116
-18.61081797741927 -73.8923369112885 552.977214273918
-28.73340293027405 -70.57500659614932 547.5121395508739
-19.33153112481495 -73.70706821174147 540.5574588341264
-29.04921594713551 -70.44560350267921 534.7120995139638
-19.91759973898465 -73.55086145408224 527.9871293245473
-30.65918433469586 -69.7599771784018 522.4099294810314
-20.89632455260841 -73.27880744247996 515.4609748011309
-31.58890169846779 -69.3439347707104 509.7220253350848
-21.56319602301701 -73.08535131798263 502.6566827365165
-32.33862668237427 -68.99748708683549 496.8538585866788
-22.66188632125333 -72.7521745954208 489.8443440631572
-33.21148870931849 -68.58160845088726 483.6767117362988
-23.64313223189337 -72.43923176197553 476.5143614683083
-34.35312610665483 -68.01692970650961 470.6421175254399
-24.45051385195175 -72.17071686200377 463.7029352044748
-35.25734533473211 -67.55264317513746 457.5464113241572
-25.41820064157948 -71.83561147609457 450.1057469073866
-35.79126803192213 -67.27128014737872 444.0906483249247
-25.98661778352766 -71.63194605881404 437.0876162544522
-36.5607275039422 -66.85621290787032 430.7064094529319
-26.9490835521822 -71.27542981769737 423.1998876388696
-37.22140189540459 -66.4906552903547 417.1443150492393
-26.5489984607319 -71.42542040990767 409.8230019906366
-37.5967013393327 -66.27916752948107 403.6687551223428
-27.17683707967092 -71.18890030296173 396.197761211628
-37.9092554041039 -66.10089526403118 390.1305067577333
-27.85632349840871 -70.92577275681953 382.5051985550859
-38.31734444172628 -65.86517376378892 376.288925063115
-28.45598010143364 -70.68731991288688 368.7410105359261
-39.5423441379005 -65.13710939303222 362.5418173704077
-29.38682044322967 -70.30543922227767 355.0649096646652
-8.114234749327588 -75.76674200751148 558.6436349990977
-10.9105564369966 -75.41485104563367 495.5796695859398
-40.32179406853624 -64.65750477009267 348.8743102630029
-30.81474949664707 -69.69139985291505 341.5352142462946
-41.1210210917072 -64.152175523324 335.1004624547779
-31.33920773174315 -69.45713828503627 327.5498364205963
-41.84069451877922 -63.68513391825599 321.3321172401826
-32.64251419013632 -68.85423928377068 313.6113205099326
-42.66575267115402 -63.13535894412824 307.5499100565738
-32.43601687548116 -68.95175711505475 300.119247961167
-43.11500266797876 -62.82942419710835 293.9830192217166
-33.19936919205883 -68.58747615453841 286.5167614599187
-22.39869987269809 -72.83363401624825 306.3846241508249
-19.70306831168998 -73.60862109226663 347.5901303440946
-43.62984639156426 -62.47300620146678 280.4064358164508
-33.93286340861771 -68.22756613636525 272.9658610661367
-15.60932573550441 -74.58410655148268 402.6812339764014
-12.89368894822901 -75.10121693625422 441.7832410796684
-40.83993504295162 -64.33148300550432 530.1029842256789
-51.95268606693091 -55.74368493767633 613.9698362907553
-5.390083171132327 -76.00912447468578 88.57506403775302
-44.26297818844825 -62.02603293689639 266.9233909201888
-34.64665288672241 -67.86788226950191 259.5231219558419
-23.54039686551656 -72.47268254600472 265.5242039681966
-24.33221795532119 -72.21068597773287 252.1109712179909
-35.32885935141304 -67.51527010186715 246.1563298151854
-25.13781366088311 -71.93420830419085 238.770164223013
-36.01297886064593 -67.15285067353932 232.8419612960168
-26.02055648489027 -71.61962468637095 225.3296050058251
-14.43518421075061 -74.82022090853313 231.3637771915391
-15.25983338828701 -74.65639614233815 217.9666205797448
-52.87659055757669 -54.86807970948493 274.3829861316662
-72.74866985878769 -22.67313462618517 616.3918131756244
-3.494755864839265 -76.11981792835012 224.0283077372645
-4.30835562793883 -76.07810507487163 210.8426058851686
5.577172245697969 -75.99562585926783 93.95380968504395
-42.61087453958294 -63.17240988732283 490.9283660323994
-44.98483749339395 -61.5045071169011 451.5951596702989
-43.9422073964807 62.25369393959428 214.2568383920093
-36.85932349703217 -66.69205553393247 219.6028035511813
-50.25072232998864 -57.28267543781785 147.7643083431024
4.826248335661856 -76.04700735073354 81.80199322072379
-47.037916939611 -59.94893134979353 397.5884706164742
7.574537197340019 -75.82259812381869 216.6683371055688
6.730490409210342 -75.90217716805974 203.3863888378229
8.416606247711801 -75.73374901106493 229.9590098970421
15.57984327761659 -74.59027070231683 87.14816373197827
18.33822226909343 -73.9604597336261 100.1079832053452
-49.58564742348428 -57.8593429758229 356.4171033410421
-6.153429194511731 -75.9511376422245 76.51524229094562
37.6411568836038 66.2539305133207 94.40020839666488
-51.36967606122921 -56.28140351274454 315.1992698729365
9.710604701141769 75.57872820005748 74.8087172308023
15.19382922220517 -74.66985706137694 75.12479814167349
25.28553876011228 -71.88241460615286 80.40501492411882
18.50723519823134 -73.91834850236677 209.2941406533872
17.6430279129429 -74.12937046854721 195.9739350533893
-46.00322321062136 -60.74655096574413 226.9142632410255
-62.59154215716634 43.45962321957784 266.0065449105608
29.05119115482891 -70.44478896615129 201.9098872643639
28.22714647601649 -70.77900961317212 188.6013986315492
-46.84657991954159 -60.09856861724748 213.8081916023592
24.48239799620248 -72.15990707003122 68.29273250452192
34.4660335721216 -67.95978612242233 73.61498130815512
-40.10535665875433 -64.79197764595636 153.557262442179
16.86609903388446 -74.30999060273929 182.7066867545945
27.42490804083182 -71.09370168272235 175.3177418120475
-54.84630830121166 -52.89917263746609 221.0175027830262
-55.29929075306045 -52.42545605150693 207.6221424640153
33.56792734650202 -68.40785228071381 61.67182001663723
43.04016938416936 -62.8807110279616 66.87414610432771
43.82862622734776 -62.33371096784985 79.05142514381052
39.02498679049193 -65.44837970493946 194.5245644954416
39.77021051292456 -64.99823348182369 207.9395379645697
40.31332166835464 64.66278756799593 58.63672815266698
23.91356516904239 -72.35040705418292 56.53526785871218
-62.3228935065348 -43.84400694477095 215.0882247776324
-62.70435781983885 -43.29669167963777 202.0215430478133
16.06559995143326 -74.4871565989769 169.4574877451327
26.63046820487611 -71.39508500722638 162.149038420652
-72.39887758531309 23.76641589274352 449.7232850253366
5.175007537017651 -76.02407051054166 177.0107646869319
-73.18068947973096 21.23738889956098 116.2558138980206
-72.94817605467476 22.02279751294502 501.1078898555739
-61.28724274348809 45.28039174853468 580.6388905514118
-61.71416792116095 44.69677256579886 592.0141975826316
-55.21627941904535 52.51287924993172 586.9898184769781
-55.63358377930527 52.07057091938806 598.2974089743007
-48.22638825363478 58.99708023292066 593.228246987974
-48.75584491861501 58.56029018261404 604.6212579967275
-40.50355488803726 64.54379940344194 599.5299272416652
-56.05852691883123 51.61280422231168 609.5987041391052
-41.0502561328498 64.19748025761938 610.9250602447378
-32.14097981851202 69.0897779436727 605.8424259167837
-31.43953914241904 69.41178126595155 594.3028312472999
-22.32777424428672 72.85540815407026 600.7739072774757
-21.59754138994962 73.07520924300808 588.9772747632103
-11.89557872549888 75.26576384243675 595.5913029847228
-11.14222470954616 75.38097126279271 583.5952214646284
-1.153165532511902 76.19127383929623 590.2790656025129
-0.3210384135247429 76.19932371312125 578.1314993339272
-1.897365570575285 76.1763743157391 602.3545109449241
8.858016284741101 75.68339016917292 597.0342185527657
8.10839052712987 75.7673676661632 609.1125003520465
-32.81519380350007 68.77210957676616 617.2446601135555
18.71249373822774 73.86665403344588 603.765645438414
18.12426786246924 74.01318068053463 615.8146210578209
-10.45216783285894 75.47974687022837 571.399624765213
0.4351208704663399 76.19875766591005 565.9098139494487
28.40331235341228 70.70849911682822 610.4215689490975
29.12624233940415 70.41379131382077 598.2476116294049
27.49263332045803 71.06753909561553 622.5612361372514
17.38693379331123 74.18985465187954 627.7720242749704
-9.904250553569657 75.55359568526249 559.1235498542036
1.198748840784218 76.19057029066471 553.5251762216518
-9.204568179384232 75.64202485808447 546.7074157971401
1.946137107113358 76.17514391427375 541.075054969133
12.42034164994751 75.18094913805345 547.9885450619673
13.21200996298409 75.0458712571052 535.3480153152379
2.669719708121984 76.15321790101889 528.3136419237054
13.30255980171198 75.02987340201153 522.6887836860511
3.21582047663549 76.13211213845346 515.4630752715989
14.0276618374357 74.89769491362568 509.3962205459722
3.964407202663342 76.09680332005722 502.4888574959002
14.68946026474472 74.77071456881021 496.7414487323863
4.644685267382021 76.05831248960868 489.3593204046368
15.7469447996409 74.55517238580474 483.3888561649856
23.5371756676907 72.47372876834936 542.3853060659076
5.263523641860964 76.01799338887847 476.0673799576569
16.19325545945823 74.45950898055081 469.762369176051
6.034088091377649 75.96071208793066 462.7201222311089
16.87151320966785 74.30876154274141 456.8432294637811
6.82617885562304 75.89363136806043 449.3339758663221
18.01363935647165 74.04018366491925 443.1011980403116
25.2872533378921 71.88181145898638 503.5337300851026
7.453661401480203 75.83457609634331 435.6305793155452
18.40562840936419 73.94371401854525 429.1084794805631
8.644907548094956 75.70802846121997 422.0468449311231
19.27691309421468 73.72137153877493 415.9413488315427
9.312923480330594 75.6287607742551 408.1702969831377
20.01823043150691 73.52353671030177 401.5790934873372
10.46443808441552 75.47804671278553 394.013192020924
21.75904097248484 73.02728350389138 388.1143892000497
11.28285857429159 75.36004977700409 380.7099574369766
22.51625548840317 72.79737796638663 374.2356864408705
11.6903173548794 75.29791816605693 366.6160370448415
26.45174071859871 71.46149601677834 362.13678112691
11.92964334275774 75.26037210720258 352.705691913839
23.47615959794351 72.49351647238451 346.7126969670784
28.63248278072196 70.6160104353939 464.0522969760559
12.70127286565248 75.13399808071071 338.7984322513452
24.08290406277263 72.294216448505 332.5278005309627
32.60611102336717 68.87148556501343 395.7252315879707
26.69589031554634 71.3706483104947 634.3323647674629
36.32388630243586 66.98518704824009 629.2780653726861
34.77571493052815 67.80184105959543 354.0568945066156
16.78683198895202 74.32793735719227 639.4625995514757
13.28396451484 75.03316791105432 324.8373560497394
24.33910479796019 72.20836501149927 318.3015948561012
35.44722625799823 67.4531997062725 640.9745787711192
44.52801542995546 61.83603999181747 635.9256126599046
-7.646490220729762 75.81537566552238 508.4002616699207
13.95877097709083 74.91056476098099 310.859635873659
25.1032982913108 71.94626060399159 304.9492876628692
14.59874739111674 74.7884788895346 296.9979077935437
26.2646995883272 71.53045194555202 290.8481554652105
15.54475188797514 74.5975917087227 283.157138463243
26.56438005683198 71.41970114888601 276.6945693263227
16.71107664777195 74.34500600088947 269.3988148716376
27.51739703850536 71.05795423613924 263.3293306147524
17.73431385256033 74.10758471424424 255.3680119072643
28.55790671996019 70.64620275552008 249.3398239862878
18.11439057763155 74.01559872081704 241.7961237832229
28.91534010162924 70.5006603288729 235.3582227193882
18.68202354478616 73.87436630030783 228.0142088546046
29.75501924298457 70.15040149457178 222.0822947616735
19.46295928033349 73.67247258000835 214.4289151677795
30.75067742137762 69.71969476501154 208.3521730038848
20.41234903738271 73.41509386206668 200.9170505941217
31.21600848188704 69.51259464628519 194.7201404213561
21.21122429346713 73.18827750379312 187.4413346708424
32.35711108968469 68.98882055760777 181.489886509448
22.00290843065153 72.95417754037369 174.2122638704498
32.44765568210079 68.9462808332388 168.3758464463554
10.48133226998985 75.47570253959925 180.1424639346019
39.00051808629252 65.46296349082259 229.5441485762306
11.27820943199804 75.36074569700058 167.0385325299795
-0.4551030138086463 76.19864094094345 172.8629200548826
36.83727059182598 66.70423896083811 312.3381563105152
38.7941618026336 65.5854634048665 270.7144161330217
41.3355808964951 64.01413712571083 188.8590555468672
-5.700019166048954 75.98651052329403 468.9052381603236
-73.59018468454806 19.77181625683659 549.7551225910892
37.36029213230367 -66.41271393181376 167.9645827652542
36.59851009381052 -66.83553739526039 154.755232622804
-46.34793279138092 -60.48395759179154 424.7704397832264
-70.82316386813444 28.11617790005207 354.2402378148338
-49.41849075391603 58.00217902462903 335.6427229297241
51.74188434050733 -55.93940833521179 72.13739331318948
50.88553352227139 -56.7195070337692 59.76884804341756
52.5026153120337 -55.22603901599864 84.63450711621395
-75.75870611368049 8.18892227225232 158.6843628818366
-17.20814685989851 -74.23152754489271 375.3085683498125
-61.83894363351462 -44.52398286643955 228.2427594756733
-60.18055394416449 46.74121229678909 199.5396224297473
31.06429085594071 69.58052768999039 423.2912991690168
-3.450546403051622 76.12183477505248 428.2716431787391
-12.13209393517655 -75.22800207866784 469.4653570846474
38.28926196268807 65.88150285438735 605.1638074089018
39.09992369381336 65.40363879126278 592.6950318613845
47.66359199569147 59.45268705507142 599.7173320001241
48.3971806640382 58.8570548343395 587.0782114109109
-17.36621917321301 -74.1947062237457 589.4114221935063
-16.7466337573374 -74.33700463293908 601.3821104764997
-6.863785099946432 -75.89023951801545 594.8901459179949
-6.154930685880291 -75.95101597906383 606.8399664228609
3.818758584094352 -76.10425141131346 600.3497214474869
4.585065801977014 -76.0619298439866 612.1681706620928
14.28795717860691 -74.84847546652034 606.1011872875044
15.09057269941764 -74.690793379128 617.5546756616435
-4.776239584031974 -76.05016459834869 619.2024021280238
23.78272587005926 -72.39352146559534 611.5579363844603
20.74744649343927 -73.32109835512473 597.8243484797184
25.43779957471877 -71.82867361156295 623.3769916441915
35.62849485992968 -67.35763025831568 615.6713445681913
35.37692046957757 -67.49009925973724 628.7397214159195
27.10712092440103 -71.21547581242366 635.1511559634527
43.97512866446917 -62.23044318453294 622.3132224431331
44.45204607495854 -61.8906745782413 634.3761679059996
51.88984317383981 -55.80218790866815 627.9679216390947
51.15692561595252 -56.47485247013844 615.7123476007624
52.55080025862716 -55.18019021512949 639.8054472803304
-9.180370404270825 -75.64496545865025 533.8091483550847
-65.3315273097581 39.22029499346392 167.0209844313555
48.90612518049838 -58.43484337130906 200.4718303100141
49.55763911296475 -57.88333443703072 214.0172715094202
-53.16328514947358 -54.59033899982452 579.9686261749457
-0.2557687323357802 76.19957074915553 386.8903549689254
-64.50625657889842 -40.5633191711098 136.5741592277736
-76.19621731698756 -0.7592539643662809 572.1652858093194
-51.80275186382503 55.88304661822737 143.2364300535679
-48.09022228296309 59.10812567469214 581.7303925734312
-41.65372635186175 63.80757855462169 622.2497807624612
-33.58562083377026 68.39916719675918 628.4555411345274
-42.16484484573255 63.47098438763418 633.3774199259965
-34.29612641192455 68.04568842430277 639.5449821390411
-42.73141189477295 63.09093783959196 644.3893810542637
-49.92660331854826 57.56539134820787 638.3839462597416
-50.42570194196155 57.12870192521843 649.1260434424665
-56.74624267567905 50.85571690766872 643.2452716116787
-1.279820136799778 76.1892516068864 185.9315829329493
-12.1289303986199 75.22851219707481 178.6728052893185
54.80394633795103 52.94305871204444 83.57956449784513
-73.82027640471392 -18.89462334982197 90.04251485566169
-70.84498383900494 -28.06115223669779 83.62833613484538
-73.96581360067938 -18.3166159098659 78.44645739196724
-71.13050254954526 -27.32931772015424 72.18152224814924
-74.089224751815 -17.81086117162908 67.19305666280253
-71.36385661556693 -26.71404067064368 61.01721883514429
-67.28153580726634 -35.77198539940912 65.9323437212654
-74.22426414056557 -17.2394493181062 56.11088247597578
-75.7677001469996 -8.1052831187046 62.12340602934446
-67.64192128895368 -35.08575899619382 54.8763732033883
-62.51932089194078 -43.56345389441174 59.72119129708999
-75.81888911524351 -7.61157364349904 51.17276462716447
-76.18412225229864 1.555479555254538 57.10980036881671
46.5263427455867 -60.34682618597429 160.5875505479309
45.86180192077897 -60.85339041153939 147.3574705057185
43.5586840319405 62.52264426114408 647.5174105543607
45.01023144398625 -61.48592575019743 646.1650040350153
-62.93300794187397 -42.96366501345094 48.82014986917788
-56.90214659037824 -50.68121657386597 53.6015910670517
-16.63282368576237 -74.3625522439779 204.7474696128387
-34.59080238727649 67.89636507357658 221.1547740245225
-61.60975648492473 -44.84058324629905 70.92666094067351
-20.28261046477177 73.45104296559941 552.361760265617
32.78599856923902 -68.78603272335059 49.99157863382572
51.72540755232762 55.95464425358819 642.5580691482569
-15.8243842120544 74.53877423401383 121.2668785125978
26.03909391587662 -71.61288702489348 148.9548323027513
-35.08688049446649 67.64133955775142 650.4167326520613
-26.07315330807521 71.60049354979061 645.6749081001868
52.9585565015951 -54.78897054396405 651.5939538784796
-76.17250500247511 2.046822329345047 46.30679542743079
-75.39073495361254 11.07596872305732 52.18964378898715
-75.45200268891254 10.65060046346378 63.01471474071428
-73.4932615461904 20.12909603790622 58.04985452783372
-73.60412908470188 19.71984233411981 68.91172898240185
-70.49416621222602 28.93116883299138 63.98086333736645
-70.33662422196379 29.31210147802876 53.00130448582959
-66.25158781759554 37.64528007131076 58.91294643317271
-70.69315373493161 28.44148405075454 75.04072392393563
-66.01432949868986 38.05979901206004 48.02508698067774
-60.94353542343202 45.74194453773131 53.88562856438246
-61.21726326597182 45.37495650934223 64.76973836387701
-55.08066970186967 52.65510255610122 59.45551388674292
-54.66840097013539 53.08300985596522 48.7494490891424
-47.89002454190822 59.27044414693911 54.56473120117802
1.903932783968568 76.17621045939559 317.2667531021524
2.458491233994857 76.16032970551251 345.2539537818087
-47.01944549473139 -59.9634200606335 200.7274421743999
-70.13114562396723 29.80037606255839 42.28079300212168
-57.20168697088126 50.34289431176274 653.8986364684812
-62.66319914217339 43.35623915041894 648.0382169167245
34.82247545818068 67.7778371074528 652.4338290547788
-69.24047580220679 -31.81503592146358 222.2120618466329
-67.66367144034231 -35.04379498874805 235.5213929919846
-67.92000635930556 -34.5443589628161 44.04354084108669
56.04461095420515 51.62791476509378 47.34817487202992
56.06840967136729 51.60206814579942 594.2462378721493
56.65919285247681 50.95268261147632 581.3875712791555
4.401227581205621 -76.07278879979644 163.6710587275804
-47.55121543217312 59.54260584592399 43.72641158249185
-40.08135047274003 64.80683100014521 49.47421388483795
23.33448702471536 -72.53924258836311 44.80751937280012
-48.64668668396499 58.6510006280553 65.44989802009026
-57.28075741759457 -50.25290866871971 42.74830452039483
-50.39645745736854 -57.15450179773806 47.54245642791533
-49.91361307967215 -57.57665524613931 58.07186339269858
-42.81857409250642 -63.03181508321444 52.16381715981441
-26.74902033937028 71.350752700192 656.4605785643523
-43.27699464189813 -62.71795384708529 41.4011666428619
-34.90662175882482 -67.73453888073897 46.44658162180972
-49.3359449634849 -58.07240768695569 160.1894216279282
14.00312828661051 -74.90228566731946 51.22044058483242
-54.44936270292993 53.3076626878799 37.97140684796078
-17.47368875416655 74.16946946906465 651.7486389006502
-15.6720300893232 74.57095596061075 640.8714809742369
42.77222202607093 63.06327792743169 658.9426730445516
58.8151495067773 -48.44809788315155 633.2093222209852
49.04901055419644 58.31496003303378 574.1235322817948
57.31300273673126 50.21613005100487 568.3390739899758
-39.77384933912399 -64.9960068677197 165.7767785042876
58.6838244382015 -48.60708538172541 65.11634059056618
57.96226309394266 -49.46530154591775 52.77011509294319
4.332629278432641 76.07672655638956 275.6149042760804
-75.8820983933124 -6.953211015613996 40.48416213335796
55.20479135118786 -52.52495608633875 153.2087338118692
54.14905168790537 -53.61268694348897 139.9121664146562
45.14840983287581 -61.38453461225134 134.1140529098125
53.57440278222617 -54.18692984962146 126.372378917239
13.58027457844434 -74.98010497708081 39.80449327434729
4.125031471651922 -76.08826529339385 46.12650078833939
7.681199576128216 75.81186696732701 233.9953575070875
57.61461640523154 -49.86979021890933 206.4493097445186
58.18543297915834 -49.20259534849634 220.0974061478468
50.15918736708558 -57.36284444371289 227.647718367949
58.7615395924706 -48.51310611291047 233.7848558651735
50.79712395061848 -56.79869891419612 241.3755739512634
60.93198980860302 -45.75732310750158 247.6840098152858
52.05227315611148 -55.65070403221829 254.9533123944496
60.79653522985182 -45.93714514470165 261.2898492666477
51.98863229743016 -55.71016165694193 269.0036403301682
42.49751980630965 -63.24872180773554 262.7092483253979
42.94097361567922 -62.94849311093589 276.6138320435244
52.89083715401758 -54.8543466385955 282.8851007485741
43.27501774625307 -62.71931790972764 290.3564015502227
32.76617273551692 -68.7954789522267 284.1967094723636
33.45856266604191 -68.46140945322807 298.1208972240424
43.86501026428746 -62.30811242939362 304.4831835839335
34.13319712280458 -68.12756310169743 312.0612431501831
44.28350783477335 -62.01137745484749 318.1704986101616
34.7620086762877 -67.80886927821241 325.9965572061674
44.8480272359063 -61.60433794017599 332.4257929545329
35.3426579003626 -67.50804790940067 339.9857645682176
45.27836817126921 -61.28873775618972 346.0067026889732
35.93966606945072 -67.19211562985923 353.9495031390941
45.65194899137648 -61.01097895697757 360.4044263478447
36.62973288233002 -66.81843060839689 367.9687710079844
47.07749686106435 -59.9178545117937 374.1554790042878
37.48784983624183 -66.34079525190653 381.8319615346298
47.89649065557796 -59.26521899799353 388.0943110576421
38.28224757402594 -65.88557900391395 395.7335815946137
48.49801155738449 -58.77399828988836 402.020782856485
38.99435968940776 -65.46663205338344 409.634142403951
49.09147911594392 -58.27921308844898 415.9142555738682
39.64202267702389 -65.07649374447216 423.5281935793008
49.66621551389245 -57.79019844686112 429.7874902967691
40.31278314665503 -64.66312330046212 437.3701475222932
50.21948600060309 -57.3100621691796 443.5924458121998
40.99512435311259 -64.23270023339231 451.1633631246937
50.79064864486099 -56.80448934929598 457.3774551507025
41.64439011737992 -63.81367229482621 464.9144344800448
53.2837627932926 -54.47275119349241 471.1903340569503
43.01348806436468 -62.89896536936642 478.3894974387135
54.1716775768821 -53.58982504642396 484.7311554280382
43.9152875167881 -62.27268680824552 491.9420325794374
52.42882336129495 -55.29609824345778 498.3713789724247
43.76548474489301 -62.37805980506718 505.7542456696049
52.88465601279679 -54.86030585412514 511.8649813189816
44.25685532163644 -62.030401877142 519.3138500343399
53.37292424803461 -54.38539286622429 525.4020219729409
44.89953264978885 -61.5668089787878 532.756629874234
53.76426750976525 -53.998551268885 538.6895459942035
45.49315038599615 -61.12947953285011 546.0992230962479
54.3068560490722 -53.45283328379658 552.1134206782125
34.18130336383011 -68.10343971011902 513.5582770409299
46.18587339109458 -60.60779734573582 559.3468526296496
54.98383560911731 -52.75621121450596 565.2935526645695
54.86291069290613 -52.88195373000327 338.5628285066031
35.5193203378847 -67.41526446387888 540.1079469756993
28.5926045241026 -70.63216665605175 417.2625120593944
53.74508444596123 -54.01764432013393 310.6729555479944
23.41524711418579 -72.51321398601509 319.6701527276717
33.16256380448084 -68.6052794026359 486.1259945279068
22.0194366368424 -72.94919060686063 291.8364171187792
21.28282297293291 -73.16748899820739 277.9913877137577
30.89284920848324 -69.65681494141054 458.7195322687832
-62.29053306900678 43.88997026632593 637.4245047391519
-67.26767653157961 35.79804036595822 642.2246492713175
-67.57620362784583 35.21216697745137 652.8321255433357
-71.18623071181902 27.18382896215459 647.0567416028572
-66.98348697821216 36.32702124093969 631.5413392235768
-71.360022597672 26.72428062380243 657.5958139465109
-73.98479329055775 18.23980158207434 651.8771860211701
-73.86004194265081 18.73857529882843 641.312427004622
-75.60578016116747 9.497684255712763 646.1567368040668
-75.66173069266304 9.041156374653157 656.7123193464126
-76.19977796167932 0.1839526862328259 651.0081377749689
-75.54470507226577 9.971837119828221 635.5007631959323
-76.1993099490815 -0.324288889432551 661.4971049364433
-75.65027878721882 -9.136482879974643 655.8339117520544
0.3393866328187312 76.19924420040834 159.9464816414428
11.85851220733199 75.27161276489669 154.1502118378876
-60.16791673775081 -46.75747849744559 105.740923548236
25.58394795085939 -71.77674837471893 361.5181592394713
27.03522195143394 -71.24280155943269 389.4573106374363
-19.48372576933305 73.66698331101544 539.9264406561344
-30.04455323809399 70.02688641317231 545.5174123708372
-29.35088330086037 70.32044972452378 533.1351599385382
-67.39041464731561 35.5664450523646 231.861282524103
-76.08729041178442 4.1429745102739 210.0373293072042
-76.12208990965605 3.444913320570113 222.9879925586509
56.42408887183213 -51.21291043265936 380.0695412591782
-12.64467162410705 -75.14354449663992 258.0958381918711
-34.09674604027867 -68.14581358722442 57.00120726569532
-26.39608235424143 -71.4820735313974 607.783513313737
-32.13956088377093 -69.09043802291589 146.2971789065978
-67.09396173591063 36.12257325523974 597.0359619032299
57.0268281651039 -50.54088314847409 192.8281527951089
10.46732669361629 75.47764617348045 572.7325384882993
57.13798597301601 -50.41518182995502 408.2321352721772
45.6819311464804 -60.98853307572026 657.8036108061885
55.40458566811205 52.31416526090074 607.0817285146032
4.772220558402201 -76.05041690182877 588.4667263049477
-39.71270155744099 65.03338631049151 38.6767650145806
-31.67561691554018 69.30436705590742 44.40430876709663
-31.98321556061355 69.16295194974929 55.2002572206638
-23.04422454517102 72.63197446794172 50.09710527343142
-22.68186227527861 72.74594919117692 39.23384878484207
-13.71662489586964 74.9552813447192 44.93184115900097
58.35878090771934 -48.99686409317247 436.0483816991333
-35.55319510109304 67.39740587072781 661.1135311045433
59.2577542886407 -47.9057257190316 463.5989007217349
62.00199170969611 -44.2966479999421 504.4519428857524
-75.44573913127354 -10.69487947271121 132.4075084390692
-18.3264021108986 73.9633894955447 662.4573776295184
-8.74591798626925 75.69642606211639 657.7831233283945
-75.70203801925646 -8.69720873217662 645.3644714402371
-74.07945190541183 -17.8514650769559 650.2193590825149
-73.97861683964696 -18.26483644856154 660.7089986583388
-71.3568495542567 -26.73275185406798 655.1166316461386
-71.20743002993012 -27.12824927142565 665.5448523449784
-67.58936218268002 -35.18690267327466 659.9665847669063
-67.76912300091243 -34.83943121934114 649.5106041503765
-63.01861283018272 -42.83800225220045 654.416625559226
62.71492462378437 43.28138432898195 601.4942151221644
62.16444192915259 44.0683804970981 614.4066754198801
43.97858764896324 -62.22799874977869 118.9484633760578
-34.95058302686562 -67.71186562251977 35.12198051504908
-25.71891701117328 -71.72849718049571 40.27331971513493
46.82231744475866 -60.1174732428289 572.5047396784521
35.63828927164248 -67.35244863990272 566.471940143913
55.47186509095948 -52.24281944277502 578.421788235572
32.02405132839721 -69.14405351522416 38.6007237973809
9.971164815357538 -75.5447938128431 285.574530172867
50.04651064859686 57.46117621403065 561.2804527349816
57.14737934244341 50.40453386641794 555.586032259108
-63.22489769909331 -42.53295558668814 643.8588124110948
-57.51882891445171 -49.98023929824701 648.8300032726746
-57.28928470786327 -50.24318717658529 659.4535338046757
-50.9418382064805 -56.66894317123591 653.8587837020954
50.52601451810273 57.04000225207282 547.9417084457755
57.89818841553213 49.54028439764492 541.7166539579647
51.35558158258667 56.29426471954567 534.3634919913334
59.61402919796649 47.46164264734207 528.5418484823761
64.40061586776864 -40.73083200539986 198.8664215953119
-12.88078837548309 75.10343061955307 191.7157544794518
-23.45466346350829 72.50047421785301 184.4651957190184
-22.67277020107708 72.748783435939 171.4655731304819
-33.44562211271993 68.4677322648643 177.2175713420002
-14.06620100560503 74.89046661137796 55.80485668881443
-4.539287230071821 76.06467558231553 50.60015285257386
-4.221604310059275 76.08296824552318 39.6844291131532
5.019642065347699 76.03448686968166 45.320994359781
-51.19333558737603 -56.44184964579296 643.1861286628027
-43.80956406593094 -62.34710976743904 648.2425499390479
-43.39641513919346 -62.63538259695379 659.0427505678473
-35.64177551051407 -67.35060384627684 653.3580029681838
-36.00928403244116 -67.15483201878313 642.6104349886122
-27.35922635731121 -71.11900402233856 647.774714201498
-27.02761990931076 -71.24568591878268 658.5814888973375
-18.31150730298689 -73.96707848964063 653.0027762736667
-6.679370630221555 -75.90669277464362 171.1289295116787
-76.14029168962054 3.015954479016903 35.55931454327413
-18.08517005510833 -74.02274396479648 663.8125312537204
-8.967323743522732 -75.6705167477985 658.2539432427413
61.37005569245418 -45.16808900435208 132.4352818041727
61.10742933537188 -45.52276441542773 119.0075340694521
61.34322271915119 -45.20452440219468 531.4540969887788
51.49595972438217 56.16588049754771 521.3188310530732
60.20502210641896 46.709691854749 515.4871343433155
52.18642870702737 55.52491925979137 507.902949309472
60.2824879126467 46.60967336360131 501.8398743571941
52.66207606205131 55.07400244066817 494.2793187427297
60.77358315968343 45.96750580500363 488.2295368117692
53.3362562262331 -54.42135400529475 663.0111182263747
59.75265638854278 -47.28699667469629 656.9366641950554
5.275077667583682 76.01719250012434 34.43096742351938
14.52759227725009 74.80233326993205 40.0418679838503
63.92768560923952 -41.4691573660019 185.1791226634811
-75.36844531518939 11.22664022632362 74.16072607485467
34.13719143385522 68.12556172985528 663.6783824493614
-9.216614252380062 -75.64055804740487 647.3865774326016
0.2692878855218527 -76.19952417197047 652.6865012609852
0.4975321792136932 -76.19837571582906 663.5928408071873
9.743594880087372 -75.57448219348072 658.0404701469797
-67.84733012295361 34.68688217737293 663.3060898322472
-71.62417100637542 26.0080396733297 668.0581480295382
3.830157480714901 -76.10367858174088 34.94072529561317
-39.18956086346786 65.34996801321749 538.7305792106227
53.25230727969775 54.50350235891865 480.6285488810061
61.2945661544333 45.27047779668114 474.4755104292757
53.86525309745878 53.89781543575499 466.8415134303943
61.56780275875332 44.89816993441101 460.8548790328914
54.40324972519517 53.35472255890805 453.0465009817815
62.08020320933607 44.18697058508923 446.7458899152004
-27.57824670333999 -71.03436005743782 636.8753990565766
61.50654108474968 -44.98205646466155 557.886643718585
-61.39773352155899 -45.13045887663488 241.410586150465
-67.25506357838002 -35.82173115677216 248.7364963881199
-71.9970792334331 -24.95717495740971 242.7621154983565
-71.74857382160558 -25.66285554192314 256.0758037769689
-74.85117953552954 -14.27378443650896 250.2591287610692
-74.72784286339869 -14.90602230587333 263.45254656359
-76.13774897863802 -3.079477304008985 257.4060028505785
-76.10644756015814 -3.774737046854911 270.805085134113
-74.56431726791325 -15.70358527120398 276.879458989139
-76.07836599538572 -4.303745749011969 284.349324597517
-74.41088813172092 -16.41522852257971 290.3549788822142
-76.04196621069913 -4.905035658473075 297.7810286671714
-74.30915823535639 -16.8697659246584 303.8357071555804
-75.9748005053934 -5.854031787210818 311.455077862757
-74.14109097373185 -17.59370993351937 317.6099782891206
-75.90885187190823 -6.654788312838781 325.1429378472449
-73.83783506304893 -18.82588943986401 331.34022809041
-75.81896539310618 -7.610813801359797 338.7854234641491
-73.61699199875035 -19.67176883393887 344.9704912379704
-75.72838365237757 -8.46474508761564 352.5315720577136
-73.40404213741732 -20.45205607972613 358.698987510472
-75.63747792931891 -9.241857632088685 366.230558398775
-73.18602674557766 -21.21898888249841 372.4222272454023
-75.53852642375251 -10.01853411073914 379.9660291036151
-72.9631449761055 -21.97315351049574 386.118182772305
-75.42713343063583 -10.8253195073891 393.6382387172761
-72.7424826749339 -22.69297720192177 399.7649806084075
-75.31214816737378 -11.59829032295446 407.2428794662148
-72.52635102071952 -23.37452475708067 413.2939503916281
-75.43290321251177 -10.7850411650504 420.9078300002901
-72.53597656301173 -23.34463758661103 426.6207409168258
-74.9978338098816 -13.48202224539706 434.2719113225697
-72.07098606571665 -24.74293773009332 440.1299986911297
-74.87611579178808 -14.14239314736885 447.4431472946715
-71.8226075522347 -25.45492181087344 453.367887693479
-74.72196405150552 -14.93546411349568 460.6392220694604
-71.56878362176745 -26.16006901559382 466.5215816107581
-74.57131897988647 -15.67030266459538 473.7149960159315
-71.31824216342372 -26.83557964194646 479.5105594569419
-74.43395341640634 -16.31032123547081 486.5922194148792
-71.08831095963049 -27.43887834636976 492.3567799388495
-74.22476770459495 -17.23728108487293 499.4067867671832
-70.82679575213042 -28.10702765299098 505.1135176284545
-74.02498879134794 -18.07597948772938 512.0375036837283
-70.59265310167564 -28.69002140233577 517.6684197753175
-73.81831946192845 -18.90226737237296 524.5431480698516
-70.32861315809218 -29.33131724385088 530.1243891990387
-73.62166470801161 -19.65427397847908 536.9274969722552
-70.04519531598196 -30.00184349579103 542.4331123578432
-65.05303532189399 -39.68050649132913 510.9439786806859
-66.76184306451269 -36.73276889412749 472.4168192619809
-71.01905815317083 -27.6176280487036 296.4405304537366
-75.82617157734323 7.538680516065476 278.1843092893857
-69.82966401287067 -30.50013153823432 337.3953088380988
-68.84861448238269 -32.6543761823166 378.5953760985459
-65.37815891593745 -39.14251316359783 535.7032686426662
-65.00545005495623 -39.75841374039703 547.9427097346154
-76.19822541717362 0.520041607564004 401.1574075681836
-67.42189518976949 -35.50673244639301 446.1466964225922
-2.405230118589977 76.16203035684269 614.4286761626333
-75.95152431477128 6.148654670959098 305.2749743286966
-39.8327465473926 64.95992843662302 551.053882638317
54.96446470050738 52.77639264090223 439.1062276085785
62.40923845637502 43.72101274324877 433.1710724327628
55.50920854541308 52.20313943300575 425.1796522297668
63.45025319210598 42.19603500161652 419.0257845854657
-73.41444849972613 -20.4146700066658 549.1196688246724
40.99603434191989 -64.23211944374968 235.2118708727584
56.26817706228677 51.38416341721586 411.2503602657166
63.44666846263336 42.20142486922314 404.705902042838
56.70532248757945 50.90133988000333 397.1274302262237
-68.02861418594442 -34.32998182259819 419.434227898307
64.55082050035625 40.49236437565467 561.4297078298787
-38.67793706245101 65.65407210975629 526.3259948443299
-32.62421691070632 68.8629107064404 164.3498335202351
-42.68955858124978 63.11926479402341 170.0335195940938
68.55929420264901 33.25752814679132 35.92442080122556
-75.57357002247971 -9.750667364716898 543.6921213920767
40.70727926834128 64.41550601034872 567.0359365754898
47.50232060667145 -59.58162079853986 585.5387793661504
67.87618166448667 34.63039073775526 468.4486283048076
63.70716405225234 41.80714350944594 391.2684167414913
57.14832449383475 50.40346225754107 383.0743735530647
65.18197540614496 39.46834278447367 376.220291426961
58.1267039087077 49.27196254168719 369.108661026026
66.29571991026047 37.56750619325553 363.1393825515071
58.90919160273752 48.333706093284 355.1851191934689
-75.93469799202067 -6.353081209980843 29.82605578288066
59.86180401214505 -47.1487478138236 668.2263750761758
65.45459675366101 -39.01455835730592 662.2698958181867
44.57962081039153 -61.79884633552399 91.64999229534435
64.68365101960278 -40.27983727343299 58.09593989464572
64.08042642674832 -41.23274122546423 45.83250301925457
57.60935194803529 -49.87587160268383 40.842671468826
65.38088592689257 -39.13795798728725 70.84163277086692
63.54013980557798 -42.06055912000701 34.00688001509075
14.27395196330815 74.85114758872552 50.98675810758837
-75.79386527625154 -7.856843290115487 519.0284068647595
-67.99202000239835 -34.40240131144137 638.9023036867167
0.9760018670434494 76.19374922101896 147.0339316891181
12.55794452100962 75.15808691955407 141.3294209615596
0.1927115181815033 -76.19975631372296 641.6377256983405
-36.3474300380403 -66.97241469164574 631.5318360756672
-7.125224228309142 -75.86613987607592 157.6484131324644
-48.5943810693857 -58.69434494466506 173.1865944154472
-57.0317966322089 -50.53527651950037 167.3017846222981
-59.10254357932737 -48.09708247340694 541.2768648336728
-58.69878435184648 -48.58901846729796 553.5207943254501
-64.77542003553624 -40.13209388033287 560.127092872043
66.2296224848572 37.68391043287967 536.8095327464982
-75.97996861807457 -5.786567963517281 493.7584105141432
-26.80137212839679 -71.33110437975284 669.2640862840803
42.03204902438166 63.55900294066906 669.9243481848723
49.90371253852177 57.58523660516283 665.3470470359963
66.07068923269968 37.96187593251977 348.7699118306612
59.24417466557978 47.922518383264 340.9840633517312
7.227337051889664 75.85648027122259 633.0157385920164
46.22846517699866 -60.57531681616715 668.9733317973901
37.9112310248852 -66.09976219456301 663.7913895166237
-43.43383271629907 -62.60944158489636 30.79464667067595
-36.57128459881911 -66.85043861331185 24.73254365688975
25.68316435143454 71.74130657366928 657.4516407168151
-43.42158250093365 62.61793810973509 182.894865882913
-38.696681851538 -65.64302562862905 179.0953441643837
-67.45260988561311 -35.44834861625135 670.3328017760131
66.35788300742371 37.4575941936087 334.6757884835922
59.77273381747114 47.26161541870677 326.8588718947177
-74.48525853077419 -16.07439770578458 34.55269926792775
55.97760686627962 -51.70055637538387 591.4253148366361
62.78971310037127 -43.1728146959758 584.3412884834214
63.18028349721336 -42.59919925552298 597.4165270455043
-75.82156701671811 -7.584851688024264 215.8858704142844
25.08759617267075 71.95173742361608 668.380393816557
16.41991598557791 74.40985391079977 662.3167266232751
51.12274629245564 56.50579449505346 333.109059032588
-76.08895840859421 -4.112226683345674 467.895419038464
68.53224284623785 33.31323596506772 73.3851374729112
43.88813000832134 62.29182967591082 486.7223277675849
35.15937643633871 -67.60368517032063 128.2842015071462
45.72153726733881 60.95884701920918 445.3650678648529
69.92110231698511 30.28992325473441 398.7927907579902
-9.515795266413914 75.60350283186418 668.4340716783597
66.76989866153829 36.71812403606572 320.5864533384435
60.30950986782356 46.57470364374736 312.7624554212666
-50.97208420244483 56.64173930997241 659.7322915339225
-10.5437573845121 75.46700722975933 152.8156728058142
49.03574282571474 58.32611701056711 375.3041151225977
65.83162358998278 -38.3749571401301 239.8974378589491
22.94561584121494 72.66318678441915 148.2591970864441
23.66551253769983 72.43192332340742 135.5432129249987
33.62273481062072 68.38093084957731 142.4948477127002
34.15838835739677 68.11493598929137 129.7240993851814
43.37381202946247 62.65103694299766 136.6746929023099
43.9126130550632 62.27457277795082 123.890053041708
52.29624613406078 55.42149980184345 130.8712344677876
51.77721196536226 55.90671087708476 143.8321066627774
59.71480005195188 47.33479327889167 137.9115575918792
59.30182217269623 47.85116390431808 151.1093909489967
60.09638475642763 46.84938141755357 124.7631738999304
66.77887888098783 36.70178926698748 132.0882622388823
66.58906030257016 37.0450677961409 118.6463062730358
60.5153008737057 46.30700120030312 111.5383386434958
66.82398570259433 36.61959768784291 105.4321191098821
-65.85144385399538 38.34093559557584 37.38191572872172
-69.86893268831528 30.41006815177614 31.63586512698311
-75.72333132711391 8.509823307456415 667.0656114869989
-76.19686224535474 -0.6915084688092314 671.7835750713704
-64.49634927789039 40.57907009560924 117.4281994294801
-75.89454099731481 -6.816058010822851 202.8943604248722
10.71278069914365 -75.44319936012825 299.3652183646349
-57.74977366294237 49.71321395644149 664.4032272636861
-66.45150869177833 -37.29124552205933 88.68521656169659
9.870000477428288 -75.55807759978786 668.8896393705282
-3.981479031365803 76.09591201058566 28.97849947855601
42.43048588644588 63.293711120775 527.2972937104836
-76.16686811611488 -2.246820282613537 441.5268374105216
8.632271260722604 75.70947029851222 206.9874571659329
23.46594906988532 72.49682223552664 45.63333115212317
23.7769679802324 72.39541279436843 34.67640632762643
32.22311680974709 69.05150789856363 40.30773139000057
66.75051530706747 36.75334959212495 509.2868434660174
-22.87632472258027 72.68503124569091 623.7324658249146
3.682252303328888 -76.11097830125841 150.660372842844
57.18056607094683 -50.3668826095688 29.16663419555922
-59.49828614657537 -47.60665862692149 528.9951594121126
-8.309368433307462 -75.74558994581503 145.1088354851223
3.40777000798966 -76.12376175395332 137.7203033179136
32.51679280306031 68.91370100207104 29.36767720672543
40.64319657438372 64.45595839188185 34.99263506483394
-51.63469019808854 -56.0383687141892 546.8466650476788
-18.83320714708496 73.83596893489641 672.9348345275281
68.80327684293368 -32.74979535317168 38.8504534504477
13.90222635279482 -74.92107915957736 28.96718540680043
-28.76530410950221 70.56201017181877 520.6961380270708
-38.16620221237177 65.95286960159011 513.8243818700897
67.15724754357818 36.00477888240062 306.5153658209932
60.8601287761478 45.85285951116578 298.6705421727918
67.53109887973216 35.29859323111673 292.4338170464263
61.3761720585848 45.15977749541062 284.5764486254236
53.11020396172626 54.64198235005605 290.8445653901919
-74.86279630619423 14.21273123707305 230.373726881226
-75.71774325705385 -8.55940161803823 84.95399630716108
-73.71180520673762 19.31346093179492 630.6606474879069
-75.48632933139032 10.40452228950861 624.8587433731755
-73.76105255529232 19.124516358209 619.6650483773891
-76.19179096142901 1.118476682772813 629.6947743530684
-74.18773090858809 -17.39599329256378 639.6728193643522
-66.98602544575184 -36.32234016388659 262.0177892781587
-5.659854472191046 -75.98951274586263 41.13038523062359
-6.275561505266785 -75.94114384043483 30.25243025365656
-5.104890011765016 -76.02881097299749 52.1235883401544
-51.59070773008168 56.07886300478363 670.1137386537179
-57.92497690733175 49.50895929309243 674.7507360666544
-24.25666787589408 72.23609944867295 197.5324451514225
50.04195869128132 -57.4651404795994 35.90565808739203
29.85928594715876 70.10608420619289 585.8016897743239
-30.9125298760965 69.6480832231544 582.2150727114315
71.41274225452655 26.58308190726876 356.5178516449142
-12.10558595417771 75.23227225536934 204.9548955838811
33.94206954130739 -68.22298670721661 116.9790089437846
24.51875565149579 -72.14756143697612 122.529371653321
65.34205517706059 -39.20275277627798 650.6868533186509
68.5826066314327 -33.20942739100095 590.244940100829
68.11861157462651 -34.15105792131715 577.001719530488
-48.15711208417281 59.05364134168543 544.3727879150144
-12.16949191770924 -75.22196133088269 271.53588789663
-1.131593092742138 -76.19159728652799 264.1799138447996
34.84076478526026 67.76843741136554 117.1080706138116
-65.59130622829061 38.78428221930382 26.93467447025824
68.1834868722763 34.02134797356103 608.7796913530674
67.97458593546939 34.43683590142228 623.3882655241133
68.64380594472055 33.08274331768069 595.6472334886807
-76.05648208160497 4.674562372084036 332.608897557757
51.20098186931389 56.43491344565162 156.9895980881231
58.84028600342382 48.41756647163596 164.3737574926225
65.68770521971794 38.62078951766058 158.372964923984
65.32419917374808 39.23249931254048 171.8323178338013
53.12072511534205 -54.63175416568892 97.20399743820505
60.18084114576602 -46.74084251474375 90.08227584284685
-76.1361742370724 3.118168138852413 360.0675452978624
-18.29602879935544 -73.97090867478347 165.0400459015838
-19.19907621271709 -73.74168070079689 178.0119791513239
-76.18746794361159 1.381929209893718 618.9112399509847
-73.85580860193284 -18.75525355079646 671.1099520249428
-51.76906639535378 55.91425367966072 175.6930194586197
-28.02182121311475 70.86054992660044 508.111195975826
-41.78016771650273 63.72485845869651 500.698463186402
-29.76238532888935 70.14727663662156 495.6745546666604
-39.19204524185027 65.34847809827527 488.3930955577686
-27.07584002674943 71.22737456095005 482.605779401724
-37.05710594560408 66.582361770489 475.2855574008852
-50.73340379697318 56.85562187834434 508.8152514640284
19.48050973438431 -73.66783382514079 663.6362924978524
5.168879236558904 76.0244874197641 24.08365347101287
-56.43978659991273 -51.19561005160806 180.0868304208735
-63.46856836520545 -42.16848147219962 174.5191928123409
-64.04066137943002 -41.29447529737096 161.6323696992753
-69.19534851744346 -31.91306540508972 168.573580611141
-68.85098182856184 -32.649384393018 181.5171685200338
-72.98405458893853 -21.90360189007372 175.5939946724527
-73.19863205036582 -21.17546377190258 162.8450984103773
4.45365764624878 76.069737304463 645.0593734297395
67.93837508220719 34.50821918310664 278.3413717384951
61.92649279536555 44.40213384585856 270.4972638838179
68.30430426486629 33.77812929829846 264.2681078930557
62.4256180192769 43.69762253156724 256.4243698511097
67.17825156275029 -35.96557405313919 125.0365096552291
66.72146935897932 -36.80605285246958 111.6834132845726
67.63541332783601 -35.09830286456575 138.3267395331321
58.46550353860582 48.86946793220967 177.7632608440989
64.91354161494775 39.90829631798941 185.3973738492088
-73.06390009887372 21.63576904900315 36.38971422607344
-72.88975014942375 22.21540733712935 25.95573305871479
40.57322405524547 64.50002705241953 24.26720323539034
48.78666634488247 58.5346152883327 29.84488100535466
22.06970247678075 72.93399915393628 554.9568800375101
-73.94440054097804 -18.402870119506 208.5881804944524
69.90630028503764 -30.32406932550687 63.56762106273135
-75.42989352997137 -10.80607061133617 169.7987456082865
-76.12350510514236 3.413498279971195 25.21039826789526
-76.00216245188325 -5.487376662627347 19.19294275439069
57.71100389254325 49.75821570067458 191.4887099402087
64.49288085593911 40.58458228073371 199.0632766668598
57.12861044762214 50.42580557932455 205.1883899431849
64.0492998729183 41.28107539525815 212.8286687134811
-1.151800787099439 -76.19129448268245 293.0509880500685
23.09582581204423 72.61558255677436 56.80115669968513
-62.06639054657462 44.20637018032664 626.5751082852008
-66.73932494484049 36.77366592967029 620.7279103016635
49.16673652836624 58.21573686856688 676.2510437005739
56.32779740081962 51.31880006364353 671.5800341371964
57.04317812186721 50.52242897720705 660.7949884713386
62.66766608089454 43.34978232902099 667.2744104048784
63.34386838798304 42.35557032606081 655.9478517908417
68.15871705215193 34.07094495027536 662.6014974931281
68.70249629662186 32.96068874602987 650.9526588919584
71.36247762974132 -26.71772420219714 76.45312907203228
-4.775837542859969 76.0501898469965 61.60225022836772
-14.4763991369234 74.81225747181063 66.99338386120334
45.91178445354483 60.81568916234725 623.9590907440597
56.54043505906912 51.08443210344212 218.9616326836295
63.58982976319783 41.98539687424095 226.8222717659678
69.19426691262376 31.915410484977 220.6751797846989
69.10778952210134 32.10223399343014 234.5025658355846
69.52223154551446 -31.19453992178559 191.478182657968
-25.94216161549062 71.6480582480486 469.4870948859564
-36.01139224911021 67.15370152330195 462.0193549824792
-25.73683028672947 71.72207168502653 456.1211987604612
-36.22141487237069 67.04065262692185 448.9865062238697
-24.77771467844891 72.05903729105307 443.0648798143143
-35.84738303112945 67.24139446664898 435.7179825951325
-47.22794690360745 59.79933972269289 468.0548854891299
69.59640981953464 -31.02869220949187 204.9812869911324
63.92644441236822 41.47107069744398 644.0872407204586
68.30636972600502 -33.77395231319997 27.09622776156854
-62.99878108559148 -42.86716204427022 633.3018483001738
47.52572528671939 -59.56295355312128 173.8911767305605
-10.45147563711661 -75.47984271980671 636.5837783890397
68.86863993996947 -32.61212094940839 603.4783642231332
-53.32255677083693 -54.43477693001849 260.8677767014727
-0.5222263134850675 -76.19821047555844 306.9144787869252
69.95567095085424 30.21000003005311 192.9413914550339
15.62844308616057 74.5801030215341 672.8060332119318
56.08924234928173 51.5794231519076 232.9229158471584
-1.566126398942928 -76.18390412746339 250.6150158549142
10.00683176059366 -75.54007756227931 256.7240131334529
44.34105971881419 61.97023820361314 111.2050395796495
1.980814596184964 76.17425006874397 134.4023423717229
18.98140673328341 -73.79800944758378 652.5974951442809
69.16407257261514 -31.98079212855783 177.4757047840497
63.16100856718883 -42.62777259927499 171.3872322234605
68.75106055511284 -32.85927072451863 163.7999303372322
-75.72773340913793 -8.470560354223108 229.0475350288824
47.71831493414967 59.40877392982714 18.24214447556067
55.15398520243536 52.578302714043 24.2863242804425
23.88929353959812 72.35842490117454 23.87226493217646
-17.7949112320837 -74.09305726073302 674.1280849301278
-7.505106755882752 -75.82950199350384 570.9619484038973
2.934768240086856 -76.14346416716918 564.2511725212381
2.356956530998161 -76.1635395442661 551.8071447651895
13.51209289650472 -74.99242192085963 557.5373616393092
12.91988364896404 -75.09671501801682 544.868788735336
14.08067364804789 -74.88774685899671 570.1638791110206
68.74111977331948 32.88006162266345 440.7445092504599
-68.06865076713576 34.25052967096578 673.556713844712
-71.75798635570287 25.63652461186503 678.0306617944796
72.92286346823811 22.10646927016403 602.9896848740956
-24.55045687639848 72.1367802661035 429.7124245965386
-34.45577006925893 67.96499031806273 422.1776228222899
-23.8441027613633 72.3733290895586 415.8063918921405
-33.67922961539158 68.35312350224919 408.573991861103
-22.37517826973979 72.84086351353453 402.3676799787253
-32.76694606042442 68.79511062476196 394.7710679447551
-44.57869934882164 61.7995110366366 428.3831526546474
-27.77801195832679 -70.95647998345926 625.7630799568648
-36.70130605552922 -66.77914445257871 620.3984800314337
-72.24129084930388 -24.24120245421592 188.3565652500367
-75.52627350382242 -10.11049012787269 157.0971210787388
-73.35576209478427 -20.62455254044103 150.1569891144506
-75.4764222984728 -10.47614800499687 555.7683702763537
-73.25292953118648 -20.98686053460657 561.1209986564601
-76.1999062226179 0.1195477487770296 550.2592579390804
-76.19270579625979 1.054316577029885 538.4315960240585
49.81432969132119 -57.66257501538027 24.63653901612899
-52.09943397822457 55.60655518145877 162.9495275194083
70.07213139155502 -29.93887777196483 656.1636576564842
69.94199353323117 -30.24165241182184 643.9800989361669
70.13022597733672 -29.80254023347148 667.9490590956187
-17.17875804771851 74.2383342481359 489.6325256114452
19.0486724326002 -73.78067550893999 674.1687425221827
6.97912463144074 75.8797194207966 667.0419807881441
-22.75969839223223 72.72163453261088 388.8023415775569
-32.43148466504829 68.95388895791693 381.0978198100557
-21.78934911585615 73.01824611086833 374.5856357261187
-31.81913593284625 69.2385917569606 367.2765602730283
-20.27506290680819 73.45312671442224 361.0132941248036
-30.83269572421829 69.68346198616835 353.3607922162266
-43.11063382983671 62.83242197138146 387.3861248652665
-19.54291449439962 73.65130340370486 347.1495832524536
-30.10142764850752 70.00245748201749 339.7255281266423
-18.88859195020925 73.82181990535381 332.9523028832756
-29.2348740339803 70.36875826826352 325.6670235282716
-18.09737843034153 74.01976015868337 319.0654833138794
-29.17915557937811 70.39188077949365 311.9924243802703
-18.27509837718078 73.97608248146399 305.5843826652246
70.71949789072102 28.37591616290663 165.7234359634811
55.09150558332428 52.64376518223738 262.4789243877877
63.5266230576154 -42.08097150608155 610.6521664713857
68.48229077676102 -33.41580239897216 616.8523553294917
33.20829473830437 68.58315507888148 549.3715721386078
-52.19738286057635 -55.51462170011078 558.6993788015531
-75.85028088662985 -7.292111451380591 624.0506649150939
0.6654452121199118 -76.19709431907273 674.1945446306643
-68.35064469674295 -33.68425996722513 628.188572086341
-14.6056292822236 74.78713521234954 450.3488979213643
-48.64650853202426 58.65114839151652 556.5443624318193
-40.39365213445162 64.61263705530763 563.0880552996886
48.24391225426026 -58.98275112609819 598.0842438498913
48.54944517612621 58.73151941751819 211.0981147981704
-44.77440641187087 -61.65786673624556 626.3527025240279
37.63246656774214 -66.25886702946083 674.8951839970307
-11.98622430959818 75.25138156073945 409.7113818699809
6.60768107126777 75.91296694808081 677.4206943606806
-10.02552224532224 75.53759927154522 368.3550928963659
60.20934442020545 46.70412020891815 627.0428539930319
69.68601793141694 30.82691851064971 638.1847256588785
72.99984457225051 21.85091971582133 228.1261518038868
47.9129765413845 59.25189177523988 417.1949453296846
66.90098558836469 36.4787352755742 673.6659962955825
-5.006734776045769 76.03533788234478 72.83194966078841
23.32673648466571 72.54173533197952 679.3708483685548
41.65935274560226 -63.80390527873259 30.72670065168307
34.40041650080303 -67.99302423463217 594.2829005705712
60.79295932901962 45.94187736717086 98.4130492676787
67.03906360446419 36.22435577117427 92.39385952431321
71.60559598450634 26.05913704833009 99.3137816457409
73.9026251292871 -18.56992188998284 68.81053573244195
-15.00378297259284 -74.70827595729494 46.84014267067733
-14.31306313475236 -74.84367858209933 58.18193967201239
73.18258542923928 -21.23085466701927 197.7282676868344
72.51907911849385 -23.39707596700131 31.72380566968398
41.83568647665522 -63.68842388556187 43.27416412950497
33.30601293448512 -68.53575346056911 26.73201303907936
73.5856091260088 -19.78883850947928 661.9217922600897
-43.11110470808485 -62.83209888940959 552.3502396273586
41.18019591638696 -64.11420641548943 19.35157519827847
45.04807677740308 -61.45820350984234 104.2695715787997
35.38137440037369 -67.48776441356301 98.43652387407028
-8.598129402892322 75.71335529991468 680.0243258587216
-19.48916289616733 73.66554506420661 683.3625392238673
-28.43018758231137 70.69769751579318 677.6510671536313
-37.09600860396915 66.56069520110384 681.0683949965783
25.13118102351207 -71.93652577351416 550.5577022933128
-76.16604128404451 -2.274676925901123 244.0257060183285
-75.67678567001973 8.914264448281632 251.3552794049949
-4.053326060125962 76.09211882876113 638.162469033753
71.84934895920543 25.37934305962876 670.7634654107766
-13.65961148638354 74.96569224679419 78.25729554284345
-23.92194194870639 72.3476377873025 71.9720531202681
-75.74507269266907 8.314082197228963 677.6312914738784
-76.19636000139819 -0.7447969772535337 682.0958544937189
-44.56290757961664 -61.8108992658297 20.22572785813167
-51.74543658683338 -55.93612242941055 26.21500478278605
-38.2534816300446 -65.90228481001127 14.44650589127129
-28.99935361990728 -70.46614427955861 18.82311554118762
-75.90301029443553 -6.721088322795235 613.125668192589
-52.41872329974101 55.30567283403385 188.5752973377425
-59.6693552135266 47.39206735733298 181.363898335514
-48.07273355036703 59.1223501646832 195.8009569523763
55.73259682879425 -51.96458073264014 17.8427775421119
70.98330483357952 27.7093925394103 152.1035859996535
72.47874165370773 -23.52173480624021 130.2628868945555
0.01089797418083212 -76.19999922069658 630.5064908077502
8.809876604241238 -75.68900893933044 635.8493157265875
-4.835196868922898 -76.04643891227754 63.42671649351982
70.86953018031393 27.9991016288304 84.68349935169992
73.28759864194457 20.86547112569578 589.7626442371921
69.00293293133733 32.32700491653015 582.2296763518491
13.468751185997 75.00021827628041 62.184263705382
29.02368162497817 -70.45612751870418 658.1672447632914
74.76734394347071 14.70660666635083 93.1623926082471
55.15743282965982 52.57468595856342 248.4959171929107
45.68124095696783 60.98905003876881 254.9065462902385
74.99673735631971 13.48812017692604 62.93025615152305
28.76002624710448 -70.56416151465177 669.939559884962
28.86446457966124 -70.52150512098761 681.0075472939359
-48.44628348522984 58.81664404289612 568.6787581641797
71.31914695107821 26.8331749550908 125.7696782029827
49.52332861628731 57.91269224240244 40.59420640128526
68.62894005273846 33.11357104326913 250.1557611363779
-29.95824961301122 -70.06385145083385 171.4714561540251
-29.01422053786736 -70.46002417385333 184.8752445629383
-26.08329876197005 -71.59679829219887 680.0615654432115
-34.79866470357433 -67.79006516332767 674.7884158005538
-34.79160120516473 -67.79369060304049 683.3048591117621
-43.16338629163288 -62.79619481974429 680.5722589850773
23.67065301579934 -72.43024358516013 31.96043420300992
24.10785374998741 -72.28590033726645 21.11261661829167
46.77048828073274 -60.15780436470269 679.946372243081
-75.19104903076241 12.35905116315502 30.72493357315269
-75.10236829781586 12.88698087448045 20.80218881847326
-72.54210864220957 23.32557552863086 15.59911050765012
75.22994437502676 12.1200441142093 662.0800573824266
72.50976927640023 23.42591213769927 682.1875235271325
74.65053375386579 15.28848619919404 690.3162842612742
50.26826511872576 -57.26728142625158 47.74167614964713
-33.94222690758659 68.22290841465134 207.8618037976764
74.44887302318337 16.24208439757412 8.053714763906708
71.76993613776462 25.60305190365377 16.66659145886333
-23.00278100079247 72.64511040826892 215.0000197225401
-23.36288307958816 72.53010198675784 228.3722940189146
-11.87225021335258 75.26944715401828 218.2367946642583
-10.77156621165903 75.43482856975183 232.6462101218365
-23.28337169225697 72.55566554474025 242.7185393951491
-8.206819053563404 75.75676947324291 245.9760674510429
-18.18057033388926 73.99937068877347 255.0049941836353
-5.109788904728304 76.02848188244401 259.1523164120757
-15.50698288472487 74.60545209173958 268.3563992375153
-27.94601125124565 70.89048211957126 264.1877716825906
-25.33570444705791 71.86474852228545 277.4180270090761
-12.77867441848096 75.12087246635559 281.7472118495801
-22.74295237039555 72.72687342020087 290.8494568894261
74.55568337492663 -15.74452528651433 689.8551892472101
72.55137634812132 -23.29673346186675 681.2773545305841
74.55510377207642 -15.74726965333724 8.15363077724421
71.96352706392308 -25.05375765269574 16.97399858540855
40.5164377166352 64.53571317304878 680.8564615433929
47.98185363393856 59.19612928098675 686.3275132021074
72.07906804837903 24.71938407964782 314.262616461686
-18.18756417541789 -73.9976520530554 191.4107793072845
-29.77372202282248 -70.14246557476929 197.4059682041506
-6.943823137754751 -75.88295803559309 186.0745392831076
7.532364059361031 75.8267992973279 656.4183163398671
-2.401455135569021 76.16214947880508 626.8695702470642
-51.14477056125482 56.48586056914246 680.8767083098364
-57.16879714747282 50.3802404987422 683.2198503352116
-63.77181501191226 41.70845969448456 680.0598346087053
63.11169197106511 42.70075334873376 41.65424883781789
64.12665239351612 41.16081210084604 30.31743035282439
68.44296062566126 33.49628547755981 24.58986547166164
62.78764548318039 43.17582164450906 17.87253388590517
-44.93421948599325 61.54149753771504 675.9095094395585
-68.03264992285663 -34.32198339947789 194.2982672636975
75.22994437502675 12.12004411420937 634.2056569032877
72.48894485411462 23.49027190002556 29.70884155149594
36.26898657098952 -67.01492828551996 640.7063396844223
57.0024167099458 50.56841394809305 34.43597046217808
48.4147887434581 58.8425715866185 52.31741963245097
-60.2370624647123 46.66836514837809 32.36808290940401
-60.22903522867344 46.67872444083293 22.13193302348457
-74.21761760798144 17.26804090206657 672.7174260489132
74.67116243330794 15.18741257945347 106.6739584892234
53.39715070636469 -54.36160682358256 110.28993047472
62.78577619443118 -43.17853989730083 22.56469534844224
61.60362884702901 -44.84900124726855 12.33983590028561
-75.2803446996335 11.80295310099819 41.36245112968611
53.04658548901124 54.70374546552569 105.0139016404247
-42.68428311321695 -63.12283243891027 669.9335726577458
-50.04024282423052 -57.46663465083062 675.2413725242875
-24.65856245121692 -72.09989804319723 53.00657180102518
-25.70083693035515 -71.73497738955031 64.02049121838178
-35.7946448626663 -67.26948341674401 68.21163152180962
-27.48701781353055 -71.06971121172967 75.29427614006423
-37.28378733307301 -66.45569352660603 79.31139881909984
-44.66275881492307 -61.73878825373893 72.3759564778118
-46.5933307486097 -60.29512028141799 83.29331162831201
-53.85624735108384 -53.90681423770909 75.33402202261617
-54.53959034282654 -53.21534633201838 87.21021586421168
-46.83816330042066 -60.10512838887483 94.7516881905175
-15.68129204159161 -74.56900884352906 35.61183328617828
-14.51221653314117 -74.80531780091054 25.10703094909333
-5.251456905735762 -76.01882793339556 19.20681092866057
-16.18553377139287 -74.46118785337164 69.9970313229655
-16.81304631031817 -74.32201204062694 83.24204060277748
-31.68728864277955 -69.29903129531591 86.98749947034001
26.29477832758122 71.51940039390267 645.8315288843024
-75.57821600990347 -9.714590303269148 676.5788887701026
14.6785211556476 74.77286283594609 29.08254588388607
25.2618193910179 -71.89075379390309 135.4323794314458
14.27447524021197 -74.85104779905606 129.7669017548075
13.38284423672441 -75.0155949128951 115.1948785050793
-1.929659817310744 -76.17556309597886 122.6599946863944
31.2046912139489 69.51767578279714 18.1136517286932
-25.86414215735909 -71.67625932248363 28.14165326990247
-9.906666854828867 -75.55327889527651 132.2495132654607
-21.31274085569617 -73.15877990520303 130.2444665919538
53.68967680561877 -54.07271589728227 673.8534657670011
60.13543501173258 -46.79924631818004 679.3141641238225
-21.82768539886186 73.00679523255566 158.6224959855578
-31.72915181893501 69.27987388016071 151.8298520837203
-21.21984059866126 73.18577980022764 145.9297030748804
-10.13129950354104 75.52348489290964 140.0112874964149
-20.61336062816496 73.35890786818747 133.3259201185066
-15.98640168412747 -74.50419425236224 613.3584312891335
-17.37166818782847 -74.19343060117916 624.9573869600845
-41.37062959263826 63.9914916774779 345.9086916856403
-8.739215484636851 -75.69720016429329 669.1423077643544
-7.548770492594864 -75.8251677482492 680.2538842837184
33.0742768974254 68.64788567547025 674.4567519381997
-27.72805181128292 -70.97601808181979 210.6225261442903
-12.7624507604417 75.12363044067627 607.7084412374062
-12.94777896453625 75.09191048232502 619.3468478975138
11.27933449431439 -75.36057731576484 679.9938971244023
14.3820512222739 -74.83045237495153 63.12999401240945
75.40597136369202 -10.97175841413124 633.992682826094
75.1943707814852 -12.33882501604288 620.1489549301573
74.94374860974888 13.77949724477504 135.3121033016704
75.17718604274847 12.44309843624102 562.8895381039079
72.41838959743239 23.70689452700409 555.3264296466415
71.67864116484317 25.85754050101538 541.6352314986287
75.09321966143902 12.9401839584632 534.6345442070029
72.14929636989145 24.51364993895383 528.0144547839221
72.0863907054995 24.69802168300278 513.855087040953
74.9949848971694 13.49786058134153 506.0140302641717
72.10562646608408 24.64180658826696 497.7199128431319
72.42487167799364 23.68708429558514 483.704616080735
72.33487676148533 23.96050091088934 569.547991857572
37.13476833490123 -66.53907859831857 652.4782309306052
-49.04293234511475 58.32007190489821 615.9404419414169
-71.60587779325736 -26.05836267797908 50.04298726014805
-71.84387864146908 -25.39482431027755 39.26725352761142
-68.25093348977566 -33.88583889730662 33.49369991593957
-71.99091342185325 -24.97495514885323 28.7360681451531
-68.63266818055074 -33.10584326698866 23.00191045368451
-64.02884001267567 -41.31280245433833 27.52722844055215
-74.57898601620121 -15.63377257079252 23.91307279528326
-64.56674043315917 -40.46697455749625 17.25729113172472
-68.7460626450778 -32.86972574876522 12.82003276707819
-58.00936310591607 -49.41005760010793 21.19738794029806
-54.73444082781883 -53.01491287615212 13.10938247148024
-72.41467233269621 -23.71824679330753 17.83597246705069
-57.92791064664723 -49.50552664212407 32.06529005321973
53.65775860665021 54.1043892980085 619.5144102285396
-69.62040766501181 30.97480970978782 21.20978647203873
-40.11715407522776 64.78467371920952 318.266429418998
-75.36834986604467 11.22728099182907 109.5994595983892
-73.05262446753886 21.67381042652036 104.3261217321255
-75.25712417828689 11.95011549793171 97.76373364490088
-72.96836866522004 21.9558004713227 92.33615428423018
-69.40721951156397 31.44960857743026 98.89625729609845
-69.38900903338562 31.48976699444962 86.32883535479952
-64.51006677316272 40.5572593369188 93.52140052741213
-64.12591374090248 41.16196286493556 82.32659612892816
-57.8709254165738 49.57212917990667 88.66417152143752
-57.36523733073073 50.15645069170004 77.61291348980497
-51.36355927427878 56.28698587309193 83.17668949906209
-57.4539583852816 50.05479663191461 99.93403388279911
-76.17431387281709 1.978359422740515 91.15938488278411
-58.51399313898757 48.81139833000604 111.9881781726826
-13.31676613049149 75.02735327749338 34.10847057808041
-13.00070284980663 75.08276583485075 23.5171290323175
-21.99359890147196 72.9569846372585 28.47392159325043
-24.34609453621368 72.20600862001545 17.401227792164
-31.76774162454901 69.26218731801572 23.37683321639803
-12.87900553495236 75.1037363679775 13.11214493676379
37.28488482552968 -66.45507778602766 579.7861571659014
27.33725882324155 -71.12745095974621 573.7779549839173
25.93447311669603 -71.65084161515041 586.53724566581
14.52604672528564 -74.80263341978555 589.1126437482803
75.22272063799696 -12.16479756583997 106.9587704771023
71.9767824675297 -25.01565081347893 99.94363522597041
72.32927255364467 -23.97741295178826 113.668764677017
66.76413790316712 -36.72859771413663 97.54900151218123
75.25996602018824 -11.9322049362266 591.0578712442536
-63.05780456535592 42.78029082880781 658.6236885139629
35.57620134929972 -67.38526469157843 553.3615293106639
56.18916182624437 -51.47055559505963 604.5905823192502
23.55425494046899 -72.46817973565634 537.4226130041408
12.1961027617754 -75.2176513687061 531.9351279702774
23.78276845414969 -72.39350747585243 524.2686508493675
11.4149066212822 -75.34016131405221 519.0899559781936
75.21110610010005 12.2364013990835 163.9205076621484
-69.68180970201762 30.83642970014208 122.9419554390802
-35.9198888921829 -67.2026902882112 602.1067165437871
75.21879866425915 -12.18902487919541 562.5327252194547
72.31996628788323 -24.00546762967625 555.5503579147814
72.3336197098059 -23.96429551806563 541.6436464851755
67.65343262240823 -35.06355735525518 548.6664232760902
75.23381593659587 -12.09598857549121 534.4324573254515
72.39551360689777 -23.77666102701307 527.0833113088984
72.29725909723123 -24.07376844259777 513.093046147452
67.56709441282693 -35.22964309510007 520.0457580922968
14.70310019183595 -74.76803357551162 142.7527434747155
-75.42595226125432 10.83354630224948 86.0196335086967
5.512892327296094 -76.00031590847264 190.0857358166801
-49.56374782490388 57.87810381784579 627.2013931044693
72.48774942301486 -23.49396057684206 626.7945193724161
13.54231975225334 74.98696937286991 18.23039207806314
-47.19408569634749 59.82606685455605 33.10284788776473
-39.53276873665623 65.142921303961 28.20932186182162
-47.00094246672368 59.97792433253865 22.72590134062663
-39.19859309012541 65.34455065079851 17.72768424555652
-31.28418203526548 69.48193977131305 33.62126861330925
-54.17352528315711 53.58795721423927 27.37927659648638
-52.31578251877708 55.40305857484783 16.4563189653084
-60.36343943453985 46.50478663140644 11.35738793276102
-71.64727635505933 25.94432097592372 395.6861691681414
-74.75466859929217 14.77090121184219 388.1153260416722
-74.59493012412193 15.55751907526928 374.3580739356722
-62.07609631541875 44.19273997206844 603.3098862514864
-66.81520448455241 36.63561722814899 608.3428453857648
-71.21761977840195 27.10148765472056 602.4953418616445
-30.13656961901297 -69.98733579440201 158.6935169286766
-20.7712694155691 -73.31435307540976 149.1218392234106
-27.91974171199628 70.90083231341798 667.0963277064667
-11.26301391529962 75.36301823536374 165.6566595710055
-73.31777065749459 20.7592029185859 47.1230988752348
24.31828088498186 72.21538073567935 122.7738124487667
26.30815569474126 71.51448065910326 110.3837406494671
13.35614125513979 75.02035384329211 128.7605255521887
75.31909955316146 -11.55306204003735 163.8251464933133
-69.80587440537992 -30.5545397363522 554.6142171027234
-69.98250912251622 -30.14777631794648 566.7260172914874
-64.93135905848025 -39.87930053071034 571.8428762084897
-59.44725193542548 -47.67037064389213 565.5970161934175
-69.32548088668854 -31.62938032635769 578.5708848242377
-64.44506009659678 -40.66047502361513 583.8638737343239
-74.08637222660904 17.82272286437548 596.0077379671717
-74.08595093829666 17.8244740053753 607.344251865943
33.43695454605591 -68.47196558216356 499.5857002580932
22.32651132669396 -72.85579518459055 493.5090862340815
21.36827960849255 -73.14257738535936 480.1635839048384
10.24961997607758 -75.50751810479531 487.5081234367311
9.759357797136932 -75.5724482558787 474.1921652821973
11.04819999799538 -75.39480934921379 500.8278123416704
-2.836408866091922 -76.14719157489891 481.3969639688386
19.23450250849011 -73.73244817074018 508.2174382724518
65.24713170439146 -39.36053612884095 673.3778988311385
-71.0582023508717 27.51675632523887 591.005605002473
34.79457690603402 -67.79216339614841 526.9072193934029
75.21865217577682 -12.18992882914025 505.8811977600469
72.39150432407372 -23.78886507796487 498.9063552487349
-43.29562563621519 62.70509389809337 655.099174722288
75.21110610010005 12.2364013990835 192.2019413174434
-71.02925575638459 -27.59139044510274 675.879976226383
-67.95988133796885 -34.46584582640026 680.9486972935074
-63.06689470904992 -42.76688896515167 675.0749195478942
13.40270769138957 -75.01204854247861 17.78993640717909
3.061141669626675 -76.13848837269148 23.25428684393164
-31.38084488351795 69.4383364892664 95.97018499509676
-30.73058442039832 69.7285535572105 84.8369066135462
-39.34432508845456 65.25690831884395 89.95190435296202
-39.78552523496164 64.98886044375783 77.8765992366406
-41.40045675465514 63.97219849673708 101.3964305418228
-49.29842964811875 58.10425831408131 93.56308315612529
-75.68117478283321 -8.876924213388962 96.50510061879702
-74.1265619491563 17.65482408855701 662.3729309378361
-30.59031393374699 69.79020485307953 557.798086482867
-30.86191703318063 69.67052516693897 569.8966835756517
-71.90624723702935 25.21768443547523 409.3827691306571
-74.76913785718671 14.69748359730366 416.1467015846504
-75.02248514252332 13.34416438147659 429.3543574052695
-76.17353050543446 2.008295381075304 422.263961675795
-42.02319243195922 63.56485898534289 157.2956529579145
-41.14756750309641 64.13515173894987 144.562266047118
8.732430775180076 75.69798314854029 220.2722039304148
26.9055039266392 -71.29189195451053 109.860413757089
-63.30124060583939 42.41925197079306 669.1119072507967
-74.37256028937357 -16.58801603578604 45.28079726152959
-75.89469281111332 -6.814367403269716 506.403260103156
-76.12318147623246 3.42070781221963 513.6106044391365
-76.06465464374635 4.539638083327424 501.1789585763333
-75.9953678470534 5.580686856565461 488.5318188094351
-76.17294578042898 2.030352464925193 526.0086061279695
-76.03440882186081 -5.020824146505783 481.0466038142816
-75.9012990411116 6.740386032843486 475.0085225015434
-75.9792914561077 5.795452512775859 462.0239313430437
72.53581648714069 23.34513496520952 627.0692453913142
-65.87046290698068 -38.308251283765 100.2640147185974
-69.56886727348683 -31.09039572414565 155.8328916572347
-69.4892378855188 -31.26796792389585 143.3470068031052
-47.70463521299008 59.41975916473869 532.2549014656342
-54.38467831176767 53.37365234762886 537.9967701538155
-62.88951557462159 -43.02730331765434 664.8320014010324
-63.3354376659512 -42.36817597752363 38.11779963906294
30.16039851534273 -69.9770702544463 445.0578282953442
19.40398757658058 -73.68802661306589 452.6296170279775
18.61397371947815 -73.8915420218754 438.9658348928889
8.088238760825309 -75.76952153569326 446.6076510932102
7.160276322859069 -75.86283967121389 432.5514107448404
9.091225336822438 -75.65573092552287 459.9852013369007
-3.900541190800705 -76.10010366891012 453.9356141886652
-72.21931285984751 24.30660095635471 436.4626935411141
75.21079530936508 -12.23831152295069 235.0041277807902
72.68441340828595 -22.87828768709281 227.8290382984354
71.30470219164661 -26.87153596950848 241.6397397931701
72.24850538556242 -24.21969177244742 256.2107624357968
75.20291625484693 -12.2866344767996 263.3981656558429
72.22924700086082 -24.27706484912533 270.3279568920632
75.19162304080845 -12.35555844504668 277.5484586695203
72.18167273629575 -24.41815146546313 284.4755240283536
72.14333790966258 -24.53118006236641 298.7143934984799
67.30042148597182 -35.73644173404148 291.5461396094628
67.55557234665234 -35.25173250942743 305.4951241790481
60.13128674588838 -46.80457621091926 298.6417949563372
72.148690550053 -24.51543293341346 312.8507091888304
67.54516207865971 -35.27167531841364 319.9056729494883
67.29791793748376 -35.74115612679174 277.4439096383984
75.20916232776153 -12.24834282490559 463.0117887560848
72.26907349215354 -24.15824945201354 455.8905382348678
72.26480047455301 -24.171028368132 441.7746017047831
67.48389165244205 -35.38876046771717 448.8956522721786
67.44854180245193 -35.45608845773736 434.8552436511708
67.51573007959271 -35.32798029635406 462.9259655250368
72.22986740976869 -24.27521892727717 427.7551517981653
67.71613942957016 -34.94230188117282 420.7707103825879
72.17676249248811 -24.43266166636295 326.9804551444719
67.53085662952267 -35.29905668545343 333.7106504700807
72.14669865068313 -24.52129429307347 341.1770629346292
67.62129993902178 -35.12548639601811 348.240563348763
72.09166581025791 -24.68261981034611 355.4169395484963
67.52404615613109 -35.31208278627414 361.9591666357157
60.54971892678896 -46.26198804512031 355.2160484260536
60.55156723995987 -46.25956879159835 326.7175586968562
72.06887708417847 -24.74907989856542 369.485427390585
66.95010592088371 -36.38850528920433 376.3468464375794
72.00150239834011 -24.94441124544383 383.5921580814691
66.89084308571996 -36.49733019388667 390.4890104486358
71.99994602436183 -24.94890323218606 397.8792783195555
67.4843926395168 -35.38780510395539 404.8030315616365
75.14683439365199 -12.6251051723557 405.9340485835016
75.18017181780975 -12.42504589305831 348.3960227762333
3.496707011619085 76.11972832370655 247.5393903880968
15.32733235892361 -74.64256749843948 156.2804933863693
-60.70286970268447 46.06084682090541 43.12730162666713
54.53390511086977 53.22117241623536 277.0709916458534
-57.25709446877823 50.27986806857597 496.7138959764785
-48.60007319995235 58.68963183526775 491.2136913783704
75.18536033080134 -12.3936109317488 306.2685479909496
27.81863254785616 -70.94056444071585 403.323336617363
15.94688995398299 -74.51266134554285 397.0462737650315
15.17270495187693 -74.67415231821042 383.207803551809
3.692846652212142 -76.11046500714107 390.8004642962678
4.475630913697676 -76.06844765028634 404.6021880855841
2.912672607614828 -76.14431258000069 376.989355218538
16.77698341059788 -74.33016095529811 411.0211778538333
6.334968896164398 -75.93621118468205 418.6893692149816
-69.61374907476157 30.98977153442943 110.9751893907138
-75.5978935382179 -9.56025588487428 666.2094650671746
-75.73934766377313 -8.366075272557831 73.39884189340655
4.682481536890032 76.05599494225741 122.0983656745444
39.34397325410082 -65.25712044352402 605.3245254671419
-44.31547664849432 61.98853546759074 665.6986887046534
-22.34523928412939 -72.850053406535 292.5805196994002
20.41096977560973 -73.4154773383593 466.7421763274803
43.98180890883766 62.22572205371737 500.1265253614843
33.41945611677714 68.48050783149033 492.8306787294983
34.12299999560226 68.13267110058236 479.3397582190578
43.63828612625247 62.4671112183309 514.0342829353112
33.55137330096064 68.41597291290672 520.3675877418433
42.06289791875135 -63.53859156982238 54.7901938635529
4.666914903829546 76.05695172224833 289.7979297048851
3.48543980366843 76.12024506906822 303.1268825573084
-20.69634597721427 73.33553888253257 564.662169373135
-52.06461662047644 -55.639156141721 301.4980908838331
-59.71190845000032 -47.33844092551824 309.0491160973633
-59.06884441129372 -48.13846299908603 322.6289157583137
-59.83720173364863 -47.17996702718897 295.4467735037982
-65.60312451965716 -38.76428837549268 316.611191134396
53.22055664906657 54.53450604858814 304.6447718254524
43.3941297180305 62.6369659707009 297.0828994314323
52.68065349585773 55.05623259222678 319.2620904442028
41.85589933704339 63.67514185839943 325.2770900960408
41.08717130117058 64.17386036750685 339.2969256167216
75.20139213648199 -12.29595952884796 491.4489795918367
72.27178965130953 -24.15012257933422 484.3265306122593
65.76520906440881 -38.48866426254102 492.528888939251
67.46145110063435 -35.43152008306616 477.5967217211364
72.29470355167375 -24.0814417835729 470.2405379187869
-66.42178502690486 -37.34416251356614 485.3586219369365
-60.30902053653131 -46.57533727118083 478.4686954748133
-59.24113815457619 -47.92627202433356 491.5517271205523
-60.82886420944551 -45.8943273072919 465.3131420798644
-52.86446289609304 -54.87976460142302 471.4226099973611
75.14176963577347 -12.65521457757053 377.4057909826787
-72.12032502227738 24.59875441320295 462.5027564536232
47.30621373271484 59.73744338582546 431.7401416134502
35.98748581336243 67.16651594978734 437.7091091350266
35.26948362218937 67.54630652392562 451.5246545048156
45.94442455273778 60.7910343103141 458.9169801920951
-68.51025696022447 -33.35842758950149 392.2717975458389
-62.74721184547973 -43.23456262781538 384.760316575294
-63.6002876103951 -41.96955343907086 371.1804884132734
-62.77205106834101 -43.19849076847001 398.3567929623456
-56.16146825464485 -51.50077167851487 377.1543524184368
-55.46729075031515 52.24767609013825 458.3900023518005
-46.43370412865472 60.4181356952741 452.5153802142112
51.37460778746156 56.27690178647448 346.9145015866335
50.96409879641811 56.64892438404222 361.5155536905373
39.60697022265828 65.09783337240542 366.6547540757003
40.80204994056528 64.35551818335097 381.5283210732765
1.87449398303652 76.17694055491833 331.2095894285043
24.85479377937172 -72.03248729694751 347.5884273623803
13.5902902533174 -74.97829026345283 355.2462319783819
12.82423901388024 -75.11310733630231 341.3416033830807
2.600271457320694 -76.15562085853048 348.7318222635781
0.4732253852215009 -76.19853054839564 335.0793192602777
2.571707541447014 -76.15659078714899 362.8110693518574
12.05451799212069 -75.24047179528874 327.4303436894074
-0.3011049574060713 -76.19940508825923 321.236200010214
-11.37790234540927 -75.34575859474991 328.61175182929
-74.87238759763797 14.16211761810604 401.9959675462374
17.82694636689702 -74.08535606468918 425.3386467252624
-6.095090751231848 -75.95584157083805 427.7498210489214
-44.76991894383571 -61.66112517431368 253.5240044213644
-7.826581855415639 75.79699609127316 521.3667870081872
-52.40453290612831 -55.31911903574129 287.8995433158557
-60.24820979885708 -46.65397320735826 281.576437742173
42.09611006354953 -63.51659245832953 249.0564306866351
31.07650159974048 -69.57507490704792 242.6981462515806
30.50945141326174 -69.82559254644261 229.0003341110354
31.51470328054043 -69.37768717058457 256.5409512137592
32.19166299811915 -69.06617720285035 270.4382185550638
40.39590401521994 -64.61122920045042 221.5728688806511
48.82847038449827 58.49974769099586 389.3640919694495
48.69102010078122 58.61420102283507 403.7762976262176
37.38320618406956 66.3998184892048 409.7450379918845
52.68939864150711 55.04786345351061 117.9687000603677
-45.36322348720858 -61.22595817828878 240.167933540765
-73.70775833854219 19.32889962483802 561.5276258886132
-61.54035712948651 44.9357813370955 569.3041380371385
14.4044558892761 -74.8261428281179 369.3890413144728
-72.70746891353163 22.80491096645265 488.5334244845409
-57.74220283395479 -49.72200731952024 154.615271934462
-52.41553664356228 -55.30869297287163 110.5848616051168
-73.45070307237076 20.28384130716928 537.8279749899882
-53.23909712910042 54.5164061258463 418.3333253164053
-50.22402605106655 -57.30608350970941 342.7177713909785
-58.27163316912031 -49.10047624823489 350.3096675261872
-58.63782433508953 -48.66256833796571 336.5506256463605
-57.05533284083662 -50.50870216528386 669.9449714496168
-57.34917372586628 -50.17481711935191 680.2276564822274
-50.49970588879223 -57.06329560361445 664.7340207834029
-72.99475408946371 21.86791886345658 513.5990974199409
-13.59215891331547 -74.97795153293519 244.6913142502244
-73.73135474344136 -19.23869350285535 221.6951883683649
-75.54766997513842 9.949349794211154 442.2711804945244
-46.85502887798435 -60.09198173503061 411.2186322050206
-54.97638309420117 -52.76397731293227 418.7491042030117
-54.41788005819685 -53.33980061803477 432.255840459301
-45.60167329442782 -61.04856585332917 438.2128444388024
-53.95704769663745 -53.80591978456265 445.5792861978636
-75.60686896559751 9.489012868521574 146.0809834128747
-68.21075099835627 -33.96665200222477 405.8388281018473
-57.93903575011924 49.49250586044725 509.2640338598599
62.72906052939942 -43.26089417821763 157.8459168978937
-69.49959477684551 -31.24494080414089 351.1184943922555
67.42861810543387 -35.49396371767397 263.1360491364091
61.57015415585382 44.89494534159049 678.6830629137373
-56.02278426414905 51.65159865185795 471.325779830472
-41.7649962015756 -63.73480283394918 503.9545651986604
-50.82281021892545 -56.7757163006429 498.2180953222204
-50.23807363047527 -57.29376892733577 511.1759252244613
-58.3008726164538 -49.06575437267859 505.5575032003715
-51.62589489416733 -56.04647157829285 485.4292107483545
-43.73958473409442 -62.3962236620853 476.8532740093813
-40.98628467770357 -64.23834110808157 516.7814755988607
-49.51786277940027 -57.91736583927558 523.8708307861523
75.20166411007789 12.29429603820503 462.9562641264063
72.24312413752195 24.23573838055268 455.8250871925445
75.20139213648014 12.29595952885926 434.4693877551019
72.23174908684695 24.26961935949524 427.34693877551
72.23733728960764 24.25298128699772 413.1323784147798
75.20166411007789 12.29429603820503 263.5276926978349
75.18928592526478 12.36977291823819 292.0978725582074
75.0543512948621 13.16375142987107 320.7033016689454
75.20139213648211 12.29595952884717 405.9795918367347
75.20269479651944 12.28798988205751 391.748635051634
72.23559996307016 24.25815528797064 384.6261747121364
70.48098472740668 28.96326624977002 371.9600610933404
74.79456592196993 14.5675292532431 360.3456234253417
-70.50286871030642 28.90995509538707 340.4520141149918
-74.24992391135613 17.12859594823307 346.6074084572898
56.45712270665833 -51.17649163126879 179.1022378149955
-52.72557921080364 55.01321020341634 206.7008020820003
-67.73634315135533 -34.90312044046834 432.8278426152139
35.91917212156163 -67.20307339773703 141.4897637908964
-62.09809252410878 44.16182633074889 252.5606364159877
-68.27391195043386 33.83951753474636 258.5286376590437
-68.66403839719864 33.0407298797716 271.9919412212738
-72.77095186143276 22.60151687787867 264.496890503443
-72.5004633598864 23.45469702643311 251.048466013804
-73.02765288555779 21.75780122223946 277.9733356314519
-69.0404151668241 32.24687695874694 285.510688351278
-73.2824797414948 20.88344231532259 291.5098729218383
-42.96721821289209 -62.93058206504779 608.1399700486735
22.73448333809591 -72.72952129190622 305.7095836986412
24.05122774799961 -72.30476086547728 333.7043157132155
22.59076549896926 72.77429020039 161.221245178917
-51.18391387342072 56.45039380374817 377.1279835639215
-65.75954383050195 -38.49834275919279 498.2995771522701
-71.30995464587495 -26.85759424079635 282.8650639641885
-66.28009652994737 37.59506355867561 192.4689389010094
-74.25224244898679 17.11854232395048 682.8185128917391
44.15376741193261 62.10382293653877 283.140688245898
-47.34901400212748 59.70352479566291 519.4858472802284
-68.05677524515541 -34.27412060477122 209.1676163149814
-62.49436755769801 -43.59924338292287 189.0293326861664
-75.75736643271209 8.201306675145567 264.7551032037412
-67.77049925393692 34.83675402318843 245.197351988454
42.14644804234689 63.48320185225187 175.4327705187682
-69.83020663834147 30.498889173977 312.9403442448133
-73.83360486359018 18.84247310857129 319.0552337046435
45.466682705104 61.14916813656092 473.2887708636942
75.207065600332 -12.26121053515347 434.5301727164619
9.6445207863396 75.58718951516761 193.5115938304064
-64.29085959266665 -40.90385523194633 149.1194292224132
26.29463390858573 -71.51945349073533 375.610137014762
61.11679330144326 -45.51019200738072 484.6733650991172
-18.38771254904198 -73.9481712229167 361.5678496721737
-75.04892398574789 -13.1946583351535 182.8588642448646
-3.993532110331905 76.09528041398985 18.62081333416025
2.121943699458529 -76.17044935495871 111.411130750046
-75.82523690324584 7.548075818819363 291.7622779418947
-15.09242613419839 -74.69041888611795 416.0537424933967
-71.09676276500923 27.41697146542625 368.1165612479659
71.29349798761785 26.90124801360576 342.5192966676265
72.01656572302311 24.90088876850572 328.4247492861524
11.56071622589155 -75.31792509319682 313.363318665491
56.65629286617148 -50.95590720085951 393.9544071312403
-50.76218797811824 -56.82992408647215 328.9363201714756
-16.42429359596008 -74.40888777473901 389.081709174514
-22.76340448337743 72.7204745331475 612.3539452211241
-38.26252266629675 65.89703604268654 301.9975030685216
57.05325792224899 -50.51104592519673 422.0773680447101
-73.61195088081148 19.69062435579428 305.3392408745979
-69.29176005935882 -31.70318576856664 364.8932216984869
-75.67518531433309 -8.927840032244378 531.4220879095415
-63.12593787103905 42.67969034449195 279.5337373775804
69.21239350085945 -31.87608172097364 50.80002079886644
58.78246953894271 -48.48774355343083 449.8497366023083
-63.5490913508285 42.047033052096 293.1543634583036
62.84518808043028 43.09202171093096 242.0540682976603
-76.03444458443302 5.020282535553621 197.22728867004
29.47257577500399 -70.2695330650962 431.3662431723753
-33.04157691234826 -68.66363080368947 133.8162361104342
40.81607133266868 64.34662633710101 46.38287937255342
66.92152826957845 36.4410353045027 522.9077482393944
-54.88583823464771 -52.85815699851901 192.595159325383
65.3593998481436 -39.17382865498964 226.183018324224
7.858537381787685 75.79368964642799 621.13514382942
-10.54322869161308 -75.46708109339029 508.4509217520413
-75.80761958485832 7.723005430362437 171.3098971238595
31.99434706721176 -69.1578032888755 472.7220812408389
-72.12117787289179 24.59625382505848 687.8249071940669
-61.53651172942223 44.94104720825585 239.2185718164939
-69.44701261575416 31.36163960553216 299.2216789094025
-76.10602493654642 -3.783248387004877 454.7982010987101
67.77559631771057 34.82683654566889 548.9678792821373
64.51511964713194 -40.54922116288118 212.415776289683
-75.52370321692437 -10.12967188026976 144.669683852298
70.43315838259886 29.0793775767595 179.2983780423873
-76.2 -3.81567076112449e-13 8.454683721750202
-17.91209762172297 -74.0648145801356 577.4046649812054
-70.62857848830413 -28.60146675821825 689.541518653757
-75.57439905333131 -9.744239720359765 689.5453162782499
-75.57439905333131 -9.744239720359765 8.454683721750172
-23.5354018369565 -72.47430482849066 278.8907915569299
-35.20682023758696 -67.57898940320311 664.1150166598728
69.57566294858205 31.07518503992065 206.6690073189685
-76.00968840442479 5.382124920721551 318.9179554819555
-71.49049309682623 -26.37327049822684 269.4208885726869
-34.5049048627253 67.94005843693598 234.54336308443
-54.28436825652791 -53.47567075773492 234.1471964639496
46.47182995114588 60.38881536337487 241.1773432525475
-54.73822047744657 -53.01101035598595 689.5453162782497
-36.61551158537775 66.82622472758032 192.2959385425931
-65.49489135376966 38.94687672404437 154.4556822388663
75.23147769711555 -12.11052284207439 135.6508805205438
-58.86187956453849 -48.39131258944902 619.8971584899224
-71.79078955852762 25.5445206367863 224.5480816699974
-67.0939502522932 -36.12259458486899 459.3517970174875
9.622511202599965 75.58999456380347 584.935256960042
-2.682659975977761 -76.15276315048121 237.2298352858866
-12.11591058025681 -75.23061019831769 8.461225180652407
-12.15499288904904 -75.22430556586859 689.541518653759
75.28826259982836 -11.75234081786636 36.56290993140964
-69.59461301788647 -31.03272206704765 131.0721523204907
32.92766328079632 68.71833082130632 155.3108705252324
-8.62172005650025 -75.71067258496217 546.2733733627531
-18.98201726666734 73.79785241108269 527.4730211682524
-8.569853569187043 75.7165610008979 534.2864888358187
23.17830448636433 72.58929811712869 529.5058950923755
33.50582140372845 68.43829287804783 536.038849417318
-10.05283440541109 -75.53396931458974 521.197632567664
-76.19740052063638 0.6294075767915001 640.4151644325149
-70.97139706612748 27.73987740567848 636.4723513519425
-46.03789233531787 -60.72028054383214 573.0705685709203
66.70410457928661 36.83751392637126 144.8641434739776
38.32038352461583 -65.86340567057212 181.2009618712609
-56.38194646416321 51.25930269631293 632.5799631445088
-65.03866756769371 -39.7040516952493 523.1533558917175
26.38332206733002 71.486784210031 689.5385851816824
7.299753563277981 75.84954579900536 689.4501580729209
26.34393040445201 71.50130999391124 8.455722129223101
7.350497536832616 75.84464507109924 8.456870795594142
43.60041646773065 62.49354913781455 8.454322268382285
-58.01657705765902 -49.4015868825356 142.1608053040999
-50.75004625584501 -56.84076710451392 36.61021379846292
-76.18871783175352 1.311211330581179 387.5057185406499
-66.82703112694335 -36.61403980385863 77.17126026415545
29.83853577362616 -70.11491840461652 215.2771772355046
9.261410099527728 -75.63508632221136 243.2522946914764
62.33695139856247 43.82401727743887 77.95856423105486
51.20762559612 56.42888516360744 8.462676245224598
-20.93996495722172 73.26634880755508 576.977124052088
-44.15605766163186 -62.10219458105038 637.4338995360009
39.81264569438052 64.97224979030452 579.9773312509654
30.77074400817354 69.71084071493796 573.3155067127027
48.19673969935752 -59.02130363142088 187.1475293809299
11.25960946688358 75.36352695205598 560.364267581713
46.62891272708873 60.26760736821682 88.87043137172937
63.21622960299031 42.54583780796909 588.6306622094144
-74.00857993400162 18.14304539355214 332.8202977748365
-66.47807413784538 37.24386740019266 69.96373313846644
7.324319435710202 -75.84717756649668 8.452159972089142
7.02089319773676 -75.87586611503011 689.5502860112421
26.31061967039891 -71.51357418392412 8.458481346235805
43.70483966881788 -62.42056543738549 8.475201437089327
43.60070552114694 -62.49334747041662 689.54151865376
-71.51616764540985 -26.30356944054617 644.6258465429877
58.01007452840225 -49.40922234977208 689.5486215317172
-60.89972729059665 -45.80025344832666 81.90398101007267
-23.41496195894678 72.51330606489458 61.01456630809788
-57.71551828300271 -49.7529793009864 638.2789201631184
71.4245930347885 26.55122426207204 112.4090370665574
63.83445432038074 -41.61252746011981 689.5430197046928
-24.21339952526314 72.2506144155881 634.6349714437893
19.24517864347084 -73.72966227361206 222.5435700733906
63.91789484499564 41.48424663151157 8.468589017736505
-40.34448147585046 64.64335089121509 587.8394521587792
-76.1707414314038 2.111433112894084 373.7934634421393
-12.16151200154366 75.22325189618107 689.5794565234554
-57.98975640253624 49.43306739799289 148.8498587597613
-75.34775507353555 -11.36467357113687 577.4912303999612
-73.32494499657464 -20.73384771935261 125.6075438871201
72.53042284370983 23.36188695530939 657.5168754105799
72.59731538622708 23.15318117910962 71.46529437150259
-53.71185614342463 -54.05068463607152 247.4000936938997
-75.62029025465624 9.381455207031774 566.9220958095319
72.22026527078567 24.30377098759261 300.1468074302607
-76.19337520320028 1.004776166289973 67.94620208583952
-76.1097928815766 3.706673376966433 346.3167204217622
-70.63105690976698 28.59534577180801 8.375063557589598
-40.36860304466847 64.62829015394098 60.25549915744845
-56.39141110269779 -51.24889026941493 64.45927959043789
62.2353432344609 -43.96819364596233 571.20376875886
-8.678495435938133 75.7041855974186 294.2632823772198
-58.80936745449773 48.45511634081445 160.941520644442
-64.06916033393847 41.25024477629297 105.1534510218669
-74.37815050623898 16.56293232707487 360.4606986982096
4.715682847937169 -76.05394358794074 57.13678652090695
19.43559660956315 73.67969587634261 591.6771977211724
-18.90843539274533 -73.81673977492082 642.465409913807
9.624248698125156 -75.58977336251668 647.0949212044479
4.533040116099271 76.06504813188404 56.09209263409829
-56.03190158037491 51.64170800125786 620.9646580087942
-1.552255872246817 76.184188003201 198.7787200216146
71.89946119865938 25.2370259607283 139.0553727489089
63.85871079610138 41.57529381086663 689.5415186537527
64.04809613259944 -41.28294298847044 623.2529645579002
37.30438721253207 66.44413213141905 617.2042633278609
75.16222382578826 -12.53316039800451 334.3912080266912
-72.04325312585105 24.82357103731356 237.5694704693733
-61.25005766740253 -45.33067874783991 452.3674409843446
46.73440024229818 60.18584413292448 611.9294146016177
-6.574809465393415 -75.91582101573935 583.0332550891509
35.20869974608512 -67.57801019703101 85.9319105154344
-13.10260932517267 75.06504931638891 630.5636158038459
55.77119961826547 -51.92314795098218 366.3490954221539
-21.68100210128486 73.05049040139349 8.360562428845839
-36.66437904225192 66.79942596644135 274.7515569812343
17.13003867606114 74.24959107602311 651.6173983445091
75.23942041331422 12.06107855328679 476.7876462493338
67.72567436043424 -34.92381755227255 506.2001187154825
-60.98799091976557 -45.68265495317225 254.4917278703805
-70.839175437246 28.07581206966388 625.7181228886679
-75.7513997763895 -8.256235941251642 634.8031584538236
-36.77702960914628 66.73747143193229 671.0849229857432
72.42163816255822 -23.69696870596514 568.9611573392312
50.76912699116775 56.8237251907571 654.1599745480615
-54.09860180052008 53.66359364810342 432.0415232958449
-71.78282850798834 -25.56688349002938 634.1561625865352
-60.95129614249787 -45.73160284255871 93.58586872721315
-51.50998365174433 -56.15301936848127 632.5237648189265
-53.55397875281854 -54.20711539772857 458.3953012548112
59.49782464784165 -47.60723539730791 77.76989527733225
1.771124576740976 -76.17941400229897 539.3808948192251
-60.59985405296534 -46.19629518434677 268.2211528496513
-30.84449074592606 -69.67824187380506 8.21837138255106
-6.06808266309406 75.95800400743728 482.0809870623454
4.873849647131722 -76.04397142191584 69.75746926129517
55.60930610531922 -52.09649771803193 166.1624588578726
-62.05683608796924 44.21978171306276 614.2095330387164
42.8381453541643 63.01851555388696 149.3870959134102
66.76721393796794 36.72300563627139 495.8088765830442
-33.56453834202247 68.40951517067566 65.82991627295516
72.28522106126884 -24.10989042122542 413.8173695698688
20.89410296572692 -73.27944091802013 264.74228678452
-39.50151370526223 65.16187854100724 8.192688865829039
3.250991213516403 -76.13061838793665 576.2646091931891
-61.59115185431565 -44.86613436946212 439.4062368646627
60.78533120905523 -45.95196959658483 275.1173163053215
67.21085145932044 35.90461594437635 482.1556800975751
-8.554980963404022 75.7182428528013 354.4022433023731
-62.36423237756454 -43.78518607882273 412.121673991066
59.49705900460558 -47.60819225514115 645.4053204329383
63.42712180339912 42.23079705306036 575.7349878230924
26.30396628587899 -71.51602168487382 91.93970185582975
-76.1814141847245 1.682894178329616 79.51729751535679
72.51559755471308 -23.4078643041797 143.7965336932123
9.905721859728848 -75.55340279853509 272.3318865065507
-43.79926897922595 -62.35434256637958 540.5011287888481
27.81638921577587 -70.94144410002146 647.1393980078774
61.62262065863828 -44.82290288637682 517.9077401133313
-14.79746629435926 74.74941465501453 437.070606508245
-66.03308890629209 -38.027242465024 689.7418271628253
32.10897181182258 69.10465924369777 51.28154196515291
-8.113493550354628 75.76682138250459 647.3286366990862
-11.49550737951457 75.32790525487567 396.0919063377542
60.65239696977905 -46.12728847244696 103.3979301442289
-66.74176767874987 -36.76923234330274 275.1643350443291
68.05647266360209 -34.27472142247667 534.4211922325026
-44.44027394532959 -61.89912803637915 464.2746548179176
-74.37230334933976 -16.58916798738826 629.2606274451341
-43.55415505779167 62.52579929278667 414.8420318185511
-1.235746757992544 -76.18997919641474 279.653496303899
31.35201292323671 69.45135913472967 64.49965972765798
-18.30333976650041 73.96909999041522 514.9603506230618
20.28574915877605 73.45017618132184 579.5010744442594
72.37296076309875 23.84522070317174 285.9766936057298
67.52523507634434 -35.30980923036027 84.85433198634328
0.9456942812457237 -76.19413141657577 526.9322763151561
-61.98912932495632 -44.31464594842027 426.0571337947121
-51.71440738445303 -55.96481098757353 534.9802026213872
-47.24625033876131 -59.78487960117589 188.1536177004102
49.11252668790656 58.26147717256803 198.1866049417195
62.07275302922327 -44.19743580088164 145.2653045708694
-39.50151370526223 65.16187854100724 689.988092755444
-57.43622434560225 -50.07514486171407 517.4578274190077
19.93749371345154 -73.54547127067771 235.7460739138071
-65.42908766126415 39.0573231009834 179.8540286506006
-40.6454137941653 64.45456025372508 574.4758987156557
-55.22599966237077 -52.50265670698793 405.0223158057066
-11.70787814500579 -75.29518968261981 314.9513501980992
27.47735084979536 71.07344926396389 99.21402067810143
52.77568364146434 54.96514546670529 631.0024319703144
-75.57281900316931 9.756486453340292 555.7413737859154
-37.96155786845715 -66.07087198001688 206.6069571626631
-5.616044362989538 -75.99276311408168 198.1690169418859
-44.94969249546678 -61.53019701384823 104.3668015278728
72.88914682110239 -22.21738678809415 43.66885165336462
-66.40624489166159 -37.3717893522463 289.004556101347
-55.3752685185998 -52.3451968808311 390.1667101768708
68.0732109308246 -34.24146541209155 563.7331953167044
-70.73885473843309 28.32762662657893 615.2231218654587
-42.86867899778758 62.99774885648412 401.1844782729813
61.26077697464391 -45.31619141612564 544.8489220294789
-55.22293919957698 52.50587572986307 575.9370303501258
-66.24832568153133 -37.65102049604707 303.7269628911816
72.58640331362687 -23.18736841453763 583.0607029083208
25.24209264959696 -71.89768256814098 689.7138738760252
-17.91874444187109 74.06320677385577 502.3353846609826
57.72589273850439 49.74094196477069 649.5014599721455
21.08439066158806 73.22491700527587 567.1740732282511
42.27547226955336 63.39735360712011 161.9561167722657
75.31828246543057 -11.55838771012691 79.63664697291169
20.81009401455504 73.30334226421999 70.31358633125629
20.67668476442516 -73.34108471486216 249.1521603045099
-75.52526545762522 10.11801747158221 544.720166152873
-52.67266324191384 55.06387697033273 390.9234701852297
-55.28640882098812 52.43904079670573 549.6225385524159
24.52136455077546 -72.14667477138481 562.4757188714078
72.50099065637599 23.45306704557172 271.8837261614185
-73.18898933174519 -21.20876801225591 137.099061670848
-65.49565820495616 38.94558712228589 17.54921808447913
-70.82365182295965 -28.11494873657404 310.2250078623578
-76.19606294639804 -0.7745911621935062 561.1717900704999
-54.73822047744702 53.01101035598548 7.689950720253751
-6.433820303893006 75.92789972267911 496.4223010321055
-70.35026500896414 -29.27934789520618 324.3840728404662
68.29849065504494 -33.78988272016845 150.9567992554678
72.50029297576792 23.45522369170284 645.8838261963564
-47.4692998443185 -59.6079321256004 383.7607966279431
-73.94737803728036 -18.39090213696836 680.3570096361157
-48.38516061998369 -58.8669366603901 369.3754798763805
-0.02946595359763703 -76.19999430287105 514.4950550236167
-75.36421201739432 -11.25502318954683 566.4641841162972
18.20443262330883 -73.99350399098159 641.5843275168894
72.54210073253704 -23.32560012755193 87.35316776117037
-41.48880054744163 63.91493901377523 373.6447693610501
-57.13323774420022 -50.42056271864382 363.1037133782253
64.80366472298716 -40.08646951866264 638.8782956114179
-65.16185372050182 -39.50155464925303 329.9141213712238
52.23333967114865 -55.48079151200358 296.845499654742
74.64213104408955 15.32945769415742 347.369901004153
72.64653327745773 -22.9982869528847 156.7295131056483
-40.84564244177678 64.32785938859247 359.8156237331726
75.39591670242515 -11.04064058834305 207.517402327908
-46.79985905246916 60.13495815803834 480.0718067496648
-49.86333941412015 57.62019943103505 321.8121509535683
51.1048849343335 56.5219491511796 169.4880091277769
-73.13663063646592 -21.38862452672341 571.9310638826321
72.71209044381726 22.7901711992284 470.0577447676354
-39.58062049465472 65.11385782810076 332.1519139960099
-51.03166141026772 56.58806882822379 349.3618883285801
-75.95882985631279 6.057736116712688 16.20767907117611
75.456296232933 10.62013930265804 605.408163265306
-45.78763128140802 60.90921787084305 440.3794802278799
-64.36547596812505 -40.78633966656872 357.4044743852314
-64.73489997871985 -40.19742186689511 343.6557178481579
-75.60532165737798 9.501333437176735 614.4261174635612
-76.19812149073526 -0.5350525984889888 138.2243457076596
31.25842886188149 -69.49352937566702 17.069819821319
5.861897716264021 75.97419400799234 261.8955579144619
72.73475778726241 -22.71772456977747 596.4516579714689
-73.70786856357414 19.32847929390412 7.449083280782857
55.12761454061864 52.60595132740185 681.0800788272335
72.64552439647561 23.00147354325516 242.8827211701278
72.47073061305905 23.54640533944463 614.9702581260702
1.153687143349929 -76.19126594285771 501.5890598697017
-76.191309313487 1.150819315335712 609.6380504023618
-75.4576144283993 10.61076928290442 533.1937829536777
-16.65033972132773 74.35863223032264 476.5385403714902
36.18361711117384 67.06106062948876 105.4392315366777
50.57864250816684 56.99334103236147 183.017527438238
72.62869952694884 23.05454412961102 257.6963193244856
-69.39276381103534 -31.48149187484394 588.5704381809157
3.762433695685855 76.10705678638196 65.54328451779189
75.34945937373607 11.35336831454435 219.1479003099744
72.84142056969002 -22.3733647310712 214.4504285379031
59.00177189600461 48.22064820314883 637.4119077980256
-1.707349342619915 76.18087002799493 674.1044882288938
-76.2 -3.81567076112449e-13 690.7197240462541
-43.03047207786045 -62.88734747750514 62.18457364572424
-64.9868566793548 -39.78879815899192 593.794942862431
61.76082984978453 -44.63227415521155 312.6144709042147
-73.59953704957812 19.73697408641401 78.97851521568198
67.3325331965568 -35.67590185734032 17.66942688425418
16.56752787255516 -74.37712699608737 628.1421473646393
-13.20336793862088 -75.04739219371582 482.6739640777806
-16.2590043064511 74.44517968923714 463.456616058931
75.36017137702075 11.28204635808876 236.811529991657
31.46906064849547 69.3984021566874 561.7762099802447
-20.74439552112055 -73.32196161085241 17.6886690473911
-12.2134168427463 -75.21484194642252 285.1335094821377
-76.19575825976332 -0.8040044898566375 151.2927494410314
-0.5157066634250531 -76.19825487921163 467.9347581610299
-0.06442210341799112 76.19997276766306 81.8141011991506
67.44464331627799 35.46350360497449 454.5063992046466
73.37923241998698 -20.54089212895906 55.94725154238028
72.865212819334 -22.29575656471797 170.0675248399438
72.31804792221294 24.01124621339995 7.662258325996696
40.09270207041085 64.79980895568499 202.1203164556876
45.53645002269468 61.09723168303643 100.0020768292027
72.31804792221295 -24.01124621339989 7.66297055194194
72.78992140348988 -22.54034920035102 610.4971813268036
72.31804792221295 -24.01124621339988 690.3370294480576
69.00308210190649 -32.32668650569607 679.7589225597631
75.54347883296478 9.98112247261812 591.1632653061224
68.78340809596931 -32.79150455077265 630.7018215045896
-75.31207301365663 11.59877831435939 520.5036702373848
-68.71491718678674 32.93478641213635 682.3409908486186
-1.291622749927533 76.1890524332195 663.5864541180069
-4.545240871340065 76.06432005494759 457.1118542514284
-72.78293759020811 -22.56288979142239 231.164230185273
-37.28919189187561 66.45266110586452 261.1083880741073
42.52850782767911 63.22788958957145 553.9879384783887
67.33868023343058 -35.66429789607228 251.1902304056802
6.066775723501286 -75.95810840404556 622.3678173933172
-11.63780982542947 -75.30605143324895 299.3135649146856
17.29389762103596 74.21159683683626 103.4967274941066
-76.06042597317652 -4.609945854230202 191.4000928003026
-3.798480228840751 76.10526623007837 443.8710105171995
-40.56309647369154 -64.50639661666115 690.2633492424876
15.16726911757495 74.67525659490603 117.4609638922781
-74.75115088705365 -14.78869301395289 239.4385926689898
39.29669101463108 65.28560389014268 215.6519739617133
-10.57907268685692 75.46206478149269 87.32867923746844
-76.18200022591456 -1.656152643555205 163.9353065703622
-53.83108447156115 53.93194178421216 690.2892850814301
42.77757394923529 63.05964769182989 540.824029439047
52.65124322742094 -55.08435881996777 324.7370198271802
-2.277393838050152 76.16596009574363 210.400541619631
-74.50312635248116 -15.99137779261772 197.2391825373156
-3.886899957723394 76.10080162993457 114.0748921603034
-14.9769059076144 -74.71366869211059 456.3623055366381
48.59012594402861 58.69786759962782 223.0433866998153
-76.05832021266529 4.644558797956066 233.5626020505575
-65.05355283064065 -39.67965806444211 7.795379843632031
-74.79480776271912 -14.56628750704492 15.43211242703436
57.22844974200017 -50.31246903231207 7.756511272818456
-7.502518480681093 75.82975811940217 129.8036414185248
-75.13584618828021 12.69033559726056 508.1061224063192
-76.16230457639037 -2.396531162565537 176.7717853156493
-2.280332137004204 -76.16587218265768 440.2054304595831
-75.10526179323288 12.87010687484581 241.8286950782733
-0.8205373354211828 76.19558201419017 653.4511150997624
73.03987228964893 21.71674597889321 441.6009931884703
-53.70395272997474 -54.05853735698589 98.60857750739828
73.02903848261201 21.7531500777514 214.0041547163157
-14.41971124204822 74.82320447358526 423.3052483142782
60.38714297208361 -46.47400309494689 286.8948661518857
39.50453901410336 65.16004448496936 15.48188276896149
-48.49024906682686 58.78040273285899 74.46647020183718
-58.62603352089454 -48.67677262932445 586.0484594966565
14.84871055770204 74.73925203514943 681.1920754075311
-22.28501330485385 -72.86849924351733 320.1606564123808
72.89000513294343 -22.21457070752169 183.7579747704437
55.96152426282717 51.71796401813404 16.54728450875108
-21.68100210128486 73.05049040139349 691.3213724167988
-68.89731759016021 -32.55149196090098 619.6008839292076
-1.295944310288039 76.18897904779033 414.6838840949421
-0.6581706311672361 76.19715750223409 400.8573760848147
72.31804792221294 24.01124621339995 690.8381998427735
18.90597405909961 -73.81737021105975 579.4269030342958
-39.93708731011547 -64.89583235604744 88.73830742281348
-55.2568295917646 52.47020853271586 563.5774323347867
-6.824781940570854 75.89375699926615 309.7453258092085
-39.50151370526163 -65.16187854100761 6.600850265333973
-21.88909534052355 -72.98840664909373 333.8786060766312
-16.68024480526734 -74.35192958650335 429.6164432737762
-60.59992433418465 46.19620298997631 690.3834502844151
-16.95546696671881 -74.28965028818287 682.70594241141
62.18022954985184 -44.04610145208918 340.8824503412807
2.390158703237952 76.16250482601879 359.147770716255
58.37570034358793 -48.97670476252592 621.13774843595
-39.33214990651546 -65.26424736202353 195.830411025543
-7.618547563836398 75.81818866879875 323.7136369170611
-6.517564909496534 -75.92075702764363 370.4637033438311
-9.638158302955294 -75.5880010618562 340.8340707688627
42.33499674213132 63.35762030603525 690.4237077978171
-4.167839608099528 -76.08593242512808 411.9870821413427
54.19748203927171 53.56372784452946 94.21094126549467
-74.92442871722601 13.88416297071306 453.4109355059712
-7.841049831481449 -75.79550077372815 356.2309725081408
-28.10649976602508 70.82700523742643 300.6862860624787
-8.534485516913904 75.72055570954024 337.8213509230383
-5.763830144879842 -75.98169688853346 384.4067141793469
-4.949293237235919 -76.03909847211402 398.2135224132899
-11.69826012009711 75.2966845894462 382.1039783510378
1.094984806542129 76.19213219403591 373.1625184939146
54.14245771488444 -53.61934606643344 682.1443567846783
-71.68393412916552 -25.84286338170483 201.9056671619576
22.04180644692476 72.94243462180506 15.62700061939163
-75.04977137532597 13.18983762262839 495.5299527589378
-2.349976960233884 76.16375521392293 225.4435624115696
-30.50756886170374 69.82641507444303 141.7579502451934
-16.80881126901097 -74.32296996032095 139.5308479972308
23.48112875258766 72.49190708282133 516.4832477157007
-71.2518712105195 -27.01130964984007 7.475286649855255
75.56659144465597 -9.804603889828917 60.36298511107711
-19.00177605387029 -73.79276730682054 633.0212953917735
-25.84460390598747 -71.68330662673574 617.1011786014765
-24.89029860254053 72.02022657195943 123.5842106727133
75.69790795350204 -8.733082586528822 662.3877551020407
-74.83496649195766 14.35854415139552 482.4137448189989
-58.1990259622606 -49.18651621170295 629.0382137217241
-29.27186415106776 -70.35337923029309 690.5305187358666
2.439713323881978 -76.16093354796325 682.831061643573
-59.34414525648607 -47.79866550205227 576.4676119829235
-64.11188374701447 -41.18381189750777 624.2740668331126
75.44345093788044 -10.71100884994629 189.6963530198711
-52.25205845139686 -55.46316243771 623.5100698136289
73.03307054785257 21.7396091582252 200.2041594754571
73.42742797334205 -20.3679361060385 641.065228707374
-76.17300881101282 -2.027986360251127 411.0388483006046
48.28003715638088 -58.95318491971814 16.0339115562536
67.79571825161375 34.78764991700083 426.6058520374388
-50.20065073409048 57.32656160868068 152.9220322970176
-43.23070931296724 62.74986671139411 134.5678060267179
-72.14352025144811 -24.5306438099145 625.1861523154774
73.25000717589239 -20.99705809706953 671.705750891485
31.21120787411316 69.51475025517172 682.5160298252318
-59.39835029624562 47.73128934026923 171.2831348212476
35.63502698894398 67.35417471469185 506.5991598648729
-74.30224744131144 16.90017825853113 690.6324287403745
37.30096425521963 66.44605380028845 242.954809478925
-60.92524858475952 45.7662985709491 545.1519303783056
-51.22932783791205 -56.40918337713931 683.117620860855
-74.70376124847027 15.02624555008838 468.5052419464031
-35.40649508145256 -67.47458859487085 611.7192125808043
-41.25106131807452 64.06863460487087 69.19742453864876
61.40474195792552 -45.12092269757547 473.6753754473272
66.46793278301338 37.2619633346502 682.220887982359
53.06274088951986 -54.68807483621706 352.7139918741765
4.503642438109128 76.06679436383304 16.22196840896108
-32.21690135243905 69.05440802184327 75.02036846407883
68.24890934234926 33.8899155144977 570.0740090020327
-44.46484701059085 -61.88147849174865 617.2804795374597
36.51847030801201 66.87930417074362 256.7145099842335
61.56640762674636 44.90008298363499 88.45037698162534
39.50216830253331 -65.16148171579843 683.0175969453863
23.88097092093163 72.36117210129765 490.4826640909527
-22.36969417749155 72.84254788518521 81.30132414574426
47.78883451568372 59.35206226941568 269.1816732444332
-76.10845242033497 3.734095631020879 432.4291556820617
-43.3646036102602 62.6574110040066 683.5720859586029
-5.703225077981156 75.98626996839552 270.1139525975648
73.20328971833537 21.15935666350599 186.4549100801935
-52.70326832698621 -55.03458465050583 570.2491167064505
24.58512577704708 72.12497203137603 477.2219358822206
44.17368079556961 -62.08966037087919 613.1527157408241
67.97788665117834 34.43031987129294 412.5811779406718
7.729894118950973 -75.80691747399975 103.4521386256956
-59.75808495689632 47.28013623377541 531.431318094258
62.12475436452962 -44.12431183765768 369.2527000684436
34.93530401219107 67.7197499521062 284.3638957433315
73.15117356127708 -21.33883330006395 652.0064833201307
3.48195200621699 -76.1204046903746 15.23623294170633
63.34919857821988 -42.34759780078753 413.2382659653013
19.96179377176466 -73.53887944083414 682.1393689881598
-74.79765788542639 -14.55164509100989 618.1410324126924
38.04792962594401 66.02117123453061 465.7108592546078
-63.42159289539588 -42.23909983191725 682.9017092844496
34.16052936690621 68.1138622702658 298.2320400128842
-76.03037532647309 5.081537928189945 450.2430582384271
-0.3688747860920226 -76.19910715613527 491.393663461967
-50.50455275949093 -57.05900586729319 67.00700515059636
-0.9844991255944607 76.19363990171165 681.6885671454208
45.85263335397424 60.86029916543304 311.3871857550649
75.8128827941474 -7.671166954308188 7.531391175187157
75.7859311317219 7.933009674638359 7.525291665865506
75.81296578677568 -7.670346707495007 690.4844117441096
75.87115230465075 7.071651006977802 690.6881311853774
-50.75743911980918 -56.83416555205913 18.46657197874253
-71.58161466685614 -26.12493907525384 214.1473900924719
-27.98009978867024 70.87703447391162 253.6705707696409
64.79605522550581 40.09876840020402 634.8629776075156
32.58713497567742 68.88046627366123 326.0201759754782
25.81554273066092 71.69377764856181 450.3367621065505
-55.92736583953157 51.75490073656019 68.05873506321726
-71.74686358036327 -25.66763655619159 682.7748969956504
63.03971977266348 -42.80693554768973 428.5071614604246
-54.0986320066056 53.66356319714401 527.4904061202601
-13.86881114889501 -74.9272719196174 16.27478771417963
31.80531676316864 69.24494079421619 339.9212932189363
66.8080636783765 36.64863745824654 83.01530581375795
-54.73854804208197 -53.01067211651522 5.644485494599771
-12.16094094061496 75.22334421865912 5.666224411691074
68.8893402478911 -32.5683711629902 218.7451738896746
26.55185036266373 71.42436028638069 436.7811856270026
-45.1775904366835 -61.3630615463023 563.9729900632485
59.6281208686259 -47.44393745966433 494.1652151671085
73.25072700453264 20.99454675165516 172.8778925583338
73.48403749111333 20.16274371221963 398.859548380313
40.31014818416136 64.6647659345563 423.9725466403891
-25.96056983631285 -71.64139036739812 139.4830158717697
-7.122065872102141 -75.86643643742229 113.2239150406634
43.83375624608087 62.33010358854834 353.7069214606797
62.77399469736235 -43.19566633049573 383.3485897358194
-32.66897921731138 68.84168647628323 15.83232656550057
65.28475769325499 -39.29809681057067 681.3342201835894
-35.30890227626079 -67.52570932648887 554.0866702630419
41.76011669667653 63.73800007436662 395.9577531118553
32.30912507238973 69.01130658853431 374.1159764827991
27.99350234371 70.87174208760995 409.3001298057637
31.11651806731478 -69.55718728763027 604.8969810484867
52.96277709539228 54.78489063915151 690.8932117479438
72.59048334962569 23.17459227403399 579.6762588804695
67.60724505895381 35.15253071314449 16.25346651240973
63.24520535909884 -42.50275284126212 442.5753820690741
-68.67384353229615 33.02034546308847 14.07584414544009
-74.87966553733726 -14.12358626611903 609.6153503128367
-35.95936091869118 -67.18157755158258 541.7135378835907
10.88327147868573 -75.41879342658052 581.7647828584471
-45.11924309989127 61.40597611057831 15.33083899444246
-76.07447539767166 -4.371978152855786 602.86941032656
63.53035865488 -42.07533159919616 455.5685467302991
62.68616350284458 43.32302973355669 549.2479455200106
-53.51306243109331 54.24750823075573 516.300071493802
69.07452025578691 32.17375718552132 560.2691212801047
-62.51340557131584 43.57194193372816 72.88039450758316
27.37068060461349 -71.11459655542058 101.415831541722
-2.372513659243768 76.16305652307227 237.9281453222719
73.26033729560842 20.96098707918321 159.830833891735
62.95157914494119 -42.93644935434469 397.4872895735181
65.18395456894714 -39.46507401175671 7.039300987221119
21.67573194061116 -73.05205435057093 14.0976600250694
73.0238370513044 21.77060454614301 636.8437829670664
-76.0474442214333 -4.819359645014329 429.0474885911498
68.32335153429275 33.73958558016765 384.4833528609901
-69.53350856369025 31.1693950346043 691.1350256455358
-74.68882900838679 15.10029209505434 13.23913930442514
9.416078490719975 -75.61598684045988 509.6043162461626
-8.553124036239991 -75.71845263356016 628.4771031323241
60.32433206130214 46.55550409304742 23.90919941029904
-60.59867803579426 46.1978378315928 190.2864487001219
12.07049550323332 -75.23791024680592 597.3124134333461
-43.54881048481267 62.52952187053624 205.0438135226008
-51.27188749040207 56.37050250948231 499.8409580087916
-44.96981631226813 61.51549090140519 83.29713669123133
-74.50443389190389 15.98528480969058 258.4081700874547
69.12820953309405 -32.05823836003228 232.0590960695772
30.7458558824572 69.72182116134928 385.7095909492671
-54.39372315101802 53.36443461492313 197.3653067408513
-67.41133925976816 35.52676933249688 77.43814694703801
-3.034574577795228 76.13955185796537 282.1314427996614
-75.84355313169064 7.36175579331583 408.7180134873427
-74.6207311666967 15.43329129342086 270.3680271925929
-75.80841186418641 7.715224600093184 394.7560668660969
69.67118688531636 30.86042316610908 680.6424735791168
50.15440533887414 -57.36702559052468 606.9952755959293
-23.80095380297576 -72.38753068083352 94.05344030829522
36.55704619894269 -66.85822592028875 107.3328279353031
3 1 0 0
$EndNodes
$Elements
22 13044 1 13044
0 1 15 1
1 1 
0 2 15 1
2 2 
0 3 15 1
3 3 
0 4 15 1
4 4 
0 5 15 1
5 5 
0 6 15 1
6 6 
1 1 1 49
7 1 7 
8 7 8 
9 8 9 
10 9 10 
11 10 11 
12 11 12 
13 12 13 
14 13 14 
15 14 15 
16 15 16 
17 16 17 
18 17 18 
19 18 19 
20 19 20 
21 20 21 
22 21 22 
23 22 23 
24 23 24 
25 24 25 
26 25 26 
27 26 27 
28 27 28 
29 28 29 
30 29 30 
31 30 31 
32 31 32 
33 32 33 
34 33 34 
35 34 35 
36 35 36 
37 36 37 
38 37 38 
39 38 39 
40 39 40 
41 40 41 
42 41 42 
43 42 43 
44 43 44 
45 44 45 
46 45 46 
47 46 47 
48 47 48 
49 48 49 
50 49 50 
51 50 51 
52 51 52 
53 52 53 
54 53 54 
55 54 1 
1 2 1 1
56 1 2 
1 3 1 49
57 2 55 
58 55 56 
59 56 57 
60 57 58 
61 58 59 
62 59 60 
63 60 61 
64 61 62 
65 62 63 
66 63 64 
67 64 65 
68 65 66 
69 66 67 
70 67 68 
71 68 69 
72 69 70 
73 70 71 
74 71 72 
75 72 73 
76 73 74 
77 74 75 
78 75 76 
79 76 77 
80 77 78 
81 78 79 
82 79 80 
83 80 81 
84 81 82 
85 82 83 
86 83 84 
87 84 85 
88 85 86 
89 86 87 
90 87 88 
91 88 89 
92 89 90 
93 90 91 
94 91 92 
95 92 93 
96 93 94 
97 94 95 
98 95 96 
99 96 97 
100 97 98 
101 98 99 
102 99 100 
103 100 101 
104 101 102 
105 102 2 
1 4 1 49
106 3 103 
107 103 104 
108 104 105 
109 105 106 
110 106 107 
111 107 108 
112 108 109 
113 109 110 
114 110 111 
115 111 112 
116 112 113 
117 113 114 
118 114 115 
119 115 116 
120 116 117 
121 117 118 
122 118 119 
123 119 120 
124 120 121 
125 121 122 
126 122 123 
127 123 124 
128 124 125 
129 125 126 
130 126 127 
131 127 128 
132 128 129 
133 129 130 
134 130 131 
135 131 132 
136 132 133 
137 133 134 
138 134 135 
139 135 136 
140 136 137 
141 137 138 
142 138 139 
143 139 140 
144 140 141 
145 141 142 
146 142 143 
147 143 144 
148 144 145 
149 145 146 
150 146 147 
151 147 148 
152 148 149 
153 149 150 
154 150 3 
1 5 1 49
155 2 151 
156 151 152 
157 152 153 
158 153 154 
159 154 155 
160 155 156 
161 156 157 
162 157 158 
163 158 159 
164 159 160 
165 160 161 
166 161 162 
167 162 163 
168 163 164 
169 164 165 
170 165 166 
171 166 167 
172 167 168 
173 168 169 
174 169 170 
175 170 171 
176 171 172 
177 172 173 
178 173 174 
179 174 175 
180 175 176 
181 176 177 
182 177 178 
183 178 179 
184 179 180 
185 180 181 
186 181 182 
187 182 183 
188 183 184 
189 184 185 
190 185 186 
191 186 187 
192 187 188 
193 188 189 
194 189 190 
195 190 191 
196 191 192 
197 192 193 
198 193 194 
199 194 195 
200 195 196 
201 196 197 
202 197 198 
203 198 4 
1 6 1 49
204 4 199 
205 199 200 
206 200 201 
207 201 202 
208 202 203 
209 203 204 
210 204 205 
211 205 206 
212 206 207 
213 207 208 
214 208 209 
215 209 210 
216 210 211 
217 211 212 
218 212 213 
219 213 214 
220 214 215 
221 215 216 
222 216 217 
223 217 218 
224 218 219 
225 219 220 
226 220 221 
227 221 222 
228 222 223 
229 223 224 
230 224 225 
231 225 226 
232 226 227 
233 227 228 
234 228 229 
235 229 230 
236 230 231 
237 231 232 
238 232 233 
239 233 234 
240 234 235 
241 235 236 
242 236 237 
243 237 238 
244 238 239 
245 239 240 
246 240 241 
247 241 242 
248 242 243 
249 243 244 
250 244 245 
251 245 246 
252 246 4 
1 7 1 49
253 5 247 
254 247 248 
255 248 249 
256 249 250 
257 250 251 
258 251 252 
259 252 253 
260 253 254 
261 254 255 
262 255 256 
263 256 257 
264 257 258 
265 258 259 
266 259 260 
267 260 261 
268 261 262 
269 262 263 
270 263 264 
271 264 265 
272 265 266 
273 266 267 
274 267 268 
275 268 269 
276 269 270 
277 270 271 
278 271 272 
279 272 273 
280 273 274 
281 274 275 
282 275 276 
283 276 277 
284 277 278 
285 278 279 
286 279 280 
287 280 281 
288 281 282 
289 282 283 
290 283 284 
291 284 285 
292 285 286 
293 286 287 
294 287 288 
295 288 289 
296 289 290 
297 290 291 
298 291 292 
299 292 293 
300 293 294 
301 294 5 
1 8 1 49
302 3 295 
303 295 296 
304 296 297 
305 297 298 
306 298 299 
307 299 300 
308 300 301 
309 301 302 
310 302 303 
311 303 304 
312 304 305 
313 305 306 
314 306 307 
315 307 308 
316 308 309 
317 309 310 
318 310 311 
319 311 312 
320 312 313 
321 313 314 
322 314 315 
323 315 316 
324 316 317 
325 317 318 
326 318 319 
327 319 320 
328 320 321 
329 321 322 
330 322 323 
331 323 324 
332 324 325 
333 325 326 
334 326 327 
335 327 328 
336 328 329 
337 329 330 
338 330 331 
339 331 332 
340 332 333 
341 333 334 
342 334 335 
343 335 336 
344 336 337 
345 337 338 
346 338 339 
347 339 340 
348 340 341 
349 341 342 
350 342 5 
1 9 1 49
351 6 343 
352 343 344 
353 344 345 
354 345 346 
355 346 347 
356 347 348 
357 348 349 
358 349 350 
359 350 351 
360 351 352 
361 352 353 
362 353 354 
363 354 355 
364 355 356 
365 356 357 
366 357 358 
367 358 359 
368 359 360 
369 360 361 
370 361 362 
371 362 363 
372 363 364 
373 364 365 
374 365 366 
375 366 367 
376 367 368 
377 368 369 
378 369 370 
379 370 371 
380 371 372 
381 372 373 
382 373 374 
383 374 375 
384 375 376 
385 376 377 
386 377 378 
387 378 379 
388 379 380 
389 380 381 
390 381 382 
391 382 383 
392 383 384 
393 384 385 
394 385 386 
395 386 387 
396 387 388 
397 388 389 
398 389 390 
399 390 6 
1 10 1 49
400 5 391 
401 391 392 
402 392 393 
403 393 394 
404 394 395 
405 395 396 
406 396 397 
407 397 398 
408 398 399 
409 399 400 
410 400 401 
411 401 402 
412 402 403 
413 403 404 
414 404 405 
415 405 406 
416 406 407 
417 407 408 
418 408 409 
419 409 410 
420 410 411 
421 411 412 
422 412 413 
423 413 414 
424 414 415 
425 415 416 
426 416 417 
427 417 418 
428 418 419 
429 419 420 
430 420 421 
431 421 422 
432 422 423 
433 423 424 
434 424 425 
435 425 426 
436 426 427 
437 427 428 
438 428 429 
439 429 430 
440 430 431 
441 431 432 
442 432 433 
443 433 434 
444 434 435 
445 435 436 
446 436 437 
447 437 438 
448 438 6 
2 1 2 296
449 2 479 1 
450 1 480 2 
451 480 535 2 
452 479 534 1 
453 485 507 443 
454 444 499 498 
455 443 507 494 
456 487 499 444 
457 483 509 449 
458 509 514 449 
459 439 492 481 
460 481 492 490 
461 444 498 486 
462 486 498 489 
463 459 533 488 
464 459 488 484 
465 476 529 484 
466 484 488 476 
467 464 495 486 
468 486 489 464 
469 447 501 481 
470 481 490 447 
471 448 502 460 
472 461 506 442 
473 460 511 448 
474 483 497 440 
475 442 500 461 
476 485 493 441 
477 442 508 466 
478 443 494 460 
479 460 502 443 
480 445 495 464 
481 440 497 462 
482 466 500 442 
483 464 503 445 
484 441 493 463 
485 440 509 483 
486 441 507 485 
487 465 496 463 
488 463 504 465 
489 463 496 441 
490 462 510 440 
491 445 503 466 
492 461 505 446 
493 465 504 446 
494 446 505 465 
495 466 508 445 
496 446 506 461 
497 447 499 487 
498 487 501 447 
499 467 512 450 
500 455 522 475 
501 450 516 467 
502 469 513 448 
503 469 510 462 
504 462 513 469 
505 448 511 469 
506 472 522 455 
507 467 516 453 
508 470 519 454 
509 449 514 471 
510 452 519 470 
511 471 520 449 
512 477 531 457 
513 454 524 470 
514 450 512 474 
515 453 525 467 
516 470 521 452 
517 457 531 473 
518 468 515 451 
519 472 527 456 
520 452 521 478 
521 457 518 477 
522 474 524 454 
523 455 527 472 
524 473 525 453 
525 453 526 473 
526 454 517 474 
527 458 529 476 
528 473 526 457 
529 477 518 451 
530 459 520 471 
531 475 530 455 
532 474 517 450 
533 478 523 452 
534 451 515 477 
535 476 532 458 
536 471 533 459 
537 456 528 472 
538 475 523 478 
539 478 530 475 
540 458 532 482 
541 482 537 458 
542 451 536 468 
543 479 492 439 
544 480 528 456 
545 439 534 479 
546 456 535 480 
547 468 482 72 
548 72 482 73 
549 54 439 53 
550 45 442 44 
551 26 458 25 
552 32 483 31 
553 29 459 28 
554 38 443 37 
555 36 448 35 
556 13 452 12 
557 65 467 66 
558 34 462 33 
559 61 470 62 
560 57 455 58 
561 69 477 70 
562 77 471 78 
563 47 445 46 
564 59 478 60 
565 63 474 64 
566 82 469 83 
567 99 447 100 
568 21 457 20 
569 39 485 38 
570 38 485 443 
571 51 487 50 
572 50 487 444 
573 71 468 72 
574 23 451 22 
575 31 483 449 
576 41 463 40 
577 9 472 8 
578 11 475 10 
579 31 449 30 
580 67 473 68 
581 93 466 94 
582 17 450 16 
583 19 453 18 
584 55 456 56 
585 91 461 92 
586 43 446 42 
587 80 440 81 
588 74 476 75 
589 87 441 88 
590 95 464 96 
591 89 465 90 
592 15 454 14 
593 50 444 49 
594 84 460 85 
595 53 481 52 
596 49 486 48 
597 439 481 53 
598 28 484 27 
599 444 486 49 
600 459 484 28 
601 102 492 479 
602 7 528 480 
603 484 529 27 
604 486 495 48 
605 481 501 52 
606 476 488 75 
607 464 489 96 
608 447 490 100 
609 472 528 8 
610 11 523 475 
611 74 532 476 
612 71 515 468 
613 455 530 58 
614 15 517 454 
615 36 502 448 
616 443 502 37 
617 440 510 81 
618 19 526 453 
619 457 526 20 
620 442 506 44 
621 84 511 460 
622 80 509 440 
623 26 529 458 
624 45 508 442 
625 452 523 12 
626 477 515 70 
627 32 497 483 
628 39 493 485 
629 89 496 465 
630 461 500 92 
631 93 500 466 
632 95 503 464 
633 67 525 473 
634 82 510 469 
635 87 507 441 
636 467 525 66 
637 41 504 463 
638 59 530 478 
639 441 496 88 
640 99 499 447 
641 450 517 16 
642 469 511 83 
643 466 503 94 
644 446 504 42 
645 445 508 46 
646 470 524 62 
647 462 497 33 
648 47 495 445 
649 51 501 487 
650 465 505 90 
651 463 493 40 
652 43 506 446 
653 91 505 461 
654 449 520 30 
655 77 533 471 
656 460 494 85 
657 63 524 474 
658 471 514 78 
659 61 521 470 
660 478 521 60 
661 29 520 459 
662 473 531 68 
663 34 513 462 
664 21 518 457 
665 69 531 477 
666 448 513 35 
667 456 527 56 
668 57 527 455 
669 17 516 450 
670 453 516 18 
671 451 518 22 
672 65 512 467 
673 454 519 14 
674 13 519 452 
675 474 512 64 
676 475 522 10 
677 9 522 472 
678 482 532 73 
679 75 488 76 
680 468 491 482 
681 96 489 97 
682 488 533 76 
683 100 490 101 
684 489 498 97 
685 490 492 101 
686 8 528 7 
687 12 523 11 
688 73 532 74 
689 16 517 15 
690 70 515 71 
691 101 492 102 
692 58 530 59 
693 79 509 80 
694 88 496 89 
695 92 500 93 
696 81 510 82 
697 20 526 19 
698 85 494 86 
699 94 503 95 
700 37 502 36 
701 76 533 77 
702 498 499 98 
703 52 501 51 
704 42 504 41 
705 83 511 84 
706 97 498 98 
707 98 499 99 
708 40 493 39 
709 46 508 45 
710 48 495 47 
711 66 525 67 
712 494 507 86 
713 44 506 43 
714 86 507 87 
715 90 505 91 
716 27 529 26 
717 33 497 32 
718 30 520 29 
719 79 514 509 
720 62 524 63 
721 60 521 61 
722 78 514 79 
723 35 513 34 
724 68 531 69 
725 22 518 21 
726 56 527 57 
727 18 516 17 
728 64 512 65 
729 14 519 13 
730 10 522 9 
731 25 537 24 
732 24 536 23 
733 55 535 456 
734 54 534 439 
735 468 536 491 
736 491 537 482 
737 491 536 24 
738 24 537 491 
739 102 479 2 
740 7 480 1 
741 2 535 55 
742 1 534 54 
743 458 537 25 
744 23 536 451 
2 2 2 290
745 30 573 574 
746 46 561 562 
747 573 30 624 
748 561 46 623 
749 46 562 617 
750 30 574 618 
751 30 29 624 
752 46 45 623 
753 12 591 608 
754 22 588 601 
755 38 587 594 
756 587 37 611 
757 54 592 593 
758 607 13 608 
759 23 601 609 
760 598 50 599 
761 49 597 599 
762 48 595 597 
763 605 24 609 
764 25 605 606 
765 604 26 606 
766 39 594 600 
767 603 27 604 
768 34 596 602 
769 35 602 610 
770 595 47 617 
771 36 610 611 
772 614 52 628 
773 616 18 629 
774 615 43 625 
775 612 41 626 
776 613 32 627 
777 619 7 630 
778 620 20 632 
779 621 10 633 
780 622 15 631 
781 590 9 619 
782 588 22 620 
783 591 12 621 
784 589 17 622 
785 596 34 613 
786 592 54 614 
787 143 546 562 
788 127 557 574 
789 142 143 562 
790 126 127 574 
791 53 52 614 
792 19 18 616 
793 44 43 615 
794 42 41 612 
795 33 32 613 
796 8 7 619 
797 16 15 622 
798 11 10 621 
799 21 20 620 
800 38 37 587 
801 1 54 593 
802 13 12 608 
803 14 13 607 
804 23 22 601 
805 24 23 609 
806 51 50 598 
807 49 48 597 
808 50 49 599 
809 48 47 595 
810 25 24 605 
811 26 25 606 
812 27 26 604 
813 39 38 594 
814 40 39 600 
815 28 27 603 
816 35 34 602 
817 36 35 610 
818 47 46 617 
819 31 30 618 
820 37 36 611 
821 34 33 613 
822 54 53 614 
823 9 8 619 
824 22 21 620 
825 17 16 622 
826 12 11 621 
827 129 553 563 
828 138 548 565 
829 149 539 572 
830 115 543 579 
831 140 549 585 
832 104 569 570 
833 117 580 582 
834 107 571 577 
835 112 566 584 
836 141 142 561 
837 125 126 573 
838 128 129 563 
839 137 138 565 
840 148 149 572 
841 114 115 579 
842 139 140 585 
843 103 104 570 
844 106 107 577 
845 116 117 582 
846 111 112 584 
847 17 589 629 
848 44 615 623 
849 9 590 633 
850 28 603 624 
851 42 612 625 
852 19 616 632 
853 51 598 628 
854 40 600 626 
855 1 593 630 
856 14 607 631 
857 31 618 627 
858 561 142 562 
859 573 126 574 
860 45 44 623 
861 29 28 624 
862 18 17 629 
863 52 51 628 
864 43 42 625 
865 41 40 626 
866 32 31 627 
867 7 1 630 
868 20 19 632 
869 15 14 631 
870 10 9 633 
871 134 555 568 
872 113 544 566 
873 105 545 569 
874 108 550 571 
875 118 541 580 
876 539 150 559 
877 553 130 564 
878 555 135 578 
879 542 146 575 
880 147 540 575 
881 3 538 559 
882 550 109 560 
883 546 144 567 
884 145 542 567 
885 541 119 581 
886 554 123 576 
887 552 121 583 
888 131 558 564 
889 110 547 560 
890 124 556 576 
891 136 551 578 
892 122 554 583 
893 120 552 581 
894 558 132 586 
895 133 568 586 
896 149 150 539 
897 129 130 553 
898 143 144 546 
899 134 135 555 
900 140 141 549 
901 145 146 542 
902 127 128 557 
903 3 103 538 
904 131 132 558 
905 147 148 540 
906 110 111 547 
907 122 123 554 
908 108 109 550 
909 138 139 548 
910 115 116 543 
911 136 137 551 
912 113 114 544 
913 105 106 545 
914 120 121 552 
915 118 119 541 
916 124 125 556 
917 133 134 568 
918 112 113 566 
919 107 108 571 
920 104 105 569 
921 117 118 580 
922 123 124 576 
923 146 147 575 
924 109 110 560 
925 144 145 567 
926 150 3 559 
927 135 136 578 
928 119 120 581 
929 130 131 564 
930 121 122 583 
931 132 133 586 
932 563 613 627 
933 572 614 628 
934 565 612 626 
935 585 615 625 
936 579 616 629 
937 570 619 630 
938 577 621 633 
939 582 620 632 
940 584 622 631 
941 549 141 561 
942 556 125 573 
943 557 128 563 
944 544 114 579 
945 540 148 572 
946 551 137 565 
947 548 139 585 
948 538 103 570 
949 545 106 577 
950 547 111 584 
951 543 116 582 
952 562 546 617 
953 574 557 618 
954 563 553 613 
955 565 548 612 
956 572 539 614 
957 579 543 616 
958 585 549 615 
959 570 569 619 
960 582 580 620 
961 577 571 621 
962 584 566 622 
963 587 555 594 
964 591 550 608 
965 588 541 601 
966 546 595 617 
967 554 604 606 
968 552 605 609 
969 597 542 599 
970 602 558 610 
971 568 587 611 
972 539 592 614 
973 553 596 613 
974 596 564 602 
975 595 567 597 
976 575 598 599 
977 592 559 593 
978 594 578 600 
979 601 581 609 
980 560 607 608 
981 576 603 604 
982 605 583 606 
983 569 590 619 
984 580 588 620 
985 566 589 622 
986 571 591 621 
987 610 586 611 
988 568 555 587 
989 566 544 589 
990 569 545 590 
991 580 541 588 
992 571 550 591 
993 539 559 592 
994 555 578 594 
995 559 538 593 
996 553 564 596 
997 567 542 597 
998 546 567 595 
999 575 540 598 
1000 542 575 599 
1001 564 558 602 
1002 550 560 608 
1003 560 547 607 
1004 541 581 601 
1005 578 551 600 
1006 552 583 605 
1007 554 576 604 
1008 576 556 603 
1009 581 552 609 
1010 583 554 606 
1011 558 586 610 
1012 586 568 611 
1013 589 544 629 
1014 590 545 633 
1015 603 556 624 
1016 618 557 627 
1017 600 551 626 
1018 598 540 628 
1019 593 538 630 
1020 607 547 631 
1021 615 549 623 
1022 612 548 625 
1023 616 543 632 
1024 549 561 623 
1025 556 573 624 
1026 548 585 625 
1027 551 565 626 
1028 540 572 628 
1029 557 563 627 
1030 544 579 629 
1031 538 570 630 
1032 547 584 631 
1033 543 582 632 
1034 545 577 633 
2 3 2 5636
1035 2248 2250 1476 
1036 1167 2622 2154 
1037 171 2444 170 
1038 194 2218 195 
1039 680 2124 2122 
1040 2857 3235 701 
1041 666 3324 2119 
1042 1984 3060 2842 
1043 1703 3057 1590 
1044 2119 3079 666 
1045 2122 2132 680 
1046 701 3235 3092 
1047 2078 2749 645 
1048 193 2192 669 
1049 2136 2710 641 
1050 2104 2861 2116 
1051 2116 2861 2692 
1052 194 2192 193 
1053 2 3254 151 
1054 2166 2991 2526 
1055 2129 2173 1705 
1056 2164 2508 684 
1057 1453 2173 2129 
1058 842 3084 2510 
1059 645 3242 2078 
1060 1705 2173 1703 
1061 2246 2247 681 
1062 2166 2167 1535 
1063 640 2406 2139 
1064 2590 3060 1984 
1065 831 2510 2128 
1066 663 2444 171 
1067 646 2380 2146 
1068 55 3254 2 
1069 2622 2623 2154 
1070 2129 2177 1453 
1071 2173 3057 1703 
1072 1535 2991 2166 
1073 2128 2511 831 
1074 1476 2251 2248 
1075 1883 2159 2158 
1076 2158 2159 1691 
1077 656 2306 2131 
1078 2143 2147 644 
1079 87 2237 649 
1080 2510 3084 2128 
1081 2147 2148 688 
1082 2360 2364 675 
1083 84 2238 674 
1084 2152 2380 690 
1085 2245 2246 681 
1086 649 2237 2233 
1087 675 2364 77 
1088 769 3116 3113 
1089 3113 3116 2469 
1090 89 3092 88 
1091 674 2238 2226 
1092 82 2702 81 
1093 2249 3029 668 
1094 170 2182 171 
1095 2387 3059 2388 
1096 798 2513 796 
1097 2040 2179 2130 
1098 2180 2942 2314 
1099 667 2445 2284 
1100 2177 3068 3005 
1101 2508 3224 684 
1102 2131 3268 656 
1103 2503 3004 1891 
1104 2040 2180 2179 
1105 668 3103 2249 
1106 2167 2239 1535 
1107 195 2218 682 
1108 1908 2795 2751 
1109 634 3155 2860 
1110 2010 2503 2443 
1111 171 2182 664 
1112 1692 2623 1605 
1113 2153 3199 678 
1114 678 3186 2153 
1115 86 3125 85 
1116 1184 2217 1198 
1117 2146 2381 646 
1118 641 3108 2136 
1119 3168 3245 176 
1120 2702 3155 634 
1121 2353 2544 2345 
1122 2040 2942 2180 
1123 2113 2966 683 
1124 88 2237 87 
1125 2165 2750 689 
1126 194 3079 2218 
1127 2010 3004 2503 
1128 2543 2544 2353 
1129 2465 3102 3101 
1130 1285 2239 1195 
1131 637 2204 175 
1132 3101 3102 766 
1133 683 3314 2113 
1134 2388 3059 1893 
1135 2163 3245 3168 
1136 649 2233 2231 
1137 88 3092 2237 
1138 2060 3128 2423 
1139 644 2196 2143 
1140 2148 2149 688 
1141 2895 2902 1402 
1142 2236 2902 2895 
1143 175 2204 176 
1144 2729 3183 2079 
1145 2404 2406 640 
1146 2423 3304 2060 
1147 2482 3126 2481 
1148 2482 3130 3126 
1149 781 2393 783 
1150 3023 3222 1736 
1151 3037 3231 2055 
1152 3023 3032 2141 
1153 85 2238 84 
1154 2161 2172 1193 
1155 81 2702 634 
1156 2141 3032 2140 
1157 2230 2876 2849 
1158 2849 2876 1393 
1159 662 2203 2170 
1160 2284 3269 667 
1161 1193 2197 2161 
1162 2246 2250 2248 
1163 1393 2876 2236 
1164 2475 3137 2476 
1165 2221 2288 2286 
1166 2169 3318 3305 
1167 2448 3039 2209 
1168 76 3152 75 
1169 2354 2838 2338 
1170 2236 2895 1393 
1171 3305 3318 2360 
1172 2159 2988 2984 
1173 2984 2988 1461 
1174 1428 2729 2230 
1175 3005 3068 1807 
1176 784 3145 2145 
1177 837 3098 2266 
1178 2221 2286 2285 
1179 674 2226 2224 
1180 675 3305 2360 
1181 831 2513 798 
1182 2651 2838 2354 
1183 3097 3181 1116 
1184 2230 2849 1428 
1185 2056 3257 2677 
1186 2555 2556 2499 
1187 3166 3289 778 
1188 3130 3270 770 
1189 2224 2701 674 
1190 2461 3095 3088 
1191 1682 2555 2499 
1192 2287 3033 1769 
1193 2136 3150 2710 
1194 85 3125 2238 
1195 1912 2203 1911 
1196 2119 3324 2179 
1197 2192 2995 669 
1198 2170 2202 662 
1199 1907 2670 2199 
1200 2145 3322 784 
1201 2444 3112 170 
1202 3071 3072 2388 
1203 3080 3104 828 
1204 3088 3095 771 
1205 2081 2701 2224 
1206 2139 3179 640 
1207 2842 3060 1340 
1208 3014 3117 2167 
1209 646 3182 2380 
1210 2443 2958 2010 
1211 1897 3072 3071 
1212 2138 3289 3166 
1213 77 2364 76 
1214 2526 2991 2155 
1215 1896 3066 2498 
1216 791 2285 793 
1217 2260 2656 643 
1218 2469 3111 2468 
1219 638 2574 2157 
1220 3135 3188 1021 
1221 1611 2194 1933 
1222 2176 2585 1902 
1223 3087 3212 2825 
1224 832 2264 2183 
1225 789 2264 832 
1226 2469 3116 3111 
1227 3290 3301 2617 
1228 1590 3057 1984 
1229 1945 2930 2889 
1230 1688 2132 2122 
1231 1827 2449 2181 
1232 2617 3301 648 
1233 2140 3032 1191 
1234 3061 3121 2622 
1235 1191 3037 2140 
1236 2860 2889 634 
1237 2168 2930 1945 
1238 2379 2960 2585 
1239 2199 2670 2151 
1240 1945 2889 2860 
1241 3321 3326 2900 
1242 2209 3039 1901 
1243 2771 3000 647 
1244 1198 2217 1358 
1245 2701 2702 82 
1246 835 3326 3321 
1247 2751 3171 1908 
1248 2154 2623 1692 
1249 1605 2623 1626 
1250 2393 3098 837 
1251 2220 3048 2007 
1252 2181 2449 875 
1253 790 3132 2156 
1254 2184 2370 2288 
1255 1646 2195 2178 
1256 717 2252 715 
1257 1688 2191 2132 
1258 1193 2217 1184 
1259 2162 3168 665 
1260 2215 2723 687 
1261 1453 2177 1370 
1262 663 2958 2444 
1263 3076 3217 2053 
1264 1822 2449 1827 
1265 1370 2177 1129 
1266 3004 3120 2172 
1267 688 3187 2147 
1268 2585 2960 1902 
1269 2286 3033 2287 
1270 2251 2983 2014 
1271 2677 2891 2056 
1272 675 2930 2168 
1273 1936 3065 2266 
1274 1725 3327 3320 
1275 1461 2988 2155 
1276 2542 3110 672 
1277 2482 3270 3130 
1278 2411 2412 841 
1279 680 3105 2124 
1280 2178 2194 1646 
1281 2155 2991 1461 
1282 2172 3120 2217 
1283 1844 2511 1721 
1284 1646 2194 1611 
1285 1721 2511 2128 
1286 1195 2239 1190 
1287 1887 3018 2586 
1288 1535 2239 1285 
1289 3320 3327 2455 
1290 1191 3231 3037 
1291 2366 3255 3248 
1292 2170 2203 1912 
1293 1745 3121 3061 
1294 2345 2544 2347 
1295 2412 2413 841 
1296 3206 3276 1899 
1297 2159 2984 1691 
1298 2141 3222 3023 
1299 3069 3196 671 
1300 2154 3352 1167 
1301 2559 3084 842 
1302 2413 3044 2971 
1303 1269 3117 3014 
1304 2094 2999 2826 
1305 2129 3068 2177 
1306 1428 3183 2729 
1307 636 3312 3282 
1308 1404 3300 3299 
1309 2428 3064 3051 
1310 690 3226 2152 
1311 2411 2867 2361 
1312 3282 3312 2125 
1313 914 2292 2190 
1314 769 3113 2481 
1315 2513 3341 796 
1316 2147 3187 644 
1317 3248 3255 2034 
1318 783 2393 837 
1319 1599 3169 3156 
1320 689 3221 2165 
1321 841 2867 2411 
1322 3156 3169 2555 
1323 2156 3337 790 
1324 2120 3253 3252 
1325 152 3254 2244 
1326 2252 2983 2251 
1327 3252 3253 1474 
1328 2168 3305 675 
1329 3299 3300 2358 
1330 2465 3100 2464 
1331 2542 2543 2353 
1332 3051 3064 772 
1333 2481 3126 769 
1334 2465 3101 3100 
1335 2476 3137 1918 
1336 2028 2746 2508 
1337 2205 2206 2137 
1338 2380 3182 690 
1339 1929 2948 2937 
1340 845 2391 2390 
1341 1669 2948 1929 
1342 665 3292 2162 
1343 2364 3152 76 
1344 2203 2204 1911 
1345 1984 3057 2590 
1346 1440 2436 2254 
1347 1902 2586 2176 
1348 1483 2533 2185 
1349 3291 3297 2911 
1350 1589 2534 1928 
1351 2210 3319 2160 
1352 701 3349 2857 
1353 2160 3319 3315 
1354 2422 3276 3206 
1355 845 2755 2391 
1356 2272 3040 2099 
1357 845 2393 781 
1358 2771 3335 3000 
1359 2972 2986 2400 
1360 1440 2437 2436 
1361 2183 2221 832 
1362 1672 2586 1601 
1363 2158 3181 3097 
1364 2186 2786 2254 
1365 787 2264 789 
1366 654 2963 2772 
1367 2656 3220 1679 
1368 1567 3048 2220 
1369 1891 3004 2172 
1370 1878 2307 2253 
1371 3148 3158 2476 
1372 2003 2783 2279 
1373 2200 2291 1940 
1374 1386 2252 717 
1375 2254 2786 1440 
1376 2361 2867 1759 
1377 1932 3158 3148 
1378 2498 3066 1077 
1379 875 2450 2181 
1380 2028 3242 2746 
1381 1759 2383 2361 
1382 2724 2725 2212 
1383 1588 2786 2186 
1384 1450 3083 2935 
1385 2186 2279 1588 
1386 3119 3133 2305 
1387 1741 3010 2450 
1388 3107 3160 2418 
1389 2190 2292 1939 
1390 2338 2838 2340 
1391 2291 2509 1940 
1392 838 3297 3291 
1393 2194 2534 1933 
1394 2249 3103 2247 
1395 1679 3277 2656 
1396 2172 2217 1193 
1397 2279 2783 1588 
1398 1294 3133 3119 
1399 2191 2308 1952 
1400 2135 3296 677 
1401 698 3303 2134 
1402 2184 2288 2221 
1403 766 3102 2468 
1404 2153 3186 702 
1405 701 3092 89 
1406 2354 2818 2651 
1407 1908 3193 2795 
1408 677 3294 2135 
1409 2157 3295 638 
1410 977 2846 2314 
1411 2158 3097 1883 
1412 878 3059 2387 
1413 2209 3054 878 
1414 2112 3188 3135 
1415 3054 3059 878 
1416 832 2285 791 
1417 2260 3220 2656 
1418 2185 2534 1483 
1419 753 3212 3087 
1420 793 2285 844 
1421 2156 3241 1900 
1422 2314 2846 2180 
1423 3094 3175 2524 
1424 1492 2368 2201 
1425 2826 3334 2094 
1426 2190 2293 914 
1427 2189 3210 2188 
1428 2472 2686 2207 
1429 2010 2958 2009 
1430 2189 3219 3210 
1431 1151 2197 1193 
1432 1232 2686 2472 
1433 2461 3081 2460 
1434 1147 2197 1151 
1435 2266 3065 837 
1436 2220 3075 3063 
1437 151 3254 152 
1438 2468 3111 766 
1439 1706 3265 3249 
1440 2134 3332 698 
1441 2461 3088 3081 
1442 2559 3072 1897 
1443 3063 3075 934 
1444 3090 3099 2018 
1445 715 2252 1476 
1446 2208 2259 1935 
1447 1327 2424 2207 
1448 760 3217 3076 
1449 1103 3099 3090 
1450 643 2656 2655 
1451 2199 2972 1907 
1452 2207 2686 1327 
1453 2029 3196 3069 
1454 2377 2416 1617 
1455 2267 2783 2003 
1456 1798 2267 2003 
1457 1935 2963 2208 
1458 2457 2967 2458 
1459 2424 2933 2414 
1460 1688 2308 2191 
1461 2288 2370 1768 
1462 2195 3000 2178 
1463 2353 3110 2542 
1464 2246 2248 2247 
1465 2354 2852 2818 
1466 2511 2513 831 
1467 2971 3044 1557 
1468 2259 2699 1935 
1469 2287 3104 3080 
1470 1505 2611 2280 
1471 2280 2611 2096 
1472 1890 3018 1887 
1473 3219 3239 660 
1474 3132 3241 2156 
1475 684 3150 2164 
1476 2253 2307 1414 
1477 2818 2852 650 
1478 1844 2512 2511 
1479 2514 2515 833 
1480 864 2450 862 
1481 2963 3316 2772 
1482 2309 2874 2368 
1483 2725 3247 2212 
1484 2314 2942 968 
1485 1759 2841 2383 
1486 1897 3084 2559 
1487 2009 3257 2056 
1488 2270 2846 977 
1489 2175 3244 2615 
1490 2206 2307 2137 
1491 1465 3040 2272 
1492 2198 2908 968 
1493 1940 2292 2200 
1494 718 2413 720 
1495 2492 2807 2491 
1496 1664 2211 1551 
1497 2368 2874 2201 
1498 1433 2996 996 
1499 771 3095 2464 
1500 2491 2807 828 
1501 3047 3114 2648 
1502 2135 3298 3296 
1503 2260 3298 2135 
1504 650 2868 2640 
1505 1480 2699 2259 
1506 1327 2933 2424 
1507 2532 2952 2533 
1508 1947 2953 2262 
1509 2295 3234 3226 
1510 2355 2843 2640 
1511 2444 2958 2443 
1512 1716 3234 2295 
1513 3103 3279 2247 
1514 841 2413 718 
1515 1499 2688 1497 
1516 1928 2534 2194 
1517 2211 2213 2212 
1518 2137 2307 1878 
1519 2256 2707 2416 
1520 3228 3232 1610 
1521 2416 2707 1617 
1522 2852 2868 650 
1523 1414 2975 953 
1524 1483 2534 1589 
1525 2908 3036 938 
1526 2449 3039 2448 
1527 843 2492 2301 
1528 170 3179 2182 
1529 3249 3265 2501 
1530 649 3125 86 
1531 843 2807 2492 
1532 2059 3232 3228 
1533 2383 2841 670 
1534 1433 2509 2291 
1535 1887 2586 1672 
1536 2199 2986 2972 
1537 2241 2924 1949 
1538 2533 2952 2185 
1539 1939 2292 1940 
1540 2134 3303 3302 
1541 2134 3302 2258 
1542 2378 2688 1503 
1543 1970 3172 3161 
1544 2458 2967 1224 
1545 1601 2586 1902 
1546 2464 3100 771 
1547 635 3245 2187 
1548 1893 3071 2388 
1549 2763 3262 3162 
1550 702 3325 2153 
1551 1476 2250 713 
1552 1944 2707 2256 
1553 2299 2964 2301 
1554 977 2778 2270 
1555 1664 2213 2211 
1556 2640 2868 2355 
1557 1617 2688 2377 
1558 1944 2256 2255 
1559 1240 2924 2241 
1560 1152 2273 1287 
1561 2027 2850 2408 
1562 2148 2150 2149 
1563 1663 3085 3078 
1564 2259 2703 1480 
1565 2452 2978 2016 
1566 1287 2273 2219 
1567 2412 3044 2413 
1568 2262 2953 1220 
1569 2146 2382 2381 
1570 772 3064 2460 
1571 968 2942 2198 
1572 194 3194 2192 
1573 1185 2273 1152 
1574 1986 3203 3200 
1575 713 2250 711 
1576 2362 2798 697 
1577 2191 2192 2132 
1578 905 3216 3209 
1579 2385 2532 1722 
1580 2837 3207 3204 
1581 637 3149 2204 
1582 2935 3083 1974 
1583 2379 2585 1508 
1584 2532 2533 1722 
1585 2615 3308 2175 
1586 2355 2859 2843 
1587 2182 3163 664 
1588 3192 3197 2878 
1589 1551 2211 1646 
1590 2215 3238 2723 
1591 2189 3239 3219 
1592 862 2450 875 
1593 2165 3201 2750 
1594 969 2978 2452 
1595 2843 2859 697 
1596 2452 3010 1741 
1597 807 2739 810 
1598 2161 3027 1890 
1599 1794 3259 3250 
1600 3078 3085 2665 
1601 1490 2257 1488 
1602 1892 3160 3107 
1603 2291 2996 1433 
1604 1884 2245 2243 
1605 1646 2211 2195 
1606 2125 3288 3282 
1607 1884 2246 2245 
1608 1741 2450 864 
1609 2378 2960 2379 
1610 2502 3288 2125 
1611 1557 3044 2428 
1612 2201 2972 1492 
1613 3250 3259 2126 
1614 2577 3097 1116 
1615 2301 2964 843 
1616 828 3104 2491 
1617 2222 2399 1410 
1618 2160 3315 676 
1619 2177 3005 1129 
1620 1884 2243 709 
1621 2295 2789 655 
1622 1722 2711 2385 
1623 2385 2711 1978 
1624 1324 3020 3017 
1625 2219 2517 1287 
1626 2436 3066 1896 
1627 1147 2957 2197 
1628 708 2243 704 
1629 2586 3018 2176 
1630 2657 2875 2214 
1631 2694 3013 2004 
1632 1480 2703 2432 
1633 2460 3081 772 
1634 1410 2768 2222 
1635 1958 2910 2720 
1636 1503 2688 1499 
1637 839 3266 2501 
1638 2179 3324 2130 
1639 2630 2954 2628 
1640 2450 3010 2181 
1641 1508 2587 2379 
1642 2501 3266 3249 
1643 3138 3139 1596 
1644 1992 2981 2472 
1645 2007 3048 2190 
1646 2746 3242 645 
1647 1933 2534 2185 
1648 1246 2478 1244 
1649 1265 2478 1246 
1650 3017 3020 2092 
1651 1481 2533 1483 
1652 56 708 704 
1653 245 2263 705 
1654 810 2739 2298 
1655 1476 2252 2251 
1656 834 2706 815 
1657 2290 3213 165 
1658 2850 2949 2410 
1659 1386 2865 2240 
1660 1879 3175 3094 
1661 2307 2975 1414 
1662 1497 2688 1617 
1663 2243 2244 704 
1664 2191 2995 2192 
1665 3118 3122 1971 
1666 697 2859 2362 
1667 1927 2574 2271 
1668 2494 2545 1746 
1669 836 2297 2242 
1670 2242 2296 836 
1671 1420 2432 1266 
1672 2399 2904 2398 
1673 2408 2829 2027 
1674 1030 3177 3174 
1675 2117 2265 1954 
1676 3200 3203 746 
1677 2926 2936 2602 
1678 2494 2808 2545 
1679 2631 2753 826 
1680 2629 2706 834 
1681 836 2296 814 
1682 2255 2257 1944 
1683 709 2243 708 
1684 1722 2533 1481 
1685 2498 3077 2018 
1686 1944 2257 1490 
1687 2798 2893 658 
1688 1289 2874 2309 
1689 2630 2631 826 
1690 1839 2914 2438 
1691 2221 2285 832 
1692 2370 2637 1412 
1693 910 2293 912 
1694 1907 2972 2201 
1695 1342 2437 1344 
1696 658 2363 63 
1697 2362 2893 2798 
1698 658 2844 2363 
1699 1344 2437 1440 
1700 816 2905 818 
1701 1642 2939 1361 
1702 814 2296 816 
1703 2549 2871 2548 
1704 2414 2933 2241 
1705 2136 3108 2137 
1706 1746 2560 1642 
1707 1414 2312 2253 
1708 2477 2478 1265 
1709 1890 3027 3018 
1710 2408 2850 2407 
1711 2313 2800 1289 
1712 3161 3172 703 
1713 2184 2637 2370 
1714 1956 2609 1957 
1715 2243 2245 2244 
1716 1276 3013 2694 
1717 2198 3036 2908 
1718 2428 3051 1557 
1719 670 2841 2261 
1720 3077 3090 2018 
1721 2376 2587 2375 
1722 2854 2916 1124 
1723 2270 2778 1961 
1724 1503 2960 2378 
1725 703 2278 100 
1726 1994 3290 2617 
1727 810 2298 812 
1728 2274 2609 1956 
1729 914 2293 910 
1730 2649 2993 1315 
1731 2377 2688 2378 
1732 2264 3065 1936 
1733 2545 2560 1746 
1734 2720 2910 1626 
1735 1042 3137 2475 
1736 2268 2370 1412 
1737 1480 2432 1420 
1738 2471 3134 1042 
1739 2426 2669 1813 
1740 1809 2945 1811 
1741 2187 2609 2595 
1742 2456 2477 1265 
1743 2097 2283 2282 
1744 1770 3011 2998 
1745 2248 2249 2247 
1746 1990 2721 2517 
1747 2587 2669 2426 
1748 2262 2967 2457 
1749 805 2739 807 
1750 243 2281 695 
1751 2292 2747 2200 
1752 2000 3003 2998 
1753 2265 2484 1954 
1754 1083 3136 3129 
1755 2296 2905 816 
1756 1956 2566 2274 
1757 1580 2282 1607 
1758 2369 2959 1517 
1759 165 3328 2290 
1760 1613 2382 1695 
1761 914 2747 2292 
1762 2634 2714 2537 
1763 1822 3039 2449 
1764 1755 2608 2484 
1765 2790 2880 2049 
1766 2303 2606 2604 
1767 3134 3137 1042 
1768 968 2908 939 
1769 711 2250 1884 
1770 2279 2740 2003 
1771 1607 2282 1734 
1772 2300 2613 1625 
1773 2588 2920 1443 
1774 3215 3218 755 
1775 2222 2904 2399 
1776 2081 2702 2701 
1777 2257 2854 1488 
1778 2566 2593 2274 
1779 2111 3218 3215 
1780 947 2756 2312 
1781 1949 2924 2478 
1782 1412 2386 2268 
1783 1813 2479 2426 
1784 1326 2985 2980 
1785 2438 2914 1387 
1786 2214 2875 2271 
1787 1598 2308 1424 
1788 1811 2811 2054 
1789 1325 2974 1311 
1790 2058 3139 3138 
1791 670 2261 59 
1792 3209 3216 2095 
1793 75 3152 642 
1794 2188 3210 678 
1795 719 2865 1386 
1796 2520 3197 3192 
1797 1339 3089 3067 
1798 96 2486 661 
1799 2297 2618 2242 
1800 692 709 708 
1801 63 2363 62 
1802 2267 3003 2000 
1803 1144 2957 1147 
1804 1392 2431 1950 
1805 2273 2953 1947 
1806 2604 2606 2603 
1807 1727 2313 1467 
1808 1024 2367 850 
1809 1636 2871 2549 
1810 692 2261 710 
1811 1258 2532 2531 
1812 1998 2959 2369 
1813 2512 2513 2511 
1814 2003 2740 1137 
1815 1266 2432 2431 
1816 2193 3233 216 
1817 1991 2517 2389 
1818 2275 2712 829 
1819 693 2316 2315 
1820 2240 2983 1386 
1821 829 2804 2275 
1822 1952 2308 1598 
1823 694 2366 2365 
1824 2187 3246 635 
1825 920 2665 2430 
1826 1492 2972 2400 
1827 1952 2995 2191 
1828 815 2706 813 
1829 56 704 55 
1830 245 705 246 
1831 826 2954 2630 
1832 1245 2531 1247 
1833 692 708 57 
1834 695 2263 244 
1835 1740 2310 2304 
1836 2568 2828 1320 
1837 2304 2310 1880 
1838 1262 2395 1419 
1839 2257 2916 2854 
1840 1281 2386 1283 
1841 1964 1965 1963 
1842 834 2744 2629 
1843 1258 2952 2532 
1844 918 2409 923 
1845 2379 2587 2376 
1846 1716 2295 2294 
1847 2517 2721 1287 
1848 1352 3167 3159 
1849 1319 2896 2886 
1850 2027 2949 2850 
1851 2282 2283 1734 
1852 2361 2383 2316 
1853 2099 3040 2694 
1854 1534 2936 2926 
1855 1957 2609 2187 
1856 2568 2869 1975 
1857 1755 2484 2265 
1858 693 2315 61 
1859 694 2365 240 
1860 711 1884 709 
1861 812 2298 836 
1862 1096 2479 1100 
1863 1695 2382 2146 
1864 2276 2367 1290 
1865 1265 2759 2456 
1866 1268 2431 1392 
1867 1664 2214 2213 
1868 1508 2669 2587 
1869 2431 2432 1950 
1870 1421 2778 973 
1871 2312 2756 2253 
1872 1965 1967 1966 
1873 1716 2294 1641 
1874 2316 2383 2315 
1875 2389 2517 2219 
1876 2028 2508 2507 
1877 2472 2981 1232 
1878 2301 2613 2300 
1879 2744 2766 2643 
1880 1965 1966 1963 
1881 973 2778 977 
1882 2139 2406 1739 
1883 658 2893 2844 
1884 2300 2618 2297 
1885 1290 2367 1024 
1886 1978 2711 2395 
1887 1389 2944 1307 
1888 3204 3207 2090 
1889 3024 3041 1328 
1890 1153 2309 1182 
1891 1612 2382 1613 
1892 1962 1963 1961 
1893 2211 2212 2195 
1894 1467 2313 1277 
1895 2244 3229 152 
1896 239 2396 694 
1897 697 2798 65 
1898 1257 2395 1262 
1899 839 2501 2500 
1900 2079 3183 2499 
1901 1512 2875 2657 
1902 660 2421 2420 
1903 1964 1979 1965 
1904 2560 2939 1642 
1905 1895 3114 3047 
1906 2389 2714 2634 
1907 2655 3277 1780 
1908 2284 2445 1734 
1909 1625 2618 2300 
1910 2640 2843 67 
1911 2114 2697 2157 
1912 642 3146 2544 
1913 200 702 201 
1914 101 703 100 
1915 1258 2531 1245 
1916 2375 2587 2426 
1917 2309 2368 1182 
1918 1970 2097 1694 
1919 1863 2446 2289 
1920 2036 2306 2035 
1921 1222 2593 2566 
1922 2440 3096 639 
1923 2409 2410 923 
1924 2283 2284 1734 
1925 1489 2368 1492 
1926 2150 2151 2149 
1927 1283 2386 1412 
1928 3053 3118 1865 
1929 3141 3167 2639 
1930 1227 2551 1229 
1931 2367 2733 850 
1932 2352 2428 2427 
1933 2386 2713 2269 
1934 1769 3104 2287 
1935 2241 2933 1240 
1936 1247 2531 2384 
1937 2800 2874 1289 
1938 99 2278 679 
1939 1970 2113 2097 
1940 1738 2406 2402 
1941 1597 1688 1687 
1942 1969 2787 1512 
1943 2390 2393 845 
1944 1738 2402 2401 
1945 660 2420 206 
1946 1201 2313 1289 
1947 2603 2606 1368 
1948 2886 2896 1975 
1949 834 2766 2744 
1950 1694 2282 1580 
1951 1776 2828 2568 
1952 2097 2282 1694 
1953 696 2455 2454 
1954 94 2423 696 
1955 2374 2416 2377 
1956 2373 2374 1113 
1957 58 692 57 
1958 243 695 244 
1959 1717 2446 1501 
1960 671 2281 242 
1961 944 2314 968 
1962 2271 2875 1927 
1963 1192 2704 2562 
1964 58 2261 692 
1965 2519 2521 739 
1966 2231 3125 649 
1967 1182 2368 1489 
1968 2569 2570 1976 
1969 2651 2818 70 
1970 1500 2779 1496 
1971 1977 2588 2371 
1972 2373 2416 2374 
1973 1740 2612 2310 
1974 1739 2406 1738 
1975 1734 2445 1732 
1976 2075 2993 2649 
1977 678 3199 2188 
1978 698 2434 236 
1979 2269 2713 2562 
1980 1424 2308 1597 
1981 1100 2479 1813 
1982 974 2564 853 
1983 1580 1607 1467 
1984 2352 2427 2321 
1985 1110 2373 1113 
1986 1967 2119 1968 
1987 1410 2399 954 
1988 839 2500 774 
1989 920 2769 898 
1990 1105 2425 1101 
1991 935 2394 979 
1992 57 708 56 
1993 244 2263 245 
1994 696 2454 93 
1995 710 711 709 
1996 2869 2886 1975 
1997 1967 2218 2119 
1998 2387 2388 974 
1999 928 2410 937 
2000 874 2372 969 
2001 1494 2400 1500 
2002 969 2452 2451 
2003 1607 1732 1727 
2004 953 2975 1410 
2005 1466 1467 1277 
2006 1630 2418 2417 
2007 1288 2551 1227 
2008 1632 2417 2008 
2009 1443 2634 2537 
2010 2712 2863 2557 
2011 2350 2483 2482 
2012 2311 2717 1517 
2013 2020 2433 2078 
2014 2028 2507 1709 
2015 209 2453 652 
2016 2492 2613 2301 
2017 840 2429 767 
2018 2323 2459 2352 
2019 1972 2591 1192 
2020 2403 2405 1677 
2021 1080 2695 2565 
2022 1281 2713 2386 
2023 836 2298 2297 
2024 965 2624 1477 
2025 2318 2411 2361 
2026 2413 2971 720 
2027 1688 2122 1687 
2028 1666 2397 2114 
2029 2430 2769 920 
2030 2447 2727 1341 
2031 1820 2903 2580 
2032 2302 2910 1958 
2033 642 3152 3146 
2034 2329 2463 2462 
2035 642 2543 74 
2036 1597 2308 1688 
2037 2336 2467 2466 
2038 1738 2401 1470 
2039 1392 1598 1424 
2040 921 2409 918 
2041 977 2314 944 
2042 855 2387 974 
2043 2289 2446 1717 
2044 715 1476 713 
2045 2407 2850 2409 
2046 1268 1392 1388 
2047 1457 2417 1632 
2048 956 2399 2398 
2049 2235 3230 2234 
2050 2402 2406 2404 
2051 2022 2433 2020 
2052 2132 3194 680 
2053 2016 3010 2452 
2054 2562 2704 2269 
2055 1963 2270 1961 
2056 2348 2483 2350 
2057 850 2733 847 
2058 2441 2442 1889 
2059 2275 2863 2712 
2060 2315 2383 670 
2061 2343 2480 2470 
2062 60 2315 670 
2063 241 2365 671 
2064 2565 2695 1971 
2065 214 2616 648 
2066 1886 2441 1889 
2067 2045 3082 2536 
2068 1967 1968 1966 
2069 2551 2788 1969 
2070 1277 2313 1201 
2071 2616 2617 648 
2072 2668 2877 2647 
2073 2425 2479 1101 
2074 2415 2779 1500 
2075 923 2410 928 
2076 2739 2964 2299 
2077 738 2519 739 
2078 731 2525 732 
2079 211 2496 699 
2080 90 2497 701 
2081 1607 1734 1732 
2082 1732 1904 1733 
2083 2847 2865 2429 
2084 1137 2740 2570 
2085 2570 2740 1976 
2086 679 2485 98 
2087 692 710 709 
2088 2148 2415 2150 
2089 767 2429 723 
2090 1920 2414 1791 
2091 2240 2865 2847 
2092 2130 2131 2039 
2093 1247 2384 1249 
2094 1101 2479 1096 
2095 1708 2419 2118 
2096 2602 2936 2604 
2097 2591 2704 1192 
2098 1962 1964 1963 
2099 1573 2489 1850 
2100 996 2996 2369 
2101 1059 2607 1057 
2102 2420 2422 700 
2103 719 1386 717 
2104 1920 2424 2414 
2105 2488 2636 1972 
2106 2337 2466 2465 
2107 2391 3131 2392 
2108 866 2451 1741 
2109 1951 2047 1952 
2110 1491 2400 1494 
2111 2317 2318 2316 
2112 2484 2608 1398 
2113 1607 1727 1467 
2114 2330 2462 2461 
2115 1324 3008 2649 
2116 202 678 203 
2117 99 679 98 
2118 827 2774 2644 
2119 2344 2470 2469 
2120 1861 2556 1577 
2121 693 2317 2316 
2122 2493 2494 1746 
2123 1813 2745 1115 
2124 2207 2424 1922 
2125 1960 1961 1604 
2126 1395 2516 1398 
2127 2048 2049 2047 
2128 1729 2094 2013 
2129 100 2278 99 
2130 1466 1580 1467 
2131 1027 2522 1031 
2132 1664 2657 2214 
2133 1368 2607 2603 
2134 1950 1951 1598 
2135 1392 1424 1388 
2136 1201 1289 1186 
2137 1990 2517 1991 
2138 2485 2486 97 
2139 1875 2380 2152 
2140 954 2399 956 
2141 60 670 59 
2142 241 671 242 
2143 1972 2636 2591 
2144 1153 1182 1140 
2145 951 2312 1414 
2146 2507 2508 2164 
2147 2644 2774 2645 
2148 1618 2509 1437 
2149 2495 2974 1325 
2150 1262 1266 1263 
2151 1547 2619 1990 
2152 1121 2527 1156 
2153 712 713 711 
2154 1884 2250 2246 
2155 1643 2493 1746 
2156 2318 2361 2316 
2157 1186 2309 1153 
2158 62 2363 693 
2159 1119 2527 1121 
2160 930 2394 935 
2161 1477 2624 1753 
2162 1554 2901 2879 
2163 2407 2409 921 
2164 1649 2435 1896 
2165 1555 1716 1641 
2166 1020 2529 1539 
2167 1949 2477 1788 
2168 2548 2871 2371 
2169 2787 2875 1512 
2170 2320 2412 2411 
2171 659 2396 238 
2172 2106 3340 3313 
2173 1546 2573 911 
2174 1940 2509 1618 
2175 1475 2608 1755 
2176 1901 3054 2209 
2177 2417 2418 2008 
2178 1677 2405 1578 
2179 1732 2445 1904 
2180 956 2398 958 
2181 1139 1140 1131 
2182 1470 2401 1471 
2183 1756 2552 1415 
2184 1560 2715 1365 
2185 1250 2759 1248 
2186 924 2592 917 
2187 1732 1733 1727 
2188 1384 1555 1418 
2189 1419 1420 1266 
2190 911 2573 909 
2191 1811 2945 2811 
2192 1549 2657 1664 
2193 1922 2424 1920 
2194 2566 2693 1222 
2195 944 968 939 
2196 242 2281 243 
2197 875 2449 2448 
2198 925 2407 921 
2199 2389 2634 1991 
2200 2320 2411 2318 
2201 1257 1262 1261 
2202 868 2451 866 
2203 2039 2306 2036 
2204 1951 1952 1598 
2205 1904 1908 1905 
2206 948 2312 951 
2207 1229 2551 2550 
2208 2439 2440 1885 
2209 2214 2215 2213 
2210 1415 2552 942 
2211 917 2592 913 
2212 2334 2466 2337 
2213 97 2486 96 
2214 2099 2694 2005 
2215 2527 2839 1982 
2216 661 2423 95 
2217 1969 2788 2787 
2218 2254 2436 2435 
2219 2426 2479 2425 
2220 2230 2729 2225 
2221 1788 2477 1786 
2222 1757 2507 2164 
2223 932 938 925 
2224 2341 2470 2344 
2225 2327 2462 2330 
2226 62 693 61 
2227 239 694 240 
2228 2619 2721 1990 
2229 2499 2556 1861 
2230 1263 2431 1268 
2231 2569 2696 1189 
2232 687 3236 2215 
2233 1182 1489 1488 
2234 1222 2693 1223 
2235 1478 1479 1420 
2236 1641 2294 1729 
2237 2435 2436 1896 
2238 1665 2397 1666 
2239 207 2420 700 
2240 2268 2386 2269 
2241 714 715 713 
2242 2035 2165 2025 
2243 1501 2446 1502 
2244 853 2564 830 
2245 1589 1869 1634 
2246 1709 2507 1602 
2247 1338 2473 1032 
2248 1406 2608 1475 
2249 2456 2759 1781 
2250 237 2434 659 
2251 1985 2817 2540 
2252 2500 2501 2043 
2253 1042 2475 1038 
2254 2980 2985 2458 
2255 1555 1641 1418 
2256 2451 2452 1741 
2257 1552 2877 2668 
2258 1301 2776 1303 
2259 2421 2422 2420 
2260 1483 1589 1482 
2261 2285 2286 844 
2262 2262 2457 1771 
2263 1022 2522 1027 
2264 1632 2007 1939 
2265 1253 1978 1255 
2266 768 773 767 
2267 1489 1491 1490 
2268 2119 2179 1968 
2269 818 2905 829 
2270 1007 2535 1339 
2271 1492 2400 1491 
2272 1457 1632 1618 
2273 773 1384 840 
2274 1888 2503 1891 
2275 2384 2385 1978 
2276 734 2525 731 
2277 1481 1482 1479 
2278 1289 2309 1186 
2279 1205 2727 1207 
2280 938 2408 2407 
2281 2319 2320 2318 
2282 1634 2699 1482 
2283 2595 2609 1673 
2284 725 767 723 
2285 1479 2699 1480 
2286 1671 2439 1885 
2287 967 2794 2738 
2288 1249 2384 1253 
2289 2522 3170 3140 
2290 1695 2146 1875 
2291 1139 1153 1140 
2292 2717 2813 986 
2293 888 2666 2664 
2294 642 2544 2543 
2295 1266 2431 1263 
2296 2330 2460 2459 
2297 2146 2380 1875 
2298 2540 2817 1454 
2299 1577 2556 1405 
2300 2255 2256 1117 
2301 1949 2478 2477 
2302 1255 2395 1257 
2303 1707 2419 1708 
2304 1072 2539 1084 
2305 205 660 206 
2306 96 661 95 
2307 1234 2550 1510 
2308 1018 2529 1020 
2309 2669 2745 1813 
2310 1392 1950 1598 
2311 700 2453 208 
2312 912 913 911 
2313 2005 2694 2004 
2314 3131 3144 2392 
2315 916 917 913 
2316 1479 1480 1420 
2317 910 911 909 
2318 1869 1934 1634 
2319 937 2394 930 
2320 918 923 917 
2321 1262 1263 1261 
2322 1127 2487 1798 
2323 2256 2416 2373 
2324 1595 2523 1630 
2325 1032 2473 1029 
2326 1117 2373 1110 
2327 2558 2564 2559 
2328 1384 2500 2043 
2329 2045 2536 2535 
2330 916 918 917 
2331 1510 2550 1969 
2332 2008 2220 2007 
2333 2235 3235 3230 
2334 2337 2464 2463 
2335 741 2519 738 
2336 64 658 63 
2337 237 659 238 
2338 912 916 913 
2339 92 2454 653 
2340 2678 2760 2679 
2341 1976 2696 2569 
2342 2410 2949 937 
2343 1623 2435 1649 
2344 1589 1634 1482 
2345 1384 1418 840 
2346 1935 2699 1634 
2347 963 2624 965 
2348 1182 1488 1140 
2349 890 2659 887 
2350 1491 1494 1493 
2351 910 912 911 
2352 2032 2990 2033 
2353 1262 1419 1266 
2354 947 2312 948 
2355 1506 1602 1415 
2356 979 1415 942 
2357 2344 2468 2467 
2358 1220 2967 2262 
2359 2100 2272 2099 
2360 2653 2654 676 
2361 2524 2525 734 
2362 2143 2196 1717 
2363 2007 2190 1939 
2364 1632 1939 1618 
2365 875 2448 860 
2366 1419 1478 1420 
2367 880 909 877 
2368 1248 2759 1265 
2369 2374 2375 1113 
2370 1578 2405 1612 
2371 2019 2028 1709 
2372 2040 2130 2039 
2373 1457 1618 1437 
2374 2512 2514 2513 
2375 1038 2475 1034 
2376 1770 2605 1074 
2377 2552 2756 947 
2378 1789 1790 1788 
2379 1787 1788 1786 
2380 2350 2481 2480 
2381 2325 2459 2323 
2382 1778 2568 1975 
2383 1224 2980 2458 
2384 710 712 711 
2385 2048 2208 2049 
2386 2261 2841 710 
2387 1004 2535 1007 
2388 1070 2539 1072 
2389 1904 1905 1733 
2390 1506 1709 1602 
2391 1057 2607 1368 
2392 1087 2626 1085 
2393 2610 2611 1505 
2394 928 937 930 
2395 1696 1717 1501 
2396 1798 3003 2267 
2397 1791 2414 1790 
2398 800 2510 831 
2399 1489 1492 1491 
2400 979 1506 1415 
2401 2256 2373 1117 
2402 2583 2944 1389 
2403 2535 2536 1339 
2404 1928 1948 1869 
2405 207 700 208 
2406 94 696 93 
2407 1074 2605 1073 
2408 2402 2404 2403 
2409 1095 2641 1091 
2410 1882 3089 3074 
2411 1494 1496 1495 
2412 2558 2559 842 
2413 652 2496 210 
2414 653 2497 91 
2415 938 2407 925 
2416 724 2658 725 
2417 774 2500 773 
2418 776 839 774 
2419 2332 2463 2329 
2420 2283 2940 2284 
2421 928 930 929 
2422 1486 1677 1578 
2423 1727 2800 2313 
2424 1438 1457 1437 
2425 1951 2048 2047 
2426 2518 2519 741 
2427 1602 2507 1757 
2428 880 910 909 
2429 1960 1962 1961 
2430 2330 2459 2325 
2431 859 878 857 
2432 874 969 872 
2433 1112 2626 1087 
2434 923 928 924 
2435 1271 2689 2612 
2436 1496 1498 1497 
2437 1489 1490 1488 
2438 2374 2376 2375 
2439 2514 3341 2513 
2440 2025 2433 2022 
2441 229 2653 676 
2442 2017 2182 2139 
2443 1630 2417 1468 
2444 2627 2630 2628 
2445 1398 2516 2484 
2446 1475 1739 1738 
2447 1443 2920 2634 
2448 725 768 767 
2449 2311 2813 2717 
2450 1494 1500 1496 
2451 2004 2493 1645 
2452 716 717 715 
2453 1062 2607 1059 
2454 935 979 942 
2455 1109 2487 1127 
2456 1757 2164 1877 
2457 1110 1113 1105 
2458 943 2552 947 
2459 2196 2290 2289 
2460 1790 2241 1949 
2461 930 935 931 
2462 1114 2641 1095 
2463 1498 1501 1499 
2464 773 840 767 
2465 888 2664 2663 
2466 2377 2378 2376 
2467 1477 1707 1587 
2468 951 1414 953 
2469 1481 1483 1482 
2470 66 697 65 
2471 235 698 236 
2472 994 2369 1517 
2473 1197 2713 1281 
2474 2334 2337 2332 
2475 2339 2467 2336 
2476 877 2372 874 
2477 2402 2403 1677 
2478 1978 2395 1255 
2479 1707 1708 1587 
2480 2327 2330 2325 
2481 1478 1481 1479 
2482 2130 3007 2131 
2483 1645 2493 1643 
2484 935 942 936 
2485 2614 2765 1291 
2486 773 2500 1384 
2487 1253 2384 1978 
2488 2341 2344 2339 
2489 1696 2143 1717 
2490 1458 2612 1740 
2491 2337 2463 2332 
2492 1491 1493 1490 
2493 2323 2352 2321 
2494 1477 1587 1394 
2495 1651 2776 1301 
2496 61 2315 60 
2497 240 2365 241 
2498 59 2261 58 
2499 1708 2118 2117 
2500 1729 2294 2094 
2501 1544 1982 1799 
2502 2293 2881 912 
2503 1924 2472 2207 
2504 1365 2715 1321 
2505 2298 2299 2297 
2506 1760 2491 2490 
2507 1386 2983 2252 
2508 1602 1757 1756 
2509 927 2666 886 
2510 1771 2457 1637 
2511 1475 1738 1470 
2512 1595 1630 1468 
2513 1972 2563 2488 
2514 1406 1475 1470 
2515 1785 1786 1783 
2516 1427 2585 2176 
2517 1027 1029 1028 
2518 2346 2480 2343 
2519 2531 2532 2385 
2520 1909 2419 1707 
2521 2351 2483 2348 
2522 1446 2593 1218 
2523 1787 1789 1788 
2524 1863 2439 1671 
2525 2017 2139 1739 
2526 1080 2565 1075 
2527 909 2573 2372 
2528 2131 2306 2039 
2529 723 2429 721 
2530 2348 2350 2346 
2531 1498 1696 1501 
2532 1468 2417 1457 
2533 1785 1787 1786 
2534 965 1477 1394 
2535 2033 2627 1668 
2536 1341 2727 1205 
2537 1757 1877 1758 
2538 961 970 963 
2539 2358 2359 2351 
2540 727 2658 724 
2541 1040 2471 1042 
2542 855 974 853 
2543 2052 2554 1670 
2544 859 2209 878 
2545 2580 2903 907 
2546 729 2646 727 
2547 857 2387 855 
2548 1334 2610 1505 
2549 1877 2136 1878 
2550 2646 2658 727 
2551 1384 2043 1555 
2552 2344 2467 2339 
2553 209 652 210 
2554 92 653 91 
2555 238 2396 239 
2556 2098 2099 2005 
2557 736 2524 734 
2558 2274 2593 1446 
2559 1643 1746 1642 
2560 1273 2709 1596 
2561 2643 2792 2644 
2562 3162 3262 2105 
2563 1789 1791 1790 
2564 1357 2575 1337 
2565 2538 2539 1070 
2566 1596 2709 2553 
2567 2401 2402 1677 
2568 2612 2689 2310 
2569 1029 2473 1030 
2570 872 2451 868 
2571 1867 2685 1800 
2572 2505 2506 1997 
2573 1016 2577 1116 
2574 1908 2670 1905 
2575 2350 2480 2346 
2576 1670 2554 1385 
2577 804 2558 842 
2578 1549 1664 1551 
2579 1096 1100 1095 
2580 712 714 713 
2581 1155 2537 1425 
2582 650 2640 68 
2583 1092 1095 1091 
2584 1790 2414 2241 
2585 1031 1032 1029 
2586 971 2504 1448 
2587 2336 2466 2334 
2588 913 2592 1546 
2589 1729 2013 1812 
2590 1090 1091 1089 
2591 1957 2163 2162 
2592 1320 2869 2568 
2593 1088 1089 1087 
2594 2343 2470 2341 
2595 1641 1729 1728 
2596 1885 2441 1886 
2597 718 719 717 
2598 1067 2538 1070 
2599 2359 2483 2351 
2600 2317 2319 2318 
2601 1669 1929 1670 
2602 997 1433 996 
2603 2234 3230 3225 
2604 1086 1087 1085 
2605 732 2646 729 
2606 2374 2377 2376 
2607 2398 2904 970 
2608 1022 1027 1026 
2609 1143 1144 1142 
2610 1020 1022 1021 
2611 852 853 830 
2612 1600 1863 1671 
2613 782 838 780 
2614 886 2666 888 
2615 1724 2498 2018 
2616 2321 2427 2320 
2617 1632 2008 2007 
2618 2232 2236 2229 
2619 951 953 952 
2620 996 2369 994 
2621 1875 2152 2108 
2622 943 947 946 
2623 1755 2017 1739 
2624 1929 1930 1670 
2625 74 2543 73 
2626 1337 2575 1473 
2627 1977 2920 2588 
2628 211 699 212 
2629 90 701 89 
2630 2731 2791 1631 
2631 1469 2548 2371 
2632 1760 2490 1616 
2633 953 1410 954 
2634 1600 1671 1601 
2635 2550 2551 1969 
2636 1090 1092 1091 
2637 1003 2541 904 
2638 1092 1096 1095 
2639 1143 1146 1144 
2640 1589 1928 1869 
2641 1919 1920 1791 
2642 2127 2576 2575 
2643 98 2485 97 
2644 1086 1088 1087 
2645 1668 2627 1586 
2646 1793 2447 1809 
2647 1088 1090 1089 
2648 2234 3225 2902 
2649 1033 1034 1032 
2650 1726 2004 1645 
2651 2344 2469 2468 
2652 2337 2465 2464 
2653 1448 2504 1621 
2654 1472 1674 1673 
2655 1472 1673 1446 
2656 1034 2475 1338 
2657 2227 2230 2225 
2658 1358 1472 1446 
2659 1510 1512 1511 
2660 2518 2520 2519 
2661 1494 1495 1493 
2662 206 2420 207 
2663 1358 1446 1218 
2664 1539 2522 1022 
2665 1441 1665 1449 
2666 1471 2401 1486 
2667 743 2518 741 
2668 1113 2425 1105 
2669 1378 1669 1385 
2670 1571 2489 1573 
2671 1011 2541 1003 
2672 2329 2462 2327 
2673 942 2552 943 
2674 1018 1020 1019 
2675 1324 3017 3008 
2676 1625 2613 1615 
2677 720 721 719 
2678 1710 2019 1709 
2679 1671 1885 1672 
2680 1850 2390 1851 
2681 1778 1975 1795 
2682 2205 2216 2202 
2683 1427 1507 1146 
2684 1502 1600 1504 
2685 1921 1922 1920 
2686 699 2615 212 
2687 2330 2461 2460 
2688 961 963 962 
2689 2879 2901 1982 
2690 672 2651 71 
2691 1695 1875 1706 
2692 1665 1666 1449 
2693 1133 1143 1142 
2694 887 2659 885 
2695 2442 2444 2443 
2696 1753 1909 1707 
2697 2114 2157 1926 
2698 948 951 950 
2699 2200 2747 1624 
2700 2615 2616 213 
2701 1556 1771 1637 
2702 2350 2482 2481 
2703 768 774 773 
2704 1020 1539 1022 
2705 1621 2504 1817 
2706 1185 2953 2273 
2707 2171 2202 2170 
2708 970 2624 963 
2709 1035 1038 1034 
2710 1156 2527 1544 
2711 1556 1637 1445 
2712 1441 1449 1288 
2713 1151 1193 1184 
2714 2009 2056 1674 
2715 2144 2147 2143 
2716 1923 1924 1922 
2717 1198 1358 1218 
2718 2738 2794 2504 
2719 2457 2458 1864 
2720 1776 2568 1778 
2721 2394 2780 979 
2722 1666 2114 1926 
2723 2663 2664 2662 
2724 1116 2529 1018 
2725 1669 1670 1385 
2726 2020 2078 2019 
2727 1027 1031 1029 
2728 937 2909 2394 
2729 1226 1441 1288 
2730 2026 2035 2025 
2731 1496 1497 1495 
2732 1910 1911 1909 
2733 1510 1511 1264 
2734 963 965 964 
2735 1409 1642 1361 
2736 1957 2162 1764 
2737 738 739 736 
2738 1000 2661 2660 
2739 95 2423 94 
2740 1425 1556 1445 
2741 1871 1995 1656 
2742 1511 2657 1549 
2743 1427 2176 1507 
2744 1947 2262 1771 
2745 1951 2703 2048 
2746 1234 1510 1264 
2747 2371 2588 1348 
2748 1740 2304 1915 
2749 213 2616 214 
2750 1085 2626 1770 
2751 1437 2509 1434 
2752 1016 1116 1018 
2753 1084 1086 1085 
2754 1987 2765 2614 
2755 745 746 743 
2756 965 1394 966 
2757 1016 1018 1017 
2758 1708 2117 1954 
2759 1004 1007 1003 
2760 1014 1016 1015 
2761 2520 2521 2519 
2762 1029 1030 1028 
2763 1498 1499 1497 
2764 1084 1085 1074 
2765 1786 2477 2456 
2766 1782 1783 1781 
2767 1637 2457 1864 
2768 2165 2433 2025 
2769 2442 2443 1889 
2770 2038 2039 2036 
2771 1839 2438 1857 
2772 1075 2565 1083 
2773 1088 2671 1090 
2774 1570 1824 1571 
2775 1924 2207 1922 
2776 909 2372 877 
2777 2304 2305 1915 
2778 1425 1445 1093 
2779 994 1517 992 
2780 73 2543 2542 
2781 1100 1813 1115 
2782 1992 2472 1924 
2783 878 2387 857 
2784 69 650 68 
2785 232 651 233 
2786 995 996 994 
2787 722 723 721 
2788 1690 2505 1997 
2789 1100 1115 1114 
2790 1014 2577 1016 
2791 2166 2526 1697 
2792 1040 1042 1038 
2793 2320 2427 2412 
2794 1008 2684 2683 
2795 1928 2178 1948 
2796 1144 1147 1145 
2797 93 2454 92 
2798 1000 2660 894 
2799 236 2434 237 
2800 788 835 786 
2801 214 648 215 
2802 87 649 86 
2803 1411 1570 1413 
2804 1115 1133 1132 
2805 1783 2456 1781 
2806 1133 1142 1141 
2807 1297 1781 1295 
2808 1825 1936 1824 
2809 1147 1151 1148 
2810 913 1546 911 
2811 1039 1040 1038 
2812 1041 1046 1040 
2813 1231 2550 1234 
2814 1031 1033 1032 
2815 1075 1083 1048 
2816 2484 2516 1954 
2817 2218 3079 2119 
2818 2183 2264 1936 
2819 2632 2642 1524 
2820 1501 1502 1499 
2821 1793 2727 2447 
2822 930 931 929 
2823 1278 2633 1459 
2824 1065 1067 1066 
2825 2378 2379 2376 
2826 1008 1023 1009 
2827 1790 1949 1788 
2828 1046 2471 1040 
2829 842 2510 802 
2830 1578 1612 1579 
2831 1136 2570 2569 
2832 1047 1048 1046 
2833 1925 1992 1924 
2834 999 2784 2730 
2835 928 929 924 
2836 1793 1809 1808 
2837 1324 2649 1317 
2838 958 961 960 
2839 1072 1074 1073 
2840 1406 1470 1407 
2841 830 2564 2558 
2842 1623 1649 1444 
2843 1784 1785 1783 
2844 1798 2003 1137 
2845 2196 2289 1717 
2846 1151 1184 1152 
2847 1070 1072 1071 
2848 1458 1740 1676 
2849 1091 2641 2584 
2850 2186 2254 1804 
2851 2033 2630 2627 
2852 1067 1070 1069 
2853 1621 1817 1721 
2854 1896 2498 1724 
2855 923 924 917 
2856 1000 2663 2662 
2857 1399 2608 1406 
2858 2658 2791 2731 
2859 915 1003 904 
2860 2214 2271 2215 
2861 1431 2836 2833 
2862 1802 2685 2051 
2863 1512 2657 1511 
2864 1072 1084 1074 
2865 1065 1066 1063 
2866 208 2453 209 
2867 714 716 715 
2868 1184 1198 1185 
2869 1761 2546 851 
2870 72 672 71 
2871 1914 2170 1912 
2872 229 676 230 
2873 2030 2032 1668 
2874 1763 1764 1665 
2875 1198 1218 1199 
2876 935 936 931 
2877 1800 2685 1802 
2878 1394 2516 1395 
2879 980 2647 975 
2880 1956 1957 1764 
2881 1034 1338 1032 
2882 1436 1437 1434 
2883 764 846 762 
2884 1049 1075 1048 
2885 1175 2563 1178 
2886 1740 1915 1676 
2887 2048 2703 2259 
2888 1675 2009 1674 
2889 1544 1799 1545 
2890 1930 2102 2052 
2891 1362 1866 1366 
2892 1027 1028 1026 
2893 2440 2441 1885 
2894 1210 1793 1213 
2895 2660 2665 920 
2896 1886 1889 1888 
2897 1272 1623 1444 
2898 802 2510 800 
2899 1649 1896 1724 
2900 1809 1811 1810 
2901 2319 2321 2320 
2902 1273 1596 1373 
2903 1012 1014 1013 
2904 739 2524 736 
2905 1602 1756 1415 
2906 1573 1850 1681 
2907 969 2451 872 
2908 1033 1035 1034 
2909 846 2567 762 
2910 958 2398 961 
2911 1317 2649 1315 
2912 1936 2266 1824 
2913 1807 2567 846 
2914 1673 2609 2274 
2915 1762 2647 980 
2916 942 943 936 
2917 1486 2401 1677 
2918 1272 1444 1270 
2919 1438 1468 1457 
2920 759 2567 760 
2921 1667 1668 1586 
2922 1524 2642 1522 
2923 1547 1990 1747 
2924 970 2862 2624 
2925 1395 1398 1397 
2926 2395 2711 1419 
2927 1919 1921 1920 
2928 759 760 757 
2929 1625 2650 2618 
2930 2683 2684 2277 
2931 915 1004 1003 
2932 1799 1867 1800 
2933 1613 1695 1661 
2934 1637 1864 1638 
2935 1565 2675 1774 
2936 763 764 762 
2937 2961 2977 2584 
2938 2766 2792 2643 
2939 1772 1947 1771 
2940 1486 1578 1487 
2941 1283 1411 1284 
2942 993 994 992 
2943 1697 2526 1462 
2944 2678 2679 1819 
2945 1141 2619 1547 
2946 1544 2527 1982 
2947 210 2496 211 
2948 91 2497 90 
2949 1219 2593 1222 
2950 1007 1339 1012 
2951 724 725 723 
2952 876 877 874 
2953 1666 1926 1735 
2954 1279 2633 1278 
2955 1570 1571 1413 
2956 1150 2569 1189 
2957 2219 2273 1947 
2958 1194 1272 1270 
2959 873 874 872 
2960 2488 2563 1349 
2961 2299 2301 2300 
2962 1786 2456 1783 
2963 1837 2914 1839 
2964 761 762 759 
2965 1586 2627 1730 
2966 794 833 792 
2967 1937 3177 3164 
2968 2475 2476 1338 
2969 1517 2717 992 
2970 2277 2733 2367 
2971 1757 1758 1756 
2972 75 642 74 
2973 226 643 227 
2974 1000 2662 2661 
2975 1064 1065 1063 
2976 2642 2744 2643 
2977 1237 2687 2638 
2978 1281 1283 1282 
2979 2371 2871 1977 
2980 1082 1292 1099 
2981 1226 1288 1227 
2982 1127 1798 1137 
2983 1293 2597 1066 
2984 752 753 750 
2985 898 2769 900 
2986 1156 1544 1202 
2987 1155 1425 1093 
2988 1073 2605 1082 
2989 1877 1878 1758 
2990 982 2678 984 
2991 1023 1462 1154 
2992 2109 3208 3205 
2993 1930 3153 2102 
2994 800 831 798 
2995 1002 1008 1006 
2996 1921 1923 1922 
2997 2044 2045 1658 
2998 2079 2499 1861 
2999 902 915 904 
3000 1076 1080 1075 
3001 2126 2127 1594 
3002 1166 2579 1170 
3003 1600 1601 1504 
3004 984 2678 1538 
3005 1081 1093 1080 
3006 2033 2631 2630 
3007 2299 2300 2297 
3008 2536 3082 3074 
3009 1089 2584 1112 
3010 854 855 853 
3011 2390 2391 1851 
3012 1099 2487 1109 
3013 1082 2605 1292 
3014 1475 1755 1739 
3015 1443 2537 1343 
3016 1343 2537 1155 
3017 1127 1137 1128 
3018 674 2701 83 
3019 228 2653 229 
3020 1200 1201 1186 
3021 1430 2650 1515 
3022 1570 1825 1824 
3023 879 880 877 
3024 1905 2670 1907 
3025 1399 1406 1401 
3026 1008 1009 1006 
3027 1234 1264 1235 
3028 1868 2549 2548 
3029 1085 1770 1074 
3030 1778 1795 1779 
3031 947 948 946 
3032 1035 1039 1038 
3033 1309 1389 1307 
3034 758 759 757 
3035 1805 2740 2279 
3036 1292 2487 1099 
3037 1649 1724 1650 
3038 1007 1012 1011 
3039 68 2640 67 
3040 1671 1672 1601 
3041 1164 2579 1166 
3042 1615 1616 1516 
3043 2679 2760 2716 
3044 2231 2232 2229 
3045 1724 2018 1880 
3046 762 2567 759 
3047 1130 1131 1124 
3048 1219 1222 1221 
3049 1551 1646 1611 
3050 1667 2030 1668 
3051 1848 2159 1883 
3052 1066 2597 1063 
3053 933 939 932 
3054 1426 1427 1146 
3055 1811 2054 1895 
3056 775 776 774 
3057 2629 2632 1730 
3058 1409 1643 1642 
3059 1411 1413 1284 
3060 1268 1388 1387 
3061 1764 2397 1665 
3062 2136 2137 1878 
3063 1674 2595 1673 
3064 1023 1154 1009 
3065 1776 1778 1777 
3066 926 932 925 
3067 1223 1226 1225 
3068 1398 2608 1399 
3069 2473 2474 1030 
3070 1482 2699 1479 
3071 1502 2446 1600 
3072 2228 2229 2227 
3073 1804 2435 1623 
3074 1091 2584 1089 
3075 777 778 776 
3076 3205 3208 748 
3077 764 2639 1025 
3078 1173 2563 1175 
3079 2528 2530 1078 
3080 1313 1325 1311 
3081 1616 1743 1742 
3082 1976 2740 1805 
3083 1538 2678 1819 
3084 1471 1486 1485 
3085 1078 2589 2528 
3086 2024 2025 2022 
3087 1743 1769 1766 
3088 1322 1324 1317 
3089 858 859 857 
3090 1100 1114 1095 
3091 1825 2183 1936 
3092 856 857 855 
3093 1594 2575 1357 
3094 1748 1762 980 
3095 2627 2628 1730 
3096 1178 1192 1179 
3097 1253 1255 1254 
3098 902 904 903 
3099 1189 1194 1190 
3100 1355 2680 1353 
3101 1263 1268 1267 
3102 951 952 950 
3103 1109 1127 1126 
3104 1089 1112 1087 
3105 2233 2234 2232 
3106 1336 2610 1334 
3107 1658 2535 1004 
3108 1534 2910 2302 
3109 764 1025 846 
3110 71 2651 70 
3111 1923 1925 1924 
3112 1628 1804 1623 
3113 1515 1516 1514 
3114 1473 1474 1336 
3115 1039 1041 1040 
3116 2828 2848 1320 
3117 1652 2548 1469 
3118 2575 2576 1473 
3119 1850 1851 1681 
3120 1067 1069 1066 
3121 1585 1586 1584 
3122 1172 1173 1171 
3123 830 2558 806 
3124 1041 1047 1046 
3125 746 2518 743 
3126 2032 2033 1668 
3127 1730 2632 1584 
3128 2528 2620 2530 
3129 1508 2585 1427 
3130 1802 2051 2050 
3131 1615 1760 1616 
3132 2644 2792 827 
3133 1477 1753 1707 
3134 2384 2531 2385 
3135 2557 2863 1761 
3136 1549 1551 1550 
3137 2730 2784 1993 
3138 1885 1886 1672 
3139 1805 2186 1804 
3140 1197 1281 1279 
3141 1181 2713 1197 
3142 1194 1270 1195 
3143 1283 1412 1411 
3144 894 2660 896 
3145 1755 2265 2017 
3146 1144 1145 1142 
3147 1868 2548 1652 
3148 2629 2744 2632 
3149 1586 1730 1584 
3150 1070 1071 1069 
3151 2069 2112 2067 
3152 884 2700 927 
3153 1345 1443 1343 
3154 1334 1505 1332 
3155 1436 1438 1437 
3156 1714 2155 1846 
3157 1025 1037 1036 
3158 953 954 952 
3159 2684 2733 2277 
3160 900 902 901 
3161 1072 1073 1071 
3162 1434 2509 1433 
3163 1229 2550 1231 
3164 995 997 996 
3165 1218 2593 1219 
3166 1488 2854 1140 
3167 1231 1234 1233 
3168 2478 2924 1244 
3169 896 2660 920 
3170 1774 1776 1775 
3171 892 2663 1000 
3172 1510 1969 1512 
3173 849 2557 1761 
3174 716 718 717 
3175 1515 1615 1516 
3176 889 2663 892 
3177 751 752 750 
3178 1022 1026 1021 
3179 1522 2642 1749 
3180 1020 1021 1019 
3181 1037 1044 1043 
3182 1684 1985 1946 
3183 1583 1584 1524 
3184 1957 2187 2163 
3185 1178 2563 1972 
3186 1115 1132 1114 
3187 1133 1141 1132 
3188 1474 2610 1336 
3189 991 992 989 
3190 973 977 944 
3191 849 850 847 
3192 1147 1148 1145 
3193 1793 1808 1213 
3194 1286 2612 1458 
3195 1918 1919 1791 
3196 217 673 218 
3197 84 674 83 
3198 2226 2227 2225 
3199 1044 1051 1050 
3200 1183 1186 1153 
3201 2644 2645 1749 
3202 1985 2540 1986 
3203 1585 1667 1586 
3204 1538 1819 1701 
3205 1430 1514 1351 
3206 961 962 960 
3207 1162 2578 1164 
3208 1047 1049 1048 
3209 975 2659 890 
3210 1283 1284 1282 
3211 2562 2713 1181 
3212 963 964 962 
3213 731 732 729 
3214 1506 1710 1709 
3215 1151 1152 1148 
3216 1137 2570 1128 
3217 1150 1189 1188 
3218 2642 2643 1749 
3219 869 2734 882 
3220 1749 2645 1520 
3221 922 925 921 
3222 1708 1954 1587 
3223 808 852 830 
3224 1523 1524 1522 
3225 1441 1763 1665 
3226 2578 2579 1164 
3227 997 1434 1433 
3228 1010 2547 1439 
3229 2045 2535 1658 
3230 1990 1991 1747 
3231 1809 1810 1808 
3232 1566 1658 1004 
3233 1881 2167 2166 
3234 779 780 778 
3235 1855 2764 1987 
3236 1509 1697 1462 
3237 1378 1385 1379 
3238 718 720 719 
3239 2375 2426 2425 
3240 882 2734 2700 
3241 804 842 802 
3242 1178 1179 1177 
3243 1175 1178 1177 
3244 1351 2488 1349 
3245 1714 2526 2155 
3246 2661 2665 2660 
3247 1458 1676 1463 
3248 1430 1515 1514 
3249 1563 2675 1565 
3250 1817 1844 1721 
3251 867 2734 869 
3252 1853 2044 1658 
3253 1160 1162 1161 
3254 781 782 780 
3255 1570 2637 1825 
3256 2242 2618 1814 
3257 888 2663 889 
3258 2254 2435 1804 
3259 1469 2371 1348 
3260 1522 1749 1520 
3261 1462 1714 1154 
3262 1698 2719 1881 
3263 847 2733 848 
3264 1184 1185 1152 
3265 1297 1782 1781 
3266 1023 1509 1462 
3267 744 745 743 
3268 961 2398 970 
3269 851 2546 1094 
3270 1472 1675 1674 
3271 1061 1063 1062 
3272 2171 2205 2202 
3273 965 966 964 
3274 1281 1282 1279 
3275 892 1000 894 
3276 1192 2562 1179 
3277 720 722 721 
3278 1881 2166 1697 
3279 1743 1766 1765 
3280 1179 2562 1181 
3281 1910 1912 1911 
3282 1656 2715 1560 
3283 1018 1019 1017 
3284 1394 1395 966 
3285 1016 1017 1015 
3286 1753 1910 1909 
3287 1007 1011 1003 
3288 1462 2526 1714 
3289 1511 1549 1548 
3290 1899 2523 1595 
3291 2098 2100 2099 
3292 1768 2370 2268 
3293 1198 1199 1185 
3294 1604 2778 1421 
3295 2298 2739 2299 
3296 1673 2274 1446 
3297 1127 1128 1126 
3298 1515 2650 1625 
3299 1819 1820 1701 
3300 1138 1139 1131 
3301 2056 2595 1674 
3302 1637 1638 1445 
3303 1616 1742 1516 
3304 1926 2574 1927 
3305 1014 1015 1013 
3306 1565 1774 1679 
3307 1763 1956 1764 
3308 710 2841 712 
3309 1521 1522 1520 
3310 212 2615 213 
3311 1782 1784 1783 
3312 83 2701 82 
3313 1748 1845 1762 
3314 1698 1881 1697 
3315 1293 2598 2597 
3316 78 675 77 
3317 223 677 224 
3318 1985 1986 1946 
3319 1068 2538 1067 
3320 2598 2601 2600 
3321 1136 2569 1150 
3322 1699 1993 1575 
3323 1556 1772 1771 
3324 862 875 860 
3325 1424 1597 1464 
3326 1255 1257 1256 
3327 896 920 898 
3328 1852 1868 1652 
3329 1889 2503 1888 
3330 1368 2596 1055 
3331 1693 1694 1580 
3332 1914 2171 2170 
3333 1158 1290 1024 
3334 2530 2620 1369 
3335 2144 2148 2147 
3336 2599 2607 1062 
3337 1349 2563 1173 
3338 870 872 868 
3339 1164 1166 1165 
3340 1649 1650 1444 
3341 829 2712 820 
3342 866 1741 864 
3343 808 830 806 
3344 849 851 850 
3345 1162 1164 1163 
3346 1172 1349 1173 
3347 806 2558 804 
3348 1218 1219 1199 
3349 1825 2637 2184 
3350 1518 2680 1355 
3351 904 2541 905 
3352 2157 2574 1926 
3353 1342 2913 2437 
3354 2162 2397 1764 
3355 1610 2572 2571 
3356 1170 1172 1171 
3357 1583 1585 1584 
3358 1766 1768 1767 
3359 1860 2169 2168 
3360 1131 2854 1124 
3361 919 921 918 
3362 1257 1261 1259 
3363 2432 2703 1950 
3364 1666 1735 1449 
3365 824 2557 849 
3366 820 2712 822 
3367 1412 2637 1411 
3368 1514 2488 1351 
3369 1864 1865 1638 
3370 1160 1161 1159 
3371 1675 2010 2009 
3372 1941 2126 1594 
3373 1736 2719 1698 
3374 2580 2915 2581 
3375 2601 2602 2600 
3376 1743 1765 1742 
3377 1128 2570 1136 
3378 1519 1520 1518 
3379 1170 1171 1169 
3380 2342 2343 2341 
3381 1930 2052 1670 
3382 1615 2613 1760 
3383 737 738 736 
3384 1239 2638 1242 
3385 72 2542 672 
3386 1862 2079 1861 
3387 1939 1940 1618 
3388 2340 2341 2339 
3389 1159 1191 1158 
3390 1610 2571 1455 
3391 1710 2020 2019 
3392 1616 2490 1743 
3393 882 2700 884 
3394 1811 1895 1810 
3395 1025 1036 846 
3396 1785 1932 1787 
3397 1696 2144 2143 
3398 1049 1076 1075 
3399 2680 2681 1353 
3400 1562 1996 1640 
3401 2335 2336 2334 
3402 1295 2759 1250 
3403 2338 2339 2336 
3404 2356 2358 2351 
3405 1855 1987 1856 
3406 1061 1062 1059 
3407 1037 2594 1044 
3408 2345 2346 2343 
3409 2349 2351 2348 
3410 1726 2005 2004 
3411 900 2672 902 
3412 1082 1099 1098 
3413 1772 2219 1947 
3414 822 2557 824 
3415 884 927 886 
3416 1222 1223 1221 
3417 1341 2858 2447 
3418 1094 1158 1024 
3419 1456 2620 1754 
3420 1099 1109 1108 
3421 1037 1043 1036 
3422 1587 2516 1394 
3423 822 2712 2557 
3424 1690 1997 1917 
3425 1523 1583 1524 
3426 2347 2348 2346 
3427 898 900 899 
3428 2102 2223 2052 
3429 1173 1175 1174 
3430 2528 2589 1959 
3431 722 724 723 
3432 1223 2693 1226 
3433 851 1024 850 
3434 2675 2848 2828 
3435 1057 1368 1055 
3436 1509 1698 1697 
3437 1724 1880 1650 
3438 1988 2142 2141 
3439 2127 2575 1594 
3440 1093 2695 1080 
3441 1926 1927 1735 
3442 1452 2571 1702 
3443 1300 2718 1346 
3444 993 995 994 
3445 1065 1068 1067 
3446 1398 1399 1397 
3447 1286 1458 1417 
3448 1470 1471 1407 
3449 1988 2614 2142 
3450 1189 1190 1188 
3451 1073 1082 1079 
3452 1226 1227 1225 
3453 2333 2334 2332 
3454 2224 2225 2080 
3455 1541 1594 1357 
3456 991 993 992 
3457 1600 2446 1863 
3458 1760 2492 2491 
3459 2571 2590 1702 
3460 1934 1935 1634 
3461 1106 1110 1105 
3462 1761 2836 2546 
3463 1455 2571 1452 
3464 1111 1117 1110 
3465 1094 1160 1159 
3466 1162 1163 1161 
3467 1118 2255 1117 
3468 1044 1050 1043 
3469 852 854 853 
3470 1275 1277 1201 
3471 1271 2612 1286 
3472 1272 1628 1623 
3473 824 849 847 
3474 1337 1473 1336 
3475 1744 2720 1745 
3476 1160 1431 1162 
3477 783 784 782 
3478 1521 1523 1522 
3479 1371 1452 1370 
3480 1774 2828 1776 
3481 1369 1371 1370 
3482 1544 1545 1202 
3483 1375 1378 1376 
3484 1081 1155 1093 
3485 2580 2581 2121 
3486 1166 1169 1168 
3487 1526 2625 1981 
3488 1743 2490 1769 
3489 1820 2121 2120 
3490 1459 2633 1684 
3491 1406 1407 1401 
3492 1076 1081 1080 
3493 1429 1430 1351 
3494 2614 2851 2142 
3495 1178 1972 1192 
3496 721 2865 719 
3497 1520 2645 1518 
3498 1824 2489 1571 
3499 1905 1907 1906 
3500 2331 2332 2329 
3501 1102 1105 1101 
3502 1371 1455 1452 
3503 2572 2590 2571 
3504 1820 2580 2121 
3505 1207 2727 1210 
3506 1335 1336 1334 
3507 1005 2681 1001 
3508 1754 2620 2528 
3509 1050 1369 1129 
3510 1742 2636 1516 
3511 904 905 903 
3512 1571 1573 1572 
3513 1563 2737 2675 
3514 1875 2108 1706 
3515 1744 1745 1569 
3516 1456 1569 1455 
3517 1456 1744 1569 
3518 1109 1126 1125 
3519 1590 1983 1536 
3520 1166 1168 1165 
3521 908 2931 2928 
3522 1955 2242 1814 
3523 1143 1426 1146 
3524 1012 1013 1011 
3525 1369 1370 1129 
3526 1958 2720 1744 
3527 1959 2589 2303 
3528 1164 1165 1163 
3529 73 2542 72 
3530 2328 2329 2327 
3531 1094 1159 1158 
3532 1584 2632 1524 
3533 1097 1101 1096 
3534 1175 1177 1176 
3535 1173 1174 1171 
3536 1166 1170 1169 
3537 1452 1702 1453 
3538 1122 1124 1120 
3539 1350 1351 1349 
3540 1799 1800 1545 
3541 2598 2600 2599 
3542 1431 2578 1162 
3543 1628 1805 1804 
3544 2600 2604 2603 
3545 1566 1853 1658 
3546 812 836 814 
3547 1502 1504 1503 
3548 902 903 901 
3549 1519 1521 1520 
3550 1987 1988 1856 
3551 1128 1136 1135 
3552 1569 1610 1455 
3553 1053 1078 1051 
3554 1234 1235 1233 
3555 915 1566 1004 
3556 1179 1181 1180 
3557 2591 2636 1742 
3558 775 777 776 
3559 1194 1195 1190 
3560 2539 2741 1084 
3561 1699 1994 1993 
3562 1451 1518 1355 
3563 2732 2834 2547 
3564 1189 2696 1194 
3565 1514 2636 2488 
3566 1805 2279 2186 
3567 1754 1958 1744 
3568 1050 2530 1369 
3569 1270 1271 1195 
3570 1371 1456 1455 
3571 785 786 784 
3572 1303 2776 1362 
3573 1249 1253 1251 
3574 1612 1613 1579 
3575 2573 3015 2978 
3576 1465 1466 1277 
3577 1353 2681 1005 
3578 2537 2714 1425 
3579 849 1761 851 
3580 1597 1687 1685 
3581 1165 1167 1163 
3582 1848 1883 1882 
3583 2326 2327 2325 
3584 1993 2728 1575 
3585 1538 1701 1700 
3586 2645 2774 2680 
3587 1590 1984 1983 
3588 219 2692 220 
3589 1606 1855 1854 
3590 1778 1779 1777 
3591 1217 2671 1088 
3592 1456 1754 1744 
3593 749 750 748 
3594 1915 2505 1676 
3595 1987 2614 1988 
3596 1766 1767 1765 
3597 1846 1848 1847 
3598 900 901 899 
3599 1859 1861 1577 
3600 1002 1006 1005 
3601 1237 2638 1239 
3602 824 847 825 
3603 2643 2644 1749 
3604 1345 2588 1443 
3605 1714 1846 1715 
3606 1094 2546 1160 
3607 742 743 741 
3608 1385 2554 1682 
3609 2645 2680 1518 
3610 777 779 778 
3611 2324 2325 2323 
3612 1441 2693 1763 
3613 818 829 820 
3614 1496 2779 1498 
3615 1525 2650 1430 
3616 1855 1856 1854 
3617 1959 2302 1958 
3618 1795 1872 1779 
3619 1702 2173 1453 
3620 2600 2603 2599 
3621 1051 2530 1050 
3622 2602 2604 2600 
3623 1136 1150 1149 
3624 2628 2629 1730 
3625 1371 2620 1456 
3626 1943 2200 1624 
3627 859 2448 2209 
3628 1657 1871 1656 
3629 1789 1918 1791 
3630 1768 2268 1767 
3631 2597 2599 1062 
3632 81 634 80 
3633 220 636 221 
3634 1695 1706 1661 
3635 1373 1375 1374 
3636 2228 2231 2229 
3637 1529 2635 1532 
3638 1562 2708 1996 
3639 735 736 734 
3640 787 788 786 
3641 1526 1981 1528 
3642 1808 2709 1213 
3643 2059 2621 1168 
3644 1061 1064 1063 
3645 1776 1777 1775 
3646 2375 2425 1113 
3647 1528 2635 1529 
3648 1060 1061 1059 
3649 1181 1197 1196 
3650 1676 2505 1690 
3651 1684 1946 1876 
3652 1025 2639 1352 
3653 2026 2036 2035 
3654 851 1094 1024 
3655 1169 1870 1168 
3656 747 748 745 
3657 1606 2635 1855 
3658 940 944 939 
3659 1750 1814 1525 
3660 1115 2745 1133 
3661 1731 1736 1698 
3662 998 1794 1383 
3663 779 781 780 
3664 1197 1279 1278 
3665 1641 1728 1418 
3666 1515 1625 1615 
3667 1451 1519 1518 
3668 2184 2221 2183 
3669 2618 2650 1814 
3670 808 2753 852 
3671 1954 2516 1587 
3672 1179 1180 1177 
3673 1973 1974 1853 
3674 1036 1807 846 
3675 1511 1548 1264 
3676 939 2908 932 
3677 1754 1959 1958 
3678 2504 2794 1817 
3679 822 824 823 
3680 756 757 755 
3681 1774 1775 1679 
3682 2286 2287 844 
3683 2322 2323 2321 
3684 1452 1453 1370 
3685 1084 2741 1086 
3686 1063 2597 1062 
3687 1099 1108 1098 
3688 896 898 897 
3689 1078 2596 2589 
3690 1010 1439 1354 
3691 1458 1463 1417 
3692 1050 1129 1043 
3693 848 2684 1002 
3694 1676 1690 1463 
3695 1486 1487 1485 
3696 1578 1579 1487 
3697 1650 2689 1444 
3698 1069 1293 1066 
3699 2589 2606 2303 
3700 2226 2228 2227 
3701 1638 2695 1445 
3702 1529 1532 1531 
3703 1078 2530 1051 
3704 2055 2154 1692 
3705 1426 1508 1427 
3706 1165 2621 1167 
3707 789 790 788 
3708 2053 2129 1705 
3709 740 741 738 
3710 1333 1334 1332 
3711 1459 1684 1683 
3712 2038 2040 2039 
3713 1820 2120 1701 
3714 1754 2528 1959 
3715 2581 2582 2121 
3716 1168 2621 1165 
3717 2233 2235 2234 
3718 1532 1605 1533 
3719 1532 1606 1605 
3720 1109 1125 1108 
3721 943 946 945 
3722 1009 2547 1006 
3723 1058 1059 1057 
3724 1082 1098 1079 
3725 976 980 975 
3726 1368 2606 2596 
3727 2647 2659 975 
3728 2621 2622 1167 
3729 1270 2689 1271 
3730 1573 1681 1680 
3731 1988 2141 2140 
3732 989 2717 986 
3733 1273 1373 1274 
3734 1547 1747 1633 
3735 1008 2683 1023 
3736 1291 2765 2705 
3737 1055 2596 1053 
3738 1870 2059 1168 
3739 1150 1188 1187 
3740 2705 2765 1981 
3741 1142 2619 1141 
3742 1981 2764 1528 
3743 894 896 895 
3744 880 914 910 
3745 1243 1258 1245 
3746 791 792 790 
3747 1335 1337 1336 
3748 1585 2752 1667 
3749 2982 2993 2075 
3750 820 822 821 
3751 1541 1941 1594 
3752 1959 2303 2302 
3753 2266 2489 1824 
3754 1350 1429 1351 
3755 848 1002 1001 
3756 1141 1547 1212 
3757 1174 2652 1171 
3758 1044 1052 1051 
3759 1814 2650 1525 
3760 2187 3245 2163 
3761 1385 1682 1379 
3762 1605 1626 1533 
3763 948 950 949 
3764 1429 1525 1430 
3765 1128 1135 1126 
3766 1532 1533 1531 
3767 1966 2270 1963 
3768 1556 2714 1772 
3769 1561 1818 1751 
3770 220 2692 636 
3771 1684 2633 1985 
3772 1537 1590 1536 
3773 1390 1599 1381 
3774 1543 1595 1468 
3775 1136 1149 1135 
3776 1955 2296 2242 
3777 2231 2233 2232 
3778 2839 2879 1982 
3779 768 775 774 
3780 1411 2637 1570 
3781 1340 2652 1174 
3782 1667 2031 2030 
3783 1369 2620 1371 
3784 1763 2693 2566 
3785 1361 2939 1359 
3786 1655 1656 1560 
3787 1052 1053 1051 
3788 1509 1731 1698 
3789 1983 2698 1536 
3790 1175 1176 1174 
3791 1073 1079 1071 
3792 1886 1888 1887 
3793 781 783 782 
3794 1331 1332 1329 
3795 981 1748 980 
3796 2579 2676 1170 
3797 870 873 872 
3798 2598 2599 2597 
3799 2236 2876 2229 
3800 847 848 825 
3801 1606 1692 1605 
3802 1086 1217 1088 
3803 860 2448 859 
3804 892 894 893 
3805 1891 2172 2161 
3806 1284 1454 1282 
3807 906 975 890 
3808 1551 1611 1550 
3809 2674 2754 1293 
3810 1172 1350 1349 
3811 1606 1854 1692 
3812 754 755 752 
3813 763 765 764 
3814 984 1538 987 
3815 761 763 762 
3816 1750 1955 1814 
3817 1056 1057 1055 
3818 2227 2876 2230 
3819 915 2672 1566 
3820 818 820 819 
3821 1125 1526 1134 
3822 1526 1528 1527 
3823 1571 1572 1413 
3824 889 892 891 
3825 1214 1273 1216 
3826 2218 3115 682 
3827 1916 1970 1694 
3828 1239 1242 1241 
3829 1704 1953 1873 
3830 1568 1999 1592 
3831 2553 2709 1808 
3832 1025 1352 1037 
3833 1714 1715 1154 
3834 1516 2636 1514 
3835 1532 2635 1606 
3836 1350 2667 1429 
3837 1888 1891 1890 
3838 2255 2916 2257 
3839 1288 2788 2551 
3840 1971 2695 1638 
3841 1528 1529 1527 
3842 1988 2140 1856 
3843 1039 1103 1041 
3844 2224 2226 2225 
3845 1323 1328 1322 
3846 954 956 955 
3847 1526 1527 1134 
3848 1054 1055 1053 
3849 1731 2276 1736 
3850 1160 2546 1431 
3851 758 761 759 
3852 1854 2055 1692 
3853 1196 2698 1180 
3854 1348 2588 1345 
3855 1033 1294 1035 
3856 824 825 823 
3857 1125 2625 1526 
3858 1006 2547 1010 
3859 1621 1721 1720 
3860 1318 2737 1323 
3861 1583 1874 1585 
3862 1537 1703 1590 
3863 1533 1534 1531 
3864 1762 2668 2647 
3865 873 876 874 
3866 2596 2606 2589 
3867 1252 2785 1296 
3868 2764 2765 1987 
3869 1318 1322 1317 
3870 1566 2672 1973 
3871 990 2728 991 
3872 1006 1010 1005 
3873 956 958 957 
3874 1181 1196 1180 
3875 1002 1005 1001 
3876 962 2738 960 
3877 1219 1221 1220 
3878 1528 2764 2635 
3879 958 960 959 
3880 1044 2594 1052 
3881 1069 2674 1293 
3882 1765 2591 1742 
3883 1316 1317 1315 
3884 1529 1530 1527 
3885 1529 1531 1530 
3886 1210 1213 1211 
3887 854 856 855 
3888 1312 1313 1311 
3889 1197 1278 1196 
3890 1333 1335 1334 
3891 1169 2652 1870 
3892 1527 2775 1134 
3893 1126 2625 1125 
3894 1310 1311 1309 
3895 1314 1315 1313 
3896 1272 2696 1628 
3897 1302 2718 1300 
3898 1523 2781 1583 
3899 2093 2095 2091 
3900 1171 2652 1169 
3901 1460 2673 1537 
3902 1223 1225 1224 
3903 1150 1187 1149 
3904 2919 2929 1242 
3905 1921 2046 1923 
3906 1354 1355 1353 
3907 1521 1662 1523 
3908 1429 2667 1561 
3909 1460 1536 1280 
3910 898 899 897 
3911 3056 3086 2001 
3912 816 818 817 
3913 1342 1343 1155 
3914 1825 2184 2183 
3915 1549 1550 1548 
3916 1883 2012 1882 
3917 1053 2596 1078 
3918 822 823 821 
3919 1684 1876 1683 
3920 1973 2430 1974 
3921 1010 1354 1353 
3922 1493 1944 1490 
3923 1848 1882 1847 
3924 1125 1134 1108 
3925 1304 1305 1302 
3926 916 919 918 
3927 1818 1980 1751 
3928 1227 1229 1228 
3929 1519 2782 1521 
3930 1846 1847 1715 
3931 1497 1617 1495 
3932 1862 2080 2079 
3933 1667 2752 2031 
3934 1478 1722 1481 
3935 1207 1210 1209 
3936 1448 1621 1620 
3937 1271 1286 1285 
3938 1538 1700 987 
3939 2310 2689 1650 
3940 751 754 752 
3941 1773 2754 2674 
3942 896 897 895 
3943 1395 1397 1396 
3944 998 2736 1794 
3945 1629 1699 1575 
3946 2603 2607 2599 
3947 1450 1451 1355 
3948 856 858 857 
3949 1188 1269 1187 
3950 1092 1097 1096 
3951 2085 2086 1841 
3952 2077 2090 2076 
3953 1308 1309 1307 
3954 783 785 784 
3955 1689 1815 1582 
3956 1566 1973 1853 
3957 765 2639 764 
3958 1010 1353 1005 
3959 2598 2754 2601 
3960 817 834 815 
3961 886 888 887 
3962 2277 2367 2276 
3963 1460 1537 1536 
3964 1429 1561 1525 
3965 2635 2764 1855 
3966 1946 2109 1876 
3967 1344 1345 1343 
3968 1704 2673 1953 
3969 793 794 792 
3970 1816 1836 1815 
3971 820 821 819 
3972 858 860 859 
3973 1360 1361 1359 
3974 1537 1704 1703 
3975 902 2672 915 
3976 827 2792 821 
3977 2578 2816 2579 
3978 1408 1409 1361 
3979 1506 2780 1710 
3980 1372 1837 1660 
3981 1792 1937 1784 
3982 869 882 871 
3983 988 989 986 
3984 1561 1750 1525 
3985 1229 1231 1230 
3986 814 816 815 
3987 2625 2705 1981 
3988 1729 1812 1728 
3989 1772 2714 2389 
3990 797 798 796 
3991 2225 2729 2080 
3992 1628 2696 1976 
3993 2070 2071 2069 
3994 1306 1307 1305 
3995 756 758 757 
3996 985 986 983 
3997 1135 2625 1126 
3998 2024 2026 2025 
3999 1913 1914 1912 
4000 1187 1291 1149 
4001 990 991 989 
4002 1372 2832 1837 
4003 1002 2684 1008 
4004 1176 1340 1174 
4005 1451 1663 1519 
4006 795 796 794 
4007 1563 1565 1564 
4008 894 895 893 
4009 1573 1680 1572 
4010 2068 2069 2067 
4011 2915 2928 2581 
4012 1561 2667 1818 
4013 1950 2703 1951 
4014 1330 1563 1363 
4015 799 800 798 
4016 1574 1575 1377 
4017 848 1001 825 
4018 1378 1379 1376 
4019 1537 2673 1704 
4020 1203 1341 1205 
4021 1859 1862 1861 
4022 2074 2076 2073 
4023 1252 1295 1250 
4024 1502 1503 1499 
4025 1837 1839 1838 
4026 785 787 786 
4027 1874 2752 1585 
4028 884 886 885 
4029 1156 1202 1157 
4030 1908 3171 2670 
4031 2268 2269 1767 
4032 1280 2698 1196 
4033 744 747 745 
4034 1350 2676 2667 
4035 807 810 809 
4036 967 2738 962 
4037 818 819 817 
4038 1849 2834 2732 
4039 1172 2676 1350 
4040 1704 1705 1703 
4041 1231 1233 1232 
4042 733 734 731 
4043 1435 1436 1434 
4044 1347 1348 1345 
4045 693 2363 2317 
4046 2072 2073 2071 
4047 829 2905 2804 
4048 1300 1346 1298 
4049 876 879 877 
4050 1296 1297 1295 
4051 1354 1450 1355 
4052 1297 2773 1782 
4053 1760 2613 2492 
4054 1019 1107 1017 
4055 1286 1417 1416 
4056 1530 2775 1527 
4057 1444 2689 1270 
4058 1860 2830 2169 
4059 2632 2744 2642 
4060 1873 2053 1705 
4061 892 893 891 
4062 1980 2275 1751 
4063 1601 1902 1504 
4064 882 884 883 
4065 801 802 800 
4066 1098 1773 1079 
4067 2066 2067 2065 
4068 1800 1802 1801 
4069 1058 1060 1059 
4070 1953 2111 1873 
4071 1235 2687 1237 
4072 1565 1679 1678 
4073 812 814 813 
4074 1271 1285 1195 
4075 1278 1459 1280 
4076 2104 2105 2103 
4077 749 751 750 
4078 1561 1751 1750 
4079 982 2760 2678 
4080 1943 2291 2200 
4081 1449 2788 1288 
4082 1170 2676 1172 
4083 1748 2311 1845 
4084 1278 1280 1196 
4085 1928 2194 2178 
4086 1839 1857 1840 
4087 809 2753 808 
4088 1723 2502 2125 
4089 1442 1469 1348 
4090 2122 2124 2123 
4091 1459 1683 1460 
4092 1331 1333 1332 
4093 728 729 727 
4094 1086 2741 1217 
4095 1226 2693 1441 
4096 672 3110 2838 
4097 1731 2277 2276 
4098 2443 2503 1889 
4099 2150 2199 2151 
4100 2342 2345 2343 
4101 2340 2342 2341 
4102 1513 1652 1469 
4103 787 789 788 
4104 1662 2781 1523 
4105 1264 2687 1235 
4106 825 2682 823 
4107 1416 1535 1285 
4108 906 976 975 
4109 1282 2817 1279 
4110 1060 2648 1061 
4111 823 827 821 
4112 1767 2704 1765 
4113 1194 2696 1272 
4114 1583 2781 1874 
4115 1938 2061 1937 
4116 1377 2728 990 
4117 1834 2260 2135 
4118 1208 1359 1206 
4119 1690 1917 1691 
4120 1445 2695 1093 
4121 1145 2619 1142 
4122 2554 2555 1682 
4123 742 744 743 
4124 1143 2745 1426 
4125 1562 1640 1639 
4126 2633 2817 1985 
4127 1704 1873 1705 
4128 816 817 815 
4129 1995 2715 1656 
4130 1802 2050 1803 
4131 2345 2347 2346 
4132 2349 2356 2351 
4133 2347 2349 2348 
4134 1177 2777 1176 
4135 1459 1460 1280 
4136 1399 1401 1400 
4137 1375 1376 1374 
4138 1653 1852 1652 
4139 1810 2553 1808 
4140 1696 2779 2144 
4141 1628 1976 1805 
4142 1942 2103 1941 
4143 2681 2682 1001 
4144 2338 2340 2339 
4145 1152 1287 1148 
4146 2547 2834 1439 
4147 1299 1651 1301 
4148 1141 1212 1132 
4149 789 791 790 
4150 1647 2101 1900 
4151 726 727 724 
4152 826 2753 809 
4153 1521 2782 1662 
4154 2335 2338 2336 
4155 1367 2648 1060 
4156 1865 1971 1638 
4157 1323 1329 1328 
4158 888 889 887 
4159 1015 1391 1013 
4160 712 2841 1759 
4161 903 908 901 
4162 1323 2737 1330 
4163 1286 1416 1285 
4164 1056 1058 1057 
4165 2391 2392 1851 
4166 737 740 738 
4167 976 981 980 
4168 2833 2836 1980 
4169 1752 1898 1367 
4170 1121 1156 1123 
4171 1454 2817 1282 
4172 2064 2065 2062 
4173 1980 2863 2275 
4174 1763 2566 1956 
4175 1134 2775 2690 
4176 1356 1357 1337 
4177 1886 1887 1672 
4178 863 941 865 
4179 810 812 811 
4180 2333 2335 2334 
4181 1417 1461 1416 
4182 814 815 813 
4183 1318 1323 1322 
4184 1356 1562 1540 
4185 2093 2096 2095 
4186 1134 2690 1108 
4187 1540 1541 1357 
4188 1028 1045 1026 
4189 1425 2714 1556 
4190 1893 1894 1648 
4191 1471 1485 1484 
4192 1219 1220 1199 
4193 1747 1977 1633 
4194 1081 1342 1155 
4195 1619 1648 1447 
4196 2578 2833 2816 
4197 1223 1224 1221 
4198 1559 2819 1558 
4199 1663 2782 1519 
4200 897 907 895 
4201 1681 1879 1680 
4202 1248 1265 1246 
4203 1880 2310 1650 
4204 1751 2804 1750 
4205 1009 2732 2547 
4206 1750 2804 1955 
4207 1545 2758 1202 
4208 998 1383 1377 
4209 992 2717 989 
4210 1108 2690 1098 
4211 848 2733 2684 
4212 1149 2705 1135 
4213 1054 1056 1055 
4214 1210 2727 1793 
4215 1316 1318 1317 
4216 811 826 809 
4217 2269 2704 1767 
4218 1659 2006 1260 
4219 735 737 736 
4220 1071 2674 1069 
4221 1547 1633 1212 
4222 1644 1645 1643 
4223 730 731 729 
4224 1052 1054 1053 
4225 2013 2014 1812 
4226 1737 2561 2560 
4227 1227 1228 1225 
4228 978 1892 1422 
4229 1049 1077 1076 
4230 1683 2673 1460 
4231 2077 2091 2090 
4232 807 809 808 
4233 1303 1362 1321 
4234 1718 1899 1595 
4235 1574 1629 1575 
4236 2021 2022 2020 
4237 988 990 989 
4238 1314 1316 1315 
4239 1373 1374 1274 
4240 861 2801 863 
4241 1001 2682 825 
4242 1383 1593 1574 
4243 1629 2088 1699 
4244 931 972 929 
4245 985 988 986 
4246 993 999 995 
4247 2331 2333 2332 
4248 1135 2705 2625 
4249 2777 2842 1176 
4250 886 887 885 
4251 1335 1356 1337 
4252 1333 2708 1335 
4253 1214 2709 1273 
4254 1061 2648 1064 
4255 889 891 890 
4256 881 1806 1635 
4257 1312 1314 1313 
4258 1352 2594 1037 
4259 988 998 990 
4260 883 1552 871 
4261 1655 1657 1656 
4262 173 2677 172 
4263 948 949 946 
4264 803 804 802 
4265 812 813 811 
4266 1772 2389 2219 
4267 2275 2804 1751 
4268 1624 2747 879 
4269 1235 1237 1236 
4270 1927 2787 1735 
4271 981 2813 1748 
4272 2232 2902 2236 
4273 1273 1274 1216 
4274 889 890 887 
4275 1310 1312 1311 
4276 943 945 936 
4277 2682 2774 827 
4278 1872 2107 2106 
4279 1362 1366 1365 
4280 1847 1849 1715 
4281 1629 2089 2088 
4282 1690 1691 1463 
4283 1253 1254 1251 
4284 1342 1344 1343 
4285 1891 2161 1890 
4286 807 808 806 
4287 1296 2785 1299 
4288 1509 2683 1731 
4289 2628 2706 2629 
4290 1122 1130 1124 
4291 964 967 962 
4292 884 885 883 
4293 1079 2674 1071 
4294 1139 1183 1153 
4295 2328 2331 2329 
4296 1961 2778 1604 
4297 893 2716 891 
4298 174 637 175 
4299 1878 2253 1758 
4300 2836 2863 1980 
4301 1213 1214 1211 
4302 2104 2116 2105 
4303 805 806 804 
4304 2681 2774 2682 
4305 1536 2698 1280 
4306 1344 1347 1345 
4307 810 811 809 
4308 791 793 792 
4309 1622 2083 1903 
4310 1723 2057 1639 
4311 805 807 806 
4312 1104 1367 1060 
4313 1731 2683 2277 
4314 891 906 890 
4315 1917 2158 1691 
4316 1888 1890 1887 
4317 177 662 178 
4318 179 2697 178 
4319 954 955 952 
4320 1563 1564 1363 
4321 1395 1396 966 
4322 1291 2705 1149 
4323 991 2784 993 
4324 971 2738 2504 
4325 823 2682 827 
4326 1023 2683 1509 
4327 984 987 985 
4328 1235 1236 1233 
4329 997 1435 1434 
4330 180 641 181 
4331 1541 1942 1941 
4332 1308 1310 1309 
4333 1712 1835 1591 
4334 169 639 168 
4335 2093 2280 2096 
4336 882 883 871 
4337 1653 2267 2000 
4338 2074 2077 2076 
4339 172 663 171 
4340 1834 2082 1833 
4341 175 635 174 
4342 1678 1833 1564 
4343 1765 2704 2591 
4344 976 982 981 
4345 1383 1574 1377 
4346 2326 2328 2327 
4347 982 984 983 
4348 1426 2745 2669 
4349 1229 1230 1228 
4350 2409 2850 2410 
4351 2658 2731 725 
4352 1442 1588 1513 
4353 1781 2759 1295 
4354 65 2798 64 
4355 982 983 981 
4356 1431 2833 2578 
4357 1098 2690 1773 
4358 1640 1723 1639 
4359 1565 1678 1564 
4360 1782 2773 1792 
4361 1799 2901 1867 
4362 998 1377 990 
4363 1366 1559 1558 
4364 1284 2743 1454 
4365 70 2818 69 
4366 1715 2732 1154 
4367 1256 2831 1254 
4368 1330 1331 1329 
4369 2077 2092 2091 
4370 1572 2743 1413 
4371 863 2801 941 
4372 1154 2732 1009 
4373 1347 1442 1348 
4374 2762 2856 1423 
4375 2048 2259 2208 
4376 2070 2072 2071 
4377 801 843 803 
4378 1994 2730 1993 
4379 1202 1203 1157 
4380 1993 2784 2728 
4381 869 871 870 
4382 2068 2070 2069 
4383 984 985 983 
4384 1438 1543 1468 
4385 1442 1513 1469 
4386 2092 2093 2091 
4387 1344 1440 1347 
4388 2324 2326 2325 
4389 1710 2780 2021 
4390 840 2847 2429 
4391 1822 1826 1821 
4392 1827 1842 1826 
4393 2072 2074 2073 
4394 1231 1232 1230 
4395 1721 2128 1720 
4396 1562 1639 1540 
4397 1133 2745 1143 
4398 1942 2104 2103 
4399 1323 1330 1329 
4400 1999 2735 1592 
4401 900 2769 2672 
4402 873 2805 876 
4403 1593 2763 1574 
4404 1905 1906 1733 
4405 1723 2125 2057 
4406 1513 1653 1652 
4407 1306 1308 1307 
4408 950 1423 949 
4409 1114 2726 2641 
4410 1843 2015 1842 
4411 1910 1913 1912 
4412 1107 2809 1017 
4413 2110 2115 1835 
4414 1054 1364 1056 
4415 1471 1484 1407 
4416 1540 2770 1541 
4417 960 971 959 
4418 1777 1780 1775 
4419 171 664 172 
4420 867 869 868 
4421 797 799 798 
4422 801 803 802 
4423 1399 1400 1397 
4424 2107 2210 2160 
4425 799 801 800 
4426 1800 1801 1545 
4427 1621 1720 1620 
4428 1773 2674 1079 
4429 1801 2758 1545 
4430 1782 1792 1784 
4431 958 959 957 
4432 2081 2224 2080 
4433 1653 2000 1852 
4434 178 665 177 
4435 1575 2728 1377 
4436 795 797 796 
4437 1330 1363 1331 
4438 1748 2813 2311 
4439 181 2710 182 
4440 803 805 804 
4441 956 957 955 
4442 1678 1834 1833 
4443 2672 2769 1973 
4444 1356 1540 1357 
4445 1689 1816 1815 
4446 793 795 794 
4447 1413 2743 1284 
4448 1973 2769 2430 
4449 1872 2106 1779 
4450 1680 1823 1572 
4451 2066 2068 2067 
4452 1362 2776 1866 
4453 1102 1106 1105 
4454 821 2792 819 
4455 869 870 868 
4456 1304 1306 1305 
4457 1104 1752 1367 
4458 1613 1661 1614 
4459 2322 2324 2323 
4460 1426 2669 1508 
4461 2171 2206 2205 
4462 1876 2825 1683 
4463 867 868 866 
4464 2671 2815 1090 
4465 1654 2084 1719 
4466 861 862 860 
4467 1627 1821 1432 
4468 1011 2837 2541 
4469 1574 2763 1629 
4470 1834 2135 2082 
4471 1752 2058 1898 
4472 1279 2817 2633 
4473 1851 2803 1681 
4474 1097 1102 1101 
4475 1106 1111 1110 
4476 1756 2756 2552 
4477 747 749 748 
4478 1210 1211 1209 
4479 1929 3151 1930 
4480 2400 2986 1500 
4481 1203 2758 1341 
4482 2078 3221 2749 
4483 986 2813 983 
4484 1293 2754 2598 
4485 1981 2765 2764 
4486 2546 2836 1431 
4487 1305 2718 1302 
4488 1907 2201 1906 
4489 1013 2837 1011 
4490 789 832 791 
4491 2089 2193 2088 
4492 1230 1326 1228 
4493 891 2716 906 
4494 1611 1933 1832 
4495 879 2747 880 
4496 2319 2322 2321 
4497 865 867 866 
4498 924 2742 2592 
4499 2070 2075 2072 
4500 1802 1803 1801 
4501 1330 2737 1563 
4502 1435 1553 1436 
4503 1156 1157 1123 
4504 1058 1104 1060 
4505 775 1631 777 
4506 1836 2870 1815 
4507 2085 2087 2086 
4508 168 640 169 
4509 1314 1320 1316 
4510 2101 2156 1900 
4511 740 742 741 
4512 2144 2779 2415 
4513 181 638 180 
4514 1792 1938 1937 
4515 2628 2954 2706 
4516 1213 2709 1214 
4517 2064 2066 2065 
4518 2226 2238 2228 
4519 1255 1256 1254 
4520 1829 1831 1830 
4521 182 684 183 
4522 167 685 166 
4523 2302 2936 1534 
4524 1568 2835 1999 
4525 1635 1943 1624 
4526 783 837 785 
4527 1401 1581 1400 
4528 867 2761 2734 
4529 184 2724 183 
4530 797 828 799 
4531 881 1624 879 
4532 1017 2809 1015 
4533 779 845 781 
4534 865 866 864 
4535 1237 1239 1238 
4536 922 926 925 
4537 768 2731 775 
4538 1831 2175 2174 
4539 1404 2830 1403 
4540 1391 2837 1013 
4541 2060 2098 2005 
4542 1725 1726 1645 
4543 819 2766 817 
4544 1130 1138 1131 
4545 1335 2708 1356 
4546 863 864 862 
4547 1238 1327 1236 
4548 1648 2822 1447 
4549 1831 2174 1830 
4550 1860 2168 1945 
4551 1308 1319 1310 
4552 733 735 734 
4553 1633 1636 1212 
4554 1761 2863 2836 
4555 926 933 932 
4556 1862 2081 2080 
4557 985 2736 988 
4558 1823 2743 1572 
4559 1815 2691 1582 
4560 1849 2732 1715 
4561 2066 2495 2068 
4562 817 2766 834 
4563 993 2784 999 
4564 979 2780 1506 
4565 1263 1267 1261 
4566 1548 2687 1264 
4567 876 2805 881 
4568 1576 1860 1858 
4569 1581 1582 1400 
4570 1111 1118 1117 
4571 1541 2770 1942 
4572 1242 1243 1241 
4573 1233 2686 1232 
4574 64 2798 658 
4575 1681 2803 1879 
4576 1493 2707 1944 
4577 182 2723 181 
4578 1252 1296 1295 
4579 1296 1298 1297 
4580 1913 2222 1914 
4581 793 844 795 
4582 1487 2806 1485 
4583 2708 2797 1996 
4584 2728 2784 991 
4585 165 2722 166 
4586 858 861 860 
4587 2447 2945 1809 
4588 1409 1644 1643 
4589 1498 2779 1696 
4590 861 863 862 
4591 1291 2851 2614 
4592 1435 1829 1553 
4593 854 1542 856 
4594 1214 1216 1215 
4595 863 865 864 
4596 1655 2823 1657 
4597 1619 1893 1648 
4598 2023 2024 2022 
4599 1397 2691 1396 
4600 67 2843 66 
4601 1145 2721 2619 
4602 2144 2415 2148 
4603 184 2746 185 
4604 1379 1428 1376 
4605 987 2736 985 
4606 1983 2777 2698 
4607 1622 1796 1484 
4608 1208 1360 1359 
4609 2392 2803 1851 
4610 166 686 167 
4611 183 687 182 
4612 1132 2726 1114 
4613 1485 1622 1484 
4614 1558 2819 1654 
4615 1710 2021 2020 
4616 2680 2774 2681 
4617 983 2813 981 
4618 1148 2721 1145 
4619 1356 2708 1562 
4620 1635 1998 1943 
4621 1374 1393 1274 
4622 2179 2180 1968 
4623 988 2736 998 
4624 1647 1689 1582 
4625 1303 1304 1302 
4626 2083 2145 1903 
4627 919 922 921 
4628 881 1635 1624 
4629 754 756 755 
4630 1214 1215 1211 
4631 1495 2707 1493 
4632 1933 2185 1989 
4633 1237 1238 1236 
4634 1938 2062 2061 
4635 1829 1830 1553 
4636 2080 2729 2079 
4637 2107 2160 2106 
4638 1362 1365 1321 
4639 185 2725 184 
4640 1207 1209 1208 
4641 726 728 727 
4642 1257 1259 1256 
4643 2317 2844 2319 
4644 1611 1832 1550 
4645 1581 1647 1582 
4646 1203 1204 1157 
4647 1543 1718 1595 
4648 1360 1408 1361 
4649 1720 1897 1620 
4650 777 2755 779 
4651 949 2796 946 
4652 2647 2877 2659 
4653 722 726 724 
4654 950 2762 1423 
4655 1346 2773 1298 
4656 2357 2360 2356 
4657 1301 1302 1300 
4658 1382 1404 1403 
4659 1180 2777 1177 
4660 1647 1900 1689 
4661 1984 2842 1983 
4662 2233 2237 2235 
4663 1260 2831 1256 
4664 2041 2042 1614 
4665 1983 2842 2777 
4666 1183 1200 1186 
4667 1858 1859 1577 
4668 1683 2825 2673 
4669 1711 1960 1604 
4670 2646 2791 2658 
4671 1052 2864 1054 
4672 2134 2258 1719 
4673 1592 1713 1712 
4674 1448 1620 1619 
4675 1654 1655 1560 
4676 2965 2974 2495 
4677 1015 2809 1391 
4678 1202 2758 1203 
4679 971 1447 959 
4680 971 1448 1447 
4681 1216 1402 1215 
4682 2737 2848 2675 
4683 1629 2763 2089 
4684 2037 2038 2036 
4685 1239 1240 1238 
4686 1090 2815 1092 
4687 1558 1560 1365 
4688 2063 2583 2064 
4689 1299 1300 1298 
4690 1603 1604 1421 
4691 1205 1207 1206 
4692 1622 1903 1796 
4693 861 2810 2801 
4694 730 733 731 
4695 957 1797 955 
4696 1927 2875 2787 
4697 1639 2770 1540 
4698 1380 1381 765 
4699 1380 2793 1382 
4700 1735 2788 1449 
4701 1408 2845 1409 
4702 960 2738 971 
4703 758 770 761 
4704 1364 2827 1056 
4705 1299 2785 1651 
4706 1363 2797 1331 
4707 1366 1558 1365 
4708 728 730 729 
4709 876 881 879 
4710 1448 1619 1447 
4711 2579 2816 2676 
4712 1203 1205 1204 
4713 1622 2806 2083 
4714 906 2760 976 
4715 1938 2063 2062 
4716 1552 2820 871 
4717 1331 2797 1333 
4718 1653 2783 2267 
4719 185 645 186 
4720 164 644 163 
4721 1613 1614 1579 
4722 186 2749 187 
4723 187 689 188 
4724 162 688 161 
4725 1592 2735 1713 
4726 2594 2864 1052 
4727 2349 2357 2356 
4728 1403 2830 1576 
4729 1712 2110 1835 
4730 189 656 190 
4731 160 657 159 
4732 163 646 164 
4733 186 647 185 
4734 1056 2827 1058 
4735 1316 2848 1318 
4736 1296 1299 1298 
4737 1236 2686 1233 
4738 2676 2816 2667 
4739 2716 2760 906 
4740 946 2796 945 
4741 1568 1592 1591 
4742 2063 2064 2062 
4743 188 2750 189 
4744 1837 1838 1660 
4745 995 2802 997 
4746 1576 1577 1405 
4747 1478 2711 1722 
4748 2987 3013 1276 
4749 941 2761 865 
4750 751 769 754 
4751 1360 1568 1408 
4752 775 2731 1631 
4753 1423 1608 1432 
4754 1617 2707 1495 
4755 763 1380 765 
4756 1442 2786 1588 
4757 1301 1303 1302 
4758 2342 2353 2345 
4759 1303 1321 1304 
4760 2050 2811 1803 
4761 1299 1301 1300 
4762 1843 2016 2015 
4763 2687 2799 2638 
4764 1608 1901 1627 
4765 1333 2797 2708 
4766 1419 2711 1478 
4767 159 2751 158 
4768 1400 2691 1397 
4769 2736 2814 1794 
4770 1822 1827 1826 
4771 2319 2844 2322 
4772 1827 1843 1842 
4773 725 2731 768 
4774 2698 2777 1180 
4775 907 2903 2887 
4776 1401 2767 1581 
4777 2084 2134 1719 
4778 172 2677 663 
4779 1239 1241 1240 
4780 1207 1208 1206 
4781 2021 2023 2022 
4782 1627 1822 1821 
4783 966 2757 964 
4784 964 2757 967 
4785 1828 2133 2011 
4786 976 2760 982 
4787 929 2742 924 
4788 744 766 747 
4789 1287 2721 1148 
4790 2767 2866 1581 
4791 1860 1945 1858 
4792 1423 1432 949 
4793 819 2792 2766 
4794 1092 2815 1097 
4795 1424 1464 1388 
4796 634 2889 80 
4797 1212 2726 1132 
4798 1827 2181 1843 
4799 2357 2364 2360 
4800 2041 2138 2042 
4801 1558 1654 1560 
4802 2673 2825 1953 
4803 936 2748 931 
4804 870 2820 873 
4805 1737 2545 1138 
4806 865 2761 867 
4807 1485 2806 1622 
4808 1403 1405 1390 
4809 187 2771 186 
4810 2086 2853 1841 
4811 970 2904 2862 
4812 1737 2560 2545 
4813 1124 2916 1120 
4814 1382 1390 1381 
4815 1758 2756 1756 
4816 2335 2354 2338 
4817 997 2802 1435 
4818 1138 2808 1139 
4819 1251 1252 1250 
4820 801 2807 843 
4821 1568 1591 1408 
4822 1797 2856 2762 
4823 952 2762 950 
4824 1187 2851 1291 
4825 69 2818 650 
4826 931 2748 972 
4827 716 841 718 
4828 999 2802 995 
4829 1592 1712 1591 
4830 1205 1206 1204 
4831 1466 1693 1580 
4832 737 771 740 
4833 2545 2808 1138 
4834 1097 1554 1102 
4835 1819 2903 1820 
4836 1298 2773 1297 
4837 1700 2814 987 
4838 2675 2828 1774 
4839 1737 2840 2561 
4840 1268 1387 1267 
4841 1661 2041 1614 
4842 1121 1123 1122 
4843 1719 2823 1655 
4844 1728 2847 1418 
4845 1933 1989 1832 
4846 191 2790 190 
4847 2429 2865 721 
4848 2057 2770 1639 
4849 881 2805 1806 
4850 1654 1719 1655 
4851 161 690 162 
4852 188 691 187 
4853 178 2697 665 
4854 1407 2767 1401 
4855 2754 2824 2601 
4856 641 2710 181 
4857 2026 2037 2036 
4858 880 2747 914 
4859 2816 2833 1818 
4860 873 2820 2805 
4861 158 2795 157 
4862 1576 1858 1577 
4863 1828 2011 1718 
4864 3153 3159 2102 
4865 1318 2848 2737 
4866 1119 2839 2527 
4867 1543 1828 1718 
4868 933 940 939 
4869 2624 2862 1753 
4870 1243 1244 1241 
4871 1209 2835 1208 
4872 1995 2884 2715 
4873 1839 1840 1838 
4874 1320 2848 1316 
4875 1608 1627 1432 
4876 2324 2362 2326 
4877 1119 1120 1118 
4878 1243 1245 1244 
4879 2998 3011 2000 
4880 1054 2864 1364 
4881 1249 1251 1250 
4882 1382 2793 1404 
4883 1436 2821 1438 
4884 726 1557 728 
4885 1249 1250 1248 
4886 1644 1725 1645 
4887 2787 2788 1735 
4888 1403 1576 1405 
4889 2328 2355 2331 
4890 885 2877 883 
4891 1327 2686 1236 
4892 189 2772 188 
4893 672 2838 2651 
4894 1550 2799 1548 
4895 1119 1121 1120 
4896 779 2755 845 
4897 1914 2768 2171 
4898 2667 2816 1818 
4899 2222 2768 1914 
4900 160 2789 161 
4901 1121 1122 1120 
4902 1588 2783 1513 
4903 1553 2821 1436 
4904 1660 2002 1659 
4905 1261 2832 1259 
4906 1454 2878 2540 
4907 1513 2783 1653 
4908 1247 1249 1248 
4909 1438 2821 1543 
4910 1347 2786 1442 
4911 2002 2992 2979 
4912 1111 1119 1118 
4913 730 772 733 
4914 1409 2845 1644 
4915 987 2814 2736 
4916 1894 2921 1648 
4917 912 2881 916 
4918 1245 1246 1244 
4919 1382 1403 1390 
4920 712 1759 714 
4921 1582 2691 1400 
4922 1989 2929 2919 
4923 2044 3091 2045 
4924 2634 2920 1991 
4925 1380 1382 1381 
4926 1396 2757 966 
4927 1247 1248 1246 
4928 1654 2819 2084 
4929 1440 2786 1347 
4930 1647 2866 2101 
4931 2775 2824 2690 
4932 2034 2085 1841 
4933 1245 1247 1246 
4934 1726 2060 2005 
4935 159 655 160 
4936 190 654 189 
4937 1372 1660 1659 
4938 1200 1275 1201 
4939 1372 1659 1260 
4940 1432 2796 949 
4941 972 2742 929 
4942 192 2880 191 
4943 871 2820 870 
4944 66 2843 697 
4945 1636 2726 1212 
4946 182 2710 684 
4947 1058 2827 1104 
4948 1435 2802 1829 
4949 2023 2027 2024 
4950 192 666 193 
4951 157 667 156 
4952 2045 3091 3082 
4953 761 2855 763 
4954 955 2762 952 
4955 1140 2854 1131 
4956 1259 1372 1260 
4957 2122 2123 1687 
4958 2253 2756 1758 
4959 945 2748 936 
4960 883 2877 1552 
4961 1208 2835 1360 
4962 2372 2978 969 
4963 1753 2862 1910 
4964 1818 2833 1980 
4965 1130 1737 1138 
4966 1484 2767 1407 
4967 2171 2768 2206 
4968 1713 2857 1712 
4969 1835 2845 1591 
4970 799 2807 801 
4971 2690 2824 1773 
4972 1097 2815 1554 
4973 1631 2755 777 
4974 2659 2877 885 
4975 2115 2912 1835 
4976 1821 2796 1432 
4977 1840 1841 1838 
4978 1773 2824 2754 
4979 1579 2812 1487 
4980 181 2723 638 
4981 1548 2799 2687 
4982 2623 3121 1626 
4983 2918 2938 1831 
4984 1830 2906 2883 
4985 3151 3153 1930 
4986 157 2826 158 
4987 1487 2812 2806 
4988 858 2810 861 
4989 2006 2831 1260 
4990 828 2807 799 
4991 1796 2767 1484 
4992 937 2949 2909 
4993 2258 2823 1719 
4994 856 2810 858 
4995 1796 2866 2767 
4996 1118 2916 2255 
4997 1363 2899 2797 
4998 1840 2034 1841 
4999 1418 2847 840 
5000 1259 1260 1256 
5001 1542 2810 856 
5002 1176 2842 1340 
5003 1833 2899 1564 
5004 183 2724 687 
5005 1991 2920 1747 
5006 940 973 944 
5007 1733 2800 1727 
5008 1858 2860 1859 
5009 184 2725 2724 
5010 2925 2947 1806 
5011 78 2930 675 
5012 1204 2927 2888 
5013 1845 2947 1762 
5014 1543 2821 1828 
5015 1576 2830 1860 
5016 2804 2905 1955 
5017 1977 2871 1633 
5018 166 2722 686 
5019 687 2723 182 
5020 1517 2959 2311 
5021 173 2891 2677 
5022 919 1567 922 
5023 1603 1711 1604 
5024 2692 2861 636 
5025 1832 2799 1550 
5026 1826 2894 1821 
5027 2037 2198 2038 
5028 1711 2189 2188 
5029 1269 2851 1187 
5030 1797 2762 955 
5031 1428 2849 1376 
5032 907 2887 895 
5033 1376 2849 1374 
5034 2928 2931 2581 
5035 1314 2869 1320 
5036 2220 3063 1567 
5037 1259 2832 1372 
5038 1374 2849 1393 
5039 1768 3033 2288 
5040 635 2891 174 
5041 1842 2943 1826 
5042 1422 1609 1603 
5043 1122 2840 1130 
5044 770 2855 761 
5045 893 2887 2716 
5046 1945 2860 1858 
5047 1591 2845 1408 
5048 1139 2808 1183 
5049 2601 2898 2602 
5050 1360 2835 1568 
5051 1812 2240 1728 
5052 2743 2878 1454 
5053 2333 2852 2335 
5054 2042 2812 1614 
5055 763 2855 1380 
5056 1553 2883 2821 
5057 1712 2857 2110 
5058 1711 2188 1960 
5059 1243 2929 1258 
5060 2240 2847 1728 
5061 1275 1465 1277 
5062 1792 2873 1938 
5063 1533 2910 1534 
5064 185 2746 645 
5065 2773 2873 1792 
5066 926 934 933 
5067 2363 2844 2317 
5068 2951 2959 1998 
5069 1123 2840 1122 
5070 959 2822 957 
5071 174 2891 173 
5072 1359 2927 1206 
5073 1447 2822 959 
5074 676 3340 2160 
5075 2691 2870 1396 
5076 156 668 157 
5077 193 669 192 
5078 938 3036 2408 
5079 1380 2855 2793 
5080 957 2822 1797 
5081 978 1422 1421 
5082 1422 1603 1421 
5083 2326 2859 2328 
5084 1130 2840 1737 
5085 647 2725 185 
5086 1693 1916 1694 
5087 1354 2907 1450 
5088 1801 2858 2758 
5089 1906 2800 1733 
5090 907 2915 2580 
5091 1312 2869 1314 
5092 2604 2936 2303 
5093 2049 3274 2790 
5094 1319 2886 1310 
5095 1534 2926 1531 
5096 1614 2812 1579 
5097 2305 3099 1103 
5098 2331 2868 2333 
5099 1106 2839 1111 
5100 1830 2883 1553 
5101 1254 2872 1251 
5102 1803 2858 1801 
5103 714 2867 716 
5104 2997 3015 1546 
5105 1597 1685 1464 
5106 1910 2862 1913 
5107 645 2749 186 
5108 1252 2872 2785 
5109 2229 2876 2227 
5110 189 2750 656 
5111 187 2749 689 
5112 1267 2832 1261 
5113 1766 3033 1768 
5114 2887 2903 2679 
5115 689 2750 188 
5116 1823 2878 2743 
5117 2831 2872 1254 
5118 2382 2950 2381 
5119 1660 2853 2002 
5120 2715 2884 1321 
5121 1321 2884 1304 
5122 2024 2829 2026 
5123 2335 2852 2354 
5124 1723 2932 2502 
5125 657 2751 159 
5126 1423 2856 1608 
5127 186 2771 647 
5128 978 2897 1892 
5129 1829 2918 1831 
5130 1815 2870 2691 
5131 1111 2839 1119 
5132 1450 2935 1451 
5133 2758 2858 1341 
5134 1215 2882 1211 
5135 2716 2887 2679 
5136 1216 2895 1402 
5137 2641 2961 2584 
5138 1200 1276 1275 
5139 1215 2941 2882 
5140 1633 2871 1636 
5141 1938 2873 2063 
5142 2027 2829 2024 
5143 1204 2888 1157 
5144 1581 2866 1647 
5145 1564 2899 1363 
5146 897 2915 907 
5147 2775 2898 2824 
5148 1081 2913 1342 
5149 153 681 154 
5150 196 680 195 
5151 2668 2947 2925 
5152 2362 2859 2326 
5153 1393 2895 1274 
5154 1955 2905 2296 
5155 2751 2795 158 
5156 978 1421 973 
5157 2797 2899 1996 
5158 932 2908 938 
5159 1833 2917 2899 
5160 2328 2859 2355 
5161 1962 2153 1964 
5162 2835 2882 1999 
5163 1077 2913 1076 
5164 1838 2853 1660 
5165 908 2928 901 
5166 1554 2879 1102 
5167 1209 2882 2835 
5168 2824 2898 2601 
5169 2840 2888 2561 
5170 2821 2883 1828 
5171 691 2771 187 
5172 1966 2846 2270 
5173 940 978 973 
5174 1845 2959 2951 
5175 2355 2868 2331 
5176 2026 2829 2037 
5177 1251 2872 1252 
5178 1995 2922 2884 
5179 2197 3027 2161 
5180 1310 2886 1312 
5181 195 682 196 
5182 154 683 153 
5183 1102 2879 1106 
5184 191 2880 2790 
5185 2883 2906 2133 
5186 2082 2917 1833 
5187 1396 2870 2757 
5188 1307 2944 1305 
5189 1123 2888 2840 
5190 161 2789 690 
5191 188 2772 691 
5192 1146 2957 1144 
5193 2898 2926 2602 
5194 895 2887 893 
5195 1211 2882 1209 
5196 1304 2884 1306 
5197 1346 2873 2773 
5198 2015 2962 1842 
5199 1410 2975 2768 
5200 2185 2952 1989 
5201 190 2790 654 
5202 2333 2868 2852 
5203 1312 2886 2869 
5204 1975 2896 1795 
5205 2888 2927 2561 
5206 2322 2893 2324 
5207 1841 2853 1838 
5208 2730 2938 2918 
5209 2174 2906 1830 
5210 157 2795 667 
5211 80 2889 79 
5212 2796 2894 945 
5213 654 2772 189 
5214 1157 2888 1123 
5215 1968 2846 1966 
5216 1828 2883 2133 
5217 655 2789 160 
5218 2638 2919 1242 
5219 716 2867 841 
5220 1308 2922 1319 
5221 1996 2917 1640 
5222 1982 2901 1799 
5223 1106 2879 2839 
5224 2324 2893 2362 
5225 1871 3035 3012 
5226 2873 2934 2063 
5227 1687 2885 1685 
5228 1759 2867 714 
5229 1274 2895 1216 
5230 2082 2932 2917 
5231 916 2881 919 
5232 2234 2902 2232 
5233 2137 3108 2205 
5234 2844 2893 2322 
5235 2899 2917 1996 
5236 2679 2903 1819 
5237 2201 2874 1906 
5238 1609 2890 1603 
5239 2827 2937 1104 
5240 1992 3053 2981 
5241 1931 2029 1686 
5242 1817 2968 1844 
5243 1244 2924 1241 
5244 2280 3024 1505 
5245 2631 2970 2753 
5246 2845 2912 1644 
5247 2901 2976 1867 
5248 1530 2898 2775 
5249 813 2954 811 
5250 2970 2990 1542 
5251 1842 2962 2943 
5252 2180 2846 1968 
5253 1770 2998 2605 
5254 199 3001 200 
5255 102 3002 101 
5256 2889 2930 79 
5257 2577 3067 2012 
5258 1836 2923 2870 
5259 2812 2911 2806 
5260 1240 2933 1238 
5261 1644 2912 1725 
5262 1199 2953 1185 
5263 2907 3083 1450 
5264 669 2880 192 
5265 2862 2904 1913 
5266 2866 2900 2101 
5267 1832 2919 2799 
5268 1346 2934 2873 
5269 2303 2936 2302 
5270 1903 2900 1796 
5271 1612 2950 2382 
5272 196 2892 197 
5273 1552 2925 2820 
5274 1603 2890 1711 
5275 1439 2907 1354 
5276 945 2894 2748 
5277 2381 3176 646 
5278 2917 2932 1640 
5279 1711 2890 2189 
5280 1685 1931 1686 
5281 2668 2925 1552 
5282 2394 2909 2780 
5283 2805 2925 1806 
5284 2882 2941 1999 
5285 1913 2904 2222 
5286 2780 2909 2021 
5287 1388 2956 1387 
5288 1821 2894 2796 
5289 2776 2973 1866 
5290 1504 2960 1503 
5291 2730 2918 999 
5292 2753 2970 852 
5293 2058 3142 3139 
5294 2706 2954 813 
5295 2487 3003 1798 
5296 1685 1686 1464 
5297 2799 2919 2638 
5298 1387 2956 2438 
5299 919 2881 1567 
5300 1626 2910 1533 
5301 1626 3121 2720 
5302 1796 2900 2866 
5303 2042 2911 2812 
5304 1863 3021 2439 
5305 2592 2997 1546 
5306 668 2826 157 
5307 2820 2925 2805 
5308 2978 3015 2016 
5309 999 2918 2802 
5310 1076 2913 1081 
5311 3174 3177 2061 
5312 1120 2916 1118 
5313 2549 2977 2961 
5314 1530 2926 2898 
5315 2858 2945 2447 
5316 2198 2942 2038 
5317 1894 2955 2921 
5318 1906 2874 2800 
5319 2832 2914 1837 
5320 1206 2927 1204 
5321 899 2915 897 
5322 1872 3042 2107 
5323 2718 2934 1346 
5324 1311 2974 1309 
5325 934 2897 933 
5326 2802 2918 1829 
5327 1640 2932 1723 
5328 1221 2967 1220 
5329 2811 3062 2054 
5330 1835 2912 2845 
5331 1648 2921 2822 
5332 2884 2922 1306 
5333 1531 2926 1530 
5334 1242 2929 1243 
5335 1608 2955 1901 
5336 933 2897 940 
5337 1241 2924 1240 
5338 2021 2909 2023 
5339 1836 2968 2923 
5340 2923 2968 2794 
5341 967 2923 2794 
5342 1806 2951 1635 
5343 1685 2885 1931 
5344 1306 2922 1308 
5345 3030 3093 173 
5346 1389 2974 2965 
5347 1999 2941 2735 
5348 2369 2996 1998 
5349 803 2964 805 
5350 1747 2920 1977 
5351 2958 3257 2009 
5352 2038 2942 2040 
5353 732 3165 3144 
5354 1848 2988 2159 
5355 901 2928 899 
5356 2063 2934 2583 
5357 1989 2952 2929 
5358 1803 2945 2858 
5359 1693 2001 1916 
5360 2123 2885 1687 
5361 805 2964 2739 
5362 899 2928 2915 
5363 2280 3041 3024 
5364 2276 3023 1736 
5365 197 706 198 
5366 152 707 151 
5367 2806 2911 2083 
5368 1389 2965 2583 
5369 2155 2988 1846 
5370 2757 2923 967 
5371 1402 2941 1215 
5372 2718 2944 2934 
5373 1387 2914 1267 
5374 2822 2921 1797 
5375 1925 3122 3118 
5376 854 2970 1542 
5377 2290 3021 2289 
5378 1989 2919 1832 
5379 2583 2965 2064 
5380 2066 2965 2495 
5381 1325 2993 2982 
5382 2934 2944 2583 
5383 2107 3049 2210 
5384 940 2897 978 
5385 720 2971 722 
5386 2870 2923 2757 
5387 1077 3077 2498 
5388 1267 2914 2832 
5389 2561 2939 2560 
5390 1864 2985 1865 
5391 2581 2931 2582 
5392 1451 2935 1663 
5393 155 2940 154 
5394 1871 3012 1995 
5395 1797 2921 2856 
5396 1104 2937 1752 
5397 79 2930 78 
5398 2004 3013 2493 
5399 1238 2933 1327 
5400 1225 2980 1224 
5401 1826 2943 2894 
5402 2872 2946 2785 
5403 2494 3013 2987 
5404 1845 2951 2947 
5405 1762 2947 2668 
5406 1325 2982 2495 
5407 787 3065 2264 
5408 2979 2992 1866 
5409 1635 2951 1998 
5410 1359 2939 2927 
5411 1831 2938 2175 
5412 1366 2992 1559 
5413 1315 2993 1313 
5414 1994 2938 2730 
5415 2549 2961 1636 
5416 2831 2946 2872 
5417 1992 3118 3053 
5418 1417 2984 1461 
5419 2937 2948 1752 
5420 2785 2946 1651 
5421 2649 3008 2075 
5422 2405 2950 1612 
5423 2002 2979 1659 
5424 1869 3025 1934 
5425 2117 3163 2265 
5426 1326 2980 1228 
5427 1752 2948 2058 
5428 2212 3247 2195 
5429 1691 2984 1463 
5430 2946 2973 1651 
5431 2969 2990 2032 
5432 2768 2975 2206 
5433 1232 2981 1230 
5434 1461 2991 1416 
5435 2103 3262 3109 
5436 3313 3340 2654 
5437 2247 3279 681 
5438 2976 3016 1867 
5439 1881 3014 2167 
5440 3042 3049 2107 
5441 2163 3168 2162 
5442 3067 3089 2012 
5443 2070 2982 2075 
5444 1867 3016 2685 
5445 726 2971 1557 
5446 811 2954 826 
5447 1844 2994 2512 
5448 2909 2949 2023 
5449 2748 2943 972 
5450 2495 2982 2068 
5451 1998 2996 1943 
5452 1036 3005 1807 
5453 2428 3044 2427 
5454 153 2966 152 
5455 2810 2969 2801 
5456 1129 3005 1043 
5457 2894 2943 2748 
5458 2811 2945 1803 
5459 2929 2952 1258 
5460 2653 3333 2655 
5461 154 2940 683 
5462 191 3007 192 
5463 1305 2944 2718 
5464 1322 3020 1324 
5465 2655 3333 643 
5466 2927 2939 2561 
5467 2023 2949 2027 
5468 2283 3314 2940 
5469 2494 2987 2808 
5470 2947 2951 1806 
5471 682 2892 196 
5472 2311 2959 1845 
5473 2921 2955 2856 
5474 2685 3028 2051 
5475 1220 2953 1199 
5476 2047 2995 1952 
5477 2086 3031 3006 
5478 1505 3024 1332 
5479 2204 3267 176 
5480 2564 3072 2559 
5481 1630 3107 2418 
5482 1507 2957 1146 
5483 2352 3064 2428 
5484 2251 3284 2248 
5485 2206 2975 2307 
5486 640 3154 2404 
5487 2943 2962 972 
5488 2006 2946 2831 
5489 2700 3045 927 
5490 1464 2956 1388 
5491 2006 2973 2946 
5492 2694 3040 1276 
5493 1200 2987 1276 
5494 2075 3008 2072 
5495 1934 2963 1935 
5496 2365 3069 671 
5497 2631 2990 2970 
5498 1636 2961 2726 
5499 2149 3191 688 
5500 683 2966 153 
5501 1902 2960 1504 
5502 3129 3136 2046 
5503 2077 3017 2092 
5504 1191 3032 1158 
5505 2948 3142 2058 
5506 2935 3085 1663 
5507 2808 2987 1183 
5508 1329 3024 1328 
5509 852 2970 854 
5510 927 3050 2666 
5511 2223 3141 1599 
5512 1686 2956 1464 
5513 1795 3035 1872 
5514 2272 3086 3056 
5515 3261 3264 2085 
5516 1812 2983 2240 
5517 1651 2973 2776 
5518 2617 3331 1994 
5519 2033 2990 2631 
5520 159 2999 655 
5521 2666 3058 2664 
5522 2462 3095 2461 
5523 172 3030 173 
5524 843 2964 803 
5525 2734 3043 2700 
5526 1843 3010 2016 
5527 2664 3070 2662 
5528 2662 3073 2661 
5529 2538 3052 3046 
5530 2826 2999 158 
5531 2460 3064 2459 
5532 1970 3161 2113 
5533 1542 2969 2810 
5534 2661 3078 2665 
5535 2815 2976 1554 
5536 2272 3056 1465 
5537 2538 3046 2539 
5538 2064 2965 2066 
5539 2969 3022 2801 
5540 2726 2961 2641 
5541 1979 3115 1965 
5542 1546 3015 2573 
5543 1224 2967 1221 
5544 673 3306 3271 
5545 1854 3037 2055 
5546 2856 2955 1608 
5547 2584 2977 1112 
5548 2140 3037 1856 
5549 972 2962 2742 
5550 3045 3050 927 
5551 197 2892 706 
5552 2015 2997 2962 
5553 2973 2979 1866 
5554 2388 3072 974 
5555 2304 3099 2305 
5556 639 3354 2440 
5557 2217 3120 1358 
5558 1103 3119 2305 
5559 2096 3211 2095 
5560 2092 3041 2093 
5561 2794 2968 1817 
5562 1554 2976 2901 
5563 2030 3022 2032 
5564 1367 3047 2648 
5565 2057 3312 3273 
5566 3016 3028 2685 
5567 1309 2974 1389 
5568 3159 3167 2102 
5569 722 2971 726 
5570 2466 3102 2465 
5571 2130 3324 3007 
5572 3073 3078 2661 
5573 152 2966 707 
5574 3070 3073 2662 
5575 651 3319 2210 
5576 1659 2979 2006 
5577 3050 3058 2666 
5578 2423 3128 696 
5579 3006 3031 1559 
5580 1868 2977 2549 
5581 833 3341 2514 
5582 1599 3156 2223 
5583 655 3287 2295 
5584 3058 3070 2664 
5585 2205 3108 2216 
5586 2977 2989 1112 
5587 2573 2978 2372 
5588 2671 2976 2815 
5589 2968 2994 1844 
5590 2030 3026 3022 
5591 2415 2986 2150 
5592 2031 3026 2030 
5593 2464 3095 2463 
5594 2430 3085 1974 
5595 1816 2994 1836 
5596 2590 3057 1702 
5597 739 3094 2524 
5598 2470 3113 2469 
5599 1112 2989 2626 
5600 1014 3067 2577 
5601 2015 3015 2997 
5602 1627 3039 1822 
5603 3028 3046 2051 
5604 1339 3067 1012 
5605 2506 3133 1294 
5606 3043 3045 2700 
5607 1868 2989 2977 
5608 2239 3117 1190 
5609 2957 3027 2197 
5610 2085 3264 2087 
5611 2438 3019 1857 
5612 2086 3006 2853 
5613 2985 3053 1865 
5614 1228 2980 1225 
5615 1971 3122 2565 
5616 2471 3129 2046 
5617 2390 3098 2393 
5618 2032 3022 2969 
5619 3012 3035 2896 
5620 1230 2981 1326 
5621 2621 3061 2622 
5622 2829 3036 2037 
5623 2095 3211 3209 
5624 2008 3075 2220 
5625 1064 3114 3106 
5626 2671 3016 2976 
5627 1866 2992 1366 
5628 1500 2986 2415 
5629 1463 2984 1417 
5630 1686 3019 2956 
5631 2150 2986 2199 
5632 704 3254 55 
5633 1850 3098 2390 
5634 1846 2988 1848 
5635 1068 3052 2538 
5636 3074 3089 2536 
5637 3255 3261 2034 
5638 2068 2982 2070 
5639 1183 2987 1200 
5640 2458 2985 1864 
5641 2656 3277 2655 
5642 2626 3011 1770 
5643 2014 2983 1812 
5644 2468 3102 2467 
5645 2595 3246 2187 
5646 1967 3115 2218 
5647 698 3009 2434 
5648 1943 2996 2291 
5649 1852 2989 1868 
5650 2940 3314 683 
5651 1465 3056 1466 
5652 1416 2991 1535 
5653 158 2999 159 
5654 1507 3027 2957 
5655 1276 3040 1275 
5656 1290 3023 2276 
5657 1313 2993 1325 
5658 785 3065 787 
5659 1853 3083 2044 
5660 1068 3062 3052 
5661 2266 3098 2489 
5662 730 3051 772 
5663 1557 3051 728 
5664 2289 3021 1863 
5665 2167 3117 2239 
5666 2178 3000 1948 
5667 2998 3003 1292 
5668 2605 2998 1292 
5669 2408 3036 2829 
5670 1294 3140 2506 
5671 2989 3011 2626 
5672 1873 3076 2053 
5673 2956 3019 2438 
5674 2208 3274 2049 
5675 1897 3071 1620 
5676 2481 3113 2480 
5677 2719 3222 3214 
5678 1882 3074 1847 
5679 2046 3134 2471 
5680 1974 3085 2935 
5681 3021 3309 2439 
5682 1619 3071 1893 
5683 200 3001 702 
5684 101 3002 703 
5685 2223 3167 3141 
5686 1675 3004 2010 
5687 1049 3077 1077 
5688 2992 3006 1559 
5689 2204 3149 1911 
5690 1103 3090 1041 
5691 2006 2979 2973 
5692 2493 3013 2494 
5693 1852 3011 2989 
5694 797 3080 828 
5695 656 3201 2306 
5696 1292 3003 2487 
5697 2031 3043 3026 
5698 1876 3087 2825 
5699 1567 3063 922 
5700 2287 3080 844 
5701 2018 3099 1880 
5702 844 3080 795 
5703 2742 2997 2592 
5704 1918 3148 2476 
5705 2853 3006 2002 
5706 926 3063 934 
5707 1043 3005 1036 
5708 2922 3012 1319 
5709 1720 3084 1897 
5710 3092 3235 2235 
5711 3035 3042 1872 
5712 2962 2997 2742 
5713 2719 3014 1881 
5714 174 3093 637 
5715 2490 3104 1769 
5716 2012 3097 2577 
5717 2474 3158 1932 
5718 2746 3224 2508 
5719 2072 3008 2074 
5720 1064 3106 1065 
5721 2288 3033 2286 
5722 639 3096 168 
5723 2044 3083 2907 
5724 2118 3093 3030 
5725 192 3007 666 
5726 772 3081 733 
5727 3127 3300 2793 
5728 2181 3010 1843 
5729 167 3096 685 
5730 737 3088 771 
5731 2000 3011 1852 
5732 2034 3261 2085 
5733 666 3079 193 
5734 2248 3284 2249 
5735 1217 3016 2671 
5736 1046 3129 2471 
5737 2176 3018 1507 
5738 2403 3055 2405 
5739 1319 3012 2896 
5740 662 3267 2203 
5741 1083 3129 1048 
5742 1439 3091 2907 
5743 1358 3120 1472 
5744 3008 3017 2074 
5745 2074 3017 2077 
5746 2103 3109 1941 
5747 2016 3015 2015 
5748 2113 3314 2097 
5749 2907 3091 2044 
5750 1290 3032 3023 
5751 702 3186 201 
5752 2305 3133 1915 
5753 1190 3117 1188 
5754 792 3132 790 
5755 2216 3347 179 
5756 2670 3171 2151 
5757 2505 3133 2506 
5758 2522 3140 1031 
5759 1769 3033 1766 
5760 1294 3119 1035 
5761 1836 2994 2968 
5762 3140 3170 2506 
5763 1877 3150 2136 
5764 1948 3025 1869 
5765 1542 2990 2969 
5766 1328 3020 1322 
5767 1378 3142 1669 
5768 1039 3119 1103 
5769 771 3100 740 
5770 1909 3149 2419 
5771 2340 3110 2342 
5772 1895 3124 1810 
5773 1596 3139 1373 
5774 744 3101 766 
5775 169 3112 639 
5776 1932 3164 2474 
5777 2228 3125 2231 
5778 1995 3012 2922 
5779 2473 3158 2474 
5780 732 3144 2646 
5781 2838 3110 2340 
5782 1693 3056 2001 
5783 786 3145 784 
5784 2554 3156 2555 
5785 198 3038 197 
5786 2801 3022 941 
5787 667 3193 2445 
5788 1599 3141 1381 
5789 2029 3019 1686 
5790 1332 3024 1329 
5791 3022 3026 941 
5792 766 3111 747 
5793 751 3116 769 
5794 2017 3163 2182 
5795 1921 3134 2046 
5796 3020 3041 2092 
5797 202 3186 678 
5798 1026 3135 1021 
5799 1932 3148 1787 
5800 3157 3190 2523 
5801 1736 3222 2719 
5802 1217 3028 3016 
5803 3280 3332 2084 
5804 2013 3029 2014 
5805 758 3130 770 
5806 2544 3146 2347 
5807 1033 3140 1294 
5808 1904 3193 1908 
5809 2442 3112 2444 
5810 769 3126 754 
5811 1158 3032 1290 
5812 2190 3048 2293 
5813 156 3103 668 
5814 2741 3028 1217 
5815 765 3141 2639 
5816 2827 3151 2937 
5817 664 3030 172 
5818 941 3026 2761 
5819 2755 3131 2391 
5820 1789 3148 1918 
5821 780 3166 778 
5822 2476 3158 1338 
5823 1559 3031 2819 
5824 2081 3155 2702 
5825 2055 3034 2154 
5826 2555 3169 2556 
5827 3062 3106 2054 
5828 1856 3037 1854 
5829 1923 3136 1925 
5830 2002 3006 2992 
5831 3164 3177 2474 
5832 2347 3146 2349 
5833 2087 3031 2086 
5834 1937 3164 1784 
5835 1785 3164 1932 
5836 1657 3042 1871 
5837 2437 3066 2436 
5838 2223 3156 2052 
5839 2093 3041 2280 
5840 2556 3169 1405 
5841 1780 3313 2654 
5842 196 3105 680 
5843 1030 3174 1028 
5844 168 3154 640 
5845 1390 3169 1599 
5846 177 3168 176 
5847 686 3154 167 
5848 1669 3142 2948 
5849 1862 3155 2081 
5850 2427 3044 2412 
5851 1901 3039 1627 
5852 3109 3262 1593 
5853 1352 3159 2594 
5854 2037 3036 2198 
5855 2258 3302 651 
5856 2896 3035 1795 
5857 678 3210 203 
5858 2860 3155 1859 
5859 1275 3040 1465 
5860 2405 3055 2950 
5861 2761 3043 2734 
5862 2112 3189 2067 
5863 1631 3131 2755 
5864 2499 3183 1682 
5865 1898 3047 1367 
5866 643 3298 2260 
5867 1657 3049 3042 
5868 694 3255 2366 
5869 2165 3221 2433 
5870 3026 3043 2761 
5871 3046 3052 2051 
5872 2648 3114 1064 
5873 2855 3127 2793 
5874 2366 3248 3240 
5875 2937 3151 1929 
5876 2741 3046 3028 
5877 2719 3214 3014 
5878 2752 3045 2031 
5879 2823 3049 1657 
5880 2878 3197 2540 
5881 3007 3324 666 
5882 1021 3188 1019 
5883 1682 3183 1379 
5884 165 3176 2722 
5885 1883 3097 2012 
5886 205 3219 660 
5887 685 3309 3021 
5888 703 3172 2278 
5889 640 3179 169 
5890 2293 3048 2881 
5891 2539 3046 2741 
5892 216 3346 2193 
5893 646 3176 164 
5894 2271 3238 2215 
5895 1879 3184 1680 
5896 2031 3045 3043 
5897 2955 3054 1901 
5898 2752 3050 3045 
5899 753 3205 750 
5900 1892 3190 1422 
5901 163 3182 646 
5902 1986 3200 1946 
5903 2422 3275 700 
5904 690 3182 162 
5905 1934 3316 2963 
5906 1874 3050 2752 
5907 706 3323 3001 
5908 2881 3048 1567 
5909 2169 3305 2168 
5910 644 3187 163 
5911 1894 3059 3054 
5912 162 3187 688 
5913 1807 3217 2567 
5914 760 3215 757 
5915 2622 3121 2623 
5916 2051 3052 2050 
5917 2459 3064 2352 
5918 728 3051 730 
5919 2837 3204 2541 
5920 2665 3085 2430 
5921 2213 3236 2212 
5922 688 3191 161 
5923 160 3191 657 
5924 905 3209 903 
5925 2263 3123 705 
5926 1871 3042 3035 
5927 1675 3120 3004 
5928 2366 3069 2365 
5929 1874 3058 3050 
5930 974 3072 2564 
5931 1702 3057 2173 
5932 179 3237 2216 
5933 3052 3062 2050 
5934 191 3268 3007 
5935 2615 3244 2616 
5936 2359 3270 2483 
5937 2572 3060 2590 
5938 2722 3055 686 
5939 2059 3061 2621 
5940 2058 3138 1898 
5941 1893 3059 1894 
5942 1466 3056 1693 
5943 1834 3220 2260 
5944 2781 3058 1874 
5945 2188 3199 1960 
5946 2825 3212 1953 
5947 1718 3206 1899 
5948 2078 3242 2019 
5949 3144 3165 2392 
5950 2913 3066 2437 
5951 2295 3287 2294 
5952 1012 3067 1014 
5953 1679 3220 1678 
5954 922 3063 926 
5955 1745 3228 1569 
5956 2053 3068 2129 
5957 2697 3295 2157 
5958 2050 3062 2811 
5959 216 3233 217 
5960 1161 3231 1159 
5961 2781 3070 3058 
5962 837 3065 785 
5963 2195 3247 3000 
5964 1077 3066 2913 
5965 2418 3075 2008 
5966 1340 3227 2652 
5967 651 3307 2258 
5968 1620 3071 1619 
5969 680 3194 195 
5970 1662 3070 2781 
5971 684 3224 183 
5972 1328 3041 3020 
5973 2118 3343 2117 
5974 3018 3027 1507 
5975 184 3224 2746 
5976 1898 3138 3124 
5977 193 3079 194 
5978 1474 3258 2610 
5979 1662 3073 3070 
5980 2521 3094 739 
5981 2215 3236 2213 
5982 2162 3292 2397 
5983 2782 3073 1662 
5984 3047 3124 1895 
5985 934 3160 2897 
5986 2536 3089 1339 
5987 1847 3074 1849 
5988 1610 3232 2572 
5989 2440 3354 2441 
5990 1962 3199 2153 
5991 176 3245 175 
5992 2359 3300 3127 
5993 1880 3099 2304 
5994 2111 3076 1873 
5995 1047 3077 1049 
5996 2100 3086 2272 
5997 2403 3330 3055 
5998 677 3288 2502 
5999 165 3213 164 
6000 2782 3078 3073 
6001 2692 3271 2116 
6002 2463 3095 2462 
6003 2981 3053 1326 
6004 1663 3078 2782 
6005 1609 3190 3157 
6006 219 3271 2692 
6007 795 3080 797 
6008 235 3303 698 
6009 1473 3252 1474 
6010 1269 3214 2851 
6011 2121 3253 2120 
6012 673 3271 218 
6013 1974 3083 1853 
6014 1894 3054 2955 
6015 2572 3232 3227 
6016 152 3229 153 
6017 1326 3053 2985 
6018 1383 3250 1593 
6019 2128 3084 1720 
6020 1780 3350 2655 
6021 1849 3082 2834 
6022 733 3081 735 
6023 651 3302 233 
6024 2012 3089 1882 
6025 2489 3098 1850 
6026 1047 3090 3077 
6027 2210 3307 651 
6028 2281 3180 695 
6029 1706 3249 1661 
6030 2109 3087 1876 
6031 232 3319 651 
6032 226 3298 643 
6033 794 3341 833 
6034 676 3315 230 
6035 3082 3091 2834 
6036 2655 3350 2653 
6037 223 3288 677 
6038 3034 3352 2154 
6039 1041 3090 1047 
6040 2055 3231 3034 
6041 3074 3082 1849 
6042 677 3296 224 
6043 173 3093 174 
6044 636 3282 221 
6045 3038 3105 197 
6046 735 3088 737 
6047 2094 3334 2013 
6048 643 3333 227 
6049 228 3333 2653 
6050 3106 3114 2054 
6051 3081 3088 735 
6052 2237 3092 2235 
6053 3185 3189 1045 
6054 177 3267 662 
6055 2834 3091 1439 
6056 1699 3290 1994 
6057 1964 3325 1979 
6058 168 3096 167 
6059 1775 3277 1679 
6060 1163 3352 1161 
6061 1942 3273 2104 
6062 671 3196 2281 
6063 1840 3248 2034 
6064 2182 3179 2139 
6065 3253 3258 1474 
6066 656 3268 190 
6067 2035 3201 2165 
6068 179 3295 2697 
6069 2467 3102 2466 
6070 179 3347 180 
6071 2104 3273 2861 
6072 1068 3106 3062 
6073 638 3295 180 
6074 2065 3189 3185 
6075 166 3328 165 
6076 1777 3313 1780 
6077 755 3218 752 
6078 2106 3313 1779 
6079 2062 3185 2061 
6080 667 3269 156 
6081 2057 3273 2770 
6082 197 3105 196 
6083 1404 3299 2830 
6084 155 3103 156 
6085 2525 3165 732 
6086 2249 3284 3029 
6087 1925 3118 1992 
6088 2520 3192 2521 
6089 2523 3107 1630 
6090 2135 3294 2082 
6091 644 3213 2196 
6092 740 3100 742 
6093 2138 3291 2042 
6094 3007 3268 2131 
6095 3055 3330 686 
6096 748 3208 745 
6097 2524 3175 2525 
6098 2491 3104 2490 
6099 1726 3320 2060 
6100 2145 3321 1903 
6101 2900 3326 2101 
6102 746 3203 2518 
6103 2480 3113 2470 
6104 742 3101 744 
6105 1965 3115 1967 
6106 4 3310 199 
6107 2 3311 102 
6108 2202 3237 662 
6109 2911 3297 2083 
6110 3100 3101 742 
6111 1065 3106 1068 
6112 681 3279 154 
6113 2902 3225 1402 
6114 2819 3280 2084 
6115 1941 3109 2126 
6116 3256 3258 2582 
6117 2514 3283 2515 
6118 2502 3294 677 
6119 695 3143 2263 
6120 2203 3267 2204 
6121 170 3112 169 
6122 1700 3263 3260 
6123 2497 3349 701 
6124 155 3269 2940 
6125 2342 3110 2353 
6126 3030 3343 2118 
6127 1402 3225 2941 
6128 2366 3240 3069 
6129 246 3317 4 
6130 2814 3260 3259 
6131 3014 3214 1269 
6132 1472 3120 1675 
6133 2054 3114 1895 
6134 1898 3124 3047 
6135 747 3111 749 
6136 1701 3263 1700 
6137 2454 3336 653 
6138 2087 3264 3009 
6139 696 3128 2455 
6140 2565 3122 1083 
6141 1188 3117 1269 
6142 1035 3119 1039 
6143 749 3116 751 
6144 1865 3118 1971 
6145 3034 3231 1161 
6146 2720 3121 1745 
6147 2932 3294 2502 
6148 681 3229 2245 
6149 2258 3307 2823 
6150 2521 3192 3184 
6151 3111 3116 749 
6152 2697 3292 665 
6153 2238 3125 2228 
6154 1048 3129 1046 
6155 2069 3195 2112 
6156 2124 3123 2123 
6157 3273 3312 2861 
6158 2278 3178 679 
6159 1810 3124 2553 
6160 3009 3264 2434 
6161 2114 3292 2697 
6162 2525 3175 3165 
6163 833 3132 792 
6164 3068 3217 1807 
6165 2931 3256 2582 
6166 2046 3136 1923 
6167 3336 3345 653 
6168 653 3345 2497 
6169 754 3126 756 
6170 2710 3150 684 
6171 1700 3260 2814 
6172 2089 3353 2193 
6173 2791 3131 1631 
6174 1915 3133 2505 
6175 1925 3136 3122 
6176 756 3130 758 
6177 3076 3215 760 
6178 3094 3184 1879 
6179 3087 3205 753 
6180 2940 3269 2284 
6181 3126 3130 756 
6182 2791 3144 3131 
6183 1919 3134 1921 
6184 770 3127 2855 
6185 2912 3327 1725 
6186 1816 3342 2515 
6187 691 3335 2771 
6188 1919 3137 3134 
6189 3061 3228 1745 
6190 1045 3135 1026 
6191 1161 3352 3034 
6192 3060 3227 1340 
6193 3271 3306 2116 
6194 1918 3137 1919 
6195 3139 3142 1375 
6196 3075 3160 934 
6197 2515 3283 1816 
6198 2553 3138 1596 
6199 1373 3139 1375 
6200 1381 3141 765 
6201 198 3310 4 
6202 151 3311 2 
6203 1031 3140 1033 
6204 2512 3283 2514 
6205 3107 3190 1892 
6206 1375 3142 1378 
6207 2281 3196 3180 
6208 835 3145 786 
6209 3345 3349 2497 
6210 3124 3138 2553 
6211 1539 3170 2522 
6212 2749 3221 689 
6213 2529 3173 1539 
6214 3135 3189 2112 
6215 1911 3149 1909 
6216 2102 3167 2223 
6217 2164 3150 1877 
6218 2814 3259 1794 
6219 1539 3173 3170 
6220 2059 3228 3061 
6221 2572 3227 3060 
6222 2349 3146 2357 
6223 1787 3148 1789 
6224 1593 3262 2763 
6225 4 3317 198 
6226 1338 3158 2473 
6227 2052 3156 2554 
6228 2290 3328 3021 
6229 2061 3177 1937 
6230 167 3154 168 
6231 3001 3323 3147 
6232 2646 3144 2791 
6233 2076 3202 2073 
6234 3146 3152 2357 
6235 2090 3207 2076 
6236 2357 3152 2364 
6237 3000 3335 1948 
6238 2073 3198 2071 
6239 2071 3195 2069 
6240 1899 3157 2523 
6241 1116 3181 2529 
6242 2486 3286 661 
6243 1364 3151 2827 
6244 2360 3318 2356 
6245 2095 3216 2091 
6246 2065 3185 2062 
6247 1364 3153 3151 
6248 2123 3143 2885 
6249 3127 3270 2359 
6250 2192 3194 2132 
6251 1859 3155 1862 
6252 2076 3207 3202 
6253 668 3334 2826 
6254 2938 3331 2175 
6255 2358 3300 2359 
6256 2864 3153 1364 
6257 3123 3143 2123 
6258 2265 3163 2017 
6259 2789 3226 690 
6260 178 3237 179 
6261 2053 3217 3068 
6262 1555 3251 1716 
6263 3172 3178 2278 
6264 2594 3159 2864 
6265 2529 3181 3173 
6266 2897 3160 1892 
6267 2306 3201 2035 
6268 2763 3162 2089 
6269 2071 3198 3195 
6270 1784 3164 1785 
6271 838 3166 780 
6272 2073 3202 3198 
6273 2091 3216 2090 
6274 2864 3159 3153 
6275 2639 3167 1352 
6276 2392 3165 2803 
6277 1405 3169 1390 
6278 2963 3274 2208 
6279 3009 3332 3280 
6280 2506 3170 1997 
6281 3025 3335 691 
6282 665 3168 177 
6283 661 3304 2423 
6284 2212 3236 2724 
6285 3170 3173 1997 
6286 707 3344 3002 
6287 1593 3250 3109 
6288 1916 3172 1970 
6289 3055 3339 2950 
6290 3108 3347 2216 
6291 3049 3307 2210 
6292 2515 3241 833 
6293 1979 3325 3147 
6294 679 3223 2485 
6295 2111 3215 3076 
6296 1028 3174 1045 
6297 2049 3285 2047 
6298 657 3171 2751 
6299 1997 3173 1917 
6300 638 3238 2574 
6301 164 3176 165 
6302 3165 3175 2803 
6303 2418 3160 3075 
6304 2518 3203 2520 
6305 790 3337 788 
6306 2474 3177 1030 
6307 169 3179 170 
6308 2803 3175 1879 
6309 2263 3143 3123 
6310 3173 3181 1917 
6311 695 3180 3143 
6312 162 3182 163 
6313 3206 3275 2422 
6314 2109 3205 3087 
6315 745 3208 746 
6316 2485 3272 2486 
6317 1917 3181 2158 
6318 1379 3183 1428 
6319 3143 3180 2885 
6320 2060 3320 3128 
6321 3029 3334 668 
6322 2001 3178 1916 
6323 2245 3229 2244 
6324 163 3187 162 
6325 2880 3285 2049 
6326 1680 3184 1823 
6327 1916 3178 3172 
6328 3286 3304 661 
6329 2521 3184 3094 
6330 201 3186 202 
6331 784 3322 782 
6332 1019 3188 1107 
6333 3001 3147 702 
6334 2067 3189 2065 
6335 2611 3256 2096 
6336 199 3310 3001 
6337 102 3311 3002 
6338 3149 3338 2419 
6339 161 3191 160 
6340 3145 3321 2145 
6341 2445 3193 1904 
6342 2885 3180 1931 
6343 3184 3192 1823 
6344 1422 3190 1609 
6345 662 3237 178 
6346 3021 3328 685 
6347 2722 3339 3055 
6348 195 3194 194 
6349 155 3279 3103 
6350 3002 3161 703 
6351 752 3218 753 
6352 2540 3197 1986 
6353 1823 3192 2878 
6354 3112 3354 639 
6355 3180 3196 1931 
6356 3166 3291 2138 
6357 648 3346 215 
6358 778 3289 776 
6359 2574 3238 2271 
6360 1107 3198 2809 
6361 3195 3198 1107 
6362 2795 3193 667 
6363 1946 3200 2109 
6364 1960 3199 1962 
6365 2541 3204 905 
6366 1931 3196 2029 
6367 750 3205 748 
6368 3214 3222 2142 
6369 3171 3348 2151 
6370 2061 3185 3174 
6371 164 3213 644 
6372 3202 3207 1391 
6373 2809 3202 1391 
6374 3198 3202 2809 
6375 2654 3350 1780 
6376 2851 3214 2142 
6377 2011 3206 1718 
6378 2750 3201 656 
6379 903 3209 908 
6380 3272 3286 2486 
6381 1391 3207 2837 
6382 3210 3219 204 
6383 2196 3213 2290 
6384 3001 3310 706 
6385 3002 3311 707 
6386 2014 3284 2251 
6387 2011 3278 3275 
6388 203 3210 204 
6389 2029 3240 3019 
6390 2433 3221 2078 
6391 1689 3342 1816 
6392 757 3215 755 
6393 1953 3212 2111 
6394 2677 3257 663 
6395 2567 3217 760 
6396 2723 3238 638 
6397 2772 3316 691 
6398 2501 3265 2043 
6399 2419 3338 2118 
6400 204 3219 205 
6401 3122 3136 1083 
6402 2043 3251 1555 
6403 1678 3220 1834 
6404 3109 3250 2126 
6405 3275 3278 2453 
6406 2523 3190 3107 
6407 2142 3222 2141 
6408 647 3247 2725 
6409 183 3224 184 
6410 908 3211 2931 
6411 2125 3312 2057 
6412 776 3289 839 
6413 2295 3226 2789 
6414 3209 3211 908 
6415 2117 3343 3163 
6416 3009 3280 2087 
6417 663 3257 2958 
6418 3069 3240 2029 
6419 2193 3353 3233 
6420 705 3317 246 
6421 2652 3227 1870 
6422 1569 3228 1610 
6423 3225 3230 2735 
6424 2890 3239 2189 
6425 3227 3232 1870 
6426 1159 3231 1191 
6427 217 3233 673 
6428 2216 3237 2202 
6429 3240 3248 1857 
6430 1045 3189 3135 
6431 2152 3234 2108 
6432 1870 3232 2059 
6433 2941 3225 2735 
6434 2043 3265 3251 
6435 2735 3230 1713 
6436 3230 3235 1713 
6437 2084 3332 2134 
6438 660 3239 2421 
6439 2112 3195 3188 
6440 3226 3234 2152 
6441 2244 3254 704 
6442 1713 3235 2857 
6443 2087 3280 3031 
6444 153 3229 681 
6445 770 3270 3127 
6446 1816 3283 2994 
6447 2724 3236 687 
6448 2019 3242 2028 
6449 2616 3244 2617 
6450 691 3316 3025 
6451 2047 3285 2995 
6452 2396 3255 694 
6453 3128 3320 2455 
6454 3000 3247 647 
6455 3002 3344 3161 
6456 635 3246 2891 
6457 175 3245 635 
6458 2056 3246 2595 
6459 2396 3261 3255 
6460 2453 3278 652 
6461 2120 3263 1701 
6462 2097 3314 2283 
6463 659 3264 3261 
6464 657 3348 3171 
6465 1609 3243 2890 
6466 3223 3272 2485 
6467 2999 3287 655 
6468 673 3353 3306 
6469 2175 3331 3244 
6470 2891 3246 2056 
6471 659 3261 2396 
6472 3259 3260 2127 
6473 1794 3250 1383 
6474 2127 3260 2576 
6475 2576 3252 1473 
6476 3323 3329 1979 
6477 2434 3264 659 
6478 3029 3284 2014 
6479 2995 3285 669 
6480 3260 3263 2576 
6481 1661 3249 2041 
6482 2610 3258 2611 
6483 2483 3270 2482 
6484 1857 3248 1840 
6485 2582 3253 2121 
6486 2126 3259 2127 
6487 3038 3351 3105 
6488 641 3347 3108 
6489 3019 3240 1857 
6490 782 3322 838 
6491 2611 3258 3256 
6492 2160 3340 2106 
6493 1979 3329 3115 
6494 2105 3262 2103 
6495 654 3274 2963 
6496 3249 3266 2041 
6497 176 3267 177 
6498 190 3268 191 
6499 2108 3265 1706 
6500 700 3275 2453 
6501 156 3269 155 
6502 3191 3348 657 
6503 2421 3276 2422 
6504 218 3271 219 
6505 2041 3266 2138 
6506 3251 3265 2108 
6507 3176 3339 2722 
6508 835 3321 3145 
6509 2442 3354 3112 
6510 2496 3293 699 
6511 652 3281 2496 
6512 3147 3323 1979 
6513 2653 3350 2654 
6514 2397 3292 2114 
6515 2294 3287 2094 
6516 2770 3273 1942 
6517 2090 3216 3204 
6518 1780 3277 1775 
6519 833 3241 3132 
6520 154 3279 155 
6521 699 3308 2615 
6522 221 3282 222 
6523 2133 3278 2011 
6524 3282 3288 222 
6525 2356 3318 2358 
6526 2582 3258 3253 
6527 222 3288 223 
6528 2116 3306 2105 
6529 637 3338 3149 
6530 2790 3274 654 
6531 2098 3286 2100 
6532 3174 3185 1045 
6533 2088 3290 1699 
6534 1900 3342 1689 
6535 3025 3316 1934 
6536 2830 3299 2169 
6537 180 3295 179 
6538 3296 3298 225 
6539 224 3296 225 
6540 215 3346 216 
6541 2439 3309 2440 
6542 2001 3223 3178 
6543 3302 3303 234 
6544 1716 3251 3234 
6545 225 3298 226 
6546 2088 3301 3290 
6547 788 3337 835 
6548 2094 3287 2999 
6549 233 3302 234 
6550 3086 3223 2001 
6551 234 3303 235 
6552 2520 3203 3197 
6553 2098 3304 3286 
6554 2083 3297 2145 
6555 2906 3281 2133 
6556 2100 3286 3272 
6557 2118 3338 3093 
6558 2193 3301 2088 
6559 3278 3281 652 
6560 2906 3293 3281 
6561 2133 3281 3278 
6562 3293 3308 699 
6563 686 3330 3154 
6564 669 3285 2880 
6565 3096 3309 685 
6566 3306 3353 3162 
6567 3281 3293 2496 
6568 3315 3319 231 
6569 2174 3308 3293 
6570 230 3315 231 
6571 2793 3300 1404 
6572 2060 3304 2098 
6573 2175 3308 2174 
6574 838 3291 3166 
6575 231 3319 232 
6576 1779 3313 1777 
6577 2455 3336 2454 
6578 2890 3243 3239 
6579 2174 3293 2906 
6580 3178 3223 679 
6581 746 3208 3200 
6582 2042 3291 2911 
6583 3239 3243 2421 
6584 2115 3327 2912 
6585 2404 3330 2403 
6586 3086 3272 3223 
6587 2861 3312 636 
6588 1725 3320 1726 
6589 2082 3294 2932 
6590 2101 3326 2156 
6591 2115 3345 3336 
6592 2151 3348 2149 
6593 227 3333 228 
6594 2153 3325 1964 
6595 2654 3340 676 
6596 2441 3354 2442 
6597 685 3328 166 
6598 3188 3195 1107 
6599 796 3341 794 
6600 682 3329 2892 
6601 3093 3338 637 
6602 1903 3321 2900 
6603 2966 3344 707 
6604 3038 3317 705 
6605 1167 3352 1163 
6606 3147 3325 702 
6607 180 3347 641 
6608 2110 3345 2115 
6609 706 3310 198 
6610 707 3311 151 
6611 2994 3283 2512 
6612 2110 3349 3345 
6613 3105 3351 2124 
6614 1899 3276 3157 
6615 2857 3349 2110 
6616 3197 3203 1986 
6617 753 3218 3212 
6618 1994 3331 2938 
6619 2113 3344 2966 
6620 3200 3208 2109 
6621 3031 3280 2819 
6622 2892 3323 706 
6623 2950 3339 2381 
6624 2096 3256 3211 
6625 3157 3243 1609 
6626 3123 3351 705 
6627 3204 3216 905 
6628 705 3351 3038 
6629 3212 3218 2111 
6630 2100 3272 3086 
6631 3301 3346 648 
6632 198 3317 3038 
6633 698 3332 3009 
6634 2823 3307 3049 
6635 2013 3334 3029 
6636 1948 3335 3025 
6637 3157 3276 3243 
6638 664 3343 3030 
6639 3115 3329 682 
6640 2440 3309 3096 
6641 3243 3276 2421 
6642 2011 3275 3206 
6643 2892 3329 3323 
6644 839 3289 3266 
6645 3163 3343 664 
6646 2105 3306 3162 
6647 2381 3339 3176 
6648 3211 3256 2931 
6649 2149 3348 3191 
6650 3234 3251 2108 
6651 3154 3330 2404 
6652 3252 3263 2120 
6653 2124 3351 3123 
6654 3161 3344 2113 
6655 2576 3263 3252 
6656 3233 3353 673 
6657 3241 3342 1900 
6658 838 3322 3297 
6659 3162 3353 2089 
6660 3244 3331 2617 
6661 3266 3289 2138 
6662 2358 3318 3299 
6663 3299 3318 2169 
6664 835 3337 3326 
6665 2515 3342 3241 
6666 3297 3322 2145 
6667 3327 3336 2455 
6668 2193 3346 3301 
6669 3326 3337 2156 
6670 2115 3336 3327 
2 4 2 940
6671 3550 3 3692 
6672 3485 5 3709 
6673 3 3551 3692 
6674 103 3 3550 
6675 294 5 3485 
6676 305 304 3684 
6677 304 305 3697 
6678 3368 306 3558 
6679 3376 3680 3681 
6680 3432 3431 3628 
6681 3673 3369 3712 
6682 3422 3632 3699 
6683 3370 334 3675 
6684 3557 3558 3623 
6685 3479 3478 3480 
6686 3371 3519 3672 
6687 3397 103 3418 
6688 150 3398 3428 
6689 3496 3497 3498 
6690 3370 3667 3707 
6691 3355 3590 3604 
6692 3572 3362 3605 
6693 3627 3432 3628 
6694 3403 3469 3663 
6695 339 3372 3709 
6696 3552 3360 3682 
6697 3428 3618 3619 
6698 3428 3437 3618 
6699 3575 3576 3632 
6700 3375 3690 3691 
6701 3360 3552 3667 
6702 3594 3593 3628 
6703 3551 296 3691 
6704 3422 3631 3632 
6705 312 313 3585 
6706 3534 3441 3540 
6707 298 3375 3691 
6708 104 3397 3423 
6709 3398 149 3433 
6710 3517 3479 3678 
6711 3440 3426 3686 
6712 3427 3418 3556 
6713 3439 3533 3536 
6714 3573 3575 3578 
6715 3593 3591 3596 
6716 3596 3601 3627 
6717 3436 3438 3683 
6718 3580 3582 3584 
6719 3497 3502 3659 
6720 3582 3578 3631 
6721 3543 3417 3636 
6722 3400 3474 3648 
6723 3393 3440 3686 
6724 3469 3403 3674 
6725 3704 3367 3711 
6726 3596 3597 3601 
6727 3397 3418 3719 
6728 3428 3398 3718 
6729 3455 3649 3670 
6730 3438 3380 3683 
6731 3417 3492 3636 
6732 3416 3511 3637 
6733 3579 3578 3582 
6734 3493 3468 3531 
6735 3417 3543 3655 
6736 104 103 3397 
6737 150 149 3398 
6738 3650 3407 3654 
6739 150 3428 3680 
6740 3609 3560 3623 
6741 3469 3468 3663 
6742 3558 3557 3561 
6743 3474 3400 3656 
6744 3437 3602 3613 
6745 3411 3534 3540 
6746 3649 3402 3670 
6747 3559 3582 3688 
6748 3408 3446 3630 
6749 3544 3407 3650 
6750 3477 294 3478 
6751 3594 3481 3705 
6752 3409 3460 3647 
6753 3405 3516 3652 
6754 3451 3405 3652 
6755 3407 3526 3654 
6756 3415 3528 3653 
6757 3468 3467 3531 
6758 3533 3401 3536 
6759 3601 3602 3617 
6760 3428 3619 3680 
6761 3399 3651 3657 
6762 303 304 3697 
6763 3492 3417 3668 
6764 3511 3416 3669 
6765 3526 3407 3643 
6766 3516 3405 3642 
6767 3528 3415 3638 
6768 3446 3408 3639 
6769 3460 3409 3640 
6770 3405 3451 3641 
6771 304 303 3684 
6772 3506 3412 3633 
6773 3464 3406 3634 
6774 3494 3410 3635 
6775 3399 3546 3651 
6776 3412 3506 3662 
6777 3406 3464 3661 
6778 3410 3494 3660 
6779 3508 3509 3510 
6780 3489 3490 3491 
6781 3678 3431 3724 
6782 3576 3499 3632 
6783 3584 3559 3623 
6784 3431 3432 3720 
6785 3421 3659 3714 
6786 3406 3661 3671 
6787 3430 3431 3720 
6788 301 3376 3681 
6789 3429 3430 3720 
6790 3374 301 3681 
6791 264 265 3467 
6792 258 259 3509 
6793 269 270 3490 
6794 3477 3478 3479 
6795 3360 3667 3675 
6796 3584 3560 3585 
6797 3559 3557 3623 
6798 3426 3440 3441 
6799 3438 3436 3439 
6800 3480 3478 3484 
6801 3380 3477 3517 
6802 3433 149 3696 
6803 104 3423 3695 
6804 3536 3448 3567 
6805 3499 3576 3706 
6806 335 3369 3711 
6807 3545 3406 3671 
6808 3481 3594 3628 
6809 3597 3592 3607 
6810 293 294 3477 
6811 3495 3393 3502 
6812 3356 3597 3607 
6813 3372 3708 3709 
6814 247 3495 3496 
6815 3517 3678 3724 
6816 3454 3457 3458 
6817 3473 3475 3476 
6818 3624 3359 3682 
6819 3496 3495 3497 
6820 3481 3482 3705 
6821 3403 3494 3635 
6822 3413 3464 3634 
6823 3415 3506 3633 
6824 3574 3579 3608 
6825 3514 3540 3566 
6826 3418 3555 3556 
6827 3667 3370 3675 
6828 3579 3363 3608 
6829 3632 3421 3699 
6830 3496 3498 3518 
6831 3414 3528 3638 
6832 3399 3446 3639 
6833 3402 3460 3640 
6834 3451 3404 3641 
6835 3400 3516 3642 
6836 3409 3526 3643 
6837 3560 312 3585 
6838 3659 3502 3714 
6839 337 3370 3707 
6840 3506 3415 3653 
6841 333 334 3711 
6842 3378 264 3467 
6843 3395 258 3509 
6844 3387 269 3490 
6845 3540 3441 3566 
6846 3503 3395 3507 
6847 3461 3378 3465 
6848 3486 3387 3488 
6849 3454 3452 3457 
6850 3473 3470 3475 
6851 3598 3610 3611 
6852 3519 3518 3672 
6853 3437 3613 3698 
6854 3450 3515 3523 
6855 3590 3355 3591 
6856 3465 3378 3466 
6857 3507 3395 3508 
6858 3488 3387 3489 
6859 3362 3572 3573 
6860 3372 337 3707 
6861 248 3393 3495 
6862 3528 3414 3646 
6863 3404 3451 3645 
6864 3464 3413 3694 
6865 247 248 3495 
6866 3361 305 3684 
6867 3582 3422 3688 
6868 3460 3402 3649 
6869 3516 3400 3648 
6870 3526 3409 3647 
6871 3439 3536 3567 
6872 3494 3403 3663 
6873 3380 293 3477 
6874 3484 3485 3666 
6875 3366 3583 3664 
6876 3375 301 3693 
6877 3539 3411 3540 
6878 3446 3399 3657 
6879 305 3368 3697 
6880 3413 3537 3538 
6881 301 3373 3693 
6882 3369 337 3712 
6883 3420 3419 3699 
6884 3492 3489 3636 
6885 3511 3508 3637 
6886 3399 128 3546 
6887 3589 3590 3594 
6888 337 3371 3712 
6889 3467 265 3531 
6890 259 3391 3509 
6891 270 3388 3490 
6892 3500 3499 3706 
6893 3466 3378 3467 
6894 3508 3395 3509 
6895 3489 3387 3490 
6896 3440 250 3547 
6897 291 3438 3548 
6898 281 282 3529 
6899 254 255 3530 
6900 249 250 3440 
6901 291 292 3438 
6902 3366 3626 3721 
6903 138 137 3407 
6904 141 140 3400 
6905 126 125 3417 
6906 124 123 3410 
6907 115 114 3416 
6908 111 110 3415 
6909 147 146 3401 
6910 117 116 3413 
6911 143 142 3405 
6912 145 144 3404 
6913 113 112 3412 
6914 119 118 3406 
6915 109 108 3414 
6916 131 130 3408 
6917 134 133 3402 
6918 129 128 3399 
6919 136 135 3409 
6920 107 106 3411 
6921 122 121 3403 
6922 3508 3510 3637 
6923 3489 3491 3636 
6924 3572 3571 3576 
6925 3551 3691 3692 
6926 3401 3535 3536 
6927 119 3406 3545 
6928 138 3407 3544 
6929 3590 3593 3594 
6930 257 3395 3503 
6931 263 3378 3461 
6932 268 3387 3486 
6933 3452 277 3457 
6934 3470 284 3475 
6935 145 3404 3535 
6936 107 3411 3539 
6937 3413 116 3537 
6938 3459 3521 3522 
6939 3544 3474 3656 
6940 3441 3440 3547 
6941 3438 3439 3548 
6942 3455 3454 3649 
6943 3474 3473 3648 
6944 3448 3536 3702 
6945 120 119 3545 
6946 139 138 3544 
6947 3575 3572 3576 
6948 3388 3524 3542 
6949 3515 3379 3523 
6950 3445 3384 3520 
6951 3459 3385 3521 
6952 3381 3450 3523 
6953 3442 3444 3524 
6954 256 257 3503 
6955 262 263 3461 
6956 267 268 3486 
6957 276 277 3452 
6958 283 284 3470 
6959 3658 3463 3694 
6960 3456 3408 3630 
6961 3421 3420 3699 
6962 3412 3511 3669 
6963 3410 3492 3668 
6964 3445 3520 3541 
6965 3622 3359 3665 
6966 3432 3601 3617 
6967 255 3389 3530 
6968 282 3382 3529 
6969 3386 281 3529 
6970 3394 254 3530 
6971 3491 3388 3542 
6972 3511 3412 3662 
6973 3492 3410 3660 
6974 3366 3565 3583 
6975 3401 146 3535 
6976 115 3416 3537 
6977 3414 108 3539 
6978 3491 3543 3636 
6979 128 127 3546 
6980 3540 3514 3710 
6981 3482 3480 3562 
6982 3543 3546 3655 
6983 3466 3467 3468 
6984 3480 3484 3552 
6985 3393 249 3440 
6986 292 3380 3438 
6987 3383 3493 3531 
6988 3396 3463 3532 
6989 146 145 3535 
6990 116 115 3537 
6991 108 107 3539 
6992 3419 3397 3719 
6993 3525 3386 3529 
6994 3527 3394 3530 
6995 3363 3579 3580 
6996 3398 3429 3718 
6997 3448 3377 3567 
6998 3474 3544 3650 
6999 3380 3517 3683 
7000 3446 3445 3630 
7001 273 3384 3442 
7002 3384 274 3520 
7003 278 3385 3457 
7004 289 3377 3447 
7005 3381 288 3447 
7006 3447 3448 3449 
7007 3388 271 3524 
7008 3391 260 3532 
7009 266 3383 3531 
7010 3392 252 3512 
7011 287 3381 3523 
7012 261 3396 3532 
7013 272 3442 3524 
7014 253 3394 3512 
7015 280 3386 3521 
7016 285 3379 3475 
7017 3379 286 3523 
7018 3385 279 3521 
7019 275 3390 3520 
7020 3512 3513 3514 
7021 288 289 3447 
7022 273 274 3384 
7023 268 269 3387 
7024 277 278 3457 
7025 259 260 3391 
7026 270 271 3388 
7027 266 267 3383 
7028 292 293 3380 
7029 253 254 3394 
7030 280 281 3386 
7031 251 252 3392 
7032 255 256 3389 
7033 257 258 3395 
7034 261 262 3396 
7035 271 272 3524 
7036 286 287 3523 
7037 248 249 3393 
7038 274 275 3520 
7039 284 285 3475 
7040 265 266 3531 
7041 272 273 3442 
7042 278 279 3385 
7043 289 290 3377 
7044 260 261 3532 
7045 282 283 3382 
7046 285 286 3379 
7047 287 288 3381 
7048 252 253 3512 
7049 279 280 3521 
7050 263 264 3378 
7051 275 276 3390 
7052 3457 3385 3458 
7053 3442 3384 3443 
7054 3447 3377 3448 
7055 3381 3447 3449 
7056 3521 3386 3522 
7057 3475 3379 3476 
7058 3392 3512 3514 
7059 3512 3394 3513 
7060 3602 3437 3617 
7061 3597 3356 3598 
7062 3363 3580 3700 
7063 3507 3508 3511 
7064 3488 3489 3492 
7065 3673 3704 3711 
7066 3622 3600 3705 
7067 3522 3386 3525 
7068 3476 3379 3515 
7069 3443 3384 3445 
7070 3458 3385 3459 
7071 3442 3443 3444 
7072 3381 3449 3450 
7073 3513 3394 3527 
7074 3389 256 3503 
7075 3396 262 3461 
7076 3383 267 3486 
7077 3390 276 3452 
7078 3382 283 3470 
7079 3426 3441 3534 
7080 251 3392 3547 
7081 3377 290 3548 
7082 3453 3456 3541 
7083 3509 3391 3510 
7084 3490 3388 3491 
7085 3453 3455 3456 
7086 3389 3504 3505 
7087 3396 3462 3463 
7088 3383 3487 3493 
7089 3382 3471 3472 
7090 3546 3543 3651 
7091 3472 3525 3529 
7092 3505 3527 3530 
7093 3524 3444 3542 
7094 3408 3456 3723 
7095 3504 3503 3507 
7096 3462 3461 3465 
7097 3487 3486 3488 
7098 3471 3470 3473 
7099 3453 3452 3454 
7100 3382 3472 3529 
7101 3389 3505 3530 
7102 3538 3658 3694 
7103 3502 3424 3714 
7104 3560 3584 3623 
7105 3466 3468 3469 
7106 3676 3556 3689 
7107 3392 3514 3566 
7108 3460 3459 3647 
7109 3592 3597 3703 
7110 3522 3525 3526 
7111 3450 3449 3451 
7112 3476 3515 3516 
7113 3458 3459 3460 
7114 3443 3445 3446 
7115 3513 3527 3528 
7116 3389 3503 3504 
7117 3396 3461 3462 
7118 3383 3486 3487 
7119 3390 3452 3453 
7120 3382 3470 3471 
7121 3491 3542 3543 
7122 3505 3504 3506 
7123 3463 3462 3464 
7124 3493 3487 3494 
7125 3471 3473 3474 
7126 3453 3454 3455 
7127 3439 3436 3533 
7128 3582 3559 3584 
7129 111 3415 3633 
7130 3412 112 3633 
7131 117 3413 3634 
7132 3406 118 3634 
7133 3410 123 3635 
7134 122 3403 3635 
7135 3516 3515 3652 
7136 3450 3451 3652 
7137 109 3414 3638 
7138 129 3399 3639 
7139 3415 110 3638 
7140 3408 130 3639 
7141 134 3402 3640 
7142 3409 135 3640 
7143 3404 144 3641 
7144 143 3405 3641 
7145 141 3400 3642 
7146 3405 142 3642 
7147 3407 137 3643 
7148 136 3409 3643 
7149 126 3417 3655 
7150 3400 140 3656 
7151 3593 3596 3627 
7152 3429 3398 3430 
7153 3397 3419 3420 
7154 3578 3575 3631 
7155 3526 3525 3654 
7156 3528 3527 3653 
7157 3520 3390 3541 
7158 3434 3435 3436 
7159 3425 3424 3426 
7160 124 3410 3668 
7161 3417 125 3668 
7162 3416 114 3669 
7163 113 3412 3669 
7164 3502 3393 3686 
7165 3579 3574 3701 
7166 3628 3431 3678 
7167 3581 3583 3706 
7168 250 251 3547 
7169 290 291 3548 
7170 3498 3500 3565 
7171 3403 121 3674 
7172 3436 3435 3533 
7173 139 3544 3656 
7174 148 147 3554 
7175 133 132 3670 
7176 3518 3498 3563 
7177 3390 3453 3541 
7178 3479 3480 3725 
7179 120 3545 3674 
7180 3368 3558 3561 
7181 132 131 3723 
7182 3425 3426 3534 
7183 3545 3469 3674 
7184 3507 3511 3662 
7185 3488 3492 3660 
7186 3562 3359 3622 
7187 3498 3497 3722 
7188 3468 3493 3663 
7189 3672 3673 3712 
7190 3598 3356 3610 
7191 3369 3673 3711 
7192 3595 3355 3716 
7193 3421 3632 3659 
7194 3532 3463 3658 
7195 3362 3577 3717 
7196 3434 3517 3724 
7197 3591 3355 3595 
7198 3362 3573 3577 
7199 3689 3373 3697 
7200 3601 3432 3627 
7201 3359 3562 3682 
7202 106 105 3549 
7203 3427 3557 3559 
7204 149 148 3696 
7205 3418 3550 3555 
7206 3613 3612 3715 
7207 3422 3582 3631 
7208 3478 294 3485 
7209 3538 3510 3658 
7210 3454 3458 3649 
7211 3473 3476 3648 
7212 3565 3366 3721 
7213 3546 127 3655 
7214 3505 3506 3653 
7215 105 104 3695 
7216 3690 3375 3693 
7217 3667 3666 3707 
7218 3418 3427 3719 
7219 3425 3534 3549 
7220 3477 3479 3517 
7221 3437 3428 3718 
7222 3451 3449 3645 
7223 3513 3528 3646 
7224 3497 3499 3722 
7225 3481 3479 3725 
7226 3535 3404 3702 
7227 3625 132 3723 
7228 147 3401 3554 
7229 3434 3433 3435 
7230 3423 3424 3425 
7231 3458 3460 3649 
7232 3476 3516 3648 
7233 3497 3495 3502 
7234 3522 3526 3647 
7235 3515 3450 3652 
7236 3423 3420 3424 
7237 3430 3433 3434 
7238 3543 3542 3651 
7239 3414 3539 3710 
7240 3471 3474 3650 
7241 3377 3548 3567 
7242 247 3496 3519 
7243 3427 3688 3719 
7244 3427 3559 3688 
7245 3533 3435 3554 
7246 3494 3487 3660 
7247 3464 3462 3661 
7248 3506 3504 3662 
7249 3580 3584 3585 
7250 3445 3541 3630 
7251 3411 106 3549 
7252 3541 3456 3630 
7253 3598 3611 3612 
7254 3443 3446 3657 
7255 148 3554 3696 
7256 3424 3502 3686 
7257 3537 3416 3713 
7258 3547 3392 3566 
7259 3459 3522 3647 
7260 3534 3411 3549 
7261 3510 3391 3658 
7262 3585 313 3700 
7263 3493 3494 3663 
7264 3469 3545 3671 
7265 3401 3533 3554 
7266 3484 3478 3485 
7267 132 3625 3670 
7268 3466 3469 3671 
7269 3691 3690 3692 
7270 112 111 3633 
7271 118 117 3634 
7272 123 122 3635 
7273 110 109 3638 
7274 130 129 3639 
7275 135 134 3640 
7276 144 143 3641 
7277 142 141 3642 
7278 137 136 3643 
7279 3402 133 3670 
7280 3425 3549 3695 
7281 3673 3563 3704 
7282 3525 3472 3654 
7283 3527 3505 3653 
7284 3496 3518 3519 
7285 3617 3437 3718 
7286 127 126 3655 
7287 3480 3552 3562 
7288 140 139 3656 
7289 3661 3465 3671 
7290 3549 105 3695 
7291 3514 3513 3646 
7292 3449 3448 3645 
7293 3427 3556 3557 
7294 3418 103 3550 
7295 3569 3572 3605 
7296 3590 3587 3604 
7297 3413 3538 3694 
7298 3510 3538 3713 
7299 3651 3444 3657 
7300 125 124 3668 
7301 114 113 3669 
7302 3397 3420 3423 
7303 3430 3398 3433 
7304 3391 3532 3658 
7305 3456 3455 3625 
7306 3374 3679 3684 
7307 3441 3547 3566 
7308 3499 3497 3659 
7309 3517 3434 3683 
7310 3472 3650 3654 
7311 3479 3481 3678 
7312 3552 3484 3667 
7313 3483 3600 3622 
7314 3602 3598 3612 
7315 3614 3615 3644 
7316 3539 3540 3710 
7317 121 120 3674 
7318 3426 3424 3686 
7319 3548 3439 3567 
7320 3536 3535 3702 
7321 3472 3471 3650 
7322 3557 3556 3561 
7323 3373 303 3697 
7324 3554 3435 3696 
7325 3538 3537 3713 
7326 3465 3466 3671 
7327 324 325 3364 
7328 325 324 3357 
7329 3483 3622 3665 
7330 303 3374 3684 
7331 3444 3443 3657 
7332 3434 3436 3683 
7333 131 3408 3723 
7334 319 320 3362 
7335 320 319 3355 
7336 3646 3414 3710 
7337 323 322 3603 
7338 322 321 3587 
7339 321 320 3604 
7340 321 322 3569 
7341 320 321 3605 
7342 324 323 3586 
7343 322 323 3606 
7344 323 324 3568 
7345 317 316 3592 
7346 316 317 3574 
7347 3563 3498 3565 
7348 3430 3434 3724 
7349 3589 3587 3590 
7350 3487 3488 3660 
7351 3462 3465 3661 
7352 3504 3507 3662 
7353 3569 3571 3572 
7354 3542 3444 3651 
7355 326 325 3620 
7356 3602 3612 3613 
7357 316 315 3607 
7358 325 326 3621 
7359 3358 3644 3715 
7360 315 316 3608 
7361 3424 3420 3714 
7362 3404 3645 3702 
7363 3416 3637 3713 
7364 311 312 3560 
7365 314 315 3363 
7366 315 314 3356 
7367 314 313 3610 
7368 3580 3585 3700 
7369 3556 3555 3689 
7370 327 326 3483 
7371 326 327 3501 
7372 3367 333 3711 
7373 313 312 3611 
7374 3368 3561 3676 
7375 318 317 3685 
7376 317 318 3687 
7377 312 311 3599 
7378 3644 3615 3698 
7379 307 308 3558 
7380 3368 3676 3697 
7381 331 330 3553 
7382 3680 3679 3681 
7383 3463 3464 3694 
7384 330 331 3564 
7385 3583 3500 3706 
7386 308 307 3614 
7387 3601 3598 3602 
7388 3615 3361 3616 
7389 3518 3563 3673 
7390 3581 3501 3583 
7391 3423 3425 3695 
7392 328 327 3665 
7393 3583 3501 3664 
7394 313 314 3700 
7395 327 328 3664 
7396 3435 3433 3696 
7397 3616 3361 3684 
7398 3482 3622 3705 
7399 330 329 3624 
7400 3679 3374 3681 
7401 329 330 3626 
7402 3482 3481 3725 
7403 3645 3448 3702 
7404 3587 3589 3603 
7405 319 318 3716 
7406 3514 3646 3710 
7407 318 319 3717 
7408 3591 3595 3596 
7409 310 311 3609 
7410 3577 3573 3578 
7411 3420 3421 3714 
7412 3571 3569 3606 
7413 3373 3689 3693 
7414 3597 3596 3703 
7415 3456 3625 3723 
7416 3480 3482 3725 
7417 3589 3586 3603 
7418 3593 3627 3628 
7419 3431 3430 3724 
7420 3676 3689 3697 
7421 3631 3575 3632 
7422 3568 3571 3606 
7423 334 333 3675 
7424 311 310 3726 
7425 3618 3616 3619 
7426 331 332 3727 
7427 3578 3579 3701 
7428 3580 3579 3582 
7429 3632 3499 3659 
7430 3357 3600 3620 
7431 3590 3591 3593 
7432 309 308 3677 
7433 3573 3572 3575 
7434 3672 3518 3673 
7435 3581 3364 3621 
7436 3484 3666 3667 
7437 328 329 3366 
7438 329 328 3359 
7439 3597 3598 3601 
7440 3588 3586 3589 
7441 3625 3455 3670 
7442 3568 3570 3571 
7443 3614 3644 3677 
7444 3357 3588 3600 
7445 307 306 3629 
7446 3615 3614 3629 
7447 3570 3364 3581 
7448 341 340 3709 
7449 3499 3500 3722 
7450 3372 3707 3708 
7451 3600 3483 3620 
7452 3619 3616 3679 
7453 3501 3581 3621 
7454 3500 3498 3722 
7455 3577 3578 3701 
7456 3596 3595 3703 
7457 3637 3510 3713 
7458 297 298 3691 
7459 3615 3616 3618 
7460 332 333 3367 
7461 333 332 3360 
7462 3429 3617 3718 
7463 3679 3616 3684 
7464 3688 3419 3719 
7465 309 310 3365 
7466 310 309 3358 
7467 320 3355 3604 
7468 3689 3690 3693 
7469 324 3364 3568 
7470 3357 324 3586 
7471 3362 320 3605 
7472 322 3587 3603 
7473 335 336 3369 
7474 336 335 3370 
7475 321 3569 3605 
7476 3587 321 3604 
7477 3586 323 3603 
7478 3569 322 3606 
7479 3565 3500 3583 
7480 325 3357 3620 
7481 323 3568 3606 
7482 3588 3589 3594 
7483 338 339 3371 
7484 339 338 3372 
7485 3364 325 3621 
7486 3481 3628 3678 
7487 3365 3609 3623 
7488 295 296 3551 
7489 3571 3570 3576 
7490 316 3574 3608 
7491 3592 316 3607 
7492 317 3592 3685 
7493 3574 317 3687 
7494 305 306 3368 
7495 306 305 3361 
7496 3561 3556 3676 
7497 3644 3358 3677 
7498 299 300 3375 
7499 300 299 3376 
7500 3355 319 3716 
7501 319 3362 3717 
7502 315 3356 3607 
7503 302 303 3373 
7504 303 302 3374 
7505 3618 3437 3698 
7506 3363 315 3608 
7507 3553 3624 3682 
7508 3483 326 3620 
7509 326 3501 3621 
7510 3356 314 3610 
7511 3615 3618 3698 
7512 3361 3615 3629 
7513 318 3685 3716 
7514 3687 318 3717 
7515 3610 313 3611 
7516 3688 3422 3699 
7517 3704 3564 3727 
7518 314 3363 3700 
7519 3357 3586 3588 
7520 3568 3364 3570 
7521 3563 3565 3721 
7522 3612 3599 3715 
7523 3482 3562 3622 
7524 312 3599 3611 
7525 3432 3617 3720 
7526 3562 3552 3682 
7527 3555 3550 3690 
7528 3611 3599 3612 
7529 327 3483 3665 
7530 3501 327 3664 
7531 3644 3613 3715 
7532 3564 3704 3721 
7533 311 3560 3609 
7534 3619 3679 3680 
7535 3553 330 3624 
7536 3367 3704 3727 
7537 330 3564 3626 
7538 3613 3644 3698 
7539 3600 3588 3705 
7540 3599 311 3726 
7541 3570 3581 3706 
7542 3715 3599 3726 
7543 3626 3564 3721 
7544 3564 331 3727 
7545 308 3614 3677 
7546 3614 307 3629 
7547 328 3366 3664 
7548 3359 328 3665 
7549 3704 3563 3721 
7550 329 3359 3624 
7551 3366 329 3626 
7552 3574 3687 3701 
7553 3685 3592 3703 
7554 3588 3594 3705 
7555 3576 3570 3706 
7556 3689 3555 3690 
7557 3358 3715 3726 
7558 3419 3688 3699 
7559 3365 310 3609 
7560 333 3360 3675 
7561 332 3367 3727 
7562 310 3358 3726 
7563 3358 309 3677 
7564 3690 3550 3692 
7565 3617 3429 3720 
7566 306 3361 3629 
7567 3666 3485 3708 
7568 3595 3685 3703 
7569 3687 3577 3701 
7570 3577 3687 3717 
7571 3685 3595 3716 
7572 3707 3666 3708 
7573 3 150 3680 
7574 295 3 3680 
7575 5 247 3519 
7576 342 5 3519 
7577 296 295 3680 
7578 297 296 3680 
7579 298 297 3376 
7580 3376 297 3680 
7581 299 298 3376 
7582 301 300 3376 
7583 302 301 3374 
7584 332 331 3360 
7585 3360 331 3553 
7586 335 334 3370 
7587 337 336 3370 
7588 338 337 3372 
7589 340 339 3709 
7590 342 341 3709 
7591 5 342 3709 
7592 3 295 3551 
7593 296 297 3691 
7594 298 299 3375 
7595 300 301 3375 
7596 301 302 3373 
7597 306 307 3558 
7598 308 309 3365 
7599 308 3365 3558 
7600 334 335 3711 
7601 336 337 3369 
7602 337 338 3371 
7603 339 340 3371 
7604 340 341 3371 
7605 341 342 3519 
7606 3371 341 3519 
7607 3360 3553 3682 
7608 3558 3365 3623 
7609 3371 3672 3712 
7610 3708 3485 3709 
2 5 2 394
7611 224 3867 223 
7612 219 3868 218 
7613 223 3867 3861 
7614 218 3868 3857 
7615 212 3837 211 
7616 3755 3860 3814 
7617 3763 3856 3808 
7618 3762 3777 3776 
7619 3759 3804 3803 
7620 222 3861 3755 
7621 217 3857 3763 
7622 223 3861 222 
7623 218 3857 217 
7624 3810 3827 3766 
7625 3770 3821 3818 
7626 3799 3829 3764 
7627 3795 3826 3765 
7628 244 3840 243 
7629 211 3837 3769 
7630 3801 3832 3757 
7631 3790 3844 3751 
7632 244 3841 3840 
7633 3778 3831 3768 
7634 3757 3864 3801 
7635 3828 3846 203 
7636 3770 3837 212 
7637 3783 3865 3752 
7638 3805 3866 3754 
7639 204 3828 203 
7640 4 3845 246 
7641 3764 3850 3799 
7642 3765 3852 3795 
7643 3766 3853 3810 
7644 3760 3867 224 
7645 3771 3868 219 
7646 243 3840 3750 
7647 245 3841 244 
7648 3761 3863 3812 
7649 230 3838 229 
7650 3760 3823 3773 
7651 3751 3841 245 
7652 3756 3869 3780 
7653 3771 3870 3787 
7654 199 3836 3753 
7655 200 3836 199 
7656 3757 3838 230 
7657 240 3843 239 
7658 236 3842 235 
7659 3753 3845 4 
7660 203 3846 202 
7661 3754 3849 3805 
7662 3768 3848 3778 
7663 3752 3847 3783 
7664 3782 3847 3750 
7665 3776 3848 3762 
7666 3803 3849 3759 
7667 3766 3828 204 
7668 3814 3862 3755 
7669 3808 3858 3763 
7670 3793 3851 3836 
7671 3827 3828 3766 
7672 246 3845 3751 
7673 3751 3845 3790 
7674 3801 3864 3820 
7675 3760 3854 3823 
7676 3835 3836 200 
7677 3750 3839 3782 
7678 3808 3856 3807 
7679 3814 3860 3813 
7680 3754 3842 236 
7681 3752 3843 240 
7682 3784 3839 3785 
7683 3763 3857 3856 
7684 3755 3861 3860 
7685 3751 3844 3841 
7686 3780 3822 3756 
7687 242 3847 241 
7688 238 3849 237 
7689 228 3848 227 
7690 233 3863 3761 
7691 231 3864 3757 
7692 3758 3842 3816 
7693 3759 3843 3804 
7694 3836 3851 3753 
7695 216 3858 215 
7696 221 3862 220 
7697 3770 3822 3821 
7698 239 3843 3759 
7699 235 3842 3758 
7700 3769 3825 3824 
7701 3801 3820 3735 
7702 3767 3846 3833 
7703 3832 3838 3757 
7704 202 3846 3767 
7705 229 3838 3762 
7706 3818 3837 3770 
7707 234 3863 233 
7708 232 3864 231 
7709 210 3850 209 
7710 208 3852 207 
7711 206 3853 205 
7712 3812 3830 3732 
7713 201 3835 200 
7714 3816 3830 3758 
7715 3812 3820 3761 
7716 3793 3834 3744 
7717 3824 3850 3769 
7718 3829 3852 3764 
7719 3826 3853 3765 
7720 3812 3863 3830 
7721 3754 3866 3842 
7722 3752 3865 3843 
7723 3823 3854 3831 
7724 241 3847 3752 
7725 3750 3847 242 
7726 237 3849 3754 
7727 227 3848 3768 
7728 3762 3838 3777 
7729 3759 3849 238 
7730 3762 3848 228 
7731 3858 3869 3756 
7732 3862 3870 3771 
7733 215 3858 3756 
7734 220 3862 3771 
7735 388 3784 3730 
7736 344 3792 3744 
7737 3833 3834 3767 
7738 209 3850 3764 
7739 3763 3858 216 
7740 3755 3862 221 
7741 3839 3840 3785 
7742 207 3852 3765 
7743 205 3853 3766 
7744 3799 3850 3824 
7745 3797 3846 3828 
7746 3795 3852 3829 
7747 3810 3853 3826 
7748 3851 3874 3753 
7749 3745 3825 3818 
7750 3778 3848 3776 
7751 3805 3849 3803 
7752 3793 3835 3834 
7753 3764 3852 208 
7754 3765 3853 206 
7755 3783 3847 3782 
7756 3769 3850 210 
7757 3831 3854 3768 
7758 3773 3867 3760 
7759 3787 3868 3771 
7760 3833 3846 3797 
7761 3797 3828 3827 
7762 3814 3870 3862 
7763 3808 3869 3858 
7764 225 3854 3760 
7765 3792 3851 3793 
7766 3732 3830 3815 
7767 3735 3820 3811 
7768 387 3784 388 
7769 343 3792 344 
7770 3744 3834 3806 
7771 3778 3873 3831 
7772 3807 3856 3855 
7773 3813 3860 3859 
7774 3767 3835 201 
7775 3761 3864 232 
7776 3758 3863 234 
7777 226 3854 225 
7778 3819 3825 3745 
7779 3831 3873 3733 
7780 3768 3854 226 
7781 3753 3874 3845 
7782 237 3754 236 
7783 246 3751 245 
7784 217 3763 216 
7785 202 3767 201 
7786 199 3753 4 
7787 205 3766 204 
7788 209 3764 208 
7789 222 3755 221 
7790 211 3769 210 
7791 220 3771 219 
7792 241 3752 240 
7793 227 3768 226 
7794 243 3750 242 
7795 213 3770 212 
7796 239 3759 238 
7797 225 3760 224 
7798 233 3761 232 
7799 231 3757 230 
7800 235 3758 234 
7801 229 3762 228 
7802 207 3765 206 
7803 215 3756 214 
7804 3793 3836 3835 
7805 3769 3837 3825 
7806 373 3775 3739 
7807 377 3811 3732 
7808 379 3815 3734 
7809 383 3802 3731 
7810 346 3806 3796 
7811 3784 3785 3730 
7812 3792 3793 3744 
7813 3813 3859 366 
7814 3807 3855 361 
7815 3776 3777 3775 
7816 3803 3804 3802 
7817 3794 3826 3795 
7818 3798 3829 3799 
7819 3842 3866 3816 
7820 3843 3865 3804 
7821 3825 3837 3818 
7822 386 3781 387 
7823 6 3791 343 
7824 372 3775 373 
7825 382 3802 383 
7826 376 3811 377 
7827 378 3815 379 
7828 3772 3823 3733 
7829 345 3806 346 
7830 365 3813 366 
7831 360 3807 361 
7832 3779 3869 3737 
7833 3786 3870 3749 
7834 3741 3824 3819 
7835 3743 3826 3794 
7836 3740 3829 3798 
7837 3747 3855 3788 
7838 3742 3859 3774 
7839 3800 3832 3801 
7840 3750 3840 3839 
7841 3866 3872 3734 
7842 3865 3871 3731 
7843 3777 3838 3832 
7844 3739 3832 3800 
7845 3730 3844 3789 
7846 3791 3792 343 
7847 3781 3784 387 
7848 3823 3831 3733 
7849 3775 3777 3739 
7850 3811 3812 3732 
7851 3802 3804 3731 
7852 3815 3816 3734 
7853 3824 3825 3819 
7854 3855 3856 3788 
7855 3859 3860 3774 
7856 3841 3844 3785 
7857 3789 3844 3790 
7858 3806 3833 3796 
7859 3783 3871 3865 
7860 3805 3872 3866 
7861 3822 3875 3756 
7862 3770 3875 3822 
7863 3845 3874 3790 
7864 3834 3835 3767 
7865 3830 3863 3758 
7866 3820 3864 3761 
7867 3737 3869 3808 
7868 3749 3870 3814 
7869 3729 3874 3791 
7870 3840 3841 3785 
7871 3781 3839 3784 
7872 3736 3872 3805 
7873 3738 3873 3778 
7874 3728 3871 3783 
7875 213 3875 3770 
7876 3756 3875 214 
7877 3785 3844 3730 
7878 3733 3873 370 
7879 381 3872 3736 
7880 3734 3872 380 
7881 371 3873 3738 
7882 385 3871 3728 
7883 3731 3871 384 
7884 347 3796 3746 
7885 3790 3874 3729 
7886 3739 3800 374 
7887 3745 3817 356 
7888 3748 3779 358 
7889 3742 3772 368 
7890 369 3772 3733 
7891 359 3779 3737 
7892 3730 3789 389 
7893 3746 3809 348 
7894 3747 3786 363 
7895 390 3789 3729 
7896 364 3786 3749 
7897 3743 3794 350 
7898 3741 3819 354 
7899 349 3809 3743 
7900 351 3794 3740 
7901 3740 3798 352 
7902 357 3817 3748 
7903 375 3800 3735 
7904 353 3798 3741 
7905 355 3819 3745 
7906 362 3855 3747 
7907 367 3859 3742 
7908 3797 3827 3746 
7909 3748 3821 3780 
7910 369 3733 370 
7911 379 3734 380 
7912 373 3739 374 
7913 362 3747 363 
7914 390 3729 6 
7915 355 3745 356 
7916 351 3740 352 
7917 364 3749 365 
7918 367 3742 368 
7919 377 3732 378 
7920 388 3730 389 
7921 375 3735 376 
7922 383 3731 384 
7923 353 3741 354 
7924 349 3743 350 
7925 344 3744 345 
7926 347 3746 348 
7927 357 3748 358 
7928 359 3737 360 
7929 371 3738 372 
7930 381 3736 382 
7931 385 3728 386 
7932 3809 3827 3810 
7933 3796 3833 3797 
7934 370 3873 371 
7935 380 3872 381 
7936 384 3871 385 
7937 3818 3821 3817 
7938 3777 3832 3739 
7939 3796 3797 3746 
7940 346 3796 347 
7941 3816 3866 3734 
7942 3804 3865 3731 
7943 3748 3780 3779 
7944 3742 3773 3772 
7945 3789 3790 3729 
7946 3745 3818 3817 
7947 3747 3787 3786 
7948 3794 3795 3740 
7949 3798 3799 3741 
7950 3809 3810 3743 
7951 3800 3801 3735 
7952 389 3789 390 
7953 358 3779 359 
7954 374 3800 375 
7955 350 3794 351 
7956 352 3798 353 
7957 368 3772 369 
7958 348 3809 349 
7959 363 3786 364 
7960 354 3819 355 
7961 356 3817 357 
7962 366 3859 367 
7963 361 3855 362 
7964 3746 3827 3809 
7965 3821 3822 3780 
7966 3817 3821 3748 
7967 3815 3830 3816 
7968 3811 3820 3812 
7969 3806 3834 3833 
7970 3773 3823 3772 
7971 3729 3791 6 
7972 3728 3781 386 
7973 3799 3824 3741 
7974 3810 3826 3743 
7975 3795 3829 3740 
7976 3736 3805 3803 
7977 3738 3778 3776 
7978 3736 3802 382 
7979 3738 3775 372 
7980 3735 3811 376 
7981 3732 3815 378 
7982 3747 3788 3787 
7983 3742 3774 3773 
7984 3780 3869 3779 
7985 3787 3870 3786 
7986 3728 3783 3782 
7987 3744 3806 345 
7988 3749 3813 365 
7989 3737 3807 360 
7990 3791 3874 3851 
7991 3861 3867 3774 
7992 3857 3868 3788 
7993 3782 3839 3781 
7994 3860 3861 3774 
7995 3856 3857 3788 
7996 3791 3851 3792 
7997 3728 3782 3781 
7998 3738 3776 3775 
7999 3736 3803 3802 
8000 3749 3814 3813 
8001 3737 3808 3807 
8002 3774 3867 3773 
8003 3788 3868 3787 
8004 214 3875 213 
2 6 2 5040
8005 5274 4222 6198 
8006 5412 5395 5949 
8007 3939 5155 5157 
8008 3916 5234 6103 
8009 4558 4560 6177 
8010 4766 5676 5678 
8011 266 265 5389 
8012 4222 5274 5450 
8013 5364 5363 5420 
8014 5334 5332 6031 
8015 4766 5678 5707 
8016 5143 3941 5144 
8017 5363 4571 5420 
8018 4818 4968 5929 
8019 5028 5134 5219 
8020 4797 4799 5663 
8021 5303 4823 5305 
8022 5391 5793 5825 
8023 5153 3886 5154 
8024 5436 6098 6176 
8025 4116 4111 5279 
8026 5185 4837 6121 
8027 5131 4645 5253 
8028 5392 5391 5825 
8029 4953 5836 5844 
8030 5836 5666 5844 
8031 4649 5125 5136 
8032 3950 5150 5196 
8033 5521 4960 6284 
8034 5140 4643 5246 
8035 3888 5322 5323 
8036 5275 4122 5278 
8037 4560 5702 6177 
8038 4321 4330 5583 
8039 4643 4515 5246 
8040 4321 5583 6249 
8041 4918 5412 5949 
8042 5207 4114 5756 
8043 5760 5200 6283 
8044 5754 5696 5807 
8045 4981 5354 5356 
8046 4953 5392 5825 
8047 4946 5754 5807 
8048 5392 4953 5844 
8049 5842 5827 6163 
8050 5696 4774 5719 
8051 4962 4960 5521 
8052 3911 266 5389 
8053 5125 4649 5135 
8054 5134 3953 5219 
8055 4927 5200 5760 
8056 4774 5696 5754 
8057 6098 5436 6285 
8058 5618 5944 6093 
8059 4834 4644 5277 
8060 4980 5165 5355 
8061 4466 5334 6031 
8062 3939 5157 6113 
8063 5101 5360 6120 
8064 4524 4526 6062 
8065 4397 5126 5351 
8066 5944 5262 6093 
8067 3888 5320 5322 
8068 5306 4894 5308 
8069 4645 5131 5263 
8070 5028 5219 6032 
8071 5119 4944 5461 
8072 5666 4946 5807 
8073 4645 4497 5253 
8074 4946 5666 5836 
8075 4906 5190 5191 
8076 4954 4817 5397 
8077 5114 5179 6186 
8078 5354 4981 5355 
8079 5181 3893 5300 
8080 6054 5080 6159 
8081 5270 5749 5978 
8082 4763 5785 5933 
8083 3958 3956 5831 
8084 5360 4405 6120 
8085 5200 4927 5203 
8086 4906 5191 5431 
8087 5126 4397 6251 
8088 4960 4965 6284 
8089 5130 395 6145 
8090 5037 5758 6081 
8091 395 5130 5960 
8092 5925 5356 5983 
8093 5346 3940 5864 
8094 5260 4449 5816 
8095 4122 5275 6242 
8096 3941 5143 6104 
8097 3940 5346 6245 
8098 5198 3950 6218 
8099 4927 4932 5203 
8100 5707 5678 5719 
8101 4084 5643 5993 
8102 3947 5139 5812 
8103 5380 5299 6050 
8104 4774 5707 5719 
8105 4928 5125 5135 
8106 4113 5213 5215 
8107 5960 5010 5983 
8108 3951 5201 6216 
8109 5204 5205 5206 
8110 416 3882 5664 
8111 5380 6054 6159 
8112 5270 5154 5749 
8113 3952 5216 6217 
8114 5218 3953 6215 
8115 5912 4975 6091 
8116 4923 4704 5432 
8117 5309 5308 5889 
8118 5309 5889 5897 
8119 5130 5010 5960 
8120 4944 5119 6222 
8121 4837 5929 6121 
8122 5560 4629 5868 
8123 6103 5234 6280 
8124 5139 3947 6007 
8125 4647 5359 5966 
8126 5165 3923 5355 
8127 5179 3946 6186 
8128 3953 5134 5770 
8129 5142 3900 5826 
8130 5025 5579 5580 
8131 5149 4975 5912 
8132 5309 5897 5997 
8133 5897 4794 5997 
8134 5133 5026 6024 
8135 5154 3886 6027 
8136 5992 5133 6024 
8137 5078 5842 6163 
8138 4629 5560 6237 
8139 5340 5337 5438 
8140 5992 404 6156 
8141 5935 4408 6168 
8142 4252 4243 5732 
8143 5758 4360 6081 
8144 4797 5663 6275 
8145 5151 5123 6042 
8146 5102 5380 6050 
8147 5746 4994 5750 
8148 5133 5992 6156 
8149 5356 5354 5983 
8150 4968 5732 5929 
8151 5821 4895 5862 
8152 4966 5083 5178 
8153 5114 5178 5179 
8154 3893 5181 5819 
8155 5162 5760 6283 
8156 4643 5140 6298 
8157 4124 4195 5267 
8158 5475 4382 6041 
8159 414 415 5989 
8160 4516 4489 5190 
8161 5169 4850 5831 
8162 5305 4823 5731 
8163 397 398 5245 
8164 5020 5025 5580 
8165 5158 4834 5277 
8166 5629 5046 6059 
8167 4095 5340 5438 
8168 5151 6042 6072 
8169 4449 5260 5839 
8170 5641 4526 5896 
8171 4239 4507 5396 
8172 5204 5203 5205 
8173 4195 4224 5267 
8174 5279 4111 5729 
8175 4928 5135 5199 
8176 5181 5300 5852 
8177 6059 5046 6070 
8178 5265 3942 5768 
8179 5647 5565 5684 
8180 5158 3898 5883 
8181 4118 5262 5944 
8182 4526 5641 6062 
8183 4515 4683 5246 
8184 5597 4192 6089 
8185 5308 4894 5889 
8186 4192 5597 6115 
8187 6030 4577 6076 
8188 4382 5475 6080 
8189 5491 5641 5896 
8190 4453 6079 6086 
8191 6079 5534 6086 
8192 5149 4502 5862 
8193 5262 4118 6110 
8194 5647 4763 5933 
8195 5507 6030 6076 
8196 5173 4966 5178 
8197 5150 3950 5197 
8198 5219 3920 6032 
8199 4193 5651 5928 
8200 5906 4193 5928 
8201 5265 4923 5432 
8202 5265 5768 6229 
8203 6068 375 6152 
8204 3927 5164 5852 
8205 3900 5142 6213 
8206 5898 5092 6131 
8207 5868 4629 5908 
8208 4981 4980 5355 
8209 4763 5647 5684 
8210 6074 361 6116 
8211 6118 4574 6179 
8212 3945 5124 5786 
8213 4497 4610 5253 
8214 5543 6143 6169 
8215 4571 5363 5423 
8216 5375 5868 5908 
8217 5506 6118 6179 
8218 4224 5168 5266 
8219 5234 3916 5823 
8220 4575 5146 5359 
8221 4122 4116 5279 
8222 6001 5060 6053 
8223 5060 5170 6053 
8224 5543 4888 5777 
8225 6143 4309 6169 
8226 5776 5543 5777 
8227 5174 397 5245 
8228 5182 4988 5240 
8229 5144 3941 5145 
8230 5965 5109 6111 
8231 5643 5025 5993 
8232 5146 4575 5361 
8233 5252 5624 5625 
8234 415 416 5664 
8235 5579 5025 5643 
8236 4683 4981 5914 
8237 4227 5123 6022 
8238 4799 4931 5663 
8239 6001 3907 6013 
8240 5204 5207 5756 
8241 5161 5935 6168 
8242 396 397 5174 
8243 5123 4227 6042 
8244 4906 4516 5190 
8245 4817 4899 5397 
8246 5364 5420 6278 
8247 4955 4954 5184 
8248 5188 6068 6152 
8249 4256 4678 5225 
8250 5854 4504 5986 
8251 274 5321 6083 
8252 5388 3892 6260 
8253 3886 5153 5687 
8254 5147 6082 6090 
8255 5321 274 6144 
8256 4823 5303 5742 
8257 5245 3893 5819 
8258 3915 5642 5853 
8259 5136 5125 5139 
8260 5213 4113 5865 
8261 5396 4954 5397 
8262 4447 5223 5224 
8263 5148 5147 6090 
8264 5782 4873 5852 
8265 5246 4683 5914 
8266 5409 5406 5996 
8267 4696 5377 5903 
8268 5322 5156 6219 
8269 5229 6074 6116 
8270 5398 5144 5872 
8271 6023 406 6036 
8272 5176 4364 6184 
8273 4955 5184 5185 
8274 3908 396 5174 
8275 4969 4972 5691 
8276 5132 5254 5266 
8277 5359 5146 5966 
8278 5645 5565 5647 
8279 4364 5176 6189 
8280 5938 5034 6064 
8281 5512 5513 5891 
8282 4447 5224 5293 
8283 398 3893 5245 
8284 5377 5341 5903 
8285 5223 4447 5943 
8286 4644 4645 5277 
8287 5124 3945 6100 
8288 4930 5824 5936 
8289 4850 3958 5831 
8290 4530 5988 6096 
8291 4988 5048 5240 
8292 395 3908 5177 
8293 415 5664 5989 
8294 3898 5158 6038 
8295 4483 5182 5240 
8296 6034 4176 6211 
8297 5431 5809 6203 
8298 3936 5710 5711 
8299 4115 5412 6005 
8300 4502 5149 5912 
8301 6029 4131 6099 
8302 5196 5150 5830 
8303 4114 5207 6221 
8304 5854 5986 6054 
8305 4078 5965 6111 
8306 4994 5746 6000 
8307 4837 4818 5929 
8308 438 6 6218 
8309 5 391 6216 
8310 6 438 6217 
8311 391 5 6215 
8312 4115 6005 6015 
8313 6175 5679 6183 
8314 5363 5361 5423 
8315 4832 5173 5178 
8316 5748 5429 6226 
8317 5069 6175 6183 
8318 5361 4575 5423 
8319 3908 5169 5831 
8320 5337 5339 5438 
8321 5323 5322 6219 
8322 4660 4686 5731 
8323 5419 6034 6211 
8324 5691 4252 5732 
8325 5513 5499 5891 
8326 5000 5921 5961 
8327 4203 4205 5293 
8328 4113 5215 6130 
8329 5057 5653 6043 
8330 5233 5202 5238 
8331 5158 5277 6038 
8332 4850 5169 6231 
8333 5060 6001 6013 
8334 5144 5145 5872 
8335 5749 3913 5978 
8336 3949 5202 6254 
8337 4474 5898 6131 
8338 5653 5057 6092 
8339 5624 5252 5626 
8340 3944 5381 5789 
8341 3956 5177 5831 
8342 4975 4331 5866 
8343 5169 3908 5174 
8344 5136 5139 6007 
8345 5132 5253 5254 
8346 5193 4993 5194 
8347 3882 5663 5664 
8348 3903 5276 5788 
8349 5371 5916 5951 
8350 5178 5083 5179 
8351 5261 5260 5816 
8352 5242 5243 5387 
8353 5210 5208 5516 
8354 5097 5328 5717 
8355 5982 4401 6033 
8356 5172 5000 5961 
8357 4612 4239 5396 
8358 5098 5215 5841 
8359 5325 5318 5468 
8360 3892 5388 5972 
8361 5168 4224 5885 
8362 4922 4923 5263 
8363 5328 4030 5717 
8364 5226 4975 5866 
8365 4895 5295 5862 
8366 4994 4801 5319 
8367 5168 5132 5266 
8368 5037 5175 5758 
8369 4898 5651 5933 
8370 4252 5236 5690 
8371 6236 4141 6247 
8372 5911 4249 5921 
8373 5202 3951 5238 
8374 5567 5564 5648 
8375 5375 4684 5916 
8376 5340 4095 5342 
8377 4773 5227 5295 
8378 5642 3915 6011 
8379 5788 5276 6138 
8380 5431 3906 5809 
8381 5656 5655 6162 
8382 5916 4684 5951 
8383 5659 3936 5711 
8384 5300 3927 5852 
8385 5785 4898 5933 
8386 5656 6162 6197 
8387 4679 4993 5193 
8388 5022 5020 5580 
8389 5565 5645 5648 
8390 4480 5629 6059 
8391 4098 5409 5996 
8392 5277 5264 6038 
8393 5156 5322 5325 
8394 392 3953 5770 
8395 4704 4906 5432 
8396 4489 4649 5190 
8397 5120 6023 6036 
8398 6172 4066 6199 
8399 4900 5275 5278 
8400 3952 6149 6166 
8401 4507 5184 5396 
8402 4502 5821 5862 
8403 5225 5223 5943 
8404 5167 6033 6063 
8405 5138 6236 6247 
8406 5266 5256 5267 
8407 5291 3943 6153 
8408 419 418 5514 
8409 4381 4310 6067 
8410 5384 5388 6260 
8411 6098 4490 6176 
8412 5850 5001 5887 
8413 5347 5383 5385 
8414 5047 5790 5798 
8415 4841 5314 5316 
8416 5629 4480 6220 
8417 3954 3921 3955 
8418 3923 5165 5762 
8419 5342 4881 5843 
8420 5744 5072 5968 
8421 5131 4922 5263 
8422 5175 5037 5726 
8423 5651 4898 5928 
8424 4808 5880 5925 
8425 5024 5022 6002 
8426 5389 265 5972 
8427 4224 5266 5267 
8428 4243 4475 5732 
8429 3905 5296 5810 
8430 5151 6072 6188 
8431 6052 5217 6166 
8432 5137 3917 6202 
8433 6267 5450 6298 
8434 6072 4127 6188 
8435 5254 5256 5266 
8436 4256 5225 5378 
8437 394 395 5177 
8438 5789 5381 6180 
8439 5704 6066 6078 
8440 4900 5273 5275 
8441 4211 4155 5649 
8442 4500 5242 5387 
8443 5369 5371 5948 
8444 5230 3912 6056 
8445 5017 5183 5726 
8446 3912 5230 6116 
8447 5166 5167 6063 
8448 5564 5565 5648 
8449 5015 5017 5726 
8450 3917 5137 6149 
8451 391 3951 6216 
8452 3950 438 6218 
8453 5167 5982 6033 
8454 4794 5653 5997 
8455 4187 5938 6064 
8456 4915 5341 5439 
8457 438 3952 6217 
8458 3953 391 6215 
8459 5070 5704 6078 
8460 5046 5147 6070 
8461 5395 5394 5949 
8462 5173 4832 5311 
8463 5037 5015 5726 
8464 437 3950 5196 
8465 5988 5488 6096 
8466 5410 6029 6099 
8467 5387 5243 5388 
8468 5466 6172 6199 
8469 5182 4483 5241 
8470 4684 5375 5908 
8471 5197 3950 5198 
8472 4841 5316 5319 
8473 5384 5387 5388 
8474 5450 4933 6298 
8475 5429 5748 5910 
8476 5307 5306 5308 
8477 5147 5046 6082 
8478 4995 5930 6019 
8479 5081 6052 6166 
8480 5202 3949 6046 
8481 5322 5318 5325 
8482 4678 4955 5225 
8483 5224 5185 6121 
8484 5340 5342 5843 
8485 5281 5815 5820 
8486 4933 4643 6298 
8487 4363 5554 6214 
8488 5000 5911 5921 
8489 3943 5291 5769 
8490 5554 4363 6209 
8491 4965 5638 6284 
8492 5663 5662 6275 
8493 3951 3954 5238 
8494 4968 4969 5691 
8495 5638 4965 6264 
8496 4157 4159 5917 
8497 5348 3899 5705 
8498 4382 5419 6041 
8499 5332 5377 6031 
8500 5571 5572 6224 
8501 5155 3939 6219 
8502 3963 4249 5241 
8503 5222 5659 5711 
8504 4412 6134 6135 
8505 6134 5117 6135 
8506 5251 4672 5626 
8507 5289 5991 5999 
8508 5905 4940 5920 
8509 5419 4382 6034 
8510 4972 5236 5691 
8511 5571 6224 6235 
8512 4509 4807 5199 
8513 5790 5047 6097 
8514 3920 5219 6049 
8515 5991 4087 5999 
8516 5201 3951 5202 
8517 4955 5185 5223 
8518 5164 5782 5852 
8519 5521 4084 5993 
8520 393 3921 3954 
8521 5950 4086 5964 
8522 5653 4794 6043 
8523 5217 3919 6051 
8524 5892 5605 5962 
8525 4227 5172 5961 
8526 5184 4954 5396 
8527 4214 4203 5293 
8528 5994 5328 5998 
8529 5541 4324 6207 
8530 5069 6147 6175 
8531 4894 5306 5731 
8532 5892 5039 5905 
8533 3953 5218 5219 
8534 5442 4930 5936 
8535 4372 5994 5998 
8536 4940 4939 5920 
8537 5216 3952 5217 
8538 4205 4447 5293 
8539 5514 5512 5891 
8540 4324 5541 6195 
8541 4801 4841 5319 
8542 5314 4841 5452 
8543 5210 5516 6008 
8544 5069 5068 6147 
8545 6065 5402 6069 
8546 4873 5181 5852 
8547 425 426 5307 
8548 3946 5179 5955 
8549 5371 4713 5948 
8550 5263 4923 5264 
8551 4649 5136 5190 
8552 4930 5442 5799 
8553 5215 5214 5841 
8554 5163 3910 6161 
8555 5448 4007 6141 
8556 5091 5950 5964 
8557 5227 4773 5734 
8558 4679 5193 5249 
8559 5170 3894 6053 
8560 4374 5199 5544 
8561 5039 4940 5905 
8562 4807 4928 5199 
8563 3938 5189 6173 
8564 6128 5569 6174 
8565 4224 4216 5885 
8566 3922 5196 5830 
8567 5442 5547 5799 
8568 5286 4453 6086 
8569 5383 5347 5386 
8570 3961 3963 5241 
8571 4823 4660 5731 
8572 4008 6066 6088 
8573 5273 4900 5376 
8574 5002 5394 5887 
8575 4094 6065 6069 
8576 3911 5389 5969 
8577 6149 5137 6166 
8578 3933 5510 5512 
8579 4381 6095 6106 
8580 5306 5305 5731 
8581 4686 4894 5731 
8582 3959 4483 5231 
8583 5412 4918 6005 
8584 3895 419 5514 
8585 3925 425 5307 
8586 5426 4627 5536 
8587 5202 5233 6254 
8588 4319 4321 6249 
8589 5824 4416 5936 
8590 6124 4188 6129 
8591 5884 4300 5973 
8592 5350 4647 5966 
8593 6095 5115 6106 
8594 5252 5251 5626 
8595 4645 5263 5277 
8596 5001 5002 5887 
8597 5231 4483 5240 
8598 5429 5428 6226 
8599 5232 5231 5240 
8600 5589 6124 6129 
8601 4007 5448 6164 
8602 5106 5291 6153 
8603 5432 5431 6203 
8604 5044 5639 5886 
8605 5504 3876 5515 
8606 5177 3908 5831 
8607 5625 3887 5759 
8608 4861 4524 6062 
8609 4630 5744 5968 
8610 5022 5580 6002 
8611 5710 3936 5989 
8612 5295 5227 5862 
8613 5163 5247 5248 
8614 4962 5521 5993 
8615 5163 4897 5247 
8616 5203 4932 5205 
8617 5241 4249 5730 
8618 5460 6128 6174 
8619 4416 5180 5936 
8620 5041 4813 5285 
8621 418 3933 5514 
8622 4792 6037 6061 
8623 5376 4896 5517 
8624 4444 5239 5311 
8625 5295 4895 5716 
8626 3883 5304 5305 
8627 5341 4915 5903 
8628 5294 5295 5716 
8629 3919 5217 6052 
8630 5220 3904 6167 
8631 4703 5059 5244 
8632 3876 415 5515 
8633 5668 5162 6283 
8634 5326 5118 5940 
8635 5193 4985 5249 
8636 5040 5250 5611 
8637 5222 3896 5659 
8638 5787 5116 6100 
8639 5326 5013 5859 
8640 5827 4415 6163 
8641 5648 4211 5649 
8642 5750 4994 6084 
8643 4884 4926 5451 
8644 5567 5648 5649 
8645 5242 4500 5518 
8646 5411 5395 5412 
8647 3914 5324 6144 
8648 5116 5787 6213 
8649 4444 4403 5239 
8650 5620 5067 5875 
8651 5510 3933 5568 
8652 3910 5163 6085 
8653 3883 5305 5306 
8654 5249 4985 5400 
8655 5530 5473 5596 
8656 5199 5135 5544 
8657 5296 3905 6205 
8658 5268 5257 6110 
8659 4374 4509 5199 
8660 3907 434 5237 
8661 3909 5192 5813 
8662 5256 5257 5268 
8663 4773 4278 5734 
8664 433 3901 5299 
8665 5204 5206 5207 
8666 5345 4624 5386 
8667 4479 4835 5269 
8668 3876 5504 5508 
8669 3883 427 5304 
8670 5717 4113 6130 
8671 4155 4157 5649 
8672 5880 4952 5925 
8673 4577 5488 5988 
8674 3936 414 5989 
8675 4897 4809 5247 
8676 5529 5530 5596 
8677 5240 5048 6280 
8678 3951 392 3954 
8679 4124 5267 6297 
8680 4330 5557 6243 
8681 4483 3961 5241 
8682 5230 5058 5451 
8683 5058 5230 6056 
8684 5620 4086 5919 
8685 414 413 5856 
8686 5124 4846 5292 
8687 4334 4479 5269 
8688 5435 5437 5438 
8689 3891 5228 6191 
8690 4672 5251 5752 
8691 4693 4967 5271 
8692 5649 4157 5917 
8693 5488 4577 6030 
8694 415 414 5515 
8695 5068 5288 6147 
8696 4628 4558 6177 
8697 391 392 3951 
8698 437 438 3950 
8699 5474 5417 5538 
8700 5470 5474 5538 
8701 5930 4365 6019 
8702 4266 5850 5887 
8703 392 391 3953 
8704 438 437 3952 
8705 4831 5192 5280 
8706 5162 5668 6289 
8707 5329 4093 5331 
8708 3955 3957 4790 
8709 5263 5264 5277 
8710 5104 4821 5408 
8711 5557 4330 6230 
8712 4790 5231 5232 
8713 5232 5240 6280 
8714 6037 5103 6061 
8715 4413 5464 5700 
8716 4455 4627 5426 
8717 5347 5345 5386 
8718 5192 3909 6136 
8719 5473 5530 5597 
8720 5425 5558 5559 
8721 3876 5508 5568 
8722 5106 5290 5291 
8723 5270 4957 5532 
8724 4981 5356 5914 
8725 5067 5620 5919 
8726 5909 4381 6067 
8727 4007 5286 6141 
8728 5250 4875 5611 
8729 4859 5282 5284 
8730 3922 436 5196 
8731 5057 5655 6092 
8732 5049 5271 5381 
8733 5126 5349 5351 
8734 4395 5166 6063 
8735 4900 4896 5376 
8736 3955 3921 3956 
8737 5331 4093 5341 
8738 5315 4482 5468 
8739 4491 5325 5468 
8740 5358 4884 5451 
8741 4790 3957 5231 
8742 4245 4374 5544 
8743 3907 5237 5461 
8744 5425 5559 5560 
8745 3897 5186 6152 
8746 4476 4464 5400 
8747 5227 5149 5862 
8748 5341 4093 5439 
8749 5919 4086 5950 
8750 5442 5441 5547 
8751 4618 5326 5859 
8752 5410 5409 6021 
8753 5535 5126 6251 
8754 5395 5411 5422 
8755 5236 4252 5691 
8756 5497 5561 5562 
8757 5145 5235 5872 
8758 426 3883 5307 
8759 4680 5050 5290 
8760 5039 5892 5962 
8761 5577 5937 5947 
8762 4397 5351 5352 
8763 4807 4809 4897 
8764 4725 4723 5707 
8765 3894 5170 6253 
8766 5172 4227 6022 
8767 4250 4499 5297 
8768 3921 394 5177 
8769 5639 4512 5886 
8770 5180 4416 5952 
8771 5317 5321 5324 
8772 5441 4450 5547 
8773 4809 5028 5247 
8774 4509 4806 4807 
8775 5272 4454 5670 
8776 427 3929 5372 
8777 5153 5244 5687 
8778 4631 4904 5398 
8779 5630 4889 6190 
8780 4491 4492 5792 
8781 5190 5136 5191 
8782 5388 5243 5389 
8783 3955 3956 3957 
8784 5056 5350 5966 
8785 4813 4859 5285 
8786 3896 5222 5834 
8787 4691 4831 5280 
8788 5556 5557 6223 
8789 4099 4428 5439 
8790 5319 5316 5324 
8791 5541 5540 6187 
8792 5299 3901 6050 
8793 4454 5272 5376 
8794 5194 4993 6000 
8795 5749 5154 6027 
8796 5212 5213 5865 
8797 4388 4611 5287 
8798 5278 4122 5279 
8799 4703 5244 5440 
8800 4331 5269 5866 
8801 5248 290 6085 
8802 5411 4081 5422 
8803 6223 5557 6230 
8804 4694 4693 5271 
8805 5286 4007 6148 
8806 5290 5050 5291 
8807 4926 5230 5451 
8808 5264 4923 5265 
8809 6066 5704 6088 
8810 5318 5315 5468 
8811 4511 4439 5452 
8812 4826 5220 5292 
8813 427 428 5304 
8814 4672 4656 5626 
8815 4673 4672 5752 
8816 4846 4697 5292 
8817 5253 4610 5254 
8818 4859 5284 5285 
8819 4627 5398 5872 
8820 4237 4250 5297 
8821 5700 5617 5791 
8822 5010 5925 5983 
8823 4904 5144 5398 
8824 4881 5366 5531 
8825 5313 4482 5314 
8826 4807 4806 4809 
8827 5189 3938 6068 
8828 5372 3929 5373 
8829 5233 5232 5234 
8830 5508 5510 5568 
8831 5515 414 5856 
8832 5084 5116 6026 
8833 3957 3959 5231 
8834 5433 3979 5437 
8835 5324 3914 6084 
8836 5077 4897 5163 
8837 4986 5195 5327 
8838 4011 4093 5329 
8839 4437 4482 5313 
8840 5159 6257 6261 
8841 5313 5314 5452 
8842 5918 6165 6206 
8843 5655 5057 6162 
8844 3925 5307 5308 
8845 3928 5301 5302 
8846 5353 3902 5354 
8847 5414 5418 5420 
8848 5456 5458 5459 
8849 5410 6021 6029 
8850 5435 5433 5437 
8851 5664 4931 5989 
8852 5370 5372 5373 
8853 5034 5593 5712 
8854 4928 4897 5077 
8855 4681 4680 5290 
8856 4428 4915 5439 
8857 4886 5106 5296 
8858 4879 4592 5440 
8859 4987 4901 5276 
8860 4822 5406 5407 
8861 3893 399 5300 
8862 5541 6187 6195 
8863 4266 4264 5312 
8864 435 3922 5237 
8865 5316 5317 5324 
8866 5010 4808 5925 
8867 5346 5347 6245 
8868 4841 4511 5452 
8869 4582 5470 5538 
8870 5479 4861 6062 
8871 5244 5059 5687 
8872 5271 4967 5381 
8873 4477 4884 5358 
8874 3959 3961 4483 
8875 5425 5424 5558 
8876 3934 5489 5500 
8877 4931 5710 5989 
8878 3881 5483 5484 
8879 3928 429 5301 
8880 399 3923 5762 
8881 5143 5142 5826 
8882 4802 4691 5280 
8883 4691 4617 4831 
8884 5126 4793 5349 
8885 5683 4087 5984 
8886 4751 4849 5458 
8887 4985 4476 5400 
8888 4814 5041 5403 
8889 5220 5003 5221 
8890 4454 5376 5517 
8891 5282 4859 5399 
8892 4479 4503 4697 
8893 4642 5118 5326 
8894 4625 4624 5343 
8895 4334 4443 4479 
8896 4656 4655 5626 
8897 6077 5449 6140 
8898 5082 5884 5973 
8899 4270 5294 5716 
8900 4464 4461 5400 
8901 3933 5512 5514 
8902 4457 4444 4617 
8903 5394 5002 5949 
8904 5489 3934 5522 
8905 4753 4751 5458 
8906 5325 4491 5792 
8907 5424 425 5558 
8908 3881 5484 5485 
8909 5984 4087 5991 
8910 5331 5341 5377 
8911 4697 4826 5292 
8912 4826 5003 5220 
8913 4802 5280 5281 
8914 4790 5233 5238 
8915 397 3902 5353 
8916 5343 4624 5345 
8917 4102 4599 5462 
8918 4081 4073 5422 
8919 4881 5531 5843 
8920 3954 3955 5238 
8921 435 436 3922 
8922 393 394 3921 
8923 4419 4422 5379 
8924 4576 5529 5596 
8925 5457 5076 5721 
8926 417 416 5568 
8927 4647 4572 5359 
8928 3881 410 5483 
8929 436 437 5196 
8930 5125 5077 5139 
8931 4500 4471 5518 
8932 431 3924 5357 
8933 4270 4272 5294 
8934 4250 4451 4489 
8935 4413 5700 5791 
8936 4421 4455 5426 
8937 4403 4400 5239 
8938 394 393 3918 
8939 436 435 3917 
8940 5425 5560 5868 
8941 4697 4503 4826 
8942 4822 5405 5406 
8943 4457 4617 4691 
8944 3927 401 5365 
8945 4780 5074 5405 
8946 4406 4403 4444 
8947 5464 4413 5771 
8948 4557 4582 5737 
8949 5006 5122 5642 
8950 3917 435 5298 
8951 4831 5114 5192 
8952 3948 5197 6108 
8953 5706 5274 6198 
8954 5593 5592 5712 
8955 5298 5299 5380 
8956 4479 4443 4503 
8957 4489 4451 4649 
8958 4613 5393 5394 
8959 4237 4244 4250 
8960 5551 5946 5953 
8961 4328 4334 5269 
8962 5762 5165 5904 
8963 5937 4217 5947 
8964 4487 4500 5382 
8965 3924 430 5368 
8966 4831 4832 5114 
8967 424 3925 5867 
8968 4266 5312 5850 
8969 4655 5624 5626 
8970 5275 5706 6242 
8971 5248 6032 6271 
8972 5164 3927 6269 
8973 4417 4419 5379 
8974 4597 4362 5399 
8975 4565 4571 5423 
8976 6257 4096 6261 
8977 4129 6105 6155 
8978 4287 4328 4331 
8979 5301 3894 5310 
8980 4250 4244 4451 
8981 4406 4444 4457 
8982 5248 5247 6032 
8983 4811 5457 5721 
8984 4400 4398 4401 
8985 4901 5049 5276 
8986 5084 6026 6057 
8987 4613 4260 5393 
8988 4901 4892 5049 
8989 4551 4576 5728 
8990 4118 5268 6110 
8991 5382 4500 5387 
8992 3985 4881 5342 
8993 4878 4986 5327 
8994 3881 5485 5522 
8995 5244 4879 5440 
8996 4281 4286 4287 
8997 4881 3987 5366 
8998 4723 4766 5707 
8999 4790 5232 5233 
9000 5314 4482 5315 
9001 4762 4780 5405 
9002 5036 4846 5124 
9003 3963 3965 4249 
9004 290 5248 6271 
9005 4835 4697 4846 
9006 4195 4216 4224 
9007 4807 4897 4928 
9008 5083 4886 5296 
9009 4704 4516 4906 
9010 5413 5414 5420 
9011 5230 5229 6116 
9012 5405 5074 5406 
9013 4136 4134 5367 
9014 4624 4621 5386 
9015 4957 4635 5532 
9016 4228 4237 5297 
9017 4433 4437 5313 
9018 4331 4328 5269 
9019 4499 4489 4516 
9020 4886 4700 5106 
9021 5298 434 5299 
9022 4009 4011 5329 
9023 4571 4563 5413 
9024 392 393 3954 
9025 5591 5528 5615 
9026 5688 5554 6201 
9027 5050 4825 5186 
9028 5155 4834 5157 
9029 401 3890 5404 
9030 4454 4369 5670 
9031 433 434 3907 
9032 395 396 3908 
9033 4495 4631 5398 
9034 3957 3958 3959 
9035 4571 5413 5420 
9036 5492 5493 5562 
9037 4482 4445 5468 
9038 4893 4902 5730 
9039 4833 4834 5155 
9040 4592 4589 5440 
9041 428 427 5372 
9042 4287 4286 4328 
9043 3923 5353 5355 
9044 4478 4477 5358 
9045 4877 5242 5518 
9046 4833 4644 4834 
9047 5272 5273 5376 
9048 4821 4822 5408 
9049 4637 4957 5428 
9050 5458 4849 5459 
9051 5658 3896 5834 
9052 5428 4957 5978 
9053 5311 5239 5907 
9054 4693 4887 4967 
9055 4793 4646 5349 
9056 4693 4668 4887 
9057 4005 4257 5366 
9058 5491 5482 5641 
9059 4614 5667 5803 
9060 410 409 5483 
9061 5157 5158 5883 
9062 5587 5591 5615 
9063 4832 4617 5311 
9064 5292 5220 6167 
9065 4400 4401 5239 
9066 4017 4099 5439 
9067 434 433 5299 
9068 5493 5497 5562 
9069 5055 5146 5361 
9070 5592 4578 5712 
9071 4496 4644 4833 
9072 4517 4516 4704 
9073 4789 5078 5447 
9074 5593 5034 5938 
9075 4892 4694 5271 
9076 4928 5077 5125 
9077 4847 4846 5036 
9078 4830 4331 4975 
9079 4045 4047 5443 
9080 4392 4390 4395 
9081 5314 5315 5316 
9082 4276 4278 4773 
9083 4774 4725 5707 
9084 5297 5845 5885 
9085 4680 4676 4825 
9086 4112 4117 4118 
9087 4432 4436 5533 
9088 6201 5554 6209 
9089 3955 4790 5238 
9090 5267 5256 5268 
9091 5288 5068 6146 
9092 5223 5185 5224 
9093 4904 5142 5143 
9094 4922 4704 4923 
9095 5383 5382 5384 
9096 5403 5041 5534 
9097 5845 5168 5885 
9098 4826 4827 5003 
9099 5127 4875 5250 
9100 5189 5252 6173 
9101 3887 5625 6208 
9102 5285 5284 5286 
9103 5316 5315 5317 
9104 4620 5383 5386 
9105 4231 4240 5378 
9106 4073 4088 5422 
9107 5407 5406 5409 
9108 3895 5498 5698 
9109 3942 5265 6203 
9110 4467 4877 5518 
9111 5420 5418 6278 
9112 4603 4450 5441 
9113 4967 4887 5705 
9114 4680 4825 5050 
9115 4047 4077 5443 
9116 5485 5489 5522 
9117 4811 4757 5453 
9118 4390 4388 5287 
9119 4904 4855 5142 
9120 4439 4435 5452 
9121 4942 4878 5327 
9122 4395 5287 5288 
9123 5330 5333 5531 
9124 4877 4476 4878 
9125 5383 5384 5385 
9126 5101 4844 5360 
9127 4582 5538 5737 
9128 6248 4327 6288 
9129 4642 4944 5118 
9130 5344 5346 5348 
9131 4631 4855 4904 
9132 4993 4801 4994 
9133 4432 4431 4433 
9134 4679 4511 4801 
9135 4572 4569 5359 
9136 3890 5762 5904 
9137 4193 5650 5651 
9138 4430 4429 4431 
9139 5294 4773 5295 
9140 4955 5223 5225 
9141 4428 4429 4430 
9142 4430 4431 4432 
9143 4432 4433 4435 
9144 4679 4801 4993 
9145 4362 4426 5399 
9146 4453 5286 6148 
9147 4417 4418 4419 
9148 4890 4351 5449 
9149 4435 4433 5313 
9150 4620 4487 5382 
9151 4240 4256 5378 
9152 4877 4878 4942 
9153 4700 4681 5290 
9154 4620 5382 5383 
9155 5443 5444 5595 
9156 5055 5361 5362 
9157 430 3894 5301 
9158 5584 6248 6288 
9159 4419 4420 4421 
9160 4618 4642 5326 
9161 5324 5321 6144 
9162 404 3926 5427 
9163 5084 5036 5116 
9164 4458 4511 4679 
9165 4887 5343 5344 
9166 4272 4276 5294 
9167 4437 4445 4482 
9168 4428 4123 4429 
9169 4889 5630 6210 
9170 4043 4045 5390 
9171 4430 4432 5533 
9172 5186 5187 5188 
9173 5317 5320 5321 
9174 5344 5348 5705 
9175 5302 5301 5310 
9176 4576 5596 5728 
9177 4487 4471 4500 
9178 4880 5270 5532 
9179 4467 4476 4877 
9180 5390 4045 5443 
9181 4257 5330 5531 
9182 400 3927 5300 
9183 4831 4617 4832 
9184 4896 4486 5517 
9185 4467 4464 4476 
9186 4988 4987 5047 
9187 4458 4439 4511 
9188 4099 4123 4428 
9189 4863 4814 5403 
9190 5667 5030 5803 
9191 5536 4627 5872 
9192 5367 4134 5679 
9193 3933 417 5568 
9194 4986 5194 5195 
9195 4941 5401 5402 
9196 5276 5049 6138 
9197 4479 4697 4835 
9198 5332 5331 5377 
9199 3959 3960 3961 
9200 5368 3889 5369 
9201 5406 5074 5996 
9202 5330 5329 5331 
9203 5312 4417 5379 
9204 4600 5587 5615 
9205 4971 4970 5463 
9206 5353 5354 5355 
9207 5344 5345 5346 
9208 4264 4267 5312 
9209 4011 4017 4093 
9210 4621 4620 5386 
9211 4809 4905 5028 
9212 426 425 5424 
9213 4876 4875 5127 
9214 4941 5402 6018 
9215 4455 4495 4627 
9216 4926 5228 5229 
9217 428 3928 5304 
9218 4388 4140 4611 
9219 5977 4171 5979 
9220 4757 4755 5453 
9221 5330 5331 5332 
9222 4599 4104 5618 
9223 3901 432 5357 
9224 4811 5453 5454 
9225 4859 4597 5399 
9226 4267 4279 4417 
9227 5524 5527 5529 
9228 4132 4194 5679 
9229 4421 4420 4455 
9230 4668 4625 5343 
9231 3969 3971 4227 
9232 4595 4880 5532 
9233 5401 4863 5403 
9234 5542 4888 5543 
9235 416 3876 5568 
9236 4422 4421 4423 
9237 5465 4938 5466 
9238 4185 4189 5600 
9239 3923 398 5353 
9240 5497 4628 6177 
9241 4419 4418 4420 
9242 430 431 3894 
9243 398 399 3893 
9244 5565 5563 5684 
9245 4257 5329 5330 
9246 4926 4925 5228 
9247 4278 4281 5734 
9248 4257 4009 5329 
9249 4395 4390 5287 
9250 4212 5634 5635 
9251 4486 4253 5517 
9252 5561 5559 5562 
9253 3957 3956 3958 
9254 5719 5678 5740 
9255 4250 4489 4499 
9256 4617 4444 5311 
9257 4127 5433 5434 
9258 4884 4925 4926 
9259 4838 5428 5429 
9260 434 435 5237 
9261 5434 5435 5436 
9262 4880 5153 5154 
9263 4685 4888 5542 
9264 5349 5350 5351 
9265 3924 5368 5873 
9266 4878 4985 4986 
9267 4880 4879 5153 
9268 4646 4647 5349 
9269 4838 4637 5428 
9270 4005 4009 4257 
9271 4627 4495 5398 
9272 4612 5396 5397 
9273 4703 4702 5058 
9274 4986 5193 5194 
9275 4703 5058 5059 
9276 5156 5325 5792 
9277 5529 5527 5530 
9278 4496 4497 4644 
9279 4140 4136 5367 
9280 4125 4119 4207 
9281 5111 4793 5126 
9282 4884 4858 4925 
9283 5317 5318 5320 
9284 4262 4264 4266 
9285 5560 5559 5561 
9286 4637 4635 4957 
9287 5221 349 6125 
9288 4578 5592 5681 
9289 4588 4702 4703 
9290 4938 4775 5109 
9291 402 3884 5365 
9292 4595 4879 4880 
9293 4966 4886 5083 
9294 5379 5784 5850 
9295 5114 4832 5178 
9296 4477 4858 4884 
9297 3961 3962 3963 
9298 4842 4793 5111 
9299 5349 4647 5350 
9300 5366 4257 5531 
9301 4563 4561 5413 
9302 5109 5110 5180 
9303 5784 5001 5850 
9304 4902 4901 4987 
9305 4053 4055 5569 
9306 4811 5454 5457 
9307 4893 4892 4901 
9308 4646 4572 4647 
9309 5437 4095 5438 
9310 5573 4708 5697 
9311 4865 4863 5401 
9312 5970 4728 5974 
9313 433 432 3901 
9314 397 396 3902 
9315 4509 4805 4806 
9316 429 3889 5368 
9317 4595 4592 4879 
9318 4588 4585 4702 
9319 4537 4578 5681 
9320 4351 4349 5449 
9321 4417 4279 4418 
9322 4053 4054 4055 
9323 3925 5309 5867 
9324 4287 4331 4830 
9325 4875 4872 5611 
9326 5695 5719 5740 
9327 4159 4212 5917 
9328 3989 4005 5366 
9329 4941 4865 5401 
9330 3932 5477 5479 
9331 4219 4231 5378 
9332 4267 4417 5312 
9333 3928 5302 5303 
9334 409 5481 5483 
9335 4433 4434 4437 
9336 3975 3977 4127 
9337 4477 4423 4858 
9338 4762 4761 4780 
9339 5455 4824 5456 
9340 4374 4508 4509 
9341 4276 4773 5294 
9342 4055 4056 4057 
9343 4867 4865 4941 
9344 4436 4435 4439 
9345 400 401 3927 
9346 428 429 3928 
9347 5228 5235 6191 
9348 4760 4759 4761 
9349 5049 4892 5271 
9350 4705 4938 5465 
9351 4356 4355 4357 
9352 4701 4700 4886 
9353 5173 5311 5907 
9354 409 408 5481 
9355 5492 3931 5493 
9356 5551 5600 5601 
9357 4051 4052 4053 
9358 4445 4446 4491 
9359 4237 4238 4244 
9360 5242 4942 5243 
9361 4814 4813 5041 
9362 4057 4058 4059 
9363 4598 4597 4813 
9364 5443 4077 5444 
9365 4228 4229 4237 
9366 4902 5182 5730 
9367 4193 4149 5650 
9368 4337 4473 5546 
9369 5373 3929 5374 
9370 4357 4359 4361 
9371 4705 4603 4775 
9372 4440 4439 4458 
9373 4059 4060 4061 
9374 4437 4438 4445 
9375 4424 4423 4477 
9376 4071 4070 4072 
9377 4073 4072 4088 
9378 4631 4632 4855 
9379 4830 4975 5149 
9380 4091 4089 4115 
9381 4069 4068 4070 
9382 4780 4791 5073 
9383 4067 4066 4068 
9384 4071 4072 4073 
9385 4758 4757 4759 
9386 4061 4062 4063 
9387 3979 3981 5437 
9388 4065 4064 4066 
9389 4069 4070 4071 
9390 4063 4064 4065 
9391 4065 4066 4067 
9392 4063 4062 4064 
9393 4852 4643 4933 
9394 4569 4575 5359 
9395 4067 4068 4069 
9396 5558 3880 5559 
9397 5407 5409 5410 
9398 4874 4872 4875 
9399 5106 4700 5290 
9400 4061 4060 4062 
9401 5477 5478 5479 
9402 4648 4646 4793 
9403 4049 4050 4051 
9404 4543 4600 5701 
9405 4569 4567 4575 
9406 4189 4206 5600 
9407 4059 4058 4060 
9408 4093 4017 5439 
9409 3987 3989 5366 
9410 5768 3898 6229 
9411 4099 4100 4123 
9412 4017 4018 4099 
9413 4260 4262 5393 
9414 5369 5370 5371 
9415 399 398 3923 
9416 431 430 3924 
9417 4057 4056 4058 
9418 4499 4516 4517 
9419 3981 3983 4095 
9420 4005 4006 4009 
9421 5282 4788 5283 
9422 5081 4803 5421 
9423 4756 4755 4757 
9424 5453 4824 5455 
9425 4055 4076 5569 
9426 4435 5313 5452 
9427 4361 4362 4597 
9428 413 3934 5856 
9429 4009 4010 4011 
9430 4821 4770 4822 
9431 4514 4852 5670 
9432 4669 4668 4693 
9433 3899 5348 6233 
9434 4216 4221 4228 
9435 3981 4095 5437 
9436 4465 4464 4467 
9437 5599 4294 5775 
9438 4047 4048 4049 
9439 4835 4846 4847 
9440 4045 4046 4047 
9441 4055 4054 4056 
9442 5182 5241 5730 
9443 4011 4012 4017 
9444 4426 4664 5399 
9445 4472 4471 4487 
9446 4488 4487 4620 
9447 4852 5272 5670 
9448 3963 3964 3965 
9449 3930 402 5404 
9450 4754 4753 4755 
9451 5186 4825 5187 
9452 4970 5617 5700 
9453 5484 5482 5491 
9454 4787 5465 5689 
9455 4043 4044 4045 
9456 4459 5249 5400 
9457 5391 5390 5595 
9458 4840 4848 5555 
9459 4419 4421 4422 
9460 3932 407 5477 
9461 4514 4515 4643 
9462 5671 5693 5739 
9463 5485 5484 5486 
9464 4798 4860 5582 
9465 4705 4775 4938 
9466 4887 4668 5343 
9467 5555 4848 5556 
9468 3884 403 5427 
9469 4752 4751 4753 
9470 4354 4353 4355 
9471 424 3880 5558 
9472 5624 5430 5625 
9473 3998 4000 5727 
9474 4780 5073 5074 
9475 422 3931 5492 
9476 4528 5605 5606 
9477 5333 5332 5334 
9478 4517 4704 4922 
9479 5373 5374 5375 
9480 4655 4640 5467 
9481 3985 3987 4881 
9482 4598 4813 4814 
9483 4053 4052 4054 
9484 4565 4563 4571 
9485 4495 4501 4631 
9486 5282 5283 5284 
9487 5523 5524 5529 
9488 4357 4355 4359 
9489 5335 5334 5336 
9490 5337 5336 5338 
9491 5004 5006 5642 
9492 3989 3991 4005 
9493 4361 4597 4598 
9494 4760 4761 4762 
9495 3883 5306 5307 
9496 5283 5447 5448 
9497 4112 4116 4117 
9498 3925 5308 5309 
9499 4287 4830 5734 
9500 5071 4974 5072 
9501 402 403 3884 
9502 426 427 3883 
9503 4450 4288 5547 
9504 4514 4643 4852 
9505 4770 4762 5405 
9506 4573 4572 4646 
9507 401 400 3890 
9508 429 428 3889 
9509 4359 4355 5699 
9510 4600 5615 5701 
9511 4758 4759 4760 
9512 4089 4081 5411 
9513 4824 4753 5458 
9514 5644 5645 5646 
9515 4750 4749 4751 
9516 5539 4687 5542 
9517 4586 4585 4588 
9518 4088 4260 4613 
9519 4847 5036 5084 
9520 5273 4934 5274 
9521 4328 4329 4334 
9522 4677 4676 4680 
9523 4471 4468 5518 
9524 4334 4335 4443 
9525 4195 4210 4216 
9526 4638 4637 4838 
9527 4593 4592 4595 
9528 4492 4494 4496 
9529 4664 4665 4788 
9530 435 434 5298 
9531 5186 3897 6117 
9532 5464 5463 5700 
9533 5100 4977 5519 
9534 5207 5206 5208 
9535 3959 3958 3960 
9536 4568 4567 4569 
9537 3880 5492 5562 
9538 5602 5603 5605 
9539 4404 4403 4406 
9540 4664 4788 5282 
9541 4115 5411 5412 
9542 4576 4549 5523 
9543 4710 4708 5573 
9544 3965 3966 3967 
9545 5582 4860 5583 
9546 4891 4694 4892 
9547 4110 4111 4112 
9548 4756 4757 4758 
9549 4852 4933 4934 
9550 4570 4569 4572 
9551 4576 5523 5529 
9552 4445 4491 5468 
9553 5032 4844 5101 
9554 4124 4128 4195 
9555 4212 4161 5634 
9556 399 400 5300 
9557 4149 4151 5650 
9558 4755 4824 5453 
9559 5109 4775 5110 
9560 4851 5539 5540 
9561 4748 4747 4749 
9562 4402 4400 4403 
9563 5373 5375 5916 
9564 4561 4579 5413 
9565 4256 4253 4486 
9566 5344 5343 5345 
9567 4692 4691 4802 
9568 4461 4459 5400 
9569 4559 4557 5737 
9570 4442 4513 4514 
9571 4470 4468 4471 
9572 4851 4689 5539 
9573 5384 5382 5387 
9574 4754 4755 4756 
9575 4361 4598 5682 
9576 4611 4140 5367 
9577 5414 5416 5418 
9578 4636 4635 4637 
9579 5548 4185 5600 
9580 4830 5227 5734 
9581 4410 4248 5607 
9582 4899 4900 5278 
9583 4426 4663 4664 
9584 4352 4351 4353 
9585 4127 3977 5433 
9586 5693 4605 5739 
9587 4455 4456 4495 
9588 4993 4994 6000 
9589 4678 4486 4817 
9590 4752 4753 4754 
9591 4623 4621 4624 
9592 5285 5286 6086 
9593 4106 4110 5618 
9594 4262 4266 5393 
9595 5413 4579 5414 
9596 5444 4077 5445 
9597 4676 4673 5752 
9598 4833 5155 5156 
9599 4566 4565 4567 
9600 5006 5008 5122 
9601 5730 4249 5911 
9602 4288 4282 5547 
9603 4463 4461 4464 
9604 4240 4241 4253 
9605 4585 4478 5358 
9606 4161 4163 5634 
9607 5445 4077 5476 
9608 4780 4761 4791 
9609 5499 5513 6204 
9610 5581 4800 5582 
9611 4822 4770 5405 
9612 4746 4745 4747 
9613 4567 4565 5423 
9614 4561 4559 4579 
9615 5369 3889 5370 
9616 4422 4423 4424 
9617 4521 4410 5607 
9618 4117 4121 4124 
9619 4051 4050 4052 
9620 4817 4896 4899 
9621 4667 4625 4668 
9622 4358 4357 5682 
9623 5346 5345 5347 
9624 5434 5433 5435 
9625 5550 5623 5714 
9626 429 430 5301 
9627 412 411 5522 
9628 4353 4351 4890 
9629 5188 5187 5189 
9630 5073 4791 5075 
9631 5273 5274 5275 
9632 5570 4853 5571 
9633 5609 5121 5610 
9634 4782 5121 5609 
9635 398 397 5353 
9636 4750 4751 4752 
9637 5571 4380 6240 
9638 4361 4359 4362 
9639 4789 4958 5078 
9640 4281 4284 4286 
9641 4613 5394 5395 
9642 4788 4789 5447 
9643 4878 4476 4985 
9644 4687 4685 5542 
9645 403 402 3930 
9646 427 426 3929 
9647 5602 4781 5603 
9648 4904 5143 5144 
9649 4399 4398 4400 
9650 4425 4359 5699 
9651 4867 4941 5040 
9652 4635 4596 5532 
9653 411 3881 5522 
9654 5157 4834 5158 
9655 4254 4369 4454 
9656 4369 4442 5670 
9657 4979 5175 5726 
9658 5477 3879 5478 
9659 6061 5103 6075 
9660 4336 4296 5599 
9661 4013 4379 5668 
9662 5494 3931 5698 
9663 4759 4757 4811 
9664 4934 4933 5450 
9665 5571 4853 5572 
9666 4349 4518 5449 
9667 4353 4890 5699 
9668 4776 4853 5570 
9669 4752 4754 5563 
9670 4045 4044 4046 
9671 4356 4357 4358 
9672 4829 4800 5581 
9673 5650 5646 5651 
9674 5072 5463 5464 
9675 4744 4743 4745 
9676 4584 4478 4585 
9677 5111 5126 5535 
9678 4240 4253 4256 
9679 4350 4349 4351 
9680 4689 4687 5539 
9681 5274 4934 5450 
9682 4523 4781 5602 
9683 4047 4046 4048 
9684 401 402 5365 
9685 4095 3983 5342 
9686 4049 4048 4050 
9687 4254 4454 5517 
9688 432 431 5357 
9689 4748 4749 4750 
9690 4278 4280 4281 
9691 420 3895 5698 
9692 4813 4597 4859 
9693 4664 5282 5399 
9694 5646 5645 5647 
9695 4253 4254 5517 
9696 4591 4589 4592 
9697 5603 4781 5604 
9698 4699 4681 4700 
9699 4974 4971 5463 
9700 4842 5111 5360 
9701 4529 4528 5606 
9702 5682 4862 5772 
9703 3889 428 5372 
9704 4598 4862 5682 
9705 4387 4140 4388 
9706 5560 5702 6237 
9707 4755 4753 4824 
9708 5899 4785 5927 
9709 4564 4563 4565 
9710 4746 4747 4748 
9711 430 429 5368 
9712 4256 4486 4678 
9713 4801 4511 4841 
9714 4498 4215 5617 
9715 5623 5621 5714 
9716 4079 4043 5390 
9717 3961 3960 3962 
9718 4742 4741 4743 
9719 5317 5315 5318 
9720 4492 4496 5792 
9721 4557 4555 4582 
9722 3977 3979 5433 
9723 4675 4673 4676 
9724 4858 5426 5536 
9725 4634 4596 4635 
9726 4562 4561 4563 
9727 4986 4985 5193 
9728 4459 4458 5249 
9729 4074 4073 4081 
9730 4992 4974 5071 
9731 4212 5635 5879 
9732 4088 4259 4260 
9733 4609 5038 5628 
9734 4800 4798 5582 
9735 4202 4203 4214 
9736 4243 4236 4475 
9737 4115 4089 5411 
9738 3934 412 5522 
9739 4678 4817 4954 
9740 4296 4294 5599 
9741 4671 4656 4672 
9742 5283 4788 5447 
9743 4196 4190 4197 
9744 4744 4745 4746 
9745 5261 5816 5877 
9746 4043 4042 4044 
9747 4428 4430 4915 
9748 4970 4819 5617 
9749 4048 5620 5875 
9750 5463 4970 5700 
9751 5498 5494 5698 
9752 4926 5229 5230 
9753 4354 4355 4356 
9754 4189 4186 4190 
9755 4560 4559 4561 
9756 4202 4201 4203 
9757 4423 4421 5426 
9758 4126 4125 4129 
9759 4819 4498 5617 
9760 4539 4537 5681 
9761 4648 4793 4842 
9762 4097 4096 4119 
9763 4092 4091 4096 
9764 4514 4513 4515 
9765 4791 4761 5721 
9766 4100 4102 5462 
9767 4370 5632 5633 
9768 4549 4547 5523 
9769 5470 5472 5474 
9770 4751 4749 4849 
9771 4231 4235 4240 
9772 4742 4743 4744 
9773 4589 4588 5440 
9774 4120 4119 4125 
9775 4651 4505 4792 
9776 5690 5236 6137 
9777 4200 4201 4202 
9778 4245 4373 4374 
9779 4759 4811 5721 
9780 424 425 3925 
9781 404 405 3926 
9782 406 3879 5477 
9783 4396 4394 4398 
9784 4851 5541 5697 
9785 402 401 5404 
9786 4614 4695 5667 
9787 5462 4599 5877 
9788 4276 4277 4278 
9789 5435 5438 6285 
9790 4370 4165 5631 
9791 4740 4739 4741 
9792 4348 4347 4349 
9793 4433 4431 4434 
9794 4349 4347 4518 
9795 4558 4557 4559 
9796 3880 423 5492 
9797 5486 5484 5491 
9798 5187 4825 5752 
9799 4706 4851 5697 
9800 4899 4896 4900 
9801 4183 4185 5548 
9802 4432 4435 4436 
9803 5559 3880 5562 
9804 4654 4640 4655 
9805 4102 4104 4599 
9806 4189 4190 4196 
9807 4664 4663 4665 
9808 4008 3998 5727 
9809 5658 5834 5924 
9810 4876 5127 5128 
9811 4817 4486 4896 
9812 5153 4879 5244 
9813 4370 5631 5632 
9814 4185 4184 4186 
9815 4874 4875 4876 
9816 4082 4081 4089 
9817 5474 5472 5475 
9818 4049 4051 5476 
9819 4090 4089 4091 
9820 4185 4186 4189 
9821 5371 5370 5916 
9822 4253 4241 4254 
9823 4788 4665 4789 
9824 4685 4659 4888 
9825 5577 5574 5637 
9826 5320 5318 5322 
9827 4458 4679 5249 
9828 4339 4337 5546 
9829 4822 5407 5408 
9830 4197 4200 5598 
9831 3999 3997 5686 
9832 6007 5811 6272 
9833 4424 4477 4478 
9834 4740 4741 4742 
9835 5414 5415 5416 
9836 5175 5100 5176 
9837 5493 5495 5497 
9838 3983 3985 5342 
9839 4556 4555 4557 
9840 4602 4450 4603 
9841 4393 4392 4394 
9842 4738 4740 5574 
9843 4994 5319 6084 
9844 5493 5494 5495 
9845 425 424 5558 
9846 4702 5358 5451 
9847 3932 5479 5480 
9848 3952 437 6149 
9849 4429 4123 4885 
9850 424 423 3880 
9851 406 405 3879 
9852 4051 4053 4255 
9853 5058 4702 5451 
9854 4041 4042 4043 
9855 3878 5652 5653 
9856 5239 4401 5907 
9857 5033 4196 5598 
9858 4249 3965 5921 
9859 5493 3931 5494 
9860 4695 5043 5044 
9861 4205 4209 4447 
9862 4857 4840 5555 
9863 5634 5633 5635 
9864 4979 5100 5175 
9865 4104 4106 5618 
9866 3967 3968 3969 
9867 4473 4332 5585 
9868 5604 5607 5795 
9869 5467 5430 5624 
9870 4130 4129 5763 
9871 4747 4745 4889 
9872 4742 4785 5637 
9873 4106 4108 4110 
9874 3963 3962 3964 
9875 4877 4942 5242 
9876 4655 5467 5624 
9877 4580 4532 4581 
9878 3929 426 5424 
9879 4977 4912 5519 
9880 4183 4184 4185 
9881 5600 4206 5601 
9882 4346 4345 4347 
9883 4838 5430 5467 
9884 5228 4925 5235 
9885 4580 4581 4650 
9886 4194 4130 5763 
9887 4047 4049 4077 
9888 5663 4931 5664 
9889 5680 4883 5712 
9890 5608 4784 5609 
9891 4588 4703 5440 
9892 5390 5443 5595 
9893 4554 4553 4555 
9894 4232 4214 4236 
9895 5008 5009 5830 
9896 4740 4742 5637 
9897 5584 4860 5608 
9898 4738 4739 4740 
9899 4604 4603 4705 
9900 4695 5044 5667 
9901 4769 4762 4770 
9902 4880 5154 5270 
9903 4784 4782 5609 
9904 4973 4971 4974 
9905 5003 4827 5004 
9906 5583 4860 5584 
9907 4979 4977 5100 
9908 4649 4451 5135 
9909 5560 5561 5702 
9910 4573 4646 4648 
9911 4005 3991 4006 
9912 4702 4585 5358 
9913 4163 4370 5634 
9914 5767 5038 5796 
9915 4787 4705 5465 
9916 4242 4236 4243 
9917 4738 4737 4739 
9918 4196 4197 5598 
9919 5482 5480 5641 
9920 4350 4351 4352 
9921 5394 5393 5887 
9922 4051 4255 5476 
9923 4778 4776 5570 
9924 4134 4132 5679 
9925 5476 4255 5630 
9926 4200 4199 4201 
9927 4551 4549 4576 
9928 4552 4551 4553 
9929 4442 4514 5670 
9930 4969 4819 4970 
9931 4606 4845 4882 
9932 4820 4770 4821 
9933 5121 4778 5570 
9934 5183 5017 6012 
9935 403 404 5427 
9936 5072 4974 5463 
9937 4240 4235 4241 
9938 4582 5469 5470 
9939 4197 4199 4200 
9940 5416 5417 5419 
9941 4436 4439 4440 
9942 408 3932 5481 
9943 4915 4430 5533 
9944 4213 4015 5668 
9945 5076 4791 5721 
9946 4555 4553 5469 
9947 4826 4503 4827 
9948 4706 4689 4851 
9949 408 407 3932 
9950 4644 4497 4645 
9951 4389 4388 4390 
9952 5572 4853 5573 
9953 4553 4551 5728 
9954 4781 4521 5607 
9955 4528 5602 5605 
9956 4838 5429 5430 
9957 4262 4263 4264 
9958 5272 4934 5273 
9959 5330 5332 5333 
9960 5183 4979 5726 
9961 5604 4781 5607 
9962 4352 4353 4354 
9963 4251 4243 4252 
9964 4344 4343 4345 
9965 5556 4848 5557 
9966 4448 4213 5200 
9967 4440 4458 4459 
9968 4343 4341 4510 
9969 4077 4049 5476 
9970 422 421 3931 
9971 4853 4710 5573 
9972 5644 5646 5650 
9973 4903 4821 5104 
9974 5672 5674 5675 
9975 4545 4543 5701 
9976 4906 5431 5432 
9977 4547 4601 5523 
9978 4596 4595 5532 
9979 4468 4467 5518 
9980 4206 4196 5033 
9981 4003 3999 5686 
9982 4547 4545 4601 
9983 4912 4910 4913 
9984 4391 4390 4392 
9985 4586 4588 4589 
9986 4088 4613 5422 
9987 5644 4211 5645 
9988 4581 4532 5606 
9989 4550 4549 4551 
9990 5524 5526 5527 
9991 4912 4913 5519 
9992 3971 3972 3973 
9993 4532 4529 5606 
9994 4151 5644 5650 
9995 5485 5486 5487 
9996 4041 4043 4079 
9997 5487 5486 5488 
9998 4009 4006 4010 
9999 3965 3964 3966 
10000 4525 4523 5602 
10001 4437 4434 4438 
10002 4183 4182 4184 
10003 5523 4601 5524 
10004 5044 5045 5639 
10005 4867 5040 5611 
10006 4528 4525 5602 
10007 5519 4913 5688 
10008 5553 4857 5555 
10009 3935 5655 5656 
10010 4575 4567 5423 
10011 4260 4261 4262 
10012 4216 4228 5885 
10013 5215 5098 6130 
10014 5940 5118 6025 
10015 4290 4288 4450 
10016 5549 5548 5551 
10017 4347 4345 5516 
10018 4379 4003 5686 
10019 5656 4854 6239 
10020 3969 3970 3971 
10021 5150 5008 5830 
10022 4593 4595 4596 
10023 4491 4446 4492 
10024 5032 5101 5102 
10025 4997 5014 5112 
10026 4342 4341 4343 
10027 4883 5034 5712 
10028 4079 5390 5391 
10029 4548 4547 4549 
10030 4913 5553 5554 
10031 4796 4784 5608 
10032 4584 4585 4586 
10033 3882 5661 5662 
10034 4264 4265 4267 
10035 5505 5503 5506 
10036 5621 4179 5714 
10037 4465 4467 4468 
10038 5564 5563 5565 
10039 4591 4592 4593 
10040 4370 5633 5634 
10041 5695 5696 5719 
10042 4496 4494 4497 
10043 4272 4274 4276 
10044 4011 4010 4012 
10045 4348 4349 4350 
10046 4355 4353 5699 
10047 4541 4539 5586 
10048 4860 4796 5608 
10049 4600 5586 5587 
10050 3935 5656 5660 
10051 4736 4737 4738 
10052 5470 5471 5472 
10053 4910 4857 5553 
10054 3935 5654 5655 
10055 4341 4339 5545 
10056 5444 5445 5446 
10057 4267 4268 4279 
10058 4776 4710 4853 
10059 4099 4018 4100 
10060 4543 4541 4600 
10061 4017 4012 4018 
10062 4908 4787 5689 
10063 4741 4739 4771 
10064 4768 4738 5574 
10065 4782 4778 5121 
10066 4840 4829 4848 
10067 5598 4200 5612 
10068 407 406 5477 
10069 4546 4545 4547 
10070 4862 4814 4863 
10071 4179 4180 4181 
10072 5251 5187 5752 
10073 4445 4438 4446 
10074 4340 4339 4341 
10075 4177 4179 5621 
10076 4566 4567 4568 
10077 4849 4749 5741 
10078 5356 4952 5914 
10079 4055 4057 4076 
10080 4527 4525 4528 
10081 4337 4332 4473 
10082 423 422 5492 
10083 420 419 3895 
10084 411 410 3881 
10085 4978 4977 4979 
10086 4226 4183 5548 
10087 4882 4845 4990 
10088 4220 5767 5796 
10089 4332 4325 5585 
10090 4013 4003 4379 
10091 4181 4182 4183 
10092 5667 5044 5886 
10093 5501 5490 5507 
10094 4570 4572 4573 
10095 3882 5662 5663 
10096 5578 5979 5985 
10097 5524 5525 5526 
10098 4463 4464 4465 
10099 4638 4838 5467 
10100 4883 4650 4999 
10101 4578 4535 5680 
10102 4862 4864 5772 
10103 4523 4521 4781 
10104 5495 5494 5496 
10105 5551 5548 5600 
10106 4848 4829 5581 
10107 5545 4339 5546 
10108 4764 4752 5563 
10109 5333 5334 5335 
10110 5335 5336 5337 
10111 5140 4804 5141 
10112 5574 4740 5637 
10113 4346 4347 4348 
10114 5590 5593 5594 
10115 5512 5511 5513 
10116 4960 4908 4965 
10117 4255 4053 5569 
10118 5575 5574 5577 
10119 4913 4910 5553 
10120 4600 4541 5586 
10121 5096 5095 5097 
10122 422 423 5652 
10123 4298 4296 4336 
10124 4798 4796 4860 
10125 4747 4889 5741 
10126 4338 4337 4339 
10127 3931 421 5698 
10128 5097 5095 5328 
10129 4470 4471 4472 
10130 4568 4569 4570 
10131 5226 5084 6057 
10132 4153 4211 5644 
10133 4071 4073 4074 
10134 349 5221 6252 
10135 4251 4252 5690 
10136 4636 4637 4638 
10137 4623 4624 4625 
10138 4015 4013 5668 
10139 4019 4015 4213 
10140 5259 5258 5260 
10141 4720 4718 5147 
10142 4533 4532 4580 
10143 4362 4425 4426 
10144 4736 4735 4737 
10145 4041 4079 5709 
10146 4488 4620 4621 
10147 4858 4423 5426 
10148 4202 4214 4232 
10149 4088 4072 4259 
10150 4472 4487 4488 
10151 5587 5586 5588 
10152 4537 4535 4578 
10153 5337 5338 5339 
10154 5414 4579 5415 
10155 5510 5509 5511 
10156 4325 4322 4474 
10157 4976 4912 4977 
10158 4202 4232 5612 
10159 4775 4603 5441 
10160 5589 5588 5590 
10161 5072 5464 5968 
10162 4582 4555 5469 
10163 5590 5592 5593 
10164 5257 5255 5258 
10165 4079 5392 5709 
10166 4968 5691 5732 
10167 5587 5588 5589 
10168 4560 4561 4562 
10169 5722 4027 5725 
10170 5110 5441 5442 
10171 4544 4543 4545 
10172 4533 4580 5680 
10173 4580 4883 5680 
10174 5587 5589 5591 
10175 4197 4198 4199 
10176 4059 4061 4258 
10177 4701 4886 4966 
10178 4380 5571 6235 
10179 4562 4563 4564 
10180 4792 4505 5801 
10181 4200 4202 5612 
10182 4165 4167 5631 
10183 5671 5672 5693 
10184 3878 422 5652 
10185 4344 4345 4346 
10186 4556 4557 4558 
10187 4564 4565 4566 
10188 5547 4282 5799 
10189 4558 4559 4560 
10190 5252 5625 6173 
10191 4067 4069 4367 
10192 4531 4529 4532 
10193 4851 5540 5541 
10194 413 412 3934 
10195 4181 4183 4226 
10196 4325 4474 5585 
10197 4305 4303 4366 
10198 4554 4555 4556 
10199 4189 4196 4206 
10200 4634 4635 4636 
10201 4226 5548 5549 
10202 4631 4501 4632 
10203 5094 5093 5095 
10204 4455 4420 4456 
10205 4578 5680 5712 
10206 4911 4910 4912 
10207 4909 4857 4910 
10208 4138 4136 4140 
10209 4080 4035 5665 
10210 4973 4974 4992 
10211 419 3935 5660 
10212 418 419 5660 
10213 5563 4754 5684 
10214 5508 5505 5509 
10215 418 417 3933 
10216 5096 5097 5098 
10217 4552 4553 4554 
10218 4333 4332 4337 
10219 4833 5156 5792 
10220 4734 4735 4736 
10221 4037 4039 4371 
10222 4510 4341 5545 
10223 4426 4662 4663 
10224 5622 5621 5623 
10225 4203 4204 4205 
10226 393 392 5770 
10227 5304 5303 5305 
10228 4969 4970 4971 
10229 4177 4178 4179 
10230 4163 4165 4370 
10231 4232 4236 4242 
10232 5029 6151 6155 
10233 4342 4343 4344 
10234 3882 417 5661 
10235 5524 4601 5525 
10236 4542 4541 4543 
10237 5044 5043 5045 
10238 4132 4130 4194 
10239 4000 4606 5727 
10240 4550 4551 4552 
10241 5093 5090 5289 
10242 4356 4358 5694 
10243 4181 4180 4182 
10244 4181 4226 5714 
10245 4032 5695 5740 
10246 4736 4738 4768 
10247 418 5660 5661 
10248 4063 4065 4075 
10249 5665 4371 5666 
10250 4147 4149 4193 
10251 5047 4987 6097 
10252 4179 4181 5714 
10253 5460 4849 5741 
10254 4856 4840 4857 
10255 4326 4325 4332 
10256 4323 4322 4325 
10257 4242 4243 4251 
10258 4179 4178 4180 
10259 4580 4650 4883 
10260 5586 4539 5681 
10261 5758 5176 6171 
10262 5526 5525 5528 
10263 5640 4734 5720 
10264 4037 4371 5665 
10265 5092 5090 5093 
10266 4219 4230 4231 
10267 5228 3891 6074 
10268 5020 4964 5025 
10269 4546 4547 4548 
10270 5212 5865 6060 
10271 4357 4361 5682 
10272 5094 5095 5096 
10273 4548 4549 4550 
10274 5671 4233 5672 
10275 5504 5503 5505 
10276 4978 4979 5183 
10277 4371 4039 5709 
10278 4167 4217 5631 
10279 5186 5188 6152 
10280 4669 4693 4694 
10281 5445 5476 5630 
10282 5470 5469 5471 
10283 4518 4347 5516 
10284 5374 5424 5425 
10285 4223 5621 5622 
10286 4768 5574 5575 
10287 4839 4829 4840 
10288 5416 5415 5417 
10289 4186 4184 5537 
10290 4864 4863 4865 
10291 4742 4744 4785 
10292 4540 4539 4541 
10293 4023 4233 5671 
10294 421 420 5698 
10295 4205 4208 4209 
10296 4321 4320 4322 
10297 5481 5480 5482 
10298 4223 4177 5621 
10299 4340 4341 4342 
10300 5590 5588 5592 
10301 4060 4058 5520 
10302 5281 5820 6246 
10303 4828 4800 4829 
10304 4887 5344 5705 
10305 5742 4786 6263 
10306 4318 4316 4412 
10307 4151 4153 5644 
10308 4054 5579 5643 
10309 4197 4190 4198 
10310 4852 4934 5272 
10311 4040 4087 5683 
10312 4254 4368 4369 
10313 5510 5511 5512 
10314 4736 4768 5720 
10315 4734 4733 4735 
10316 4750 4752 4764 
10317 4338 4339 4340 
10318 5502 5501 5503 
10319 5209 5211 5212 
10320 5303 5302 5742 
10321 4531 4532 4533 
10322 4058 4056 4084 
10323 4720 5147 5148 
10324 4732 4734 5640 
10325 4035 4037 5665 
10326 5483 5482 5484 
10327 5677 5725 5740 
10328 5092 5093 5094 
10329 4527 4528 4529 
10330 4167 4169 4217 
10331 4209 4218 4219 
10332 4064 4062 4083 
10333 4708 4706 5697 
10334 4799 4798 4800 
10335 417 418 5661 
10336 4544 4545 4546 
10337 4965 4908 5689 
10338 4054 4052 5579 
10339 409 3937 5657 
10340 3937 410 5658 
10341 413 3936 5659 
10342 5557 4848 5581 
10343 4789 4836 4958 
10344 4057 4059 5616 
10345 4654 4655 4656 
10346 3967 3966 3968 
10347 4609 4940 5038 
10348 5459 4849 5460 
10349 4746 4748 4772 
10350 4535 4533 5680 
10351 3935 420 5654 
10352 420 421 5654 
10353 409 410 3937 
10354 419 420 3935 
10355 411 412 3896 
10356 413 414 3936 
10357 416 417 3882 
10358 5672 5673 5674 
10359 4173 4177 4223 
10360 3973 3974 3975 
10361 5699 4890 5851 
10362 4756 4758 4763 
10363 5089 5088 5090 
10364 408 409 5657 
10365 410 411 5658 
10366 412 413 5659 
10367 5489 5487 5490 
10368 5576 5578 5985 
10369 4913 5554 5688 
10370 4958 5160 5161 
10371 5500 5490 5501 
10372 4032 4033 5695 
10373 4883 4999 5034 
10374 4042 4040 5683 
10375 5327 5195 6256 
10376 4019 4213 4448 
10377 4732 4733 4734 
10378 4734 4736 5720 
10379 4866 4865 4867 
10380 4538 4537 4539 
10381 411 3896 5658 
10382 3896 412 5659 
10383 5089 5090 5092 
10384 4952 5356 5925 
10385 4312 4310 4381 
10386 4153 4155 4211 
10387 4730 4732 4767 
10388 4797 4796 4798 
10389 4184 4182 4187 
10390 5508 5509 5510 
10391 5550 5549 5552 
10392 4699 4700 4701 
10393 4281 4287 5734 
10394 4760 4762 4769 
10395 5695 4080 5696 
10396 4333 4337 4338 
10397 4159 4161 4212 
10398 4542 4543 4544 
10399 4671 4672 4673 
10400 4021 4023 5671 
10401 5275 5274 5706 
10402 421 3878 5654 
10403 4023 4025 4233 
10404 5472 5471 5473 
10405 4040 4038 4087 
10406 4976 4977 4978 
10407 4039 4041 5709 
10408 4844 4842 5360 
10409 4767 4732 5640 
10410 4069 4071 5613 
10411 4606 4607 4845 
10412 4678 4954 4955 
10413 4735 4733 4953 
10414 6171 5176 6184 
10415 4036 4034 4372 
10416 5496 5498 5499 
10417 4795 4784 4796 
10418 4854 5656 6197 
10419 5946 4765 5953 
10420 4909 4910 4911 
10421 4110 4108 4111 
10422 4988 5047 5048 
10423 3877 408 5657 
10424 4902 4987 4988 
10425 4184 4187 5537 
10426 5379 4422 5784 
10427 4319 4318 4320 
10428 5678 5677 5740 
10429 4226 5550 5714 
10430 4369 4441 4442 
10431 4244 4245 5544 
10432 4173 4174 4177 
10433 4856 4857 4909 
10434 5062 5024 5067 
10435 4323 4325 4326 
10436 4203 4201 4204 
10437 4033 4080 5695 
10438 4029 4031 4032 
10439 4891 4892 4893 
10440 4326 4332 4333 
10441 4677 4680 4681 
10442 4761 4759 5721 
10443 4046 4044 4086 
10444 3975 3976 3977 
10445 4616 6204 6270 
10446 4783 4782 4784 
10447 4321 4322 4323 
10448 4911 4912 4976 
10449 5454 5453 5455 
10450 4070 4068 4078 
10451 4536 4535 4537 
10452 5504 5505 5508 
10453 407 408 3877 
10454 421 422 3878 
10455 416 415 3876 
10456 4540 4541 4542 
10457 4025 4027 5722 
10458 4060 5520 5638 
10459 4724 4765 5685 
10460 4199 4609 5628 
10461 4033 4035 4080 
10462 5207 5208 5209 
10463 4442 4512 4513 
10464 4231 4234 4235 
10465 4048 4046 5620 
10466 4667 4668 4669 
10467 4415 5448 6163 
10468 5297 4499 5845 
10469 4061 4063 5627 
10470 4495 4456 4501 
10471 4724 4726 4765 
10472 3992 4376 5636 
10473 4818 4498 4819 
10474 3977 3978 3979 
10475 4074 4081 4082 
10476 4418 4279 4895 
10477 5087 5088 5089 
10478 4839 4840 4856 
10479 5672 5675 5693 
10480 4448 5200 5203 
10481 3979 3980 3981 
10482 4828 4829 4839 
10483 4065 4067 5619 
10484 4041 4040 4042 
10485 4039 4040 4041 
10486 4768 5576 5720 
10487 4052 4050 4085 
10488 4177 4174 4178 
10489 4385 4484 4618 
10490 5485 5487 5489 
10491 5254 4610 5255 
10492 4722 4724 5685 
10493 5087 5089 5117 
10494 4799 4800 4828 
10495 4675 4676 4677 
10496 4076 4057 5616 
10497 5087 5086 5088 
10498 4071 4074 5613 
10499 4290 4450 4602 
10500 4534 4533 4535 
10501 4112 4111 4116 
10502 4816 5069 5113 
10503 4602 4603 4604 
10504 3981 3982 3983 
10505 5502 5503 5504 
10506 5576 5575 5578 
10507 4538 4539 4540 
10508 4070 4078 5614 
10509 3922 5830 5976 
10510 4226 5549 5550 
10511 4975 5226 6091 
10512 4732 4731 4733 
10513 4039 4038 4040 
10514 4924 4922 5131 
10515 3985 3986 3987 
10516 4319 4320 4321 
10517 3983 3984 3985 
10518 4079 5391 5392 
10519 4785 4744 5669 
10520 4730 4731 4732 
10521 4779 4778 4782 
10522 4000 4002 4606 
10523 4429 4885 5794 
10524 4598 4814 4862 
10525 4171 4172 4173 
10526 4797 4798 4799 
10527 4480 4251 5690 
10528 4029 4032 5725 
10529 4092 4096 4097 
10530 4769 4770 4820 
10531 4893 4901 4902 
10532 5145 3941 5932 
10533 5033 5598 5832 
10534 5380 5102 6054 
10535 4037 4038 4039 
10536 5189 5251 5252 
10537 3987 3988 3989 
10538 4082 4089 4090 
10539 5500 5501 5502 
10540 4731 4729 4946 
10541 4317 4316 4318 
10542 4367 4069 5613 
10543 5489 5490 5500 
10544 4090 4091 4092 
10545 4059 4258 5616 
10546 5588 5586 5681 
10547 4744 4746 5669 
10548 5528 5525 5615 
10549 4292 4989 5804 
10550 3932 5480 5481 
10551 4771 4739 5793 
10552 4820 4821 4903 
10553 5212 5211 5213 
10554 5086 5066 5091 
10555 4173 4172 4174 
10556 4601 4545 5701 
10557 4530 4529 4531 
10558 5606 5605 5892 
10559 4032 4031 4033 
10560 3989 3990 3991 
10561 4536 4537 4538 
10562 5592 5588 5681 
10563 4795 4796 4797 
10564 4384 4929 5801 
10565 4097 4119 4120 
10566 4618 4641 4642 
10567 4172 4170 4377 
10568 5496 5494 5498 
10569 4746 4772 5669 
10570 4520 4410 4521 
10571 4604 4705 4787 
10572 5054 5052 5056 
10573 5481 5482 5483 
10574 5683 5091 5964 
10575 5677 5722 5725 
10576 4720 5148 5692 
10577 4727 4725 4774 
10578 5012 5151 5152 
10579 4717 4716 4718 
10580 4328 4286 4329 
10581 3928 5303 5304 
10582 4768 5575 5576 
10583 4378 4251 4480 
10584 4046 4086 5620 
10585 4037 4036 4038 
10586 4728 4729 4730 
10587 4719 4718 4720 
10588 5672 4233 5673 
10589 4035 4036 4037 
10590 4783 4784 4795 
10591 4178 4174 4188 
10592 4777 4776 4778 
10593 4730 4729 4731 
10594 4258 4061 5627 
10595 4169 4170 4171 
10596 5674 5673 5676 
10597 4531 4533 4534 
10598 4434 4431 5794 
10599 4067 4367 5619 
10600 4711 4710 4776 
10601 4317 4318 4319 
10602 4903 5104 5138 
10603 4799 4828 4931 
10604 4723 4721 4766 
10605 4362 4359 4425 
10606 5645 4211 5648 
10607 4120 4125 4126 
10608 4534 4535 4536 
10609 5014 5015 5037 
10610 5708 5597 6126 
10611 4990 4845 5629 
10612 4199 4198 4609 
10613 4166 4164 5708 
10614 400 399 5762 
10615 4526 4525 4527 
10616 4033 4034 4035 
10617 4052 4085 5579 
10618 5709 5392 5844 
10619 5038 4940 5039 
10620 4138 4140 4387 
10621 5374 3929 5424 
10622 4201 4199 5628 
10623 4171 4170 4172 
10624 4035 4034 4036 
10625 4014 4016 5739 
10626 4764 5563 5564 
10627 3990 3988 5761 
10628 5132 5131 5253 
10629 4126 4129 4130 
10630 4175 4143 5051 
10631 4321 4323 4330 
10632 4058 4084 5520 
10633 5498 3895 5891 
10634 4409 4519 4614 
10635 4167 4168 4169 
10636 5502 5504 5515 
10637 5085 5086 5087 
10638 4715 4481 4716 
10639 4728 4727 4729 
10640 4538 4540 4574 
10641 4333 4338 4363 
10642 4033 4031 4034 
10643 4779 4782 4783 
10644 5579 4085 5580 
10645 3992 3994 4376 
10646 3937 5658 5924 
10647 4544 4546 4608 
10648 4380 5610 6240 
10649 4292 4302 4989 
10650 4997 4998 5014 
10651 4342 4344 4364 
10652 4614 4661 4695 
10653 4583 4478 4584 
10654 4075 4065 5619 
10655 4016 4020 4021 
10656 5665 5666 5807 
10657 4228 4221 4229 
10658 4237 4229 4238 
10659 5213 5214 5215 
10660 4063 4075 5627 
10661 5370 3889 5372 
10662 4315 4314 4316 
10663 4856 4909 5222 
10664 4233 4025 5722 
10665 4534 4536 4577 
10666 5170 4945 5171 
10667 4315 4317 4327 
10668 5362 5361 5363 
10669 4968 4819 4969 
10670 4021 5671 5739 
10671 4117 4116 4121 
10672 4726 4727 4728 
10673 5525 4601 5701 
10674 4186 5537 5751 
10675 3971 3970 3972 
10676 3969 3968 3970 
10677 4169 4168 4170 
10678 4029 4030 4031 
10679 4028 4026 4113 
10680 4515 4682 4683 
10681 4783 4795 4854 
10682 4522 4521 4523 
10683 5561 5497 6177 
10684 4548 4550 4616 
10685 4754 4756 5684 
10686 5110 4775 5441 
10687 4845 4607 5046 
10688 4426 4425 4662 
10689 5063 5065 5115 
10690 4168 4166 4191 
10691 4231 4230 4234 
10692 4348 4350 4360 
10693 5075 4791 5076 
10694 4260 4259 4261 
10695 4315 4316 4317 
10696 5280 5192 6136 
10697 4709 4708 4710 
10698 4749 4747 5741 
10699 4756 4763 5684 
10700 5051 4143 5747 
10701 4605 4014 5739 
10702 5269 4835 5866 
10703 4524 4523 4525 
10704 5362 5363 5364 
10705 4205 4204 4208 
10706 5348 5346 5864 
10707 4972 4971 4973 
10708 4590 4589 4591 
10709 5615 5525 5701 
10710 4174 4172 5703 
10711 4946 4729 5754 
10712 4027 4029 5725 
10713 4845 5046 5629 
10714 4527 4529 4530 
10715 4695 5018 5043 
10716 5085 5066 5086 
10717 4663 4662 4927 
10718 4172 4377 5703 
10719 4167 4166 4168 
10720 4707 4706 4708 
10721 4165 4166 4167 
10722 4027 4028 4029 
10723 4606 4002 4607 
10724 4029 4028 4030 
10725 4789 4665 4836 
10726 4209 4208 4218 
10727 4313 4312 4314 
10728 4198 4190 5751 
10729 4190 4186 5751 
10730 4717 4718 4719 
10731 4727 4774 5754 
10732 3995 3993 4408 
10733 4777 4778 4779 
10734 4995 4996 4997 
10735 5377 4696 6031 
10736 4004 4014 4605 
10737 4552 4554 4626 
10738 4016 4019 4020 
10739 4839 4856 5711 
10740 4219 4218 4230 
10741 5520 4084 5521 
10742 5209 5210 5211 
10743 5676 5677 5678 
10744 4242 4251 4378 
10745 4719 4720 4721 
10746 4254 4241 4368 
10747 4188 4174 5703 
10748 4001 3999 4003 
10749 4726 4725 4727 
10750 5869 4921 5882 
10751 4721 4720 5692 
10752 4606 4882 5727 
10753 4690 4689 4706 
10754 4195 4128 4210 
10755 4766 4721 5692 
10756 4025 4026 4027 
10757 4973 4992 5704 
10758 4686 4685 4687 
10759 4311 4313 4380 
10760 4556 4558 4628 
10761 4724 4725 4726 
10762 4123 4100 5462 
10763 4022 4020 4114 
10764 4613 5395 5422 
10765 4715 4716 4717 
10766 4722 5685 5755 
10767 4925 4858 5536 
10768 5213 5211 5214 
10769 4688 4687 4689 
10770 4216 4210 4221 
10771 5676 5673 5677 
10772 4100 4101 4102 
10773 4311 4310 4312 
10774 4729 4727 5754 
10775 4719 4721 4722 
10776 4027 4026 4028 
10777 5770 5134 5945 
10778 4828 4839 5710 
10779 4271 4930 5799 
10780 4825 4676 5752 
10781 4640 4638 5467 
10782 4014 4015 4016 
10783 5696 4080 5807 
10784 4023 4024 4025 
10785 5235 5536 5872 
10786 4313 4314 4315 
10787 3890 400 5762 
10788 4192 5475 6089 
10789 3924 5873 5954 
10790 5065 5064 5066 
10791 4772 4748 5765 
10792 5017 5120 6012 
10793 5473 5471 5596 
10794 4660 4659 4685 
10795 5065 5066 5085 
10796 4715 4717 4921 
10797 4750 4764 5765 
10798 4377 4170 5715 
10799 3934 5500 5856 
10800 4722 4723 4724 
10801 4711 4776 4777 
10802 4948 4950 4983 
10803 4378 4480 4481 
10804 5209 5208 5210 
10805 4983 4984 4995 
10806 5617 4215 5791 
10807 4411 4135 5781 
10808 4191 4166 5708 
10809 5141 4804 5861 
10810 4075 6016 6055 
10811 3996 3998 4008 
10812 4524 4525 4526 
10813 4658 4657 4659 
10814 4016 4015 4019 
10815 4124 4121 4128 
10816 4958 4836 5160 
10817 4135 4137 5781 
10818 4021 4022 4023 
10819 4025 4024 4026 
10820 4579 4559 5737 
10821 4014 4013 4015 
10822 5666 4371 5844 
10823 4546 4548 5713 
10824 4856 5222 5711 
10825 4109 4107 4215 
10826 4724 4723 4725 
10827 4917 4594 4919 
10828 5628 5038 5767 
10829 4722 4721 4723 
10830 4663 4927 5760 
10831 4004 4003 4013 
10832 5014 4998 5015 
10833 4311 4312 4313 
10834 4378 4481 4714 
10835 4633 4596 4634 
10836 4931 4828 5710 
10837 4869 4871 4947 
10838 4112 4118 5944 
10839 4165 4164 4166 
10840 4021 4020 4022 
10841 4520 4521 4522 
10842 4023 4022 4024 
10843 4354 4356 4365 
10844 4683 4980 4981 
10845 4642 4943 4944 
10846 5725 4032 5740 
10847 4163 4164 4165 
10848 4652 4651 4657 
10849 4591 4593 5779 
10850 4609 4939 4940 
10851 4818 4819 4968 
10852 4170 4168 5715 
10853 4460 4459 4461 
10854 4709 4710 4711 
10855 4162 4160 4192 
10856 4062 4060 5638 
10857 5339 6098 6285 
10858 4870 4868 4872 
10859 4485 4386 4505 
10860 5693 5675 5857 
10861 4607 4002 4914 
10862 3973 3972 3974 
10863 4956 4919 5105 
10864 4843 4842 4844 
10865 4969 4971 4972 
10866 4004 4013 4014 
10867 4717 4719 5755 
10868 4792 5801 5802 
10869 5456 4824 5458 
10870 4522 4523 4524 
10871 4072 4070 5614 
10872 4386 4384 5801 
10873 4168 4191 5715 
10874 4028 4113 5717 
10875 4714 4481 4715 
10876 5710 4839 5711 
10877 4030 4028 5717 
10878 4522 4524 4861 
10879 4308 4307 4310 
10880 4114 4020 5756 
10881 4608 4546 5713 
10882 4830 5149 5227 
10883 4262 4261 4263 
10884 4276 4274 4277 
10885 4019 4448 5756 
10886 4448 5203 5204 
10887 4109 4239 4612 
10888 4158 4156 4382 
10889 5063 5064 5065 
10890 4550 4552 5718 
10891 5417 5415 5538 
10892 4997 4996 4998 
10893 4506 4505 4651 
10894 5071 5072 5744 
10895 5469 4553 5728 
10896 4639 4638 4640 
10897 5063 5062 5064 
10898 3993 3990 5761 
10899 5566 5564 5567 
10900 4235 4234 4247 
10901 4507 4837 5184 
10902 4873 4872 4874 
10903 4016 4021 5739 
10904 4137 4139 4141 
10905 4809 4806 4905 
10906 4358 5682 5772 
10907 4548 4616 5713 
10908 5673 4233 5722 
10909 4739 4737 5793 
10910 3918 393 5770 
10911 4308 4310 4311 
10912 4239 4215 4498 
10913 4001 4003 4004 
10914 4862 4863 4864 
10915 4161 4162 4163 
10916 4056 4054 5643 
10917 4232 4242 5757 
10918 4163 4162 4164 
10919 4921 4717 5755 
10920 5099 4949 5164 
10921 4424 4478 4583 
10922 4763 4758 5785 
10923 5612 4232 5757 
10924 4469 4468 4470 
10925 4614 4519 4661 
10926 4609 4198 4939 
10927 4304 4306 4324 
10928 4365 4356 5694 
10929 5197 3948 6295 
10930 4707 4708 4709 
10931 4599 5618 6093 
10932 4711 4777 5057 
10933 4275 4273 4282 
10934 5015 4998 5016 
10935 4369 4368 4441 
10936 4242 4378 5757 
10937 5801 4929 5802 
10938 5375 5374 5868 
10939 4748 4750 5765 
10940 4387 4388 4389 
10941 4306 4305 4307 
10942 4854 5662 6239 
10943 4735 4953 5825 
10944 5257 5258 5259 
10945 4020 4019 5756 
10946 5021 5023 5108 
10947 4507 4498 4818 
10948 4519 4410 4520 
10949 5607 4248 5795 
10950 4462 4461 4463 
10951 5675 5148 6090 
10952 4273 4271 5799 
10953 4159 4160 4161 
10954 4107 4105 5791 
10955 4204 4201 5628 
10956 4264 4263 4265 
10957 4409 4248 4410 
10958 4133 4135 4411 
10959 4304 4303 4305 
10960 4616 4550 5718 
10961 4562 4564 4629 
10962 4247 4234 4248 
10963 5783 4247 5803 
10964 4157 4158 4159 
10965 4760 4769 5785 
10966 4002 4001 5764 
10967 4218 4208 4220 
10968 4939 4198 5751 
10969 4972 4973 5070 
10970 4152 4150 5735 
10971 4690 4706 4707 
10972 5175 5176 5758 
10973 5259 5260 5261 
10974 4161 4160 4162 
10975 4515 4513 4682 
10976 4554 4556 5724 
10977 4000 4001 4002 
10978 5061 5062 5063 
10979 5015 5016 5017 
10980 5618 4110 5944 
10981 4707 4709 4794 
10982 4155 4156 4157 
10983 4293 4291 4294 
10984 4586 4589 4590 
10985 4154 4152 4176 
10986 4972 5070 5236 
10987 4006 3991 5636 
10988 4695 4661 5018 
10989 4995 4984 4996 
10990 5604 5795 5822 
10991 5221 5003 6011 
10992 4492 4493 4494 
10993 4552 4626 5718 
10994 4442 4441 4512 
10995 4566 4568 4684 
10996 4306 4307 4308 
10997 4301 4300 4303 
10998 3991 3990 3992 
10999 5677 5673 5722 
11000 4448 5204 5756 
11001 5017 5016 5120 
11002 5446 4743 6160 
11003 4159 4158 4160 
11004 5471 5469 5728 
11005 3987 3986 3988 
11006 3989 3988 3990 
11007 4175 5051 5052 
11008 5074 5073 5981 
11009 4399 4400 4402 
11010 4102 4103 4104 
11011 4449 4434 5794 
11012 4153 4154 4155 
11013 5061 5024 5062 
11014 4520 4522 5733 
11015 4688 4689 4690 
11016 4281 4280 4284 
11017 4989 4302 5103 
11018 5018 4661 5026 
11019 4001 4004 5764 
11020 4402 4403 4404 
11021 3985 3984 3986 
11022 4864 4865 4866 
11023 4719 4722 5755 
11024 4247 4248 4409 
11025 4289 4288 4290 
11026 4297 4296 4298 
11027 369 370 5748 
11028 4109 4215 4239 
11029 4409 4410 4519 
11030 4996 4984 5035 
11031 367 368 5749 
11032 4686 4687 4688 
11033 3983 3982 3984 
11034 4622 4621 4623 
11035 4953 4733 5836 
11036 3981 3980 3982 
11037 4000 3999 4001 
11038 4151 4152 4153 
11039 4299 4298 4300 
11040 4157 4156 4158 
11041 4295 4294 4296 
11042 3975 3974 3976 
11043 3979 3978 3980 
11044 4105 4413 5791 
11045 5184 4837 5185 
11046 4463 4465 5808 
11047 4267 4265 4268 
11048 270 269 3885 
11049 365 366 3886 
11050 5357 3924 5954 
11051 3998 3999 4000 
11052 3977 3976 3978 
11053 4868 4867 5611 
11054 4283 4282 4288 
11055 4304 4305 4306 
11056 4660 4685 4686 
11057 4764 5566 5765 
11058 5070 4973 5704 
11059 5160 4836 5162 
11060 5103 5777 6075 
11061 5013 5855 5859 
11062 4376 3994 5736 
11063 4142 4144 4145 
11064 5023 5022 5024 
11065 4278 4277 4280 
11066 4239 4498 4507 
11067 4626 4554 5724 
11068 4234 4230 5795 
11069 4378 4714 5757 
11070 4556 4628 5724 
11071 5021 5020 5022 
11072 4507 4818 4837 
11073 4149 4150 4151 
11074 368 369 3913 
11075 273 272 3914 
11076 4109 4612 5729 
11077 4764 5564 5566 
11078 272 271 5750 
11079 5577 5637 5899 
11080 4983 4950 4984 
11081 271 270 5746 
11082 4816 5113 5800 
11083 4907 4787 4908 
11084 4384 4285 4929 
11085 4375 4246 4804 
11086 4155 4154 4156 
11087 4583 4584 4587 
11088 6012 3877 6020 
11089 4593 4596 4633 
11090 4108 4107 4109 
11091 3991 3992 5636 
11092 3998 3997 3999 
11093 4731 4946 5836 
11094 276 275 3888 
11095 371 372 3887 
11096 4248 4234 5795 
11097 4914 4002 5764 
11098 4961 4960 4962 
11099 4593 4633 5779 
11100 4927 4662 4932 
11101 4961 4963 5082 
11102 4301 4303 4304 
11103 4244 4238 4245 
11104 4658 4659 4660 
11105 4959 4908 4960 
11106 4670 4656 4671 
11107 4653 4640 4654 
11108 3996 3997 3998 
11109 4496 4833 5792 
11110 4147 4148 4149 
11111 4758 4760 5785 
11112 4393 4394 4396 
11113 4106 4107 4108 
11114 5105 4919 5871 
11115 4570 4573 4713 
11116 4104 4105 4106 
11117 5596 5471 5728 
11118 5023 5024 5061 
11119 4431 4429 5794 
11120 4012 4010 4630 
11121 5189 5187 5251 
11122 4590 4591 4594 
11123 4418 4895 5821 
11124 4080 5665 5807 
11125 5019 4964 5020 
11126 4153 4152 4154 
11127 5067 5024 6002 
11128 5091 5683 5984 
11129 4666 4625 4667 
11130 4963 4962 4964 
11131 362 363 3912 
11132 267 266 3911 
11133 4648 4842 4843 
11134 4456 4420 5821 
11135 5018 5026 5133 
11136 4396 4398 4399 
11137 4457 4691 4692 
11138 4686 4688 4894 
11139 4409 4614 5803 
11140 4652 4657 4658 
11141 4297 4299 4309 
11142 372 373 5759 
11143 4145 4146 4147 
11144 4148 4146 4407 
11145 4389 4390 4391 
11146 5474 5475 6041 
11147 5597 5530 6126 
11148 3996 4008 5736 
11149 4917 4919 4956 
11150 4105 4103 4413 
11151 4241 4235 5783 
11152 4936 4844 5032 
11153 4947 4871 4948 
11154 5415 4579 5737 
11155 4951 4804 5140 
11156 3996 3995 3997 
11157 4106 4105 4107 
11158 5235 4925 5536 
11159 4294 4291 5775 
11160 4151 4150 4152 
11161 4271 4269 4930 
11162 4665 4663 5760 
11163 423 424 5867 
11164 4522 4861 5733 
11165 3994 3995 3996 
11166 4517 4922 4924 
11167 5793 4737 5825 
11168 5021 5022 5023 
11169 4299 4300 4301 
11170 4137 4138 4139 
11171 4769 4820 4898 
11172 4102 4101 4103 
11173 5096 6112 6122 
11174 5687 5059 5738 
11175 3895 5514 5891 
11176 4636 4638 4639 
11177 433 3907 6001 
11178 4441 4368 5030 
11179 4004 4605 5764 
11180 278 277 3939 
11181 373 374 3938 
11182 4391 4392 4393 
11183 5164 4949 5782 
11184 4674 4673 4675 
11185 5475 4192 6080 
11186 5030 5783 5803 
11187 4135 4136 4137 
11188 4100 4018 4101 
11189 3992 3993 3994 
11190 3956 3921 5177 
11191 4368 4241 5783 
11192 4297 4298 4299 
11193 359 360 3891 
11194 264 263 3892 
11195 4295 4296 4297 
11196 5578 5977 5979 
11197 3994 3993 3995 
11198 4149 4148 4150 
11199 5019 5020 5021 
11200 3992 3990 3993 
11201 4440 4459 4460 
11202 4506 4651 4652 
11203 4374 4373 4508 
11204 4385 4618 5859 
11205 5042 4966 5173 
11206 4872 4868 5611 
11207 4604 4787 4907 
11208 4408 3993 5761 
11209 4956 5105 5159 
11210 4235 4247 5783 
11211 4111 4108 5729 
11212 5222 4909 5834 
11213 4866 4867 4868 
11214 4919 4594 5779 
11215 5012 5152 5817 
11216 4176 4152 5735 
11217 4885 4123 5462 
11218 4084 4056 5643 
11219 4259 4072 5614 
11220 4293 4294 4295 
11221 4142 4139 4143 
11222 5774 5599 5775 
11223 4289 4291 4292 
11224 4618 4484 4641 
11225 4658 4660 4823 
11226 4713 5371 5951 
11227 4590 4594 4916 
11228 4583 4587 5001 
11229 4633 4634 4920 
11230 4104 4103 4105 
11231 3986 3984 4415 
11232 4916 4917 4918 
11233 4289 4290 4291 
11234 4810 4694 4891 
11235 4147 4146 4148 
11236 4847 5084 5226 
11237 4082 4090 4414 
11238 4769 4898 5785 
11239 4108 4109 5729 
11240 4950 4949 5099 
11241 3898 6038 6229 
11242 4485 4505 4506 
11243 5335 5337 5340 
11244 4961 4962 4963 
11245 4963 4964 5019 
11246 4334 4329 4335 
11247 4465 4468 4469 
11248 4215 4107 5791 
11249 5001 4587 5002 
11250 5055 5054 5146 
11251 4698 4681 4699 
11252 4959 4960 4961 
11253 5538 5415 5737 
11254 4283 4288 4289 
11255 4083 4062 5638 
11256 4737 4735 5825 
11257 4948 4949 4950 
11258 4292 4293 4302 
11259 4133 4134 4135 
11260 4145 4144 4146 
11261 5619 4367 5963 
11262 4275 4283 4615 
11263 4144 4143 4175 
11264 5053 5052 5054 
11265 4683 4682 4980 
11266 5129 5128 5169 
11267 4092 4097 4098 
11268 5612 5757 5832 
11269 4275 4282 4283 
11270 5236 5070 6137 
11271 4916 4594 4917 
11272 4443 4335 4452 
11273 4141 4139 4142 
11274 4520 5733 5743 
11275 4907 4908 4959 
11276 4238 4229 5861 
11277 262 261 3940 
11278 357 358 3941 
11279 4268 4270 5716 
11280 4175 5052 5053 
11281 5855 4383 5859 
11282 3969 4227 5961 
11283 4292 4291 4293 
11284 4137 4136 4138 
11285 5370 5373 5916 
11286 5651 5646 5933 
11287 376 377 3897 
11288 281 280 3898 
11289 4438 4434 4449 
11290 3982 3980 4007 
11291 4465 4469 5808 
11292 4924 5131 5132 
11293 4279 4268 5716 
11294 4519 4520 5743 
11295 4470 4472 4490 
11296 5293 5224 5942 
11297 5757 4714 5832 
11298 4135 4134 4136 
11299 4639 4640 4653 
11300 4948 4871 4949 
11301 4142 4143 4144 
11302 4836 4665 5760 
11303 4274 4273 4275 
11304 4870 4872 4873 
11305 4488 4621 4622 
11306 4639 4653 4812 
11307 5016 4998 5753 
11308 4492 4446 4493 
11309 5053 5054 5055 
11310 4802 5281 5421 
11311 4460 4461 4462 
11312 4998 4996 5753 
11313 5171 4945 5806 
11314 4654 4656 4670 
11315 5378 5225 5943 
11316 5180 5110 5936 
11317 3994 3996 5736 
11318 4303 4300 5884 
11319 5500 5502 5856 
11320 4584 4586 5780 
11321 4980 4682 4982 
11322 4133 4132 4134 
11323 5438 5339 6285 
11324 4137 4141 5781 
11325 4505 4386 5801 
11326 5033 5869 5882 
11327 4812 5029 5107 
11328 5610 4380 6250 
11329 4869 4870 4871 
11330 5256 5255 5257 
11331 5237 3922 6273 
11332 4542 4544 5863 
11333 5077 5163 6161 
11334 4284 4285 4383 
11335 4984 4950 5745 
11336 4506 4652 4786 
11337 5873 5369 5948 
11338 5079 4803 5081 
11339 4462 4463 4466 
11340 4131 4130 4132 
11341 3904 5220 6125 
11342 5816 4885 5877 
11343 4509 4508 4805 
11344 4113 4026 5865 
11345 4873 4874 5181 
11346 5669 4772 5895 
11347 4272 4273 4274 
11348 377 378 5769 
11349 5096 5098 6112 
11350 4420 4418 5821 
11351 4422 4424 5784 
11352 4587 4584 5780 
11353 4671 4673 4674 
11354 4329 4286 5855 
11355 5030 4368 5783 
11356 4996 5035 5753 
11357 4103 4101 5771 
11358 4214 5293 5942 
11359 4126 4130 4131 
11360 5166 4815 5167 
11361 4623 4625 4666 
11362 3964 3962 4427 
11363 4594 4591 5779 
11364 5026 4661 5743 
11365 282 281 5768 
11366 5289 4372 5998 
11367 4661 4519 5743 
11368 4121 4116 4122 
11369 4425 5699 5851 
11370 4497 4494 4610 
11371 5533 4436 5835 
11372 3978 3976 4453 
11373 4220 4208 5767 
11374 4218 4220 5822 
11375 4443 4452 5874 
11376 4484 4386 4485 
11377 353 354 5787 
11378 4131 4132 4133 
11379 4980 4982 5165 
11380 4843 4844 4936 
11381 4282 4273 5799 
11382 256 255 5788 
11383 4733 4731 5836 
11384 5598 5612 5832 
11385 5035 4984 5745 
11386 5226 6057 6091 
11387 4208 4204 5767 
11388 4950 5099 5745 
11389 5835 4696 5903 
11390 259 258 3899 
11391 354 355 3900 
11392 258 257 5789 
11393 4272 4271 4273 
11394 257 256 3944 
11395 352 353 3945 
11396 5162 4836 5760 
11397 4375 4804 4951 
11398 4929 4285 5846 
11399 351 352 5786 
11400 4230 4218 5822 
11401 255 254 3903 
11402 350 351 3904 
11403 3918 5770 5945 
11404 4586 4590 5780 
11405 4290 4602 5775 
11406 4642 4641 4943 
11407 4909 4911 5834 
11408 5038 5039 5796 
11409 4827 4503 5874 
11410 4460 4462 4696 
11411 4634 4636 5814 
11412 5268 4118 6297 
11413 4812 4653 5029 
11414 4246 4238 5861 
11415 4942 5327 5969 
11416 4674 4712 4816 
11417 355 356 5826 
11418 4698 4815 5031 
11419 4268 4269 4270 
11420 3974 3972 4094 
11421 4075 5619 6016 
11422 4677 4681 4698 
11423 4951 5140 5246 
11424 4669 4694 4810 
11425 4143 4139 5747 
11426 4869 4868 4870 
11427 4090 4092 5828 
11428 4816 5068 5069 
11429 4501 4456 4502 
11430 5012 5123 5151 
11431 4371 5709 5844 
11432 5545 5546 5841 
11433 4138 4387 5747 
11434 378 379 3943 
11435 283 282 3942 
11436 5055 5362 5881 
11437 4666 5011 5012 
11438 4204 5628 5767 
11439 4383 4285 4384 
11440 254 253 5790 
11441 4451 4244 5544 
11442 5735 4150 5778 
11443 4050 4048 5875 
11444 4372 5289 5999 
11445 3913 369 5748 
11446 4385 4386 4484 
11447 4270 4271 4272 
11448 5254 5255 5256 
11449 4263 4261 4416 
11450 4385 4384 4386 
11451 4191 6126 6133 
11452 4662 4425 5851 
11453 4074 4082 5833 
11454 4573 4648 5840 
11455 5552 5970 5974 
11456 4810 5000 5172 
11457 268 267 5837 
11458 5533 5835 5903 
11459 4502 4456 5821 
11460 5060 4945 5170 
11461 4895 4279 5716 
11462 4843 4936 4937 
11463 5632 5899 5927 
11464 4139 4138 5747 
11465 368 3913 5749 
11466 5613 4074 5833 
11467 5259 5261 5262 
11468 4602 4604 5774 
11469 5013 5326 5940 
11470 4424 4583 5784 
11471 5312 5379 5850 
11472 4291 4290 5775 
11473 4622 4623 5817 
11474 4715 4921 5869 
11475 4413 4103 5771 
11476 6146 5031 6279 
11477 4699 4701 5848 
11478 4670 4671 5800 
11479 5662 4854 6275 
11480 4866 4868 4869 
11481 4890 5449 6077 
11482 4018 4012 5829 
11483 270 3885 5746 
11484 4920 4634 5814 
11485 3901 5357 6009 
11486 3968 3966 4225 
11487 5195 5837 6256 
11488 5531 5333 5843 
11489 4383 4384 4385 
11490 3914 272 5750 
11491 5915 5685 5946 
11492 5795 4230 5822 
11493 4674 4675 4712 
11494 4324 5572 6207 
11495 271 5746 5750 
11496 4666 4667 5011 
11497 4268 4265 4269 
11498 284 283 5809 
11499 4389 4391 4619 
11500 5854 5101 6120 
11501 4692 4802 4803 
11502 4221 4210 4222 
11503 4701 4966 5042 
11504 3960 3958 4850 
11505 4270 4269 4271 
11506 5389 5243 5969 
11507 4404 4406 4504 
11508 379 380 5810 
11509 5603 5604 5934 
11510 3939 5323 6219 
11511 4876 5128 5129 
11512 4284 4280 4285 
11513 4375 4951 4952 
11514 436 3917 6149 
11515 4148 4407 5778 
11516 4247 4409 5803 
11517 5860 4619 5894 
11518 5794 4885 5816 
11519 5012 5011 5123 
11520 3887 372 5759 
11521 4393 4396 4397 
11522 4275 4615 5766 
11523 4816 4712 5068 
11524 4943 4641 4945 
11525 4150 4148 5778 
11526 4101 4018 5829 
11527 4191 5708 6126 
11528 4526 4527 5896 
11529 4698 4699 4815 
11530 5089 5092 5898 
11531 3937 5924 5967 
11532 5103 4302 5777 
11533 4590 4916 5780 
11534 5534 4094 6069 
11535 5873 4937 5954 
11536 4407 4146 5773 
11537 286 285 5811 
11538 4920 5814 5876 
11539 4012 4630 5829 
11540 4144 4175 5773 
11541 4943 4945 5060 
11542 4146 4144 5773 
11543 5004 5642 6011 
11544 380 381 3905 
11545 285 284 3906 
11546 4302 4293 5776 
11547 4293 4295 5776 
11548 4636 4639 5814 
11549 383 384 5813 
11550 385 386 5815 
11551 4401 4398 6033 
11552 4436 4440 5835 
11553 253 252 5798 
11554 382 383 3946 
11555 287 286 3947 
11556 4466 4463 5808 
11557 4713 4573 5840 
11558 4030 5328 5994 
11559 4810 4891 5000 
11560 373 3938 5759 
11561 288 287 5812 
11562 4274 4275 5766 
11563 4092 4098 5828 
11564 4604 4907 5774 
11565 384 385 3909 
11566 289 288 3910 
11567 261 260 5864 
11568 5031 4815 5166 
11569 4648 4843 5840 
11570 4587 5780 5870 
11571 5610 4327 6248 
11572 4938 5109 5965 
11573 4995 4997 5930 
11574 5129 5174 5245 
11575 4583 5001 5784 
11576 4472 4488 5838 
11577 4772 5765 5858 
11578 4924 5132 5168 
11579 5694 4358 5959 
11580 4414 4090 5828 
11581 4871 4870 5782 
11582 4219 5378 5943 
11583 4447 4209 5943 
11584 5033 5832 5869 
11585 4803 4802 5421 
11586 4671 4674 5800 
11587 4082 4414 5833 
11588 4236 4214 5942 
11589 4949 4871 5782 
11590 4623 4666 5817 
11591 5374 5425 5868 
11592 4449 5794 5816 
11593 4175 5053 5773 
11594 5056 5052 5894 
11595 4446 4438 5839 
11596 5013 4329 5855 
11597 3986 4415 5827 
11598 4277 4274 5766 
11599 4373 4246 4375 
11600 5062 5067 5919 
11601 4930 4269 5824 
11602 5601 4206 5882 
11603 3988 3986 5827 
11604 4605 5693 5857 
11605 4026 4024 5865 
11606 4805 4991 5723 
11607 4602 5774 5775 
11608 5771 4101 5829 
11609 4289 4292 5804 
11610 4245 4246 4373 
11611 5761 3988 5827 
11612 5051 5860 5894 
11613 267 3911 5837 
11614 3966 3964 5805 
11615 5102 5101 5854 
11616 4653 4654 5818 
11617 4932 4662 5851 
11618 252 251 3916 
11619 347 348 3915 
11620 4869 4947 5888 
11621 5669 5895 5927 
11622 4639 4812 5814 
11623 5333 5335 5843 
11624 6132 5715 6133 
11625 5368 5369 5873 
11626 4499 4517 5845 
11627 4440 4460 5835 
11628 4835 4847 5866 
11629 4804 4246 5861 
11630 4654 4670 5818 
11631 5119 5461 6273 
11632 4870 4873 5782 
11633 5652 423 5867 
11634 6105 5107 6155 
11635 5448 4415 6164 
11636 4701 5042 5848 
11637 5030 5667 5886 
11638 4615 4283 5804 
11639 4402 4404 4405 
11640 5094 6122 6131 
11641 4675 4677 5847 
11642 5181 4874 5819 
11643 4283 4289 5804 
11644 4302 5776 5777 
11645 4336 5599 5922 
11646 4245 4238 4246 
11647 5502 5515 5856 
11648 4286 4284 5855 
11649 4785 5669 5927 
11650 5102 5854 6054 
11651 4667 4669 5849 
11652 4874 4876 5819 
11653 4408 5761 5842 
11654 5129 5169 5174 
11655 4490 4472 5838 
11656 5167 4815 5848 
11657 4484 4485 5806 
11658 4544 4608 5863 
11659 4806 4805 5723 
11660 4707 4794 5897 
11661 4914 5764 5857 
11662 4503 4443 5874 
11663 5335 5340 5843 
11664 5118 4944 6222 
11665 4493 4446 5839 
11666 3962 3960 5797 
11667 5765 5566 5858 
11668 4488 4622 5838 
11669 5780 4916 5870 
11670 4902 4988 5182 
11671 5814 4812 5876 
11672 5011 4667 5849 
11673 5094 5096 6122 
11674 5267 5268 6297 
11675 5122 5008 5150 
11676 4674 4816 5800 
11677 5135 4451 5544 
11678 5051 5747 5860 
11679 4894 4688 5889 
11680 5779 4633 5871 
11681 4666 5012 5817 
11682 4712 4675 5847 
11683 5764 4605 5857 
11684 346 347 5853 
11685 251 250 5823 
11686 4438 4449 5839 
11687 5002 4587 5870 
11688 5065 5085 5913 
11689 4714 4715 5869 
11690 3897 377 5769 
11691 396 395 5960 
11692 5549 5551 5953 
11693 4991 4808 5010 
11694 4335 4329 5013 
11695 4460 4696 5835 
11696 5773 5053 5881 
11697 5715 4191 6133 
11698 5575 5577 5947 
11699 4893 5730 5911 
11700 5802 4929 5923 
11701 5686 3997 5935 
11702 4843 4937 5840 
11703 281 3898 5768 
11704 5029 4653 5818 
11705 4805 4808 4991 
11706 3947 5811 6007 
11707 5657 3937 5967 
11708 4265 4263 5824 
11709 4085 4050 5875 
11710 4633 4920 5871 
11711 4407 5773 5881 
11712 5288 6146 6279 
11713 386 387 5820 
11714 5747 4387 5860 
11715 6123 4377 6132 
11716 4629 4564 5908 
11717 4864 4866 5888 
11718 4512 5639 5931 
11719 5772 4864 5888 
11720 5402 5939 6018 
11721 3940 261 5864 
11722 5761 5827 5842 
11723 4566 4684 5908 
11724 4641 4484 5806 
11725 4327 5610 6250 
11726 4847 5226 5866 
11727 4517 4924 5845 
11728 4815 4699 5848 
11729 5009 5007 5027 
11730 4698 5031 5847 
11731 6165 4207 6206 
11732 4991 5010 5130 
11733 5605 5603 5962 
11734 5036 5124 6100 
11735 4677 4698 5847 
11736 5362 5364 5926 
11737 5091 5066 5950 
11738 3900 355 5826 
11739 3995 4408 5935 
11740 4441 5030 5886 
11741 4387 4389 5860 
11742 4810 5172 5849 
11743 5081 5421 6052 
11744 5703 6123 6129 
11745 4669 4810 5849 
11746 3945 353 5787 
11747 3944 256 5788 
11748 5288 5287 6147 
11749 5319 5324 6084 
11750 5381 4967 6180 
11751 5603 5934 5962 
11752 6151 5763 6155 
11753 5023 5061 5909 
11754 5653 5652 5997 
11755 3899 258 5789 
11756 4263 4416 5824 
11757 4916 4918 5870 
11758 4392 4395 6063 
11759 257 3944 5789 
11760 5166 4395 6279 
11761 352 3945 5786 
11762 250 249 3949 
11763 345 346 3948 
11764 5028 4905 5134 
11765 5073 5075 5971 
11766 3894 431 6053 
11767 4861 5479 6287 
11768 354 3900 5787 
11769 3942 282 5768 
11770 3904 351 5786 
11771 4284 4383 5855 
11772 4513 4512 5931 
11773 4206 5033 5882 
11774 3964 4427 5805 
11775 378 3943 5769 
11776 5832 4714 5869 
11777 255 3903 5788 
11778 5004 4827 5005 
11779 5694 5959 5995 
11780 4285 4280 5846 
11781 5393 4266 5887 
11782 5004 5005 5006 
11783 4269 4265 5824 
11784 4389 4619 5860 
11785 3903 254 5790 
11786 4891 4893 5911 
11787 4982 5931 5975 
11788 5334 4466 6290 
11789 4945 4641 5806 
11790 5516 4345 6008 
11791 4228 5297 5885 
11792 4212 5879 5917 
11793 5755 5685 5915 
11794 4225 3966 5805 
11795 6006 5636 6040 
11796 4919 5779 5871 
11797 4280 4277 5846 
11798 5635 5633 5895 
11799 4366 4303 5884 
11800 4042 5683 5964 
11801 4227 3971 6042 
11802 4805 4508 4808 
11803 5005 4827 5874 
11804 4670 5800 5878 
11805 4427 3962 5797 
11806 4375 4952 5880 
11807 5632 5631 5937 
11808 5834 4911 5924 
11809 5748 370 5910 
11810 5074 5981 5996 
11811 4574 5507 6076 
11812 371 3887 5910 
11813 3892 263 5893 
11814 5507 4574 6118 
11815 5403 5534 6069 
11816 5601 5915 5946 
11817 3888 5323 6232 
11818 5092 5094 6131 
11819 5148 5675 6286 
11820 280 279 5883 
11821 5800 5113 5878 
11822 4383 4385 5859 
11823 4581 5892 5905 
11824 4876 5129 5819 
11825 4277 5766 5846 
11826 5350 5056 6109 
11827 387 388 3919 
11828 292 291 3920 
11829 3943 379 5810 
11830 4504 4406 5900 
11831 4367 5613 5941 
11832 4688 4690 5889 
11833 4812 5107 5876 
11834 5566 5567 5879 
11835 283 3942 5809 
11836 3898 280 5883 
11837 4086 4044 5964 
11838 4406 4457 5900 
11839 262 3940 5893 
11840 5138 6247 6258 
11841 4506 4786 5901 
11842 6012 5120 6036 
11843 5986 5080 6054 
11844 263 262 5893 
11845 5499 5498 5891 
11846 4581 5606 5892 
11847 5323 3939 6232 
11848 5858 5566 5879 
11849 5053 5055 5881 
11850 5637 4785 5899 
11851 4885 5462 5877 
11852 4924 5168 5845 
11853 4377 5715 6132 
11854 4527 4530 5896 
11855 4898 4820 5928 
11856 5790 253 5798 
11857 5141 5861 5902 
11858 5171 5806 5901 
11859 4728 4730 5974 
11860 4171 4173 5979 
11861 5129 5245 5819 
11862 4217 4169 5977 
11863 3960 4850 5797 
11864 3906 284 5809 
11865 4765 4726 5970 
11866 5818 4670 5878 
11867 5328 5095 5998 
11868 4343 4510 6008 
11869 5320 3888 6083 
11870 5093 5289 5998 
11871 4786 5742 6265 
11872 380 3905 5810 
11873 4964 4962 5993 
11874 405 404 5992 
11875 6204 5513 6270 
11876 4690 4707 5897 
11877 5289 5090 5991 
11878 4373 4375 5880 
11879 4684 4568 5951 
11880 5079 5081 5137 
11881 5298 5380 6159 
11882 4457 4692 5900 
11883 5806 4485 5901 
11884 5402 5401 6069 
11885 5409 4098 6021 
11886 4508 4373 5880 
11887 4622 5817 5890 
11888 5009 5027 5119 
11889 5054 5056 5966 
11890 3947 286 5811 
11891 5461 4944 6013 
11892 5205 6077 6140 
11893 5117 5089 5898 
11894 4408 5842 6168 
11895 3975 4127 6072 
11896 3946 383 5813 
11897 4372 4034 5994 
11898 4087 4038 5999 
11899 4221 4222 5902 
11900 4512 4441 5886 
11901 5105 5871 5918 
11902 3909 385 5815 
11903 285 3906 5811 
11904 5086 5091 5984 
11905 5889 4690 5897 
11906 4036 4372 5999 
11907 4961 5082 5956 
11908 5163 5248 6085 
11909 4866 4869 5888 
11910 287 3947 5812 
11911 359 3891 5932 
11912 4501 4502 5912 
11913 5774 4907 5922 
11914 4650 4581 5905 
11915 3910 288 5812 
11916 5534 5041 6086 
11917 4530 4531 5988 
11918 5817 5152 5890 
11919 5720 5576 6003 
11920 384 3909 5813 
11921 4570 4713 5951 
11922 5165 4982 5904 
11923 5006 5007 5008 
11924 4650 5905 5920 
11925 5367 5679 6175 
11926 4564 4566 5908 
11927 4031 4030 5994 
11928 370 371 5910 
11929 3922 5976 6273 
11930 4118 4117 6297 
11931 5703 4377 6123 
11932 4300 4298 5973 
11933 5802 5923 5958 
11934 4952 4951 5914 
11935 4534 4577 5988 
11936 3941 358 5932 
11937 4982 4682 5931 
11938 4935 4803 5079 
11939 5583 4330 6243 
11940 4485 4506 5901 
11941 5117 6119 6135 
11942 5006 5005 5007 
11943 252 3916 5798 
11944 5188 5189 6068 
11945 5567 5649 5917 
11946 5657 5967 6020 
11947 4905 4806 5723 
11948 5907 4401 5982 
11949 5635 5858 5879 
11950 5686 5935 6281 
11951 4808 4508 5880 
11952 5052 5051 5894 
11953 4915 5533 5903 
11954 5956 5082 5973 
11955 4310 4307 6067 
11956 5419 5417 6041 
11957 4336 5922 5956 
11958 4903 5138 5906 
11959 4229 4221 5902 
11960 5108 5023 5909 
11961 5572 4324 6224 
11962 4692 4803 4935 
11963 5507 5490 6030 
11964 4259 5614 5952 
11965 5820 3919 6246 
11966 5838 4622 5890 
11967 6106 5115 6107 
11968 5858 5635 5895 
11969 5881 5362 5926 
11970 4632 4501 5912 
11971 4948 4983 5995 
11972 5551 5601 5946 
11973 5473 5597 6089 
11974 5042 5173 5907 
11975 4999 4650 5920 
11976 405 406 6023 
11977 4929 5846 5923 
11978 4129 4125 6105 
11979 5115 5065 5913 
11980 3965 3967 5921 
11981 5008 5007 5009 
11982 5631 4217 5937 
11983 4309 5540 6169 
11984 5619 5963 6016 
11985 5487 5488 6030 
11986 5815 386 5820 
11987 5064 5062 5919 
11988 5861 4229 5902 
11989 5841 5214 6291 
11990 4911 4976 5924 
11991 4772 5858 5895 
11992 5633 5632 5927 
11993 4651 4792 6061 
11994 5599 5774 5922 
11995 5921 3967 5961 
11996 3901 6009 6050 
11997 3916 251 5823 
11998 3907 5461 6013 
11999 4951 5246 5914 
12000 5577 5899 5937 
12001 4888 4659 6075 
12002 3902 5960 5983 
12003 4008 5727 6066 
12004 5229 5228 6074 
12005 4957 5270 5978 
12006 4416 4261 5952 
12007 3968 4225 5939 
12008 347 3915 5853 
12009 5073 5971 5981 
12010 5895 5633 5927 
12011 3877 5657 6020 
12012 5812 5139 6161 
12013 406 407 6036 
12014 5070 6078 6137 
12015 4921 5755 5915 
12016 5913 5085 6134 
12017 5931 5639 5975 
12018 5597 5708 6115 
12019 5822 4220 5934 
12020 4997 5112 5930 
12021 358 359 5932 
12022 5853 5642 6178 
12023 5283 5448 6141 
12024 5171 6182 6253 
12025 264 3892 5972 
12026 5550 5552 5987 
12027 5201 5202 6046 
12028 5000 4891 5911 
12029 6176 5890 6181 
12030 4935 5079 5080 
12031 5480 5479 6062 
12032 4907 4959 5922 
12033 4006 5636 6006 
12034 5899 5632 5937 
12035 4820 4903 5928 
12036 5804 4989 5958 
12037 5347 5385 6245 
12038 5646 5647 5933 
12039 5738 5059 6056 
12040 5448 5447 6163 
12041 5050 5186 6117 
12042 5893 3940 6245 
12043 4475 4236 5942 
12044 5846 5766 5923 
12045 4407 5881 5926 
12046 5110 5442 5936 
12047 5542 5543 6169 
12048 5064 5919 5950 
12049 5540 5539 6169 
12050 5147 4718 6070 
12051 3919 6052 6246 
12052 4983 4995 6019 
12053 5572 5573 6207 
12054 6035 5108 6058 
12055 4903 5906 5928 
12056 5191 6007 6272 
12057 5594 5593 5938 
12058 5871 4920 5918 
12059 5183 6012 6020 
12060 5744 4630 6006 
12061 4918 4917 6005 
12062 5219 5218 6049 
12063 4110 4112 5944 
12064 4366 6017 6035 
12065 3997 3995 5935 
12066 4630 4010 6006 
12067 5352 4619 6282 
12068 3948 346 5853 
12069 5519 5688 6189 
12070 6204 5718 6227 
12071 5906 5138 6258 
12072 5216 5217 6051 
12073 4382 4156 6034 
12074 5655 5654 6092 
12075 395 394 6145 
12076 5935 5161 6281 
12077 5778 4407 5926 
12078 3905 381 5955 
12079 5766 4615 5923 
12080 5777 4888 6075 
12081 5688 4364 6189 
12082 5475 5472 6089 
12083 5601 5882 5915 
12084 3885 269 6010 
12085 250 3949 5823 
12086 382 3946 5955 
12087 4692 4935 5900 
12088 4091 4115 6261 
12089 3878 5653 6092 
12090 5082 4963 6017 
12091 5021 5108 6035 
12092 343 344 5198 
12093 5556 4363 6214 
12094 4481 4480 6059 
12095 5286 5284 6141 
12096 4085 5875 6002 
12097 5697 5541 6207 
12098 5444 5446 6292 
12099 5732 4475 5929 
12100 4209 4219 5943 
12101 5909 5061 6095 
12102 4335 5013 5940 
12103 5486 5491 6096 
12104 5604 5822 5934 
12105 4944 4943 6013 
12106 6200 4608 6244 
12107 4366 5884 6017 
12108 4220 5796 5934 
12109 5078 4958 6168 
12110 4307 4305 6058 
12111 4682 4513 5931 
12112 4711 5057 6043 
12113 5014 5037 6081 
12114 4154 4176 6034 
12115 5578 5575 5947 
12116 5685 4765 5946 
12117 367 5749 6027 
12118 3970 3968 5939 
12119 4920 5876 5918 
12120 4743 4741 6160 
12121 3886 366 6027 
12122 5357 5954 6009 
12123 5506 5503 6118 
12124 5879 5567 5917 
12125 387 3919 5820 
12126 5625 5430 6208 
12127 5418 5416 6211 
12128 381 382 5955 
12129 5066 5064 5950 
12130 5117 5898 6119 
12131 4360 4350 6071 
12132 4022 4114 6060 
12133 6008 4510 6192 
12134 5501 5507 6118 
12135 4354 4365 6047 
12136 5787 3900 6213 
12137 4794 4709 6043 
12138 4213 5668 6283 
12139 4098 4097 6021 
12140 268 5837 6010 
12141 4538 4574 6076 
12142 5995 4983 6019 
12143 4412 4316 6107 
12144 5923 4615 5958 
12145 4188 5703 6129 
12146 5123 5011 6022 
12147 5934 5796 5962 
12148 4568 4570 5951 
12149 374 375 6068 
12150 4474 4322 6119 
12151 5888 4947 5959 
12152 360 361 6074 
12153 4577 4536 6076 
12154 4999 6039 6064 
12155 5552 5549 5953 
12156 5150 5197 6295 
12157 5589 5590 6124 
12158 5924 4976 5967 
12159 5221 6011 6252 
12160 4312 4381 6106 
12161 3902 396 5960 
12162 4066 4064 6199 
12163 5555 5556 6214 
12164 5176 5100 6189 
12165 5584 5608 6248 
12166 4542 5863 6179 
12167 5882 4921 5915 
12168 5863 4608 6200 
12169 248 247 5201 
12170 5063 5115 6095 
12171 4192 4160 6080 
12172 404 403 6156 
12173 5638 5520 6284 
12174 5922 4959 5956 
12175 4318 4412 6135 
12176 5255 4610 6028 
12177 5265 5432 6203 
12178 4261 4259 5952 
12179 389 390 5216 
12180 294 293 5218 
12181 275 274 6083 
12182 5034 4999 6064 
12183 5388 5389 5972 
12184 5570 5571 6240 
12185 5098 5841 6112 
12186 4610 4494 6028 
12187 5582 5583 6243 
12188 4187 4182 6101 
12189 4939 5751 6039 
12190 3945 5787 6100 
12191 5075 5076 5963 
12192 5048 6103 6280 
12193 5841 5546 6112 
12194 4131 4133 6099 
12195 5613 5833 5941 
12196 5087 5117 6134 
12197 4126 4131 6029 
12198 5867 5309 5997 
12199 5046 4607 6082 
12200 5610 5121 6240 
12201 5947 4217 5977 
12202 5926 5364 5980 
12203 5708 4164 6115 
12204 4178 4188 6114 
12205 5557 5581 6243 
12206 5952 5614 6111 
12207 5875 5067 6002 
12208 4255 5569 6128 
12209 5609 5610 6248 
12210 4452 4335 5940 
12211 4713 5840 5948 
12212 5120 5016 6094 
12213 4937 4936 5954 
12214 6114 4188 6124 
12215 5660 5656 6239 
12216 4158 4382 6080 
12217 6182 5310 6253 
12218 5953 4765 5970 
12219 5576 5985 6003 
12220 5627 4075 6055 
12221 5594 6101 6114 
12222 5505 5506 6200 
12223 5445 5630 6190 
12224 4991 5130 6044 
12225 5115 5913 6107 
12226 5874 4452 5957 
12227 5321 5320 6083 
12228 5005 5874 5957 
12229 5002 5870 5949 
12230 5027 5007 5957 
12231 4147 4193 6258 
12232 4094 5534 6079 
12233 5109 5180 6111 
12234 5884 5082 6017 
12235 5554 5553 6214 
12236 361 362 6116 
12237 3967 3969 5961 
12238 5250 5040 6048 
12239 5842 5078 6168 
12240 5865 4024 6060 
12241 4363 5556 6223 
12242 4696 4462 6031 
12243 4959 4961 5956 
12244 5623 5550 5987 
12245 5499 6204 6227 
12246 5111 5535 6296 
12247 5662 5661 6239 
12248 5639 5045 5975 
12249 4336 5956 5973 
12250 5466 4938 5965 
12251 5385 5893 6245 
12252 6032 3920 6271 
12253 4412 5913 6134 
12254 5772 5888 5959 
12255 5404 3890 5990 
12256 5007 5005 5957 
12257 4989 5103 6037 
12258 4360 6071 6081 
12259 5464 5771 5968 
12260 4162 4192 6115 
12261 274 273 6144 
12262 5771 5829 5968 
12263 4044 4042 5964 
12264 290 289 6085 
12265 4937 5873 5948 
12266 5840 4937 5948 
12267 5243 4942 5969 
12268 5870 4918 5949 
12269 5354 3902 5983 
12270 375 376 6152 
12271 5744 6006 6040 
12272 4364 4344 6184 
12273 4574 4540 6179 
12274 5018 5133 6102 
12275 5104 5408 6194 
12276 4094 3972 6065 
12277 6003 5622 6004 
12278 5207 5209 6221 
12279 5027 5957 6025 
12280 349 350 6125 
12281 6047 5112 6071 
12282 4348 4360 6171 
12283 5622 5623 6004 
12284 5540 4309 6187 
12285 4078 4068 6172 
12286 4297 4309 6143 
12287 4311 4380 6235 
12288 4453 3976 6079 
12289 4364 5688 6201 
12290 4783 4854 6197 
12291 5957 4452 6025 
12292 5959 4947 5995 
12293 5863 5506 6179 
12294 4976 4978 5967 
12295 4360 5758 6171 
12296 4363 4338 6209 
12297 5057 4777 6162 
12298 5460 5741 6210 
12299 5837 5195 6010 
12300 4342 4364 6201 
12301 5214 5211 6192 
12302 4358 5772 5959 
12303 5417 5474 6041 
12304 265 264 5972 
12305 4333 4363 6223 
12306 4381 5909 6095 
12307 4315 4327 6250 
12308 4330 4323 6230 
12309 4726 4728 5970 
12310 4304 4324 6195 
12311 4317 4319 6288 
12312 4615 5804 5958 
12313 5839 5260 6212 
12314 5627 6055 6087 
12315 4730 4767 5974 
12316 5857 5675 6090 
12317 363 364 6276 
12318 4298 4336 5973 
12319 5491 5896 6096 
12320 5205 4932 6077 
12321 5623 5987 6004 
12322 5167 5848 5982 
12323 3930 5404 6045 
12324 278 3939 6113 
12325 3974 4094 6079 
12326 4169 4171 5977 
12327 5506 5863 6200 
12328 5146 5054 5966 
12329 5702 4560 6237 
12330 364 5738 6276 
12331 4999 5920 6039 
12332 5896 4530 6096 
12333 4380 4313 6250 
12334 357 3941 6104 
12335 5076 5457 6016 
12336 5088 5086 5984 
12337 4173 4223 5979 
12338 4007 3980 6148 
12339 4415 3984 6164 
12340 4307 6058 6067 
12341 4367 5941 5963 
12342 4854 4795 6275 
12343 4608 5713 6244 
12344 5191 5136 6007 
12345 5220 5221 6125 
12346 5979 4223 5985 
12347 6244 5713 6270 
12348 5898 4474 6119 
12349 5796 5039 5962 
12350 6016 5457 6055 
12351 4560 4562 6237 
12352 5535 4399 6196 
12353 5047 5798 6103 
12354 4397 5352 6282 
12355 5040 4941 6018 
12356 5088 5984 5991 
12357 5083 5296 6205 
12358 5826 356 6104 
12359 5042 5907 5982 
12360 5194 6000 6277 
12361 6281 5160 6289 
12362 5090 5088 5991 
12363 4223 5622 5985 
12364 4531 4534 5988 
12365 3879 405 5992 
12366 5259 5262 6110 
12367 5068 4712 6146 
12368 4324 4306 6224 
12369 4365 5930 6047 
12370 5920 4939 6039 
12371 5095 5093 5998 
12372 4141 4142 6247 
12373 4658 4823 6263 
12374 3982 4007 6164 
12375 5025 4964 5993 
12376 4309 4299 6187 
12377 5778 5926 5980 
12378 3978 4453 6148 
12379 5545 5841 6291 
12380 5348 5864 6233 
12381 5161 5160 6281 
12382 4128 5706 6198 
12383 4034 4031 5994 
12384 4823 5742 6263 
12385 5913 4412 6107 
12386 4399 5535 6251 
12387 5829 4630 5968 
12388 5975 5045 5990 
12389 348 349 6252 
12390 4038 4036 5999 
12391 5776 4295 6143 
12392 5987 4767 6004 
12393 5041 5285 6086 
12394 5706 4128 6242 
12395 5735 5778 5980 
12396 5049 5381 6138 
12397 276 3888 6232 
12398 5640 5720 6003 
12399 3879 5992 6024 
12400 5640 6003 6004 
12401 5833 4414 5971 
12402 432 433 6001 
12403 3939 277 6232 
12404 5543 5776 6143 
12405 4947 4948 5995 
12406 4470 4490 6225 
12407 5954 4936 6009 
12408 5206 5205 6140 
12409 5552 5974 5987 
12410 4193 5906 6258 
12411 4767 5640 6004 
12412 5967 4978 6020 
12413 5594 5938 6101 
12414 5930 5112 6047 
12415 5105 5918 6206 
12416 5938 4187 6101 
12417 5197 5198 6108 
12418 5352 5351 6109 
12419 5971 4414 5981 
12420 4345 4343 6008 
12421 5735 5980 6014 
12422 5516 5208 6268 
12423 5941 5833 5971 
12424 4414 5828 5981 
12425 5428 5978 6226 
12426 5003 5004 6011 
12427 5580 4085 6002 
12428 4905 5723 5945 
12429 5848 5042 5982 
12430 291 290 6271 
12431 4210 4128 6198 
12432 4258 5627 6087 
12433 4115 6015 6261 
12434 5941 5075 5963 
12435 4628 5497 6262 
12436 5883 279 6113 
12437 5169 5128 6231 
12438 6060 4114 6221 
12439 5738 364 6170 
12440 432 6001 6053 
12441 364 365 6170 
12442 5180 5952 6111 
12443 259 3899 6233 
12444 6000 3885 6277 
12445 4743 5446 6274 
12446 269 268 6010 
12447 4393 4397 6282 
12448 5247 5028 6032 
12449 4128 4121 6242 
12450 5746 3885 6000 
12451 4010 4006 6006 
12452 4786 4652 6263 
12453 5689 5465 6228 
12454 5904 5975 5990 
12455 4258 6087 6139 
12456 5351 5350 6109 
12457 5828 4098 5996 
12458 4917 4956 6005 
12459 5134 4905 5945 
12460 5616 6139 6150 
12461 4504 5854 6120 
12462 5904 4982 5975 
12463 5864 260 6233 
12464 5849 5172 6022 
12465 4399 4402 6196 
12466 4619 4391 6282 
12467 5652 5867 5997 
12468 5694 5995 6019 
12469 4936 5032 6009 
12470 5830 5009 5976 
12471 5258 5255 6028 
12472 5235 5145 6191 
12473 5578 5947 5977 
12474 4396 4399 6251 
12475 5446 6160 6292 
12476 5056 5894 6259 
12477 3970 5939 6065 
12478 5128 5127 6185 
12479 3905 5955 6205 
12480 5143 5826 6104 
12481 3926 405 6023 
12482 4978 5183 6020 
12483 4404 4504 6120 
12484 5142 4855 6026 
12485 4176 5735 6014 
12486 4956 5159 6015 
12487 5026 5743 6234 
12488 5478 3879 6024 
12489 5127 5250 6127 
12490 5958 4989 6037 
12491 4932 5851 6077 
12492 5786 5124 6167 
12493 6033 4394 6063 
12494 5075 5941 5971 
12495 6005 4956 6015 
12496 6014 5418 6211 
12497 4963 5019 6017 
12498 5552 5953 5970 
12499 4076 6150 6174 
12500 5981 5828 5996 
12501 5636 4376 6040 
12502 3949 249 6046 
12503 4398 4394 6033 
12504 5040 6018 6048 
12505 3930 6045 6102 
12506 4935 5080 5986 
12507 5009 5119 5976 
12508 4943 5060 6013 
12509 5535 6196 6296 
12510 5160 5162 6289 
12511 366 367 6027 
12512 4365 5694 6019 
12513 5262 5261 6093 
12514 4097 4120 6021 
12515 5449 4518 6140 
12516 4965 5689 6264 
12517 5490 5487 6030 
12518 5029 5818 6151 
12519 6018 4225 6048 
12520 292 3920 6049 
12521 5113 5069 6183 
12522 5965 4078 6172 
12523 5210 6008 6192 
12524 3919 388 6051 
12525 4504 5900 5986 
12526 4366 6035 6058 
12527 5713 4616 6270 
12528 5456 5459 6150 
12529 6026 4855 6057 
12530 6040 4376 6073 
12531 5157 5883 6113 
12532 5436 6176 6181 
12533 4889 4745 6274 
12534 5705 3899 6180 
12535 5122 5150 6295 
12536 5823 3949 6254 
12537 3927 5365 6269 
12538 3890 5904 5990 
12539 249 248 6046 
12540 6017 5019 6035 
12541 4494 4493 6028 
12542 5011 5849 6022 
12543 4120 4126 6029 
12544 5407 5410 6154 
12545 5676 4766 6293 
12546 293 292 6049 
12547 5939 5402 6065 
12548 6102 5133 6156 
12549 388 389 6051 
12550 4156 4154 6034 
12551 5939 4225 6018 
12552 6044 5130 6145 
12553 5276 3903 6097 
12554 5963 5076 6016 
12555 6009 5032 6050 
12556 5261 5877 6093 
12557 5138 5104 6236 
12558 3971 3973 6042 
12559 407 3877 6036 
12560 6021 4120 6029 
12561 5802 5958 6037 
12562 5059 5058 6056 
12563 6042 3973 6072 
12564 5616 4258 6139 
12565 345 3948 6108 
12566 5124 5292 6167 
12567 5457 5454 6055 
12568 5751 5537 6039 
12569 5381 3944 6138 
12570 5019 5021 6035 
12571 4462 4466 6031 
12572 5427 3926 6158 
12573 4987 5276 6097 
12574 5847 5031 6146 
12575 4709 4711 6043 
12576 4376 5736 6073 
12577 4352 4354 6047 
12578 5876 5107 6165 
12579 6023 5120 6094 
12580 5838 5890 6176 
12581 4394 4392 6063 
12582 4319 6249 6288 
12583 5045 5043 6045 
12584 5815 5281 6136 
12585 4855 4632 6057 
12586 431 432 6053 
12587 5985 5622 6003 
12588 6039 5537 6064 
12589 5032 5102 6050 
12590 5287 4611 6147 
12591 6150 5459 6174 
12592 5689 6228 6264 
12593 5071 6040 6073 
12594 5397 4899 6142 
12595 4619 5352 6259 
12596 6073 5736 6088 
12597 4305 4366 6058 
12598 5401 5403 6069 
12599 5296 5106 6153 
12600 4657 4651 6061 
12601 5763 4129 6155 
12602 4657 6061 6075 
12603 5179 5083 6205 
12604 4792 5802 6037 
12605 4716 4481 6059 
12606 5641 5480 6062 
12607 5071 5744 6040 
12608 4024 4022 6060 
12609 5974 4767 5987 
12610 5723 4991 6044 
12611 4716 6059 6070 
12612 3918 5945 6044 
12613 5900 4935 5986 
12614 4352 6047 6071 
12615 5097 5717 6130 
12616 5625 5759 6173 
12617 6066 4882 6078 
12618 3892 5893 6260 
12619 5990 5045 6045 
12620 5537 4187 6064 
12621 3973 3975 6072 
12622 5365 3884 6238 
12623 5279 5729 6241 
12624 5851 4890 6077 
12625 5080 5079 6202 
12626 5281 5280 6136 
12627 4992 5071 6073 
12628 5945 5723 6044 
12629 5302 5310 6265 
12630 4518 5516 6268 
12631 5234 5823 6254 
12632 5955 5179 6205 
12633 5408 5407 6154 
12634 4350 4352 6071 
12635 4718 4716 6070 
12636 5098 5097 6130 
12637 5528 5591 6123 
12638 248 5201 6046 
12639 4659 4657 6075 
12640 6055 5454 6087 
12641 3972 3970 6065 
12642 5404 5990 6045 
12643 5192 5114 6186 
12644 3899 5789 6180 
12645 4882 4990 6078 
12646 3884 5427 6193 
12647 5218 293 6049 
12648 5104 6194 6236 
12649 5727 4882 6066 
12650 389 5216 6051 
12651 4536 4538 6076 
12652 6139 5456 6150 
12653 5116 5036 6100 
12654 6045 5043 6102 
12655 5291 5050 6117 
12656 5048 5047 6103 
12657 5642 5122 6178 
12658 4225 5805 6048 
12659 5736 4008 6088 
12660 4119 4096 6257 
12661 5738 6056 6276 
12662 3938 374 6068 
12663 5142 6026 6213 
12664 3910 5812 6161 
12665 5112 5014 6081 
12666 3877 6012 6036 
12667 6147 4611 6175 
12668 4076 5616 6150 
12669 6123 5591 6129 
12670 4160 4158 6080 
12671 4452 5940 6025 
12672 5278 5279 6142 
12673 394 3918 6145 
12674 3917 5298 6159 
12675 3891 360 6074 
12676 4992 6073 6088 
12677 5198 344 6108 
12678 4222 5450 6267 
12679 5472 5473 6089 
12680 6128 5460 6210 
12681 5479 5478 6287 
12682 5877 4599 6093 
12683 5546 4473 6112 
12684 6057 4632 6091 
12685 5813 5192 6186 
12686 4607 4914 6082 
12687 5466 5965 6172 
12688 5454 5455 6087 
12689 5769 5291 6117 
12690 5654 3878 6092 
12691 4125 4207 6105 
12692 6011 3915 6252 
12693 5339 5338 6098 
12694 3976 3974 6079 
12695 5488 5486 6096 
12696 5704 4992 6088 
12697 6071 5112 6081 
12698 4899 5278 6142 
12699 6087 5455 6139 
12700 4616 5718 6204 
12701 6157 5113 6183 
12702 5264 5265 6229 
12703 3888 275 6083 
12704 6112 4473 6122 
12705 5139 5077 6161 
12706 6082 4914 6090 
12707 4967 5705 6180 
12708 5878 5113 6157 
12709 4480 5690 6220 
12710 4133 4411 6099 
12711 5061 5063 6095 
12712 5528 6123 6132 
12713 5447 5078 6163 
12714 4182 4180 6101 
12715 5127 6127 6185 
12716 344 345 6108 
12717 5214 6192 6291 
12718 5614 4078 6111 
12719 4314 6106 6107 
12720 6024 5026 6234 
12721 3906 5431 6272 
12722 4612 5397 6241 
12723 4316 4314 6107 
12724 4314 4312 6106 
12725 5942 5224 6121 
12726 6058 5108 6067 
12727 4473 5585 6122 
12728 5530 5527 6126 
12729 3886 5687 6170 
12730 356 357 6104 
12731 5016 5753 6094 
12732 6101 4180 6114 
12733 4194 5763 6157 
12734 5893 5385 6260 
12735 3914 5750 6084 
12736 6122 5585 6131 
12737 5043 5018 6102 
12738 5310 3894 6253 
12739 5503 5501 6118 
12740 4207 4119 6257 
12741 6014 5980 6278 
12742 289 3910 6085 
12743 4322 4320 6119 
12744 5284 5283 6141 
12745 6126 5527 6133 
12746 5969 5327 6256 
12747 4180 4178 6114 
12748 5630 4255 6128 
12749 5427 6158 6193 
12750 6119 4320 6135 
12751 4490 6098 6225 
12752 5594 6114 6124 
12753 279 278 6113 
12754 5526 6132 6133 
12755 5128 6185 6231 
12756 5527 5526 6133 
12757 5591 5589 6129 
12758 5590 5594 6124 
12759 5910 3887 6208 
12760 4164 4162 6115 
12761 5585 4474 6131 
12762 3944 5788 6138 
12763 5526 5528 6132 
12764 5455 5456 6139 
12765 5336 5334 6290 
12766 5108 5909 6067 
12767 4320 4318 6135 
12768 5810 5296 6153 
12769 5085 5087 6134 
12770 4914 5857 6090 
12771 5408 6154 6194 
12772 5260 5258 6212 
12773 437 436 6149 
12774 403 3930 6156 
12775 5365 6238 6269 
12776 5257 5259 6110 
12777 4127 5434 6188 
12778 5234 5232 6280 
12779 5338 5336 6266 
12780 5258 6028 6212 
12781 6028 4493 6212 
12782 5434 5436 6181 
12783 362 3912 6116 
12784 5478 6234 6287 
12785 365 3886 6170 
12786 5212 6060 6221 
12787 5679 4194 6183 
12788 5539 5542 6169 
12789 4741 4771 6160 
12790 5171 5901 6182 
12791 5569 4076 6174 
12792 5233 5234 6254 
12793 3926 6094 6158 
12794 4611 5367 6175 
12795 4405 4404 6120 
12796 4295 4297 6143 
12797 4958 5161 6168 
12798 5431 5191 6272 
12799 350 3904 6125 
12800 3904 5786 6167 
12801 273 3914 6144 
12802 4068 4066 6172 
12803 4395 5288 6279 
12804 5217 3952 6166 
12805 3884 6193 6238 
12806 5595 5444 6292 
12807 4777 4779 6162 
12808 5100 5519 6189 
12809 3913 5748 6226 
12810 5902 4222 6267 
12811 3980 3978 6148 
12812 3903 5790 6097 
12813 6181 5152 6188 
12814 6094 5753 6158 
12815 4632 5912 6091 
12816 4346 4348 6171 
12817 6048 5805 6127 
12818 5434 6181 6188 
12819 376 3897 6152 
12820 5459 5460 6174 
12821 3897 5769 6117 
12822 5573 5697 6207 
12823 6109 5056 6259 
12824 5753 5035 6158 
12825 5702 5561 6177 
12826 4405 5360 6296 
12827 5107 5029 6155 
12828 4540 4542 6179 
12829 4346 6171 6184 
12830 3984 3982 6164 
12831 5496 5499 6227 
12832 5742 5302 6265 
12833 5798 3916 6103 
12834 5141 6267 6298 
12835 4344 4346 6184 
12836 5465 5466 6228 
12837 5195 5194 6277 
12838 5687 5738 6170 
12839 4712 5847 6146 
12840 5446 5445 6190 
12841 5805 4427 6127 
12842 6162 4779 6197 
12843 4176 6014 6211 
12844 5156 5155 6219 
12845 5741 4889 6210 
12846 6158 5035 6193 
12847 5385 5384 6260 
12848 5430 5429 6208 
12849 5429 5910 6208 
12850 6159 5080 6202 
12851 5509 5505 6200 
12852 5416 5419 6211 
12853 4117 4124 6297 
12854 4064 4083 6199 
12855 5818 5878 6151 
12856 5391 5595 6294 
12857 5107 6105 6165 
12858 5495 5496 6255 
12859 4299 4301 6187 
12860 3909 5815 6136 
12861 5211 5210 6192 
12862 5250 6048 6127 
12863 5152 5151 6188 
12864 6154 4411 6194 
12865 4779 4783 6197 
12866 6015 5159 6261 
12867 5461 5237 6273 
12868 4340 4342 6201 
12869 5509 6200 6244 
12870 4411 5781 6194 
12871 3918 6044 6145 
12872 5553 5555 6214 
12873 5759 3938 6173 
12874 5692 6286 6293 
12875 4301 4304 6195 
12876 6187 4301 6195 
12877 5692 5148 6286 
12878 6127 4427 6185 
12879 4340 6201 6209 
12880 4771 5595 6292 
12881 4096 4091 6261 
12882 4338 4340 6209 
12883 4745 4743 6274 
12884 5209 5212 6221 
12885 3943 5810 6153 
12886 5137 5081 6166 
12887 5496 6227 6255 
12888 6140 4518 6268 
12889 4490 5838 6176 
12890 5360 5111 6296 
12891 5581 5582 6243 
12892 5497 5495 6262 
12893 5121 5570 6240 
12894 5929 4475 6121 
12895 5901 4786 6182 
12896 4475 5942 6121 
12897 5159 5105 6206 
12898 4990 5629 6220 
12899 5608 5609 6248 
12900 5035 5745 6193 
12901 5511 5509 6244 
12902 5583 5584 6249 
12903 5661 5660 6239 
12904 5436 5435 6285 
12905 5668 4379 6289 
12906 5595 4771 6294 
12907 6266 5336 6290 
12908 6190 4889 6274 
12909 4326 4333 6223 
12910 4222 4210 6198 
12911 5511 6244 6270 
12912 5410 6099 6154 
12913 4379 6281 6289 
12914 4766 5692 6293 
12915 4326 6223 6230 
12916 4323 4326 6230 
12917 5200 4213 6283 
12918 4402 4405 6196 
12919 277 276 6232 
12920 5932 3891 6191 
12921 4306 4308 6224 
12922 260 259 6233 
12923 4142 4145 6247 
12924 4308 4311 6235 
12925 343 5198 6218 
12926 6247 4145 6258 
12927 5513 5511 6270 
12928 6194 5781 6236 
12929 4194 6157 6183 
12930 4313 4315 6250 
12931 5718 4626 6227 
12932 3926 6023 6094 
12933 6227 4626 6255 
12934 4145 4147 6258 
12935 4427 5797 6185 
12936 4379 5686 6281 
12937 5208 5206 6268 
12938 5675 5674 6286 
12939 4562 4629 6237 
12940 5729 4612 6241 
12941 3930 6102 6156 
12942 4771 5793 6294 
12943 6224 4308 6235 
12944 4469 4470 6225 
12945 4510 5545 6291 
12946 5918 5876 6165 
12947 5520 5521 6284 
12948 5421 5281 6246 
12949 4121 4122 6242 
12950 6286 5674 6293 
12951 5201 247 6216 
12952 6193 5745 6238 
12953 5743 5733 6234 
12954 5216 390 6217 
12955 294 5218 6215 
12956 5170 5171 6253 
12957 5690 6137 6220 
12958 5674 5676 6293 
12959 4626 5724 6255 
12960 6137 4990 6220 
12961 4795 4797 6275 
12962 5478 6024 6234 
12963 6225 5338 6266 
12964 5745 5099 6238 
12965 3946 5813 6186 
12966 4493 5839 6212 
12967 5978 3913 6226 
12968 5140 5141 6298 
12969 6234 5733 6287 
12970 4327 4317 6288 
12971 4397 4396 6251 
12972 5495 6255 6262 
12973 5724 4628 6262 
12974 4652 4658 6263 
12975 5 294 6215 
12976 390 6 6217 
12977 6 343 6218 
12978 247 5 6216 
12979 5099 5164 6269 
12980 5781 4141 6236 
12981 5418 6014 6278 
12982 6238 5099 6269 
12983 5890 5152 6181 
12984 4083 5638 6264 
12985 5079 5137 6202 
12986 3948 5853 6178 
12987 6255 5724 6262 
12988 5119 5027 6222 
12989 5809 3942 6203 
12990 6228 4083 6264 
12991 3912 363 6276 
12992 5027 6025 6222 
12993 6025 5118 6222 
12994 5733 4861 6287 
12995 5837 3911 6256 
12996 5793 5391 6294 
12997 5808 4469 6266 
12998 3885 6010 6277 
12999 3915 348 6252 
13000 4469 6225 6266 
13001 5808 6266 6290 
13002 5031 5166 6279 
13003 4391 4393 6282 
13004 5976 5119 6273 
13005 5797 4850 6231 
13006 5145 5932 6191 
13007 6185 5797 6231 
13008 4466 5808 6290 
13009 6078 4990 6137 
13010 5894 4619 6259 
13011 3911 5969 6256 
13012 6056 3912 6276 
13013 3920 291 6271 
13014 5310 6182 6265 
13015 5141 5902 6267 
13016 5811 3906 6272 
13017 5206 6140 6268 
13018 6038 5264 6229 
13019 5763 6151 6157 
13020 5397 6142 6241 
13021 6052 5421 6246 
13022 6099 4411 6154 
13023 3948 6178 6295 
13024 6105 4207 6165 
13025 6010 5195 6277 
13026 6026 5116 6213 
13027 6151 5878 6157 
13028 6206 4207 6257 
13029 6098 5338 6225 
13030 6142 5279 6241 
13031 5980 5364 6278 
13032 6192 4510 6291 
13033 3917 6159 6202 
13034 5630 6128 6210 
13035 5466 6199 6228 
13036 5352 6109 6259 
13037 6249 5584 6288 
13038 6199 4083 6228 
13039 6160 4771 6292 
13040 6182 4786 6265 
13041 5159 6206 6257 
13042 5446 6190 6274 
13043 6196 4405 6296 
13044 6178 5122 6295 
$EndElements
