# vtk DataFile Version 2.0
stepgrain, Created by Gmsh 4.13.1 
ASCII
DATASET UNSTRUCTURED_GRID
POINTS 6298 double
122 0 -40.9
122 0 0
93.2 -2.282741633611e-14 -40.9
122 0 698
76.2 -9.331808605091e-15 0
76.2 0 698
120.998381686436 15.60101372550976 -40.9
118.0099732907616 30.94585923695996 -40.9
113.0838443962146 45.78257459528373 -40.9
106.3008819030534 59.86754134448055 -40.9
97.77246186789061 72.96948471992849 -40.9
87.63862071192261 84.87327117362548 -40.9
76.06575582676531 95.38344086109977 -40.9
63.24389333388384 104.3274170866524 -40.9
49.38356786093179 111.5583400079292 -40.9
34.71236556898567 116.9574780704727 -40.9
19.47118719407198 120.436177576563 -40.9
3.910292463741598 121.9373183764839 -40.9
-11.71480916073753 121.4362517798021 -40.9
-27.14755394267072 118.9412052861824 -40.9
-42.13453663939992 114.4931474900706 -40.9
-56.42967140938232 108.1651153775058 -40.9
-69.79823253490507 100.0610150608284 -40.9
-82.02070861188105 90.31391564318812 -40.9
-92.8964069210348 79.08386422754973 -40.9
-102.246748796805 66.55525794768634 -40.9
-109.9182018840955 52.93381617234142 -40.9
-115.7848011353018 38.44320259888097 -40.9
-119.7502171529102 23.32135270156655 -40.9
-121.7493379155411 7.81656683764604 -40.9
-121.749337915541 -7.816566837647903 -40.9
-119.7502171529098 -23.32135270156838 -40.9
-115.7848011353013 -38.44320259888259 -40.9
-109.9182018840947 -52.9338161723429 -40.9
-102.2467487968041 -66.55525794768769 -40.9
-92.89640692103379 -79.0838642275509 -40.9
-82.02070861188 -90.31391564318909 -40.9
-69.79823253490395 -100.0610150608291 -40.9
-56.42967140938114 -108.1651153775064 -40.9
-42.13453663939878 -114.493147490071 -40.9
-27.14755394266964 -118.9412052861827 -40.9
-11.7148091607365 -121.4362517798022 -40.9
3.910292463742543 -121.9373183764839 -40.9
19.47118719407281 -120.4361775765628 -40.9
34.71236556898653 -116.9574780704724 -40.9
49.38356786093254 -111.5583400079289 -40.9
63.24389333388446 -104.327417086652 -40.9
76.06575582676581 -95.38344086109937 -40.9
87.63862071192301 -84.8732711736251 -40.9
97.77246186789088 -72.96948471992812 -40.9
106.3008819030536 -59.86754134448023 -40.9
113.0838443962147 -45.7825745952835 -40.9
118.0099732907616 -30.94585923695981 -40.9
120.998381686436 -15.60101372550959 -40.9
120.998381686436 15.60101372550976 0
118.0099732907616 30.94585923695996 0
113.0838443962146 45.78257459528373 0
106.3008819030534 59.86754134448055 0
97.77246186789061 72.96948471992849 0
87.63862071192261 84.87327117362548 0
76.06575582676531 95.38344086109977 0
63.24389333388384 104.3274170866524 0
49.38356786093179 111.5583400079292 0
34.71236556898567 116.9574780704727 0
19.47118719407198 120.436177576563 0
3.910292463741598 121.9373183764839 0
-11.71480916073753 121.4362517798021 0
-27.14755394267072 118.9412052861824 0
-42.13453663939992 114.4931474900706 0
-56.42967140938232 108.1651153775058 0
-69.79823253490507 100.0610150608284 0
-82.02070861188105 90.31391564318812 0
-92.8964069210348 79.08386422754973 0
-102.246748796805 66.55525794768634 0
-109.9182018840955 52.93381617234142 0
-115.7848011353018 38.44320259888097 0
-119.7502171529102 23.32135270156655 0
-121.7493379155411 7.81656683764604 0
-121.749337915541 -7.816566837647903 0
-119.7502171529098 -23.32135270156838 0
-115.7848011353013 -38.44320259888259 0
-109.9182018840947 -52.9338161723429 0
-102.2467487968041 -66.55525794768769 0
-92.89640692103379 -79.0838642275509 0
-82.02070861188 -90.31391564318909 0
-69.79823253490395 -100.0610150608291 0
-56.42967140938114 -108.1651153775064 0
-42.13453663939878 -114.493147490071 0
-27.14755394266964 -118.9412052861827 0
-11.7148091607365 -121.4362517798022 0
3.910292463742543 -121.9373183764839 0
19.47118719407281 -120.4361775765628 0
34.71236556898653 -116.9574780704724 0
49.38356786093254 -111.5583400079289 0
63.24389333388446 -104.327417086652 0
76.06575582676581 -95.38344086109937 0
87.63862071192301 -84.8732711736251 0
97.77246186789088 -72.96948471992812 0
106.3008819030536 -59.86754134448023 0
113.0838443962147 -45.7825745952835 0
118.0099732907616 -30.94585923695981 0
120.998381686436 -15.60101372550959 0
92.43482928832654 11.91815146899597 -40.9
90.15188123523754 23.64060722036611 -40.9
86.38864178464922 34.9748848547577 -40.9
81.20690322429986 45.73487584676706 -40.9
74.69174955809353 55.74390144178138 -40.9
66.95015942910817 64.83761371624499 -40.9
58.1092495332339 72.86669416602044 -40.9
48.31418736654084 79.69930551209832 -40.9
37.72580757900699 85.22325646507377 -40.9
26.51797107401207 89.34784390301682 -40.9
14.87471021711077 92.00534221422679 -40.9
2.98720702967805 93.15211534990411 -40.9
-8.949346014596188 92.76933332686525 -40.9
-20.73895104472874 90.86328141534591 -40.9
-32.18802307206612 87.46525693503759 -40.9
-43.10856865044609 82.63105535396348 -40.9
-53.3212727233864 76.44005412843616 -40.9
-62.65844297235488 68.99390932741926 -40.9
-70.96676332000347 60.41488644268572 -40.9
-78.10981137591963 50.84385279282299 -40.9
-83.97029848850553 40.43796448575628 -40.9
-88.45199562139437 29.36808591980131 -40.9
-91.48131343156732 17.8159841949678 -40.9
-93.00851060433136 5.971344502202308 -40.9
-93.00851060433133 -5.971344502202574 -40.9
-91.48131343156726 -17.81598419496806 -40.9
-88.45199562139429 -29.36808591980156 -40.9
-83.97029848850538 -40.43796448575659 -40.9
-78.10981137591948 -50.84385279282326 -40.9
-70.96676332000321 -60.41488644268602 -40.9
-62.65844297235457 -68.99390932741954 -40.9
-53.32127272338604 -76.44005412843642 -40.9
-43.10856865044563 -82.63105535396373 -40.9
-32.18802307206569 -87.46525693503774 -40.9
-20.73895104472836 -90.86328141534599 -40.9
-8.949346014595756 -92.76933332686529 -40.9
2.987207029678399 -93.15211534990411 -40.9
14.87471021711103 -92.00534221422674 -40.9
26.51797107401234 -89.34784390301674 -40.9
37.72580757900717 -85.2232564650737 -40.9
48.31418736654096 -79.69930551209825 -40.9
58.10924953323401 -72.86669416602034 -40.9
66.95015942910823 -64.83761371624492 -40.9
74.69174955809359 -55.74390144178129 -40.9
81.20690322429989 -45.73487584676701 -40.9
86.38864178464922 -34.97488485475771 -40.9
90.15188123523751 -23.64060722036618 -40.9
92.43482928832654 -11.91815146899594 -40.9
122 0 14.24489795918367
122 0 28.48979591836735
122 0 42.73469387755102
122 0 56.97959183673469
122 0 71.22448979591836
122 0 85.46938775510203
122 0 99.71428571428571
122 0 113.9591836734694
122 0 128.204081632653
122 0 142.4489795918367
122 0 156.6938775510204
122 0 170.9387755102041
122 0 185.1836734693877
122 0 199.4285714285714
122 0 213.6734693877551
122 0 227.9183673469388
122 0 242.1632653061224
122 0 256.4081632653061
122 0 270.6530612244898
122 0 284.8979591836734
122 0 299.1428571428571
122 0 313.3877551020408
122 0 327.6326530612245
122 0 341.8775510204081
122 0 356.1224489795919
122 0 370.3673469387755
122 0 384.6122448979592
122 0 398.8571428571428
122 0 413.1020408163265
122 0 427.3469387755101
122 0 441.5918367346938
122 0 455.8367346938775
122 0 470.0816326530612
122 0 484.3265306122449
122 0 498.5714285714285
122 0 512.8163265306122
122 0 527.0612244897959
122 0 541.3061224489795
122 0 555.5510204081631
122 0 569.7959183673469
122 0 584.0408163265306
122 0 598.2857142857142
122 0 612.530612244898
122 0 626.7755102040816
122 0 641.0204081632652
122 0 655.2653061224489
122 0 669.5102040816327
122 0 683.7551020408163
120.998381686436 15.60101372550976 698
118.0099732907616 30.94585923695996 698
113.0838443962146 45.78257459528373 698
106.3008819030534 59.86754134448055 698
97.77246186789061 72.96948471992849 698
87.63862071192261 84.87327117362548 698
76.06575582676531 95.38344086109977 698
63.24389333388384 104.3274170866524 698
49.38356786093179 111.5583400079292 698
34.71236556898567 116.9574780704727 698
19.47118719407198 120.436177576563 698
3.910292463741598 121.9373183764839 698
-11.71480916073753 121.4362517798021 698
-27.14755394267072 118.9412052861824 698
-42.13453663939992 114.4931474900706 698
-56.42967140938232 108.1651153775058 698
-69.79823253490507 100.0610150608284 698
-82.02070861188105 90.31391564318812 698
-92.8964069210348 79.08386422754973 698
-102.246748796805 66.55525794768634 698
-109.9182018840955 52.93381617234142 698
-115.7848011353018 38.44320259888097 698
-119.7502171529102 23.32135270156655 698
-121.7493379155411 7.81656683764604 698
-121.749337915541 -7.816566837647903 698
-119.7502171529098 -23.32135270156838 698
-115.7848011353013 -38.44320259888259 698
-109.9182018840947 -52.9338161723429 698
-102.2467487968041 -66.55525794768769 698
-92.89640692103379 -79.0838642275509 698
-82.02070861188 -90.31391564318909 698
-69.79823253490395 -100.0610150608291 698
-56.42967140938114 -108.1651153775064 698
-42.13453663939878 -114.493147490071 698
-27.14755394266964 -118.9412052861827 698
-11.7148091607365 -121.4362517798022 698
3.910292463742543 -121.9373183764839 698
19.47118719407281 -120.4361775765628 698
34.71236556898653 -116.9574780704724 698
49.38356786093254 -111.5583400079289 698
63.24389333388446 -104.327417086652 698
76.06575582676581 -95.38344086109937 698
87.63862071192301 -84.8732711736251 698
97.77246186789088 -72.96948471992812 698
106.3008819030536 -59.86754134448023 698
113.0838443962147 -45.7825745952835 698
118.0099732907616 -30.94585923695981 698
120.998381686436 -15.60101372550959 698
75.57439905333135 9.744239720359374 0
73.70786856357404 19.32847929390449 0
70.63105690976684 28.59534577180836 0
66.39448525420224 37.39267746270013 0
61.06771798633825 45.57602242343072 0
54.73822047744677 53.01101035598574 0
47.50992290163541 59.57555896406395 0
39.5015137052619 65.16187854100745 0
30.84449074592628 69.67824187380498 0
21.68100210128454 73.05049040139357 0
12.16151200154335 75.22325189618113 0
2.442330210959967 76.16084967449243 0
-7.316954574165519 75.84788840672888 0
-16.95609516747135 74.28950690825492 0
-26.31681714690384 71.51129376019168 0
-35.24541771635185 67.5588671456225 0
-43.59528950130956 62.49712580028788 0
-51.22932783791252 56.40918337713888 0
-58.02218202772822 49.39500372245327 0
-63.86231359275841 41.56975947224358 0
-68.65382773416448 33.06194092075764 0
-72.31804792221305 24.01124621339959 0
-74.79480776271924 14.56628750704422 0
-76.04343892757565 4.882150762529943 0
-76.04343892757561 -4.882150762530736 0
-74.7948077627191 -14.56628750704497 0
-72.31804792221284 -24.01124621340024 0
-68.65382773416415 -33.06194092075832 0
-63.86231359275804 -41.56975947224414 0
-58.02218202772782 -49.39500372245374 0
-51.22932783791204 -56.40918337713932 0
-43.59528950130897 -62.49712580028829 0
-35.24541771635129 -67.5588671456228 0
-26.3168171469033 -71.51129376019188 0
-16.95609516747084 -74.28950690825504 0
-7.316954574165066 -75.84788840672893 0
2.442330210960371 -76.16084967449241 0
12.16151200154377 -75.22325189618105 0
21.6810021012849 -73.05049040139347 0
30.84449074592659 -69.67824187380484 0
39.50151370526215 -65.1618785410073 0
47.50992290163558 -59.5755589640638 0
54.73822047744694 -53.01101035598556 0
61.06771798633832 -45.57602242343063 0
66.39448525420231 -37.39267746270001 0
70.63105690976688 -28.59534577180828 0
73.70786856357404 -19.32847929390447 0
75.57439905333136 -9.744239720359339 0
92.85306122449015 -2.274244084392428e-14 -40.06530612244883
92.50612244898031 -2.265746535173855e-14 -39.23061224489766
92.15918367347045 -2.257248985955283e-14 -38.39591836734649
91.8122448979606 -2.248751436736711e-14 -37.56122448979532
91.46530612245076 -2.240253887518138e-14 -36.72653061224415
91.1183673469409 -2.231756338299566e-14 -35.89183673469298
90.77142857143104 -2.223258789080993e-14 -35.05714285714181
90.4244897959212 -2.214761239862421e-14 -34.22244897959064
90.07755102041135 -2.206263690643849e-14 -33.38775510203947
89.73061224490149 -2.197766141425276e-14 -32.5530612244883
89.38367346939165 -2.189268592206703e-14 -31.71836734693714
89.0367346938818 -2.180771042988131e-14 -30.88367346938596
88.68979591837194 -2.172273493769559e-14 -30.04897959183479
88.3428571428621 -2.163775944550986e-14 -29.21428571428363
87.99591836735225 -2.155278395332414e-14 -28.37959183673245
87.64897959184239 -2.146780846113841e-14 -27.54489795918128
87.30204081633255 -2.138283296895269e-14 -26.71020408163012
86.95510204082269 -2.129785747676697e-14 -25.87551020407894
86.60816326531284 -2.121288198458124e-14 -25.04081632652778
86.26122448980298 -2.112790649239552e-14 -24.20612244897661
85.91428571429314 -2.104293100020979e-14 -23.37142857142544
85.56734693878329 -2.095795550802407e-14 -22.53673469387427
85.22040816327345 -2.087298001583835e-14 -21.7020408163231
84.87346938776359 -2.078800452365262e-14 -20.86734693877193
84.52653061225374 -2.07030290314669e-14 -20.03265306122077
84.1795918367439 -2.061805353928118e-14 -19.1979591836696
83.83265306123404 -2.053307804709545e-14 -18.36326530611843
83.48571428572419 -2.044810255490973e-14 -17.52857142856726
83.13877551021434 -2.0363127062724e-14 -16.6938775510161
82.79183673470449 -2.027815157053828e-14 -15.85918367346493
82.44489795919465 -2.019317607835256e-14 -15.02448979591377
82.09795918368479 -2.010820058616683e-14 -14.1897959183626
81.75102040817495 -2.002322509398111e-14 -13.35510204081143
81.4040816326651 -1.993824960179539e-14 -12.52040816326027
81.05714285715524 -1.985327410960966e-14 -11.6857142857091
80.7102040816454 -1.976829861742394e-14 -10.85102040815794
80.36326530613555 -1.968332312523821e-14 -10.01632653060677
80.0163265306257 -1.959834763305249e-14 -9.181632653055601
79.66938775511585 -1.951337214086676e-14 -8.346938775504434
79.32244897960599 -1.942839664868104e-14 -7.512244897953266
78.97551020409615 -1.934342115649532e-14 -6.677551020402099
78.6285714285863 -1.925844566430959e-14 -5.842857142850939
78.28163265307646 -1.917347017212387e-14 -5.008163265299771
77.9346938775666 -1.908849467993815e-14 -4.173469387748604
77.58775510205676 -1.900351918775242e-14 -3.338775510197436
77.24081632654691 -1.89185436955667e-14 -2.504081632646276
76.89387755103705 -1.883356820338097e-14 -1.669387755095102
76.54693877552721 -1.874859271119525e-14 -0.8346938775439412
75.57439905333135 9.744239720359374 698
73.70786856357404 19.32847929390449 698
70.63105690976684 28.59534577180836 698
66.39448525420224 37.39267746270013 698
61.06771798633825 45.57602242343072 698
54.73822047744677 53.01101035598574 698
47.50992290163541 59.57555896406395 698
39.5015137052619 65.16187854100745 698
30.84449074592628 69.67824187380498 698
21.68100210128454 73.05049040139357 698
12.16151200154335 75.22325189618113 698
2.442330210959967 76.16084967449243 698
-7.316954574165519 75.84788840672888 698
-16.95609516747135 74.28950690825492 698
-26.31681714690384 71.51129376019168 698
-35.24541771635185 67.5588671456225 698
-43.59528950130956 62.49712580028788 698
-51.22932783791252 56.40918337713888 698
-58.02218202772822 49.39500372245327 698
-63.86231359275841 41.56975947224358 698
-68.65382773416448 33.06194092075764 698
-72.31804792221305 24.01124621339959 698
-74.79480776271924 14.56628750704422 698
-76.04343892757565 4.882150762529943 698
-76.04343892757561 -4.882150762530736 698
-74.7948077627191 -14.56628750704497 698
-72.31804792221284 -24.01124621340024 698
-68.65382773416415 -33.06194092075832 698
-63.86231359275804 -41.56975947224414 698
-58.02218202772782 -49.39500372245374 698
-51.22932783791204 -56.40918337713932 698
-43.59528950130897 -62.49712580028829 698
-35.24541771635129 -67.5588671456228 698
-26.3168171469033 -71.51129376019188 698
-16.95609516747084 -74.28950690825504 698
-7.316954574165066 -75.84788840672893 698
2.442330210960371 -76.16084967449241 698
12.16151200154377 -75.22325189618105 698
21.6810021012849 -73.05049040139347 698
30.84449074592659 -69.67824187380484 698
39.50151370526215 -65.1618785410073 698
47.50992290163558 -59.5755589640638 698
54.73822047744694 -53.01101035598556 698
61.06771798633832 -45.57602242343063 698
66.39448525420231 -37.39267746270001 698
70.63105690976688 -28.59534577180828 698
73.70786856357404 -19.32847929390447 698
75.57439905333136 -9.744239720359339 698
76.2 0 14.24489795918367
76.2 0 28.48979591836735
76.2 0 42.73469387755102
76.2 0 56.97959183673469
76.2 0 71.22448979591836
76.2 0 85.46938775510203
76.2 0 99.71428571428571
76.2 0 113.9591836734694
76.2 0 128.204081632653
76.2 0 142.4489795918367
76.2 0 156.6938775510204
76.2 0 170.9387755102041
76.2 0 185.1836734693877
76.2 0 199.4285714285714
76.2 0 213.6734693877551
76.2 0 227.9183673469388
76.2 0 242.1632653061224
76.2 0 256.4081632653061
76.2 0 270.6530612244898
76.2 0 284.8979591836734
76.2 0 299.1428571428571
76.2 0 313.3877551020408
76.2 0 327.6326530612245
76.2 0 341.8775510204081
76.2 0 356.1224489795919
76.2 0 370.3673469387755
76.2 0 384.6122448979592
76.2 0 398.8571428571428
76.2 0 413.1020408163265
76.2 0 427.3469387755101
76.2 0 441.5918367346938
76.2 0 455.8367346938775
76.2 0 470.0816326530612
76.2 0 484.3265306122449
76.2 0 498.5714285714285
76.2 0 512.8163265306122
76.2 0 527.0612244897959
76.2 0 541.3061224489795
76.2 0 555.5510204081631
76.2 0 569.7959183673469
76.2 0 584.0408163265306
76.2 0 598.2857142857142
76.2 0 612.530612244898
76.2 0 626.7755102040816
76.2 0 641.0204081632652
76.2 0 655.2653061224489
76.2 0 669.5102040816327
76.2 0 683.7551020408163
119.75021715291 -23.3213527015673 -27.3636297368305
-118.0099732907614 -30.94585923696079 -13.53637026316953
-49.38356786093128 -111.5583400079295 -13.53637026316953
27.14755394267092 -118.9412052861824 -27.36362973683045
-76.06575582676477 -95.38344086110021 -27.36362973683045
92.8964069210346 -79.08386422754994 -27.36362973683046
56.42967140938235 -108.1651153775058 -27.36362973683046
-3.910292463741285 -121.9373183764839 -27.36362973683046
109.9182018840952 -52.93381617234192 -13.53637026316954
-97.77246186789017 -72.96948471992907 -27.36362973683043
-122 -9.359812187456629e-13 -27.36362973683041
27.14755394267012 118.9412052861825 -27.36362973683042
-60.35106986306844 106.0271114686382 -27.40608848301617
82.02070861188052 90.31391564318861 -27.36362973683039
-3.910292463742263 121.9373183764839 -27.36362973683039
56.42967140938168 108.1651153775061 -27.36362973683039
109.9182018840951 52.93381617234221 -13.53637026316962
119.75021715291 23.32135270156746 -13.53637026316962
-34.71236556898636 116.9574780704725 -27.36362973683038
-99.74050455280954 70.25547488666615 -27.4061388822666
-118.0099732907618 30.94585923695908 -27.36362973683036
-87.63862071192212 -84.87327117362602 -13.53637026316954
11.71480916073776 -121.4362517798021 -13.53637026316954
-113.0838443962143 -45.78257459528449 -27.36362973683044
-34.71236556898522 -116.9574780704728 -27.36362973683047
69.79823253490507 -100.0610150608284 -13.53637026316953
-19.47118719407156 -120.436177576563 -13.53637026316954
42.13453663940006 -114.4931474900706 -13.53637026316954
11.71480916073689 121.4362517798022 -13.53637026316959
-76.06575582676585 95.38344086109934 -13.53637026316962
-106.3008819030531 -59.86754134448121 -13.53637026316959
69.79823253490453 100.0610150608287 -13.53637026316961
-120.9983816864361 15.60101372550885 -13.53637026316961
115.7848011353015 38.44320259888181 -27.36362973683038
-19.47118719407264 120.4361775765629 -13.53637026316961
42.13453663939925 114.4931474900709 -13.5363702631696
102.2467487968045 66.5552579476871 -27.36362973683039
-106.3008819030539 59.86754134447977 -13.53637026316962
-49.38356786093247 111.5583400079289 -13.53637026316961
92.89640692103431 79.08386422755028 -13.53637026316961
121.749337915541 -7.816566837646906 -15.62244439860085
121.749337915541 7.816566837646975 -25.27755560139908
115.7848011353061 -38.44320259886805 -27.36362973683888
-87.63862071192895 84.87327117361895 -13.53637026317307
-120.9983816864359 -15.60101372551065 -27.36362973683044
-113.083844396223 45.78257459526306 -27.36362973684891
-63.24389333388331 -104.3274170866527 -27.36362973683045
82.02070861189273 -90.31391564317752 -27.36362973684046
102.2467487968047 -66.55525794768671 -27.36362973683046
-113.0838443962149 45.78257459528295 -12.5613611350452
82.02070861188093 -90.31391564318824 -12.56136113504064
115.7848011353016 -38.44320259888161 -12.56136113503979
-82.02070861188209 90.31391564318719 -26.09773139820416
119.75021715291 -23.3213527015673 -12.56136113503523
-49.38356786093128 -111.5583400079295 -28.33863886496479
-76.06575582676477 -95.38344086110021 -12.56136113503516
69.79823253490505 -100.0610150608284 -28.33863886496476
-34.71236556898522 -116.9574780704728 -12.56136113503529
-118.0099732907614 -30.94585923696079 -28.33863886496484
92.8964069210346 -79.08386422754994 -12.56136113503522
102.2467487968047 -66.55525794768673 -12.56136113503524
27.14755394267092 -118.9412052861824 -12.5613611350352
109.9182018840952 -52.93381617234192 -28.33863886496476
-87.63862071192212 -84.87327117362602 -28.33863886496474
56.42967140938235 -108.1651153775058 -12.56136113503526
-19.47118719407156 -120.436177576563 -28.33863886496475
-3.910292463741285 -121.9373183764839 -12.5613611350352
11.71480916073776 -121.4362517798021 -28.33863886496477
-63.24389333388331 -104.3274170866527 -12.56136113503523
42.13453663940006 -114.4931474900706 -28.33863886496476
-120.9983816864359 -15.60101372551065 -12.56136113503525
-113.0838443962143 -45.78257459528449 -12.56136113503527
-97.77246186789017 -72.96948471992907 -12.56136113503522
27.14755394267012 118.9412052861825 -12.56136113503476
-106.3008819030531 -59.86754134448121 -28.33863886496496
-122 -9.359812187456629e-13 -12.5613611350351
-63.24389333388441 104.327417086652 -12.56136113503545
11.71480916073689 121.4362517798022 -28.3386388649652
42.13453663939925 114.4931474900709 -28.33863886496453
-48.47897084063585 111.9544076230712 -28.19256358953178
69.79823253490453 100.0610150608287 -28.3386388649653
-120.9983816864361 15.60101372550885 -28.33863886496483
82.02070861188052 90.31391564318861 -12.56136113503512
109.9182018840951 52.93381617234221 -28.33863886496594
92.89640692103426 79.08386422755036 -28.33863886496444
56.42967140938168 108.1651153775061 -12.56136113503519
-3.910292463742263 121.9373183764839 -12.56136113503529
-19.47118719407264 120.4361775765629 -28.33863886496465
115.7848011353015 38.44320259888181 -12.56136113503497
119.75021715291 23.32135270156746 -28.33863886496404
-106.7814949858482 59.00603637414807 -28.19254969057031
102.2467487968045 66.5552579476871 -12.56136113503549
-34.71236556898636 116.9574780704725 -12.561361135035
-97.7724618678911 72.96948471992782 -12.56136113503549
-118.0099732907618 30.94585923695908 -12.56136113503529
121.0188692790348 -15.44128486959219 -29.34855398546473
121.0188692790326 15.44128486960902 -11.55144601454377
-73.09053546309826 97.68200256811679 -29.52860473603546
-90.20969227964966 82.13532381874997 -29.52650906614359
102.7143937445954 6.434161462480486 -40.9
100.9441948921969 -19.74536911231306 -40.9
92.65432841442696 -44.79755062630734 -40.9
-53.16125045276907 87.69504305425991 -40.9
78.08641900680638 -66.47593769691413 -40.9
-16.07652824420959 101.5871359163191 -40.9
10.04151947274638 102.4246698931635 -40.9
92.79316428156757 44.50925497757825 -40.9
58.60407179388248 -84.37240437605439 -40.9
47.74425176507113 91.17089195263233 -40.9
-3.639194084734164 -102.7869505846009 -40.9
22.5522074380986 -100.3483875492603 -40.9
68.94457635317076 75.91564079603329 -40.9
-29.43570483054621 -98.61634954293336 -40.9
-73.6668541325494 71.34236979666592 -40.9
-95.37191698508542 -38.52022240856486 -40.9
-89.35388870455202 50.32317258843161 -40.9
-53.16125045276863 -87.69504305426021 -40.9
-99.50914283694348 26.2597716650742 -40.9
-102.129395994512 -12.73515944034967 -40.9
-82.18511003588004 -61.33634171012184 -40.9
101.8654769499118 -6.579296014438813 -40.9
58.38766799194235 83.67049986736176 -40.9
35.69227907357359 -97.97143438356673 -40.9
47.24941272347196 -93.84423442159125 -40.9
-98.85448492169199 -25.64130090173547 -40.9
-88.89672314465426 -50.04208665622291 -40.9
-16.5676238968977 -100.7826739649624 -40.9
22.97376156625125 100.0058194653767 -40.9
68.80948314042317 -75.80699773287887 -40.9
-63.88955783404962 -80.09541375596341 -40.9
97.4286800363187 32.19642765626502 -40.9
100.2548223764305 19.27740109033975 -40.9
78.32943512006513 66.55989100960579 -40.9
96.85589623649243 -32.39816677171253 -40.9
-103.3886302680852 13.64405180461728 -40.9
-105.0568957212863 1.51525519116102 -40.9
85.49892818992129 -55.67589783709066 -40.9
-94.56518415999476 38.30532947747278 -40.9
85.71093828354543 55.51665865025893 -40.9
-41.31661215544182 -93.28885186123939 -40.9
-3.003374806415857 102.0912007613249 -40.9
-41.52194267564894 94.0300365515148 -40.9
-63.57411747677033 79.71942181777889 -40.9
-28.80310144222862 97.95854232904033 -40.9
-81.7161140282149 60.98632089279478 -40.9
35.48642482527776 95.72544727316441 -40.9
9.50809688793808 -101.6772433554464 -40.9
-73.23822946311681 -70.92165803585101 -40.9
-65.88313856744119 -89.9018306327381 -40.9
-50.67404863721578 97.16290161541851 -40.9
17.77327405780332 108.2811597357788 -40.9
101.8093833039887 40.93346180963121 -40.9
78.72878552289512 76.22510731841831 -40.9
108.6005778148315 -14.02971554021817 -40.9
111.2018320199839 -2.767170856830442 -40.9
-54.17750099760856 -97.27730860539886 -40.9
67.41667454908483 -88.77736068170262 -40.9
-98.65760053474141 -47.48425647631997 -40.9
77.88334638486425 -79.65845602582337 -40.9
96.15342539401475 -56.44743293680447 -40.9
87.17220025923676 -69.35008006503097 -40.9
-41.57972692516275 -103.4317314702204 -40.9
-61.42272957016298 92.54594709542607 -40.9
-94.45580501710883 -58.42816171580753 -40.9
-105.1706890454647 37.02593774449967 -40.9
-99.10393892011633 50.98665772240745 -40.9
-83.0946769222336 74.16251476849607 -40.9
-91.96395053862422 62.85252689488058 -40.9
59.50030013304529 94.29479404630422 -40.9
71.54428442329022 85.06045901047379 -40.9
-73.01607807527942 84.05695592078803 -40.9
-86.65355952397974 -69.79957821396404 -40.9
-77.43026682025017 -80.01937675154275 -40.9
-12.87891676419769 -110.7935618304972 -40.9
-106.036115803699 -35.16965005366233 -40.9
108.0550466147517 -28.36979065759552 -40.9
15.6419999349156 -110.4354379180201 -40.9
-8.537726666434567 111.2123512181835 -40.9
57.17952405225125 -96.57595131478584 -40.9
-111.8569423900442 -6.535085100884916 -40.9
108.0737177707261 28.29456091186027 -40.9
-38.55107097530676 104.8542587997658 -40.9
89.55143418763723 66.79279696851412 -40.9
31.82872312584208 107.0861477230366 -40.9
30.72470776591899 -107.5065439545296 -40.9
-109.5265810988419 22.48538843665234 -40.9
0.1379115461546452 -111.5111273074751 -40.9
-27.63172240994199 -108.1021128393908 -40.9
-110.062749029733 -18.53651917264144 -40.9
102.1839038264924 -44.61050948869726 -40.9
6.609195285918807 111.0638129269163 -40.9
110.8738579330287 11.1399943888933 -40.9
47.86452684067532 100.6938396816199 -40.9
-21.80513173859796 109.3316242215489 -40.9
98.20827439266782 52.23371472429113 -40.9
-118.0099732907614 -30.94585923696079 13.53637026316953
121.3762793508609 -12.32066601047936 349
-118.0099732907618 30.94585923695908 684.4636297368304
121.3762793508104 12.32066601097651 349
121.1728708451549 -14.1822202473174 433.3898740517819
121.5313822446794 -10.68284277229746 262.9883732337884
120.9145110408295 16.23825790400925 264.1322782244495
121.3420644742691 12.6531967945777 434.7970867726707
-106.3008819030538 59.86754134447982 13.53637026316977
-106.1055137393234 -60.21312111254703 685.4572905042864
121.1339040913661 -14.5112811144891 192.0049521780282
121.3762793507319 12.32066601175022 505.6938775510204
121.0783687656483 14.96758554509305 191.8650205060018
121.3762793508169 -12.32066601091224 505.6938775510204
-63.24389333388441 104.327417086652 684.4636297368301
-61.36974858212074 -105.4407604248342 14.79825541429067
-34.36342087843637 117.0604771284119 13.52416065193012
-34.78435854382931 -116.9360868196569 684.9272665818899
11.70904653648413 121.436807555232 684.5122473422225
11.77129731808945 -121.4307891741182 13.50109598243402
121.3762793508178 -12.32066601090411 562.6734693877549
121.3762793507979 12.32066601109973 135.3265306122449
121.1923702233841 14.01461378840725 564.5751709513399
121.5833655023844 -10.07398794488073 135.0788909315287
42.13453663939925 114.4931474900709 13.53637026316961
42.13452039661257 -114.4931534675652 684.5009100368903
69.79823253490453 100.0610150608287 684.4636297368304
70.02986293357495 -99.899040523444 13.50867599436094
121.3762793508158 12.32066601092347 391.734693877551
121.2801366609498 -13.2336106751458 306.200116965878
121.3762793508158 12.32066601092347 306.2653061224489
121.3584901342372 -12.49467375877677 391.2698892565426
121.3762793508158 12.32066601092337 605.408163265306
121.1092910585979 -14.71528522604348 90.81820447541689
121.3762793508158 12.32066601092347 92.59183673469387
121.3016877576006 -13.03459041004217 605.982916554315
92.89640692103426 79.08386422755036 13.53637026316961
92.89640692103461 -79.08386422754992 684.4636297368304
-76.06575582676585 95.38344086109934 13.53637026316979
-97.3379072562291 73.5481598068758 684.99247950918
-97.77246186789017 -72.96948471992907 13.53637026316973
-120.9983816864361 15.60101372550885 13.53637026316978
-76.06575582676477 -95.38344086110021 684.4636297368303
-120.8697649236515 -16.56803933183494 685.5671227385795
102.8997730144843 65.5411070517398 685.1184228369104
102.2476928637152 -66.55380758489599 13.47702068569437
121.3762793508169 -12.32066601091228 648.1428571428571
121.1879750416505 14.05256934885181 50.22830580266817
121.279101074184 13.24309792449897 648.0924218011139
121.3762793508169 -12.32066601091227 49.85714285714285
120.9779474805687 15.75868723557779 464.7337702071609
121.4297299791181 -11.78221868743164 235.0626607439937
121.3762793508158 12.32066601092347 235.0408163265306
121.3618791440429 -12.46171298926116 462.5697127357464
121.1547297118593 -14.33636873292229 164.1020391188616
121.3125534853996 12.93307259904067 534.7051534243267
120.9525875700239 15.95216474700854 164.1596125059168
120.9313352859041 -16.1124841650271 533.8428084524942
109.9191527592515 52.93184161436606 13.47627697672499
69.79823253490453 100.0610150608287 13.53637026316961
69.79823253490505 -100.0610150608284 684.4636297368304
109.7044670093672 -53.37536808482604 684.5271756047741
42.05186733794795 -114.5235366786742 13.50677397712581
12.06043482566466 121.4024131218811 13.45622124955747
11.71480916073776 -121.4362517798021 684.4636297368304
-19.45390494805789 120.4389703637155 684.5105080612595
42.13091381365636 114.4944806583543 684.5006359495732
-19.47118719407156 -120.436177576563 13.53637026316954
115.7848011353015 38.44320259888181 684.4636297368304
115.7848011353016 -38.44320259888161 13.53637026316954
119.75021715291 23.32135270156746 13.53637026316963
119.75021715291 -23.3213527015673 684.4636297368305
121.3762793508166 12.32066601091593 676.6326530612245
121.4551590664013 -11.51713228868844 21.30911734359739
115.7526032843636 38.54004194202111 13.47768034798295
113.0835144328396 45.78338960275616 26.77747408472358
106.4639778086321 59.57702098261618 26.8791222279235
110.1224101060751 52.50766413038581 40.00343448479597
102.6262689760982 65.96854489865257 40.11302982077967
106.4154063327177 59.66373517508417 53.15272290742585
98.42193524455546 72.09107200421236 53.27746157197173
102.7597775806888 65.76038405884927 66.27515217092557
93.87296264489363 77.92218480170075 66.38640311491561
98.56227549604469 71.89908100276237 79.3314153768803
88.98695105518034 83.45850790604237 79.45539607238814
94.02089761512373 77.743622321361 92.37026038357672
83.78534554380451 88.67928660124234 92.49601970678958
89.14537974779131 83.28926263103833 105.3845621149929
78.36677441287475 93.50213189078418 105.5127331708903
83.95468510450186 88.51898581097691 118.3765108434317
72.5186033972838 98.10735019002125 118.5045347746912
78.46823850991571 93.41699815960145 131.3519328387203
66.16725535901647 102.4982649524113 105.6468296994273
59.90740611185097 106.2784206363162 118.6649026730278
53.22480485584907 109.7775940165241 105.7723939914037
46.49009623276088 112.7948179318032 118.8171662065641
39.32236510313933 115.4891839208132 105.901078960637
32.25339102401132 117.6593335330956 118.9758526734236
40.75936981114747 114.9898855230238 131.8980781813281
25.03627438149071 119.4034545777245 106.0289990128164
17.52806636459376 120.7342821634286 119.1334104439511
10.04750229664484 121.5855571093825 106.1545907858069
2.489253332645663 121.9746023475621 119.2864599228271
-5.184017665289936 121.8898107343102 106.2863715500791
-12.6161592950108 121.3459209229668 119.430013909186
-4.939370498504513 121.8999697255028 132.4087262161265
-20.20344027114385 120.3155060713719 106.4242621257095
-27.49466780811137 118.8614455663467 119.5728676124395
-34.92775742650775 116.8933349731927 106.5571026810913
-41.9956684905558 114.5441566734477 119.7278282296941
-49.13129923325332 111.669671064495 106.6945529904348
-55.86557569875183 108.4575375520163 119.8563071822622
-48.90722804683669 111.7679875669895 132.8790533626898
-62.58002514520238 104.7269805390466 106.8351729717903
-68.86015813829408 100.7088805476912 119.9951385417211
-75.07482303048427 96.16533131509229 106.9696376506763
-81.25741357026244 91.00127878151675 120.1522151989375
-86.4233871648615 86.11038352575403 107.1082774578729
-91.96399831359513 80.16622115440562 120.2966890032393
-87.42409579778014 85.09422703063093 131.7374265985584
-96.43623405188319 74.72651980314889 107.2508391158428
-100.8236844923169 68.691954735571 120.447480132441
-104.9676237392806 62.1755415459232 107.382521952622
-108.8765660206677 55.04446722012291 120.5911659333792
-111.8832002907964 48.64308268078344 107.5216602311597
-114.7533338340614 41.42067568218158 120.7492700875189
-111.7856593584106 48.8668227103562 133.8079582003962
-117.0608108689921 34.36228395630974 107.6665431827083
-118.9770997791165 26.98980785685878 120.8870116465544
-120.4215427378965 19.56149392620542 107.8110571212181
-121.4021329455708 12.06325479569939 121.0221581299774
-121.9183988148454 4.461393327684703 107.9560820606572
-55.62997952935738 108.5785677634554 94.17411255241288
89.26703200306999 83.15886601777876 131.2182079479886
84.10794447058998 88.37337651652872 144.136450092242
-91.39863368334277 80.81020827109728 94.81502588761008
-114.7372645191084 41.46516767929616 94.4168385273494
-12.28384922918908 121.3800109083639 93.60580133716931
32.63638635129241 117.5536740639321 93.11109463272857
94.18135051743837 77.54916643466524 144.0074392649515
89.39700065077074 83.01913197959911 156.8737141350834
78.68925666206636 93.23090091794376 157.0205427629404
84.15793352460545 88.32577327636646 169.7295388073972
73.00262202277567 97.74772211054204 169.8988363043996
78.88823910999172 93.06259039014965 182.6181126241718
67.0584629854451 101.9174300207265 182.7659512791022
73.21238152696188 97.59071262753731 195.4767600650743
60.88856825865773 105.719356105733 195.6254493176677
67.1648891870568 101.8473252495635 208.3057598327342
54.00923142493293 109.393797451629 208.467470620022
61.11505088183007 105.5885910300508 221.1814139239769
47.91868352703955 112.1953642938755 221.3313921352269
54.73297826596585 109.0334860954987 234.0380384827172
41.16186102148224 114.8464243990564 234.1885047594465
47.96528821049353 112.17544796828 246.8751629517424
34.25399594267831 117.0925435796788 247.0527143586301
41.40343592508895 114.7595551298324 259.7751250801745
27.21784021560629 118.9251410509894 259.9267314191276
34.4998026916293 117.0203555550856 272.659808569163
19.53631750849333 120.4256297397167 272.7997645514829
27.18955480397298 118.9316110609864 285.5326177699044
12.85139524700306 121.3212332619699 285.71520594256
17.05236945424498 120.8023869631554 298.4986672209029
4.05236657889584 121.9326794797451 298.6472500835769
9.614012144337046 121.6206017518765 311.5501287971617
-1.750308776549443 121.9874436947784 311.5862665158665
5.537675761504165 121.8742554732559 324.4079321266145
-9.259315073853303 121.6481199376427 324.5533444193848
-1.417040018835668 121.9917702043257 337.3891510536029
-16.37598191981809 120.8959354823883 337.5439730901778
-8.81779275457454 121.6809209816287 350.4005587038718
-23.63616580196439 119.6884775831911 350.5597764140544
-16.12071848522726 120.9302378874699 363.4425059945405
-30.82096017601106 118.042655060909 363.6032062912311
-23.37849054336932 119.7390754094652 376.5099912658317
-37.90389409282641 115.9624715698997 376.6715291792993
-45.2382758416432 113.3026848705511 363.7400452660998
-51.86903027262264 110.4246516796759 376.8276137073424
-58.83732648560456 106.8745480085244 363.8776338986357
-65.07745903871245 103.1936254090567 376.9854725220345
-71.45778813627768 98.88268055969586 364.0147330849604
-77.3080716261402 94.37935188084084 377.1412006838705
-83.09596691557735 89.3255858215622 364.1499856293255
-88.37138355778447 84.11003845013354 377.2960921337346
-93.53125658004737 78.33201160800957 364.2911519382664
-98.11196362274546 72.51236166398851 377.449731196417
-102.4804597413451 66.19482888566566 364.434531898168
-106.3122754648879 59.8473064178982 377.6022700437605
-109.8744963888969 53.02447588884102 364.5775831853362
-112.9034219426526 46.22572134255292 377.7539385924279
-115.5948707224839 39.01058654586259 364.7220325164163
-117.7593344867751 31.8863472544572 377.9046176645971
-44.84773717861508 113.4578356481291 389.7755783288964
-109.7619434981015 53.25707238967962 390.7902172590758
-9.32164670582546 121.6433594681262 298.7692604840307
-98.24067023120371 72.33789264641241 351.2754868572247
-8.504129459797936 121.7032447477511 376.3468167765828
20.61181547905305 120.2462184962898 324.2362455301921
19.82345458775001 120.3786968205231 247.1882878757212
38.59847056243996 115.7331329837763 285.4442346870078
-82.90027366206172 89.50723225949552 390.3002958322689
58.33531724435304 107.1493852618889 246.7200425296659
-65.28660914305308 103.0614315183047 350.8990857985768
40.91158613926397 114.9358173920105 208.6189109209811
76.45195339995138 95.07417536498366 208.1565952619897
92.1382813997737 79.9658495902852 169.5568197432883
98.67197896233914 71.74845341647236 131.1477255908516
83.58597357685225 88.86723255064128 66.52441002272157
6.118961744050192 121.8464538145237 350.2399400967207
-23.87443678454459 119.6411771432427 324.6839480993433
5.318199200804389 121.884029951674 272.9398124546738
54.25472957585198 109.272248620824 182.9134171513576
-120.3834366402263 19.79465035530136 134.063754963454
-119.5369333232417 24.39101415839161 364.868008159637
-120.8023976014451 17.05229409030841 378.0541184582358
-117.8257582198011 31.64001738193235 351.6901599242863
-120.8366684200012 16.80772337809898 351.8339151404882
-119.5861147271326 24.14873007984225 338.670420264437
-15.83153847469913 120.96843550912 389.4112676786838
-0.8884886421942214 121.9967646617429 389.2424195094698
-8.230182694078238 121.7220772613666 402.2753431107374
6.724944350024509 121.8145111367651 402.1145845935974
-0.6149015809333493 121.9984503837888 415.1389641834324
14.31046285982379 121.1577923731594 414.9803146029157
6.99778879901901 121.7991418357466 428.0008890713631
21.8373572679629 120.0297039384474 427.8427401498504
14.58063670854773 121.1255754709688 440.8600829668915
-0.3590931779975274 121.9994715238124 441.0325864449355
7.273505571507479 121.7829877967413 453.9230946698726
-7.728722358439441 121.7549458983337 454.0988518935278
-0.07557719027361549 121.9999765905236 467.0248606595974
-15.09029409362004 121.0631365204456 467.2014949107082
-7.444450146333797 121.7726576946514 480.163838715664
-22.41587719694094 119.9230105087913 480.3404429883446
-14.80677246500885 121.0981399079666 493.3340433664974
-29.67282744561508 118.3364834333975 493.5115265572945
-22.1312911522902 119.9758557041064 506.5344921890274
-36.83448333933286 116.3065812287697 506.7126383905152
-7.091541867063431 121.793719189241 506.3541279952337
-14.48471085361802 121.1370841298695 519.5525783033463
0.6286058234129316 121.9983805413776 519.3750012178015
21.50769810932201 120.0892123466478 453.7481439931416
-6.787976721150719 121.8110149864663 532.5654143299585
8.340040742147613 121.7145994547052 532.3884846949242
28.99274922613088 118.5049386832071 414.8387926356859
0.9306655983066626 121.9964502005863 545.5712669464137
16.0181454595119 120.9438672113552 545.397059084491
-14.19805445845289 121.171016541064 545.7668888355809
-44.12259128729569 113.7417994322855 493.6651946974785
-50.98790698654273 110.8342606829299 506.8829232771974
-57.91234245487678 107.3785853482391 493.8146196389122
-64.37309280279354 103.6344774821726 507.0535605245267
-70.82353424881133 99.33794338774811 493.9652041608815
-76.77676819290687 94.81206603514472 507.2238062870358
-82.64983273616966 89.7385377008294 494.1165844397287
-87.99908347149987 84.49947519467797 507.3927347670482
-82.44124936957489 89.93019738877241 520.5188167071835
-93.02805654268099 78.92895980495213 520.6899445258158
-97.86831566664686 72.8408730629553 507.5425386815018
-102.1654658146791 66.67996396871877 520.8517090044188
-106.2099244335037 60.02875937273253 507.6927166660795
-109.7208957873588 53.34158816176679 521.0123850863044
-112.8880403709381 46.26327205472451 507.8438544416254
-115.5246124785057 39.21815793342533 521.1733001421603
-117.7930532242884 31.761558716473 507.9962230110991
-119.5272867779355 24.43824288906987 521.3324176679799
-120.8443020033166 16.75275121677639 508.1492268366106
-121.6505075356142 9.227893385137842 521.4861239026056
-121.9904271646127 1.528293229497275 508.311775825633
-121.8486751554451 -6.074566886850413 521.6256485760047
-121.2186220249555 -13.78570543610252 508.4743930592375
-120.5996432118494 -18.43165909989157 521.7122487302487
-87.80398662879566 84.70218375042211 533.8399366812682
-112.7843111529839 46.51557973138582 534.3557312856024
-121.9873165898187 1.75914502396628 534.8198344711814
23.3056828549963 119.7532677911644 532.2321059210641
30.7502536685375 118.0610939273417 545.1904555535099
37.84243000602928 115.9825439074293 532.0767616768259
45.05587036702785 113.3753436399184 544.9765333249518
51.77211110997358 110.4701249714897 531.9211307768065
23.63107107181215 119.6894835814699 558.320307702253
-121.8388570484237 -6.268405948387508 495.1682173277708
58.52772444668801 107.0444088735725 544.7621203390582
64.8129646266292 103.3599517042617 531.767056406867
71.14809347383803 99.10574551981337 544.5500184745841
65.13459592834528 103.1575707994871 557.5032094101504
-115.6104226715748 38.96447317364646 494.6693476415912
77.18453950247294 94.48040464451448 557.3054488086457
71.43069238627025 98.90225571349742 570.2709302850791
76.90998323971766 94.70403622901375 531.6121919247355
70.90320043554622 99.28109673042879 518.8727672410224
82.93056663091927 89.47916583358753 570.0745936969578
77.45576468491795 94.25818010695208 583.0498846879764
-64.60401179477169 103.4906839286561 480.7195594805093
82.3928205763327 89.97456928197127 518.7196786954072
76.68628218447607 94.88526821758428 506.0186450994673
87.57028246467813 84.94377922518215 505.8665531122111
82.18148636894497 90.16763997239204 493.2050471522888
88.35164406554694 84.13077315058328 582.8546288739908
83.18200778724423 89.24546812294079 595.8376543747277
71.6629795075421 98.73407399728627 596.056794001664
92.42653285499256 79.63250607889331 493.053268200941
87.37127881639513 85.1484564627436 480.4292633682137
92.62348736823826 79.40333486539346 518.5245238037443
93.17924715509432 78.75041523452333 569.8962592941552
93.43076510401804 78.45184594436135 595.6425022656358
88.58745965273863 83.88242958018328 608.6332158441554
-22.67000129415171 119.8752311418967 454.2426087929786
96.94953079697825 74.05935780335774 480.277646269249
92.24133167831812 79.84695817756933 467.6894541449367
98.15724044771372 72.45106036276982 608.4465159615087
82.01683469488306 90.31743368050392 467.8276014472276
87.20254004884131 85.32125766202832 455.076191452691
96.78873700084944 74.26937720070364 454.9510639045441
92.09053955932723 80.02082556229963 442.3661417965685
81.85959055217531 90.45997697672829 442.4782856519078
87.06349542380262 85.46313687543595 429.7559456965514
96.65819357873669 74.43919407204423 429.6548200446733
91.96864266368006 80.16089300026746 417.0702759217776
100.8755085907855 68.61582737641771 416.9688537123671
96.5411205630903 74.59096487124204 404.4112112402655
86.95890700696827 85.56955353484932 404.5002680985768
91.86330493097462 80.28158697459072 391.8265625660137
81.62076602312847 90.67552345477648 391.9151700799745
86.84365554151545 85.68651873070007 379.2228180764685
75.9746675422432 95.45601024474895 379.3114311567647
81.49844198615889 90.78548316679651 366.6006030811051
91.77099769800955 80.38708840051319 366.5226040679193
86.77141085746989 85.75967734200123 353.9218123227031
96.36325059093132 74.8206117025875 353.8432329438495
91.67313363688193 80.49867433190678 341.2664621795405
100.610502714237 69.00381687695628 341.1885845402477
96.27210051715834 74.93785866979493 328.6345734020026
81.41497035831088 90.86034669510876 341.3316751295841
102.2809427911333 66.50269725174256 595.4559557559477
8.018579075804059 121.7361999965708 506.1968620228108
100.6969394918583 68.87761883930823 366.4151007362955
70.04056920804612 99.8915345012424 366.6890917822545
70.72476625872832 99.40828656429123 493.343168948522
93.65100241134138 78.18880832543064 621.4719986627647
14.55149287658663 121.1290801379365 389.1075589497264
-76.51804940572825 95.02098776134949 533.6671814405979
-82.21234922508327 90.13950096873705 547.0002299875721
102.5118325945726 66.14623328733336 621.2862630610957
83.35208262053959 89.08664503065957 621.6863187584189
101.2684253571624 68.03459433024373 492.8620268016506
-70.28075949230413 99.72268972097024 546.8284901897027
-76.28090318566215 95.2114688951895 560.1730023547947
-87.61648925998377 84.89611775431872 560.3507269745087
-81.99681894227231 90.33560584480635 573.5492520597365
-92.69537469450408 79.31940185254484 573.728057783132
-87.41151351938245 85.10715189836174 586.9536411168144
-76.00678032831345 95.43044243910589 586.7717118343986
-97.42936414262535 73.42696373106891 587.1327103112302
-81.75504888252188 90.55446969761603 600.1952246576677
-69.69231948701766 100.134812151017 600.0126418758724
-75.75106301986531 95.63355295794669 613.4546595411471
-63.07798163523939 104.4278135020762 613.2716083596065
-56.4996995385395 108.128552899106 599.8174663086924
-49.4040589596969 111.5492669554883 613.0719643555594
-42.42352475297012 114.3863827015005 599.6332494447265
-34.97931357457009 116.8779175971744 612.8708031243291
-27.68239285452966 118.8178653479664 599.4484276145223
-19.98230034372285 120.3524311053717 612.6676222190283
-87.21517268861447 85.30834456778044 613.6389941133006
-42.10262971778632 114.5048844846672 626.3132029478598
-102.3108830517572 66.45662652564953 494.383301086573
-119.4851462006381 24.64345425081743 391.0994947378904
-121.6179262619759 9.647798284406385 391.2500422455234
-120.0962645159314 -21.46828473165554 495.3286184186135
-121.1882539077478 -14.05016422648713 482.0488582491174
-120.7624238410635 17.33311824315953 404.3023915329843
-121.9803918318746 2.187237651090607 404.4528579153261
-118.4926856408039 -29.04278653348578 482.2089425028122
-121.87513342035 -5.518319832329402 391.4001384175455
-121.3116668525851 -12.94138653496623 404.5880620284973
-121.5981852781541 9.893499737691393 417.5087926137181
-116.4896233662944 -36.25145028793868 495.4599805243872
-113.9586007509725 -43.55958350214632 482.3640086637013
-111.0771547830246 -50.45657227069626 495.6014225965652
-107.6602546899375 -57.3870156054294 482.5176767833673
-103.9501853278458 -63.86203074054652 495.7399597661874
-99.71461896584044 -70.29220984218131 482.6779877670356
-95.2347879818394 -76.25178790070498 495.8768679740482
-90.24023437980857 -82.10176672323936 482.8379299611893
-85.0528967693873 -87.46430558311171 496.0025574181504
-79.41356232325602 -92.61471869595205 482.9981738873818
-73.60397847449448 -97.29570572602961 496.1496304500778
-67.37914359000828 -101.7057078490536 483.1607839191034
-120.255304077037 -20.55874123917539 391.5602546382341
-121.6566363970693 9.146738246570086 338.8117513777966
-121.9081761084495 4.732504401611751 134.2095963785215
-61.06136623703125 -105.6196456785722 496.2762502709452
-54.35177793540535 -109.2240094267757 483.3234279853526
-47.21542955583526 -112.4931251759767 496.4056995999726
-40.47169165389347 -115.0914513535743 483.4885666991361
-33.45413537585174 -117.323573190788 496.5468863976692
-47.3472796110522 -112.4376943619569 470.4357373283726
-33.22300625796947 -117.3892322795533 470.6009935788593
-40.22633362564683 -115.177437387008 457.5825984486229
-25.85992077428957 -119.2277840838597 457.7467809657824
-32.71692610053933 -117.5312841184501 444.7686339195336
-121.3668927603551 12.41278944059182 147.2355249820789
-121.9701327595443 -2.699391527575232 147.3825463774032
-18.41290468901288 -120.6025080208257 444.9244017173352
-25.60084145425097 -119.2836825254582 431.9689650183032
-10.90908493784128 -121.5112828745502 432.1297704739399
-17.91268161924802 -120.6778183313216 419.2042571613496
-3.631847604460685 -121.945929341565 445.0586275462928
-121.8977779830291 4.99316761186108 160.3958184499974
-121.5801507003922 -10.11271257724322 160.5431233833588
-54.79188659955334 -109.0038951728868 508.5099342576507
-3.377650795362054 -121.9532347873749 419.3590746670365
-10.64625240876164 -121.5345930574869 406.4521283445106
4.829716360814468 -121.9043634980885 406.5990492600589
-3.114405948151239 -121.9602413723018 393.7286941552659
-121.9756527258806 -2.437240672437152 173.5452687829984
-120.7407492936151 -17.4834624721871 173.6923769366018
-119.4025697105726 -25.04049413473815 160.7036572091057
-117.6581035085007 -32.25787777865943 173.8442557827919
-115.3943763521743 -39.59972103806722 160.843139132904
-112.7661720274676 -46.55953657707065 173.9982568723244
-109.6105661308322 -53.56793623501335 160.982175775813
-106.1406471433328 -60.15116810166294 174.1521728069706
-102.1347294644652 -66.72703378107329 161.1221995581482
-97.85566414076459 -72.85786845337901 174.3054851695025
-93.07920954727726 -78.86862969555165 161.2644740865929
-88.08931782410947 -84.40540317588105 174.4570193505581
-93.24530931637004 -78.67218244395204 187.4908115569405
-82.78135318279742 -89.61722806037328 187.6469846379297
-76.9619448306548 -94.66181409567031 174.6191180117133
-71.32557743879534 -98.97808849953817 187.8031910540006
-77.2485258527243 -94.42809567909852 200.799724355865
-65.05202796315083 -103.2096587431692 200.9540884782687
-58.27419859491765 -107.1826374844363 187.9813821866078
-71.38855336697215 -98.93267634189914 213.9305563955077
-58.53385948445697 -107.041054244873 214.0861602618705
-65.19199927648317 -103.1213034747671 227.0384139144497
-51.95900560624244 -110.3823434087647 227.1947048721424
-58.78267533201828 -106.9046167422648 240.1238392676762
-45.20674864347963 -113.3152676257055 240.2802571417164
11.65576843710494 -121.4419328821004 393.887518053028
4.41582918132169 -121.9200576305695 381.0243493995957
-10.35391865667732 -121.5598468592771 380.8549598172662
-119.454889646643 -24.78970228761012 186.8297479503073
-71.479965249915 -98.86665043315134 239.976025249077
19.1066357563088 -120.4945495450966 381.1806948454649
11.91745212477472 -121.4165323786415 368.331216858094
-65.3632980975861 -103.0128111537885 253.0611506256237
18.84878245058736 -120.5351542087636 406.7474067220878
-38.02199184652624 -115.9238031468201 227.3759456830212
-30.98042962365058 -118.0009024555915 240.4309628790904
-23.58938535891315 -119.6977063205001 227.5571737535696
-16.32566512181282 -120.9027404913984 240.5788684153995
-8.766139063425785 -121.6846531240513 227.7423193229623
-1.489893829868663 -121.9909021869079 240.7248017242087
6.07542646753311 -121.8486322994132 227.9271607844913
13.34847699424797 -121.267547851575 240.8707291353334
20.80667031327119 -120.2126552010014 228.1115561118771
26.47728286751686 -119.0922058404894 368.4872903632756
-120.8690973174808 16.5729090282113 325.6515069432998
27.93756331744714 -118.7581262730413 241.0159582503347
35.22656520410847 -116.8036348061168 228.2951451110768
28.24008845111208 -118.686551067395 215.4167099570557
-77.53114067582536 -94.19619007956416 252.913607908874
-71.68648607447385 -98.7170082320887 265.9966447885033
42.08932547658716 -114.509775481947 241.1613051017959
42.38253757215156 -114.4015756401334 215.589946813033
35.51987222619213 -116.7147748874794 202.6997979757031
-32.67076827934586 -117.5441232050216 419.0295557313695
-97.72178520530666 -73.03733768619931 148.0619027860946
49.42500657582669 -111.539987112154 202.8715544331125
42.67052117655272 -114.2944732807381 189.969462085947
-90.39848374256501 -81.92749316954115 509.0540744696518
-83.27586791890101 -89.15789265316758 265.849059640795
-77.72698050728695 -94.03465585208377 278.9289915786827
56.20203453137598 -108.283568996104 190.1409662683627
49.66331356503969 -111.4340849369732 177.2265349158955
-9.041106122064367 -121.6645322190883 253.5307829368872
62.51556249515368 -104.7654735393037 203.0376925483184
34.96513279711615 -116.882160693923 253.8512648827876
48.79669082066036 -111.816291142896 253.9969054026833
-95.06495293963422 -76.46342081404107 469.6740024507827
62.80868656882495 -104.5900037838182 177.3980691444801
56.4718066981955 -108.1431229817303 164.4714047874681
42.90203765625614 -114.2077719112897 164.2825763512792
49.92901282879976 -111.3152895066152 151.4709829884598
35.96020039018081 -116.5798609876425 151.2801168730361
43.18027803197437 -114.1028640704579 138.4108559005415
28.85584343780858 -118.5383494886473 138.2190222570037
56.84100284616964 -107.9495270737289 138.609625928891
-88.69280078150541 -83.77103968276981 278.7816309149101
-83.46109353569859 -88.98452599090119 291.8596760086966
-71.90041682313645 -98.5613010296599 292.0035935815743
-77.92403773626211 -93.87142452779545 304.91888227669
-121.3418169958683 12.65556984656242 173.4032526722106
50.25851106720902 -111.1669108381952 125.537305525488
63.51120501277515 -104.1649021399494 125.7344834137536
41.83914029009101 -114.6014238122114 266.6634437933979
55.32206307944827 -108.7357776292309 266.8088572657635
-93.60511293959236 -78.24373988739393 265.6990979787485
-88.85656064839142 -83.59731831667052 304.7811011396201
-83.63527715596932 -88.82083322646886 317.8409531607082
-65.8212854239418 -102.7207787409149 305.0631263634193
57.14477650594955 -107.7890278186285 112.660422903599
69.93567574079634 -99.9650001684499 112.8524652693958
75.78172604700589 -95.60925686007893 125.9157266448756
48.55370061773815 -111.9220181926821 279.4527317841419
61.64282224378005 -105.2813490881539 279.5978991257006
67.96321920445894 -101.3163404163744 266.9801533846862
73.80727422426843 -97.14157849028213 279.734240182304
67.74920949624637 -101.4595713209637 292.3227845197549
79.59071357206462 -92.46252383041234 267.1534217614989
79.39046745301316 -92.63451666410344 292.4595507315491
73.60775153443207 -97.29285129980163 305.0251887770676
-93.90533182530615 -77.88317311704206 317.7033233856681
-89.0201389320394 -83.42310749738589 330.7642282835214
84.69017604437184 -87.81556856032594 305.1618547250607
79.20081935491888 -92.79671445428176 317.7052847883505
81.61542660469134 -90.68032940023014 113.0956470509507
-118.7808479389128 -27.84080032816741 404.7212926165091
19.36586093651948 -120.4531586559165 355.6512640166388
21.36898128803907 -120.1139735364351 151.1371632281042
14.02244475621713 -121.1914643985245 138.0465733515381
-121.9907850228136 1.499456407396935 325.7940214231935
-121.672696864513 8.930556405753116 312.6402388891716
-119.6350708527402 23.9050166713984 312.4938019772533
-120.9029926324143 16.32379773601633 299.4895655655425
-117.9606714065377 31.13326197684475 299.3428373447156
-119.6858358267822 23.64953915924244 286.3500667453171
-115.851444001129 38.24190009470328 286.2020654269307
-118.0269264203066 30.88113728112249 273.2168542465959
-113.3157628740355 45.20550723391289 273.0687848819445
-120.9358472539834 16.07858354959142 273.3609831319365
-115.9328450716489 37.99441318921829 260.0910795230357
-110.3639492223473 51.99806450289416 259.9430573373025
-106.8819297881469 58.82391592508647 272.9135631837789
-103.1133688223263 65.2045486918736 259.7925135515022
-98.81784663137555 71.54741915078377 272.7583464511927
-94.29940805546286 77.40556595225763 259.6496869115925
-98.96703223569338 71.34091764520012 246.6999174972853
-89.43723330672987 82.97578742282334 246.5523232103011
-94.4625140328156 77.20643394562474 233.6042064004465
-84.24540379403558 88.24234776783705 233.4561055182562
-78.56191509516505 93.33823169837791 246.4002007877065
-72.75904904097952 97.92916206448585 233.3164473545473
-78.74386304095911 93.18478434479887 220.3813489409618
-66.69651158166222 102.1546638330194 220.2394320227836
86.85511278999223 -85.67490520705422 126.0892128242893
76.0821875481044 -95.37033468482255 100.0666865438521
89.68962952106989 -82.70290415924478 317.8419553346067
84.51068614557568 -87.98831699267809 330.3647449138977
87.1518795604825 -85.37300445149599 100.3003632171476
-98.5889423803402 -71.86251067368828 330.6278509607262
-93.9958324744776 -77.7739254341064 343.6868841776334
-83.80553548624134 -88.66020652956063 343.8276582214762
-89.17862157269462 -83.2536693148964 356.7479217903902
-121.8436085810339 -6.175358123364581 312.7819688194593
-66.49279033444216 102.2873835501716 246.2478588505812
94.5347785040487 -77.1179334084521 305.3233961480015
-78.2926313460043 -93.5642232742765 356.880953255439
-83.97771074532787 -88.49714175030763 369.7886851219915
-72.97643957858709 97.76727093681622 207.3018461511026
-60.38290721261865 106.0089831879935 207.1603126080329
94.37430134530895 -77.31423701741366 330.501405583296
89.52131435275949 -82.88506666797353 343.0046031553342
81.92011393279418 -90.40517094302749 87.25933311339779
92.35100948428045 -79.72007932280513 87.49245180322106
6.425384077290023 -121.8306793851996 150.9907483432104
-0.9720885636540068 -121.996127167318 137.878294807682
6.702621969775808 -121.8157414242112 124.9066508320827
-8.39560357220922 -121.7107794760115 124.732660329459
-0.6970834215434677 -121.9980084866282 111.7130440542535
-15.81858405535382 -120.9701301912324 111.5380501626376
-8.122279080077144 -121.7293250722493 98.4714714071398
-23.20493363351939 -119.7728310388627 98.2959407023461
-30.75699227468249 -118.0593385811352 111.3985572379281
-37.98645326736364 -115.9354534565092 98.1373397873663
34.74626071761207 -116.9474128236436 279.3167388894764
-45.24149487551277 -113.3013995563557 111.2626389562308
-52.12282304202928 -110.3050829206402 97.98033195085887
-44.99798534038985 -113.3983303021083 84.82627688022164
-58.83631979264678 -106.8751022140208 84.66712314361492
-16.02976795103477 -120.9423273276812 214.7474459470936
98.72925576724938 -71.66961738174032 343.1411753957967
94.21717653331358 -77.50563622144151 355.6251522801688
84.35227022167261 -88.1401980281978 355.4982401441025
89.3680842541756 -83.05025898056292 368.1320762174151
98.59567363322758 -71.85327508757045 368.2511016648211
94.08295537508032 -77.66851040087381 380.7450404504685
84.19888172606446 -88.28673918590611 380.6345766459291
89.23362813125173 -83.19470902968216 393.2613632666005
98.48052994317814 -72.01100764543428 393.3642702250525
93.96674673630437 -77.80906443207778 405.8684394047262
84.06447629342838 -88.41472629325736 405.7743630208182
89.11775986716576 -83.31881465946439 418.3964539037202
78.58043138203683 -93.32264357492772 418.3026622198104
83.93917927283577 -88.53368953682399 430.9431970913548
72.8006794766428 -97.89821789868863 430.8496897677741
78.44761701556519 -93.43431588329423 443.5108021307206
89.021201782761 -83.42197332329745 443.5961965434415
83.83025145171395 -88.6368373845909 456.1551381905969
72.6707434794637 -97.99470925586741 456.0782537338476
78.33918042689764 -93.52525225863856 468.7410792599061
66.61055138625049 -102.2107354636473 468.6680466727756
72.55393437802728 -98.08122453491754 481.3653039000308
60.28531195811537 -106.064514151118 481.2932963837986
66.48708366183459 -102.2910929951587 494.0292978331897
78.29011398068535 -93.56632969659169 494.0991117149266
72.47126246179671 -98.142325819156 506.7845153900538
60.12394279903154 -106.1560714339919 506.7278023918203
66.40321342799844 -102.3455580200513 519.5365131486286
53.50920691869063 -109.6392483325782 519.4814462157265
60.01208362682193 -106.219347666832 532.3499668247708
46.65909330345694 -112.7250150237262 532.2948409486942
53.39163841380656 -109.696549387341 545.2243199307732
39.60004738504403 -115.3942643596391 545.1680721486553
46.53788926410623 -112.7751074610075 558.1546129456592
32.35877610947574 -117.6303940684414 558.0981903091784
60.00435544051324 -106.2237135867907 558.2043171770408
53.33303575213822 -109.7250531896027 571.1465556948914
66.37728081372204 -102.3623787911178 571.198157334483
59.84815664411754 -106.3117968350699 584.144628712901
72.50740618970245 -98.1156259096455 584.1991931638534
78.26112539833063 -93.59057779171344 519.5881281548606
66.30295777052969 -102.410535546297 597.158045592589
53.19768403095395 -109.7907391984533 597.1231495722543
78.37315486415802 -93.4967838839321 597.2148431039924
83.91880875917812 -88.55299846103739 584.2656117255796
89.18774189679934 -83.24389884760268 597.217160782612
93.78537164212808 -78.02758528846012 456.2402128763836
39.76860857170737 -115.3362812486614 519.3729795946952
94.13515962737455 -77.60522999082414 584.3372041671619
83.9594715494806 -88.51444592343081 610.1452595500383
94.13677114877096 -77.60327517369304 610.1590061341627
-102.8905262533037 -65.55562224034044 343.5591570824434
-72.49769559188232 -98.12280129443292 369.9232019263217
-78.47476393199892 -93.4115165588111 382.8210389674902
-66.24757133169535 -102.4463727647394 357.0297590211657
-65.52756802086482 -102.9083953293945 97.85448250750294
-71.79219069053519 -98.64016096830861 84.52370076740308
87.44010019653678 -85.07778133931096 74.44400909849142
76.33671768557582 -95.16672492522108 74.17118547458517
97.21571429355404 -73.70959838714407 74.66468853605006
-66.90019457233221 102.0213897483468 194.2177561946057
-53.84709891340678 109.4736951902592 194.0759797979049
-78.94216922412204 93.01684749651581 194.3566715243608
-46.98551056042349 112.5893502840137 207.0189084057623
-39.99013958728963 115.2596578850948 193.9458786988209
-32.7546397187342 117.5207793409145 206.8721022851294
-25.54830141220157 119.2949466446559 193.8170309019852
-89.33358235033164 -83.087370065832 382.6947648166373
-84.14206647324652 -88.34088888850829 395.7387294030297
67.57103239861287 -101.578322395015 317.5781764205849
102.5774749237736 -66.04439142169905 405.9704304775266
96.90267045084856 -74.12066148850967 100.5181759634807
-121.8556666816525 -5.932663615106737 338.9489436230181
-102.7614276151844 -65.75780557841942 317.5588500116562
-59.01645713075762 -106.7757359503246 266.1398060510008
-82.95132969560196 -89.45991785001563 213.7820290131748
-47.04519203207405 -112.564425582265 444.5889725344453
25.05839886700857 -119.3988134204939 545.0653428365546
17.632919980018 -120.7190131378578 558.0214107880299
10.26428446429416 -121.5674482105965 544.9627982154269
2.666892427438511 -121.9708476841105 557.9457873709654
10.11899665037678 -121.5796278444282 571.0425751201079
-4.978698348883177 -121.8983698117035 570.968351958982
2.521048944098463 -121.9739493179649 584.1102465106447
-12.62965015913093 -121.3445175393514 584.0369349493111
-5.132636021675996 -121.8919851650181 597.2236549248108
-20.25423005159571 -120.3069664026861 597.1506487439354
-27.63380488283581 -118.8291749853434 583.9286465753624
-35.08248123766971 -116.8469918748812 597.0604689940214
-42.23234842289594 -114.4571043958702 583.8161126226393
-49.38764502743518 -111.5565350781569 596.9699435158207
-56.22851665939699 -108.2698199605223 583.7063003366345
-62.92643752813703 -104.5192013938945 596.8776675983706
-69.29325104286627 -100.4113806294402 583.5928247253948
-75.52292171632799 -95.81382100422357 596.7838357541045
-81.32614671769204 -90.93985847829558 583.4843920555543
-86.93284194317941 -85.59603373803128 596.6893048792197
-92.07866504226635 -80.03448909085456 583.3707803679384
-96.98199779543295 -74.01683662253231 596.5947594272125
-101.3956475373844 -67.84484254882241 583.2593839202373
-105.5095834850548 -61.25134931420089 596.4990186655737
-56.34542837665786 -108.2090231960853 610.1709416586308
-92.19270797928284 -79.90309503045972 609.9371148228231
-12.78115515920383 -121.3286531401233 610.381211621841
-109.1172251290463 -54.5658426136445 583.1477647715675
-112.3734753886105 -47.49949504031959 596.402926331894
-105.4170371924631 -61.41048989841116 569.9078340251516
-75.3794648499007 -95.92672348695427 570.2908489082517
72.94378559946178 -97.79163636231758 405.6588544878276
60.43223985222739 -105.980868020803 455.9721604998071
-115.1145732199789 -40.40587868593024 583.0368478185809
-117.4128515351846 -33.13943714634729 596.3052140385901
-115.1727588984532 -40.23972673514037 609.6928086625213
-119.3098055740496 -25.4788204962962 609.5967631992851
-120.6806608176488 -17.89352130285168 596.1861824560889
-121.5738084738685 -10.18867474989409 609.490573894868
-121.9741808303691 -2.509822854390868 596.0677502783697
-121.8842164340542 5.313923621641647 609.3825532257655
-121.3118077864281 12.94006536261436 595.9533658981011
-120.2363293151241 20.66942458862934 609.2686698520016
-18.67456428137691 -120.5622687614194 470.7228327202453
-116.4120274929671 -36.49986102681328 469.1368815752588
-103.2488763181974 64.9897648790144 233.7463068949364
-16.04799775102541 -120.9399097410904 137.7427954683459
4.694086871377691 -121.9096614237115 355.4863987098497
12.19415478750803 -121.3890546508139 342.7924024117337
-2.5564449236242 -121.9732125892914 342.6265901584953
4.971294272903956 -121.8986719913396 329.9149356249949
-12.43557985160323 -121.3645597106272 557.8315613824044
-9.809025487136484 -121.6050287570078 329.7488505019556
-2.279393895257205 -121.9787045490739 317.0188809558658
-89.26232086583984 83.16392290917892 272.6013263955845
-94.1328437412526 77.60803907576148 285.7053308078671
-83.86498278415027 88.60397656208315 285.5488609309824
-121.5579767356577 -10.37585138353909 134.3705119688124
-119.4294208522816 24.91211421956387 417.3628162347661
-120.7293926729297 17.56171246847966 430.5816108425405
-117.6123717831785 32.42421939747189 430.435606948878
-121.2916526698968 13.12764230946007 622.7069562946277
-118.6591616169734 28.35495308331469 622.5962131574036
102.876553362172 -65.57754774555218 330.6611793111192
7.082487255584125 -121.7942460639027 98.64944691210901
-0.3666365401837152 -121.999449087475 85.38054267207261
14.63480524814816 -121.1190425793928 85.55814136811566
2.457239151248442 -121.97525148879 610.4531213985603
-117.5073704984961 -32.80271145087185 623.013822745492
-112.6728708304239 -46.78487126016923 147.8035395386692
-5.234364654338454 -121.8876590416988 623.6414254590813
10.04845078579095 -121.5854787250745 623.7152021869831
-87.89474669483552 -84.60799905121679 148.2011186335224
-109.7237417349772 -53.33573379710855 187.1662371624028
-121.8873386398067 5.241820228231193 186.5519967888701
-120.3057983254757 20.26116702635785 186.4103153115064
-121.3162930849092 12.8979468186379 199.5536337544357
59.79954402220176 -106.3391486459091 610.1928900579336
-77.91190399639149 -93.88149559767929 97.71686931938609
-83.59157371724241 -88.86196488641711 84.38082808989306
-89.07977241044104 -83.35942746506856 97.59599952533171
-94.08400656656555 -77.66723703327195 84.23973365917013
-81.5276753962183 90.75923173148207 626.9234232502665
-98.84301195069595 -71.51264915044456 97.46309377184652
-103.1363988638026 -65.16811512853982 84.11146934812943
-121.4174698778143 11.90789689533995 94.72381129651605
-121.9554219242247 -3.297736084700055 94.86731587196216
-121.9280644217583 4.18892663621268 81.58225136697406
-92.35024465739656 79.72096532104335 627.1081320640103
102.8759837904123 65.57844126810907 143.8789112537958
-107.043122228149 -58.53007759818488 97.32723307585658
102.8312621707977 65.64854545502644 92.24020618923596
89.29687709404377 -83.12681722074558 623.0878909216621
98.71185976971782 -71.69357531050858 623.1154312511151
-49.22084358048496 -111.6302313767441 570.548952644447
-121.4952422802647 -11.08630250623575 81.7270196045377
-107.7786945727445 -57.16426327868702 508.8246108257436
102.848785160095 -65.62108952991116 610.1997513085846
-77.72887318793275 -94.03309137178394 71.15209852736875
104.5009018837568 62.95682254912047 328.5567553773067
100.5269639932896 69.12546209821565 316.0248034241017
91.59664907643034 80.58569276223463 316.0912901095066
96.19712582968647 75.03407880495014 303.4657058196365
104.4373329844981 63.06221911005887 303.4083129744475
100.4675041963824 69.21185303508277 290.8649396211712
91.52477442181129 80.66731473798144 290.9103140404221
96.16917064321937 75.06990487402628 278.2901235279834
-51.89456171980834 -110.4126553611904 71.47253224503226
-121.9474292002735 -3.581132704085964 68.38463081711114
-121.7101632898454 8.404531632349583 68.3072586435818
-120.5329003055204 -18.86319018457566 68.53015384988676
104.3968466751065 63.12921989296476 278.2519703443236
100.4301843501807 69.26599505809992 265.6869941206227
7.403178093460355 -121.7751738003954 72.26068785893567
22.55205244063117 -119.8974767487416 72.4360500067922
104.7349988197023 62.56660468841958 404.3100085550144
-18.08141937706925 120.6526513314587 206.7235005597713
-25.30897055297464 119.3459509558186 219.7551928760236
-10.74361394305189 121.5260250293848 193.6891368263041
104.8358046453028 62.39754854456944 429.5204144976406
105.086840539813 61.9738327470548 480.1363406098145
-94.34675334969729 -77.34785150455947 395.6146695850812
-89.42623387980397 -82.98764181536066 408.6726027763155
106.5977201486403 59.33739174510595 131.0704854907671
89.26605491109692 -83.15991486653309 571.4520006768655
98.68753547531915 -71.72705446209 571.5230491995288
88.79712350460809 83.66044977949483 634.6275489532387
77.77337076522149 93.99629141522229 634.8458687787681
76.20361872088827 95.27333569179514 429.8675387921159
106.6946253956806 -59.16296909110791 623.0675488846075
33.73989199172129 -117.2417147963428 355.8073575077116
74.03825622457433 -96.9656465725067 254.4261905880038
85.08087971333012 -87.4370854226389 254.5951686609509
-98.70247757147681 -71.70649148614174 70.85435357414046
-89.07605310841252 83.36340181774777 298.6534185777062
-78.13869453803704 93.6928194468036 298.4972344028109
-115.7683865858997 38.49260535866166 312.3354513276728
70.4204774220924 99.62407520095017 442.6142574378789
-12.53615400696194 121.3542122990122 599.2727043423241
-4.721941668664692 121.9085856979636 612.4625853050209
-12.19983075609718 121.3884843365407 625.8576091053332
3.148237057023849 121.9593727576228 625.6530609086727
10.62972450146229 121.5360397455134 612.2475842320813
18.43030242908833 120.5998505487148 625.4276885247954
-121.9758367328379 2.428014275920368 430.7272478990012
-17.30638350366622 -120.7662580774283 342.4816631397251
106.3173143943016 -59.8383544224206 393.486589117738
-17.03918060838247 -120.804247955918 316.8514754299658
19.6655989962183 -120.4045855277943 330.0883363129331
-59.94913138667235 -106.254889986219 370.046571262614
40.61886289297527 -115.0395930855185 368.623634848944
106.5164132956608 -59.48322199265918 343.267711880932
63.97945152300169 103.8779561929088 379.4248104613445
57.52078999751141 107.5888410480482 366.7635354638282
109.6525012418618 -53.48204344827808 406.061790106961
-119.5367156727589 24.392080808533 443.6485853304957
-115.5495967698717 39.14448474970719 443.5182582160089
-118.7946798155885 27.78172146415369 199.4127349117047
-116.9007028960235 34.9030895826664 186.23671648553
-32.9387127381983 117.4693202634222 180.8976751038812
-120.2654828764676 20.49911287080667 212.5502820027656
-121.8762296209139 5.494056187395556 212.6927125733949
25.78092330474005 119.244890848854 612.0493499801199
-78.62465665957357 -93.2853866646013 408.7961430499667
-73.15641512733997 97.63267345369738 181.2565187634845
-84.62526958339032 87.8781187095998 181.3951509181599
-98.99769413415372 -71.29836292735303 408.5517942622791
-116.7947173507113 -35.25612002145796 391.7181448433698
-84.2907200543287 -88.1990618585186 421.7313090306178
102.9164034902807 -65.51498983153193 635.9352387757563
92.61603548604761 -79.41202661339887 61.58216556046801
101.3704321503118 -67.88251236996928 61.80324258910854
105.4823952276716 -61.29815900199034 74.88040711757857
33.37869516708179 117.3450583064452 625.1934544617698
-9.532454960626243 -121.627021267577 304.1001481020633
107.9506054180208 56.83895486268883 265.6506710037459
104.3592335388736 63.19137896247273 253.1030650852558
109.9022486826164 -52.96693057469302 330.8315471767575
-118.869324626917 27.46058380189004 595.8412488707424
-120.8056317158405 17.02936715608411 582.607862362681
111.1287332292386 50.34287090407845 278.1905938316199
110.0643045205554 52.62935369550395 66.14507576750492
108.0755940670539 56.60093609697096 341.0828365264653
94.18947622365012 -77.53929693203601 558.702432740483
102.8535622101105 -65.61360179635724 558.7730103994028
106.6011752022123 -59.33118442697095 571.5311443556066
98.73760107405701 -71.65811980606509 546.0116689759535
106.6282379927247 -59.28253421174627 546.0808293842321
102.9012858567792 -65.53873182341427 533.3728171121799
96.10921865056184 75.14664390628829 253.1275780924497
100.4002405440379 69.30939112919202 240.5238527741217
107.9318868868524 56.87449158492496 240.5060089360456
104.3434514627085 63.21743538652437 227.9344607274457
81.35849703739429 -90.91091771518042 138.8387842245613
91.76777959610922 -80.39076208122373 139.0120764552681
86.61751743356756 -85.91510736561771 151.7020406065378
96.34191449501279 -74.84808288417042 151.8745109756728
100.7709177851793 -68.76934003415059 139.2407223658934
91.54885758252425 -80.63998186591247 164.5092755450104
100.5669152894567 -69.06732620540073 164.6824957306352
96.13996020716711 -75.10731023917927 177.2695234526396
104.4344094245718 -63.06706056366433 177.4431758284957
100.2234602208319 -69.56477572279896 189.9932149907526
107.9338354948288 -56.87079351807242 190.1620786478109
104.266578471252 -63.34414427473343 202.6674516322778
108.0942444297227 -56.56531022780099 164.8996087184309
111.0567016341651 -50.50157445209049 202.8407281233931
107.7828930831757 -57.15634661715801 215.3077452189703
100.2381187512151 -69.54365211302401 215.1467343249302
104.1221394026752 -63.58128723303637 227.7902656091139
-121.5623678857322 -10.32427789309738 582.767234391261
108.6473580316534 55.49550966287012 492.6681430351463
90.05126418891413 -82.30898989769217 267.3049382190257
79.80818272881146 -92.27488265787521 241.8768765007216
-118.7212300116016 -28.09394142039142 378.5783146163846
98.29363968460116 -72.26590065552217 443.6990663705009
102.3873789978155 -66.33871133778291 456.3123702414114
106.1819801176145 -60.0781748915738 443.8039936022026
-24.22080967648299 -119.5715366574152 303.9322808953484
-72.32853479092552 98.24756004602798 285.3973229427709
-66.04308556972049 102.5783156833381 298.3322402963296
-59.70832206271708 106.3903956024925 285.2467685876427
-49.70470787689263 111.4156273368901 586.4054902982967
-112.6664624528587 46.80030169089282 430.279406300391
-109.630935220315 53.52623695645989 443.3664839596481
-105.9721091847398 60.44759775985792 430.1262143503808
-101.9288517445264 67.04110069235404 443.2084525839848
-97.63476900294476 73.15361837764156 429.9760982985293
-92.80958237689434 79.18573999797226 443.0501090191807
-87.79691808049684 84.70951053787601 429.8267527430186
-83.66837042220185 88.78966038280144 311.60170980172
-98.32352471156042 -72.22523442880035 278.6425831484445
-102.5190921223744 -66.13498129132651 265.5524267328865
-106.4614088873434 -59.58161140588492 278.5035255480704
-109.8794918085253 -53.01412340028097 265.4062520603568
-106.3397362505457 -59.79849909625132 252.4493980060795
-112.9183746422959 -46.1891834539441 252.3013306986869
-115.580596965119 -39.05285655604124 265.2670822679771
-117.7324187280037 -31.98558394736617 252.1574614660639
-115.494061195464 -39.30803770958829 239.1862138431751
-98.859862744281 -71.48935262108562 382.553512924406
-89.81283870059502 82.56908625230695 194.5113493662988
-94.81472842652003 76.7734802741497 181.5371555757679
-101.947339121244 67.01298416051982 573.8843161816584
-73.39196849031154 -97.45572821090158 470.0500129352167
-120.1991028611708 20.88481916056942 636.0595408878631
-116.5863757999285 35.93907313548637 635.9488402253346
-15.55280079429446 121.0045882909115 415.3146659308807
26.14137681637797 119.1663896329168 638.5657240013071
13.79774047638651 -121.2172527231429 164.0851088248538
-1.210301485915316 -121.9939964519287 163.9343573410083
44.77461707925278 113.4867114044912 519.0666479896411
41.61495887702016 -114.6830205290387 292.1162239390008
98.22333104818776 -72.36143474115281 468.8304279593725
106.1152102072828 -60.19603112053299 468.9082270537031
102.3135015324777 -66.45259516500234 481.4254040277812
109.4749689062937 -53.84450931121964 481.5029341544404
-43.85862574522643 113.843844575542 519.9539626604687
-4.357554119582619 121.9221543530744 639.0720501446896
21.11183652044524 -120.1594372437471 202.5128039933306
109.9859972686571 52.79280637377545 143.7234398165448
47.58888056159362 -112.3356508277509 355.9745459484386
59.7662918232424 106.3578410917551 92.70949526575319
2.324701038455112 -121.9778494853955 636.9390524377191
17.6236503662371 -120.7203667479876 637.0120184996968
-12.97272558155238 -121.3083195456344 636.8684054256283
-93.96514860955664 77.81099438243888 311.7625039693136
-121.8774675904746 5.466524831444928 636.1709922777176
-112.4205950790544 -47.38786555724246 623.1069948550402
-115.2216144979437 -40.09962035340531 636.4478265716079
-109.2210922246622 -54.35763987933834 636.5417122041257
-121.9943636207461 1.172708305244232 481.8814577025699
59.14281499438773 106.7057985047656 570.2906675109302
-7.877560935780837 -121.7454066226035 72.07422397399911
-121.2898697737617 13.14410477225208 225.6859277661119
-3.189101230751295 121.9583110466032 206.5738103681428
4.191845811335882 121.927964096404 193.5661054195428
-3.404033308570351 121.952501234022 180.6950260543173
11.53004801176314 121.4539336244258 180.569064036432
-87.00180041731784 85.52594181969114 640.4158959061526
-75.46791280693951 95.85715485327205 640.2309099833652
-121.468998178245 -11.37024544913186 55.13072682852072
-119.0664604556099 -26.59281847741375 55.27787217896804
111.1172936031099 50.36811553274824 227.9159113650874
107.9142877370995 56.90787732989607 215.3550404085326
109.1247638581949 -54.55076454911705 62.10338458717
86.50999865746503 86.02336968687868 278.3329416149244
81.24763191187772 91.01001213444611 290.9835266220092
-82.26482427023348 90.09161274939864 442.8901346162627
-76.60701425043868 94.94927786788629 429.6784451841549
-70.46449440930161 99.59294667616527 442.7298834236616
-64.24639796486339 103.7130673952921 429.5316089747353
111.223076873551 50.13409190142131 328.4931569410829
-31.58754394618886 -117.839836504671 316.7070958569339
109.9425677134845 -52.88319018899928 533.4381878677942
-99.30258277395342 70.8731052968764 194.6652486982671
-0.07582786514289408 -121.9999764349767 58.90542841124038
-15.38191925047408 -121.0264291804558 58.71654519569383
-97.13512079518588 73.81577275965245 640.6018521657688
-114.0923691605658 43.20800040882678 622.467347506536
40.87722392425141 114.9480428900232 638.3323477010505
-71.95250506174447 -98.5232815903918 111.0500997614855
110.1188437150059 -52.51514313862334 635.9109475120125
110.0761260561225 -52.60462405983549 610.2406844570936
-121.0457857384586 -15.22884614667752 95.06249170711773
110.9274823078962 -50.78477792440732 227.9410644116308
107.4982959240906 -57.68982902918541 240.4059372828492
111.7218824140742 49.01245749659747 479.9946926002268
83.54990080165169 88.90114777680972 647.8767517451175
93.98409631118729 77.78810732091038 647.6513529635554
-119.5068822564211 -24.53782984189723 265.1279535268787
-117.7957410190001 -31.75158890173299 278.2387854754629
112.1419738065962 -48.0434981111981 75.08920557029727
64.17621094059317 103.7565128042982 429.9625469612252
71.88003386716079 98.57616715644718 648.0951556162946
-118.7231554946327 28.08580334256559 225.5306755388083
106.0485544737338 -60.31338237929887 494.0146486034153
113.9083282030247 43.69087737722845 215.3364610382442
111.1013731304186 50.40322299749779 202.7904485241988
104.3268121254606 63.24489126987918 202.7941722954375
-52.92963433121128 109.9202156546477 298.1652145608812
-46.20186599429418 112.913186026457 285.0972085846063
91.38493116316484 -80.82570356207006 189.8276787485966
18.07210238936402 120.6540472393212 598.9198192338664
51.01480022336074 110.8218848340462 379.5434635228141
44.14733239098777 113.7321987950626 366.8391864534435
50.87413113159465 110.8865311099834 354.0291591378457
91.41875845811391 80.7874408678541 240.5444250290664
-53.23084767417235 -109.7746639980695 357.1765921634717
-6.477060148944527 121.8279429844687 558.8130825650853
-59.46458445396547 106.5268191382678 311.2399905499834
-120.7767716947322 -17.2328587007067 252.0147490572642
57.91421955011032 107.3775729559093 442.7577959315828
-59.75689322509115 -106.3631219553331 344.1787612798971
-81.27944021951656 90.9816058200889 653.7429286083819
47.8055895228451 112.2435994182886 624.9570044231724
66.82748313919527 102.0690329986552 157.1697186909052
32.9879709143023 117.4554969976167 598.7223325763454
27.51089540332688 -118.8576906813657 291.9805148501694
112.9340478261888 -46.15084876350713 546.0919848891472
-21.46236260069544 120.097322999292 559.0097279724059
20.40282532302419 -120.2818553184069 279.1616303768465
54.13603575336321 -109.3311009407231 368.7583810583338
47.35957456667256 -112.4325161902187 381.3817071239169
-121.2737524107875 13.29198917419876 649.5485030420568
-121.9798823566742 -2.215468404631838 649.6605775901193
112.9407663344657 46.13440472991521 131.0011034501175
29.73640087609965 -118.3205242674994 85.74410350920142
37.3226652455292 -116.1508444178094 72.64477723398745
30.17111029659611 -118.2104229899827 59.34234888069745
44.69239225610256 -113.5191176605362 59.54221789885459
112.4522327311709 -47.31273986755122 494.0926830946175
75.58667909295458 95.76353138694657 278.370786755162
57.69254748255566 107.4968369998534 392.2389315638196
-46.52932966398348 -112.7786392940629 370.1662221980183
-53.43856228208943 -109.673698128691 383.0132796042583
17.60543856523448 -120.7230240381915 584.1818818765681
-16.76376742396995 -120.8427743051071 291.1590247101424
-31.32826462506351 -117.9090320356418 290.9908799815938
-5.383831853893876 -121.8811484790367 650.2133086260508
-20.68558913805844 -120.2335494028661 650.1431890529702
-28.24108552655455 -118.686313820431 636.7606629932307
-35.67739089411316 -116.6667209575578 650.0524004271382
-121.8215614676186 -6.59599587562271 468.7724860980488
46.23080078758903 -112.9013421467533 610.1723513383315
53.16930002049185 -109.8044877740929 623.3153632205861
107.9037882503999 56.92778303441002 190.1951236917135
-97.4759785875337 73.36507069718309 456.2817927952885
-112.8605041438156 46.33040690954244 456.6024045643184
112.5973537086906 -46.96632770187605 468.9715398892048
112.6418490403151 -46.85951178553682 393.6112772024069
115.1817272609866 -40.2140486046319 406.1522433191842
-57.57003249734431 107.5624997768958 442.5683351274409
-50.91314530975927 110.8686233100571 429.3867574934455
-103.2101856844346 -65.05119192593261 110.6672184316685
-110.5469539303273 -51.60785770331965 110.5323693013075
113.5959241202807 -44.49680913570587 240.5461299885155
110.8117037731206 -51.03691122019593 252.9729737095675
112.7992330117653 -46.47938286980014 343.3941366419102
115.3862830423358 -39.62329725898608 330.9848959189918
112.8978417838197 -46.23934818480494 318.4409515010297
-72.82474166306312 -97.8803197875248 421.8520833694922
113.9177545123126 43.66629371577678 240.4670715238839
-112.516944934073 -47.15863762560134 649.8929423108211
-105.2337248756914 -61.72408888584174 650.0838109340693
3.974878500662218 121.9352301055973 167.6937172427414
18.85360181484962 120.5344004780672 167.5672983457237
-110.4624692455148 -51.78844357753665 83.96404616179416
-79.13294424482309 92.85460212151965 168.2774869225778
-67.07989481813931 101.9033253195761 168.141207187483
106.7259665528012 -59.10641304774266 648.8119381825053
98.68338001323713 -71.73277151458063 648.8787038146804
113.1380026892736 -45.64857442989767 648.7936055072719
115.6399217127513 -38.87683765777187 635.8633896712745
72.20783444078081 98.33630380166211 291.0197404989181
-78.78657248851368 -93.14867683178426 434.7809746813089
-89.63092165243364 -82.76652634812761 434.6685192591108
-120.8109295670495 -16.99174202797927 278.1017440823277
105.7218100014014 -60.88430742011924 49.06683803903828
112.356979052014 -47.53850290349159 49.35198287374486
113.9098565089589 43.68689265796312 190.2048434039406
113.9124448242308 -43.68014324800885 190.3765952586321
-114.3482050859901 -42.52632118597078 378.7335469466169
-116.718900905587 -35.50631171202881 365.6050943359351
-69.45212172936017 100.3015592465548 653.5310342046384
-105.9047293271121 60.56557030319396 587.3024375314276
-109.5795698022711 53.63131437834804 574.0450803775655
-114.4546669468408 42.23895375228592 199.2741562654784
-103.5617477774545 64.49003331739635 181.683311866498
-99.45159443561367 70.66385472229926 168.5467538053765
-107.41602074175 57.84287759100462 168.6913775349213
111.1077200031975 50.38923055267937 177.6201367712946
114.0260030198012 43.38283802759197 340.9740075183407
116.3681897259493 36.63938345422123 328.428910259577
114.4854115755216 42.1555516674071 492.4750535912575
111.8271574972299 48.77178329823244 505.1119333370549
89.09044702512705 83.34801886585565 660.9594237726587
-7.580534610935356 -121.7642619778579 45.49637102153852
-22.8550297525368 -119.8400918516448 45.30783906987994
-114.4353374512519 -42.29129393170779 404.8581067702385
-116.8666746414301 -35.01685820078823 417.8546368380611
114.6092793049206 41.81761706753158 143.56611542296
116.2454750181348 -37.02687588506756 203.0090168515593
34.13004488101533 117.1287327534106 651.7080827806874
-13.12122391742828 -121.2923471737138 663.5357817584002
37.11400707835483 116.2176857392533 354.1064379148113
44.01228682739653 113.7845271037454 341.2779765923456
89.40090137537665 -83.01493138749305 545.9256763633144
-121.8692595366412 5.646554700946343 663.0614212554518
-39.66209380422332 -115.3729531348877 383.1348323298016
36.6324124918108 -116.3703843554271 46.22789647576297
51.90655894824993 -110.4070158013152 46.40066991897267
108.9329407272017 -54.93281737289622 87.76453441509591
109.9415852847594 52.88523258031463 118.3742203668141
115.4791313450707 39.35187700463502 118.2977179622052
-70.6328607051171 99.47360950830891 416.4977887020224
-120.2067794558644 -20.84058955138203 365.4460633377142
114.7559919781037 -41.41331072398578 87.97078345408656
111.9781483012603 -48.42410869619539 100.5492353396318
117.096563771179 -34.24025048071662 75.39151758335038
112.5742371694774 -47.021709089635 418.5785198171938
-118.657633452459 -28.36134734919859 352.4701003284687
43.45838179047693 -113.9972326512935 112.4381826442196
113.9234781084071 43.65135892138156 265.6311102256616
116.3175031647065 36.7999790425007 278.1274145569085
-66.68152690089714 -102.1644457243562 408.9277130702329
7.631232095350114 121.7610951688055 479.9808568546821
-53.14531509921232 109.8160984692383 272.1963578430335
-39.31360383294225 115.4921666333543 272.0457691708125
-121.9847915629724 -1.926298870420486 225.8284208391386
-121.864758685406 5.742873022081712 238.8170257358417
44.32980395631589 -113.6612004212282 85.9244276459869
34.57645529768538 -116.9977296320196 304.7920498876643
-63.74954491659649 104.0192074711534 560.0013349836306
-102.0602297081218 66.84092692299693 416.9073955545684
-88.89088241303158 83.56082230227628 324.7215082424988
-98.5126489582712 71.9670618771145 324.8845830381102
-92.91022445747669 -79.06763048973519 134.9690467750346
111.2932615318908 49.97809457746624 353.5293943591988
-121.6224357910838 -9.590782671070549 212.8387375074077
113.9535480411985 43.57279987357091 290.6506866555869
108.5481934890614 55.68922418440838 467.5043445772255
114.3863941755492 42.42349381552491 467.3625818971192
111.6150488025248 49.25526246818706 454.9056483782276
92.80650777589545 79.18934343990141 40.2274633598791
-39.05226989653281 115.5807951864338 297.997544033837
-115.6787313398463 38.76120632286433 338.5184421978412
-57.23699209459356 107.7400888061795 546.6525064156601
109.7022208181902 -53.37998452188831 381.0629710426192
115.2444786563976 -40.03386240690638 381.1860449695406
-46.45014937160619 112.8112743627846 259.1594737369377
-32.28928764458482 117.6494874761691 259.0086681830715
-39.56747176960287 115.4054382503774 246.131020702656
-25.14699311009487 119.3801856989712 245.9793109330845
-24.88648867890248 119.4347632862177 271.8820470220874
-38.76311322567044 -115.6780923643446 253.311770677951
60.71352429380445 -105.819979057953 356.1430212434523
54.35558355910477 -109.2221155991275 343.3853139435513
-83.09695411864806 -89.32466745643836 239.8248064093593
-101.4512944757233 -67.76160305955041 636.6219801665904
-96.98832966414689 -74.00853943268145 650.0747403434098
-92.0843757694369 -80.02791849819126 636.7067886639941
-86.83574695435118 -85.6945333780393 650.1516761669875
-81.20251445082756 -91.05026988901865 636.7924407284285
-75.29452883495672 -95.99340564602274 650.227568822952
-92.14129221541295 -79.96238033521691 663.5295558380243
17.82107688519564 -120.6913800511534 532.0065516604203
2.864601744509297 -121.9663644487502 531.9084148071032
10.44702076315032 -121.551880928163 518.9770929595427
-4.53304704262615 -121.9157556860857 518.8770265167706
3.049097054520636 -121.9618916184564 505.9674021474514
17.94459216260604 -120.6730774121458 506.0712136446477
10.88678897544083 -121.5132825077334 493.1110842247549
25.33933919812289 -119.339506824029 493.2082069612898
18.09422903725856 -120.6507309366472 480.2914848945442
32.6090283647797 -117.5612660237418 480.3932149191319
25.48458362939202 -119.3085747012197 467.5244823876369
-12.11535167457824 -121.3969449936912 531.7988967027286
-38.18535078341937 -115.8700953030902 124.5220868811194
-97.30615923217375 73.59015814280363 613.8031345567309
-69.00346713496241 -100.6107425842497 636.8796496295155
86.46120003652143 86.07241653540713 253.1813396889252
76.10284188973974 95.35385391427698 404.6142016163045
-59.27971699643248 -106.629804242636 292.165972519713
6.175434171538426 -121.8436047266864 177.0117986827693
-8.833657565263984 -121.6797702743544 176.8613834961897
-16.19386920057091 -120.9204639435145 163.787281485226
-23.73356074257226 -119.6692027819966 176.735361452814
-30.95781055213789 -118.0068386400464 163.6383342300086
-46.30719603545815 -112.8700296594878 344.3241667978173
-53.01004539620396 -109.8814592508326 331.3374012663051
-29.16759720998747 118.4620246028065 545.9279777742117
-118.896643318769 27.34205931398392 147.0956716999293
-52.31913590672097 -110.2121046799037 124.3835831934008
-45.40231014450986 -113.2370532711874 137.6188092152275
-59.17546129225682 -106.6876974203147 137.4817729422492
-52.52253802118261 -110.1153168265588 150.6953158345279
112.8882192369034 46.26283559749483 105.6868191908738
55.56510109479365 -108.6117836163524 241.3346528435307
-77.91613265949654 93.87798608506543 324.5607051553512
75.69854450626624 95.67512926373723 303.6997798014356
63.68568437656145 104.0583182907018 303.7756238085747
57.42987260962683 107.637399318462 341.2116483050694
-102.842702075694 65.63062265261574 311.9117322315381
-106.0090168715267 60.38284807735031 560.6348932281093
-112.7943721026458 46.49117789398205 560.7948683917955
64.3901914128015 103.6238546369647 455.4562174507529
51.40369040797378 110.6420381791712 455.5983798680275
-10.97524762625586 121.5053247374055 167.8131245077489
11.75619011065788 121.4322526929402 206.4231715069428
4.399416825948199 121.9206509644349 219.4023403461994
58.11166372377165 107.2708466418313 468.334402784461
44.69018505251555 113.5199866101645 468.4768263272522
18.90771233024151 120.5259242422012 651.9690883911441
-19.6764396422024 120.4028144314192 639.2795492684155
-11.86179701515116 121.4219822419785 652.5337087392653
-27.10449940785779 118.9510240050477 652.7407795931501
98.13623877299467 -72.47950496167712 493.9493958236849
-117.5616537660241 -32.6076304535837 649.8119278366211
-115.279028925838 -39.93426460967828 663.2957206092861
7.809213760698539 -121.7498097757845 45.69007296939424
69.87195418320229 100.0095496371246 316.4355209033216
66.33490081252475 -102.38984780823 623.3446837578844
59.81799244608039 -106.3287721161148 636.4841144608883
72.5873546045121 -98.05649367338614 636.515289708012
66.16434830258439 -102.5001415301184 649.6856331042904
52.99213757411994 -109.8900967117854 649.6718075397499
51.60779392799566 110.5469837032451 481.2499182481781
37.79618030977526 115.9976239152809 481.3928861471657
50.7619602421219 110.9379258521505 328.4802671935047
-50.22647977888161 111.1813866122455 559.8136429752135
-111.6479914180366 -49.18054505917985 417.9935183109231
-114.5176186145676 -42.06798101702098 430.9947774927913
-108.4713374197293 -55.83877647634514 431.1371545731474
-118.8384516368738 -27.59388360761145 430.8603366382555
25.9740178786844 119.2029798085509 180.4344625974276
33.43092106890241 117.3301901323134 167.4559807296738
-23.94779650886375 -119.6265147965536 278.1946925812228
-121.7135875405846 8.3547955091937 468.6094748907354
-119.5516983126884 -24.318540880405 291.2146977646899
-115.6466017251114 -38.8569621745377 291.3551228402777
-117.8563859253112 -31.52574022325419 304.3350970916117
78.56150388350396 -93.3385778098327 649.7227220735989
-120.4883527231794 -19.14567465655647 41.82556838129786
-117.2081415115011 -33.85633712349782 41.98085377898219
-121.9424412446673 -3.74713534461415 41.68027927870673
-114.7407671916799 -41.45547423760491 55.46549130498569
-111.8162951594805 -48.79668161676506 42.14851565207452
116.1500894077461 -37.3250148100787 228.1234302954379
60.49197400734236 -105.9467841923247 381.5179315325653
53.91618872833375 -109.4396847263857 394.1249933964973
17.6877214494282 -120.7109958120114 610.5074126537464
-0.9328257365347872 -121.9964337025688 189.8320783310139
-9.215428945455193 -121.6514523931024 278.3706467008223
115.4966089180596 -39.30055124840857 533.5158129099626
-113.4121319233878 44.96318863906439 246.9681118393403
-42.74938727169857 -114.2649985248954 636.6543697180146
-62.5545713623486 -104.7421863514068 650.3033727412898
-103.6853747843768 64.29108068638541 155.5449445045579
-76.39650618537574 95.11873549762869 455.9374665586039
116.3078917085621 36.8303451831419 177.6301687450472
-73.21348684237063 97.58988341207311 155.1620244695269
116.6574738250562 35.70761544483669 454.7640094984253
114.2943275008992 42.67091165087977 442.3391618641741
11.32664262425904 121.4730717766794 154.6807333107413
-46.9590149922495 -112.6004036891417 395.9649389441466
-111.4831445455062 -49.55308751476306 365.7636632005539
-111.7436951442181 -48.96270617026841 444.1401349500783
-104.8378475344741 -62.3941161035107 444.2795605094507
115.7180134954608 38.64377508298535 39.89974932300986
116.061846414178 -37.59850804130066 253.1237774037169
113.5880847581414 -44.51681705802078 265.5234582968719
107.5439433508578 -57.60468946663541 265.3838388627344
110.7087222047455 -51.25991443411197 277.9450884411189
115.9822935776948 -37.84319722826562 278.0760101730203
103.8807122736234 -63.97497649491304 277.8061577214076
107.4258898032743 -57.82454669061195 290.3829891701804
71.67976674964717 98.72188733364135 621.8214362733916
44.3073784788866 113.6699441907521 392.3568533410883
51.18612344383986 110.7428587620529 405.0807321337622
-65.78559293725139 -102.7436409803266 150.5592090056172
-32.44690274560289 -117.6061159218235 370.3054648869316
30.07179203979669 118.2357277793613 366.9418523393468
-82.34955450547322 -90.01417039972148 135.1092018821918
48.2247794731501 112.0641363004509 651.4936495290569
63.59252672652686 104.1152752699428 278.408373533724
51.21864933134172 110.7278192717307 430.0543239804907
100.0960283817029 -69.74801145702524 240.255906180326
81.12735556480463 91.11724413667132 240.5608386109679
116.9657649855713 -34.68443197372712 100.7589860648552
114.6160566103368 -41.79903787285142 113.2610346626988
108.8132448484375 -55.16953639060227 113.0775674917528
111.8511131289814 -48.71681939338609 125.7993897763261
118.7744708841229 -27.86799358038975 113.4741971603799
116.4153288999071 36.48932990788488 353.4224791091317
114.0866692956846 43.22304812269834 365.9538713149319
118.3853911986742 29.47709535786852 365.8478119878744
116.0007778416419 37.78649944271167 378.4129703428016
111.3761320236623 49.79314426151201 378.4748667633359
114.0495576222003 43.32087725543439 390.8981612554111
-60.26605317071025 -106.0754582135996 421.9502164037443
109.3532784436488 -54.09122381334898 36.28057855940045
-84.43898235283649 -88.05713065514551 447.7381351278906
10.84693945557087 -121.516846175529 467.4121860611165
18.29538184114229 -120.620392153594 454.6565331029473
32.74780114616888 -117.5226851296845 454.7754190423112
25.6690194812826 -119.2690296718705 441.9396818270444
39.86953068066834 -115.301433309839 442.0570417341031
33.18391450510045 -117.4002888331975 429.2558999788963
47.02025382620353 -112.5748450148584 429.3656782295387
40.04550004242533 -115.2404352922711 416.5883825075201
117.3297986689261 -33.43229493034034 418.66981028103
115.126544051333 -40.37175813358255 431.0809005418043
112.9726922005613 -46.0561702376266 520.919338596516
-107.1455060885727 -58.34244188430606 123.8353345174577
-113.5943981268708 -44.50070464828578 123.7005703528554
102.9297922626941 -65.49395288695465 661.9004690258663
-4.300497715353099 -121.9241802080303 492.9925973425052
102.2425891409344 -66.56164785939482 506.5718889112356
117.6180112053214 -32.4037565739668 546.1034808251377
115.3576723690682 -39.70651616033222 558.643947116852
19.26031698761761 120.4700800594757 219.2535447300588
-19.46439783420243 -120.4372750312456 518.7521619861128
-26.95811088518042 -118.9842857586762 531.6981244641458
25.05080745673219 119.4004063886121 585.6430765905669
10.37289577984419 121.5582289815893 585.8374835509403
-111.0902507778342 50.42773227221222 635.8213597596555
-114.0293532127839 43.37403146900419 649.3144194171115
-14.05578029159706 121.1876026679064 572.089250774715
81.18864557596831 -91.0626368470615 164.351972016172
-121.4667284669741 -11.39446688223643 28.32519731283186
-60.18396485269982 106.1220541386615 155.0347988903865
67.06192959239235 -101.9151490179208 343.5518825866093
117.6360411039882 -32.33824103721164 520.9905368579151
39.61828867826727 -115.38800285214 493.2638432775611
106.700680385794 -59.15204819115433 597.4578451158035
113.0298483889846 -45.91572032717288 597.498052341291
115.5936377479938 -39.01423986425461 610.2070918661699
-94.31048820144321 77.39206558301336 155.4131180279569
113.9050662161676 43.69938089138648 315.9756439767656
-83.46136942693698 88.98426722393319 337.6857287272046
112.7192843126025 -46.67293588424336 368.6568655497273
117.4310385498874 -33.07493288118444 368.7798491657576
-120.814813156417 -16.96410687245451 225.9717560300888
-119.5100827208598 -24.52223741939653 212.9845027714879
98.4295633647629 72.08065659954913 660.7271855261653
102.9589242164286 65.44814683545835 647.3893297674787
106.9381990620403 58.7215597661323 660.4384583183628
110.4102097983148 51.89976466509378 647.1829857242294
113.2794347666872 45.29646408871072 660.0909903874984
115.8499753536759 38.24634898330405 647.0055736455091
113.2241324984143 45.43452233689194 634.2471963033699
117.5071492405952 32.80350404070422 634.0475493819783
115.5907593482486 39.02276711479187 621.4370496844161
102.4753943490109 -66.20267028613507 431.2183602970325
115.1479100308022 -40.31077790787815 36.56411620872014
39.70125521031819 -115.3594830723733 394.0267775753966
-72.55539033911556 98.08014749549767 259.3170955071558
-120.8991622040392 16.35214292872383 481.7096827737545
-119.6669765192305 23.7447832322374 468.4254028009074
-75.1805728624314 -96.08268035435232 623.4702815947093
-66.02900246719695 -102.5873814520426 331.1843373933
20.16605752338592 -120.3217774302038 304.6569589339411
72.54320932822294 -98.08915730273978 558.2706992317369
118.0191876551659 30.91069952645415 659.8132134631064
-106.6372585083299 59.26630659850189 325.0433927570703
-102.6515526087368 -65.9291949519767 291.5988144401921
21.07727742195782 -120.165504103623 177.1542872091582
-94.6499427939782 76.97654401891953 207.6417166443444
-103.4200503588729 64.7170239100053 207.7947252406351
-54.00194072280981 109.3973966699854 168.005663714811
-49.71773360196001 111.4098153911249 154.9651682562221
-113.0714650693535 -45.81313989533966 304.4709135452856
-115.7219834771918 -38.63188501878393 317.4452460445904
93.58787721787837 -78.26435483571895 506.5076375945386
48.34370495533018 -112.0128840410423 304.9197610739985
41.40064639376258 -114.760561510384 317.5776108578047
53.59938166317297 -109.595192802082 416.7035144372288
-62.70222807532619 104.6538608670974 640.0347817243297
-57.07452849202333 107.8262407645431 653.3946750807743
-35.50991781743831 -116.7178038544196 623.3724903457593
-121.5849415527363 -10.05494841447266 636.2666450979343
-72.97305787059699 -97.76979505457962 447.8447781419832
-28.88208485566032 118.5319584516785 572.2894246834645
-23.10312075491627 -119.7925114996082 71.92690733472337
-38.33697585293345 -115.820016760712 278.026303377557
101.8834561973953 -67.11006894105707 35.95573473223759
39.05375730347699 -115.5802926128893 623.2849489346416
-52.74997920702842 -110.0065438674358 305.2013350092212
58.5556074640463 -107.0291588050496 59.77005462313848
65.31017852508087 -103.0464971797783 46.63972426631183
39.19230073812265 -115.5333872214112 597.0319962364357
39.8435285929813 115.310421165046 585.4536738838616
46.86704996277134 112.6387128290584 598.5361201801841
117.5561252076462 -32.62755623953781 318.6011349506142
115.4725967382083 -39.37104777034928 306.0754854618388
26.53799116455481 119.0786925732308 665.1855394600178
-108.5539714485218 -55.67796047587862 457.2897511981351
117.6080976020068 32.43971914855051 105.6071020823817
115.2876015690133 39.90950919849117 93.07977853895923
44.90033970177195 113.437028763387 494.2034043056378
30.74463118472859 118.0625582194246 494.347111690875
118.2290243408841 30.09813621144398 290.5775906023227
-32.65830004303284 -117.5475879731236 396.0893268995599
116.8283158504527 35.14462427664967 504.9204886482211
114.594807359649 41.8572589428038 517.534229158848
108.832084450688 55.1323624935329 517.7398763910253
111.9813698966771 48.41665824965176 530.1898783525002
105.4414671655015 61.36853429882839 530.3960127668504
108.9667102498124 54.86580043463718 542.8813917214798
114.7317754226194 41.48035328168784 542.6645754085298
112.1211868878195 48.09198946671534 555.3542748895547
101.6758940558375 67.42412452487687 543.0932444691057
117.6727324274734 32.20447240760589 492.2763593850224
94.02665837611181 -77.73665489730028 661.9715617000271
-43.82510077774812 113.856754484836 442.4020992661729
-50.66428406638796 110.9825676403297 455.5715857944666
-36.82313522736201 116.3101745851472 429.2448883344398
-44.06685704303395 113.7634040908974 416.2540450089646
59.75155060955 -106.3661233652632 662.9476635868037
116.6496030682102 35.73331924169677 555.2078147190491
114.8577417003627 41.13027074421908 567.8146423187483
109.1481618260069 54.50393352780887 568.0506934094653
112.2544513412029 47.78010207278243 580.5504865454318
117.1703132408252 33.98702245044288 580.304646859746
115.0029184558502 40.72258275990196 593.0298847250917
100.3507166208048 69.38107576054827 190.1976925571111
96.02742553318841 75.25113650615488 202.842200860687
106.6941924286027 59.16374989812854 156.4865335662626
-121.9968481827655 0.8769455349437861 455.5042800593744
-121.2779007274926 -13.25408597876376 455.6833263440918
18.53226831049702 -120.5842238075435 429.1239492431397
116.9213132319464 -34.83398501631827 597.5539699883384
115.5858671748073 -39.03725540362443 584.8992381879077
119.4222022768787 -24.9466952388539 584.9466271410378
-38.30033711669999 -115.8321379270327 176.6109018740501
-31.18040815205836 -117.9482180767096 189.7140766306237
-116.0899622491903 -37.51160707009996 110.4378310168732
-110.8490700356067 50.95570303941614 155.6833324489176
-59.37169565757539 -106.5786177183033 163.7569343257268
-121.639289541129 -9.374606121292658 291.0817696432267
119.2445930916263 -25.78230048720359 331.1219206180961
-120.1607041491017 21.10462457358712 662.9502675723113
-87.71624313887817 -84.7930462337638 121.8525091184006
-118.0908509458388 30.63577847693268 247.1149414840172
58.90548962711944 -106.8369940226199 33.25505461916388
-34.12686197145453 -117.1296601718851 518.6276168329906
-40.9890181863199 -114.9082259375783 531.5974753406281
-34.31091453251222 -117.0758777201463 544.7062124967142
-48.36576482016983 -112.0033606342239 544.6055479308859
-55.03284988060695 -108.8824385932763 531.476356505387
-61.99941007638925 -105.0717523894016 544.4941387331371
-68.6964986988521 -100.8205885051194 531.3321217703501
-74.53749263486709 -96.58241139931812 544.3771369374762
-80.33418849047186 -91.81730860560735 531.176054088697
-85.97461022245731 -86.55845653139004 544.2605429867536
-91.1077754262197 -81.13798898719094 531.056230035398
-96.07752311153516 -75.18716348388486 544.1418607544281
-100.5194784617493 -69.13634680671167 530.8975807785196
-104.6997152921531 -62.62563067739987 544.0233019459159
-91.27178876241331 -80.95344696867085 557.3924132244041
-108.3717477104765 -56.03181505338573 530.7760128561882
-111.6988129915222 -49.06500969412869 543.9036775688442
118.7399531119933 28.01470212159399 517.3440403736239
-108.565484733892 -55.65550758456038 55.646536836416
-104.7342449477354 -62.56786663478108 42.32834607916919
-108.422587910922 -55.9333749267679 28.81109732091546
-119.2732372391091 -25.64946156361191 663.1860049941836
86.42470356240263 86.10906232302632 227.8906071698281
2.307412686293711 -121.9781777478871 663.6055977523807
45.92207571568132 -113.0272664535564 662.9306869275032
38.75815305376404 -115.679754373274 649.5974766549102
31.33551446481519 -117.9071055247535 662.8837907023733
-75.20737553482543 96.06170238530932 667.087066798929
-85.1422217483736 87.37735447901119 667.1863774524163
-114.512812784868 -42.08106115698344 530.6169620121013
-116.7587290583474 -35.37512104119823 543.7903873363422
-114.5885524228413 -41.87437944182286 557.0923311883853
-118.87639013707 -27.42998118809297 556.9644373335251
119.3448035988166 25.31438037874727 118.1856824926567
-120.3854821652457 -19.7822062430179 543.6374864255292
-121.4025561258633 -12.05899523619688 556.843122635465
117.314670035512 -33.48534297956257 49.6358089099556
71.84897677471842 -98.59880595841905 33.48986128073292
77.77414819318594 -93.9956481589672 46.90588636979015
83.63733021300644 -88.81889998666119 33.77323131198311
69.70148725481135 100.1284308998567 265.6876682513398
-118.2581792894545 -29.98337924823071 123.5792683445302
-107.6000912751923 57.49974223916381 649.188944413376
-110.9944661098876 50.63821178695997 662.7064524019917
-103.6529265903468 64.34338201599422 662.5803698745877
-69.11737644902701 -100.5325234578516 663.6610195807873
-55.82895408507968 -108.4763932188293 663.7389628723458
113.9128342230911 43.67912773010204 165.064167842869
-68.02769209704468 101.2730621041434 142.2420959320066
0.2825620349023625 -121.9996727811039 32.24593911459623
-100.2055488657128 69.59057390567521 142.5942974683051
-75.26951379614741 -96.01302147569137 519.7923767701158
119.1875806279098 -26.04458915140561 36.94274664900374
119.1133023378174 -26.382213822568 406.2639693276357
15.68068192040797 -120.9880829441933 32.43782815371897
-107.4905928880145 57.70418044286841 676.1201415400408
117.4237774637287 33.10070220023627 315.9051148843182
119.8714150265969 22.69017098924882 328.3360890095024
119.5140618206765 24.50283712396407 621.2447948723263
-115.4592031265326 39.41030846601036 574.1959814831889
-117.7495635823591 31.92241024991646 560.9478888724489
117.3888747574919 -33.22426949038719 648.644526664194
115.7291910462874 -38.61028800426021 661.5197959573691
119.551375320193 -24.3201286807934 661.4176739970508
-121.5956263549192 9.924900571536522 676.4788789947833
-107.7158842624392 57.2825302999161 622.3415565738226
-111.1806167867823 50.22818383050159 609.0015496828597
29.93211880822875 118.2711641257077 341.3553307365993
-113.7450107252444 44.11431213465793 168.8500979546288
118.5216799022696 28.92423539428382 592.772420663139
119.8122429927101 23.0005745375152 580.101354258127
119.9296610160208 -22.38026828664775 635.809999931864
11.30025483565255 121.4755293902822 665.4310913874933
-5.478278839384545 -121.8769398243899 676.9693646884961
-117.608178898963 -32.43942441026824 676.7171653944655
118.5303808237713 28.88855866552986 442.197781987712
116.5801775414528 35.95917413405586 429.8043039988012
93.66407341066925 78.17314981578241 190.2361023703202
119.4488216925656 24.81892415592718 278.0823545466552
-119.6011820095638 -24.07399555360925 317.3129633891783
-117.9159667568928 -31.30215302159506 330.4281433139484
-113.1581133636057 -45.5986993234387 330.5576541612356
118.2816047067043 -29.89083451506402 190.5918172017955
116.3512607699436 -36.69310721708612 177.9900363531555
75.49125630057043 95.83877201926988 227.9058273114626
118.2861212392849 29.87295636801297 190.1863711500642
119.8742296694745 -22.67529627480269 178.2034987802791
118.3691055188004 -29.54242472579237 165.6229461894378
119.4769464829738 -24.68317765411505 152.3892886002879
115.9396560352053 -37.97362451015552 152.8771378967099
118.2984129429375 -29.82424341340851 140.135001803876
118.2900362906377 29.85744989712967 165.0743488237102
109.2697086115791 54.25984500476011 673.1576554768142
-121.9842212271601 -1.962083485291874 277.9583808835025
-108.3416016276374 -56.09008251695053 404.9979111056378
57.17198431302182 107.7745990932538 265.7261105616161
119.9026512053703 -22.5245251653239 418.7589656952224
-94.63100024343423 -76.99982982401423 447.6260697331661
-100.7129818373403 -68.85415956521118 431.2751433737959
-62.65731541303071 -104.6807567093016 677.1273638614032
99.83522625166275 -70.12080717789343 290.2439364159957
119.1530324016724 -26.20219207406148 381.2859294654054
119.9052764562635 -22.51054592734318 368.8824147567958
118.5949040584185 28.62252140141578 467.1840765535433
118.8408613741385 27.58350354564843 542.4731219538924
-108.2367556896835 -56.29213726420211 378.8776106329437
-104.4917199451049 -62.97206097082872 365.9169105675315
-121.9371726109263 3.914835328998463 28.18548660485159
-121.72039480475 8.255028078437002 41.61218116082831
118.4327996774166 29.28603695567087 390.7679964783842
116.4870803191636 36.25962105037403 403.287816745765
102.954173523611 -65.45561972871546 303.9655681206382
-111.6717319800603 49.12661474774735 186.1346095281713
-19.34498492067451 120.4565131423738 666.0295944262697
-34.44352309733062 117.0369331307159 666.2381070114357
94.8908904712943 -76.67932515068732 254.7795792741633
-118.5898545444507 28.64343553287584 171.249075488122
115.5279791957523 -39.2082392227172 508.4346127929306
116.8358986852854 35.11940743238301 608.7073881090413
113.143462748593 45.63503957769451 608.8889216156856
30.54032161200762 118.1155737226685 468.5782404521118
120.9836096522243 15.71515814486802 290.5165149281777
11.999071906454 121.4084934153445 232.2077552249802
-2.869823538994557 121.9662416935729 232.3652801004785
98.05673863982967 -72.58702368412781 519.1751995124996
-39.21019042588419 -115.5273169720733 331.482665952686
119.1976844245414 -25.9983081724067 356.4356619691189
94.25378130919522 77.46111740039905 674.106229299535
85.90179016156698 86.63072461337325 674.2460010432729
32.62598766718445 117.5565605516797 572.4475250531897
118.0743696121983 -30.69923843814362 623.2251046697228
120.9063670221354 -16.29878564521574 622.4672407751722
-81.20952195594377 91.04401981287452 679.5650278823119
110.0750782360704 -52.60681658609442 508.3512913163275
117.4204935752538 -33.11234948691762 494.7933463757981
119.808670429263 -23.01917657024783 203.1771066606543
90.05000554804903 -82.31036690962046 291.4957863252448
105.7794152498561 60.7841698914982 580.7941664079041
113.9461630751007 -43.59210846543851 140.5881338559481
1.322653167045346 121.9928300704583 571.8886939485267
105.234686858237 -61.72244876743633 125.6159251738428
119.9707266923829 22.15907797950032 403.1613483509914
119.7727390079994 23.20540864802111 378.7177181154357
121.0815637541535 14.94171739957826 365.0368161611862
118.4830613251681 29.08202501574577 415.6604795658757
114.2406480928818 42.8144172367012 415.801538841061
53.44105351935394 -109.672484237121 442.1439669147128
117.7319601519952 -31.98727182441486 572.3759536021703
36.30033828522404 116.4743982185712 427.6578507263203
-48.85860692672635 -111.7892505081756 677.2067234506866
115.2514058738786 -40.01391563062161 481.9552851273004
119.2354910786276 -25.82436189412091 482.4404663677454
117.3404573218483 -33.39486600511365 468.9299540237132
115.1077748675811 -40.42524168182887 456.4854891741657
119.072087992198 -26.56760924844878 456.3539017472762
120.4776181897278 19.21310790398514 415.5089746864484
98.93568211552025 -71.38438767921686 317.0069931886408
120.7924654379119 17.12250838606472 633.7523584215177
60.9550974875847 -105.6810110203297 330.810623457385
53.99239670901714 109.4021073728295 585.253231658241
4.709469315734139 121.9090681564097 245.173587010439
108.279085839531 56.21067131564502 391.0153548935762
-119.8812206035152 -22.63830706151242 110.3270394494076
-100.5321756464169 -69.11788234457119 28.98270069987061
-95.93938770623635 -75.36334577599686 42.53257861650786
-90.88901916504336 -81.38296010355226 29.15963894297954
-85.59241613622588 -86.93640376713969 42.72901454128576
-79.76000422350818 -92.31653008137795 29.3888068848931
-73.84570809353959 -97.1123647954458 42.92179572737784
-91.06326898580359 -81.18793655229318 56.05174985103277
-67.43211707595128 -101.6705935197351 29.58477195889704
-60.95966315541249 -105.6783774855512 43.11474893057471
-53.96860385255182 -109.4138464647246 29.7958237181539
-47.06894044725469 -112.5544972232242 43.31159589403623
-39.66880672809699 -115.3706451952527 29.99563165310762
-67.68660551213523 -101.5013469577847 56.42098756762994
-46.75337380400592 -112.6859442785252 16.46418130477479
-85.34592700303011 -87.1783960852312 15.83486267420249
-94.04584712704933 -77.71343923772559 368.2772009660768
106.5302732261455 59.45839626463868 105.7367656128344
46.59964547073066 -112.7496032897775 480.4889407809846
-71.85792488280507 98.59228484793901 337.5242505371749
117.984494802085 31.04285725085194 26.71448930952833
120.3350495013423 20.08670857829874 26.89333030527726
119.6624065061534 23.76780320425306 39.67568746911057
117.972793598943 31.08729596573492 52.62935967225047
120.3521613541326 19.98392497455971 63.71916625988795
117.1265305588017 34.13760154518904 67.22359703904175
119.5741516678469 24.20789649917436 77.76191644815474
113.3255332171946 45.18100841104048 53.0114372916362
113.0733176415458 45.80856729405626 78.86758445480582
106.6877185119869 59.17542326597292 79.81202723843654
108.4516276104789 55.87704778026487 442.4677850948778
-32.20654795242178 -117.6721643762379 344.4539511587311
69.18251213131815 -100.4877107670387 164.6410441774088
75.01962543647836 -96.20839775908591 177.5639483375733
75.2973236902526 -95.99121337437778 151.7153596619911
-20.88425962764131 -120.199200079723 676.9037906098185
113.1019105772509 -45.7379254424109 572.3085984949437
-112.5219399712464 -47.14671807355448 676.8072491661055
102.3023858123074 66.46970631129498 13.47768034798416
72.93051378722562 -97.80153454180201 356.2880203437978
115.7526032876627 -38.5400419321125 684.5223196460108
26.67615159110934 119.0478178560538 232.059558427341
115.7990130541928 38.40037207729755 303.0869168541583
26.44907109092411 119.0984745428221 206.3004429002358
-45.46918219155828 -113.2102180495687 290.8475949092484
-32.64483414593063 117.5513283786478 233.1055770507324
-46.69140712253479 112.7116342748951 233.2534021512177
106.8663551643724 58.85220585400535 634.3644542220356
117.2634387023555 -33.66431261289787 443.9665206763474
88.87780288100377 -83.57473395138891 47.1557677202907
73.15309588404787 -97.63516048319528 330.9767537063289
109.8052398390947 -53.16774683846288 355.8123541025105
-102.6971212025094 65.85819080962591 338.0283827808399
-121.2500622459666 -13.50638387390277 352.3107287665342
-121.8598899799357 -5.845272797566987 365.2934510037024
109.8018948818229 -53.17465449216501 13.49157033527925
-46.08006908367619 -112.9629462843619 318.5063323500088
-120.4229183778086 -19.55302353529111 570.1993501028354
102.2143142666719 -66.6050595600217 684.5094984853163
114.9693375569279 -40.81729316994417 62.28165998446516
118.1470913937193 -30.41816554633345 63.01300459503452
119.8751501740347 -22.67042943467629 75.80497243566752
12.52559553171346 121.3553025482443 259.2456164056
-2.071847446775184 121.9824063058165 259.6032984796682
-8.419320642527559 121.7091411518392 272.8525771788338
-10.87673252922082 121.5141830795393 247.1078141147706
118.2031178884973 -30.19971724102762 215.5518051719116
120.3593383086835 -19.94065399870021 215.5905348172937
-6.115749150395554 121.8466151041113 585.1772976750506
16.59137542539002 120.8665638689781 571.8641135413326
38.36328961909184 115.8113034621478 558.4428471106805
117.6472010442101 32.29761734963147 130.8075978264373
119.3726503804409 25.18273895248531 143.388354351803
-77.70034372479569 94.05666688251613 350.6499933656278
-59.05492925840574 106.7544628120281 337.5549307847778
-52.07908117121347 110.3257418029091 350.439185409681
-45.06193518698446 113.372933265414 337.4482661305086
-52.61106403108543 110.0730482067115 324.3894389723749
-38.69312832726646 115.7015203886694 324.066993853205
-117.7981562459274 -31.74262725516085 226.1169528127937
-115.5705631538158 -39.08253999306951 213.1282500769654
-53.57789378392103 -109.6056992025455 409.0629505287682
-46.86638282724854 -112.6389904104692 422.0625489834005
118.9439462197667 27.13554233232221 567.6926382296163
111.2972960567127 49.96910936232943 428.8307306327094
113.1051855246955 -45.72982623435389 623.1435638710767
92.07592879020348 -80.03763700548248 113.2543115370527
-60.11894548228392 -106.1589016243959 395.8544085391325
-56.95672922041283 107.8885118838543 573.1594655561287
101.0010049044167 68.43096527375596 442.2503823149393
101.3844620742605 -67.86155649491711 87.71060919650786
106.2559376090151 59.94727452377712 608.2662539092613
82.06953755471777 90.26954639054507 13.49842775777294
76.1168598545526 95.34266435275657 26.91908318733344
63.45016331297737 104.2020958309213 27.00842192622778
69.98707323392989 99.92902271186551 40.29155532398914
56.86834478237954 107.9351257085125 40.38570635010703
63.56877907319598 104.12977637133 53.61158501056694
50.08104092574739 111.2469745197307 53.70846503744654
42.87345325772054 114.2185055311006 40.50543559183752
35.69798123576957 116.6604223191852 53.84558319367881
28.21392799876825 118.6927725974936 40.62521012839011
20.79752418760176 120.2142378741641 53.98179768274453
13.07564038898316 121.2972696659657 40.74678764993496
5.519578483008496 121.8750764240577 54.11706720226932
-2.284556171714801 121.9786079732765 40.86943847085324
-9.884674613182659 121.5989029876154 54.25164412399786
13.19777399633602 121.2840416606473 67.33451935173264
-17.62073753933201 120.7207919480732 40.99333956746918
-25.11444774642036 119.3870366262281 54.38590674723552
-32.68752625744703 117.5394641266018 41.11772242202704
-39.93771490142317 115.2778336387904 54.51944148114488
-47.24181824387342 112.4820457184738 41.24336053144285
-54.15841942251976 109.3200146617921 54.65183149551028
-32.55365774693618 117.5766106302412 67.76726708938918
-61.0684731913037 105.6155366510203 41.35677003756867
-67.51791034842591 101.6136397447799 54.78405731293764
-74.23707833134385 96.81351249090137 41.49400994049734
-79.81721818845081 92.26706715105469 54.91769393824226
-85.85587363189019 86.67623066853395 41.63223328634842
-90.79828558703828 81.48417843026115 55.048921084147
-73.76752740347116 97.17176493600459 68.18201109000228
-95.93302342491975 75.37144695807423 41.73922627391368
-100.3588159958656 69.36935960428058 55.18151235351539
-104.9035081718038 62.28365735285867 41.87744086604798
-108.3161527905545 56.13921129347351 55.31473128497413
-111.9248762822218 48.54711185239901 42.01827033280208
-104.4970326926832 62.96324450363324 68.59499390943208
-114.5409747471847 42.00434625089163 55.44800314759317
43.10182304163303 114.1325231933814 67.03468576786523
-90.94823854964001 81.31677505114041 28.30338226306262
-54.35203700248663 109.2238805100804 27.93332539472575
-10.07971383084242 121.5828909390146 27.57746323240519
-116.055393236687 37.61842235764218 42.14131844080109
-114.6182210668367 41.79310229539981 28.672292973736
-118.0928047677622 30.62824614768533 55.51890945764925
-115.9717903584758 37.8753724872737 68.8737604938714
-118.9913318626134 26.92699280575905 28.79886295728284
82.76782735323926 89.62972026746696 40.2432270363306
20.58181456808982 120.2513572026726 27.35393856628847
56.32771551937652 108.21824460029 13.53678889047146
-117.0720014646449 34.3241383440603 15.28503716473164
82.06953753425101 -90.26954640915265 684.5015722263151
77.88682040227309 -93.90230672152872 671.336615269862
-121.9898692117107 1.572199004493821 352.1441952512318
96.599700984834 -74.51508417522363 126.2372781961787
-35.27365052204775 116.7894240881786 586.2447142892689
-17.91736468620375 120.6771231124673 232.9549845919036
5.284246899795035 -121.8855066638442 304.2746829345672
15.32851853721892 121.0332042022111 519.2674541260798
68.92335853897218 -100.6656378696737 190.266211873997
74.71151757686543 -96.44785711129992 203.1755342481218
68.64123168378431 -100.8582238240048 215.8360052405927
80.26563982742175 -91.8772390915977 215.9844437405695
85.7435488161763 -86.78734836603773 203.3688174621784
90.69337075487155 -81.60093443778331 216.134509876556
85.54137824075319 -86.98662315938236 228.7109982334045
119.4132308861448 24.98960362495334 177.6827098105904
119.467764514184 24.72758059300328 203.5479666711016
115.5342055133543 39.18988844584801 202.8805295993135
87.63891176732001 84.87297063400041 26.88037082536328
66.44654149534837 -102.317433134862 545.3340739467393
78.41017023133361 -93.46574348012905 545.398721297386
-39.79995466254788 115.3254681709948 220.1240372622199
21.5718618521612 120.0777030769296 402.0188020526854
28.70052611255183 118.5760507052867 389.0098857559411
47.86873325478054 -112.2166849295713 330.635074361392
40.63290221534129 115.0346350346647 180.3068270722374
47.47782501943312 112.3826326948434 167.3484586725945
40.44210851422835 115.1018499370161 154.5062623152945
46.92378832555875 112.6150881950468 194.3505909552128
97.13832707105392 73.8115533899467 505.7244327800913
78.3707247153997 -93.4988208887312 571.2080223183727
56.38890996061259 -108.1863708304051 684.490066785316
117.3791036800501 -33.25877356830897 393.6689114183635
96.46282060333618 74.69219665566531 379.0634212167249
100.7909601382197 68.73996184473638 391.6640817970261
104.6285902774351 -62.74438697251421 152.0458823534064
111.1351244487014 50.32876030433945 253.0173904646369
116.3093676064665 36.82568406674681 252.9808017951531
118.2778605270288 29.90564677696711 240.4666478747568
119.8395733638987 22.85774826965108 252.9348424125448
116.1801452667246 37.23135568043117 227.9052983012299
118.2873506897283 29.86808776612997 265.4995356035744
88.11175995836379 84.38197530894664 557.178643989659
97.66310758807296 73.11578089742656 556.9992262912908
82.72205468860275 89.67196701364264 544.4357971178073
87.80483718498384 84.70130203791722 531.4653730163431
76.96317122139337 94.66081700231879 53.5169495048208
70.09591249065652 99.85270678405381 66.75501543086274
77.17012225518287 94.49218079354571 79.59797727593686
39.75550988978813 -115.340796916802 467.6639404508201
114.0563754824718 -43.30292382508848 165.3957249353735
80.56319303420926 -91.61643918060086 190.4318917834425
40.47982758259226 115.0885900464664 611.8736475653766
54.46424530518836 109.1679714171527 611.4506595175108
117.7660696314766 31.86146329901057 340.9323409538315
56.39336192840245 108.1840502588631 684.4871795353876
63.20912577090002 104.3484854671046 671.0456421238954
49.47491520580906 111.5178585042683 671.0317174095688
56.53575155843525 -108.1097072224455 13.58635794555329
46.69605060137952 -112.7097105764778 454.9107843713468
56.00500247765773 -108.3856065050962 215.7206078560178
62.35081824260384 -104.8636040982656 228.5103703506425
57.11645010476746 107.8040404040109 66.86463983388248
49.94817145799432 111.3066941742625 79.51154508203207
94.11846174418336 77.62548008810441 118.2368133061662
-117.937675488505 31.22026105541233 481.5438490820715
98.66132346515525 -71.76310508962113 597.2193523621769
102.9837629462555 -65.40905571424688 584.5671244626185
116.945845304901 34.75153616636487 530.0522494161099
27.19236997122736 -118.9309674363573 684.4900667853233
-39.43647910908945 -115.4502668488832 357.2733467801471
-25.0827118417444 -119.393708237344 357.4913286733544
-10.31128959925278 -121.5634702811677 355.7606384407317
84.21569216249529 -88.27070405061822 636.5470192316777
118.1153724608367 -30.54109998735855 240.6897085966403
119.6820557680355 -23.66866128738241 253.2386058250732
118.0525538412843 -30.78302343095427 265.6157381806531
119.6319022932906 -23.92086858139939 278.1686642456533
117.9922721278384 -31.01328293022398 290.5502058329068
120.8169009562311 -16.94923134930465 290.6497715964906
118.872715682227 -27.44590072000596 88.26538957031013
113.7950327503452 -43.98511704369867 215.543672419179
-31.02923240292396 -117.9880787897037 137.754360565462
29.27844498568084 118.4346767598935 440.6342683620002
36.65521522280555 116.3632037929938 453.4666183028982
15.80653968804082 120.9717045556125 467.363461133412
0.328500034273555 121.9995577357864 493.2171023520779
15.36448099530336 121.0286442283188 492.8954695560386
27.1874757779324 118.9320863384828 684.4871795353573
27.18613222393031 -118.932393462433 13.48681307482672
36.54875832646314 -116.3966849390213 26.68649057173317
25.21740946514002 -119.3653310633681 519.0460378859698
66.83667132638898 -102.0630166417212 368.9156659655803
72.72666776162762 -97.95321228162879 381.6443086442647
28.11725976177478 118.7157095901334 67.18851774763115
21.00957691838179 120.177359255854 80.49080194905571
8.589472878190026 121.6972512248113 80.56689607592445
-1.385349756052417 121.9921341974695 67.47688705483672
-17.44000491239813 120.7470340366815 67.62976797272398
-24.88743497595777 119.4345661034421 80.95817217488668
-36.89883374602488 116.2861817594129 81.03138950031698
-46.71884433380469 112.7002643480206 67.90487551273341
-60.89005418430774 105.718500279904 68.04610010100909
-67.33271837024134 101.7364489102788 81.39392022594328
-77.28684713158935 94.39673331455033 81.46624893086074
-85.15904896926345 87.3609545429226 68.31832524325708
3.898907752324984 -121.9376829300068 432.263641291175
60.00588805231547 -106.2228478202923 429.4562833457154
-26.07901747535112 -119.1800522215036 483.6547808191529
-18.85586680680272 -120.534046173536 496.6711093384931
-11.14291062145726 -121.49006355617 457.9088872264601
-3.849015994527611 -121.9392679815402 470.8614963526802
32.52207217201406 -117.5853512204573 506.1804834537525
46.56281665439678 -112.7648176747031 506.1198208735116
49.18345969119451 -111.6467074875235 228.3843407248008
-95.72487650223148 75.63562664930153 68.45764290248076
-100.2383614865703 69.54330224031393 81.82268820072437
-106.6055832568661 59.32326372059605 81.90381443455006
-110.5326494029914 51.63848773885031 68.7163995354417
111.1721115684581 50.24700597458814 303.4576732195678
93.20545809986592 -78.71939138734584 13.48926317736406
82.07474320135289 -90.26481334624239 13.48015495575314
-65.89647963756303 -102.6725570509289 279.0185571261227
-78.34602933033055 93.51951501248809 272.4622128343744
19.03332739383013 120.5061510808443 193.486175892255
-32.0238568963095 117.722014039366 284.9038030153608
-24.5992153938742 119.4942617953087 297.7872828088796
-31.71024074517894 117.8068785423109 310.8450997246716
51.5480400148233 -110.5748595777095 72.84416311135504
58.11913632605007 -107.2667981843124 86.14683025662337
-68.49218763923653 -100.9594979800891 557.5875298535292
-3.92752502860463 121.9367645427321 684.5395095322987
-3.794469426584776 -121.9409775332751 13.50221154069482
-25.33013930899919 -119.3414598644859 383.247914909004
-111.9409028956493 -48.51014593780171 68.92836277683296
98.673500198681 71.74636129129406 156.6962904059182
103.0183362659842 65.35458968571841 169.2742936921221
-121.9825181787126 -2.065250294772713 676.6001401141244
113.5296083248872 -44.6657366848204 290.4755154377117
63.87040274754877 103.9450415020645 353.9388465651534
-66.75667164631977 -102.1153602094486 434.8640511361518
-60.42028901251137 -105.9876817165306 447.9010837270399
116.3434448877199 36.71788163358686 479.7968916781657
120.1034689757529 21.42794297151178 479.5853540046674
2.454084812757086 121.9753149933698 599.1015397324104
13.39457312485323 121.2624649708349 337.2406302270346
38.10784802533649 115.895607849814 326.814684510249
44.80711942531214 113.4738826726477 314.8721429185201
30.82934372860169 118.0404657956911 312.8105171173257
41.62028304873731 114.6810884101777 301.2943083233947
51.76367890618381 110.4740763532219 295.0415133065201
107.9823361285085 56.77864989791334 316.0045869072814
54.87534183352586 -108.9619055388335 317.8474952113726
-34.52900581297993 117.011741964502 132.7297642680735
-20.00503060707827 120.348654958873 132.6099883050144
-27.3078490456313 118.9045052994251 145.7296451901409
-12.44600219214982 121.363491336699 145.6010939621329
-60.84513508929255 -105.744359357678 470.2073690295404
54.9568749726721 108.9208056031449 638.0989870676323
10.1191778417045 121.579612763851 132.2676251792482
25.02442972709998 119.4059375275511 132.1314860144943
-111.5530264750106 -49.39556948012228 391.8787237689513
28.54540280435166 -118.6134898683 164.2653781299342
-120.7795941285059 -17.21306603000698 199.8491056233712
-84.89095832492454 -87.62148820167302 469.8302695496702
-121.6009492463363 -9.859469680968717 186.6798583836272
72.60820020716706 -98.04105906545455 532.5503705211479
83.953418058799 -88.52018750683102 532.5855997388877
94.12434242760807 -77.61834939349316 532.851485024696
106.0222953540527 -60.35953021568356 520.0618089952961
-120.1564033033531 -21.12909712226172 468.9274995321596
-118.4208502289983 -29.33431831560348 455.8854660391512
26.74965278673807 -119.0313239268931 342.9481972244788
-51.67505488538436 -110.5155586448918 201.1142245776854
-44.91355401640202 -113.4317974186063 214.2349761929907
-40.12029892161333 115.2144158273625 167.8641851627407
-118.5466141909467 -28.82187127621716 508.6430957208963
-87.43228538209414 85.08581240644088 13.55326138363
-97.6418437410646 73.14417509853756 13.55505656513139
-100.6581135126212 68.93434691124791 27.50546779634479
50.57295227429337 -111.0242158191718 99.49895100860216
-117.9045232909436 31.34522910325181 325.4840752742118
-121.8861005470898 -5.270530658738864 417.6295468576859
-1.963183192190394 -121.9842035337113 291.3197859257685
5.619079694633138 -121.8705294293307 278.5665360771412
93.87436510760428 -77.92049522201594 431.0292712352341
98.44603384953962 -72.05815997716913 418.5778122920734
101.1212575177834 68.2531411586465 467.5428231025611
-65.61840017510055 -102.8505010121991 124.2589275622097
-113.5369708421423 -44.64701839978274 97.17315771808538
-116.087320022406 -37.51978318188272 83.83340812323566
-117.1812503593253 -33.94929401659353 68.81517301816227
-113.0194254762562 45.94136986439312 351.5473045051372
-1.195533611279576 121.9941420699547 363.2924939401258
13.71360760077589 121.2267997044051 363.0794906910991
36.4803983510236 -116.418128039196 99.27800811964275
29.0324972946781 -118.4952070795883 112.2619781588559
-60.18730052602443 106.1201623415175 233.1822567445185
-84.06259668433822 88.4165133823218 259.5083354327091
6.448427969003914 121.8294618584871 376.1446726831285
26.21983148713926 -119.1491520607093 394.0532009031529
106.4317195553044 -59.63462980937362 368.5249136850833
-116.9926676114232 34.5935792476444 133.9259894464775
-86.99743958137427 -85.53037768117906 623.3756859537701
-78.11255779722839 -93.71461099729677 330.8969284149887
-72.10942213868043 -98.40849170079574 317.9612059571222
-116.8139413649462 35.19237279279305 212.4067819123877
-114.3749174039747 42.45442578617644 225.40357381202
30.48704008447514 118.1293375368185 519.1154674174709
119.079013757459 -26.53654993684905 431.1312382497091
-116.640585661757 35.76274285457326 609.1320319335318
-114.2022258440906 42.91679871862913 595.6590165333981
-103.8117973219791 -64.08674384598054 469.4903413923273
-113.2171388940929 45.45194671997753 299.1975040655013
-110.2485357862967 52.24232342629533 286.0635095692339
-115.5444239297286 39.15975100466239 547.5696847026908
-119.5508813363858 24.32255684942253 547.7111398923423
-120.828510549642 16.86626924826724 561.0886791652321
-41.57165688281472 -114.6987242475588 557.763498900702
5.830155640545623 -121.8606141671993 253.6383121798478
90.25132201816255 -82.08957835178548 242.0453220315741
103.3038986985399 -64.90226894093766 253.5666983448149
74.47592806795332 -96.62989257169359 228.9123736781235
12.49029518745297 -121.3589408578136 317.2251422359981
-117.729988127218 -31.99452915054549 199.9798055870957
-111.5792565703083 49.33628992148997 212.2775214182431
-59.92024508116103 106.2711824974842 259.3030174264217
58.90112917725477 106.839398077883 518.928683707396
102.7370556730068 -65.79587670699051 355.7570749849057
-120.7657867665684 -17.30967205500274 147.5378188309224
117.4875032024966 -32.87379794370195 343.4812183924874
-115.4815041649024 -39.34491321392924 186.9858950738778
-88.27644628833546 -84.20967302336842 200.6450888929384
-93.36943260570519 -78.52483081731967 213.6784227100232
-98.0065165286959 -72.65481895862419 200.554492639694
-102.3584591946849 -66.38332494904145 213.5911844059447
-98.09696234767765 -72.5326545643982 226.7087831363853
-106.3031110715307 -59.86358305776397 226.6214020714407
-106.2341561877721 -59.98586549406492 200.4665642979278
-109.7717924622007 -53.23676905706751 213.5122734004334
-52.22494024595277 -110.2567712945861 253.221799052569
-112.8794287298572 -46.28427994061354 200.1320917885031
-102.2751107809493 -66.51166600487878 187.4266485131265
107.971363815569 56.79951228493115 290.8120421161391
115.3076359703637 -39.85158826102274 355.9397705685765
-121.8983698424008 4.97869759728985 582.6922607971641
-121.9700744205617 -2.702026247583978 569.3662897779484
-72.67555802137048 -97.99113871306125 395.8601784852353
-45.8970671130021 113.0374240259596 311.0643657814304
-110.0843434452845 -52.58742557133446 317.5760023445361
-34.77026909863862 116.9402770084296 684.4213658692594
-49.33708839199686 111.5789035122692 684.4582167407052
-56.41126522235292 108.1747158813618 670.9788955467873
-65.77236613510075 102.7521087520361 324.3845522853572
55.12206146264506 -108.8373021537578 292.1965730900135
-121.9806374988568 -2.173493816986891 199.6902136901863
-119.7343782823353 23.40253527596185 260.24128002956
-121.7066091557681 8.455843411813694 260.3759461223958
-121.6867930044913 -8.736384165206925 263.3928519932763
104.5735018138571 62.83615773093727 353.7853054101315
-93.75639773029862 -78.06239737951978 291.717307763638
-23.20428474520633 -119.7729567534482 253.4484266741291
-57.81295740121612 107.4321272084155 416.3508469403325
-64.47099787169157 103.5735991140037 403.3383759076367
-76.78268531230717 94.80727417361607 403.4784410685699
-51.35818560889542 110.6631680865962 403.2426565995554
-37.05416311196419 116.2367798765604 403.1309478339946
-82.45575162135046 89.91690066143383 416.6461256035322
-60.55518900975416 105.9106655818617 181.0884667283149
34.03004245525075 -117.1578260744618 330.0742535674689
-112.9888531931029 -46.01650849540247 278.3726000635211
-66.25310098858995 102.44279676676 272.3474601959025
-10.50062485913195 121.5472619089701 219.5517730930732
83.68884779501602 -88.77035966324932 481.4126043808279
-121.9634123598433 -2.987648831911733 121.1497213208106
-19.49617909991858 120.4321344181191 13.52181099952327
20.55755317524931 -120.2555071813628 253.7819746196532
-92.98867607515331 78.97535135591491 416.7558569883748
-97.79869118295659 72.93432664322535 403.701586803163
-106.1145062778347 60.19727200971296 403.849114924656
-109.617890865265 53.5529457849973 417.0586762844687
53.66730206577586 109.5619490926515 131.7151685232325
-64.01437214075645 103.8564401441949 533.5003452145227
-82.58146469057839 -89.80145705699186 161.4233100563742
-96.87692974857055 -74.15430184750259 570.0259399220459
-72.11118871453792 98.4071972071977 311.4505107574569
-63.26269749424806 104.3160155764745 13.52372382105187
-107.0052783754491 58.59923548812439 246.845015243641
-87.63862071192212 -84.87327117362602 684.4636297368304
-83.22724994590683 -89.20327833909218 672.4331407591759
-97.77774184932719 -72.96240949178099 677.9112930017919
-105.328308731775 -61.56254851534249 668.9426880658059
109.5204508990198 -53.75193796390398 456.3795824700653
66.46587631220454 102.3048742047549 131.5460952144789
-70.52222341199966 99.5520768493958 520.4002540417296
-109.8258845718133 53.12508896951372 494.5192485953312
-106.3352569920997 59.80646386824854 481.2292688743311
-98.06767842643653 72.57224295864799 481.0910968794396
-93.20675005005826 78.71786166497388 494.2393565107088
-87.73361608620721 84.77507067787089 480.9542529532488
-112.6934806734622 46.73520529215642 481.3656727966218
-76.57896951311204 94.97189809785766 480.8244582088638
-98.66810643115592 71.75377880843691 298.8121635115417
-50.56525149532808 111.027723300148 533.3480455001887
68.2090550981428 -101.1510000080005 241.6972146285364
116.8501839453063 -35.07184785476915 125.9213863903352
-1.163777586491572 -121.9944491431031 214.9265157112405
-121.6713210806433 8.949280780655014 495.0118473355967
-89.78703044940536 82.59714984839097 168.4098387349644
-77.33615766842121 -94.35633904028438 226.8872627856347
-105.521253512994 -61.23124249144749 623.1883828949558
-102.9732597270803 65.42558965098642 285.8568443389971
121.4509392047489 -11.56154688112242 321.099427211814
-97.60575239575995 73.19232951107378 560.4738493365517
-102.1033708407702 66.77500777201114 547.2436864313526
-115.4017108997265 39.57834156980232 417.2017995409925
-117.6810660329755 32.17400654787119 404.1538176696843
-115.5120940042966 39.25501418599347 390.9412978981142
-121.2788895269295 -13.24503511187597 378.4256852894848
-121.9846800244737 1.933349251109035 378.2534161490761
-15.56744491330273 -121.002705171708 189.8073878735589
66.75102834107958 -102.1190492288701 443.421653883122
88.83702337379245 -83.61807985169389 468.7757561365653
95.48105985127421 -75.94318408966926 202.9417970866589
-66.43745924011928 -102.3233307204055 382.8918397825013
-88.51942600723696 -83.95422097398854 252.7684032570712
86.58601447492615 85.94685623888684 303.5278067011271
-113.089558990468 45.76845690365199 684.4723884465411
102.6367075462425 -65.95230294741114 380.9396987970131
71.47230511186636 -98.87218821284519 59.99120115501925
32.9789771641604 -117.4580225663866 381.2506744745883
-72.30298123615484 -98.26636710677892 344.0337175526838
121.3762793508172 -12.32066601090969 405.9795918367347
-84.43750154228967 88.05855059729198 207.4421453302466
109.9579421092794 -52.85121537951952 558.7655440095527
-51.316359692193 110.6825696663276 480.5909626942537
-106.2948707374805 -59.87821352463946 13.52932631701283
-112.8923277510693 -46.25280894113504 15.14217580926007
110.0878173219497 -52.58015288385 584.8605305849173
-53.39725529696672 109.6938153532393 246.283898200064
-98.44634995564638 -72.05772811024785 304.6450816534957
-70.86117060347817 99.31109958461219 390.3629445905424
86.47141698592793 -86.06215221829962 177.1015445507855
-121.9779929801766 -2.317159581902051 622.8184971369525
-59.01021604777699 -106.7791852469136 111.1056310664631
121.3762793508165 12.32066601091625 448.7142857142857
84.15617726630755 -88.32744662856399 558.6363306878578
-106.4391369602962 59.62138981227555 351.404242804067
-53.64782644086524 109.571486793649 220.1202782353679
40.87420619052301 -114.9491159961424 343.2184361176346
-20.59855011869139 -120.2484916038773 623.5158887800392
-97.70486277345823 73.05997392840827 534.012283958853
-63.36608597382155 104.253245265355 586.6384175005413
-20.07898516038017 -120.3363384640285 570.8796953973778
-114.2545604666609 -42.77727682508693 352.6323349163166
-121.6419838909086 -9.339580027170566 238.9581741865762
61.48059377001129 -105.376167085764 304.8932128733734
121.3762793508158 12.32066601092347 220.7959183673469
121.3583336717106 -12.49619335740865 448.9994913467922
121.3508523081489 -12.5686373201646 477.3163437985634
121.4356824966606 -11.7207088766096 490.9758766607191
27.75622450511943 -118.8006397340579 266.5227295242703
-23.52301328482789 -119.7107674605831 124.6154384391722
-69.40926252063713 100.3312228388615 626.7481379505937
-101.4258789152941 -67.79963927824465 55.81803083848868
-48.97454187587954 111.7385083489471 639.8694584800413
72.78204822587159 97.91207002227512 144.264741488587
-120.2964164473639 -20.31679575923321 417.7154845229565
-121.6419426434062 9.340117233647003 365.095846601141
-36.47900332519995 116.4185651706808 480.4643073015715
-30.46522088548046 -118.1349665272687 58.54982368840615
-92.50889633985254 79.53680970457903 600.372035399358
-109.1874595808088 -54.42516578099921 609.7996605397116
75.84631498174053 95.55802689303815 354.0006279733541
-38.13554700143034 115.8864964303507 350.0627445617384
-59.53407847943116 -106.4879969743301 318.2951801926252
-30.69473495652372 -118.0755404220059 214.5253307148859
65.00673428969638 103.2381930149342 506.1666084159083
-18.28944827102366 120.6212919925067 180.8204415636857
-87.95803515936298 84.54220278005693 403.6449333104633
61.88151572007795 -105.1412288885086 254.2546669998414
121.3762793508158 12.32066601092337 491.4489795918367
8.690441356247232 121.6900827061664 558.5509917007372
76.53906206221222 95.00406295857471 480.5759713602737
121.1835433357441 14.09073541706871 519.8897728045004
121.3763458188748 12.32001118737008 548.4274328707963
121.3380326521415 -12.69180176759181 120.6101669414038
-64.0156534294354 103.8556503807203 455.757920396833
-30.56385313459244 118.1094868398261 389.5935323706818
-88.39131530234708 -84.08909191518876 226.7437254775648
60.65528822118717 105.8533703327613 170.0445868128197
105.0096193188443 62.10458799888617 455.0425989086594
86.68231439712831 85.84973133771243 328.7078484642709
-8.60993404030525 -121.6958053337156 150.827379507177
32.4228937328717 -117.612737243833 532.1612425634157
-92.84007433082853 79.1499879863935 547.1708239509223
-29.88804961624616 118.2823084410209 467.3610850002336
81.75437142018961 90.55508132451588 417.1666447267403
-92.15605947329024 79.94536073066023 653.933709172439
-109.98502841835 -52.79482478249864 291.4586338275283
-106.5798761472942 -59.36943658505966 304.5175862998628
-93.31803406727852 78.58590533816 390.4429574643975
91.49046711004642 80.70622298178446 265.7195053066164
111.474199903829 49.57320602705822 403.4138881670636
-119.5524054668945 24.31506420059915 494.8264423580292
-118.6962708390918 28.19920723873208 649.4172663161364
121.3009887608059 -13.04109372908726 519.3053242882406
121.3888160365585 -12.19652988528131 548.9367149494443
-4.754603011350317 -121.907316229193 544.884162508152
-112.7906229522919 46.50027283827404 403.9937317758861
-98.17345819984399 -72.42908328208692 252.602609174747
10.13870670227983 -121.5779857803424 597.3707108193061
-89.58364705602493 82.81769243429544 220.520658680178
98.53371447114309 71.93821732931146 634.5763385228079
111.1989799202795 -50.18751702056282 177.7759655463579
105.2543514502267 61.68890905821047 505.3041701072898
-87.60894906404701 84.90389887333336 456.110473500243
-106.2079748367653 60.03220869727379 456.4396242314476
-38.55561645899076 -115.7474165563413 303.7764106551666
-56.20156116760005 108.2838146831026 626.5224247482648
25.02632886404498 -119.4055395012671 571.1373878284958
-24.44787096329418 -119.525317842548 329.5935155809148
109.5696531018044 -53.65157145089275 430.9985304152716
106.2435503254176 -59.96922555986917 418.5533120842947
121.3023964160651 13.02799384862469 149.4273604340721
121.4887542991851 -11.15717611370529 577.3068683070813
60.21299656359211 106.1055844186952 144.4828036370541
-102.3126928595477 66.45384021881546 390.6124100999771
-120.8781073331372 16.50706417139505 81.51779775565348
69.93483381259465 99.96558917750032 341.1866708899374
121.3762793508172 -12.32066601090971 106.8367346938775
76.35687073318442 95.15055591974102 455.2231976400015
-120.7086550062099 -17.7036890673043 622.8969879012142
27.28688226883537 118.9093186257777 13.45416964938124
93.64328614145555 -78.19804959607038 481.3690009434795
105.3912240747739 -61.45477921220451 100.3491953508429
-15.34553483117323 121.0310479205449 441.1755452580513
-27.35441620447581 118.8938009911043 626.0607339450148
26.09539611694446 119.1764670625026 154.6021412535999
-93.68832170005962 78.14408728129172 337.8547104761021
-21.86159643333206 120.0252915071908 532.7456315082537
96.07710461213436 75.187698258086 227.9391117711025
-16.58241116033843 120.8677940566034 311.7286176482131
64.16359354960663 -103.7643159414684 99.78973839296441
-99.85542446874439 -70.09204094736353 508.9200104607276
-7.937711367537084 121.7414996549889 428.154591149786
-45.26092071368519 -113.2936408460312 163.4991177264654
100.3975756320405 69.31325131032818 215.3691701527977
-70.02974321923385 99.8991244438517 573.3563640295109
-101.7894655341731 67.25254423638843 600.5244442706362
13.65595457021855 -121.2333077366782 215.2346670496595
-106.7376585456674 59.08529637895124 298.9649381666534
-47.10917872868768 112.5376616049425 181.0211494030883
-49.27417017470989 111.6067029958046 13.46758145836219
8.17625933163629 -121.7257112665267 650.2533278820335
-29.39054841683346 118.4069071623686 519.7170821858608
11.00462895432773 121.5026672200144 638.7979198372961
70.20809782958177 99.77385929767313 392.0055134646128
-28.32795216488846 -118.6656105455316 663.472937200749
-93.43215844246622 -78.45018654395849 239.7047265886105
-84.80093646834236 87.7086151646015 155.2962881258568
121.3715067444479 12.36759275616894 107.4727367899022
-105.7457684191831 -60.84268617867308 147.9504630961339
-96.98251619539869 -74.01615737397634 623.3069989681652
105.6263216221605 61.04981720342754 555.5667893556297
-121.998254171988 0.6526706573827733 54.9673271246037
46.35647817594582 -112.8497980996114 584.0931329897394
72.46357654589559 -98.1480008669414 610.1692554606657
-110.1277277160941 52.49651024677593 312.0974482273184
-121.3382427112122 -12.68979336927776 430.8058591828867
-15.55387763789755 -121.0044498786111 85.19677070524961
-113.1228259099131 45.6861714105645 325.311490483298
-114.4942698988642 -42.13148656677131 508.6983610747319
-67.5611992527688 101.5848628267404 27.31912103810296
35.79299381625217 -116.6313062332311 177.059637805901
36.24478775661295 -116.4916965301737 125.3408316521633
97.94714758075399 72.73483540088613 26.88929632151608
-99.11566525673044 71.13427374139529 220.7107591166926
-3.758437470870185 121.9420934205148 13.44899364821764
49.85775936635891 111.3472219274745 27.12550939988496
15.16181178620065 -121.0542005192708 59.11447456305658
110.2646131111058 52.20838146752063 621.6256124829526
102.7865141702047 65.71858568729478 118.4458494885196
-101.4928028381078 -67.69941633474382 609.8383341681823
-88.91614083596416 -83.53394459044173 71.04778733422204
92.8813292076082 79.10157194789436 544.0342859941552
-106.6435309879638 -59.25501918335028 330.5186617629482
-40.14728411414073 115.2050154214584 27.84597471305265
46.1456143935217 -112.9361867261526 636.4547767649249
69.65086005890154 -100.1636545512159 138.5834014708635
-119.2624303571628 25.69966352509083 94.58063041931405
70.26524904213761 99.73361909128926 417.2804186391141
-15.08604895517285 -121.0636655934477 32.060561551941
-23.49467602188042 -119.7163322133905 150.7248819545636
5.300239491625836 121.8848122668752 27.50146533924002
-119.0015861663245 -26.88163852704733 28.49749109213511
-115.5324113068935 39.1951774790571 671.6808745189653
108.2121070252677 56.33950561685837 366.0772356732938
-110.0212663805635 52.71926539716842 338.2657974776259
-117.5888544597678 -32.50940336025187 147.6947792094145
98.56748589106164 71.89193783113211 105.3523726796934
81.18228865394998 91.06830408493803 265.7791335822735
88.80976751919989 83.6470274019685 53.44224385075696
-25.30953467068883 119.3458313254099 27.7339277388998
-81.44832911336543 -90.83044470132748 609.9501921043868
81.37707673908798 90.89428684686726 316.1730818626331
13.03448757377285 -121.3016988079275 291.8199423093663
39.41652677876323 -115.4570804095576 571.0849955117178
-19.67195310635352 -120.4035475431743 544.7349095856761
101.4608997039348 -67.74722009992789 112.8979046415157
112.5046028053633 -47.18807420956534 443.4822418459925
-80.01647840465554 -92.09431678294428 56.08115351089515
-57.64455499365769 107.5225803242425 520.1023811150352
-26.78875486721184 119.0225298532359 167.8789416006456
28.53918331448492 -118.6149864719557 189.8139567470518
121.3947652644517 -12.13717291582585 591.1110548583922
52.15077637519373 110.291869706994 557.7109488715448
-30.50433552642562 -118.1248725463492 85.08394266698448
3.510854885587369 121.949472725274 652.2316839808
-27.88394701937473 -118.7707266064357 610.2326867267248
110.177415614982 -52.39214720168968 661.699153655584
-69.43497841920711 -100.3134276750837 610.004919196113
-106.0757665942775 60.2655103806178 534.078075048148
21.64576449891413 -120.0644030479373 125.1902971026795
-120.9983816864359 -15.60101372551065 13.36955318598597
80.23233323729815 91.90632569795802 661.0746096666669
121.3385075759654 -12.6872605095578 334.7161807404688
121.3762793508183 12.32066601089857 662.3877551020407
35.51382627754766 116.7166146832925 27.31657680746955
70.63736122994425 99.47041368402149 467.9856545041912
-65.32563436415232 -103.0366997478136 71.41242404456088
-62.59632184703472 -104.7172406589404 623.6495213242169
77.71280271995106 94.04637310077389 608.8237750984327
-102.3799899987803 -66.35011415099176 239.6206952959973
-119.3544796859884 -25.26871937568257 636.3134991844458
75.62243468851706 95.73529846290225 253.1790614252188
13.5888830449078 -121.2408440155042 189.8369384561613
-54.27063610121053 -109.2643494337013 56.39999000812524
-109.6231598701668 53.54215927733809 547.48264064599
104.7601717661737 62.52444651111897 378.6205297104998
-88.64739220262639 83.81909004322186 350.7656885032571
-4.043838918485351 121.9329625933912 665.7622711692675
-121.578007509658 10.13844613249757 443.6456191189527
97.79997987456281 72.9325985861954 582.5286873888483
101.5624685913149 67.59485907699032 517.9702153403111
-119.4577917516747 -24.77571370946801 239.2097587471846
91.44168879069444 80.76148556772459 215.4157038013069
22.90718115159152 -119.8301341553458 46.03974584867654
-2.699567036133046 -121.9701288751366 368.2438966458849
78.36551587792469 -93.5031866900093 623.0571706883234
-117.7224037994118 32.02242407576653 534.3517754977862
63.00246928676228 -104.4733883042499 151.7556121218133
-120.72944746952 -17.56133576082459 649.6823816269883
-34.59934775843935 116.990961764961 639.4114452167875
88.88342121775457 -83.56875871177706 493.9251831057302
27.27650031248326 -118.9117005626574 317.2876292023382
64.21730986468877 103.7310807508653 404.6752506528823
-42.39057961856048 -114.3985959686677 610.0872720641157
75.91069779011582 95.5068895997441 328.7854773469803
53.80920113812755 -109.4923279178799 493.8993841468859
-36.50420937043246 116.4106640228447 532.8661126576782
-109.7711852272671 -53.2380211296496 239.5159806510426
14.28511203457939 -121.1607839779832 111.9717776666314
-120.8069360527993 17.02011167809621 534.4861343301595
83.62930781199583 -88.82645368856315 506.7606520520962
-122 -9.359812187456629e-13 13.27699231653335
-121.4238951342936 11.84219955988204 547.8545926851579
-121.6638292290711 -9.050561160470647 663.0924316256881
54.02446065227533 -109.3862772528198 468.5127250180258
-27.19941741126765 -118.9293558903252 557.7618910113218
-117.4953527348528 32.84573162090498 456.6623147873109
-113.0143645884271 -45.95381808592265 226.0890631467713
-101.9309577997178 -67.03789855023908 134.9325842123533
-41.77569828384225 114.6245655734292 653.0265160250414
21.94676826166901 -120.0097469494399 99.15260728228168
121.3889246428171 -12.19544890770583 64.10204081632652
-37.78218016007781 -116.0021847309413 71.72595352837958
109.3631032033457 54.07135709166498 593.2436363168653
64.68540649670159 103.4398288202203 480.7348643979823
-34.66396267640033 -116.9718328982201 570.8454588615621
-38.19091561107135 -115.8682612486613 150.7089460124618
32.26657695112116 -117.6557181434773 584.0259685361508
-43.52373587887569 113.9722967003204 546.3380132649537
-97.48566164519615 -73.35220360424309 121.8262015667038
97.4764056114775 73.36450333142533 530.66370961721
117.4230615850868 33.10324165372487 215.4251389141921
-36.16912095167724 116.5152122668235 559.2166266045617
88.78669769307371 -83.67151434483985 519.2552208344138
79.2071158979296 -92.79134006539591 342.9917869546578
-58.29757168531783 107.1699264513848 389.8120280369384
57.9600956622233 107.3528169673527 417.4125393524216
94.24591770084653 -77.47068475704381 635.9527455864945
84.63212837307339 -87.87151328527139 279.5111670574179
119.0367061601757 -26.72569150716189 305.2918759618593
-43.23637159660493 114.0816206545134 572.8304809379954
95.99098643398759 -75.29761299955005 227.7763755670681
13.46572283928099 -121.2545846902939 266.3901327810527
58.41839461016309 107.1041136986403 493.5975713034684
119.2655034358825 -25.68539838479232 558.4796912176407
-30.78051593744281 118.0532076591942 337.5430354025914
-55.44866402454016 -108.6712733793695 557.3594641758289
121.390937846645 -12.17539357523943 35.61224489795918
79.07730808498333 -92.90198784758392 368.1675458383317
63.7798337971256 104.0006384634779 328.8357639390518
-22.56986747780273 119.8941244683593 428.2393561740798
-22.8273933370552 119.8453591651982 402.3108259140565
71.48508887830712 98.86294587994297 92.85799015578212
108.1258283059933 -56.50491353097404 138.6276635114132
24.85777830543598 -119.4407420343569 597.1065854725025
-62.45580497531633 -104.8011088914867 570.6487629348486
108.525469042863 55.73349593401252 416.0803044241287
6.346479996250441 -121.8348151870277 202.5127887674834
-1.637449798007997 -121.9890108090028 266.0420483577141
23.02067736396493 119.8083820678012 506.6497717269523
32.18394106324664 -117.6783494855254 609.9344265116308
78.98027636414618 -92.98449303751187 393.3547032543244
67.19646040531511 -101.8264980690042 418.0152727900796
-80.4941802321413 -91.6770797350982 557.0425412823311
110.0106545411937 52.74140581571688 93.24190830766381
-94.23993681489779 -77.47796015076851 421.3957329895
66.64111636106438 -102.1908098125809 393.7347190047485
111.4412957531002 -49.64713084227573 153.0775575513578
70.50299703346134 -99.56569393772004 87.2004204002687
-104.9475336104604 -62.20944614028712 418.381169007867
-16.84136699756375 -120.8319840011467 265.9043940414043
-29.90153326522622 118.2789005207124 415.705174019247
-102.9137549552535 -65.51915018534687 395.2563750890037
24.74304004000683 -119.4645636562517 623.5127616576647
-86.46119946934044 -86.07241710515002 570.4529013107783
57.69139515062118 107.4974554376748 316.3802030288402
119.3241917637592 -25.4113608436389 610.2085134081891
-20.87700084213308 120.2004610466931 585.1558871369259
52.04469244100366 110.3419683924541 506.3235520461423
-46.0217776594545 -112.9867070989492 265.9882251517844
121.4177218099611 11.905327819044 121.0816326530612
119.2502801047941 -25.75598367230683 508.7836275368419
119.5654612180844 24.25078315656545 685.0087812708424
119.5654612180853 -24.25078315656071 12.99121872916355
-52.93488600574262 -109.9176866730693 278.8939057008403
110.222180076976 -52.29790645024596 306.1603788956317
-120.4263571078885 19.53183334260533 159.9695043651581
32.12112398869161 -117.6955113574987 636.2538614859774
121.3985610752098 12.09914744387226 591.5484072508646
-100.6405439163823 -68.9599950711623 556.7250024939738
20.9693905415434 -120.1843777714734 673.5295754126389
23.82295946736248 119.6514379446248 481.2720978014645
-31.06576791634143 -117.9784644067213 265.7944647589404
-49.41594825033037 -111.5440005492033 622.8896126272781
64.13949244621213 -103.7792152058508 73.43699708075944
-108.3593046334536 -56.05587479786936 353.0964647861303
38.00610060153555 115.9290141296214 506.5934302054724
-8.465130266594274 -121.7059635743853 202.512430248097
-108.4568251003836 -55.86695883207526 556.5801559264037
98.87497978405786 -71.46844319489652 267.1238869051513
89.40129339678468 -83.01450920762001 649.1551116720154
-112.0887915133108 -48.16744561512007 569.9300231504856
119.6257076694012 -23.95182800111451 227.7979516052599
-29.56918064814666 118.3624245941138 441.604170940494
-120.2955269497493 -20.32206180194661 339.5631238816162
-119.1502616920782 -26.21478854977255 583.4697041209103
118.8144472490142 -27.69705986041179 533.2930707956518
-36.69389739826213 116.3510115715623 454.7401553031535
94.71667988780905 -76.89441170221869 279.2308081233357
-23.22771127984802 -119.768415822787 202.4044192074292
118.6204689693913 28.51638724455952 93.16676675347313
121.4088167768278 11.99579963364901 319.9453893095712
23.96154636445598 -119.6237614181398 649.9182850908137
-121.3139801941635 -12.91968302436681 326.3183193103756
-16.93771666296989 120.8185157757078 259.3872123119972
-121.9826865824019 2.055279576969808 290.6962599875315
-56.35620920649089 -108.2034088366639 636.5573944261605
102.1819525542555 66.65469655020473 568.5855480568674
-120.7511499294665 -17.41148444882037 303.8258895636921
121.4760531090846 -11.29462354569026 676.6596111339859
45.09992632024518 113.3578256932818 442.5309142210356
82.57674261897367 -89.80579924726342 61.68384261083325
-117.2056175095279 -33.86507381078992 569.9230435751087
-49.48915803247356 -111.5115385833989 649.5720101444234
-43.6266027774581 113.9329606834558 467.8021735398262
63.80553061121739 103.9848751666366 79.06121202742079
-57.31765374160157 107.6971985223286 467.9000373854228
-37.65172949707604 -116.0445917131816 202.2634768577329
-77.27370199128998 -94.40749430294879 147.9098259126158
45.96287392442067 113.0106818871907 570.2798541526163
-42.39939238359586 -114.395329998658 662.943353225578
-70.65642814415003 99.45687086325694 468.0385810672296
46.27942054389117 112.8814211202254 93.70347688525081
-44.68019091525942 -113.5239205620382 189.1071608357917
61.34290379658463 -105.4563803370994 406.057108655969
45.31493870427901 113.2720456698273 417.4934762722559
119.6707284874734 23.72586654428936 227.9183673469388
97.91263896773474 -72.7812828299559 49.15060621143826
-108.7688074370896 55.25709482693895 198.6327167128724
-82.0877221976305 90.25301027890781 468.1576029871251
38.21297667158812 115.8609874543483 404.7136382165156
-108.6753573965579 55.44065921983975 224.7612648066714
-120.8488823613588 16.71967798764293 247.7601661334743
-51.49246468952276 -110.600750812091 175.977767612547
66.06238140718159 102.5658898601873 582.787131199261
35.93863809323593 116.5865099057494 79.17349298340132
34.83003117763806 116.9224911134071 220.9820970838505
-16.58059148139694 -120.86804369281 368.4180107923693
-110.9743853751385 -50.68220388469939 470.4041882686841
-116.0189736789857 37.73059430322857 156.3537731116313
86.84629333338783 -85.68384523497505 671.6601177481588
-92.63345157871066 79.39171020084319 468.2805923330719
38.09646943440433 115.8993486462866 379.1481546177889
20.30344705104994 120.2986701416321 376.6776070761565
-101.7978025556831 67.23992411383399 468.4196786747848
-116.9327019947736 -34.79573543124879 442.9017155765408
59.99214855015801 106.2306081707893 598.7642152630974
-107.0758244481329 58.47023019240322 143.0739241003123
-16.90388179601056 -120.8232543024169 394.1258873200417
-109.3567420538848 54.08422105716321 468.553993859628
121.471244639794 11.3462207654932 619.6530612244898
-1.495509602313487 121.9908334713284 286.1159813216809
14.8935631355445 121.0874963698876 94.11217617416764
-120.3264686650687 -20.13804704022326 442.796983886657
-120.9352031651709 16.08342735236636 456.5334494647437
23.71704189349669 119.6724777207446 353.6450140104476
-115.5479180512095 39.14943976650216 469.2983723937467
93.40959527105851 -78.4770508575408 34.63871702524605
-79.64313516058338 92.41737402562921 142.8398138920554
2.259875368040029 121.979067726069 94.29327617306492
-114.251807866909 -42.78462807063907 456.5799082190246
-24.30087773069593 -119.5552898934956 406.8877052209885
-121.8942367502865 -5.078882462225599 442.6919217550227
-33.10634571579981 -117.4221864612729 17.26607239630335
121.4856401816493 11.19103344891996 334.7551020408163
2.527742278289173 121.973810791393 144.6631047669891
-8.38669169391407 121.7113938891147 79.76023720873066
121.4883785703476 -11.16126661037655 249.2857142857143
-101.1136629232271 -68.26439167126597 456.4119389725666
32.49625881121631 117.5924876991487 192.6746355208892
-40.88382419490096 -114.9456955227138 408.2581651109745
-30.18431167711999 118.2070527869572 94.66513765245715
-42.21103838324142 114.4649651142589 94.8416324231906
-52.87289058398112 109.9475213058228 80.10884596346267
121.4903893261788 11.13935821192162 78.3469387755102
-16.97409654640808 120.8134100438905 285.4928918836971
121.4835733572829 -11.21344747816929 662.3877551020407
-64.66576013306131 -103.452111947574 176.2218692792048
60.3396955940275 106.033584941848 625.5031325989274
119.7404305400134 23.37154881671801 427.4781023579708
-104.4715968791585 63.00543980894501 634.9690891005114
-80.86268813785117 91.35220668993512 28.90591656675331
-71.11478585775821 99.12964860426568 95.17401691161746
121.2376639870426 -13.61722552376025 277.7628515720031
-89.84191912454132 82.53744343035697 80.47676860586716
-71.0717670818994 -99.16049578262626 162.8839688989329
119.105470618267 26.41754850097045 646.1841903014034
-80.98546094629975 91.24338395366185 95.34508869109987
-99.4581302085831 -70.65465544047703 355.1137017670854
47.23787130320797 -112.4837033296004 405.480863187827
-38.72653430187399 -115.690343334981 432.545030534999
107.2389660553874 -58.17047497976506 318.9781454668409
-121.9882404930193 -1.693865820333861 250.4233517993563
31.98610877493302 -117.732276141414 406.1189749667387
117.8776030589019 -31.44631452313549 672.9949138940799
-70.88805327425426 -99.29191257593183 136.5971679153028
-74.64568969173659 -96.49881351832762 16.7936924987242
-102.2719397194725 66.51654189761051 95.65263525620414
-117.7510031289718 31.917099838815 82.44346846710688
47.934743554465 -112.1885036907422 26.19238262705005
10.52488593999827 -121.5451635234822 418.6914141729973
-108.6847536361526 55.42223675609642 95.81909796769042
55.10478701626081 108.8460492985048 156.7278377547642
44.69076619417186 113.5197578264588 273.1713932586885
-54.98578204182713 -108.9062154941061 434.1657887657564
12.42850281427171 -121.3652846484349 442.6076095165922
-66.40884734058272 -102.3419024392999 508.4744604829872
25.98339658597112 -119.20093582626 417.9645484948346
4.957773472567007 -121.899222648033 455.3624148701687
-76.79253195131747 -94.79929871315444 123.4229729433857
-83.73285841570261 -88.72884774150909 109.1842334482556
-53.41696127361103 -109.6842205984687 458.2701035024063
-121.6439532359548 -9.313895056786938 107.2771375690154
-94.21124867990459 -77.51284165977387 109.0379767084614
113.2148014762257 -45.45776860668373 673.0424210897279
48.1594256078987 112.0922375774401 143.8852406643517
64.16877055065069 103.7611145180021 234.6058346830704
-109.4927263587063 53.80839037304005 29.15428025777726
117.9968381052553 30.99590613552347 673.3649913324492
4.799799250889145 -121.905545104196 481.0609935565801
119.6162320988897 23.99910453463918 354.2136345235095
119.7763786947377 23.18661481921787 455.5168236339878
-109.504902721351 -53.78360605228558 136.50366217944
-112.3709019791511 47.50558270763571 16.07125810708249
-115.3748803627027 -39.65648725356343 136.3901175237598
121.4111096066432 11.97257132297292 249.4340415351039
-114.5867840391467 -41.87921827787567 30.0022870239118
-117.5408048559005 -32.68270481198165 97.71563076946651
60.49503479395525 105.9450365296938 650.3386801266136
-12.90775416325791 -121.3152499995813 482.7811361512227
-119.3472575186645 -25.30280859457244 136.3018096809203
66.8494259441166 102.0546630533954 609.6405804871094
117.2043953179046 -33.86930347917333 24.75946186454345
-95.9966802093671 75.29035388932972 666.4929315196488
119.5512471155389 24.32075889275146 302.1159003488011
-10.26397238646237 -121.5674745598095 506.8283808639472
33.26264045074987 117.3780079497183 143.4891519936567
81.90034797862944 90.42307781191374 195.9035749015879
-120.8900742275809 -16.41919465899542 122.2918209053365
121.2737718114956 -13.29181216438486 378.8448874969157
-119.8087099915223 -23.0189706582921 81.25133736102578
-66.85771474596918 -102.0492331129765 458.891516815338
119.5569353067698 -24.29278123337997 128.2745764534659
112.5436875257168 -47.09478100717551 25.26994988252454
-78.91514632921196 -93.03977471941269 458.7720227505845
-42.3275618614116 -114.4219275614092 508.4824711042298
18.6894207862277 120.5599666169302 143.7098089239122
121.326729232397 12.79940521151793 206.3970360312556
-25.75792033303992 -119.2498618033445 507.5134714204074
105.9386595609407 -60.50620142126841 24.96790518861139
121.5576133298526 10.38010797391091 277.7755102040816
106.6106878629493 -59.31408967006733 672.8980275232275
-89.76051655302389 -82.62596243393672 458.5745593475243
121.5590406857196 10.36337915776306 178.0612244897959
-106.0300312836662 -60.34593992958243 71.81473459143764
-3.593054828060265 121.9470785095016 156.9423603103413
-47.80051010246255 -112.2457626547407 520.3163452890901
109.9182018840951 52.93381617234221 686.8919137030425
121.565854177377 -10.28314631446605 178.0612244897959
-81.01224208015189 -91.21960662679305 508.0523129164365
-61.82058134830243 -105.1770684215809 520.5514754587404
67.14188903767459 101.8624893493802 636.1247322541033
121.4567288473446 -11.50056597314323 149.6401516642127
-18.48090532812275 120.5921064508493 157.1634467754406
119.9064270510624 -22.50441627432823 99.71428571428052
121.5729248897118 -10.19921240883305 633.8979591836734
-85.21988997617346 -87.30160566936263 519.8552276781015
98.69827862779495 -71.71227088797396 672.7954469559346
-35.04420897806192 116.8584760173686 155.9921839896758
-95.44824077511146 -75.98442822668569 519.693809623842
103.1569013140229 65.13565622060585 671.845139681938
-54.73305799369859 109.0334460734798 143.2580793682081
119.9334764522574 22.35981274688637 555.5499829291501
-104.2184485324187 -63.42330002054135 519.5367808404519
-41.7449900829214 114.6357527256518 144.2610880078128
-117.1782430642261 -33.95967244219461 520.6508962960544
-74.42458520331206 96.66944252096907 130.853306878346
41.46952919198431 114.7356882081385 663.4147080240541
-111.1696466412275 -50.25245929966627 519.3849153052736
-60.94495465334544 105.6868605944072 131.4405745324164
-121.4741429897961 -11.31514846984267 533.6573482909715
92.89640692103426 79.08386422755036 687.2426748908526
-121.9425199191483 -3.744574177142765 546.7213012191681
-91.62734045788771 80.55079441330379 143.5718799380234
121.5012005581446 -11.02081044794479 204.6320239063105
-110.1012534644888 -52.55201219314425 340.8838266931695
-104.8487587621156 62.37577884117909 130.9647290057272
-118.9300495444893 -27.19638423293285 532.4483785326595
-113.8510763887791 43.83984951064927 144.2476526984649
-95.10065730269621 76.41900928823361 131.9054225507779
82.02070861188052 90.31391564318861 687.3455266067313
-111.0946623443629 -50.41801264024597 662.2000426451191
119.5469535141769 24.34185501310929 528.7159677823597
-115.785780870772 -38.44025166600195 340.7540671317456
97.93816071156466 -72.74693585599142 24.55450976165421
121.6124837015729 9.716162201953642 477.204081632653
-41.75221542364891 -114.6331213359264 59.43373130024197
119.8323599058927 22.89553492243828 155.2777767120179
-110.4546647097044 51.80508704622343 236.7497716926552
-119.7194121307304 23.47897695966177 236.2945060389619
121.4991644058569 11.04323542620317 37.83275101572121
-34.2578315841721 -117.0914214413272 46.20410805214312
-121.9932268447111 1.285536469675474 302.6153691984757
-116.0033665823271 37.77855134287478 236.9730048735556
-89.50623187113433 82.90135376597136 686.0270936203023
116.3089805750085 36.82690643540811 155.4165624412922
-27.71901829607922 -118.8093263372098 33.40186597604406
120.0330597890496 -21.81890367728041 470.0816326530564
121.5521593935895 10.44378029046066 404.5342674242455
119.9647679540937 -22.19131473618547 442.1947153159226
75.51522455412363 95.81988760450662 672.8185429096825
84.41686769838712 -88.07833131930353 659.5415194609135
52.40991142498171 110.1689665215462 282.9473063493901
119.4285804184656 24.91614294448678 503.5780302661756
69.47040701773469 100.288895441072 660.4618282213793
-44.89243032918314 113.440159111046 672.6296800042082
121.4066097588846 -12.01811577802034 360.878474890853
120.0768850044998 -21.57641507795357 341.9925146521969
119.9839438160597 -22.08739971894887 497.7097975237932
72.55834747502053 -98.0779598671087 659.5006287415966
104.3124044331451 63.2686516481581 180.8627841198818
-99.99087673822996 69.8986735862713 625.4921583877281
112.2482241781087 47.79472950923619 154.1728605119497
-117.354907596441 33.34404988945996 583.7777882933121
-119.5083643519294 24.53061046787244 570.7946261749198
121.4310280273242 11.76883308689578 15.82117860103733
63.21024153159956 -104.3478095865785 674.7723621123431
-121.9869518362115 1.784259428953202 557.811711670437
119.9825142458542 -22.09516406916651 314.5164263830841
-121.6245616629808 9.563785876303257 571.0630794199003
-105.5443502493635 61.19142203315489 610.7253376242768
-109.3051206477419 54.18847294566056 597.3900329298281
49.37757092128726 -111.56099448245 674.7914449971453
-101.2260821224697 68.09757923843557 650.9203398175335
-112.5777566114088 47.01328233959414 584.0791379704827
34.71867616235944 -116.9556049342365 674.8059241043685
109.2717898104449 54.25565363740397 166.7593786867722
97.86211982221612 72.84919700245307 180.9277457954776
121.4838400669397 11.21055763957461 377.7215962692817
121.5795382042026 10.12007361894351 577.3436642322056
121.5625903862088 -10.32165774451039 77.98965226914073
-112.8480727996721 46.36067800841472 80.88762272141912
-106.3008819030539 59.86754134447977 688.3221625764558
87.88816130547457 -84.61483972887309 24.30311100389326
-116.5804694172164 35.95822785485215 660.4054777159461
120.1531201285529 -21.1477592991204 569.7959183673479
34.71735903615117 116.9559959196405 675.0080438029038
56.46343434295112 108.147494571993 661.6334690057802
-99.61268295096104 -70.43659130956945 661.5185372737184
19.66922756376151 120.4039928201925 674.8656576940823
121.6842573181623 8.771631600065485 64.10204081632652
16.74265370338697 -120.8457014004572 662.398046161669
3.839255602482044 121.9395756775412 675.0498163878882
-120.9983816864361 15.60101372550885 688.566921222792
52.20323084436932 110.2670516945542 306.6094176134253
116.98304031802 34.62612132411764 82.48141416011009
120.1763458633399 -21.01537282407602 598.2764848249319
77.6298099331447 -94.11489047830757 24.30862650842874
120.0999110764636 21.44787540586537 128.7833365871044
-122 -9.359812187456629e-13 688.6332647881943
88.59344827827557 83.87610459579361 179.4649777607125
-66.75345479824759 102.1174631123312 665.2896531701463
88.02415792370836 84.47335450792782 204.9279154363569
119.7788752062103 -23.17371472887093 395.5287110750974
-11.55812676276239 121.45126473502 675.1907576716051
-120.764632218964 -17.31772516869224 672.4829386025027
121.5389521583561 -10.59637240987836 419.9699988579879
-118.0099732907614 -30.94585923696079 688.7431428221254
81.02406984504921 91.20910100283078 218.407794114434
-113.0838443962143 -45.78257459528449 688.7991619036414
-121.0833082501258 14.92757392227611 54.52330581704258
-119.6036414944719 24.06177344382235 69.69282423677971
-72.7245213251834 97.9548058954891 678.1318418483983
-19.47118719407156 -120.436177576563 688.856756506722
-3.909339162557239 -121.9373489432672 688.8805326934867
68.70454800636111 -100.815103448053 24.29948872195828
-121.031586913415 15.34128316733917 26.66321204275402
-101.3875825711579 67.85689427299656 674.2231688117815
-35.75102107016863 -116.644178990811 672.583404905492
-26.82955985280508 119.0133384041669 675.1908552426521
120.3497292991156 -19.99856638935878 242.8438749662228
121.5408928098297 10.5740897948475 687.8418458723309
121.5408928098298 -10.5740897948462 10.15815412767026
-118.9454467738824 27.12896407461066 673.1876027255524
-81.01901514389758 -91.2135910109502 660.8254624861859
119.8084932446119 -23.02009874991391 52.46531185327726
-63.24389333388331 -104.3274170866527 689.0215624510017
119.9984384252751 -22.00851597667297 543.4209701461042
121.5434772129155 -10.54434194217352 687.8748715631896
-119.56274408268 24.26417580342607 42.00358222445778
-49.38356786093128 -111.5583400079295 689.0701790195137
43.4090410303732 -114.0160302625178 36.90103632620418
70.46346553794092 99.59367462034632 243.2158824693643
72.57168861062299 98.06808865376533 217.3965787159654
120.21446402456 20.7962169465448 669.5102040816221
119.8483664187988 22.81159939033938 602.9121529474111
114.7090585690469 41.54313279235178 670.8203789780409
63.52747690391041 104.1549791331318 256.857069569353
29.48023133816512 -118.3846103184374 35.30439577898029
121.5777971836176 -10.14096800010482 224.5792712636556
120.1823877110327 20.98079321844161 655.88415900295
120.4030972316449 19.67470907096361 242.741093270815
-48.70119970340493 111.8579149968793 661.8395942047099
8.21104370302429 -121.7233698239867 673.4876577135429
-97.77200707749483 -72.97009409366484 689.4782269312592
119.8645012727198 22.72666571765759 103.5150934792417
119.7787199168634 -23.17451736450171 522.8742515184254
23.50252011684227 -119.7147925202121 24.27754133099422
54.22554969015175 109.2867318607382 255.4162965455537
120.4533723304682 19.364531861566 341.2666709081505
120.0160255242198 21.91240784053223 214.1050794737795
-73.53487763794887 -97.34794179011638 673.5959643811552
30.56388153846962 118.1094794895922 295.8930475449491
62.68514935911956 104.6640915014547 290.3564109159987
120.1295575692338 21.28119823271577 313.7276100637854
119.9942713119517 -22.03122448511928 27.12846224974785
6.992971840009215 -121.7994184914068 24.16586921125647
-74.19680294661593 96.8443825552161 688.4210950829436
121.5997565398367 9.874168798052667 424.4631324552381
120.3633764031594 -19.916265233004 142.2719405349108
-7.319893850373639 -121.7802083838719 24.11263708324006
-91.071626041038 -81.17856201141609 674.5454988453473
120.1472891234756 -21.18086202872677 671.5683576182018
-121.4180396194012 11.90208616090162 284.9348342116429
-91.86886479315636 80.27522458154044 675.5072491046349
120.1437050315358 -21.20118254473852 268.3655584245408
84.37503910894327 -1.336048645146472 -19.69362997929771
86.07571363493292 -1.104697651339992 -23.77685941143969
82.60660870170331 -0.8947778221579133 -15.4252054412767
87.82821385495338 -0.8243749471005569 -27.98542238064856
81.18150206817081 -1.548635185458038 -12.02044207655716
80.01651530093653 -1.272421019927417 -9.206425601752638
89.24114491860531 -1.072919698298802 -31.39097707319216
84.36841928685884 1.175180553858567 -19.67194612614093
86.07651200166515 1.09447997611229 -23.7784660246067
82.60671730696323 0.8945622721090792 -15.425461101202
87.83725353262784 0.8190276300431425 -28.00704947919325
81.17732653249303 1.304675938336492 -12.00008449848452
79.86938730615131 0.7233867524605513 -8.835995436524705
89.21040060688425 1.078191748752008 -31.3171681346198
78.79872533426776 0.7828137683210171 -6.261582154859994
78.79872533426774 -0.7828137683210948 -6.261582154859994
77.71784869111983 1.874872412520225 -3.706166004924654
77.75786463109115 -0.7828135464248926 -3.757518967267664
90.28838401665183 1.047664024490637 -33.90961767148114
90.24812551593797 -0.7828157249023725 -33.80630529675347
91.28897484689567 0.7828158672245034 -36.31037321118502
91.20015398138537 -2.581816462312752 -36.17651054989538
60.47559270014555 -51.48362267923193 -7.751853400020366
-49.51883307734922 62.09465264633541 -7.751853400020408
27.42801161431171 -74.5386605233689 -7.758623885436357
75.37594516737283 -25.02653804937128 -7.751853400020401
45.44251885751675 -65.14050363343131 -7.758623885436215
-2.545601732225171 -79.3812359971317 -7.751853400020408
-69.20191050123087 38.97378990541026 -7.751853400020437
-73.62125272527707 -29.80300120614914 -7.758623885436229
-41.17558593138026 -67.91817766209842 -7.758623885436236
-22.59776186599943 -76.1393582535275 -7.751853400020416
-76.82453300216071 20.14576495473302 -7.751853400020458
-79.42204175549398 -3.977012631433684e-13 -7.751853400020458
27.42959777313742 74.53507820224866 -7.751853400020437
-63.64990613941827 -47.50315952707428 -7.751853400020408
-12.67574952751367 78.40399282260545 -7.751853400020458
60.47559270014547 51.48362267923209 -7.751853400020458
75.37594516737283 25.02653804937136 -7.751853400020458
45.4386732692366 65.13975505129714 -7.751853400020458
7.626344773128595 79.0550414711978 -7.751853400020458
-32.14871957939542 72.62451752691254 -7.751853400020458
87.94107093253561 15.16081214256734 -31.3687236516015
87.94219772493284 -15.1552317765538 -31.36911469942209
-86.285325376337 -22.6266768718984 -31.28299606145629
19.76869485712093 -87.17231529654556 -31.72338406069804
74.759732102198 -48.66319284195429 -31.28299606145628
-55.25125386659538 -70.70351027386181 -32.55446410593224
-71.61415238521327 53.49197009632476 -31.72558893329512
59.97106289259613 -66.0348051946693 -31.28299606145628
41.37348075598096 -79.3052167019226 -31.87497994398822
-46.24202312913973 76.28105386326116 -31.28299606145628
-14.23674351967333 -88.05929261310634 -31.28299606145628
-78.59756838865971 -42.49262451196607 -31.63436939109423
-36.36204001345445 -81.74391916370816 -31.91779490383159
-82.69642338366437 34.00617720585057 -31.79476183923285
74.75973210219796 48.66319284195433 -31.28299606145625
20.37193816954564 87.06378503041417 -31.79476183923258
-25.38063245148462 85.51577268509178 -31.28299606145625
59.97106289259606 66.03480519466935 -31.28299606145624
41.49829670781292 79.25817111790282 -31.91376175137391
-2.859087652865802 89.15688139094409 -31.28299606145623
-88.61092561092636 11.2688539007328 -31.57623061047199
89.62140074198284 9.072421182587226 -33.39228355743443
86.21466086760691 12.77716129380399 -26.35960980966934
84.72126381740107 16.68094201331099 -24.41446594201121
83.77594318348993 12.09183147380147 -20.31547393976301
85.38395814876498 7.100830591190447 -22.80467174564338
85.27334628320457 23.57119407242265 -29.52294859269214
81.6976023148662 23.07797066423767 -20.91815416735466
81.01150570214146 32.7324367340547 -26.88416366095544
76.91293423648648 32.99635989825471 -18.02499068400785
88.01781354552233 6.179645847364182 -28.95354392132769
89.71163404684991 -8.070772623633786 -33.3790672378201
86.64229179039808 -11.10190344082725 -26.82719242667195
84.91894105788251 -15.84111625968607 -24.50111678580741
83.76290095124696 -12.46282949381437 -20.41386161805369
85.39183384991364 -6.716221270867548 -22.74893625641317
85.19004739784214 -23.69394835971276 -29.40873844575013
81.83302962392641 -22.70544734290567 -20.990281730453
81.01150570214257 -32.73243673408133 -26.88416366098186
76.92212357643687 -32.98477329713422 -18.03432091125858
88.05086953672749 -5.963122420479363 -28.99704289236617
72.75215829054105 -32.10071735929664 -7.986049796199993
71.33795347245926 -41.57436283561489 -15.32148382355116
72.75542490863199 32.09473892089328 -7.987434411434002
71.33795347256998 41.5743628356858 -15.32148382386718
-76.82453300216051 -20.14576495473371 -7.751853400020416
-78.5631425780077 -26.08476049807196 -15.83148626640417
-81.32761231862148 -16.12720793066331 -16.14636164638915
-75.05805391462343 -35.11888503997466 -16.04158331970263
-80.20423248252379 -31.98934203545984 -24.4157273196898
53.39550937859016 -58.79438999438905 -7.751853400020387
59.46519220847487 -57.58882719402503 -15.8314862664041
51.61268803613388 -64.72026371746998 -15.83148626640414
43.22259063313348 -70.7536219570942 -16.14636164638911
49.58015662973053 -70.65824852939987 -24.34247923652348
-57.22734586314354 -55.20900241303389 -7.981064733944791
-63.3586431214493 -53.37542058803713 -15.98649516594174
-56.35715890089303 -60.70309476377938 -15.9537037786867
-63.97833596193981 -58.06521501417922 -24.53772591502351
-69.67326768395812 -50.98420213029974 -24.38390845981927
-49.51883307734865 -62.09465264633587 -7.751853400020444
-47.36000269953163 -67.89412527070733 -15.83148626640421
-38.60058506184554 -73.37753194248275 -16.14636164638928
-44.4726515905387 -73.91718450623686 -24.21404400266541
-41.0905150068855 68.07769560181585 -7.981064733980247
-37.93856291410432 73.64725809665552 -15.98649516596808
-28.46913624355785 77.76846870924115 -15.916396553563
-35.17209760978745 78.81416124174149 -24.31416521667316
-46.91197356728283 68.55023420185542 -16.51744891654785
-55.30193210145798 62.05383140043895 -16.64939021505748
-56.91871448011407 55.51646060567504 -7.96312800088274
-62.29686333150232 55.17367847371441 -16.88156891319698
-61.87455519388922 60.77775086467739 -25.33813930063078
7.483469669046633 -79.16439062920674 -7.981064733928775
2.227116359885356 -82.81481228536335 -15.98649516593309
-8.092668537440195 -82.41926449428817 -15.91639655358956
12.32147673313061 -81.90956161764758 -15.95370377867797
7.868786741860401 -86.02097189340262 -24.49217494506994
17.67306690815018 -77.43076534990128 -7.751853400020416
23.55328591210694 -79.35883583267011 -15.83148626640417
78.02617488070877 -15.47742152170376 -8.051117150520724
78.616488142023 -8.915658760763279 -7.026191775255711
80.94925603145037 -10.32615541674296 -13.00431761103735
80.52783694448175 -5.98259389424948 -10.94619046132959
82.4687177328219 -6.183751902380397 -15.63879082944016
81.67722013183801 -4.496298142341462 -13.47507330391625
81.90955788255269 -0.995216461992757 -13.75107006043885
79.19752444159305 -4.489872487064379 -7.517642429013769
77.51560921295939 -4.641254216576745 -3.499193879768633
-73.64848508710352 29.98172287174983 -7.981064733967195
-74.45368172287478 36.33046186124175 -15.98649516595983
-79.02270369836954 25.58219541781192 -16.50540760754522
-81.35761357333804 16.60124066073655 -16.44205094690038
-78.83637063182152 10.29163116614494 -7.952136892355881
-82.89114500757626 4.190510296841726 -16.35278653029675
-83.55172607177249 22.33383075229523 -24.74499656849002
-69.32969366358583 45.29701999412641 -15.9163965535697
-75.07393283971791 42.5703769234626 -24.30836579502139
77.95743235203186 15.18220859064339 -7.751853400020458
78.51391358264596 8.660865089803028 -6.712794167877014
80.86881670450042 10.25407122304324 -12.79045619413267
80.45071262483269 5.872497365830497 -10.74168552395996
82.3963984362986 6.174942155909073 -15.46370152154191
81.66594110460348 3.988458227784131 -13.38459392764573
81.91391435817029 1.002893424781485 -13.76177570390187
80.14747278808211 18.05915124725749 -14.33151450029211
17.84312016510011 77.48952267732383 -7.981064733997023
23.98197034466392 79.29765620452621 -15.98649516597862
33.65138114978381 75.67041027076468 -15.91639655355423
29.87320053429193 80.9041105320988 -24.16266928370857
12.64226208019544 82.09268927071899 -16.50540760765735
3.403775777290425 82.9643103285275 -16.44205094698717
-2.422565668705668 79.46837221210657 -7.952136892404461
-9.092622614176253 82.49743336136814 -16.35278653032915
8.490842586793963 86.01229306348654 -24.61306814376629
53.39550937858998 58.79438999438923 -7.751853400020451
51.61268803613372 64.72026371747017 -15.83148626640425
59.46519220847472 57.58882719402527 -15.83148626640425
33.30179344659835 -75.92929549474583 -16.14636164641077
29.78755892576127 -80.98915351374434 -24.28340427471528
80.26798316383235 -18.18721097101095 -14.68222238134375
79.14469342144254 4.441543297518607 -7.384190797733311
77.43177478620346 3.27191662816133 -3.129745363942511
-69.20191050123049 -38.97378990541092 -7.751853400020408
-32.14871957939483 -72.62451752691277 -7.751853400020408
-28.58943122933037 -77.68672038358636 -15.83148626640418
36.73744997302774 -70.41881364468109 -7.760771707145885
-78.76998789055173 -10.15626527488131 -7.75185340002043
-18.72560030744673 -80.76892505298615 -16.14636164642255
-24.34806668757675 -82.76255631607032 -24.22662426261179
43.22259063313324 70.75362195709437 -16.14636164638923
49.58213046704159 70.6567482357176 -24.34225230290212
-12.67985847572367 -78.42165579404333 -7.795381492031581
36.74520076937224 70.43099551235997 -7.795381492027865
-63.64990613941868 47.50315952707377 -7.751853400020451
-22.59776186599998 76.13935825352735 -7.751853400020451
74.94096321001167 -42.54032594205592 -23.99444220146677
74.8016993132839 42.91048887699598 -24.14482960740064
68.17147825617437 -57.81443223272588 -31.72399197177507
68.28927189547252 -51.39559460897355 -22.2998679378593
-14.10000562233086 88.2669182846858 -31.7239919717839
-18.53686489896396 83.43273963238283 -22.2957243543668
67.95351509255129 58.07046416717854 -31.7239919717839
68.89394853136557 50.76136026302623 -22.55530470972777
-69.26780148247886 -45.08834216623697 -15.51742334371787
-82.67266415818716 -6.150882156470765 -16.12220869676262
-86.3148447078279 -0.7108932352188752 -24.34216942760913
-2.860794174672627 -89.2100970250311 -31.41109243024561
-55.65017787775759 69.78311584258203 -31.41109243024536
-88.6640738266872 -11.12499254523196 -31.65971351463006
66.41165687865765 43.22919805573787 -7.318347542897293
66.41165687860115 -43.22919805570098 -7.318347542734934
80.82816735343475 39.59162326996731 -33.21038907801742
91.90454545168078 6.493576756123918 -38.33452066583569
92.55759237812067 1.037177358804229 -39.36842340546002
80.24333253652671 -3.367724531229235 -9.897730937860903
80.56808085927187 -0.9242810765258104 -10.5218435012049
80.58132658716065 -39.66098413247613 -32.75085975967089
90.38856605804057 5.078616874117865 -34.47900910140157
89.26310814526785 4.39842784571535 -31.68885908501718
88.1796871290925 3.366625806768903 -28.97628150519206
88.51337490955004 0.7828154765575959 -29.63285949762888
87.00660135662602 4.283030853586579 -26.25288451383386
87.11775361783408 1.379779902854145 -26.29311710285707
88.94885930276827 2.476025443348473 -30.75515095494526
81.07392985895177 -2.935078754690165 -11.85388112248286
80.15670331990111 3.36087497303147 -9.688803693924029
80.52427000814308 0.9651203157026569 -10.41759931575154
80.961561809022 3.04700560607466 -11.59365563978867
65.97364837098766 48.82888715174333 -14.14154806813739
66.14600551942002 -48.70894812325898 -14.30377086505684
82.96703602419781 0.9122163138815729 -16.29275738663341
83.65742216641853 1.001815148684035 -17.95611149185205
82.7756243748382 1.924796669073017 -15.87401218405362
83.29706169486927 1.556916203738758 -17.10969865001045
83.84425034812793 2.082121498123791 -18.45335640462676
84.42614912428809 2.237503226593102 -19.86246818932862
85.41987500584069 0.949900903614539 -22.19464115172659
83.98876037431614 3.904576192215844 -18.95708224410807
83.15230975933018 3.613440703064195 -16.91524156333045
84.82391350203115 1.617307168374943 -20.78521257268197
85.01734102962115 2.95681830755331 -21.33715248366628
85.72279752098667 1.824725120233788 -22.95744953129484
86.35960884360823 2.038706351779989 -24.50071083468264
82.25972235619669 1.559950827429894 -14.61456186490409
86.00765474363156 4.01590871873313 -23.82150734285936
81.68953804788531 2.175636170712965 -13.27687320222405
87.06926745868823 2.741711932762951 -26.25400701700197
86.67804188299579 1.104373324866747 -25.22586187085488
82.96657920612495 -0.9120881572018602 -16.29165501287931
83.65716300592456 -1.002716991876072 -17.95551401976052
82.77502444752737 -1.924508923812872 -15.87255312728079
83.29669552598297 -1.558652308715285 -17.10889594512264
83.8426947123058 -2.087715298905803 -18.44994943903616
84.43107200856026 -2.304529438883915 -19.87864381946795
85.42003466997356 -0.9517112167535974 -22.19507373783468
83.98755672396165 -3.90085853224669 -18.95377435547699
83.1439458521093 -3.703583290783292 -16.90467158847437
84.82376390830025 -1.65250841435934 -20.7864847607075
84.99781143705815 -3.023583404266127 -21.29584237013732
85.72237595498885 -1.829440893122648 -22.95667728740965
86.38042965460045 -1.911676802112224 -24.54380281188495
87.12757123044098 -0.9232071661340053 -26.30221803240547
82.25948094116933 -1.559770447983061 -14.61397292536952
85.91240715443961 -4.145050216516471 -23.60734280903469
86.87990346191788 -3.949133988145271 -25.91041770743725
83.30844402380137 -0.7838056720581453 -17.11095082913272
83.95547437631762 -1.051645641336284 -18.67460485082793
83.98474863107243 0.8722652314191596 -18.74008691630994
83.30912192691301 0.7811873314389782 -17.11252254622043
85.73714002032705 -0.7818575252397693 -22.95381359993385
85.73778145825297 0.7812332378304583 -22.9553430693446
87.47253528018004 0.7812648393381071 -27.12878754134461
86.42320881847533 -0.9448502211109576 -24.60826356137672
86.76555126828637 -0.9730024090548329 -25.43259870591638
86.93200268567023 -2.37217417419173 -25.89778917387569
87.65925482363429 -3.073210867853118 -27.69918701625353
88.51395726750778 -0.9159581773754494 -29.63733425530031
88.84741888273672 -1.807134432215169 -30.47241343451283
89.5291179080574 -2.437731403317681 -32.14812050888032
86.72375318492681 -6.753885778677169 -25.95067879106159
89.0068237499996 -4.158599338796754 -31.04531426443247
89.98084562162327 -4.604320897701358 -33.43832474362091
82.26759754197869 -0.7818165203637654 -14.60686333872664
82.26826626292406 0.7811660242527867 -14.60845726410003
81.65194371475505 -2.254494578195988 -13.19160270242554
87.62164484534544 2.215192657780423 -27.54649137710861
80.83382448402782 -0.9982745931825756 -11.16326633393436
-68.39200469370819 -57.7311738739629 -31.99964310556197
80.85286306823367 0.8392563780832641 -11.20472030942923
84.79115962261596 -4.728880462229408 -20.98632948235021
83.77167420093913 -6.574400271239734 -18.83627276159823
88.85971794019535 -0.7818916715773742 -30.46606805694302
-74.43563349521811 -42.2763177287273 -22.62359332457632
84.76060973832304 5.010543355091757 -20.95181257021012
83.90531851248942 6.59368007071291 -19.1604498539131
31.11820744467722 84.55822227456301 -33.44744941365153
-36.47193565237451 82.39073794167297 -33.44744941365162
-78.50787402556142 44.2148109211268 -33.44744941365213
-84.93972930903679 10.6013481217586 -22.61228951254112
-3.09091413646618 85.54292750948464 -22.61228951255224
51.55320461652884 73.90539554119563 -33.46486630511179
-83.52410021366073 -33.81516050283739 -33.46486630511215
-46.71214807849429 -77.0565741402194 -33.46486630511228
51.55320461652916 -73.90539554119589 -33.46486630511275
31.12070764409982 -84.56501612407574 -33.46486630511783
-25.63866762681759 -86.38517881359341 -33.46486630512064
88.15478777746145 -1.761409347290702 -28.80414562467254
57.56633541269083 -63.38693298726455 -22.67748699351235
57.56633541269073 63.38693298726489 -22.6774869935128
-34.59113674097813 -78.33648206339441 -22.69666155484983
19.12579525870707 -83.46713359157104 -22.68833502774261
-53.9833523776966 -66.77465130471835 -23.25646972980834
-5.262145500538836 -85.54889347757278 -22.88133415417308
-84.84161802767129 -12.96904482642731 -23.16174258612205
39.61292527582881 -75.93056145612007 -22.71749082263012
39.66410564753287 75.91456308603469 -22.74035872826087
-13.72214471871114 -84.54563802870703 -22.74035872826387
-90.15368048302444 -1.311491071863424e-13 -33.57091363269659
8.657301294245592 -89.74198429327602 -33.58274216191101
-82.77369685583359 -22.10642919330427 -22.79536290308958
-19.01625127474844 80.09813754309346 -14.73491633799756
82.41481124458261 11.98513087589491 -17.03777923174118
-79.08515297682283 33.10206899947726 -22.93613384014492
-43.58122283346871 73.83011180916741 -22.93613384015882
20.0557773959105 83.3545090949587 -22.93613384017642
-68.98181384564727 50.8731227833995 -22.88501004487712
81.57436192864175 0.7811518933205865 -12.93908064140464
81.60464194098537 -1.298907778940285 -13.02780168903347
78.30616071421136 -3.047010501443347 -5.209746179505586
79.28587923654732 -2.394756884415775 -7.511253011079084
-87.29411910957647 22.89121374109171 -33.79209554424517
8.665656958534385 89.8285994944695 -33.79209554429224
-62.94687798869234 -63.97270206439519 -32.59640273400288
-51.03174166176362 68.99497003222717 -23.13718917041179
78.28326079262408 2.747499165943246 -5.128042710477864
79.28664919586087 2.371141886900493 -7.511397804715394
-64.89861099046369 62.85079984874598 -34.02899192563883
79.40903804016571 -1.125220143199554 -7.739747065621579
89.51922394161944 2.560419103615636 -32.13256261153496
88.16581252356306 -0.781884294075165 -28.79667823698648
82.50556896612775 -11.91619512589159 -17.23008628483484
90.2523432041661 -2.737158770973561 -33.90812027551831
91.34725470176298 -3.351030917898937 -36.59034181035945
90.75644784611622 -1.696273259615608 -35.05923571870299
80.68030097929804 -1.948941126253268 -10.83570242244003
78.24887713006851 -25.34368063690163 -14.5574371778684
89.78893367606327 -1.260597185317981 -32.71466460800558
85.04420462126231 -0.8741856285796868 -21.2889250731011
78.28412381988922 25.18887800532863 -14.523718585943
85.04487247626746 0.7988241109794614 -21.28874847330149
86.49989459887885 7.946302083646763 -25.65662004326674
90.34980305555047 2.898857627294186 -34.15461745398584
91.3452659569837 3.093664959312068 -36.56373096130647
91.98977185058969 0.9303767427394068 -37.99965254025679
92.283480449019 3.073704222612931 -38.81808052972635
90.75730782440168 1.636175239692908 -35.05865028898424
-26.12181231557724 81.64699657485092 -22.91330010779765
84.75124705624809 31.16178366053303 -33.91948603677891
84.73660054324652 -31.12834561662391 -33.85865987101811
89.78257542318008 1.129543321764884 -32.6951724092177
88.26245729182517 -3.947966824105983 -29.23317674596463
85.23107111625009 10.55252929845149 -23.29338083642635
86.40860985366625 1.077789557970939 -24.57688535265773
85.18624887559669 1.652449793711736 -21.65841346662966
63.38646611963818 -58.56079677898131 -24.29273493692752
85.18708669703679 -1.650898485198266 -21.66035643681655
80.16748598423932 1.917365172303875 -9.600460634328726
82.43744588969278 -3.648623110348213 -15.20072348897288
82.43718956771099 3.655336603448667 -15.20082224094028
78.2643628468566 -1.661841215443885 -5.009057570497106
77.60755620917988 -2.692840273202417 -3.498779606901067
77.10955786830891 -0.9399868064208698 -2.202072852919535
63.62985011242854 58.23571571701208 -24.19437401223095
79.39231884692775 1.097115313661874 -7.698580424635722
78.27612696044584 1.272035220050572 -5.019781999152563
-10.58589172561654 85.70043606060284 -24.4239317307039
82.70574430024062 16.60031564520317 -19.62060652933786
87.45885844263503 -1.745644630698763 -27.12939800686494
84.73619180694276 -0.8474953498883011 -20.54726945058
84.71853066963575 0.7247407713427599 -20.50204062893546
88.03101954185405 -9.941843854687818 -29.81041078219922
87.85772932812156 10.68615118087638 -29.60491793333419
85.49552988173627 -10.58444889707126 -23.93425223403931
80.68566807323137 1.83184761883096 -10.84201277295454
81.37465949694879 6.570451219422871 -13.08676872710426
-73.79654318426232 -51.49424608565953 -33.16892409615151
82.76183832640073 -16.56525052371288 -19.73635082419366
81.46719998325904 -6.557630877101544 -13.30621166525571
87.47237249545122 -0.7830398179782626 -27.12843409910639
80.1863730862605 0.7830587588800415 -9.599943269751112
64.2937283171665 -55.21716769960119 698
84.6832230382204 -5.661613555061177 698
80.5377026476565 -26.97415462440609 698
48.37990846830971 -69.6589130273168 698
-13.54137494600071 -83.77034948315438 698
-78.79949501174686 -31.54058084331246 698
7.971467876195823 -84.43598407934908 698
-34.23139086721363 -77.39962916307232 698
28.92476719966331 -79.66623171624198 698
-52.60626962093475 66.46172409117314 698
-68.14356111374609 -50.39648511709751 698
-53.01434199884669 -66.20014539242825 698
29.29742577402797 79.35785427994274 698
8.209765944154327 84.19387113111921 698
-83.88747773412636 -10.90409429103368 698
48.46873295881474 69.33101844245772 698
80.77950604767905 26.76073274609947 698
-13.2950702646614 83.66278471381685 698
64.34185765831589 54.77502202559856 698
-73.75042098121014 41.43529411016149 698
-34.20401928643845 77.26747536629328 698
-81.91083812340803 21.79896718935459 698
89.6095271845647 -59.01616729882284 698
105.7574132322327 -20.67431499008337 698
72.19857303985202 -79.67476832831782 698
107.3698523059363 6.709669151101898 698
23.81086818083865 -104.8538726813548 698
-106.3379306082282 13.43407676236115 698
-54.06313458601831 93.30597014581332 698
-55.74135835604709 -91.88280004683662 698
-3.258875692895167 -107.718365370514 698
50.05156765477553 -95.9394845829935 698
-104.6716029808163 -27.44812664240282 698
-30.23935581102924 -103.3646586789445 698
-77.73304795470882 -75.28025891574735 698
-77.18560333168793 74.36808820200162 698
24.04590553430897 105.1880302961962 698
49.94153603277008 95.64863902850311 698
72.14748373786098 79.50858120116558 698
97.03185564340907 46.94082975639026 698
-94.18428620300791 -52.95758165932251 698
-3.303303340096993 107.6574957823966 698
-32.60453228602992 102.3194948607316 698
-100.3022620386583 40.60788540024369 698
-81.98859927483291 -21.34291404469171 698
-93.10188185781831 -18.37947625330145 698
-94.36771962539002 -6.832136034969495 698
-61.24068257558795 -58.76904420718832 698
-72.50714426745438 -61.15809296433106 698
-63.13709282913207 -69.8824448514634 698
-79.79458675773004 -51.47833456856903 698
-43.76061913299741 72.5010382087209 698
-43.34673835029493 84.05374290369001 698
71.11430169443842 -47.18237903704902 698
76.02078350260619 -57.54969118830517 698
68.23977488825157 -66.43517174603143 698
76.84988663374155 -38.38452452545344 698
87.77569392129591 -36.40626038759991 698
-78.45471791897057 31.9246109865454 698
-85.60316063120082 40.95413138648527 698
-79.71377148824706 50.9668675216991 698
82.94132875509887 -16.15282232819994 698
94.29440670807178 -12.4156044675186 698
85.10496849419719 4.841769011229013 698
84.15808324883383 15.46601008403877 698
92.03669008326963 24.2764975276492 698
39.30233426894727 74.96707168638645 698
38.81730047523194 86.95128368319286 698
71.02021156407976 46.10297914755348 698
75.78817585869392 56.5631254686232 698
19.00120466827093 82.48448058498246 698
15.49052461807345 93.9528243119624 698
-43.80395020127582 -72.25919755707183 698
-43.87033981999285 -84.62939723408829 698
38.91532981825249 -75.43088800012235 698
38.00001490600466 -86.9114329187974 698
49.12760677107067 -81.60317921438951 698
26.86002022052617 -91.28715417423105 698
76.58494054376881 37.06679856500337 698
-60.907919960722 59.03077646722625 698
-64.06575996228314 70.41302626042116 698
56.80913754851459 62.55317398679096 698
59.29598320778315 74.1956525416288 698
-23.98142094424584 -81.57287208314237 698
-20.74382530684144 -93.50807251872186 698
-84.11936576428694 10.87840005145346 698
-93.45794521920894 18.11155272468346 698
-2.545949024147503 -85.01962749842508 698
3.131236071576426 -95.40459581255953 698
-24.00285970357525 81.02194344065197 698
-20.9573345515532 91.62280668290512 698
-2.336126674005129 84.90315868101227 698
-32.64870997348366 -89.79910398551029 698
-32.87360324342378 88.57485610849682 698
-42.02853597838396 94.96412894670934 698
-90.82640696657975 -29.92586671319116 698
3.390782323156194 95.40243403461068 698
-8.642243691587355 94.59283556566264 698
49.62841485460383 81.03805574726562 698
68.1761595201187 66.06809512404347 698
81.81501761929009 69.66579901968304 698
27.58110560766738 90.76027854710041 698
-8.907343092158312 -95.23136042691921 698
-86.25419677105801 -41.00410329960802 698
-54.37449265834642 -77.9315960639986 698
83.08399224515877 46.9644875581284 698
88.52694004040426 36.06981519061392 698
101.6446556791403 34.40954499041286 698
105.3422260181477 20.66584224073845 698
-17.39496282877928 106.0950149929468 698
-66.91164965603524 -83.49566636753221 698
82.71804077559325 -47.39149313836583 698
96.67336393926466 -47.10947106782793 698
102.1190024798853 -34.19848050206529 698
10.22341242345012 -106.9346242604999 698
61.33641291798377 -88.21604844820877 698
92.23759129070685 -24.4702728833122 698
107.0829374620502 -7.07297581019909 698
90.03258033139345 58.59531372630273 698
81.91329019918139 -70.08642574250507 698
-86.06530258166975 -64.173152885429 698
37.05904660622667 -100.86119518835 698
10.5008981322092 107.4290467297021 698
94.86544349500015 11.85922622871564 698
37.04840694795705 100.8045298468066 698
61.4894013953684 88.18651119110547 698
-100.0343215287484 -40.68511801592254 698
-68.27246714952214 50.53627438069694 698
-72.61663591406086 61.17378687149157 698
-86.06401443557976 63.72816805835561 698
-66.77973872189455 84.42587364968288 698
-84.94079590660796 -0.3340281540156868 698
-94.78468564510538 5.592725291859713 698
-107.0894011700717 -0.403177677888832 698
-104.208870725411 27.41287023311575 698
-17.00196050105505 -106.6999856768474 698
-43.51066200155547 -98.72237046882618 698
59.34856893899708 -74.69020912517584 698
15.13332141247537 -94.21620373570531 698
-105.8623701723864 -14.19926108994963 698
-93.33190091220594 51.93772274739337 698
-54.10371006240383 78.52689587658355 698
-90.65629910947629 30.13500298673802 698
57.08502066530122 -63.09800515302911 698
18.78868180194822 -82.97988600051698 698
-74.25133016353386 -41.50853403693157 698
95.56680525057935 -0.2899215736220527 698
-46.05684043714964 104.0331924159742 698
75.10341959176144 -12.8808526745641 363.1393357458348
75.20357137276667 12.28262401855521 249.2857142857143
75.20357137276667 12.28262401855521 448.7142857142857
75.20139213647924 -12.29595952886466 220.7959183673469
75.20725724734254 -12.26003496455229 477.2163226313116
75.16423593629803 -12.52108765692995 291.9523167167634
75.16365978350085 12.52454581811804 377.1883363052311
75.11411468462461 12.81833745635766 520.0846019458463
75.2013921362412 12.2959595303206 178.0612244897959
-75.5743990533314 9.744239720359008 8.454683721750257
-75.71289557252005 8.602176702711619 689.6107290558953
-60.33868330043794 -46.53690253518655 689.5688681076688
-61.06771798633808 -45.57602242343094 8.454683721750184
75.21136964943467 -12.23478138162259 548.4616710631649
75.22488086174603 -12.15143198705881 149.5538318040662
-47.50992290163572 59.5755589640637 689.5453162782497
-47.50992290163572 59.5755589640637 8.454683721750255
74.83455091506251 14.36070991772055 120.9758508360974
74.8025104765082 14.52667981377299 577.9609731908685
75.17762257163039 -12.44046078236207 420.2311958125096
75.20139213648014 12.29595952885919 306.2653061224489
-21.68100210128434 -73.05049040139365 689.5453162782497
-21.68100210128434 -73.05049040139365 8.454683721750179
-2.442330210960264 76.16084967449241 8.454683721750213
-2.442330210960264 76.16084967449241 689.5453162782497
75.22217517477266 -12.16817003397865 605.2215601504025
75.19993133979693 -12.30489034854953 92.87314800837584
35.26676972400597 67.54772352369795 8.456532607002366
35.24541771635151 67.55886714562268 689.5453162782497
15.52247444350851 -74.60223044353718 689.5681480793978
16.95609516747141 -74.28950690825491 8.454683721750161
75.20139213645069 12.29595952903933 619.6530612244898
75.14221391909189 12.65257631225488 78.5728938379071
51.22932783791244 -56.40918337713896 689.5453162782499
51.22932783791244 -56.40918337713896 8.454683721750124
-66.39448525420242 37.39267746269981 8.454683721750293
-66.39448525420242 37.39267746269981 689.5453162782496
-73.69705189708652 -19.36968099061358 689.552708361451
-73.70786856357394 -19.32847929390485 8.454683721750261
58.02218202772799 49.39500372245354 689.5453162782499
58.05486190217412 49.35659033522771 8.472087877841542
75.30811261109704 -11.62446450183091 649.5275193786446
75.37356074470028 -11.19224466606125 49.54822176277864
68.65382773416435 -33.06194092075788 689.5453162782499
69.12624977992839 -32.06246390037658 8.297313295244686
75.1954982699316 12.33195199215088 49.64536813480039
74.69774325300709 15.05613339831424 647.30202282139
75.29103683742217 -11.73455461216733 121.341721332517
75.28622635944814 -11.76537804551715 576.7794615629693
75.17380307352127 12.46352002700061 491.458075215264
75.20139213648025 12.29595952885852 206.5510204081633
74.10701215153736 17.73670628870799 150.4172404760341
75.20139213648025 12.29595952885852 548.4285714285713
75.19908675572691 -12.31005081649371 520.0148102794373
75.27923029207741 -11.81005870571248 177.9000577829955
75.20584054922207 -12.2687223167282 448.7318349788571
75.20308777759931 -12.2855845898636 249.2592100532508
75.1518601008098 -12.59515475841057 391.7129768591448
75.20139213648011 -12.29595952885939 320.5102040816327
75.20139213648015 12.29595952885912 420.2244897959183
75.20139213647924 12.29595952886473 334.7551020408163
75.20139213647924 12.29595952886473 277.7755102040816
-47.50992290163517 -59.57555896406413 689.5453162782497
-47.02065524366787 -59.9624714338571 8.673963808938328
-29.5072867418172 70.25496444477201 8.389301317331256
-30.84449074592661 69.67824187380482 689.5453162782497
-2.442330210959856 -76.16084967449243 8.454683721750154
-2.450023178678578 -76.160602587059 689.5393181220568
16.98054062021187 74.28392316137682 8.455564894353708
16.99132873978712 74.28145628389689 689.530354319524
35.24541771635181 -67.55886714562253 689.5453162782499
35.27788673994766 -67.54191814838711 8.479473665576672
68.6538277341643 33.061940920758 689.5453162782497
68.6538277341643 33.061940920758 8.4546837217502
75.17860839510109 12.43450199147662 677.6484360890536
75.20139213647857 12.29595952886881 21.36734693877551
75.34442346977839 -11.38674018350768 678.0259916977423
75.31610221976608 -11.57258598679431 20.45855971630816
75.25028387254238 11.99311373671524 35.08256707412183
72.54042911222784 23.33079819067166 42.23167509522864
72.42621832115789 23.68296644628737 55.64946217872015
68.31487989432884 33.7567354023375 48.38363639021614
68.09799175600318 34.19215580801131 61.24965779217503
62.6564251295794 43.36602806323646 54.03386661735047
62.3050338425931 43.86938292104563 66.41335943301519
55.78002254811111 51.9136695344513 59.63037897154392
55.29784484942631 52.42698117390298 71.85014615705278
47.85097391992644 59.30197547227682 65.07276676374015
47.30511160912953 59.73831614339159 77.19713974165387
39.02211334220785 65.45009297402017 70.57329580844115
38.42850469698589 65.8003801414075 82.53950631655567
29.49449044863545 70.2603375538102 75.95697832396242
28.82991388508858 70.53563684676263 87.80744455503488
19.47306241125837 73.66980277106242 81.40256325482865
18.66846610870313 73.87779350486994 92.99105630639298
8.975680829492472 75.6695259245562 86.61997945936643
8.267399558951228 75.75018220791719 98.49691799395454
-1.649211241898944 76.18215081158837 91.9427450623449
-2.449972265778885 76.16060422486757 103.674346158133
-12.18297764711966 75.2197783541655 97.43387289131326
-12.97713642411001 75.08684259062994 109.1814668645737
-22.59955020037548 72.77156265149669 102.6142233535101
-23.49368142118141 72.48783989939302 114.3940608460735
-32.72644111848724 68.81438840619153 107.9574765082206
-33.38398730691225 68.49780574216901 119.9988192212736
-42.16621447737038 63.47007449695014 113.363127992783
-42.86779560457457 62.99834997842735 125.2528397158195
-50.76220401065902 56.82990976572314 118.7604125500995
-51.3114144407948 56.33452536486835 130.9264503160046
-58.37763303047093 48.97440108627843 124.2022653642202
-58.86202191911563 48.3911394326849 136.4441488234376
-64.84345413552467 40.02207460607345 129.6748081228436
-65.2078721920624 39.42554253505785 141.983941491443
-69.94924401727847 30.22487818687169 135.1864366102944
-70.22077723091537 29.58855260208173 147.566273813448
-73.5840847885932 19.79450595051889 140.7121169134207
-73.79138422208507 19.00714640835426 153.158132714112
-70.46929271755019 28.99170198329563 160.0709504575664
-73.9840615553524 18.24276941075085 165.680512303139
-70.80928500066337 28.15111290330865 172.6462614292826
-74.18477123824411 17.4086104077663 178.4104245310752
-71.08852018366935 27.43833628513281 185.554441657027
-74.37531056790002 16.57568031570413 191.2631399505142
-71.25516156638909 27.00262857848821 198.3921038873149
-74.56157993189814 15.71657717377311 204.2215185682462
-71.52905406184043 26.26850633397929 211.4207177414046
-74.70450345598164 15.02255515533987 217.2917649591982
-66.65197044839888 36.9317591693892 205.5177993545104
-66.99776259076626 36.30068605179964 218.6463821150632
-73.38265818205797 20.52865017811065 128.3720217106532
-75.57709155056608 9.723334446441378 133.8383008617244
-33.97274157958933 68.20771825509517 132.1862234840793
-75.87571921121996 7.022480628674401 184.2745946313068
-75.47145309036439 10.51188700609588 121.6314355722573
-76.19933290737949 -0.3188486637160339 126.9571871368953
-76.19871954592836 0.44174603671768 114.923485016246
-75.48277477522264 -10.43027862681595 120.3230388793544
-60.59922623735762 46.19711873519331 212.7047665331493
-61.05071717743308 45.5987930993911 225.9209264639908
-53.24472214743463 54.51091233360972 219.9347680514038
-53.76677224377767 53.99605728648842 233.2149376864722
-75.58575196770758 -9.655780624899757 108.3278256625377
-73.47499515454172 -20.19567000720879 113.6551673996148
-44.72474069833915 61.69390220650924 227.1937781592751
-45.31092001905326 61.26467601340073 240.5478783392423
-54.33436387499476 53.42487157026833 246.5754284895467
-46.34688108729226 60.48476348205713 253.7604411775881
-54.96489943731706 52.77593987647803 259.9884243002824
-47.24393710314403 59.78670761125897 267.5249017585573
-55.7098243241695 51.98899377531914 273.5660656506357
-47.34162609654278 59.70938316994356 280.9382430508378
-56.10535184128435 51.56189964271771 287.0736361984236
-47.69949786764109 59.42388327242595 294.5099575945009
-56.55329839106082 51.07019131637983 300.6516346945153
-48.51782227821447 58.7576456419043 308.1975698726995
-57.32997601554835 50.19675138947392 314.2845067606676
-64.03169416887152 41.30837859156546 306.775809728262
-64.52834138639221 40.52817733282884 320.5271456983324
-58.00872920913892 49.41080181034096 328.1824352373633
-65.01303982642722 39.74600171749845 334.3242628994652
-58.47065400387152 48.86330545879539 341.7346856479624
-65.47294706209709 38.98375562979832 348.103053848404
-59.08696895869888 48.11621451521052 355.7531130592067
-65.88898335966263 38.27638791513771 361.9455904930925
-59.18447333568859 47.99623022672893 369.4979337364482
-66.16468811051199 37.79780479391196 375.7208882141164
-59.88883423032298 47.11440899059326 383.2508273770808
-66.59017193876555 37.04306954297446 389.5898437634821
-60.52206763148738 46.29815687054581 397.2224645627768
-67.04903332865125 36.20589910074621 403.3455182258371
-60.70651189324439 46.05604644078101 410.8405728350352
-67.24925214500018 35.83263995211892 416.8844933077394
-61.21369055591766 45.37977620619517 424.3673258463861
-67.57631580416646 35.21195169733658 430.3864676129534
-61.70963026436196 44.70303717462319 437.7550932705915
-67.88732003435265 34.60855065664236 443.7025296038265
-62.18808095792571 44.03501546236218 450.9611762788518
-68.22501493810705 33.93799252600351 456.8647211748082
-62.70601881828485 43.29428604285914 464.0305106971442
-68.51963748375424 33.33915534465295 469.8476869173413
-63.15620209478483 42.63489342032764 476.9581933065465
-68.802199834562 32.75205791893078 482.7014394054704
-63.60262052201052 41.96601795182772 489.6892207083869
-69.08709523186494 32.14674590721782 495.3649158040153
-64.05613055889847 41.27047537673092 502.2671789916666
-69.35481834466124 31.56499916646665 507.8421104583265
-64.47856263224323 40.60732644338812 514.6718562402185
-69.63159214874226 30.94965871913963 520.1828146534224
-64.87841129959929 39.96538186030539 526.9365999433625
-69.88474502741886 30.37371252337547 532.3415705492146
-65.97477506938975 38.12832352128046 538.7589248230086
-70.30034375362081 29.39900794453359 544.4240925786792
-66.36311206405922 37.44832916397096 551.0685856342488
-70.56794223010587 28.75074832779908 556.3105128033595
-66.16123316243548 37.80385200513101 562.6510783382248
-70.65781443522167 28.5291650638041 567.893648993317
-66.47929298504381 37.24169174740462 574.2469317336997
-70.87442177386893 27.98671717475515 579.432460889175
-73.84221247313359 18.8087122651338 573.1319821576175
-73.20488649381889 21.1538316488312 525.8727030503494
-72.52161466082801 23.38921561289257 475.7663599551973
-72.04891703104285 24.80712709392011 423.024907502759
-61.21127095170852 45.38303987699067 557.3123917885243
-71.40294284929594 26.60939218509471 381.9458000478379
-70.1702074458931 29.70828145484571 326.6581827566737
-73.98833283288126 18.2254383928285 584.5982424413068
-75.69108621720622 8.792011559333575 578.331768171792
-58.49037231274918 48.83970051828722 521.5001140754839
-55.28594811510157 52.43952651401705 483.9005693537204
-54.59716675001956 53.15627322217538 445.0894680129403
-52.53967274918657 55.19078534871906 404.7427186975259
-50.5859323962146 56.9868708002607 363.2729825385988
-66.7981833728942 36.66664285261471 585.722116036093
-75.76612337727397 8.120009136675833 589.728989780699
-76.18722530648652 -1.395241949863444 583.4890006367095
-76.16775754185841 -2.216463634863637 594.5877407819004
-75.32393087504661 -11.52152062582014 588.6186421632954
-76.1913591011959 1.1475183277903 102.9692349468064
6.445543113615022 75.92690546815753 110.4147940022323
-50.70664740423222 56.87948583648475 106.5081995461293
-75.23951495027677 -12.06048879801639 599.6663851417077
-73.13219450140006 -21.40378768838336 593.8876431878099
-72.9565228524351 -21.99513067208548 582.4064390817958
-73.68974230185061 -19.39747095594808 101.7264256016131
-70.20683058972432 -29.621629572759 107.027733078037
-69.88847356847675 -30.36513234399492 118.9718815632637
-65.31855285819908 -39.24189919602075 112.2948494842813
-64.8866437631811 -39.95201448175088 124.3516390083136
-59.01265585664651 -48.20732774947192 117.609621295381
-58.49677411594548 -48.83203270424087 129.8098031273485
-51.4458352876316 -56.21179619579755 122.9658037286744
-50.82394885599656 -56.77469702854473 135.2764402909083
-42.73370025275968 -63.08938787710092 128.3727983511372
-41.98694386662662 -63.5888083293023 140.8027626173998
-43.42696819649036 -62.61420312725392 116.0879813124762
-33.9135211927313 -68.23718253496524 121.8219678571757
-34.65241039799542 -67.86494274372372 109.0791678852616
-34.93701138806275 67.71886912279601 288.8549838740012
-35.11191997088255 67.62834521085327 247.2895670823794
-75.83044409385249 7.495581933986932 601.0817138978953
-24.15826800233264 -72.26906729111336 114.9043763309404
-24.99767387460224 -71.98302786670639 102.6559303263648
-35.31754248129617 -67.52119069656459 96.9196144081816
-72.7627037287432 -22.62805661304435 604.8162794089088
-69.64207996614434 -30.92605209187163 598.9405369324512
-15.4455547444058 -74.61819375083776 107.4532248686035
-13.70100814628724 -74.95813748870347 119.962706698899
-70.52658672515102 -28.85204611287998 95.2088554530344
-15.45297246185666 -74.61665793971947 95.39437511380842
-69.3030038638789 -31.67859932893479 610.0811891542087
-64.95972055066972 -39.83308556939694 604.1363544138113
-20.59157720980846 73.36502537321512 90.90681707420417
-3.299343959416921 -76.12853820636161 101.2945671088385
-65.16622344266507 -39.4943454461604 615.1822841668273
-59.34724575656087 -47.79481583927662 609.2444583083798
-59.47482321960788 -47.6359675350086 597.8130557694495
-52.56987186517588 -55.16202110219485 602.9837720330844
-52.56349778935832 -55.16809494760648 591.5433389355358
-44.86966200101648 -61.58858199304915 596.7983156559156
-45.33917594685524 -61.24376804590084 584.9377823659873
-36.53373472744379 -66.87096699513749 590.3767521303846
-37.08646737143682 -66.56601188224627 578.4507333260938
-27.50896430592203 -71.06121926068754 583.9137620652739
-28.06250101121165 -70.84444958495864 571.8706409209116
-26.92480157914462 -71.28460605154308 595.9054115569597
-37.78926822384496 -66.16956405407475 566.4688766791108
-27.82003492296628 -70.94001449735501 559.9995673455695
-18.05590785952968 -74.02988714950318 565.3878804648116
-18.61081797741927 -73.8923369112885 552.977214273918
-28.73340293027405 -70.57500659614932 547.5121395508739
-19.33153112481495 -73.70706821174147 540.5574588341264
-29.04921594713551 -70.44560350267921 534.7120995139638
-19.91759973898465 -73.55086145408224 527.9871293245473
-30.65918433469586 -69.7599771784018 522.4099294810314
-20.89632455260841 -73.27880744247996 515.4609748011309
-31.58890169846779 -69.3439347707104 509.7220253350848
-21.56319602301701 -73.08535131798263 502.6566827365165
-32.33862668237427 -68.99748708683549 496.8538585866788
-22.66188632125333 -72.7521745954208 489.8443440631572
-33.21148870931849 -68.58160845088726 483.6767117362988
-23.64313223189337 -72.43923176197553 476.5143614683083
-34.35312610665483 -68.01692970650961 470.6421175254399
-24.45051385195175 -72.17071686200377 463.7029352044748
-35.25734533473211 -67.55264317513746 457.5464113241572
-25.41820064157948 -71.83561147609457 450.1057469073866
-35.79126803192213 -67.27128014737872 444.0906483249247
-25.98661778352766 -71.63194605881404 437.0876162544522
-36.5607275039422 -66.85621290787032 430.7064094529319
-26.9490835521822 -71.27542981769737 423.1998876388696
-37.22140189540459 -66.4906552903547 417.1443150492393
-26.5489984607319 -71.42542040990767 409.8230019906366
-37.5967013393327 -66.27916752948107 403.6687551223428
-27.17683707967092 -71.18890030296173 396.197761211628
-37.9092554041039 -66.10089526403118 390.1305067577333
-27.85632349840871 -70.92577275681953 382.5051985550859
-38.31734444172628 -65.86517376378892 376.288925063115
-28.45598010143364 -70.68731991288688 368.7410105359261
-39.5423441379005 -65.13710939303222 362.5418173704077
-29.38682044322967 -70.30543922227767 355.0649096646652
-8.114234749327588 -75.76674200751148 558.6436349990977
-10.9105564369966 -75.41485104563367 495.5796695859398
-40.32179406853624 -64.65750477009267 348.8743102630029
-30.81474949664707 -69.69139985291505 341.5352142462946
-41.1210210917072 -64.152175523324 335.1004624547779
-31.33920773174315 -69.45713828503627 327.5498364205963
-41.84069451877922 -63.68513391825599 321.3321172401826
-32.64251419013632 -68.85423928377068 313.6113205099326
-42.66575267115402 -63.13535894412824 307.5499100565738
-32.43601687548116 -68.95175711505475 300.119247961167
-43.11500266797876 -62.82942419710835 293.9830192217166
-33.19936919205883 -68.58747615453841 286.5167614599187
-22.39869987269809 -72.83363401624825 306.3846241508249
-19.70306831168998 -73.60862109226663 347.5901303440946
-43.62984639156426 -62.47300620146678 280.4064358164508
-33.93286340861771 -68.22756613636525 272.9658610661367
-15.60932573550441 -74.58410655148268 402.6812339764014
-12.89368894822901 -75.10121693625422 441.7832410796684
-40.83993504295162 -64.33148300550432 530.1029842256789
-51.95268606693091 -55.74368493767633 613.9698362907553
-5.390083171132327 -76.00912447468578 88.57506403775302
-44.26297818844825 -62.02603293689639 266.9233909201888
-34.64665288672241 -67.86788226950191 259.5231219558419
-23.54039686551656 -72.47268254600472 265.5242039681966
-24.33221795532119 -72.21068597773287 252.1109712179909
-35.32885935141304 -67.51527010186715 246.1563298151854
-25.13781366088311 -71.93420830419085 238.770164223013
-36.01297886064593 -67.15285067353932 232.8419612960168
-26.02055648489027 -71.61962468637095 225.3296050058251
-14.43518421075061 -74.82022090853313 231.3637771915391
-15.25983338828701 -74.65639614233815 217.9666205797448
-52.87659055757669 -54.86807970948493 274.3829861316662
-72.74866985878769 -22.67313462618517 616.3918131756244
-3.494755864839265 -76.11981792835012 224.0283077372645
-4.30835562793883 -76.07810507487163 210.8426058851686
5.577172245697969 -75.99562585926783 93.95380968504395
-42.61087453958294 -63.17240988732283 490.9283660323994
-44.98483749339395 -61.5045071169011 451.5951596702989
-43.9422073964807 62.25369393959428 214.2568383920093
-36.85932349703217 -66.69205553393247 219.6028035511813
-50.25072232998864 -57.28267543781785 147.7643083431024
4.826248335661856 -76.04700735073354 81.80199322072379
-47.037916939611 -59.94893134979353 397.5884706164742
7.574537197340019 -75.82259812381869 216.6683371055688
6.730490409210342 -75.90217716805974 203.3863888378229
8.416606247711801 -75.73374901106493 229.9590098970421
15.57984327761659 -74.59027070231683 87.14816373197827
18.33822226909343 -73.9604597336261 100.1079832053452
-49.58564742348428 -57.8593429758229 356.4171033410421
-6.153429194511731 -75.9511376422245 76.51524229094562
37.6411568836038 66.2539305133207 94.40020839666488
-51.36967606122921 -56.28140351274454 315.1992698729365
9.710604701141769 75.57872820005748 74.8087172308023
15.19382922220517 -74.66985706137694 75.12479814167349
25.28553876011228 -71.88241460615286 80.40501492411882
18.50723519823134 -73.91834850236677 209.2941406533872
17.6430279129429 -74.12937046854721 195.9739350533893
-46.00322321062136 -60.74655096574413 226.9142632410255
-62.59154215716634 43.45962321957784 266.0065449105608
29.05119115482891 -70.44478896615129 201.9098872643639
28.22714647601649 -70.77900961317212 188.6013986315492
-46.84657991954159 -60.09856861724748 213.8081916023592
24.48239799620248 -72.15990707003122 68.29273250452192
34.4660335721216 -67.95978612242233 73.61498130815512
-40.10535665875433 -64.79197764595636 153.557262442179
16.86609903388446 -74.30999060273929 182.7066867545945
27.42490804083182 -71.09370168272235 175.3177418120475
-54.84630830121166 -52.89917263746609 221.0175027830262
-55.29929075306045 -52.42545605150693 207.6221424640153
33.56792734650202 -68.40785228071381 61.67182001663723
43.04016938416936 -62.8807110279616 66.87414610432771
43.82862622734776 -62.33371096784985 79.05142514381052
39.02498679049193 -65.44837970493946 194.5245644954416
39.77021051292456 -64.99823348182369 207.9395379645697
40.31332166835464 64.66278756799593 58.63672815266698
23.91356516904239 -72.35040705418292 56.53526785871218
-62.3228935065348 -43.84400694477095 215.0882247776324
-62.70435781983885 -43.29669167963777 202.0215430478133
16.06559995143326 -74.4871565989769 169.4574877451327
26.63046820487611 -71.39508500722638 162.149038420652
-72.39887758531309 23.76641589274352 449.7232850253366
5.175007537017651 -76.02407051054166 177.0107646869319
-73.18068947973096 21.23738889956098 116.2558138980206
-72.94817605467476 22.02279751294502 501.1078898555739
-61.28724274348809 45.28039174853468 580.6388905514118
-61.71416792116095 44.69677256579886 592.0141975826316
-55.21627941904535 52.51287924993172 586.9898184769781
-55.63358377930527 52.07057091938806 598.2974089743007
-48.22638825363478 58.99708023292066 593.228246987974
-48.75584491861501 58.56029018261404 604.6212579967275
-40.50355488803726 64.54379940344194 599.5299272416652
-56.05852691883123 51.61280422231168 609.5987041391052
-41.0502561328498 64.19748025761938 610.9250602447378
-32.14097981851202 69.0897779436727 605.8424259167837
-31.43953914241904 69.41178126595155 594.3028312472999
-22.32777424428672 72.85540815407026 600.7739072774757
-21.59754138994962 73.07520924300808 588.9772747632103
-11.89557872549888 75.26576384243675 595.5913029847228
-11.14222470954616 75.38097126279271 583.5952214646284
-1.153165532511902 76.19127383929623 590.2790656025129
-0.3210384135247429 76.19932371312125 578.1314993339272
-1.897365570575285 76.1763743157391 602.3545109449241
8.858016284741101 75.68339016917292 597.0342185527657
8.10839052712987 75.7673676661632 609.1125003520465
-32.81519380350007 68.77210957676616 617.2446601135555
18.71249373822774 73.86665403344588 603.765645438414
18.12426786246924 74.01318068053463 615.8146210578209
-10.45216783285894 75.47974687022837 571.399624765213
0.4351208704663399 76.19875766591005 565.9098139494487
28.40331235341228 70.70849911682822 610.4215689490975
29.12624233940415 70.41379131382077 598.2476116294049
27.49263332045803 71.06753909561553 622.5612361372514
17.38693379331123 74.18985465187954 627.7720242749704
-9.904250553569657 75.55359568526249 559.1235498542036
1.198748840784218 76.19057029066471 553.5251762216518
-9.204568179384232 75.64202485808447 546.7074157971401
1.946137107113358 76.17514391427375 541.075054969133
12.42034164994751 75.18094913805345 547.9885450619673
13.21200996298409 75.0458712571052 535.3480153152379
2.669719708121984 76.15321790101889 528.3136419237054
13.30255980171198 75.02987340201153 522.6887836860511
3.21582047663549 76.13211213845346 515.4630752715989
14.0276618374357 74.89769491362568 509.3962205459722
3.964407202663342 76.09680332005722 502.4888574959002
14.68946026474472 74.77071456881021 496.7414487323863
4.644685267382021 76.05831248960868 489.3593204046368
15.7469447996409 74.55517238580474 483.3888561649856
23.5371756676907 72.47372876834936 542.3853060659076
5.263523641860964 76.01799338887847 476.0673799576569
16.19325545945823 74.45950898055081 469.762369176051
6.034088091377649 75.96071208793066 462.7201222311089
16.87151320966785 74.30876154274141 456.8432294637811
6.82617885562304 75.89363136806043 449.3339758663221
18.01363935647165 74.04018366491925 443.1011980403116
25.2872533378921 71.88181145898638 503.5337300851026
7.453661401480203 75.83457609634331 435.6305793155452
18.40562840936419 73.94371401854525 429.1084794805631
8.644907548094956 75.70802846121997 422.0468449311231
19.27691309421468 73.72137153877493 415.9413488315427
9.312923480330594 75.6287607742551 408.1702969831377
20.01823043150691 73.52353671030177 401.5790934873372
10.46443808441552 75.47804671278553 394.013192020924
21.75904097248484 73.02728350389138 388.1143892000497
11.28285857429159 75.36004977700409 380.7099574369766
22.51625548840317 72.79737796638663 374.2356864408705
11.6903173548794 75.29791816605693 366.6160370448415
26.45174071859871 71.46149601677834 362.13678112691
11.92964334275774 75.26037210720258 352.705691913839
23.47615959794351 72.49351647238451 346.7126969670784
28.63248278072196 70.6160104353939 464.0522969760559
12.70127286565248 75.13399808071071 338.7984322513452
24.08290406277263 72.294216448505 332.5278005309627
32.60611102336717 68.87148556501343 395.7252315879707
26.69589031554634 71.3706483104947 634.3323647674629
36.32388630243586 66.98518704824009 629.2780653726861
34.77571493052815 67.80184105959543 354.0568945066156
16.78683198895202 74.32793735719227 639.4625995514757
13.28396451484 75.03316791105432 324.8373560497394
24.33910479796019 72.20836501149927 318.3015948561012
35.44722625799823 67.4531997062725 640.9745787711192
44.52801542995546 61.83603999181747 635.9256126599046
-7.646490220729762 75.81537566552238 508.4002616699207
13.95877097709083 74.91056476098099 310.859635873659
25.1032982913108 71.94626060399159 304.9492876628692
14.59874739111674 74.7884788895346 296.9979077935437
26.2646995883272 71.53045194555202 290.8481554652105
15.54475188797514 74.5975917087227 283.157138463243
26.56438005683198 71.41970114888601 276.6945693263227
16.71107664777195 74.34500600088947 269.3988148716376
27.51739703850536 71.05795423613924 263.3293306147524
17.73431385256033 74.10758471424424 255.3680119072643
28.55790671996019 70.64620275552008 249.3398239862878
18.11439057763155 74.01559872081704 241.7961237832229
28.91534010162924 70.5006603288729 235.3582227193882
18.68202354478616 73.87436630030783 228.0142088546046
29.75501924298457 70.15040149457178 222.0822947616735
19.46295928033349 73.67247258000835 214.4289151677795
30.75067742137762 69.71969476501154 208.3521730038848
20.41234903738271 73.41509386206668 200.9170505941217
31.21600848188704 69.51259464628519 194.7201404213561
21.21122429346713 73.18827750379312 187.4413346708424
32.35711108968469 68.98882055760777 181.489886509448
22.00290843065153 72.95417754037369 174.2122638704498
32.44765568210079 68.9462808332388 168.3758464463554
10.48133226998985 75.47570253959925 180.1424639346019
39.00051808629252 65.46296349082259 229.5441485762306
11.27820943199804 75.36074569700058 167.0385325299795
-0.4551030138086463 76.19864094094345 172.8629200548826
36.83727059182598 66.70423896083811 312.3381563105152
38.7941618026336 65.5854634048665 270.7144161330217
41.3355808964951 64.01413712571083 188.8590555468672
-5.700019166048954 75.98651052329403 468.9052381603236
-73.59018468454806 19.77181625683659 549.7551225910892
37.36029213230367 -66.41271393181376 167.9645827652542
36.59851009381052 -66.83553739526039 154.755232622804
-46.34793279138092 -60.48395759179154 424.7704397832264
-70.82316386813444 28.11617790005207 354.2402378148338
-49.41849075391603 58.00217902462903 335.6427229297241
51.74188434050733 -55.93940833521179 72.13739331318948
50.88553352227139 -56.7195070337692 59.76884804341756
52.5026153120337 -55.22603901599864 84.63450711621395
-75.75870611368049 8.18892227225232 158.6843628818366
-17.20814685989851 -74.23152754489271 375.3085683498125
-61.83894363351462 -44.52398286643955 228.2427594756733
-60.18055394416449 46.74121229678909 199.5396224297473
31.06429085594071 69.58052768999039 423.2912991690168
-3.450546403051622 76.12183477505248 428.2716431787391
-12.13209393517655 -75.22800207866784 469.4653570846474
38.28926196268807 65.88150285438735 605.1638074089018
39.09992369381336 65.40363879126278 592.6950318613845
47.66359199569147 59.45268705507142 599.7173320001241
48.3971806640382 58.8570548343395 587.0782114109109
-17.36621917321301 -74.1947062237457 589.4114221935063
-16.7466337573374 -74.33700463293908 601.3821104764997
-6.863785099946432 -75.89023951801545 594.8901459179949
-6.154930685880291 -75.95101597906383 606.8399664228609
3.818758584094352 -76.10425141131346 600.3497214474869
4.585065801977014 -76.0619298439866 612.1681706620928
14.28795717860691 -74.84847546652034 606.1011872875044
15.09057269941764 -74.690793379128 617.5546756616435
-4.776239584031974 -76.05016459834869 619.2024021280238
23.78272587005926 -72.39352146559534 611.5579363844603
20.74744649343927 -73.32109835512473 597.8243484797184
25.43779957471877 -71.82867361156295 623.3769916441915
35.62849485992968 -67.35763025831568 615.6713445681913
35.37692046957757 -67.49009925973724 628.7397214159195
27.10712092440103 -71.21547581242366 635.1511559634527
43.97512866446917 -62.23044318453294 622.3132224431331
44.45204607495854 -61.8906745782413 634.3761679059996
51.88984317383981 -55.80218790866815 627.9679216390947
51.15692561595252 -56.47485247013844 615.7123476007624
52.55080025862716 -55.18019021512949 639.8054472803304
-9.180370404270825 -75.64496545865025 533.8091483550847
-65.3315273097581 39.22029499346392 167.0209844313555
48.90612518049838 -58.43484337130906 200.4718303100141
49.55763911296475 -57.88333443703072 214.0172715094202
-53.16328514947358 -54.59033899982452 579.9686261749457
-0.2557687323357802 76.19957074915553 386.8903549689254
-64.50625657889842 -40.5633191711098 136.5741592277736
-76.19621731698756 -0.7592539643662809 572.1652858093194
-51.80275186382503 55.88304661822737 143.2364300535679
-48.09022228296309 59.10812567469214 581.7303925734312
-41.65372635186175 63.80757855462169 622.2497807624612
-33.58562083377026 68.39916719675918 628.4555411345274
-42.16484484573255 63.47098438763418 633.3774199259965
-34.29612641192455 68.04568842430277 639.5449821390411
-42.73141189477295 63.09093783959196 644.3893810542637
-49.92660331854826 57.56539134820787 638.3839462597416
-50.42570194196155 57.12870192521843 649.1260434424665
-56.74624267567905 50.85571690766872 643.2452716116787
-1.279820136799778 76.1892516068864 185.9315829329493
-12.1289303986199 75.22851219707481 178.6728052893185
54.80394633795103 52.94305871204444 83.57956449784513
-73.82027640471392 -18.89462334982197 90.04251485566169
-70.84498383900494 -28.06115223669779 83.62833613484538
-73.96581360067938 -18.3166159098659 78.44645739196724
-71.13050254954526 -27.32931772015424 72.18152224814924
-74.089224751815 -17.81086117162908 67.19305666280253
-71.36385661556693 -26.71404067064368 61.01721883514429
-67.28153580726634 -35.77198539940912 65.9323437212654
-74.22426414056557 -17.2394493181062 56.11088247597578
-75.7677001469996 -8.1052831187046 62.12340602934446
-67.64192128895368 -35.08575899619382 54.8763732033883
-62.51932089194078 -43.56345389441174 59.72119129708999
-75.81888911524351 -7.61157364349904 51.17276462716447
-76.18412225229864 1.555479555254538 57.10980036881671
46.5263427455867 -60.34682618597429 160.5875505479309
45.86180192077897 -60.85339041153939 147.3574705057185
43.5586840319405 62.52264426114408 647.5174105543607
45.01023144398625 -61.48592575019743 646.1650040350153
-62.93300794187397 -42.96366501345094 48.82014986917788
-56.90214659037824 -50.68121657386597 53.6015910670517
-16.63282368576237 -74.3625522439779 204.7474696128387
-34.59080238727649 67.89636507357658 221.1547740245225
-61.60975648492473 -44.84058324629905 70.92666094067351
-20.28261046477177 73.45104296559941 552.361760265617
32.78599856923902 -68.78603272335059 49.99157863382572
51.72540755232762 55.95464425358819 642.5580691482569
-15.8243842120544 74.53877423401383 121.2668785125978
26.03909391587662 -71.61288702489348 148.9548323027513
-35.08688049446649 67.64133955775142 650.4167326520613
-26.07315330807521 71.60049354979061 645.6749081001868
52.9585565015951 -54.78897054396405 651.5939538784796
-76.17250500247511 2.046822329345047 46.30679542743079
-75.39073495361254 11.07596872305732 52.18964378898715
-75.45200268891254 10.65060046346378 63.01471474071428
-73.4932615461904 20.12909603790622 58.04985452783372
-73.60412908470188 19.71984233411981 68.91172898240185
-70.49416621222602 28.93116883299138 63.98086333736645
-70.33662422196379 29.31210147802876 53.00130448582959
-66.25158781759554 37.64528007131076 58.91294643317271
-70.69315373493161 28.44148405075454 75.04072392393563
-66.01432949868986 38.05979901206004 48.02508698067774
-60.94353542343202 45.74194453773131 53.88562856438246
-61.21726326597182 45.37495650934223 64.76973836387701
-55.08066970186967 52.65510255610122 59.45551388674292
-54.66840097013539 53.08300985596522 48.7494490891424
-47.89002454190822 59.27044414693911 54.56473120117802
1.903932783968568 76.17621045939559 317.2667531021524
2.458491233994857 76.16032970551251 345.2539537818087
-47.01944549473139 -59.9634200606335 200.7274421743999
-70.13114562396723 29.80037606255839 42.28079300212168
-57.20168697088126 50.34289431176274 653.8986364684812
-62.66319914217339 43.35623915041894 648.0382169167245
34.82247545818068 67.7778371074528 652.4338290547788
-69.24047580220679 -31.81503592146358 222.2120618466329
-67.66367144034231 -35.04379498874805 235.5213929919846
-67.92000635930556 -34.5443589628161 44.04354084108669
56.04461095420515 51.62791476509378 47.34817487202992
56.06840967136729 51.60206814579942 594.2462378721493
56.65919285247681 50.95268261147632 581.3875712791555
4.401227581205621 -76.07278879979644 163.6710587275804
-47.55121543217312 59.54260584592399 43.72641158249185
-40.08135047274003 64.80683100014521 49.47421388483795
23.33448702471536 -72.53924258836311 44.80751937280012
-48.64668668396499 58.6510006280553 65.44989802009026
-57.28075741759457 -50.25290866871971 42.74830452039483
-50.39645745736854 -57.15450179773806 47.54245642791533
-49.91361307967215 -57.57665524613931 58.07186339269858
-42.81857409250642 -63.03181508321444 52.16381715981441
-26.74902033937028 71.350752700192 656.4605785643523
-43.27699464189813 -62.71795384708529 41.4011666428619
-34.90662175882482 -67.73453888073897 46.44658162180972
-49.3359449634849 -58.07240768695569 160.1894216279282
14.00312828661051 -74.90228566731946 51.22044058483242
-54.44936270292993 53.3076626878799 37.97140684796078
-17.47368875416655 74.16946946906465 651.7486389006502
-15.6720300893232 74.57095596061075 640.8714809742369
42.77222202607093 63.06327792743169 658.9426730445516
58.8151495067773 -48.44809788315155 633.2093222209852
49.04901055419644 58.31496003303378 574.1235322817948
57.31300273673126 50.21613005100487 568.3390739899758
-39.77384933912399 -64.9960068677197 165.7767785042876
58.6838244382015 -48.60708538172541 65.11634059056618
57.96226309394266 -49.46530154591775 52.77011509294319
4.332629278432641 76.07672655638956 275.6149042760804
-75.8820983933124 -6.953211015613996 40.48416213335796
55.20479135118786 -52.52495608633875 153.2087338118692
54.14905168790537 -53.61268694348897 139.9121664146562
45.14840983287581 -61.38453461225134 134.1140529098125
53.57440278222617 -54.18692984962146 126.372378917239
13.58027457844434 -74.98010497708081 39.80449327434729
4.125031471651922 -76.08826529339385 46.12650078833939
7.681199576128216 75.81186696732701 233.9953575070875
57.61461640523154 -49.86979021890933 206.4493097445186
58.18543297915834 -49.20259534849634 220.0974061478468
50.15918736708558 -57.36284444371289 227.647718367949
58.7615395924706 -48.51310611291047 233.7848558651735
50.79712395061848 -56.79869891419612 241.3755739512634
60.93198980860302 -45.75732310750158 247.6840098152858
52.05227315611148 -55.65070403221829 254.9533123944496
60.79653522985182 -45.93714514470165 261.2898492666477
51.98863229743016 -55.71016165694193 269.0036403301682
42.49751980630965 -63.24872180773554 262.7092483253979
42.94097361567922 -62.94849311093589 276.6138320435244
52.89083715401758 -54.8543466385955 282.8851007485741
43.27501774625307 -62.71931790972764 290.3564015502227
32.76617273551692 -68.7954789522267 284.1967094723636
33.45856266604191 -68.46140945322807 298.1208972240424
43.86501026428746 -62.30811242939362 304.4831835839335
34.13319712280458 -68.12756310169743 312.0612431501831
44.28350783477335 -62.01137745484749 318.1704986101616
34.7620086762877 -67.80886927821241 325.9965572061674
44.8480272359063 -61.60433794017599 332.4257929545329
35.3426579003626 -67.50804790940067 339.9857645682176
45.27836817126921 -61.28873775618972 346.0067026889732
35.93966606945072 -67.19211562985923 353.9495031390941
45.65194899137648 -61.01097895697757 360.4044263478447
36.62973288233002 -66.81843060839689 367.9687710079844
47.07749686106435 -59.9178545117937 374.1554790042878
37.48784983624183 -66.34079525190653 381.8319615346298
47.89649065557796 -59.26521899799353 388.0943110576421
38.28224757402594 -65.88557900391395 395.7335815946137
48.49801155738449 -58.77399828988836 402.020782856485
38.99435968940776 -65.46663205338344 409.634142403951
49.09147911594392 -58.27921308844898 415.9142555738682
39.64202267702389 -65.07649374447216 423.5281935793008
49.66621551389245 -57.79019844686112 429.7874902967691
40.31278314665503 -64.66312330046212 437.3701475222932
50.21948600060309 -57.3100621691796 443.5924458121998
40.99512435311259 -64.23270023339231 451.1633631246937
50.79064864486099 -56.80448934929598 457.3774551507025
41.64439011737992 -63.81367229482621 464.9144344800448
53.2837627932926 -54.47275119349241 471.1903340569503
43.01348806436468 -62.89896536936642 478.3894974387135
54.1716775768821 -53.58982504642396 484.7311554280382
43.9152875167881 -62.27268680824552 491.9420325794374
52.42882336129495 -55.29609824345778 498.3713789724247
43.76548474489301 -62.37805980506718 505.7542456696049
52.88465601279679 -54.86030585412514 511.8649813189816
44.25685532163644 -62.030401877142 519.3138500343399
53.37292424803461 -54.38539286622429 525.4020219729409
44.89953264978885 -61.5668089787878 532.756629874234
53.76426750976525 -53.998551268885 538.6895459942035
45.49315038599615 -61.12947953285011 546.0992230962479
54.3068560490722 -53.45283328379658 552.1134206782125
34.18130336383011 -68.10343971011902 513.5582770409299
46.18587339109458 -60.60779734573582 559.3468526296496
54.98383560911731 -52.75621121450596 565.2935526645695
54.86291069290613 -52.88195373000327 338.5628285066031
35.5193203378847 -67.41526446387888 540.1079469756993
28.5926045241026 -70.63216665605175 417.2625120593944
53.74508444596123 -54.01764432013393 310.6729555479944
23.41524711418579 -72.51321398601509 319.6701527276717
33.16256380448084 -68.6052794026359 486.1259945279068
22.0194366368424 -72.94919060686063 291.8364171187792
21.28282297293291 -73.16748899820739 277.9913877137577
30.89284920848324 -69.65681494141054 458.7195322687832
-62.29053306900678 43.88997026632593 637.4245047391519
-67.26767653157961 35.79804036595822 642.2246492713175
-67.57620362784583 35.21216697745137 652.8321255433357
-71.18623071181902 27.18382896215459 647.0567416028572
-66.98348697821216 36.32702124093969 631.5413392235768
-71.360022597672 26.72428062380243 657.5958139465109
-73.98479329055775 18.23980158207434 651.8771860211701
-73.86004194265081 18.73857529882843 641.312427004622
-75.60578016116747 9.497684255712763 646.1567368040668
-75.66173069266304 9.041156374653157 656.7123193464126
-76.19977796167932 0.1839526862328259 651.0081377749689
-75.54470507226577 9.971837119828221 635.5007631959323
-76.1993099490815 -0.324288889432551 661.4971049364433
-75.65027878721882 -9.136482879974643 655.8339117520544
0.3393866328187312 76.19924420040834 159.9464816414428
11.85851220733199 75.27161276489669 154.1502118378876
-60.16791673775081 -46.75747849744559 105.740923548236
25.58394795085939 -71.77674837471893 361.5181592394713
27.03522195143394 -71.24280155943269 389.4573106374363
-19.48372576933305 73.66698331101544 539.9264406561344
-30.04455323809399 70.02688641317231 545.5174123708372
-29.35088330086037 70.32044972452378 533.1351599385382
-67.39041464731561 35.5664450523646 231.861282524103
-76.08729041178442 4.1429745102739 210.0373293072042
-76.12208990965605 3.444913320570113 222.9879925586509
56.42408887183213 -51.21291043265936 380.0695412591782
-12.64467162410705 -75.14354449663992 258.0958381918711
-34.09674604027867 -68.14581358722442 57.00120726569532
-26.39608235424143 -71.4820735313974 607.783513313737
-32.13956088377093 -69.09043802291589 146.2971789065978
-67.09396173591063 36.12257325523974 597.0359619032299
57.0268281651039 -50.54088314847409 192.8281527951089
10.46732669361629 75.47764617348045 572.7325384882993
57.13798597301601 -50.41518182995502 408.2321352721772
45.6819311464804 -60.98853307572026 657.8036108061885
55.40458566811205 52.31416526090074 607.0817285146032
4.772220558402201 -76.05041690182877 588.4667263049477
-39.71270155744099 65.03338631049151 38.6767650145806
-31.67561691554018 69.30436705590742 44.40430876709663
-31.98321556061355 69.16295194974929 55.2002572206638
-23.04422454517102 72.63197446794172 50.09710527343142
-22.68186227527861 72.74594919117692 39.23384878484207
-13.71662489586964 74.9552813447192 44.93184115900097
58.35878090771934 -48.99686409317247 436.0483816991333
-35.55319510109304 67.39740587072781 661.1135311045433
59.2577542886407 -47.9057257190316 463.5989007217349
62.00199170969611 -44.2966479999421 504.4519428857524
-75.44573913127354 -10.69487947271121 132.4075084390692
-18.3264021108986 73.9633894955447 662.4573776295184
-8.74591798626925 75.69642606211639 657.7831233283945
-75.70203801925646 -8.69720873217662 645.3644714402371
-74.07945190541183 -17.8514650769559 650.2193590825149
-73.97861683964696 -18.26483644856154 660.7089986583388
-71.3568495542567 -26.73275185406798 655.1166316461386
-71.20743002993012 -27.12824927142565 665.5448523449784
-67.58936218268002 -35.18690267327466 659.9665847669063
-67.76912300091243 -34.83943121934114 649.5106041503765
-63.01861283018272 -42.83800225220045 654.416625559226
62.71492462378437 43.28138432898195 601.4942151221644
62.16444192915259 44.0683804970981 614.4066754198801
43.97858764896324 -62.22799874977869 118.9484633760578
-34.95058302686562 -67.71186562251977 35.12198051504908
-25.71891701117328 -71.72849718049571 40.27331971513493
46.82231744475866 -60.1174732428289 572.5047396784521
35.63828927164248 -67.35244863990272 566.471940143913
55.47186509095948 -52.24281944277502 578.421788235572
32.02405132839721 -69.14405351522416 38.6007237973809
9.971164815357538 -75.5447938128431 285.574530172867
50.04651064859686 57.46117621403065 561.2804527349816
57.14737934244341 50.40453386641794 555.586032259108
-63.22489769909331 -42.53295558668814 643.8588124110948
-57.51882891445171 -49.98023929824701 648.8300032726746
-57.28928470786327 -50.24318717658529 659.4535338046757
-50.9418382064805 -56.66894317123591 653.8587837020954
50.52601451810273 57.04000225207282 547.9417084457755
57.89818841553213 49.54028439764492 541.7166539579647
51.35558158258667 56.29426471954567 534.3634919913334
59.61402919796649 47.46164264734207 528.5418484823761
64.40061586776864 -40.73083200539986 198.8664215953119
-12.88078837548309 75.10343061955307 191.7157544794518
-23.45466346350829 72.50047421785301 184.4651957190184
-22.67277020107708 72.748783435939 171.4655731304819
-33.44562211271993 68.4677322648643 177.2175713420002
-14.06620100560503 74.89046661137796 55.80485668881443
-4.539287230071821 76.06467558231553 50.60015285257386
-4.221604310059275 76.08296824552318 39.6844291131532
5.019642065347699 76.03448686968166 45.320994359781
-51.19333558737603 -56.44184964579296 643.1861286628027
-43.80956406593094 -62.34710976743904 648.2425499390479
-43.39641513919346 -62.63538259695379 659.0427505678473
-35.64177551051407 -67.35060384627684 653.3580029681838
-36.00928403244116 -67.15483201878313 642.6104349886122
-27.35922635731121 -71.11900402233856 647.774714201498
-27.02761990931076 -71.24568591878268 658.5814888973375
-18.31150730298689 -73.96707848964063 653.0027762736667
-6.679370630221555 -75.90669277464362 171.1289295116787
-76.14029168962054 3.015954479016903 35.55931454327413
-18.08517005510833 -74.02274396479648 663.8125312537204
-8.967323743522732 -75.6705167477985 658.2539432427413
61.37005569245418 -45.16808900435208 132.4352818041727
61.10742933537188 -45.52276441542773 119.0075340694521
61.34322271915119 -45.20452440219468 531.4540969887788
51.49595972438217 56.16588049754771 521.3188310530732
60.20502210641896 46.709691854749 515.4871343433155
52.18642870702737 55.52491925979137 507.902949309472
60.2824879126467 46.60967336360131 501.8398743571941
52.66207606205131 55.07400244066817 494.2793187427297
60.77358315968343 45.96750580500363 488.2295368117692
53.3362562262331 -54.42135400529475 663.0111182263747
59.75265638854278 -47.28699667469629 656.9366641950554
5.275077667583682 76.01719250012434 34.43096742351938
14.52759227725009 74.80233326993205 40.0418679838503
63.92768560923952 -41.4691573660019 185.1791226634811
-75.36844531518939 11.22664022632362 74.16072607485467
34.13719143385522 68.12556172985528 663.6783824493614
-9.216614252380062 -75.64055804740487 647.3865774326016
0.2692878855218527 -76.19952417197047 652.6865012609852
0.4975321792136932 -76.19837571582906 663.5928408071873
9.743594880087372 -75.57448219348072 658.0404701469797
-67.84733012295361 34.68688217737293 663.3060898322472
-71.62417100637542 26.0080396733297 668.0581480295382
3.830157480714901 -76.10367858174088 34.94072529561317
-39.18956086346786 65.34996801321749 538.7305792106227
53.25230727969775 54.50350235891865 480.6285488810061
61.2945661544333 45.27047779668114 474.4755104292757
53.86525309745878 53.89781543575499 466.8415134303943
61.56780275875332 44.89816993441101 460.8548790328914
54.40324972519517 53.35472255890805 453.0465009817815
62.08020320933607 44.18697058508923 446.7458899152004
-27.57824670333999 -71.03436005743782 636.8753990565766
61.50654108474968 -44.98205646466155 557.886643718585
-61.39773352155899 -45.13045887663488 241.410586150465
-67.25506357838002 -35.82173115677216 248.7364963881199
-71.9970792334331 -24.95717495740971 242.7621154983565
-71.74857382160558 -25.66285554192314 256.0758037769689
-74.85117953552954 -14.27378443650896 250.2591287610692
-74.72784286339869 -14.90602230587333 263.45254656359
-76.13774897863802 -3.079477304008985 257.4060028505785
-76.10644756015814 -3.774737046854911 270.805085134113
-74.56431726791325 -15.70358527120398 276.879458989139
-76.07836599538572 -4.303745749011969 284.349324597517
-74.41088813172092 -16.41522852257971 290.3549788822142
-76.04196621069913 -4.905035658473075 297.7810286671714
-74.30915823535639 -16.8697659246584 303.8357071555804
-75.9748005053934 -5.854031787210818 311.455077862757
-74.14109097373185 -17.59370993351937 317.6099782891206
-75.90885187190823 -6.654788312838781 325.1429378472449
-73.83783506304893 -18.82588943986401 331.34022809041
-75.81896539310618 -7.610813801359797 338.7854234641491
-73.61699199875035 -19.67176883393887 344.9704912379704
-75.72838365237757 -8.46474508761564 352.5315720577136
-73.40404213741732 -20.45205607972613 358.698987510472
-75.63747792931891 -9.241857632088685 366.230558398775
-73.18602674557766 -21.21898888249841 372.4222272454023
-75.53852642375251 -10.01853411073914 379.9660291036151
-72.9631449761055 -21.97315351049574 386.118182772305
-75.42713343063583 -10.8253195073891 393.6382387172761
-72.7424826749339 -22.69297720192177 399.7649806084075
-75.31214816737378 -11.59829032295446 407.2428794662148
-72.52635102071952 -23.37452475708067 413.2939503916281
-75.43290321251177 -10.7850411650504 420.9078300002901
-72.53597656301173 -23.34463758661103 426.6207409168258
-74.9978338098816 -13.48202224539706 434.2719113225697
-72.07098606571665 -24.74293773009332 440.1299986911297
-74.87611579178808 -14.14239314736885 447.4431472946715
-71.8226075522347 -25.45492181087344 453.367887693479
-74.72196405150552 -14.93546411349568 460.6392220694604
-71.56878362176745 -26.16006901559382 466.5215816107581
-74.57131897988647 -15.67030266459538 473.7149960159315
-71.31824216342372 -26.83557964194646 479.5105594569419
-74.43395341640634 -16.31032123547081 486.5922194148792
-71.08831095963049 -27.43887834636976 492.3567799388495
-74.22476770459495 -17.23728108487293 499.4067867671832
-70.82679575213042 -28.10702765299098 505.1135176284545
-74.02498879134794 -18.07597948772938 512.0375036837283
-70.59265310167564 -28.69002140233577 517.6684197753175
-73.81831946192845 -18.90226737237296 524.5431480698516
-70.32861315809218 -29.33131724385088 530.1243891990387
-73.62166470801161 -19.65427397847908 536.9274969722552
-70.04519531598196 -30.00184349579103 542.4331123578432
-65.05303532189399 -39.68050649132913 510.9439786806859
-66.76184306451269 -36.73276889412749 472.4168192619809
-71.01905815317083 -27.6176280487036 296.4405304537366
-75.82617157734323 7.538680516065476 278.1843092893857
-69.82966401287067 -30.50013153823432 337.3953088380988
-68.84861448238269 -32.6543761823166 378.5953760985459
-65.37815891593745 -39.14251316359783 535.7032686426662
-65.00545005495623 -39.75841374039703 547.9427097346154
-76.19822541717362 0.520041607564004 401.1574075681836
-67.42189518976949 -35.50673244639301 446.1466964225922
-2.405230118589977 76.16203035684269 614.4286761626333
-75.95152431477128 6.148654670959098 305.2749743286966
-39.8327465473926 64.95992843662302 551.053882638317
54.96446470050738 52.77639264090223 439.1062276085785
62.40923845637502 43.72101274324877 433.1710724327628
55.50920854541308 52.20313943300575 425.1796522297668
63.45025319210598 42.19603500161652 419.0257845854657
-73.41444849972613 -20.4146700066658 549.1196688246724
40.99603434191989 -64.23211944374968 235.2118708727584
56.26817706228677 51.38416341721586 411.2503602657166
63.44666846263336 42.20142486922314 404.705902042838
56.70532248757945 50.90133988000333 397.1274302262237
-68.02861418594442 -34.32998182259819 419.434227898307
64.55082050035625 40.49236437565467 561.4297078298787
-38.67793706245101 65.65407210975629 526.3259948443299
-32.62421691070632 68.8629107064404 164.3498335202351
-42.68955858124978 63.11926479402341 170.0335195940938
68.55929420264901 33.25752814679132 35.92442080122556
-75.57357002247971 -9.750667364716898 543.6921213920767
40.70727926834128 64.41550601034872 567.0359365754898
47.50232060667145 -59.58162079853986 585.5387793661504
67.87618166448667 34.63039073775526 468.4486283048076
63.70716405225234 41.80714350944594 391.2684167414913
57.14832449383475 50.40346225754107 383.0743735530647
65.18197540614496 39.46834278447367 376.220291426961
58.1267039087077 49.27196254168719 369.108661026026
66.29571991026047 37.56750619325553 363.1393825515071
58.90919160273752 48.333706093284 355.1851191934689
-75.93469799202067 -6.353081209980843 29.82605578288066
59.86180401214505 -47.1487478138236 668.2263750761758
65.45459675366101 -39.01455835730592 662.2698958181867
44.57962081039153 -61.79884633552399 91.64999229534435
64.68365101960278 -40.27983727343299 58.09593989464572
64.08042642674832 -41.23274122546423 45.83250301925457
57.60935194803529 -49.87587160268383 40.842671468826
65.38088592689257 -39.13795798728725 70.84163277086692
63.54013980557798 -42.06055912000701 34.00688001509075
14.27395196330815 74.85114758872552 50.98675810758837
-75.79386527625154 -7.856843290115487 519.0284068647595
-67.99202000239835 -34.40240131144137 638.9023036867167
0.9760018670434494 76.19374922101896 147.0339316891181
12.55794452100962 75.15808691955407 141.3294209615596
0.1927115181815033 -76.19975631372296 641.6377256983405
-36.3474300380403 -66.97241469164574 631.5318360756672
-7.125224228309142 -75.86613987607592 157.6484131324644
-48.5943810693857 -58.69434494466506 173.1865944154472
-57.0317966322089 -50.53527651950037 167.3017846222981
-59.10254357932737 -48.09708247340694 541.2768648336728
-58.69878435184648 -48.58901846729796 553.5207943254501
-64.77542003553624 -40.13209388033287 560.127092872043
66.2296224848572 37.68391043287967 536.8095327464982
-75.97996861807457 -5.786567963517281 493.7584105141432
-26.80137212839679 -71.33110437975284 669.2640862840803
42.03204902438166 63.55900294066906 669.9243481848723
49.90371253852177 57.58523660516283 665.3470470359963
66.07068923269968 37.96187593251977 348.7699118306612
59.24417466557978 47.922518383264 340.9840633517312
7.227337051889664 75.85648027122259 633.0157385920164
46.22846517699866 -60.57531681616715 668.9733317973901
37.9112310248852 -66.09976219456301 663.7913895166237
-43.43383271629907 -62.60944158489636 30.79464667067595
-36.57128459881911 -66.85043861331185 24.73254365688975
25.68316435143454 71.74130657366928 657.4516407168151
-43.42158250093365 62.61793810973509 182.894865882913
-38.696681851538 -65.64302562862905 179.0953441643837
-67.45260988561311 -35.44834861625135 670.3328017760131
66.35788300742371 37.4575941936087 334.6757884835922
59.77273381747114 47.26161541870677 326.8588718947177
-74.48525853077419 -16.07439770578458 34.55269926792775
55.97760686627962 -51.70055637538387 591.4253148366361
62.78971310037127 -43.1728146959758 584.3412884834214
63.18028349721336 -42.59919925552298 597.4165270455043
-75.82156701671811 -7.584851688024264 215.8858704142844
25.08759617267075 71.95173742361608 668.380393816557
16.41991598557791 74.40985391079977 662.3167266232751
51.12274629245564 56.50579449505346 333.109059032588
-76.08895840859421 -4.112226683345674 467.895419038464
68.53224284623785 33.31323596506772 73.3851374729112
43.88813000832134 62.29182967591082 486.7223277675849
35.15937643633871 -67.60368517032063 128.2842015071462
45.72153726733881 60.95884701920918 445.3650678648529
69.92110231698511 30.28992325473441 398.7927907579902
-9.515795266413914 75.60350283186418 668.4340716783597
66.76989866153829 36.71812403606572 320.5864533384435
60.30950986782356 46.57470364374736 312.7624554212666
-50.97208420244483 56.64173930997241 659.7322915339225
-10.5437573845121 75.46700722975933 152.8156728058142
49.03574282571474 58.32611701056711 375.3041151225977
65.83162358998278 -38.3749571401301 239.8974378589491
22.94561584121494 72.66318678441915 148.2591970864441
23.66551253769983 72.43192332340742 135.5432129249987
33.62273481062072 68.38093084957731 142.4948477127002
34.15838835739677 68.11493598929137 129.7240993851814
43.37381202946247 62.65103694299766 136.6746929023099
43.9126130550632 62.27457277795082 123.890053041708
52.29624613406078 55.42149980184345 130.8712344677876
51.77721196536226 55.90671087708476 143.8321066627774
59.71480005195188 47.33479327889167 137.9115575918792
59.30182217269623 47.85116390431808 151.1093909489967
60.09638475642763 46.84938141755357 124.7631738999304
66.77887888098783 36.70178926698748 132.0882622388823
66.58906030257016 37.0450677961409 118.6463062730358
60.5153008737057 46.30700120030312 111.5383386434958
66.82398570259433 36.61959768784291 105.4321191098821
-65.85144385399538 38.34093559557584 37.38191572872172
-69.86893268831528 30.41006815177614 31.63586512698311
-75.72333132711391 8.509823307456415 667.0656114869989
-76.19686224535474 -0.6915084688092314 671.7835750713704
-64.49634927789039 40.57907009560924 117.4281994294801
-75.89454099731481 -6.816058010822851 202.8943604248722
10.71278069914365 -75.44319936012825 299.3652183646349
-57.74977366294237 49.71321395644149 664.4032272636861
-66.45150869177833 -37.29124552205933 88.68521656169659
9.870000477428288 -75.55807759978786 668.8896393705282
-3.981479031365803 76.09591201058566 28.97849947855601
42.43048588644588 63.293711120775 527.2972937104836
-76.16686811611488 -2.246820282613537 441.5268374105216
8.632271260722604 75.70947029851222 206.9874571659329
23.46594906988532 72.49682223552664 45.63333115212317
23.7769679802324 72.39541279436843 34.67640632762643
32.22311680974709 69.05150789856363 40.30773139000057
66.75051530706747 36.75334959212495 509.2868434660174
-22.87632472258027 72.68503124569091 623.7324658249146
3.682252303328888 -76.11097830125841 150.660372842844
57.18056607094683 -50.3668826095688 29.16663419555922
-59.49828614657537 -47.60665862692149 528.9951594121126
-8.309368433307462 -75.74558994581503 145.1088354851223
3.40777000798966 -76.12376175395332 137.7203033179136
32.51679280306031 68.91370100207104 29.36767720672543
40.64319657438372 64.45595839188185 34.99263506483394
-51.63469019808854 -56.0383687141892 546.8466650476788
-18.83320714708496 73.83596893489641 672.9348345275281
68.80327684293368 -32.74979535317168 38.8504534504477
13.90222635279482 -74.92107915957736 28.96718540680043
-28.76530410950221 70.56201017181877 520.6961380270708
-38.16620221237177 65.95286960159011 513.8243818700897
67.15724754357818 36.00477888240062 306.5153658209932
60.8601287761478 45.85285951116578 298.6705421727918
67.53109887973216 35.29859323111673 292.4338170464263
61.3761720585848 45.15977749541062 284.5764486254236
53.11020396172626 54.64198235005605 290.8445653901919
-74.86279630619423 14.21273123707305 230.373726881226
-75.71774325705385 -8.55940161803823 84.95399630716108
-73.71180520673762 19.31346093179492 630.6606474879069
-75.48632933139032 10.40452228950861 624.8587433731755
-73.76105255529232 19.124516358209 619.6650483773891
-76.19179096142901 1.118476682772813 629.6947743530684
-74.18773090858809 -17.39599329256378 639.6728193643522
-66.98602544575184 -36.32234016388659 262.0177892781587
-5.659854472191046 -75.98951274586263 41.13038523062359
-6.275561505266785 -75.94114384043483 30.25243025365656
-5.104890011765016 -76.02881097299749 52.1235883401544
-51.59070773008168 56.07886300478363 670.1137386537179
-57.92497690733175 49.50895929309243 674.7507360666544
-24.25666787589408 72.23609944867295 197.5324451514225
50.04195869128132 -57.4651404795994 35.90565808739203
29.85928594715876 70.10608420619289 585.8016897743239
-30.9125298760965 69.6480832231544 582.2150727114315
71.41274225452655 26.58308190726876 356.5178516449142
-12.10558595417771 75.23227225536934 204.9548955838811
33.94206954130739 -68.22298670721661 116.9790089437846
24.51875565149579 -72.14756143697612 122.529371653321
65.34205517706059 -39.20275277627798 650.6868533186509
68.5826066314327 -33.20942739100095 590.244940100829
68.11861157462651 -34.15105792131715 577.001719530488
-48.15711208417281 59.05364134168543 544.3727879150144
-12.16949191770924 -75.22196133088269 271.53588789663
-1.131593092742138 -76.19159728652799 264.1799138447996
34.84076478526026 67.76843741136554 117.1080706138116
-65.59130622829061 38.78428221930382 26.93467447025824
68.1834868722763 34.02134797356103 608.7796913530674
67.97458593546939 34.43683590142228 623.3882655241133
68.64380594472055 33.08274331768069 595.6472334886807
-76.05648208160497 4.674562372084036 332.608897557757
51.20098186931389 56.43491344565162 156.9895980881231
58.84028600342382 48.41756647163596 164.3737574926225
65.68770521971794 38.62078951766058 158.372964923984
65.32419917374808 39.23249931254048 171.8323178338013
53.12072511534205 -54.63175416568892 97.20399743820505
60.18084114576602 -46.74084251474375 90.08227584284685
-76.1361742370724 3.118168138852413 360.0675452978624
-18.29602879935544 -73.97090867478347 165.0400459015838
-19.19907621271709 -73.74168070079689 178.0119791513239
-76.18746794361159 1.381929209893718 618.9112399509847
-73.85580860193284 -18.75525355079646 671.1099520249428
-51.76906639535378 55.91425367966072 175.6930194586197
-28.02182121311475 70.86054992660044 508.111195975826
-41.78016771650273 63.72485845869651 500.698463186402
-29.76238532888935 70.14727663662156 495.6745546666604
-39.19204524185027 65.34847809827527 488.3930955577686
-27.07584002674943 71.22737456095005 482.605779401724
-37.05710594560408 66.582361770489 475.2855574008852
-50.73340379697318 56.85562187834434 508.8152514640284
19.48050973438431 -73.66783382514079 663.6362924978524
5.168879236558904 76.0244874197641 24.08365347101287
-56.43978659991273 -51.19561005160806 180.0868304208735
-63.46856836520545 -42.16848147219962 174.5191928123409
-64.04066137943002 -41.29447529737096 161.6323696992753
-69.19534851744346 -31.91306540508972 168.573580611141
-68.85098182856184 -32.649384393018 181.5171685200338
-72.98405458893853 -21.90360189007372 175.5939946724527
-73.19863205036582 -21.17546377190258 162.8450984103773
4.45365764624878 76.069737304463 645.0593734297395
67.93837508220719 34.50821918310664 278.3413717384951
61.92649279536555 44.40213384585856 270.4972638838179
68.30430426486629 33.77812929829846 264.2681078930557
62.4256180192769 43.69762253156724 256.4243698511097
67.17825156275029 -35.96557405313919 125.0365096552291
66.72146935897932 -36.80605285246958 111.6834132845726
67.63541332783601 -35.09830286456575 138.3267395331321
58.46550353860582 48.86946793220967 177.7632608440989
64.91354161494775 39.90829631798941 185.3973738492088
-73.06390009887372 21.63576904900315 36.38971422607344
-72.88975014942375 22.21540733712935 25.95573305871479
40.57322405524547 64.50002705241953 24.26720323539034
48.78666634488247 58.5346152883327 29.84488100535466
22.06970247678075 72.93399915393628 554.9568800375101
-73.94440054097804 -18.402870119506 208.5881804944524
69.90630028503764 -30.32406932550687 63.56762106273135
-75.42989352997137 -10.80607061133617 169.7987456082865
-76.12350510514236 3.413498279971195 25.21039826789526
-76.00216245188325 -5.487376662627347 19.19294275439069
57.71100389254325 49.75821570067458 191.4887099402087
64.49288085593911 40.58458228073371 199.0632766668598
57.12861044762214 50.42580557932455 205.1883899431849
64.0492998729183 41.28107539525815 212.8286687134811
-1.151800787099439 -76.19129448268245 293.0509880500685
23.09582581204423 72.61558255677436 56.80115669968513
-62.06639054657462 44.20637018032664 626.5751082852008
-66.73932494484049 36.77366592967029 620.7279103016635
49.16673652836624 58.21573686856688 676.2510437005739
56.32779740081962 51.31880006364353 671.5800341371964
57.04317812186721 50.52242897720705 660.7949884713386
62.66766608089454 43.34978232902099 667.2744104048784
63.34386838798304 42.35557032606081 655.9478517908417
68.15871705215193 34.07094495027536 662.6014974931281
68.70249629662186 32.96068874602987 650.9526588919584
71.36247762974132 -26.71772420219714 76.45312907203228
-4.775837542859969 76.0501898469965 61.60225022836772
-14.4763991369234 74.81225747181063 66.99338386120334
45.91178445354483 60.81568916234725 623.9590907440597
56.54043505906912 51.08443210344212 218.9616326836295
63.58982976319783 41.98539687424095 226.8222717659678
69.19426691262376 31.915410484977 220.6751797846989
69.10778952210134 32.10223399343014 234.5025658355846
69.52223154551446 -31.19453992178559 191.478182657968
-25.94216161549062 71.6480582480486 469.4870948859564
-36.01139224911021 67.15370152330195 462.0193549824792
-25.73683028672947 71.72207168502653 456.1211987604612
-36.22141487237069 67.04065262692185 448.9865062238697
-24.77771467844891 72.05903729105307 443.0648798143143
-35.84738303112945 67.24139446664898 435.7179825951325
-47.22794690360745 59.79933972269289 468.0548854891299
69.59640981953464 -31.02869220949187 204.9812869911324
63.92644441236822 41.47107069744398 644.0872407204586
68.30636972600502 -33.77395231319997 27.09622776156854
-62.99878108559148 -42.86716204427022 633.3018483001738
47.52572528671939 -59.56295355312128 173.8911767305605
-10.45147563711661 -75.47984271980671 636.5837783890397
68.86863993996947 -32.61212094940839 603.4783642231332
-53.32255677083693 -54.43477693001849 260.8677767014727
-0.5222263134850675 -76.19821047555844 306.9144787869252
69.95567095085424 30.21000003005311 192.9413914550339
15.62844308616057 74.5801030215341 672.8060332119318
56.08924234928173 51.5794231519076 232.9229158471584
-1.566126398942928 -76.18390412746339 250.6150158549142
10.00683176059366 -75.54007756227931 256.7240131334529
44.34105971881419 61.97023820361314 111.2050395796495
1.980814596184964 76.17425006874397 134.4023423717229
18.98140673328341 -73.79800944758378 652.5974951442809
69.16407257261514 -31.98079212855783 177.4757047840497
63.16100856718883 -42.62777259927499 171.3872322234605
68.75106055511284 -32.85927072451863 163.7999303372322
-75.72773340913793 -8.470560354223108 229.0475350288824
47.71831493414967 59.40877392982714 18.24214447556067
55.15398520243536 52.578302714043 24.2863242804425
23.88929353959812 72.35842490117454 23.87226493217646
-17.7949112320837 -74.09305726073302 674.1280849301278
-7.505106755882752 -75.82950199350384 570.9619484038973
2.934768240086856 -76.14346416716918 564.2511725212381
2.356956530998161 -76.1635395442661 551.8071447651895
13.51209289650472 -74.99242192085963 557.5373616393092
12.91988364896404 -75.09671501801682 544.868788735336
14.08067364804789 -74.88774685899671 570.1638791110206
68.74111977331948 32.88006162266345 440.7445092504599
-68.06865076713576 34.25052967096578 673.556713844712
-71.75798635570287 25.63652461186503 678.0306617944796
72.92286346823811 22.10646927016403 602.9896848740956
-24.55045687639848 72.1367802661035 429.7124245965386
-34.45577006925893 67.96499031806273 422.1776228222899
-23.8441027613633 72.3733290895586 415.8063918921405
-33.67922961539158 68.35312350224919 408.573991861103
-22.37517826973979 72.84086351353453 402.3676799787253
-32.76694606042442 68.79511062476196 394.7710679447551
-44.57869934882164 61.7995110366366 428.3831526546474
-27.77801195832679 -70.95647998345926 625.7630799568648
-36.70130605552922 -66.77914445257871 620.3984800314337
-72.24129084930388 -24.24120245421592 188.3565652500367
-75.52627350382242 -10.11049012787269 157.0971210787388
-73.35576209478427 -20.62455254044103 150.1569891144506
-75.4764222984728 -10.47614800499687 555.7683702763537
-73.25292953118648 -20.98686053460657 561.1209986564601
-76.1999062226179 0.1195477487770296 550.2592579390804
-76.19270579625979 1.054316577029885 538.4315960240585
49.81432969132119 -57.66257501538027 24.63653901612899
-52.09943397822457 55.60655518145877 162.9495275194083
70.07213139155502 -29.93887777196483 656.1636576564842
69.94199353323117 -30.24165241182184 643.9800989361669
70.13022597733672 -29.80254023347148 667.9490590956187
-17.17875804771851 74.2383342481359 489.6325256114452
19.0486724326002 -73.78067550893999 674.1687425221827
6.97912463144074 75.8797194207966 667.0419807881441
-22.75969839223223 72.72163453261088 388.8023415775569
-32.43148466504829 68.95388895791693 381.0978198100557
-21.78934911585615 73.01824611086833 374.5856357261187
-31.81913593284625 69.2385917569606 367.2765602730283
-20.27506290680819 73.45312671442224 361.0132941248036
-30.83269572421829 69.68346198616835 353.3607922162266
-43.11063382983671 62.83242197138146 387.3861248652665
-19.54291449439962 73.65130340370486 347.1495832524536
-30.10142764850752 70.00245748201749 339.7255281266423
-18.88859195020925 73.82181990535381 332.9523028832756
-29.2348740339803 70.36875826826352 325.6670235282716
-18.09737843034153 74.01976015868337 319.0654833138794
-29.17915557937811 70.39188077949365 311.9924243802703
-18.27509837718078 73.97608248146399 305.5843826652246
70.71949789072102 28.37591616290663 165.7234359634811
55.09150558332428 52.64376518223738 262.4789243877877
63.5266230576154 -42.08097150608155 610.6521664713857
68.48229077676102 -33.41580239897216 616.8523553294917
33.20829473830437 68.58315507888148 549.3715721386078
-52.19738286057635 -55.51462170011078 558.6993788015531
-75.85028088662985 -7.292111451380591 624.0506649150939
0.6654452121199118 -76.19709431907273 674.1945446306643
-68.35064469674295 -33.68425996722513 628.188572086341
-14.6056292822236 74.78713521234954 450.3488979213643
-48.64650853202426 58.65114839151652 556.5443624318193
-40.39365213445162 64.61263705530763 563.0880552996886
48.24391225426026 -58.98275112609819 598.0842438498913
48.54944517612621 58.73151941751819 211.0981147981704
-44.77440641187087 -61.65786673624556 626.3527025240279
37.63246656774214 -66.25886702946083 674.8951839970307
-11.98622430959818 75.25138156073945 409.7113818699809
6.60768107126777 75.91296694808081 677.4206943606806
-10.02552224532224 75.53759927154522 368.3550928963659
60.20934442020545 46.70412020891815 627.0428539930319
69.68601793141694 30.82691851064971 638.1847256588785
72.99984457225051 21.85091971582133 228.1261518038868
47.9129765413845 59.25189177523988 417.1949453296846
66.90098558836469 36.4787352755742 673.6659962955825
-5.006734776045769 76.03533788234478 72.83194966078841
23.32673648466571 72.54173533197952 679.3708483685548
41.65935274560226 -63.80390527873259 30.72670065168307
34.40041650080303 -67.99302423463217 594.2829005705712
60.79295932901962 45.94187736717086 98.4130492676787
67.03906360446419 36.22435577117427 92.39385952431321
71.60559598450634 26.05913704833009 99.3137816457409
73.9026251292871 -18.56992188998284 68.81053573244195
-15.00378297259284 -74.70827595729494 46.84014267067733
-14.31306313475236 -74.84367858209933 58.18193967201239
73.18258542923928 -21.23085466701927 197.7282676868344
72.51907911849385 -23.39707596700131 31.72380566968398
41.83568647665522 -63.68842388556187 43.27416412950497
33.30601293448512 -68.53575346056911 26.73201303907936
73.5856091260088 -19.78883850947928 661.9217922600897
-43.11110470808485 -62.83209888940959 552.3502396273586
41.18019591638696 -64.11420641548943 19.35157519827847
45.04807677740308 -61.45820350984234 104.2695715787997
35.38137440037369 -67.48776441356301 98.43652387407028
-8.598129402892322 75.71335529991468 680.0243258587216
-19.48916289616733 73.66554506420661 683.3625392238673
-28.43018758231137 70.69769751579318 677.6510671536313
-37.09600860396915 66.56069520110384 681.0683949965783
25.13118102351207 -71.93652577351416 550.5577022933128
-76.16604128404451 -2.274676925901123 244.0257060183285
-75.67678567001973 8.914264448281632 251.3552794049949
-4.053326060125962 76.09211882876113 638.162469033753
71.84934895920543 25.37934305962876 670.7634654107766
-13.65961148638354 74.96569224679419 78.25729554284345
-23.92194194870639 72.3476377873025 71.9720531202681
-75.74507269266907 8.314082197228963 677.6312914738784
-76.19636000139819 -0.7447969772535337 682.0958544937189
-44.56290757961664 -61.8108992658297 20.22572785813167
-51.74543658683338 -55.93612242941055 26.21500478278605
-38.2534816300446 -65.90228481001127 14.44650589127129
-28.99935361990728 -70.46614427955861 18.82311554118762
-75.90301029443553 -6.721088322795235 613.125668192589
-52.41872329974101 55.30567283403385 188.5752973377425
-59.6693552135266 47.39206735733298 181.363898335514
-48.07273355036703 59.1223501646832 195.8009569523763
55.73259682879425 -51.96458073264014 17.8427775421119
70.98330483357952 27.7093925394103 152.1035859996535
72.47874165370773 -23.52173480624021 130.2628868945555
0.01089797418083212 -76.19999922069658 630.5064908077502
8.809876604241238 -75.68900893933044 635.8493157265875
-4.835196868922898 -76.04643891227754 63.42671649351982
70.86953018031393 27.9991016288304 84.68349935169992
73.28759864194457 20.86547112569578 589.7626442371921
69.00293293133733 32.32700491653015 582.2296763518491
13.468751185997 75.00021827628041 62.184263705382
29.02368162497817 -70.45612751870418 658.1672447632914
74.76734394347071 14.70660666635083 93.1623926082471
55.15743282965982 52.57468595856342 248.4959171929107
45.68124095696783 60.98905003876881 254.9065462902385
74.99673735631971 13.48812017692604 62.93025615152305
28.76002624710448 -70.56416151465177 669.939559884962
28.86446457966124 -70.52150512098761 681.0075472939359
-48.44628348522984 58.81664404289612 568.6787581641797
71.31914695107821 26.8331749550908 125.7696782029827
49.52332861628731 57.91269224240244 40.59420640128526
68.62894005273846 33.11357104326913 250.1557611363779
-29.95824961301122 -70.06385145083385 171.4714561540251
-29.01422053786736 -70.46002417385333 184.8752445629383
-26.08329876197005 -71.59679829219887 680.0615654432115
-34.79866470357433 -67.79006516332767 674.7884158005538
-34.79160120516473 -67.79369060304049 683.3048591117621
-43.16338629163288 -62.79619481974429 680.5722589850773
23.67065301579934 -72.43024358516013 31.96043420300992
24.10785374998741 -72.28590033726645 21.11261661829167
46.77048828073274 -60.15780436470269 679.946372243081
-75.19104903076241 12.35905116315502 30.72493357315269
-75.10236829781586 12.88698087448045 20.80218881847326
-72.54210864220957 23.32557552863086 15.59911050765012
75.22994437502676 12.1200441142093 662.0800573824266
72.50976927640023 23.42591213769927 682.1875235271325
74.65053375386579 15.28848619919404 690.3162842612742
50.26826511872576 -57.26728142625158 47.74167614964713
-33.94222690758659 68.22290841465134 207.8618037976764
74.44887302318337 16.24208439757412 8.053714763906708
71.76993613776462 25.60305190365377 16.66659145886333
-23.00278100079247 72.64511040826892 215.0000197225401
-23.36288307958816 72.53010198675784 228.3722940189146
-11.87225021335258 75.26944715401828 218.2367946642583
-10.77156621165903 75.43482856975183 232.6462101218365
-23.28337169225697 72.55566554474025 242.7185393951491
-8.206819053563404 75.75676947324291 245.9760674510429
-18.18057033388926 73.99937068877347 255.0049941836353
-5.109788904728304 76.02848188244401 259.1523164120757
-15.50698288472487 74.60545209173958 268.3563992375153
-27.94601125124565 70.89048211957126 264.1877716825906
-25.33570444705791 71.86474852228545 277.4180270090761
-12.77867441848096 75.12087246635559 281.7472118495801
-22.74295237039555 72.72687342020087 290.8494568894261
74.55568337492663 -15.74452528651433 689.8551892472101
72.55137634812132 -23.29673346186675 681.2773545305841
74.55510377207642 -15.74726965333724 8.15363077724421
71.96352706392308 -25.05375765269574 16.97399858540855
40.5164377166352 64.53571317304878 680.8564615433929
47.98185363393856 59.19612928098675 686.3275132021074
72.07906804837903 24.71938407964782 314.262616461686
-18.18756417541789 -73.9976520530554 191.4107793072845
-29.77372202282248 -70.14246557476929 197.4059682041506
-6.943823137754751 -75.88295803559309 186.0745392831076
7.532364059361031 75.8267992973279 656.4183163398671
-2.401455135569021 76.16214947880508 626.8695702470642
-51.14477056125482 56.48586056914246 680.8767083098364
-57.16879714747282 50.3802404987422 683.2198503352116
-63.77181501191226 41.70845969448456 680.0598346087053
63.11169197106511 42.70075334873376 41.65424883781789
64.12665239351612 41.16081210084604 30.31743035282439
68.44296062566126 33.49628547755981 24.58986547166164
62.78764548318039 43.17582164450906 17.87253388590517
-44.93421948599325 61.54149753771504 675.9095094395585
-68.03264992285663 -34.32198339947789 194.2982672636975
75.22994437502675 12.12004411420937 634.2056569032877
72.48894485411462 23.49027190002556 29.70884155149594
36.26898657098952 -67.01492828551996 640.7063396844223
57.0024167099458 50.56841394809305 34.43597046217808
48.4147887434581 58.8425715866185 52.31741963245097
-60.2370624647123 46.66836514837809 32.36808290940401
-60.22903522867344 46.67872444083293 22.13193302348457
-74.21761760798144 17.26804090206657 672.7174260489132
74.67116243330794 15.18741257945347 106.6739584892234
53.39715070636469 -54.36160682358256 110.28993047472
62.78577619443118 -43.17853989730083 22.56469534844224
61.60362884702901 -44.84900124726855 12.33983590028561
-75.2803446996335 11.80295310099819 41.36245112968611
53.04658548901124 54.70374546552569 105.0139016404247
-42.68428311321695 -63.12283243891027 669.9335726577458
-50.04024282423052 -57.46663465083062 675.2413725242875
-24.65856245121692 -72.09989804319723 53.00657180102518
-25.70083693035515 -71.73497738955031 64.02049121838178
-35.7946448626663 -67.26948341674401 68.21163152180962
-27.48701781353055 -71.06971121172967 75.29427614006423
-37.28378733307301 -66.45569352660603 79.31139881909984
-44.66275881492307 -61.73878825373893 72.3759564778118
-46.5933307486097 -60.29512028141799 83.29331162831201
-53.85624735108384 -53.90681423770909 75.33402202261617
-54.53959034282654 -53.21534633201838 87.21021586421168
-46.83816330042066 -60.10512838887483 94.7516881905175
-15.68129204159161 -74.56900884352906 35.61183328617828
-14.51221653314117 -74.80531780091054 25.10703094909333
-5.251456905735762 -76.01882793339556 19.20681092866057
-16.18553377139287 -74.46118785337164 69.9970313229655
-16.81304631031817 -74.32201204062694 83.24204060277748
-31.68728864277955 -69.29903129531591 86.98749947034001
26.29477832758122 71.51940039390267 645.8315288843024
-75.57821600990347 -9.714590303269148 676.5788887701026
14.6785211556476 74.77286283594609 29.08254588388607
25.2618193910179 -71.89075379390309 135.4323794314458
14.27447524021197 -74.85104779905606 129.7669017548075
13.38284423672441 -75.0155949128951 115.1948785050793
-1.929659817310744 -76.17556309597886 122.6599946863944
31.2046912139489 69.51767578279714 18.1136517286932
-25.86414215735909 -71.67625932248363 28.14165326990247
-9.906666854828867 -75.55327889527651 132.2495132654607
-21.31274085569617 -73.15877990520303 130.2444665919538
53.68967680561877 -54.07271589728227 673.8534657670011
60.13543501173258 -46.79924631818004 679.3141641238225
-21.82768539886186 73.00679523255566 158.6224959855578
-31.72915181893501 69.27987388016071 151.8298520837203
-21.21984059866126 73.18577980022764 145.9297030748804
-10.13129950354104 75.52348489290964 140.0112874964149
-20.61336062816496 73.35890786818747 133.3259201185066
-15.98640168412747 -74.50419425236224 613.3584312891335
-17.37166818782847 -74.19343060117916 624.9573869600845
-41.37062959263826 63.9914916774779 345.9086916856403
-8.739215484636851 -75.69720016429329 669.1423077643544
-7.548770492594864 -75.8251677482492 680.2538842837184
33.0742768974254 68.64788567547025 674.4567519381997
-27.72805181128292 -70.97601808181979 210.6225261442903
-12.7624507604417 75.12363044067627 607.7084412374062
-12.94777896453625 75.09191048232502 619.3468478975138
11.27933449431439 -75.36057731576484 679.9938971244023
14.3820512222739 -74.83045237495153 63.12999401240945
75.40597136369202 -10.97175841413124 633.992682826094
75.1943707814852 -12.33882501604288 620.1489549301573
74.94374860974888 13.77949724477504 135.3121033016704
75.17718604274847 12.44309843624102 562.8895381039079
72.41838959743239 23.70689452700409 555.3264296466415
71.67864116484317 25.85754050101538 541.6352314986287
75.09321966143902 12.9401839584632 534.6345442070029
72.14929636989145 24.51364993895383 528.0144547839221
72.0863907054995 24.69802168300278 513.855087040953
74.9949848971694 13.49786058134153 506.0140302641717
72.10562646608408 24.64180658826696 497.7199128431319
72.42487167799364 23.68708429558514 483.704616080735
72.33487676148533 23.96050091088934 569.547991857572
37.13476833490123 -66.53907859831857 652.4782309306052
-49.04293234511475 58.32007190489821 615.9404419414169
-71.60587779325736 -26.05836267797908 50.04298726014805
-71.84387864146908 -25.39482431027755 39.26725352761142
-68.25093348977566 -33.88583889730662 33.49369991593957
-71.99091342185325 -24.97495514885323 28.7360681451531
-68.63266818055074 -33.10584326698866 23.00191045368451
-64.02884001267567 -41.31280245433833 27.52722844055215
-74.57898601620121 -15.63377257079252 23.91307279528326
-64.56674043315917 -40.46697455749625 17.25729113172472
-68.7460626450778 -32.86972574876522 12.82003276707819
-58.00936310591607 -49.41005760010793 21.19738794029806
-54.73444082781883 -53.01491287615212 13.10938247148024
-72.41467233269621 -23.71824679330753 17.83597246705069
-57.92791064664723 -49.50552664212407 32.06529005321973
53.65775860665021 54.1043892980085 619.5144102285396
-69.62040766501181 30.97480970978782 21.20978647203873
-40.11715407522776 64.78467371920952 318.266429418998
-75.36834986604467 11.22728099182907 109.5994595983892
-73.05262446753886 21.67381042652036 104.3261217321255
-75.25712417828689 11.95011549793171 97.76373364490088
-72.96836866522004 21.9558004713227 92.33615428423018
-69.40721951156397 31.44960857743026 98.89625729609845
-69.38900903338562 31.48976699444962 86.32883535479952
-64.51006677316272 40.5572593369188 93.52140052741213
-64.12591374090248 41.16196286493556 82.32659612892816
-57.8709254165738 49.57212917990667 88.66417152143752
-57.36523733073073 50.15645069170004 77.61291348980497
-51.36355927427878 56.28698587309193 83.17668949906209
-57.4539583852816 50.05479663191461 99.93403388279911
-76.17431387281709 1.978359422740515 91.15938488278411
-58.51399313898757 48.81139833000604 111.9881781726826
-13.31676613049149 75.02735327749338 34.10847057808041
-13.00070284980663 75.08276583485075 23.5171290323175
-21.99359890147196 72.9569846372585 28.47392159325043
-24.34609453621368 72.20600862001545 17.401227792164
-31.76774162454901 69.26218731801572 23.37683321639803
-12.87900553495236 75.1037363679775 13.11214493676379
37.28488482552968 -66.45507778602766 579.7861571659014
27.33725882324155 -71.12745095974621 573.7779549839173
25.93447311669603 -71.65084161515041 586.53724566581
14.52604672528564 -74.80263341978555 589.1126437482803
75.22272063799696 -12.16479756583997 106.9587704771023
71.9767824675297 -25.01565081347893 99.94363522597041
72.32927255364467 -23.97741295178826 113.668764677017
66.76413790316712 -36.72859771413663 97.54900151218123
75.25996602018824 -11.9322049362266 591.0578712442536
-63.05780456535592 42.78029082880781 658.6236885139629
35.57620134929972 -67.38526469157843 553.3615293106639
56.18916182624437 -51.47055559505963 604.5905823192502
23.55425494046899 -72.46817973565634 537.4226130041408
12.1961027617754 -75.2176513687061 531.9351279702774
23.78276845414969 -72.39350747585243 524.2686508493675
11.4149066212822 -75.34016131405221 519.0899559781936
75.21110610010005 12.2364013990835 163.9205076621484
-69.68180970201762 30.83642970014208 122.9419554390802
-35.9198888921829 -67.2026902882112 602.1067165437871
75.21879866425915 -12.18902487919541 562.5327252194547
72.31996628788323 -24.00546762967625 555.5503579147814
72.3336197098059 -23.96429551806563 541.6436464851755
67.65343262240823 -35.06355735525518 548.6664232760902
75.23381593659587 -12.09598857549121 534.4324573254515
72.39551360689777 -23.77666102701307 527.0833113088984
72.29725909723123 -24.07376844259777 513.093046147452
67.56709441282693 -35.22964309510007 520.0457580922968
14.70310019183595 -74.76803357551162 142.7527434747155
-75.42595226125432 10.83354630224948 86.0196335086967
5.512892327296094 -76.00031590847264 190.0857358166801
-49.56374782490388 57.87810381784579 627.2013931044693
72.48774942301486 -23.49396057684206 626.7945193724161
13.54231975225334 74.98696937286991 18.23039207806314
-47.19408569634749 59.82606685455605 33.10284788776473
-39.53276873665623 65.142921303961 28.20932186182162
-47.00094246672368 59.97792433253865 22.72590134062663
-39.19859309012541 65.34455065079851 17.72768424555652
-31.28418203526548 69.48193977131305 33.62126861330925
-54.17352528315711 53.58795721423927 27.37927659648638
-52.31578251877708 55.40305857484783 16.4563189653084
-60.36343943453985 46.50478663140644 11.35738793276102
-71.64727635505933 25.94432097592372 395.6861691681414
-74.75466859929217 14.77090121184219 388.1153260416722
-74.59493012412193 15.55751907526928 374.3580739356722
-62.07609631541875 44.19273997206844 603.3098862514864
-66.81520448455241 36.63561722814899 608.3428453857648
-71.21761977840195 27.10148765472056 602.4953418616445
-30.13656961901297 -69.98733579440201 158.6935169286766
-20.7712694155691 -73.31435307540976 149.1218392234106
-27.91974171199628 70.90083231341798 667.0963277064667
-11.26301391529962 75.36301823536374 165.6566595710055
-73.31777065749459 20.7592029185859 47.1230988752348
24.31828088498186 72.21538073567935 122.7738124487667
26.30815569474126 71.51448065910326 110.3837406494671
13.35614125513979 75.02035384329211 128.7605255521887
75.31909955316146 -11.55306204003735 163.8251464933133
-69.80587440537992 -30.5545397363522 554.6142171027234
-69.98250912251622 -30.14777631794648 566.7260172914874
-64.93135905848025 -39.87930053071034 571.8428762084897
-59.44725193542548 -47.67037064389213 565.5970161934175
-69.32548088668854 -31.62938032635769 578.5708848242377
-64.44506009659678 -40.66047502361513 583.8638737343239
-74.08637222660904 17.82272286437548 596.0077379671717
-74.08595093829666 17.8244740053753 607.344251865943
33.43695454605591 -68.47196558216356 499.5857002580932
22.32651132669396 -72.85579518459055 493.5090862340815
21.36827960849255 -73.14257738535936 480.1635839048384
10.24961997607758 -75.50751810479531 487.5081234367311
9.759357797136932 -75.5724482558787 474.1921652821973
11.04819999799538 -75.39480934921379 500.8278123416704
-2.836408866091922 -76.14719157489891 481.3969639688386
19.23450250849011 -73.73244817074018 508.2174382724518
65.24713170439146 -39.36053612884095 673.3778988311385
-71.0582023508717 27.51675632523887 591.005605002473
34.79457690603402 -67.79216339614841 526.9072193934029
75.21865217577682 -12.18992882914025 505.8811977600469
72.39150432407372 -23.78886507796487 498.9063552487349
-43.29562563621519 62.70509389809337 655.099174722288
75.21110610010005 12.2364013990835 192.2019413174434
-71.02925575638459 -27.59139044510274 675.879976226383
-67.95988133796885 -34.46584582640026 680.9486972935074
-63.06689470904992 -42.76688896515167 675.0749195478942
13.40270769138957 -75.01204854247861 17.78993640717909
3.061141669626675 -76.13848837269148 23.25428684393164
-31.38084488351795 69.4383364892664 95.97018499509676
-30.73058442039832 69.7285535572105 84.8369066135462
-39.34432508845456 65.25690831884395 89.95190435296202
-39.78552523496164 64.98886044375783 77.8765992366406
-41.40045675465514 63.97219849673708 101.3964305418228
-49.29842964811875 58.10425831408131 93.56308315612529
-75.68117478283321 -8.876924213388962 96.50510061879702
-74.1265619491563 17.65482408855701 662.3729309378361
-30.59031393374699 69.79020485307953 557.798086482867
-30.86191703318063 69.67052516693897 569.8966835756517
-71.90624723702935 25.21768443547523 409.3827691306571
-74.76913785718671 14.69748359730366 416.1467015846504
-75.02248514252332 13.34416438147659 429.3543574052695
-76.17353050543446 2.008295381075304 422.263961675795
-42.02319243195922 63.56485898534289 157.2956529579145
-41.14756750309641 64.13515173894987 144.562266047118
8.732430775180076 75.69798314854029 220.2722039304148
26.9055039266392 -71.29189195451053 109.860413757089
-63.30124060583939 42.41925197079306 669.1119072507967
-74.37256028937357 -16.58801603578604 45.28079726152959
-75.89469281111332 -6.814367403269716 506.403260103156
-76.12318147623246 3.42070781221963 513.6106044391365
-76.06465464374635 4.539638083327424 501.1789585763333
-75.9953678470534 5.580686856565461 488.5318188094351
-76.17294578042898 2.030352464925193 526.0086061279695
-76.03440882186081 -5.020824146505783 481.0466038142816
-75.9012990411116 6.740386032843486 475.0085225015434
-75.9792914561077 5.795452512775859 462.0239313430437
72.53581648714069 23.34513496520952 627.0692453913142
-65.87046290698068 -38.308251283765 100.2640147185974
-69.56886727348683 -31.09039572414565 155.8328916572347
-69.4892378855188 -31.26796792389585 143.3470068031052
-47.70463521299008 59.41975916473869 532.2549014656342
-54.38467831176767 53.37365234762886 537.9967701538155
-62.88951557462159 -43.02730331765434 664.8320014010324
-63.3354376659512 -42.36817597752363 38.11779963906294
30.16039851534273 -69.9770702544463 445.0578282953442
19.40398757658058 -73.68802661306589 452.6296170279775
18.61397371947815 -73.8915420218754 438.9658348928889
8.088238760825309 -75.76952153569326 446.6076510932102
7.160276322859069 -75.86283967121389 432.5514107448404
9.091225336822438 -75.65573092552287 459.9852013369007
-3.900541190800705 -76.10010366891012 453.9356141886652
-72.21931285984751 24.30660095635471 436.4626935411141
75.21079530936508 -12.23831152295069 235.0041277807902
72.68441340828595 -22.87828768709281 227.8290382984354
71.30470219164661 -26.87153596950848 241.6397397931701
72.24850538556242 -24.21969177244742 256.2107624357968
75.20291625484693 -12.2866344767996 263.3981656558429
72.22924700086082 -24.27706484912533 270.3279568920632
75.19162304080845 -12.35555844504668 277.5484586695203
72.18167273629575 -24.41815146546313 284.4755240283536
72.14333790966258 -24.53118006236641 298.7143934984799
67.30042148597182 -35.73644173404148 291.5461396094628
67.55557234665234 -35.25173250942743 305.4951241790481
60.13128674588838 -46.80457621091926 298.6417949563372
72.148690550053 -24.51543293341346 312.8507091888304
67.54516207865971 -35.27167531841364 319.9056729494883
67.29791793748376 -35.74115612679174 277.4439096383984
75.20916232776153 -12.24834282490559 463.0117887560848
72.26907349215354 -24.15824945201354 455.8905382348678
72.26480047455301 -24.171028368132 441.7746017047831
67.48389165244205 -35.38876046771717 448.8956522721786
67.44854180245193 -35.45608845773736 434.8552436511708
67.51573007959271 -35.32798029635406 462.9259655250368
72.22986740976869 -24.27521892727717 427.7551517981653
67.71613942957016 -34.94230188117282 420.7707103825879
72.17676249248811 -24.43266166636295 326.9804551444719
67.53085662952267 -35.29905668545343 333.7106504700807
72.14669865068313 -24.52129429307347 341.1770629346292
67.62129993902178 -35.12548639601811 348.240563348763
72.09166581025791 -24.68261981034611 355.4169395484963
67.52404615613109 -35.31208278627414 361.9591666357157
60.54971892678896 -46.26198804512031 355.2160484260536
60.55156723995987 -46.25956879159835 326.7175586968562
72.06887708417847 -24.74907989856542 369.485427390585
66.95010592088371 -36.38850528920433 376.3468464375794
72.00150239834011 -24.94441124544383 383.5921580814691
66.89084308571996 -36.49733019388667 390.4890104486358
71.99994602436183 -24.94890323218606 397.8792783195555
67.4843926395168 -35.38780510395539 404.8030315616365
75.14683439365199 -12.6251051723557 405.9340485835016
75.18017181780975 -12.42504589305831 348.3960227762333
3.496707011619085 76.11972832370655 247.5393903880968
15.32733235892361 -74.64256749843948 156.2804933863693
-60.70286970268447 46.06084682090541 43.12730162666713
54.53390511086977 53.22117241623536 277.0709916458534
-57.25709446877823 50.27986806857597 496.7138959764785
-48.60007319995235 58.68963183526775 491.2136913783704
75.18536033080134 -12.3936109317488 306.2685479909496
27.81863254785616 -70.94056444071585 403.323336617363
15.94688995398299 -74.51266134554285 397.0462737650315
15.17270495187693 -74.67415231821042 383.207803551809
3.692846652212142 -76.11046500714107 390.8004642962678
4.475630913697676 -76.06844765028634 404.6021880855841
2.912672607614828 -76.14431258000069 376.989355218538
16.77698341059788 -74.33016095529811 411.0211778538333
6.334968896164398 -75.93621118468205 418.6893692149816
-69.61374907476157 30.98977153442943 110.9751893907138
-75.5978935382179 -9.56025588487428 666.2094650671746
-75.73934766377313 -8.366075272557831 73.39884189340655
4.682481536890032 76.05599494225741 122.0983656745444
39.34397325410082 -65.25712044352402 605.3245254671419
-44.31547664849432 61.98853546759074 665.6986887046534
-22.34523928412939 -72.850053406535 292.5805196994002
20.41096977560973 -73.4154773383593 466.7421763274803
43.98180890883766 62.22572205371737 500.1265253614843
33.41945611677714 68.48050783149033 492.8306787294983
34.12299999560226 68.13267110058236 479.3397582190578
43.63828612625247 62.4671112183309 514.0342829353112
33.55137330096064 68.41597291290672 520.3675877418433
42.06289791875135 -63.53859156982238 54.7901938635529
4.666914903829546 76.05695172224833 289.7979297048851
3.48543980366843 76.12024506906822 303.1268825573084
-20.69634597721427 73.33553888253257 564.662169373135
-52.06461662047644 -55.639156141721 301.4980908838331
-59.71190845000032 -47.33844092551824 309.0491160973633
-59.06884441129372 -48.13846299908603 322.6289157583137
-59.83720173364863 -47.17996702718897 295.4467735037982
-65.60312451965716 -38.76428837549268 316.611191134396
53.22055664906657 54.53450604858814 304.6447718254524
43.3941297180305 62.6369659707009 297.0828994314323
52.68065349585773 55.05623259222678 319.2620904442028
41.85589933704339 63.67514185839943 325.2770900960408
41.08717130117058 64.17386036750685 339.2969256167216
75.20139213648199 -12.29595952884796 491.4489795918367
72.27178965130953 -24.15012257933422 484.3265306122593
65.76520906440881 -38.48866426254102 492.528888939251
67.46145110063435 -35.43152008306616 477.5967217211364
72.29470355167375 -24.0814417835729 470.2405379187869
-66.42178502690486 -37.34416251356614 485.3586219369365
-60.30902053653131 -46.57533727118083 478.4686954748133
-59.24113815457619 -47.92627202433356 491.5517271205523
-60.82886420944551 -45.8943273072919 465.3131420798644
-52.86446289609304 -54.87976460142302 471.4226099973611
75.14176963577347 -12.65521457757053 377.4057909826787
-72.12032502227738 24.59875441320295 462.5027564536232
47.30621373271484 59.73744338582546 431.7401416134502
35.98748581336243 67.16651594978734 437.7091091350266
35.26948362218937 67.54630652392562 451.5246545048156
45.94442455273778 60.7910343103141 458.9169801920951
-68.51025696022447 -33.35842758950149 392.2717975458389
-62.74721184547973 -43.23456262781538 384.760316575294
-63.6002876103951 -41.96955343907086 371.1804884132734
-62.77205106834101 -43.19849076847001 398.3567929623456
-56.16146825464485 -51.50077167851487 377.1543524184368
-55.46729075031515 52.24767609013825 458.3900023518005
-46.43370412865472 60.4181356952741 452.5153802142112
51.37460778746156 56.27690178647448 346.9145015866335
50.96409879641811 56.64892438404222 361.5155536905373
39.60697022265828 65.09783337240542 366.6547540757003
40.80204994056528 64.35551818335097 381.5283210732765
1.87449398303652 76.17694055491833 331.2095894285043
24.85479377937172 -72.03248729694751 347.5884273623803
13.5902902533174 -74.97829026345283 355.2462319783819
12.82423901388024 -75.11310733630231 341.3416033830807
2.600271457320694 -76.15562085853048 348.7318222635781
0.4732253852215009 -76.19853054839564 335.0793192602777
2.571707541447014 -76.15659078714899 362.8110693518574
12.05451799212069 -75.24047179528874 327.4303436894074
-0.3011049574060713 -76.19940508825923 321.236200010214
-11.37790234540927 -75.34575859474991 328.61175182929
-74.87238759763797 14.16211761810604 401.9959675462374
17.82694636689702 -74.08535606468918 425.3386467252624
-6.095090751231848 -75.95584157083805 427.7498210489214
-44.76991894383571 -61.66112517431368 253.5240044213644
-7.826581855415639 75.79699609127316 521.3667870081872
-52.40453290612831 -55.31911903574129 287.8995433158557
-60.24820979885708 -46.65397320735826 281.576437742173
42.09611006354953 -63.51659245832953 249.0564306866351
31.07650159974048 -69.57507490704792 242.6981462515806
30.50945141326174 -69.82559254644261 229.0003341110354
31.51470328054043 -69.37768717058457 256.5409512137592
32.19166299811915 -69.06617720285035 270.4382185550638
40.39590401521994 -64.61122920045042 221.5728688806511
48.82847038449827 58.49974769099586 389.3640919694495
48.69102010078122 58.61420102283507 403.7762976262176
37.38320618406956 66.3998184892048 409.7450379918845
52.68939864150711 55.04786345351061 117.9687000603677
-45.36322348720858 -61.22595817828878 240.167933540765
-73.70775833854219 19.32889962483802 561.5276258886132
-61.54035712948651 44.9357813370955 569.3041380371385
14.4044558892761 -74.8261428281179 369.3890413144728
-72.70746891353163 22.80491096645265 488.5334244845409
-57.74220283395479 -49.72200731952024 154.615271934462
-52.41553664356228 -55.30869297287163 110.5848616051168
-73.45070307237076 20.28384130716928 537.8279749899882
-53.23909712910042 54.5164061258463 418.3333253164053
-50.22402605106655 -57.30608350970941 342.7177713909785
-58.27163316912031 -49.10047624823489 350.3096675261872
-58.63782433508953 -48.66256833796571 336.5506256463605
-57.05533284083662 -50.50870216528386 669.9449714496168
-57.34917372586628 -50.17481711935191 680.2276564822274
-50.49970588879223 -57.06329560361445 664.7340207834029
-72.99475408946371 21.86791886345658 513.5990974199409
-13.59215891331547 -74.97795153293519 244.6913142502244
-73.73135474344136 -19.23869350285535 221.6951883683649
-75.54766997513842 9.949349794211154 442.2711804945244
-46.85502887798435 -60.09198173503061 411.2186322050206
-54.97638309420117 -52.76397731293227 418.7491042030117
-54.41788005819685 -53.33980061803477 432.255840459301
-45.60167329442782 -61.04856585332917 438.2128444388024
-53.95704769663745 -53.80591978456265 445.5792861978636
-75.60686896559751 9.489012868521574 146.0809834128747
-68.21075099835627 -33.96665200222477 405.8388281018473
-57.93903575011924 49.49250586044725 509.2640338598599
62.72906052939942 -43.26089417821763 157.8459168978937
-69.49959477684551 -31.24494080414089 351.1184943922555
67.42861810543387 -35.49396371767397 263.1360491364091
61.57015415585382 44.89494534159049 678.6830629137373
-56.02278426414905 51.65159865185795 471.325779830472
-41.7649962015756 -63.73480283394918 503.9545651986604
-50.82281021892545 -56.7757163006429 498.2180953222204
-50.23807363047527 -57.29376892733577 511.1759252244613
-58.3008726164538 -49.06575437267859 505.5575032003715
-51.62589489416733 -56.04647157829285 485.4292107483545
-43.73958473409442 -62.3962236620853 476.8532740093813
-40.98628467770357 -64.23834110808157 516.7814755988607
-49.51786277940027 -57.91736583927558 523.8708307861523
75.20166411007789 12.29429603820503 462.9562641264063
72.24312413752195 24.23573838055268 455.8250871925445
75.20139213648014 12.29595952885926 434.4693877551019
72.23174908684695 24.26961935949524 427.34693877551
72.23733728960764 24.25298128699772 413.1323784147798
75.20166411007789 12.29429603820503 263.5276926978349
75.18928592526478 12.36977291823819 292.0978725582074
75.0543512948621 13.16375142987107 320.7033016689454
75.20139213648211 12.29595952884717 405.9795918367347
75.20269479651944 12.28798988205751 391.748635051634
72.23559996307016 24.25815528797064 384.6261747121364
70.48098472740668 28.96326624977002 371.9600610933404
74.79456592196993 14.5675292532431 360.3456234253417
-70.50286871030642 28.90995509538707 340.4520141149918
-74.24992391135613 17.12859594823307 346.6074084572898
56.45712270665833 -51.17649163126879 179.1022378149955
-52.72557921080364 55.01321020341634 206.7008020820003
-67.73634315135533 -34.90312044046834 432.8278426152139
35.91917212156163 -67.20307339773703 141.4897637908964
-62.09809252410878 44.16182633074889 252.5606364159877
-68.27391195043386 33.83951753474636 258.5286376590437
-68.66403839719864 33.0407298797716 271.9919412212738
-72.77095186143276 22.60151687787867 264.496890503443
-72.5004633598864 23.45469702643311 251.048466013804
-73.02765288555779 21.75780122223946 277.9733356314519
-69.0404151668241 32.24687695874694 285.510688351278
-73.2824797414948 20.88344231532259 291.5098729218383
-42.96721821289209 -62.93058206504779 608.1399700486735
22.73448333809591 -72.72952129190622 305.7095836986412
24.05122774799961 -72.30476086547728 333.7043157132155
22.59076549896926 72.77429020039 161.221245178917
-51.18391387342072 56.45039380374817 377.1279835639215
-65.75954383050195 -38.49834275919279 498.2995771522701
-71.30995464587495 -26.85759424079635 282.8650639641885
-66.28009652994737 37.59506355867561 192.4689389010094
-74.25224244898679 17.11854232395048 682.8185128917391
44.15376741193261 62.10382293653877 283.140688245898
-47.34901400212748 59.70352479566291 519.4858472802284
-68.05677524515541 -34.27412060477122 209.1676163149814
-62.49436755769801 -43.59924338292287 189.0293326861664
-75.75736643271209 8.201306675145567 264.7551032037412
-67.77049925393692 34.83675402318843 245.197351988454
42.14644804234689 63.48320185225187 175.4327705187682
-69.83020663834147 30.498889173977 312.9403442448133
-73.83360486359018 18.84247310857129 319.0552337046435
45.466682705104 61.14916813656092 473.2887708636942
75.207065600332 -12.26121053515347 434.5301727164619
9.6445207863396 75.58718951516761 193.5115938304064
-64.29085959266665 -40.90385523194633 149.1194292224132
26.29463390858573 -71.51945349073533 375.610137014762
61.11679330144326 -45.51019200738072 484.6733650991172
-18.38771254904198 -73.9481712229167 361.5678496721737
-75.04892398574789 -13.1946583351535 182.8588642448646
-3.993532110331905 76.09528041398985 18.62081333416025
2.121943699458529 -76.17044935495871 111.411130750046
-75.82523690324584 7.548075818819363 291.7622779418947
-15.09242613419839 -74.69041888611795 416.0537424933967
-71.09676276500923 27.41697146542625 368.1165612479659
71.29349798761785 26.90124801360576 342.5192966676265
72.01656572302311 24.90088876850572 328.4247492861524
11.56071622589155 -75.31792509319682 313.363318665491
56.65629286617148 -50.95590720085951 393.9544071312403
-50.76218797811824 -56.82992408647215 328.9363201714756
-16.42429359596008 -74.40888777473901 389.081709174514
-22.76340448337743 72.7204745331475 612.3539452211241
-38.26252266629675 65.89703604268654 301.9975030685216
57.05325792224899 -50.51104592519673 422.0773680447101
-73.61195088081148 19.69062435579428 305.3392408745979
-69.29176005935882 -31.70318576856664 364.8932216984869
-75.67518531433309 -8.927840032244378 531.4220879095415
-63.12593787103905 42.67969034449195 279.5337373775804
69.21239350085945 -31.87608172097364 50.80002079886644
58.78246953894271 -48.48774355343083 449.8497366023083
-63.5490913508285 42.047033052096 293.1543634583036
62.84518808043028 43.09202171093096 242.0540682976603
-76.03444458443302 5.020282535553621 197.22728867004
29.47257577500399 -70.2695330650962 431.3662431723753
-33.04157691234826 -68.66363080368947 133.8162361104342
40.81607133266868 64.34662633710101 46.38287937255342
66.92152826957845 36.4410353045027 522.9077482393944
-54.88583823464771 -52.85815699851901 192.595159325383
65.3593998481436 -39.17382865498964 226.183018324224
7.858537381787685 75.79368964642799 621.13514382942
-10.54322869161308 -75.46708109339029 508.4509217520413
-75.80761958485832 7.723005430362437 171.3098971238595
31.99434706721176 -69.1578032888755 472.7220812408389
-72.12117787289179 24.59625382505848 687.8249071940669
-61.53651172942223 44.94104720825585 239.2185718164939
-69.44701261575416 31.36163960553216 299.2216789094025
-76.10602493654642 -3.783248387004877 454.7982010987101
67.77559631771057 34.82683654566889 548.9678792821373
64.51511964713194 -40.54922116288118 212.415776289683
-75.52370321692437 -10.12967188026976 144.669683852298
70.43315838259886 29.0793775767595 179.2983780423873
-76.2 -3.81567076112449e-13 8.454683721750202
-17.91209762172297 -74.0648145801356 577.4046649812054
-70.62857848830413 -28.60146675821825 689.541518653757
-75.57439905333131 -9.744239720359765 689.5453162782499
-75.57439905333131 -9.744239720359765 8.454683721750172
-23.5354018369565 -72.47430482849066 278.8907915569299
-35.20682023758696 -67.57898940320311 664.1150166598728
69.57566294858205 31.07518503992065 206.6690073189685
-76.00968840442479 5.382124920721551 318.9179554819555
-71.49049309682623 -26.37327049822684 269.4208885726869
-34.5049048627253 67.94005843693598 234.54336308443
-54.28436825652791 -53.47567075773492 234.1471964639496
46.47182995114588 60.38881536337487 241.1773432525475
-54.73822047744657 -53.01101035598595 689.5453162782497
-36.61551158537775 66.82622472758032 192.2959385425931
-65.49489135376966 38.94687672404437 154.4556822388663
75.23147769711555 -12.11052284207439 135.6508805205438
-58.86187956453849 -48.39131258944902 619.8971584899224
-71.79078955852762 25.5445206367863 224.5480816699974
-67.0939502522932 -36.12259458486899 459.3517970174875
9.622511202599965 75.58999456380347 584.935256960042
-2.682659975977761 -76.15276315048121 237.2298352858866
-12.11591058025681 -75.23061019831769 8.461225180652407
-12.15499288904904 -75.22430556586859 689.541518653759
75.28826259982836 -11.75234081786636 36.56290993140964
-69.59461301788647 -31.03272206704765 131.0721523204907
32.92766328079632 68.71833082130632 155.3108705252324
-8.62172005650025 -75.71067258496217 546.2733733627531
-18.98201726666734 73.79785241108269 527.4730211682524
-8.569853569187043 75.7165610008979 534.2864888358187
23.17830448636433 72.58929811712869 529.5058950923755
33.50582140372845 68.43829287804783 536.038849417318
-10.05283440541109 -75.53396931458974 521.197632567664
-76.19740052063638 0.6294075767915001 640.4151644325149
-70.97139706612748 27.73987740567848 636.4723513519425
-46.03789233531787 -60.72028054383214 573.0705685709203
66.70410457928661 36.83751392637126 144.8641434739776
38.32038352461583 -65.86340567057212 181.2009618712609
-56.38194646416321 51.25930269631293 632.5799631445088
-65.03866756769371 -39.7040516952493 523.1533558917175
26.38332206733002 71.486784210031 689.5385851816824
7.299753563277981 75.84954579900536 689.4501580729209
26.34393040445201 71.50130999391124 8.455722129223101
7.350497536832616 75.84464507109924 8.456870795594142
43.60041646773065 62.49354913781455 8.454322268382285
-58.01657705765902 -49.4015868825356 142.1608053040999
-50.75004625584501 -56.84076710451392 36.61021379846292
-76.18871783175352 1.311211330581179 387.5057185406499
-66.82703112694335 -36.61403980385863 77.17126026415545
29.83853577362616 -70.11491840461652 215.2771772355046
9.261410099527728 -75.63508632221136 243.2522946914764
62.33695139856247 43.82401727743887 77.95856423105486
51.20762559612 56.42888516360744 8.462676245224598
-20.93996495722172 73.26634880755508 576.977124052088
-44.15605766163186 -62.10219458105038 637.4338995360009
39.81264569438052 64.97224979030452 579.9773312509654
30.77074400817354 69.71084071493796 573.3155067127027
48.19673969935752 -59.02130363142088 187.1475293809299
11.25960946688358 75.36352695205598 560.364267581713
46.62891272708873 60.26760736821682 88.87043137172937
63.21622960299031 42.54583780796909 588.6306622094144
-74.00857993400162 18.14304539355214 332.8202977748365
-66.47807413784538 37.24386740019266 69.96373313846644
7.324319435710202 -75.84717756649668 8.452159972089142
7.02089319773676 -75.87586611503011 689.5502860112421
26.31061967039891 -71.51357418392412 8.458481346235805
43.70483966881788 -62.42056543738549 8.475201437089327
43.60070552114694 -62.49334747041662 689.54151865376
-71.51616764540985 -26.30356944054617 644.6258465429877
58.01007452840225 -49.40922234977208 689.5486215317172
-60.89972729059665 -45.80025344832666 81.90398101007267
-23.41496195894678 72.51330606489458 61.01456630809788
-57.71551828300271 -49.7529793009864 638.2789201631184
71.4245930347885 26.55122426207204 112.4090370665574
63.83445432038074 -41.61252746011981 689.5430197046928
-24.21339952526314 72.2506144155881 634.6349714437893
19.24517864347084 -73.72966227361206 222.5435700733906
63.91789484499564 41.48424663151157 8.468589017736505
-40.34448147585046 64.64335089121509 587.8394521587792
-76.1707414314038 2.111433112894084 373.7934634421393
-12.16151200154366 75.22325189618107 689.5794565234554
-57.98975640253624 49.43306739799289 148.8498587597613
-75.34775507353555 -11.36467357113687 577.4912303999612
-73.32494499657464 -20.73384771935261 125.6075438871201
72.53042284370983 23.36188695530939 657.5168754105799
72.59731538622708 23.15318117910962 71.46529437150259
-53.71185614342463 -54.05068463607152 247.4000936938997
-75.62029025465624 9.381455207031774 566.9220958095319
72.22026527078567 24.30377098759261 300.1468074302607
-76.19337520320028 1.004776166289973 67.94620208583952
-76.1097928815766 3.706673376966433 346.3167204217622
-70.63105690976698 28.59534577180801 8.375063557589598
-40.36860304466847 64.62829015394098 60.25549915744845
-56.39141110269779 -51.24889026941493 64.45927959043789
62.2353432344609 -43.96819364596233 571.20376875886
-8.678495435938133 75.7041855974186 294.2632823772198
-58.80936745449773 48.45511634081445 160.941520644442
-64.06916033393847 41.25024477629297 105.1534510218669
-74.37815050623898 16.56293232707487 360.4606986982096
4.715682847937169 -76.05394358794074 57.13678652090695
19.43559660956315 73.67969587634261 591.6771977211724
-18.90843539274533 -73.81673977492082 642.465409913807
9.624248698125156 -75.58977336251668 647.0949212044479
4.533040116099271 76.06504813188404 56.09209263409829
-56.03190158037491 51.64170800125786 620.9646580087942
-1.552255872246817 76.184188003201 198.7787200216146
71.89946119865938 25.2370259607283 139.0553727489089
63.85871079610138 41.57529381086663 689.5415186537527
64.04809613259944 -41.28294298847044 623.2529645579002
37.30438721253207 66.44413213141905 617.2042633278609
75.16222382578826 -12.53316039800451 334.3912080266912
-72.04325312585105 24.82357103731356 237.5694704693733
-61.25005766740253 -45.33067874783991 452.3674409843446
46.73440024229818 60.18584413292448 611.9294146016177
-6.574809465393415 -75.91582101573935 583.0332550891509
35.20869974608512 -67.57801019703101 85.9319105154344
-13.10260932517267 75.06504931638891 630.5636158038459
55.77119961826547 -51.92314795098218 366.3490954221539
-21.68100210128486 73.05049040139349 8.360562428845839
-36.66437904225192 66.79942596644135 274.7515569812343
17.13003867606114 74.24959107602311 651.6173983445091
75.23942041331422 12.06107855328679 476.7876462493338
67.72567436043424 -34.92381755227255 506.2001187154825
-60.98799091976557 -45.68265495317225 254.4917278703805
-70.839175437246 28.07581206966388 625.7181228886679
-75.7513997763895 -8.256235941251642 634.8031584538236
-36.77702960914628 66.73747143193229 671.0849229857432
72.42163816255822 -23.69696870596514 568.9611573392312
50.76912699116775 56.8237251907571 654.1599745480615
-54.09860180052008 53.66359364810342 432.0415232958449
-71.78282850798834 -25.56688349002938 634.1561625865352
-60.95129614249787 -45.73160284255871 93.58586872721315
-51.50998365174433 -56.15301936848127 632.5237648189265
-53.55397875281854 -54.20711539772857 458.3953012548112
59.49782464784165 -47.60723539730791 77.76989527733225
1.771124576740976 -76.17941400229897 539.3808948192251
-60.59985405296534 -46.19629518434677 268.2211528496513
-30.84449074592606 -69.67824187380506 8.21837138255106
-6.06808266309406 75.95800400743728 482.0809870623454
4.873849647131722 -76.04397142191584 69.75746926129517
55.60930610531922 -52.09649771803193 166.1624588578726
-62.05683608796924 44.21978171306276 614.2095330387164
42.8381453541643 63.01851555388696 149.3870959134102
66.76721393796794 36.72300563627139 495.8088765830442
-33.56453834202247 68.40951517067566 65.82991627295516
72.28522106126884 -24.10989042122542 413.8173695698688
20.89410296572692 -73.27944091802013 264.74228678452
-39.50151370526223 65.16187854100724 8.192688865829039
3.250991213516403 -76.13061838793665 576.2646091931891
-61.59115185431565 -44.86613436946212 439.4062368646627
60.78533120905523 -45.95196959658483 275.1173163053215
67.21085145932044 35.90461594437635 482.1556800975751
-8.554980963404022 75.7182428528013 354.4022433023731
-62.36423237756454 -43.78518607882273 412.121673991066
59.49705900460558 -47.60819225514115 645.4053204329383
63.42712180339912 42.23079705306036 575.7349878230924
26.30396628587899 -71.51602168487382 91.93970185582975
-76.1814141847245 1.682894178329616 79.51729751535679
72.51559755471308 -23.4078643041797 143.7965336932123
9.905721859728848 -75.55340279853509 272.3318865065507
-43.79926897922595 -62.35434256637958 540.5011287888481
27.81638921577587 -70.94144410002146 647.1393980078774
61.62262065863828 -44.82290288637682 517.9077401133313
-14.79746629435926 74.74941465501453 437.070606508245
-66.03308890629209 -38.027242465024 689.7418271628253
32.10897181182258 69.10465924369777 51.28154196515291
-8.113493550354628 75.76682138250459 647.3286366990862
-11.49550737951457 75.32790525487567 396.0919063377542
60.65239696977905 -46.12728847244696 103.3979301442289
-66.74176767874987 -36.76923234330274 275.1643350443291
68.05647266360209 -34.27472142247667 534.4211922325026
-44.44027394532959 -61.89912803637915 464.2746548179176
-74.37230334933976 -16.58916798738826 629.2606274451341
-43.55415505779167 62.52579929278667 414.8420318185511
-1.235746757992544 -76.18997919641474 279.653496303899
31.35201292323671 69.45135913472967 64.49965972765798
-18.30333976650041 73.96909999041522 514.9603506230618
20.28574915877605 73.45017618132184 579.5010744442594
72.37296076309875 23.84522070317174 285.9766936057298
67.52523507634434 -35.30980923036027 84.85433198634328
0.9456942812457237 -76.19413141657577 526.9322763151561
-61.98912932495632 -44.31464594842027 426.0571337947121
-51.71440738445303 -55.96481098757353 534.9802026213872
-47.24625033876131 -59.78487960117589 188.1536177004102
49.11252668790656 58.26147717256803 198.1866049417195
62.07275302922327 -44.19743580088164 145.2653045708694
-39.50151370526223 65.16187854100724 689.988092755444
-57.43622434560225 -50.07514486171407 517.4578274190077
19.93749371345154 -73.54547127067771 235.7460739138071
-65.42908766126415 39.0573231009834 179.8540286506006
-40.6454137941653 64.45456025372508 574.4758987156557
-55.22599966237077 -52.50265670698793 405.0223158057066
-11.70787814500579 -75.29518968261981 314.9513501980992
27.47735084979536 71.07344926396389 99.21402067810143
52.77568364146434 54.96514546670529 631.0024319703144
-75.57281900316931 9.756486453340292 555.7413737859154
-37.96155786845715 -66.07087198001688 206.6069571626631
-5.616044362989538 -75.99276311408168 198.1690169418859
-44.94969249546678 -61.53019701384823 104.3668015278728
72.88914682110239 -22.21738678809415 43.66885165336462
-66.40624489166159 -37.3717893522463 289.004556101347
-55.3752685185998 -52.3451968808311 390.1667101768708
68.0732109308246 -34.24146541209155 563.7331953167044
-70.73885473843309 28.32762662657893 615.2231218654587
-42.86867899778758 62.99774885648412 401.1844782729813
61.26077697464391 -45.31619141612564 544.8489220294789
-55.22293919957698 52.50587572986307 575.9370303501258
-66.24832568153133 -37.65102049604707 303.7269628911816
72.58640331362687 -23.18736841453763 583.0607029083208
25.24209264959696 -71.89768256814098 689.7138738760252
-17.91874444187109 74.06320677385577 502.3353846609826
57.72589273850439 49.74094196477069 649.5014599721455
21.08439066158806 73.22491700527587 567.1740732282511
42.27547226955336 63.39735360712011 161.9561167722657
75.31828246543057 -11.55838771012691 79.63664697291169
20.81009401455504 73.30334226421999 70.31358633125629
20.67668476442516 -73.34108471486216 249.1521603045099
-75.52526545762522 10.11801747158221 544.720166152873
-52.67266324191384 55.06387697033273 390.9234701852297
-55.28640882098812 52.43904079670573 549.6225385524159
24.52136455077546 -72.14667477138481 562.4757188714078
72.50099065637599 23.45306704557172 271.8837261614185
-73.18898933174519 -21.20876801225591 137.099061670848
-65.49565820495616 38.94558712228589 17.54921808447913
-70.82365182295965 -28.11494873657404 310.2250078623578
-76.19606294639804 -0.7745911621935062 561.1717900704999
-54.73822047744702 53.01101035598548 7.689950720253751
-6.433820303893006 75.92789972267911 496.4223010321055
-70.35026500896414 -29.27934789520618 324.3840728404662
68.29849065504494 -33.78988272016845 150.9567992554678
72.50029297576792 23.45522369170284 645.8838261963564
-47.4692998443185 -59.6079321256004 383.7607966279431
-73.94737803728036 -18.39090213696836 680.3570096361157
-48.38516061998369 -58.8669366603901 369.3754798763805
-0.02946595359763703 -76.19999430287105 514.4950550236167
-75.36421201739432 -11.25502318954683 566.4641841162972
18.20443262330883 -73.99350399098159 641.5843275168894
72.54210073253704 -23.32560012755193 87.35316776117037
-41.48880054744163 63.91493901377523 373.6447693610501
-57.13323774420022 -50.42056271864382 363.1037133782253
64.80366472298716 -40.08646951866264 638.8782956114179
-65.16185372050182 -39.50155464925303 329.9141213712238
52.23333967114865 -55.48079151200358 296.845499654742
74.64213104408955 15.32945769415742 347.369901004153
72.64653327745773 -22.9982869528847 156.7295131056483
-40.84564244177678 64.32785938859247 359.8156237331726
75.39591670242515 -11.04064058834305 207.517402327908
-46.79985905246916 60.13495815803834 480.0718067496648
-49.86333941412015 57.62019943103505 321.8121509535683
51.1048849343335 56.5219491511796 169.4880091277769
-73.13663063646592 -21.38862452672341 571.9310638826321
72.71209044381726 22.7901711992284 470.0577447676354
-39.58062049465472 65.11385782810076 332.1519139960099
-51.03166141026772 56.58806882822379 349.3618883285801
-75.95882985631279 6.057736116712688 16.20767907117611
75.456296232933 10.62013930265804 605.408163265306
-45.78763128140802 60.90921787084305 440.3794802278799
-64.36547596812505 -40.78633966656872 357.4044743852314
-64.73489997871985 -40.19742186689511 343.6557178481579
-75.60532165737798 9.501333437176735 614.4261174635612
-76.19812149073526 -0.5350525984889888 138.2243457076596
31.25842886188149 -69.49352937566702 17.069819821319
5.861897716264021 75.97419400799234 261.8955579144619
72.73475778726241 -22.71772456977747 596.4516579714689
-73.70786856357414 19.32847929390412 7.449083280782857
55.12761454061864 52.60595132740185 681.0800788272335
72.64552439647561 23.00147354325516 242.8827211701278
72.47073061305905 23.54640533944463 614.9702581260702
1.153687143349929 -76.19126594285771 501.5890598697017
-76.191309313487 1.150819315335712 609.6380504023618
-75.4576144283993 10.61076928290442 533.1937829536777
-16.65033972132773 74.35863223032264 476.5385403714902
36.18361711117384 67.06106062948876 105.4392315366777
50.57864250816684 56.99334103236147 183.017527438238
72.62869952694884 23.05454412961102 257.6963193244856
-69.39276381103534 -31.48149187484394 588.5704381809157
3.762433695685855 76.10705678638196 65.54328451779189
75.34945937373607 11.35336831454435 219.1479003099744
72.84142056969002 -22.3733647310712 214.4504285379031
59.00177189600461 48.22064820314883 637.4119077980256
-1.707349342619915 76.18087002799493 674.1044882288938
-76.2 -3.81567076112449e-13 690.7197240462541
-43.03047207786045 -62.88734747750514 62.18457364572424
-64.9868566793548 -39.78879815899192 593.794942862431
61.76082984978453 -44.63227415521155 312.6144709042147
-73.59953704957812 19.73697408641401 78.97851521568198
67.3325331965568 -35.67590185734032 17.66942688425418
16.56752787255516 -74.37712699608737 628.1421473646393
-13.20336793862088 -75.04739219371582 482.6739640777806
-16.2590043064511 74.44517968923714 463.456616058931
75.36017137702075 11.28204635808876 236.811529991657
31.46906064849547 69.3984021566874 561.7762099802447
-20.74439552112055 -73.32196161085241 17.6886690473911
-12.2134168427463 -75.21484194642252 285.1335094821377
-76.19575825976332 -0.8040044898566375 151.2927494410314
-0.5157066634250531 -76.19825487921163 467.9347581610299
-0.06442210341799112 76.19997276766306 81.8141011991506
67.44464331627799 35.46350360497449 454.5063992046466
73.37923241998698 -20.54089212895906 55.94725154238028
72.865212819334 -22.29575656471797 170.0675248399438
72.31804792221294 24.01124621339995 7.662258325996696
40.09270207041085 64.79980895568499 202.1203164556876
45.53645002269468 61.09723168303643 100.0020768292027
72.31804792221295 -24.01124621339989 7.66297055194194
72.78992140348988 -22.54034920035102 610.4971813268036
72.31804792221295 -24.01124621339988 690.3370294480576
69.00308210190649 -32.32668650569607 679.7589225597631
75.54347883296478 9.98112247261812 591.1632653061224
68.78340809596931 -32.79150455077265 630.7018215045896
-75.31207301365663 11.59877831435939 520.5036702373848
-68.71491718678674 32.93478641213635 682.3409908486186
-1.291622749927533 76.1890524332195 663.5864541180069
-4.545240871340065 76.06432005494759 457.1118542514284
-72.78293759020811 -22.56288979142239 231.164230185273
-37.28919189187561 66.45266110586452 261.1083880741073
42.52850782767911 63.22788958957145 553.9879384783887
67.33868023343058 -35.66429789607228 251.1902304056802
6.066775723501286 -75.95810840404556 622.3678173933172
-11.63780982542947 -75.30605143324895 299.3135649146856
17.29389762103596 74.21159683683626 103.4967274941066
-76.06042597317652 -4.609945854230202 191.4000928003026
-3.798480228840751 76.10526623007837 443.8710105171995
-40.56309647369154 -64.50639661666115 690.2633492424876
15.16726911757495 74.67525659490603 117.4609638922781
-74.75115088705365 -14.78869301395289 239.4385926689898
39.29669101463108 65.28560389014268 215.6519739617133
-10.57907268685692 75.46206478149269 87.32867923746844
-76.18200022591456 -1.656152643555205 163.9353065703622
-53.83108447156115 53.93194178421216 690.2892850814301
42.77757394923529 63.05964769182989 540.824029439047
52.65124322742094 -55.08435881996777 324.7370198271802
-2.277393838050152 76.16596009574363 210.400541619631
-74.50312635248116 -15.99137779261772 197.2391825373156
-3.886899957723394 76.10080162993457 114.0748921603034
-14.9769059076144 -74.71366869211059 456.3623055366381
48.59012594402861 58.69786759962782 223.0433866998153
-76.05832021266529 4.644558797956066 233.5626020505575
-65.05355283064065 -39.67965806444211 7.795379843632031
-74.79480776271912 -14.56628750704492 15.43211242703436
57.22844974200017 -50.31246903231207 7.756511272818456
-7.502518480681093 75.82975811940217 129.8036414185248
-75.13584618828021 12.69033559726056 508.1061224063192
-76.16230457639037 -2.396531162565537 176.7717853156493
-2.280332137004204 -76.16587218265768 440.2054304595831
-75.10526179323288 12.87010687484581 241.8286950782733
-0.8205373354211828 76.19558201419017 653.4511150997624
73.03987228964893 21.71674597889321 441.6009931884703
-53.70395272997474 -54.05853735698589 98.60857750739828
73.02903848261201 21.7531500777514 214.0041547163157
-14.41971124204822 74.82320447358526 423.3052483142782
60.38714297208361 -46.47400309494689 286.8948661518857
39.50453901410336 65.16004448496936 15.48188276896149
-48.49024906682686 58.78040273285899 74.46647020183718
-58.62603352089454 -48.67677262932445 586.0484594966565
14.84871055770204 74.73925203514943 681.1920754075311
-22.28501330485385 -72.86849924351733 320.1606564123808
72.89000513294343 -22.21457070752169 183.7579747704437
55.96152426282717 51.71796401813404 16.54728450875108
-21.68100210128486 73.05049040139349 691.3213724167988
-68.89731759016021 -32.55149196090098 619.6008839292076
-1.295944310288039 76.18897904779033 414.6838840949421
-0.6581706311672361 76.19715750223409 400.8573760848147
72.31804792221294 24.01124621339995 690.8381998427735
18.90597405909961 -73.81737021105975 579.4269030342958
-39.93708731011547 -64.89583235604744 88.73830742281348
-55.2568295917646 52.47020853271586 563.5774323347867
-6.824781940570854 75.89375699926615 309.7453258092085
-39.50151370526163 -65.16187854100761 6.600850265333973
-21.88909534052355 -72.98840664909373 333.8786060766312
-16.68024480526734 -74.35192958650335 429.6164432737762
-60.59992433418465 46.19620298997631 690.3834502844151
-16.95546696671881 -74.28965028818287 682.70594241141
62.18022954985184 -44.04610145208918 340.8824503412807
2.390158703237952 76.16250482601879 359.147770716255
58.37570034358793 -48.97670476252592 621.13774843595
-39.33214990651546 -65.26424736202353 195.830411025543
-7.618547563836398 75.81818866879875 323.7136369170611
-6.517564909496534 -75.92075702764363 370.4637033438311
-9.638158302955294 -75.5880010618562 340.8340707688627
42.33499674213132 63.35762030603525 690.4237077978171
-4.167839608099528 -76.08593242512808 411.9870821413427
54.19748203927171 53.56372784452946 94.21094126549467
-74.92442871722601 13.88416297071306 453.4109355059712
-7.841049831481449 -75.79550077372815 356.2309725081408
-28.10649976602508 70.82700523742643 300.6862860624787
-8.534485516913904 75.72055570954024 337.8213509230383
-5.763830144879842 -75.98169688853346 384.4067141793469
-4.949293237235919 -76.03909847211402 398.2135224132899
-11.69826012009711 75.2966845894462 382.1039783510378
1.094984806542129 76.19213219403591 373.1625184939146
54.14245771488444 -53.61934606643344 682.1443567846783
-71.68393412916552 -25.84286338170483 201.9056671619576
22.04180644692476 72.94243462180506 15.62700061939163
-75.04977137532597 13.18983762262839 495.5299527589378
-2.349976960233884 76.16375521392293 225.4435624115696
-30.50756886170374 69.82641507444303 141.7579502451934
-16.80881126901097 -74.32296996032095 139.5308479972308
23.48112875258766 72.49190708282133 516.4832477157007
-71.2518712105195 -27.01130964984007 7.475286649855255
75.56659144465597 -9.804603889828917 60.36298511107711
-19.00177605387029 -73.79276730682054 633.0212953917735
-25.84460390598747 -71.68330662673574 617.1011786014765
-24.89029860254053 72.02022657195943 123.5842106727133
75.69790795350204 -8.733082586528822 662.3877551020407
-74.83496649195766 14.35854415139552 482.4137448189989
-58.1990259622606 -49.18651621170295 629.0382137217241
-29.27186415106776 -70.35337923029309 690.5305187358666
2.439713323881978 -76.16093354796325 682.831061643573
-59.34414525648607 -47.79866550205227 576.4676119829235
-64.11188374701447 -41.18381189750777 624.2740668331126
75.44345093788044 -10.71100884994629 189.6963530198711
-52.25205845139686 -55.46316243771 623.5100698136289
73.03307054785257 21.7396091582252 200.2041594754571
73.42742797334205 -20.3679361060385 641.065228707374
-76.17300881101282 -2.027986360251127 411.0388483006046
48.28003715638088 -58.95318491971814 16.0339115562536
67.79571825161375 34.78764991700083 426.6058520374388
-50.20065073409048 57.32656160868068 152.9220322970176
-43.23070931296724 62.74986671139411 134.5678060267179
-72.14352025144811 -24.5306438099145 625.1861523154774
73.25000717589239 -20.99705809706953 671.705750891485
31.21120787411316 69.51475025517172 682.5160298252318
-59.39835029624562 47.73128934026923 171.2831348212476
35.63502698894398 67.35417471469185 506.5991598648729
-74.30224744131144 16.90017825853113 690.6324287403745
37.30096425521963 66.44605380028845 242.954809478925
-60.92524858475952 45.7662985709491 545.1519303783056
-51.22932783791205 -56.40918337713931 683.117620860855
-74.70376124847027 15.02624555008838 468.5052419464031
-35.40649508145256 -67.47458859487085 611.7192125808043
-41.25106131807452 64.06863460487087 69.19742453864876
61.40474195792552 -45.12092269757547 473.6753754473272
66.46793278301338 37.2619633346502 682.220887982359
53.06274088951986 -54.68807483621706 352.7139918741765
4.503642438109128 76.06679436383304 16.22196840896108
-32.21690135243905 69.05440802184327 75.02036846407883
68.24890934234926 33.8899155144977 570.0740090020327
-44.46484701059085 -61.88147849174865 617.2804795374597
36.51847030801201 66.87930417074362 256.7145099842335
61.56640762674636 44.90008298363499 88.45037698162534
39.50216830253331 -65.16148171579843 683.0175969453863
23.88097092093163 72.36117210129765 490.4826640909527
-22.36969417749155 72.84254788518521 81.30132414574426
47.78883451568372 59.35206226941568 269.1816732444332
-76.10845242033497 3.734095631020879 432.4291556820617
-43.3646036102602 62.6574110040066 683.5720859586029
-5.703225077981156 75.98626996839552 270.1139525975648
73.20328971833537 21.15935666350599 186.4549100801935
-52.70326832698621 -55.03458465050583 570.2491167064505
24.58512577704708 72.12497203137603 477.2219358822206
44.17368079556961 -62.08966037087919 613.1527157408241
67.97788665117834 34.43031987129294 412.5811779406718
7.729894118950973 -75.80691747399975 103.4521386256956
-59.75808495689632 47.28013623377541 531.431318094258
62.12475436452962 -44.12431183765768 369.2527000684436
34.93530401219107 67.7197499521062 284.3638957433315
73.15117356127708 -21.33883330006395 652.0064833201307
3.48195200621699 -76.1204046903746 15.23623294170633
63.34919857821988 -42.34759780078753 413.2382659653013
19.96179377176466 -73.53887944083414 682.1393689881598
-74.79765788542639 -14.55164509100989 618.1410324126924
38.04792962594401 66.02117123453061 465.7108592546078
-63.42159289539588 -42.23909983191725 682.9017092844496
34.16052936690621 68.1138622702658 298.2320400128842
-76.03037532647309 5.081537928189945 450.2430582384271
-0.3688747860920226 -76.19910715613527 491.393663461967
-50.50455275949093 -57.05900586729319 67.00700515059636
-0.9844991255944607 76.19363990171165 681.6885671454208
45.85263335397424 60.86029916543304 311.3871857550649
75.8128827941474 -7.671166954308188 7.531391175187157
75.7859311317219 7.933009674638359 7.525291665865506
75.81296578677568 -7.670346707495007 690.4844117441096
75.87115230465075 7.071651006977802 690.6881311853774
-50.75743911980918 -56.83416555205913 18.46657197874253
-71.58161466685614 -26.12493907525384 214.1473900924719
-27.98009978867024 70.87703447391162 253.6705707696409
64.79605522550581 40.09876840020402 634.8629776075156
32.58713497567742 68.88046627366123 326.0201759754782
25.81554273066092 71.69377764856181 450.3367621065505
-55.92736583953157 51.75490073656019 68.05873506321726
-71.74686358036327 -25.66763655619159 682.7748969956504
63.03971977266348 -42.80693554768973 428.5071614604246
-54.0986320066056 53.66356319714401 527.4904061202601
-13.86881114889501 -74.9272719196174 16.27478771417963
31.80531676316864 69.24494079421619 339.9212932189363
66.8080636783765 36.64863745824654 83.01530581375795
-54.73854804208197 -53.01067211651522 5.644485494599771
-12.16094094061496 75.22334421865912 5.666224411691074
68.8893402478911 -32.5683711629902 218.7451738896746
26.55185036266373 71.42436028638069 436.7811856270026
-45.1775904366835 -61.3630615463023 563.9729900632485
59.6281208686259 -47.44393745966433 494.1652151671085
73.25072700453264 20.99454675165516 172.8778925583338
73.48403749111333 20.16274371221963 398.859548380313
40.31014818416136 64.6647659345563 423.9725466403891
-25.96056983631285 -71.64139036739812 139.4830158717697
-7.122065872102141 -75.86643643742229 113.2239150406634
43.83375624608087 62.33010358854834 353.7069214606797
62.77399469736235 -43.19566633049573 383.3485897358194
-32.66897921731138 68.84168647628323 15.83232656550057
65.28475769325499 -39.29809681057067 681.3342201835894
-35.30890227626079 -67.52570932648887 554.0866702630419
41.76011669667653 63.73800007436662 395.9577531118553
32.30912507238973 69.01130658853431 374.1159764827991
27.99350234371 70.87174208760995 409.3001298057637
31.11651806731478 -69.55718728763027 604.8969810484867
52.96277709539228 54.78489063915151 690.8932117479438
72.59048334962569 23.17459227403399 579.6762588804695
67.60724505895381 35.15253071314449 16.25346651240973
63.24520535909884 -42.50275284126212 442.5753820690741
-68.67384353229615 33.02034546308847 14.07584414544009
-74.87966553733726 -14.12358626611903 609.6153503128367
-35.95936091869118 -67.18157755158258 541.7135378835907
10.88327147868573 -75.41879342658052 581.7647828584471
-45.11924309989127 61.40597611057831 15.33083899444246
-76.07447539767166 -4.371978152855786 602.86941032656
63.53035865488 -42.07533159919616 455.5685467302991
62.68616350284458 43.32302973355669 549.2479455200106
-53.51306243109331 54.24750823075573 516.300071493802
69.07452025578691 32.17375718552132 560.2691212801047
-62.51340557131584 43.57194193372816 72.88039450758316
27.37068060461349 -71.11459655542058 101.415831541722
-2.372513659243768 76.16305652307227 237.9281453222719
73.26033729560842 20.96098707918321 159.830833891735
62.95157914494119 -42.93644935434469 397.4872895735181
65.18395456894714 -39.46507401175671 7.039300987221119
21.67573194061116 -73.05205435057093 14.0976600250694
73.0238370513044 21.77060454614301 636.8437829670664
-76.0474442214333 -4.819359645014329 429.0474885911498
68.32335153429275 33.73958558016765 384.4833528609901
-69.53350856369025 31.1693950346043 691.1350256455358
-74.68882900838679 15.10029209505434 13.23913930442514
9.416078490719975 -75.61598684045988 509.6043162461626
-8.553124036239991 -75.71845263356016 628.4771031323241
60.32433206130214 46.55550409304742 23.90919941029904
-60.59867803579426 46.1978378315928 190.2864487001219
12.07049550323332 -75.23791024680592 597.3124134333461
-43.54881048481267 62.52952187053624 205.0438135226008
-51.27188749040207 56.37050250948231 499.8409580087916
-44.96981631226813 61.51549090140519 83.29713669123133
-74.50443389190389 15.98528480969058 258.4081700874547
69.12820953309405 -32.05823836003228 232.0590960695772
30.7458558824572 69.72182116134928 385.7095909492671
-54.39372315101802 53.36443461492313 197.3653067408513
-67.41133925976816 35.52676933249688 77.43814694703801
-3.034574577795228 76.13955185796537 282.1314427996614
-75.84355313169064 7.36175579331583 408.7180134873427
-74.6207311666967 15.43329129342086 270.3680271925929
-75.80841186418641 7.715224600093184 394.7560668660969
69.67118688531636 30.86042316610908 680.6424735791168
50.15440533887414 -57.36702559052468 606.9952755959293
-23.80095380297576 -72.38753068083352 94.05344030829522
36.55704619894269 -66.85822592028875 107.3328279353031

CELLS 13044 51722
1 0
1 1
1 2
1 3
1 4
1 5
2 0 6
2 6 7
2 7 8
2 8 9
2 9 10
2 10 11
2 11 12
2 12 13
2 13 14
2 14 15
2 15 16
2 16 17
2 17 18
2 18 19
2 19 20
2 20 21
2 21 22
2 22 23
2 23 24
2 24 25
2 25 26
2 26 27
2 27 28
2 28 29
2 29 30
2 30 31
2 31 32
2 32 33
2 33 34
2 34 35
2 35 36
2 36 37
2 37 38
2 38 39
2 39 40
2 40 41
2 41 42
2 42 43
2 43 44
2 44 45
2 45 46
2 46 47
2 47 48
2 48 49
2 49 50
2 50 51
2 51 52
2 52 53
2 53 0
2 0 1
2 1 54
2 54 55
2 55 56
2 56 57
2 57 58
2 58 59
2 59 60
2 60 61
2 61 62
2 62 63
2 63 64
2 64 65
2 65 66
2 66 67
2 67 68
2 68 69
2 69 70
2 70 71
2 71 72
2 72 73
2 73 74
2 74 75
2 75 76
2 76 77
2 77 78
2 78 79
2 79 80
2 80 81
2 81 82
2 82 83
2 83 84
2 84 85
2 85 86
2 86 87
2 87 88
2 88 89
2 89 90
2 90 91
2 91 92
2 92 93
2 93 94
2 94 95
2 95 96
2 96 97
2 97 98
2 98 99
2 99 100
2 100 101
2 101 1
2 2 102
2 102 103
2 103 104
2 104 105
2 105 106
2 106 107
2 107 108
2 108 109
2 109 110
2 110 111
2 111 112
2 112 113
2 113 114
2 114 115
2 115 116
2 116 117
2 117 118
2 118 119
2 119 120
2 120 121
2 121 122
2 122 123
2 123 124
2 124 125
2 125 126
2 126 127
2 127 128
2 128 129
2 129 130
2 130 131
2 131 132
2 132 133
2 133 134
2 134 135
2 135 136
2 136 137
2 137 138
2 138 139
2 139 140
2 140 141
2 141 142
2 142 143
2 143 144
2 144 145
2 145 146
2 146 147
2 147 148
2 148 149
2 149 2
2 1 150
2 150 151
2 151 152
2 152 153
2 153 154
2 154 155
2 155 156
2 156 157
2 157 158
2 158 159
2 159 160
2 160 161
2 161 162
2 162 163
2 163 164
2 164 165
2 165 166
2 166 167
2 167 168
2 168 169
2 169 170
2 170 171
2 171 172
2 172 173
2 173 174
2 174 175
2 175 176
2 176 177
2 177 178
2 178 179
2 179 180
2 180 181
2 181 182
2 182 183
2 183 184
2 184 185
2 185 186
2 186 187
2 187 188
2 188 189
2 189 190
2 190 191
2 191 192
2 192 193
2 193 194
2 194 195
2 195 196
2 196 197
2 197 3
2 3 198
2 198 199
2 199 200
2 200 201
2 201 202
2 202 203
2 203 204
2 204 205
2 205 206
2 206 207
2 207 208
2 208 209
2 209 210
2 210 211
2 211 212
2 212 213
2 213 214
2 214 215
2 215 216
2 216 217
2 217 218
2 218 219
2 219 220
2 220 221
2 221 222
2 222 223
2 223 224
2 224 225
2 225 226
2 226 227
2 227 228
2 228 229
2 229 230
2 230 231
2 231 232
2 232 233
2 233 234
2 234 235
2 235 236
2 236 237
2 237 238
2 238 239
2 239 240
2 240 241
2 241 242
2 242 243
2 243 244
2 244 245
2 245 3
2 4 246
2 246 247
2 247 248
2 248 249
2 249 250
2 250 251
2 251 252
2 252 253
2 253 254
2 254 255
2 255 256
2 256 257
2 257 258
2 258 259
2 259 260
2 260 261
2 261 262
2 262 263
2 263 264
2 264 265
2 265 266
2 266 267
2 267 268
2 268 269
2 269 270
2 270 271
2 271 272
2 272 273
2 273 274
2 274 275
2 275 276
2 276 277
2 277 278
2 278 279
2 279 280
2 280 281
2 281 282
2 282 283
2 283 284
2 284 285
2 285 286
2 286 287
2 287 288
2 288 289
2 289 290
2 290 291
2 291 292
2 292 293
2 293 4
2 2 294
2 294 295
2 295 296
2 296 297
2 297 298
2 298 299
2 299 300
2 300 301
2 301 302
2 302 303
2 303 304
2 304 305
2 305 306
2 306 307
2 307 308
2 308 309
2 309 310
2 310 311
2 311 312
2 312 313
2 313 314
2 314 315
2 315 316
2 316 317
2 317 318
2 318 319
2 319 320
2 320 321
2 321 322
2 322 323
2 323 324
2 324 325
2 325 326
2 326 327
2 327 328
2 328 329
2 329 330
2 330 331
2 331 332
2 332 333
2 333 334
2 334 335
2 335 336
2 336 337
2 337 338
2 338 339
2 339 340
2 340 341
2 341 4
2 5 342
2 342 343
2 343 344
2 344 345
2 345 346
2 346 347
2 347 348
2 348 349
2 349 350
2 350 351
2 351 352
2 352 353
2 353 354
2 354 355
2 355 356
2 356 357
2 357 358
2 358 359
2 359 360
2 360 361
2 361 362
2 362 363
2 363 364
2 364 365
2 365 366
2 366 367
2 367 368
2 368 369
2 369 370
2 370 371
2 371 372
2 372 373
2 373 374
2 374 375
2 375 376
2 376 377
2 377 378
2 378 379
2 379 380
2 380 381
2 381 382
2 382 383
2 383 384
2 384 385
2 385 386
2 386 387
2 387 388
2 388 389
2 389 5
2 4 390
2 390 391
2 391 392
2 392 393
2 393 394
2 394 395
2 395 396
2 396 397
2 397 398
2 398 399
2 399 400
2 400 401
2 401 402
2 402 403
2 403 404
2 404 405
2 405 406
2 406 407
2 407 408
2 408 409
2 409 410
2 410 411
2 411 412
2 412 413
2 413 414
2 414 415
2 415 416
2 416 417
2 417 418
2 418 419
2 419 420
2 420 421
2 421 422
2 422 423
2 423 424
2 424 425
2 425 426
2 426 427
2 427 428
2 428 429
2 429 430
2 430 431
2 431 432
2 432 433
2 433 434
2 434 435
2 435 436
2 436 437
2 437 5
3 1 478 0
3 0 479 1
3 479 534 1
3 478 533 0
3 484 506 442
3 443 498 497
3 442 506 493
3 486 498 443
3 482 508 448
3 508 513 448
3 438 491 480
3 480 491 489
3 443 497 485
3 485 497 488
3 458 532 487
3 458 487 483
3 475 528 483
3 483 487 475
3 463 494 485
3 485 488 463
3 446 500 480
3 480 489 446
3 447 501 459
3 460 505 441
3 459 510 447
3 482 496 439
3 441 499 460
3 484 492 440
3 441 507 465
3 442 493 459
3 459 501 442
3 444 494 463
3 439 496 461
3 465 499 441
3 463 502 444
3 440 492 462
3 439 508 482
3 440 506 484
3 464 495 462
3 462 503 464
3 462 495 440
3 461 509 439
3 444 502 465
3 460 504 445
3 464 503 445
3 445 504 464
3 465 507 444
3 445 505 460
3 446 498 486
3 486 500 446
3 466 511 449
3 454 521 474
3 449 515 466
3 468 512 447
3 468 509 461
3 461 512 468
3 447 510 468
3 471 521 454
3 466 515 452
3 469 518 453
3 448 513 470
3 451 518 469
3 470 519 448
3 476 530 456
3 453 523 469
3 449 511 473
3 452 524 466
3 469 520 451
3 456 530 472
3 467 514 450
3 471 526 455
3 451 520 477
3 456 517 476
3 473 523 453
3 454 526 471
3 472 524 452
3 452 525 472
3 453 516 473
3 457 528 475
3 472 525 456
3 476 517 450
3 458 519 470
3 474 529 454
3 473 516 449
3 477 522 451
3 450 514 476
3 475 531 457
3 470 532 458
3 455 527 471
3 474 522 477
3 477 529 474
3 457 531 481
3 481 536 457
3 450 535 467
3 478 491 438
3 479 527 455
3 438 533 478
3 455 534 479
3 467 481 71
3 71 481 72
3 53 438 52
3 44 441 43
3 25 457 24
3 31 482 30
3 28 458 27
3 37 442 36
3 35 447 34
3 12 451 11
3 64 466 65
3 33 461 32
3 60 469 61
3 56 454 57
3 68 476 69
3 76 470 77
3 46 444 45
3 58 477 59
3 62 473 63
3 81 468 82
3 98 446 99
3 20 456 19
3 38 484 37
3 37 484 442
3 50 486 49
3 49 486 443
3 70 467 71
3 22 450 21
3 30 482 448
3 40 462 39
3 8 471 7
3 10 474 9
3 30 448 29
3 66 472 67
3 92 465 93
3 16 449 15
3 18 452 17
3 54 455 55
3 90 460 91
3 42 445 41
3 79 439 80
3 73 475 74
3 86 440 87
3 94 463 95
3 88 464 89
3 14 453 13
3 49 443 48
3 83 459 84
3 52 480 51
3 48 485 47
3 438 480 52
3 27 483 26
3 443 485 48
3 458 483 27
3 101 491 478
3 6 527 479
3 483 528 26
3 485 494 47
3 480 500 51
3 475 487 74
3 463 488 95
3 446 489 99
3 471 527 7
3 10 522 474
3 73 531 475
3 70 514 467
3 454 529 57
3 14 516 453
3 35 501 447
3 442 501 36
3 439 509 80
3 18 525 452
3 456 525 19
3 441 505 43
3 83 510 459
3 79 508 439
3 25 528 457
3 44 507 441
3 451 522 11
3 476 514 69
3 31 496 482
3 38 492 484
3 88 495 464
3 460 499 91
3 92 499 465
3 94 502 463
3 66 524 472
3 81 509 468
3 86 506 440
3 466 524 65
3 40 503 462
3 58 529 477
3 440 495 87
3 98 498 446
3 449 516 15
3 468 510 82
3 465 502 93
3 445 503 41
3 444 507 45
3 469 523 61
3 461 496 32
3 46 494 444
3 50 500 486
3 464 504 89
3 462 492 39
3 42 505 445
3 90 504 460
3 448 519 29
3 76 532 470
3 459 493 84
3 62 523 473
3 470 513 77
3 60 520 469
3 477 520 59
3 28 519 458
3 472 530 67
3 33 512 461
3 20 517 456
3 68 530 476
3 447 512 34
3 455 526 55
3 56 526 454
3 16 515 449
3 452 515 17
3 450 517 21
3 64 511 466
3 453 518 13
3 12 518 451
3 473 511 63
3 474 521 9
3 8 521 471
3 481 531 72
3 74 487 75
3 467 490 481
3 95 488 96
3 487 532 75
3 99 489 100
3 488 497 96
3 489 491 100
3 7 527 6
3 11 522 10
3 72 531 73
3 15 516 14
3 69 514 70
3 100 491 101
3 57 529 58
3 78 508 79
3 87 495 88
3 91 499 92
3 80 509 81
3 19 525 18
3 84 493 85
3 93 502 94
3 36 501 35
3 75 532 76
3 497 498 97
3 51 500 50
3 41 503 40
3 82 510 83
3 96 497 97
3 97 498 98
3 39 492 38
3 45 507 44
3 47 494 46
3 65 524 66
3 493 506 85
3 43 505 42
3 85 506 86
3 89 504 90
3 26 528 25
3 32 496 31
3 29 519 28
3 78 513 508
3 61 523 62
3 59 520 60
3 77 513 78
3 34 512 33
3 67 530 68
3 21 517 20
3 55 526 56
3 17 515 16
3 63 511 64
3 13 518 12
3 9 521 8
3 24 536 23
3 23 535 22
3 54 534 455
3 53 533 438
3 467 535 490
3 490 536 481
3 490 535 23
3 23 536 490
3 101 478 1
3 6 479 0
3 1 534 54
3 0 533 53
3 457 536 24
3 22 535 450
3 29 572 573
3 45 560 561
3 572 29 623
3 560 45 622
3 45 561 616
3 29 573 617
3 29 28 623
3 45 44 622
3 11 590 607
3 21 587 600
3 37 586 593
3 586 36 610
3 53 591 592
3 606 12 607
3 22 600 608
3 597 49 598
3 48 596 598
3 47 594 596
3 604 23 608
3 24 604 605
3 603 25 605
3 38 593 599
3 602 26 603
3 33 595 601
3 34 601 609
3 594 46 616
3 35 609 610
3 613 51 627
3 615 17 628
3 614 42 624
3 611 40 625
3 612 31 626
3 618 6 629
3 619 19 631
3 620 9 632
3 621 14 630
3 589 8 618
3 587 21 619
3 590 11 620
3 588 16 621
3 595 33 612
3 591 53 613
3 142 545 561
3 126 556 573
3 141 142 561
3 125 126 573
3 52 51 613
3 18 17 615
3 43 42 614
3 41 40 611
3 32 31 612
3 7 6 618
3 15 14 621
3 10 9 620
3 20 19 619
3 37 36 586
3 0 53 592
3 12 11 607
3 13 12 606
3 22 21 600
3 23 22 608
3 50 49 597
3 48 47 596
3 49 48 598
3 47 46 594
3 24 23 604
3 25 24 605
3 26 25 603
3 38 37 593
3 39 38 599
3 27 26 602
3 34 33 601
3 35 34 609
3 46 45 616
3 30 29 617
3 36 35 610
3 33 32 612
3 53 52 613
3 8 7 618
3 21 20 619
3 16 15 621
3 11 10 620
3 128 552 562
3 137 547 564
3 148 538 571
3 114 542 578
3 139 548 584
3 103 568 569
3 116 579 581
3 106 570 576
3 111 565 583
3 140 141 560
3 124 125 572
3 127 128 562
3 136 137 564
3 147 148 571
3 113 114 578
3 138 139 584
3 102 103 569
3 105 106 576
3 115 116 581
3 110 111 583
3 16 588 628
3 43 614 622
3 8 589 632
3 27 602 623
3 41 611 624
3 18 615 631
3 50 597 627
3 39 599 625
3 0 592 629
3 13 606 630
3 30 617 626
3 560 141 561
3 572 125 573
3 44 43 622
3 28 27 623
3 17 16 628
3 51 50 627
3 42 41 624
3 40 39 625
3 31 30 626
3 6 0 629
3 19 18 631
3 14 13 630
3 9 8 632
3 133 554 567
3 112 543 565
3 104 544 568
3 107 549 570
3 117 540 579
3 538 149 558
3 552 129 563
3 554 134 577
3 541 145 574
3 146 539 574
3 2 537 558
3 549 108 559
3 545 143 566
3 144 541 566
3 540 118 580
3 553 122 575
3 551 120 582
3 130 557 563
3 109 546 559
3 123 555 575
3 135 550 577
3 121 553 582
3 119 551 580
3 557 131 585
3 132 567 585
3 148 149 538
3 128 129 552
3 142 143 545
3 133 134 554
3 139 140 548
3 144 145 541
3 126 127 556
3 2 102 537
3 130 131 557
3 146 147 539
3 109 110 546
3 121 122 553
3 107 108 549
3 137 138 547
3 114 115 542
3 135 136 550
3 112 113 543
3 104 105 544
3 119 120 551
3 117 118 540
3 123 124 555
3 132 133 567
3 111 112 565
3 106 107 570
3 103 104 568
3 116 117 579
3 122 123 575
3 145 146 574
3 108 109 559
3 143 144 566
3 149 2 558
3 134 135 577
3 118 119 580
3 129 130 563
3 120 121 582
3 131 132 585
3 562 612 626
3 571 613 627
3 564 611 625
3 584 614 624
3 578 615 628
3 569 618 629
3 576 620 632
3 581 619 631
3 583 621 630
3 548 140 560
3 555 124 572
3 556 127 562
3 543 113 578
3 539 147 571
3 550 136 564
3 547 138 584
3 537 102 569
3 544 105 576
3 546 110 583
3 542 115 581
3 561 545 616
3 573 556 617
3 562 552 612
3 564 547 611
3 571 538 613
3 578 542 615
3 584 548 614
3 569 568 618
3 581 579 619
3 576 570 620
3 583 565 621
3 586 554 593
3 590 549 607
3 587 540 600
3 545 594 616
3 553 603 605
3 551 604 608
3 596 541 598
3 601 557 609
3 567 586 610
3 538 591 613
3 552 595 612
3 595 563 601
3 594 566 596
3 574 597 598
3 591 558 592
3 593 577 599
3 600 580 608
3 559 606 607
3 575 602 603
3 604 582 605
3 568 589 618
3 579 587 619
3 565 588 621
3 570 590 620
3 609 585 610
3 567 554 586
3 565 543 588
3 568 544 589
3 579 540 587
3 570 549 590
3 538 558 591
3 554 577 593
3 558 537 592
3 552 563 595
3 566 541 596
3 545 566 594
3 574 539 597
3 541 574 598
3 563 557 601
3 549 559 607
3 559 546 606
3 540 580 600
3 577 550 599
3 551 582 604
3 553 575 603
3 575 555 602
3 580 551 608
3 582 553 605
3 557 585 609
3 585 567 610
3 588 543 628
3 589 544 632
3 602 555 623
3 617 556 626
3 599 550 625
3 597 539 627
3 592 537 629
3 606 546 630
3 614 548 622
3 611 547 624
3 615 542 631
3 548 560 622
3 555 572 623
3 547 584 624
3 550 564 625
3 539 571 627
3 556 562 626
3 543 578 628
3 537 569 629
3 546 583 630
3 542 581 631
3 544 576 632
3 2247 2249 1475
3 1166 2621 2153
3 170 2443 169
3 193 2217 194
3 679 2123 2121
3 2856 3234 700
3 665 3323 2118
3 1983 3059 2841
3 1702 3056 1589
3 2118 3078 665
3 2121 2131 679
3 700 3234 3091
3 2077 2748 644
3 192 2191 668
3 2135 2709 640
3 2103 2860 2115
3 2115 2860 2691
3 193 2191 192
3 1 3253 150
3 2165 2990 2525
3 2128 2172 1704
3 2163 2507 683
3 1452 2172 2128
3 841 3083 2509
3 644 3241 2077
3 1704 2172 1702
3 2245 2246 680
3 2165 2166 1534
3 639 2405 2138
3 2589 3059 1983
3 830 2509 2127
3 662 2443 170
3 645 2379 2145
3 54 3253 1
3 2621 2622 2153
3 2128 2176 1452
3 2172 3056 1702
3 1534 2990 2165
3 2127 2510 830
3 1475 2250 2247
3 1882 2158 2157
3 2157 2158 1690
3 655 2305 2130
3 2142 2146 643
3 86 2236 648
3 2509 3083 2127
3 2146 2147 687
3 2359 2363 674
3 83 2237 673
3 2151 2379 689
3 2244 2245 680
3 648 2236 2232
3 674 2363 76
3 768 3115 3112
3 3112 3115 2468
3 88 3091 87
3 673 2237 2225
3 81 2701 80
3 2248 3028 667
3 169 2181 170
3 2386 3058 2387
3 797 2512 795
3 2039 2178 2129
3 2179 2941 2313
3 666 2444 2283
3 2176 3067 3004
3 2507 3223 683
3 2130 3267 655
3 2502 3003 1890
3 2039 2179 2178
3 667 3102 2248
3 2166 2238 1534
3 194 2217 681
3 1907 2794 2750
3 633 3154 2859
3 2009 2502 2442
3 170 2181 663
3 1691 2622 1604
3 2152 3198 677
3 677 3185 2152
3 85 3124 84
3 1183 2216 1197
3 2145 2380 645
3 640 3107 2135
3 3167 3244 175
3 2701 3154 633
3 2352 2543 2344
3 2039 2941 2179
3 2112 2965 682
3 87 2236 86
3 2164 2749 688
3 193 3078 2217
3 2009 3003 2502
3 2542 2543 2352
3 2464 3101 3100
3 1284 2238 1194
3 636 2203 174
3 3100 3101 765
3 682 3313 2112
3 2387 3058 1892
3 2162 3244 3167
3 648 2232 2230
3 87 3091 2236
3 2059 3127 2422
3 643 2195 2142
3 2147 2148 687
3 2894 2901 1401
3 2235 2901 2894
3 174 2203 175
3 2728 3182 2078
3 2403 2405 639
3 2422 3303 2059
3 2481 3125 2480
3 2481 3129 3125
3 780 2392 782
3 3022 3221 1735
3 3036 3230 2054
3 3022 3031 2140
3 84 2237 83
3 2160 2171 1192
3 80 2701 633
3 2140 3031 2139
3 2229 2875 2848
3 2848 2875 1392
3 661 2202 2169
3 2283 3268 666
3 1192 2196 2160
3 2245 2249 2247
3 1392 2875 2235
3 2474 3136 2475
3 2220 2287 2285
3 2168 3317 3304
3 2447 3038 2208
3 75 3151 74
3 2353 2837 2337
3 2235 2894 1392
3 3304 3317 2359
3 2158 2987 2983
3 2983 2987 1460
3 1427 2728 2229
3 3004 3067 1806
3 783 3144 2144
3 836 3097 2265
3 2220 2285 2284
3 673 2225 2223
3 674 3304 2359
3 830 2512 797
3 2650 2837 2353
3 3096 3180 1115
3 2229 2848 1427
3 2055 3256 2676
3 2554 2555 2498
3 3165 3288 777
3 3129 3269 769
3 2223 2700 673
3 2460 3094 3087
3 1681 2554 2498
3 2286 3032 1768
3 2135 3149 2709
3 84 3124 2237
3 1911 2202 1910
3 2118 3323 2178
3 2191 2994 668
3 2169 2201 661
3 1906 2669 2198
3 2144 3321 783
3 2443 3111 169
3 3070 3071 2387
3 3079 3103 827
3 3087 3094 770
3 2080 2700 2223
3 2138 3178 639
3 2841 3059 1339
3 3013 3116 2166
3 645 3181 2379
3 2442 2957 2009
3 1896 3071 3070
3 2137 3288 3165
3 76 2363 75
3 2525 2990 2154
3 1895 3065 2497
3 790 2284 792
3 2259 2655 642
3 2468 3110 2467
3 637 2573 2156
3 3134 3187 1020
3 1610 2193 1932
3 2175 2584 1901
3 3086 3211 2824
3 831 2263 2182
3 788 2263 831
3 2468 3115 3110
3 3289 3300 2616
3 1589 3056 1983
3 1944 2929 2888
3 1687 2131 2121
3 1826 2448 2180
3 2616 3300 647
3 2139 3031 1190
3 3060 3120 2621
3 1190 3036 2139
3 2859 2888 633
3 2167 2929 1944
3 2378 2959 2584
3 2198 2669 2150
3 1944 2888 2859
3 3320 3325 2899
3 2208 3038 1900
3 2770 2999 646
3 1197 2216 1357
3 2700 2701 81
3 834 3325 3320
3 2750 3170 1907
3 2153 2622 1691
3 1604 2622 1625
3 2392 3097 836
3 2219 3047 2006
3 2180 2448 874
3 789 3131 2155
3 2183 2369 2287
3 1645 2194 2177
3 716 2251 714
3 1687 2190 2131
3 1192 2216 1183
3 2161 3167 664
3 2214 2722 686
3 1452 2176 1369
3 662 2957 2443
3 3075 3216 2052
3 1821 2448 1826
3 1369 2176 1128
3 3003 3119 2171
3 687 3186 2146
3 2584 2959 1901
3 2285 3032 2286
3 2250 2982 2013
3 2676 2890 2055
3 674 2929 2167
3 1935 3064 2265
3 1724 3326 3319
3 1460 2987 2154
3 2541 3109 671
3 2481 3269 3129
3 2410 2411 840
3 679 3104 2123
3 2177 2193 1645
3 2154 2990 1460
3 2171 3119 2216
3 1843 2510 1720
3 1645 2193 1610
3 1720 2510 2127
3 1194 2238 1189
3 1886 3017 2585
3 1534 2238 1284
3 3319 3326 2454
3 1190 3230 3036
3 2365 3254 3247
3 2169 2202 1911
3 1744 3120 3060
3 2344 2543 2346
3 2411 2412 840
3 3205 3275 1898
3 2158 2983 1690
3 2140 3221 3022
3 3068 3195 670
3 2153 3351 1166
3 2558 3083 841
3 2412 3043 2970
3 1268 3116 3013
3 2093 2998 2825
3 2128 3067 2176
3 1427 3182 2728
3 635 3311 3281
3 1403 3299 3298
3 2427 3063 3050
3 689 3225 2151
3 2410 2866 2360
3 3281 3311 2124
3 913 2291 2189
3 768 3112 2480
3 2512 3340 795
3 2146 3186 643
3 3247 3254 2033
3 782 2392 836
3 1598 3168 3155
3 688 3220 2164
3 840 2866 2410
3 3155 3168 2554
3 2155 3336 789
3 2119 3252 3251
3 151 3253 2243
3 2251 2982 2250
3 3251 3252 1473
3 2167 3304 674
3 3298 3299 2357
3 2464 3099 2463
3 2541 2542 2352
3 3050 3063 771
3 2480 3125 768
3 2464 3100 3099
3 2475 3136 1917
3 2027 2745 2507
3 2204 2205 2136
3 2379 3181 689
3 1928 2947 2936
3 844 2390 2389
3 1668 2947 1928
3 664 3291 2161
3 2363 3151 75
3 2202 2203 1910
3 1983 3056 2589
3 1439 2435 2253
3 1901 2585 2175
3 1482 2532 2184
3 3290 3296 2910
3 1588 2533 1927
3 2209 3318 2159
3 700 3348 2856
3 2159 3318 3314
3 2421 3275 3205
3 844 2754 2390
3 2271 3039 2098
3 844 2392 780
3 2770 3334 2999
3 2971 2985 2399
3 1439 2436 2435
3 2182 2220 831
3 1671 2585 1600
3 2157 3180 3096
3 2185 2785 2253
3 786 2263 788
3 653 2962 2771
3 2655 3219 1678
3 1566 3047 2219
3 1890 3003 2171
3 1877 2306 2252
3 3147 3157 2475
3 2002 2782 2278
3 2199 2290 1939
3 1385 2251 716
3 2253 2785 1439
3 2360 2866 1758
3 1931 3157 3147
3 2497 3065 1076
3 874 2449 2180
3 2027 3241 2745
3 1758 2382 2360
3 2723 2724 2211
3 1587 2785 2185
3 1449 3082 2934
3 2185 2278 1587
3 3118 3132 2304
3 1740 3009 2449
3 3106 3159 2417
3 2189 2291 1938
3 2337 2837 2339
3 2290 2508 1939
3 837 3296 3290
3 2193 2533 1932
3 2248 3102 2246
3 1678 3276 2655
3 2171 2216 1192
3 2278 2782 1587
3 1293 3132 3118
3 2190 2307 1951
3 2134 3295 676
3 697 3302 2133
3 2183 2287 2220
3 765 3101 2467
3 2152 3185 701
3 700 3091 88
3 2353 2817 2650
3 1907 3192 2794
3 676 3293 2134
3 2156 3294 637
3 976 2845 2313
3 2157 3096 1882
3 877 3058 2386
3 2208 3053 877
3 2111 3187 3134
3 3053 3058 877
3 831 2284 790
3 2259 3219 2655
3 2184 2533 1482
3 752 3211 3086
3 792 2284 843
3 2155 3240 1899
3 2313 2845 2179
3 3093 3174 2523
3 1491 2367 2200
3 2825 3333 2093
3 2189 2292 913
3 2188 3209 2187
3 2471 2685 2206
3 2009 2957 2008
3 2188 3218 3209
3 1150 2196 1192
3 1231 2685 2471
3 2460 3080 2459
3 1146 2196 1150
3 2265 3064 836
3 2219 3074 3062
3 150 3253 151
3 2467 3110 765
3 1705 3264 3248
3 2133 3331 697
3 2460 3087 3080
3 2558 3071 1896
3 3062 3074 933
3 3089 3098 2017
3 714 2251 1475
3 2207 2258 1934
3 1326 2423 2206
3 759 3216 3075
3 1102 3098 3089
3 642 2655 2654
3 2198 2971 1906
3 2206 2685 1326
3 2028 3195 3068
3 2376 2415 1616
3 2266 2782 2002
3 1797 2266 2002
3 1934 2962 2207
3 2456 2966 2457
3 2423 2932 2413
3 1687 2307 2190
3 2287 2369 1767
3 2194 2999 2177
3 2352 3109 2541
3 2245 2247 2246
3 2353 2851 2817
3 2510 2512 830
3 2970 3043 1556
3 2258 2698 1934
3 2286 3103 3079
3 1504 2610 2279
3 2279 2610 2095
3 1889 3017 1886
3 3218 3238 659
3 3131 3240 2155
3 683 3149 2163
3 2252 2306 1413
3 2817 2851 649
3 1843 2511 2510
3 2513 2514 832
3 863 2449 861
3 2962 3315 2771
3 2308 2873 2367
3 2724 3246 2211
3 2313 2941 967
3 1758 2840 2382
3 1896 3083 2558
3 2008 3256 2055
3 2269 2845 976
3 2174 3243 2614
3 2205 2306 2136
3 1464 3039 2271
3 2197 2907 967
3 1939 2291 2199
3 717 2412 719
3 2491 2806 2490
3 1663 2210 1550
3 2367 2873 2200
3 1432 2995 995
3 770 3094 2463
3 2490 2806 827
3 3046 3113 2647
3 2134 3297 3295
3 2259 3297 2134
3 649 2867 2639
3 1479 2698 2258
3 1326 2932 2423
3 2531 2951 2532
3 1946 2952 2261
3 2294 3233 3225
3 2354 2842 2639
3 2443 2957 2442
3 1715 3233 2294
3 3102 3278 2246
3 840 2412 717
3 1498 2687 1496
3 1927 2533 2193
3 2210 2212 2211
3 2136 2306 1877
3 2255 2706 2415
3 3227 3231 1609
3 2415 2706 1616
3 2851 2867 649
3 1413 2974 952
3 1482 2533 1588
3 2907 3035 937
3 2448 3038 2447
3 842 2491 2300
3 169 3178 2181
3 3248 3264 2500
3 648 3124 85
3 842 2806 2491
3 2058 3231 3227
3 2382 2840 669
3 1432 2508 2290
3 1886 2585 1671
3 2198 2985 2971
3 2240 2923 1948
3 2532 2951 2184
3 1938 2291 1939
3 2133 3302 3301
3 2133 3301 2257
3 2377 2687 1502
3 1969 3171 3160
3 2457 2966 1223
3 1600 2585 1901
3 2463 3099 770
3 634 3244 2186
3 1892 3070 2387
3 2762 3261 3161
3 701 3324 2152
3 1475 2249 712
3 1943 2706 2255
3 2298 2963 2300
3 976 2777 2269
3 1663 2212 2210
3 2639 2867 2354
3 1616 2687 2376
3 1943 2255 2254
3 1239 2923 2240
3 1151 2272 1286
3 2026 2849 2407
3 2147 2149 2148
3 1662 3084 3077
3 2258 2702 1479
3 2451 2977 2015
3 1286 2272 2218
3 2411 3043 2412
3 2261 2952 1219
3 2145 2381 2380
3 771 3063 2459
3 967 2941 2197
3 193 3193 2191
3 1184 2272 1151
3 1985 3202 3199
3 712 2249 710
3 2361 2797 696
3 2190 2191 2131
3 904 3215 3208
3 2384 2531 1721
3 2836 3206 3203
3 636 3148 2203
3 2934 3082 1973
3 2378 2584 1507
3 2531 2532 1721
3 2614 3307 2174
3 2354 2858 2842
3 2181 3162 663
3 3191 3196 2877
3 1550 2210 1645
3 2214 3237 2722
3 2188 3238 3218
3 861 2449 874
3 2164 3200 2749
3 968 2977 2451
3 2842 2858 696
3 2451 3009 1740
3 806 2738 809
3 2160 3026 1889
3 1793 3258 3249
3 3077 3084 2664
3 1489 2256 1487
3 1891 3159 3106
3 2290 2995 1432
3 1883 2244 2242
3 1645 2210 2194
3 2124 3287 3281
3 1883 2245 2244
3 1740 2449 863
3 2377 2959 2378
3 2501 3287 2124
3 1556 3043 2427
3 2200 2971 1491
3 3249 3258 2125
3 2576 3096 1115
3 2300 2963 842
3 827 3103 2490
3 2221 2398 1409
3 2159 3314 675
3 2176 3004 1128
3 1883 2242 708
3 2294 2788 654
3 1721 2710 2384
3 2384 2710 1977
3 1323 3019 3016
3 2218 2516 1286
3 2435 3065 1895
3 1146 2956 2196
3 707 2242 703
3 2585 3017 2175
3 2656 2874 2213
3 2693 3012 2003
3 1479 2702 2431
3 2459 3080 771
3 1409 2767 2221
3 1957 2909 2719
3 1502 2687 1498
3 838 3265 2500
3 2178 3323 2129
3 2629 2953 2627
3 2449 3009 2180
3 1507 2586 2378
3 2500 3265 3248
3 3137 3138 1595
3 1991 2980 2471
3 2006 3047 2189
3 2745 3241 644
3 1932 2533 2184
3 1245 2477 1243
3 1264 2477 1245
3 3016 3019 2091
3 1480 2532 1482
3 55 707 703
3 244 2262 704
3 809 2738 2297
3 1475 2251 2250
3 833 2705 814
3 2289 3212 164
3 2849 2948 2409
3 1385 2864 2239
3 1878 3174 3093
3 2306 2974 1413
3 1496 2687 1616
3 2242 2243 703
3 2190 2994 2191
3 3117 3121 1970
3 696 2858 2361
3 1926 2573 2270
3 2493 2544 1745
3 835 2296 2241
3 2241 2295 835
3 1419 2431 1265
3 2398 2903 2397
3 2407 2828 2026
3 1029 3176 3173
3 2116 2264 1953
3 3199 3202 745
3 2925 2935 2601
3 2493 2807 2544
3 2630 2752 825
3 2628 2705 833
3 835 2295 813
3 2254 2256 1943
3 708 2242 707
3 1721 2532 1480
3 2497 3076 2017
3 1943 2256 1489
3 2797 2892 657
3 1288 2873 2308
3 2629 2630 825
3 1838 2913 2437
3 2220 2284 831
3 2369 2636 1411
3 909 2292 911
3 1906 2971 2200
3 1341 2436 1343
3 657 2362 62
3 2361 2892 2797
3 657 2843 2362
3 1343 2436 1439
3 815 2904 817
3 1641 2938 1360
3 813 2295 815
3 2548 2870 2547
3 2413 2932 2240
3 2135 3107 2136
3 1745 2559 1641
3 1413 2311 2252
3 2476 2477 1264
3 1889 3026 3017
3 2407 2849 2406
3 2312 2799 1288
3 3160 3171 702
3 2183 2636 2369
3 1955 2608 1956
3 2242 2244 2243
3 1275 3012 2693
3 2197 3035 2907
3 2427 3050 1556
3 669 2840 2260
3 3076 3089 2017
3 2375 2586 2374
3 2853 2915 1123
3 2269 2777 1960
3 1502 2959 2377
3 702 2277 99
3 1993 3289 2616
3 809 2297 811
3 2273 2608 1955
3 913 2292 909
3 2648 2992 1314
3 2376 2687 2377
3 2263 3064 1935
3 2544 2559 1745
3 2719 2909 1625
3 1041 3136 2474
3 2267 2369 1411
3 1479 2431 1419
3 2470 3133 1041
3 2425 2668 1812
3 1808 2944 1810
3 2186 2608 2594
3 2455 2476 1264
3 2096 2282 2281
3 1769 3010 2997
3 2247 2248 2246
3 1989 2720 2516
3 2586 2668 2425
3 2261 2966 2456
3 804 2738 806
3 242 2280 694
3 2291 2746 2199
3 1999 3002 2997
3 2264 2483 1953
3 1082 3135 3128
3 2295 2904 815
3 1955 2565 2273
3 1579 2281 1606
3 2368 2958 1516
3 164 3327 2289
3 1612 2381 1694
3 913 2746 2291
3 2633 2713 2536
3 1821 3038 2448
3 1754 2607 2483
3 2789 2879 2048
3 2302 2605 2603
3 3133 3136 1041
3 967 2907 938
3 710 2249 1883
3 2278 2739 2002
3 1606 2281 1733
3 2299 2612 1624
3 2587 2919 1442
3 3214 3217 754
3 2221 2903 2398
3 2080 2701 2700
3 2256 2853 1487
3 2565 2592 2273
3 2110 3217 3214
3 946 2755 2311
3 1948 2923 2477
3 1411 2385 2267
3 1812 2478 2425
3 1325 2984 2979
3 2437 2913 1386
3 2213 2874 2270
3 1597 2307 1423
3 1810 2810 2053
3 1324 2973 1310
3 2057 3138 3137
3 669 2260 58
3 3208 3215 2094
3 74 3151 641
3 2187 3209 677
3 718 2864 1385
3 2519 3196 3191
3 1338 3088 3066
3 95 2485 660
3 2296 2617 2241
3 691 708 707
3 62 2362 61
3 2266 3002 1999
3 1143 2956 1146
3 1391 2430 1949
3 2272 2952 1946
3 2603 2605 2602
3 1726 2312 1466
3 1023 2366 849
3 1635 2870 2548
3 691 2260 709
3 1257 2531 2530
3 1997 2958 2368
3 2511 2512 2510
3 2002 2739 1136
3 1265 2431 2430
3 2192 3232 215
3 1990 2516 2388
3 2274 2711 828
3 692 2315 2314
3 2239 2982 1385
3 828 2803 2274
3 1951 2307 1597
3 693 2365 2364
3 2186 3245 634
3 919 2664 2429
3 1491 2971 2399
3 1951 2994 2190
3 814 2705 812
3 55 703 54
3 244 704 245
3 825 2953 2629
3 1244 2530 1246
3 691 707 56
3 694 2262 243
3 1739 2309 2303
3 2567 2827 1319
3 2303 2309 1879
3 1261 2394 1418
3 2256 2915 2853
3 1280 2385 1282
3 1963 1964 1962
3 833 2743 2628
3 1257 2951 2531
3 917 2408 922
3 2378 2586 2375
3 1715 2294 2293
3 2516 2720 1286
3 1351 3166 3158
3 1318 2895 2885
3 2026 2948 2849
3 2281 2282 1733
3 2360 2382 2315
3 2098 3039 2693
3 1533 2935 2925
3 1956 2608 2186
3 2567 2868 1974
3 1754 2483 2264
3 692 2314 60
3 693 2364 239
3 710 1883 708
3 811 2297 835
3 1095 2478 1099
3 1694 2381 2145
3 2275 2366 1289
3 1264 2758 2455
3 1267 2430 1391
3 1663 2213 2212
3 1507 2668 2586
3 2430 2431 1949
3 1420 2777 972
3 2311 2755 2252
3 1964 1966 1965
3 1715 2293 1640
3 2315 2382 2314
3 2388 2516 2218
3 2027 2507 2506
3 2471 2980 1231
3 2300 2612 2299
3 2743 2765 2642
3 1964 1965 1962
3 972 2777 976
3 2138 2405 1738
3 657 2892 2843
3 2299 2617 2296
3 1289 2366 1023
3 1977 2710 2394
3 1388 2943 1306
3 3203 3206 2089
3 3023 3040 1327
3 1152 2308 1181
3 1611 2381 1612
3 1961 1962 1960
3 2210 2211 2194
3 1466 2312 1276
3 2243 3228 151
3 238 2395 693
3 696 2797 64
3 1256 2394 1261
3 838 2500 2499
3 2078 3182 2498
3 1511 2874 2656
3 659 2420 2419
3 1963 1978 1964
3 2559 2938 1641
3 1894 3113 3046
3 2388 2713 2633
3 2654 3276 1779
3 2283 2444 1733
3 1624 2617 2299
3 2639 2842 66
3 2113 2696 2156
3 641 3145 2543
3 199 701 200
3 100 702 99
3 1257 2530 1244
3 2374 2586 2425
3 2308 2367 1181
3 1969 2096 1693
3 1862 2445 2288
3 2035 2305 2034
3 1221 2592 2565
3 2439 3095 638
3 2408 2409 922
3 2282 2283 1733
3 1488 2367 1491
3 2149 2150 2148
3 1282 2385 1411
3 3052 3117 1864
3 3140 3166 2638
3 1226 2550 1228
3 2366 2732 849
3 2351 2427 2426
3 2385 2712 2268
3 1768 3103 2286
3 2240 2932 1239
3 1246 2530 2383
3 2799 2873 1288
3 98 2277 678
3 1969 2112 2096
3 1737 2405 2401
3 1596 1687 1686
3 1968 2786 1511
3 2389 2392 844
3 1737 2401 2400
3 659 2419 205
3 1200 2312 1288
3 2602 2605 1367
3 2885 2895 1974
3 833 2765 2743
3 1693 2281 1579
3 1775 2827 2567
3 2096 2281 1693
3 695 2454 2453
3 93 2422 695
3 2373 2415 2376
3 2372 2373 1112
3 57 691 56
3 242 694 243
3 1716 2445 1500
3 670 2280 241
3 943 2313 967
3 2270 2874 1926
3 1191 2703 2561
3 57 2260 691
3 2518 2520 738
3 2230 3124 648
3 1181 2367 1488
3 2568 2569 1975
3 2650 2817 69
3 1499 2778 1495
3 1976 2587 2370
3 2372 2415 2373
3 1739 2611 2309
3 1738 2405 1737
3 1733 2444 1731
3 2074 2992 2648
3 677 3198 2187
3 697 2433 235
3 2268 2712 2561
3 1423 2307 1596
3 1099 2478 1812
3 973 2563 852
3 1579 1606 1466
3 2351 2426 2320
3 1109 2372 1112
3 1966 2118 1967
3 1409 2398 953
3 838 2499 773
3 919 2768 897
3 1104 2424 1100
3 934 2393 978
3 56 707 55
3 243 2262 244
3 695 2453 92
3 709 710 708
3 2868 2885 1974
3 1966 2217 2118
3 2386 2387 973
3 927 2409 936
3 873 2371 968
3 1493 2399 1499
3 968 2451 2450
3 1606 1731 1726
3 952 2974 1409
3 1465 1466 1276
3 1629 2417 2416
3 1287 2550 1226
3 1631 2416 2007
3 1442 2633 2536
3 2711 2862 2556
3 2349 2482 2481
3 2310 2716 1516
3 2019 2432 2077
3 2027 2506 1708
3 208 2452 651
3 2491 2612 2300
3 839 2428 766
3 2322 2458 2351
3 1971 2590 1191
3 2402 2404 1676
3 1079 2694 2564
3 1280 2712 2385
3 835 2297 2296
3 964 2623 1476
3 2317 2410 2360
3 2412 2970 719
3 1687 2121 1686
3 1665 2396 2113
3 2429 2768 919
3 2446 2726 1340
3 1819 2902 2579
3 2301 2909 1957
3 641 3151 3145
3 2328 2462 2461
3 641 2542 73
3 1596 2307 1687
3 2335 2466 2465
3 1737 2400 1469
3 1391 1597 1423
3 920 2408 917
3 976 2313 943
3 854 2386 973
3 2288 2445 1716
3 714 1475 712
3 2406 2849 2408
3 1267 1391 1387
3 1456 2416 1631
3 955 2398 2397
3 2234 3229 2233
3 2401 2405 2403
3 2021 2432 2019
3 2131 3193 679
3 2015 3009 2451
3 2561 2703 2268
3 1962 2269 1960
3 2347 2482 2349
3 849 2732 846
3 2440 2441 1888
3 2274 2862 2711
3 2314 2382 669
3 2342 2479 2469
3 59 2314 669
3 240 2364 670
3 2564 2694 1970
3 213 2615 647
3 1885 2440 1888
3 2044 3081 2535
3 1966 1967 1965
3 2550 2787 1968
3 1276 2312 1200
3 2615 2616 647
3 2667 2876 2646
3 2424 2478 1100
3 2414 2778 1499
3 922 2409 927
3 2738 2963 2298
3 737 2518 738
3 730 2524 731
3 210 2495 698
3 89 2496 700
3 1606 1733 1731
3 1731 1903 1732
3 2846 2864 2428
3 1136 2739 2569
3 2569 2739 1975
3 678 2484 97
3 691 709 708
3 2147 2414 2149
3 766 2428 722
3 1919 2413 1790
3 2239 2864 2846
3 2129 2130 2038
3 1246 2383 1248
3 1100 2478 1095
3 1707 2418 2117
3 2601 2935 2603
3 2590 2703 1191
3 1961 1963 1962
3 1572 2488 1849
3 995 2995 2368
3 1058 2606 1056
3 2419 2421 699
3 718 1385 716
3 1919 2423 2413
3 2487 2635 1971
3 2336 2465 2464
3 2390 3130 2391
3 865 2450 1740
3 1950 2046 1951
3 1490 2399 1493
3 2316 2317 2315
3 2483 2607 1397
3 1606 1726 1466
3 2329 2461 2460
3 1323 3007 2648
3 201 677 202
3 98 678 97
3 826 2773 2643
3 2343 2469 2468
3 1860 2555 1576
3 692 2316 2315
3 2492 2493 1745
3 1812 2744 1114
3 2206 2423 1921
3 1959 1960 1603
3 1394 2515 1397
3 2047 2048 2046
3 1728 2093 2012
3 99 2277 98
3 1465 1579 1466
3 1026 2521 1030
3 1663 2656 2213
3 1367 2606 2602
3 1949 1950 1597
3 1391 1423 1387
3 1200 1288 1185
3 1989 2516 1990
3 2484 2485 96
3 1874 2379 2151
3 953 2398 955
3 59 669 58
3 240 670 241
3 1971 2635 2590
3 1152 1181 1139
3 950 2311 1413
3 2506 2507 2163
3 2643 2773 2644
3 1617 2508 1436
3 2494 2973 1324
3 1261 1265 1262
3 1546 2618 1989
3 1120 2526 1155
3 711 712 710
3 1883 2249 2245
3 1642 2492 1745
3 2317 2360 2315
3 1185 2308 1152
3 61 2362 692
3 1118 2526 1120
3 929 2393 934
3 1476 2623 1752
3 1553 2900 2878
3 2406 2408 920
3 1648 2434 1895
3 1554 1715 1640
3 1019 2528 1538
3 1948 2476 1787
3 2547 2870 2370
3 2786 2874 1511
3 2319 2411 2410
3 658 2395 237
3 2105 3339 3312
3 1545 2572 910
3 1939 2508 1617
3 1474 2607 1754
3 1900 3053 2208
3 2416 2417 2007
3 1676 2404 1577
3 1731 2444 1903
3 955 2397 957
3 1138 1139 1130
3 1469 2400 1470
3 1755 2551 1414
3 1559 2714 1364
3 1249 2758 1247
3 923 2591 916
3 1731 1732 1726
3 1383 1554 1417
3 1418 1419 1265
3 910 2572 908
3 1810 2944 2810
3 1548 2656 1663
3 1921 2423 1919
3 2565 2692 1221
3 943 967 938
3 241 2280 242
3 874 2448 2447
3 924 2406 920
3 2388 2633 1990
3 2319 2410 2317
3 1256 1261 1260
3 867 2450 865
3 2038 2305 2035
3 1950 1951 1597
3 1903 1907 1904
3 947 2311 950
3 1228 2550 2549
3 2438 2439 1884
3 2213 2214 2212
3 1414 2551 941
3 916 2591 912
3 2333 2465 2336
3 96 2485 95
3 2098 2693 2004
3 2526 2838 1981
3 660 2422 94
3 1968 2787 2786
3 2253 2435 2434
3 2425 2478 2424
3 2229 2728 2224
3 1787 2476 1785
3 1756 2506 2163
3 931 937 924
3 2340 2469 2343
3 2326 2461 2329
3 61 692 60
3 238 693 239
3 2618 2720 1989
3 2498 2555 1860
3 1262 2430 1267
3 2568 2695 1188
3 686 3235 2214
3 1181 1488 1487
3 1221 2692 1222
3 1477 1478 1419
3 1640 2293 1728
3 2434 2435 1895
3 1664 2396 1665
3 206 2419 699
3 2267 2385 2268
3 713 714 712
3 2034 2164 2024
3 1500 2445 1501
3 852 2563 829
3 1588 1868 1633
3 1708 2506 1601
3 1337 2472 1031
3 1405 2607 1474
3 2455 2758 1780
3 236 2433 658
3 1984 2816 2539
3 2499 2500 2042
3 1041 2474 1037
3 2979 2984 2457
3 1554 1640 1417
3 2450 2451 1740
3 1551 2876 2667
3 1300 2775 1302
3 2420 2421 2419
3 1482 1588 1481
3 2284 2285 843
3 2261 2456 1770
3 1021 2521 1026
3 1631 2006 1938
3 1252 1977 1254
3 767 772 766
3 1488 1490 1489
3 2118 2178 1967
3 817 2904 828
3 1006 2534 1338
3 1491 2399 1490
3 1456 1631 1617
3 772 1383 839
3 1887 2502 1890
3 2383 2384 1977
3 733 2524 730
3 1480 1481 1478
3 1288 2308 1185
3 1204 2726 1206
3 937 2407 2406
3 2318 2319 2317
3 1633 2698 1481
3 2594 2608 1672
3 724 766 722
3 1478 2698 1479
3 1670 2438 1884
3 966 2793 2737
3 1248 2383 1252
3 2521 3169 3139
3 1694 2145 1874
3 1138 1152 1139
3 2716 2812 985
3 887 2665 2663
3 641 2543 2542
3 1265 2430 1262
3 2329 2459 2458
3 2145 2379 1874
3 2539 2816 1453
3 1576 2555 1404
3 2254 2255 1116
3 1948 2477 2476
3 1254 2394 1256
3 1706 2418 1707
3 1071 2538 1083
3 204 659 205
3 95 660 94
3 1233 2549 1509
3 1017 2528 1019
3 2668 2744 1812
3 1391 1949 1597
3 699 2452 207
3 911 912 910
3 2004 2693 2003
3 3130 3143 2391
3 915 916 912
3 1478 1479 1419
3 909 910 908
3 1868 1933 1633
3 936 2393 929
3 917 922 916
3 1261 1262 1260
3 1126 2486 1797
3 2255 2415 2372
3 1594 2522 1629
3 1031 2472 1028
3 1116 2372 1109
3 2557 2563 2558
3 1383 2499 2042
3 2044 2535 2534
3 915 917 916
3 1509 2549 1968
3 2007 2219 2006
3 2234 3234 3229
3 2336 2463 2462
3 740 2518 737
3 63 657 62
3 236 658 237
3 911 915 912
3 91 2453 652
3 2677 2759 2678
3 1975 2695 2568
3 2409 2948 936
3 1622 2434 1648
3 1588 1633 1481
3 1383 1417 839
3 1934 2698 1633
3 962 2623 964
3 1181 1487 1139
3 889 2658 886
3 1490 1493 1492
3 909 911 910
3 2031 2989 2032
3 1261 1418 1265
3 946 2311 947
3 1505 1601 1414
3 978 1414 941
3 2343 2467 2466
3 1219 2966 2261
3 2099 2271 2098
3 2652 2653 675
3 2523 2524 733
3 2142 2195 1716
3 2006 2189 1938
3 1631 1938 1617
3 874 2447 859
3 1418 1477 1419
3 879 908 876
3 1247 2758 1264
3 2373 2374 1112
3 1577 2404 1611
3 2018 2027 1708
3 2039 2129 2038
3 1456 1617 1436
3 2511 2513 2512
3 1037 2474 1033
3 1769 2604 1073
3 2551 2755 946
3 1788 1789 1787
3 1786 1787 1785
3 2349 2480 2479
3 2324 2458 2322
3 1777 2567 1974
3 1223 2979 2457
3 709 711 710
3 2047 2207 2048
3 2260 2840 709
3 1003 2534 1006
3 1069 2538 1071
3 1903 1904 1732
3 1505 1708 1601
3 1056 2606 1367
3 1086 2625 1084
3 2609 2610 1504
3 927 936 929
3 1695 1716 1500
3 1797 3002 2266
3 1790 2413 1789
3 799 2509 830
3 1488 1491 1490
3 978 1505 1414
3 2255 2372 1116
3 2582 2943 1388
3 2534 2535 1338
3 1927 1947 1868
3 206 699 207
3 93 695 92
3 1073 2604 1072
3 2401 2403 2402
3 1094 2640 1090
3 1881 3088 3073
3 1493 1495 1494
3 2557 2558 841
3 651 2495 209
3 652 2496 90
3 937 2406 924
3 723 2657 724
3 773 2499 772
3 775 838 773
3 2331 2462 2328
3 2282 2939 2283
3 927 929 928
3 1485 1676 1577
3 1726 2799 2312
3 1437 1456 1436
3 1950 2047 2046
3 2517 2518 740
3 1601 2506 1756
3 879 909 908
3 1959 1961 1960
3 2329 2458 2324
3 858 877 856
3 873 968 871
3 1111 2625 1086
3 922 927 923
3 1270 2688 2611
3 1495 1497 1496
3 1488 1489 1487
3 2373 2375 2374
3 2513 3340 2512
3 2024 2432 2021
3 228 2652 675
3 2016 2181 2138
3 1629 2416 1467
3 2626 2629 2627
3 1397 2515 2483
3 1474 1738 1737
3 1442 2919 2633
3 724 767 766
3 2310 2812 2716
3 1493 1499 1495
3 2003 2492 1644
3 715 716 714
3 1061 2606 1058
3 934 978 941
3 1108 2486 1126
3 1756 2163 1876
3 1109 1112 1104
3 942 2551 946
3 2195 2289 2288
3 1789 2240 1948
3 929 934 930
3 1113 2640 1094
3 1497 1500 1498
3 772 839 766
3 887 2663 2662
3 2376 2377 2375
3 1476 1706 1586
3 950 1413 952
3 1480 1482 1481
3 65 696 64
3 234 697 235
3 993 2368 1516
3 1196 2712 1280
3 2333 2336 2331
3 2338 2466 2335
3 876 2371 873
3 2401 2402 1676
3 1977 2394 1254
3 1706 1707 1586
3 2326 2329 2324
3 1477 1480 1478
3 2129 3006 2130
3 1644 2492 1642
3 934 941 935
3 2613 2764 1290
3 772 2499 1383
3 1252 2383 1977
3 2340 2343 2338
3 1695 2142 1716
3 1457 2611 1739
3 2336 2462 2331
3 1490 1492 1489
3 2322 2351 2320
3 1476 1586 1393
3 1650 2775 1300
3 60 2314 59
3 239 2364 240
3 58 2260 57
3 1707 2117 2116
3 1728 2293 2093
3 1543 1981 1798
3 2292 2880 911
3 1923 2471 2206
3 1364 2714 1320
3 2297 2298 2296
3 1759 2490 2489
3 1385 2982 2251
3 1601 1756 1755
3 926 2665 885
3 1770 2456 1636
3 1474 1737 1469
3 1594 1629 1467
3 1971 2562 2487
3 1405 1474 1469
3 1784 1785 1782
3 1426 2584 2175
3 1026 1028 1027
3 2345 2479 2342
3 2530 2531 2384
3 1908 2418 1706
3 2350 2482 2347
3 1445 2592 1217
3 1786 1788 1787
3 1862 2438 1670
3 2016 2138 1738
3 1079 2564 1074
3 908 2572 2371
3 2130 2305 2038
3 722 2428 720
3 2347 2349 2345
3 1497 1695 1500
3 1467 2416 1456
3 1784 1786 1785
3 964 1476 1393
3 2032 2626 1667
3 1340 2726 1204
3 1756 1876 1757
3 960 969 962
3 2357 2358 2350
3 726 2657 723
3 1039 2470 1041
3 854 973 852
3 2051 2553 1669
3 858 2208 877
3 2579 2902 906
3 728 2645 726
3 856 2386 854
3 1333 2609 1504
3 1876 2135 1877
3 2645 2657 726
3 1383 2042 1554
3 2343 2466 2338
3 208 651 209
3 91 652 90
3 237 2395 238
3 2097 2098 2004
3 735 2523 733
3 2273 2592 1445
3 1642 1745 1641
3 1272 2708 1595
3 2642 2791 2643
3 3161 3261 2104
3 1788 1790 1789
3 1356 2574 1336
3 2537 2538 1069
3 1595 2708 2552
3 2400 2401 1676
3 2611 2688 2309
3 1028 2472 1029
3 871 2450 867
3 1866 2684 1799
3 2504 2505 1996
3 1015 2576 1115
3 1907 2669 1904
3 2349 2479 2345
3 1669 2553 1384
3 803 2557 841
3 1548 1663 1550
3 1095 1099 1094
3 711 713 712
3 1154 2536 1424
3 649 2639 67
3 1091 1094 1090
3 1789 2413 2240
3 1030 1031 1028
3 970 2503 1447
3 2335 2465 2333
3 912 2591 1545
3 1728 2012 1811
3 1089 1090 1088
3 1956 2162 2161
3 1319 2868 2567
3 1087 1088 1086
3 2342 2469 2340
3 1640 1728 1727
3 1884 2440 1885
3 717 718 716
3 1066 2537 1069
3 2358 2482 2350
3 2316 2318 2317
3 1668 1928 1669
3 996 1432 995
3 2233 3229 3224
3 1085 1086 1084
3 731 2645 728
3 2373 2376 2375
3 2397 2903 969
3 1021 1026 1025
3 1142 1143 1141
3 1019 1021 1020
3 851 852 829
3 1599 1862 1670
3 781 837 779
3 885 2665 887
3 1723 2497 2017
3 2320 2426 2319
3 1631 2007 2006
3 2231 2235 2228
3 950 952 951
3 995 2368 993
3 1874 2151 2107
3 942 946 945
3 1754 2016 1738
3 1928 1929 1669
3 73 2542 72
3 1336 2574 1472
3 1976 2919 2587
3 210 698 211
3 89 700 88
3 2730 2790 1630
3 1468 2547 2370
3 1759 2489 1615
3 952 1409 953
3 1599 1670 1600
3 2549 2550 1968
3 1089 1091 1090
3 1002 2540 903
3 1091 1095 1094
3 1142 1145 1143
3 1588 1927 1868
3 1918 1919 1790
3 2126 2575 2574
3 97 2484 96
3 1085 1087 1086
3 1667 2626 1585
3 1792 2446 1808
3 1087 1089 1088
3 2233 3224 2901
3 1032 1033 1031
3 1725 2003 1644
3 2343 2468 2467
3 2336 2464 2463
3 1447 2503 1620
3 1471 1673 1672
3 1471 1672 1445
3 1033 2474 1337
3 2226 2229 2224
3 1357 1471 1445
3 1509 1511 1510
3 2517 2519 2518
3 1493 1494 1492
3 205 2419 206
3 1357 1445 1217
3 1538 2521 1021
3 1440 1664 1448
3 1470 2400 1485
3 742 2517 740
3 1112 2424 1104
3 1377 1668 1384
3 1570 2488 1572
3 1010 2540 1002
3 2328 2461 2326
3 941 2551 942
3 1017 1019 1018
3 1323 3016 3007
3 1624 2612 1614
3 719 720 718
3 1709 2018 1708
3 1670 1884 1671
3 1849 2389 1850
3 1777 1974 1794
3 2204 2215 2201
3 1426 1506 1145
3 1501 1599 1503
3 1920 1921 1919
3 698 2614 211
3 2329 2460 2459
3 960 962 961
3 2878 2900 1981
3 671 2650 70
3 1694 1874 1705
3 1664 1665 1448
3 1132 1142 1141
3 886 2658 884
3 2441 2443 2442
3 1752 1908 1706
3 2113 2156 1925
3 947 950 949
3 2199 2746 1623
3 2614 2615 212
3 1555 1770 1636
3 2349 2481 2480
3 767 773 772
3 1019 1538 1021
3 1620 2503 1816
3 1184 2952 2272
3 2170 2201 2169
3 969 2623 962
3 1034 1037 1033
3 1155 2526 1543
3 1555 1636 1444
3 1440 1448 1287
3 1150 1192 1183
3 2008 2055 1673
3 2143 2146 2142
3 1922 1923 1921
3 1197 1357 1217
3 2737 2793 2503
3 2456 2457 1863
3 1775 2567 1777
3 2393 2779 978
3 1665 2113 1925
3 2662 2663 2661
3 1115 2528 1017
3 1668 1669 1384
3 2019 2077 2018
3 1026 1030 1028
3 936 2908 2393
3 1225 1440 1287
3 2025 2034 2024
3 1495 1496 1494
3 1909 1910 1908
3 1509 1510 1263
3 962 964 963
3 1408 1641 1360
3 1956 2161 1763
3 737 738 735
3 999 2660 2659
3 94 2422 93
3 1424 1555 1444
3 1870 1994 1655
3 1510 2656 1548
3 1426 2175 1506
3 1946 2261 1770
3 1950 2702 2047
3 1233 1509 1263
3 2370 2587 1347
3 1739 2303 1914
3 212 2615 213
3 1084 2625 1769
3 1436 2508 1433
3 1015 1115 1017
3 1083 1085 1084
3 1986 2764 2613
3 744 745 742
3 964 1393 965
3 1015 1017 1016
3 1707 2116 1953
3 1003 1006 1002
3 1013 1015 1014
3 2519 2520 2518
3 1028 1029 1027
3 1497 1498 1496
3 1083 1084 1073
3 1785 2476 2455
3 1781 1782 1780
3 1636 2456 1863
3 2164 2432 2024
3 2441 2442 1888
3 2037 2038 2035
3 1838 2437 1856
3 1074 2564 1082
3 1087 2670 1089
3 1569 1823 1570
3 1923 2206 1921
3 908 2371 876
3 2303 2304 1914
3 1424 1444 1092
3 993 1516 991
3 72 2542 2541
3 1099 1812 1114
3 1991 2471 1923
3 877 2386 856
3 68 649 67
3 231 650 232
3 994 995 993
3 721 722 720
3 1689 2504 1996
3 1099 1114 1113
3 1013 2576 1015
3 2165 2525 1696
3 1039 1041 1037
3 2319 2426 2411
3 1007 2683 2682
3 1927 2177 1947
3 1143 1146 1144
3 92 2453 91
3 999 2659 893
3 235 2433 236
3 787 834 785
3 213 647 214
3 86 648 85
3 1410 1569 1412
3 1114 1132 1131
3 1782 2455 1780
3 1132 1141 1140
3 1296 1780 1294
3 1824 1935 1823
3 1146 1150 1147
3 912 1545 910
3 1038 1039 1037
3 1040 1045 1039
3 1230 2549 1233
3 1030 1032 1031
3 1074 1082 1047
3 2483 2515 1953
3 2217 3078 2118
3 2182 2263 1935
3 2631 2641 1523
3 1500 1501 1498
3 1792 2726 2446
3 929 930 928
3 1277 2632 1458
3 1064 1066 1065
3 2377 2378 2375
3 1007 1022 1008
3 1789 1948 1787
3 1045 2470 1039
3 841 2509 801
3 1577 1611 1578
3 1135 2569 2568
3 1046 1047 1045
3 1924 1991 1923
3 998 2783 2729
3 927 928 923
3 1792 1808 1807
3 1323 2648 1316
3 957 960 959
3 1071 1073 1072
3 1405 1469 1406
3 829 2563 2557
3 1622 1648 1443
3 1783 1784 1782
3 1797 2002 1136
3 2195 2288 1716
3 1150 1183 1151
3 1069 1071 1070
3 1457 1739 1675
3 1090 2640 2583
3 2185 2253 1803
3 2032 2629 2626
3 1066 1069 1068
3 1620 1816 1720
3 1895 2497 1723
3 922 923 916
3 999 2662 2661
3 1398 2607 1405
3 2657 2790 2730
3 914 1002 903
3 2213 2270 2214
3 1430 2835 2832
3 1801 2684 2050
3 1511 2656 1510
3 1071 1083 1073
3 1064 1065 1062
3 207 2452 208
3 713 715 714
3 1183 1197 1184
3 1760 2545 850
3 71 671 70
3 1913 2169 1911
3 228 675 229
3 2029 2031 1667
3 1762 1763 1664
3 1197 1217 1198
3 934 935 930
3 1799 2684 1801
3 1393 2515 1394
3 979 2646 974
3 1955 1956 1763
3 1033 1337 1031
3 1435 1436 1433
3 763 845 761
3 1048 1074 1047
3 1174 2562 1177
3 1739 1914 1675
3 2047 2702 2258
3 1674 2008 1673
3 1543 1798 1544
3 1929 2101 2051
3 1361 1865 1365
3 1026 1027 1025
3 2439 2440 1884
3 1209 1792 1212
3 2659 2664 919
3 1885 1888 1887
3 1271 1622 1443
3 801 2509 799
3 1648 1895 1723
3 1808 1810 1809
3 2318 2320 2319
3 1272 1595 1372
3 1011 1013 1012
3 738 2523 735
3 1601 1755 1414
3 1572 1849 1680
3 968 2450 871
3 1032 1034 1033
3 845 2566 761
3 957 2397 960
3 1316 2648 1314
3 1935 2265 1823
3 1806 2566 845
3 1672 2608 2273
3 1761 2646 979
3 941 942 935
3 1485 2400 1676
3 1271 1443 1269
3 1437 1467 1456
3 758 2566 759
3 1666 1667 1585
3 1523 2641 1521
3 1546 1989 1746
3 969 2861 2623
3 1394 1397 1396
3 2394 2710 1418
3 1918 1920 1919
3 758 759 756
3 1624 2649 2617
3 2682 2683 2276
3 914 1003 1002
3 1798 1866 1799
3 1612 1694 1660
3 1636 1863 1637
3 1564 2674 1773
3 762 763 761
3 2960 2976 2583
3 2765 2791 2642
3 1771 1946 1770
3 1485 1577 1486
3 1282 1410 1283
3 992 993 991
3 1696 2525 1461
3 2677 2678 1818
3 1140 2618 1546
3 1543 2526 1981
3 209 2495 210
3 90 2496 89
3 1218 2592 1221
3 1006 1338 1011
3 723 724 722
3 875 876 873
3 1665 1925 1734
3 1278 2632 1277
3 1569 1570 1412
3 1149 2568 1188
3 2218 2272 1946
3 1193 1271 1269
3 872 873 871
3 2487 2562 1348
3 2298 2300 2299
3 1785 2455 1782
3 1836 2913 1838
3 760 761 758
3 1585 2626 1729
3 793 832 791
3 1936 3176 3163
3 2474 2475 1337
3 1516 2716 991
3 2276 2732 2366
3 1756 1757 1755
3 74 641 73
3 225 642 226
3 999 2661 2660
3 1063 1064 1062
3 2641 2743 2642
3 1236 2686 2637
3 1280 1282 1281
3 2370 2870 1976
3 1081 1291 1098
3 1225 1287 1226
3 1126 1797 1136
3 1292 2596 1065
3 751 752 749
3 897 2768 899
3 1155 1543 1201
3 1154 1424 1092
3 1072 2604 1081
3 1876 1877 1757
3 981 2677 983
3 1022 1461 1153
3 2108 3207 3204
3 1929 3152 2101
3 799 830 797
3 1001 1007 1005
3 1920 1922 1921
3 2043 2044 1657
3 2078 2498 1860
3 901 914 903
3 1075 1079 1074
3 2125 2126 1593
3 1165 2578 1169
3 1599 1600 1503
3 983 2677 1537
3 1080 1092 1079
3 2032 2630 2629
3 2298 2299 2296
3 2535 3081 3073
3 1088 2583 1111
3 853 854 852
3 2389 2390 1850
3 1098 2486 1108
3 1081 2604 1291
3 1474 1754 1738
3 1442 2536 1342
3 1342 2536 1154
3 1126 1136 1127
3 673 2700 82
3 227 2652 228
3 1199 1200 1185
3 1429 2649 1514
3 1569 1824 1823
3 878 879 876
3 1904 2669 1906
3 1398 1405 1400
3 1007 1008 1005
3 1233 1263 1234
3 1867 2548 2547
3 1084 1769 1073
3 1777 1794 1778
3 946 947 945
3 1034 1038 1037
3 1308 1388 1306
3 757 758 756
3 1804 2739 2278
3 1291 2486 1098
3 1648 1723 1649
3 1006 1011 1010
3 67 2639 66
3 1670 1671 1600
3 1163 2578 1165
3 1614 1615 1515
3 2678 2759 2715
3 2230 2231 2228
3 1723 2017 1879
3 761 2566 758
3 1129 1130 1123
3 1218 1221 1220
3 1550 1645 1610
3 1666 2029 1667
3 1847 2158 1882
3 1065 2596 1062
3 932 938 931
3 1425 1426 1145
3 1810 2053 1894
3 774 775 773
3 2628 2631 1729
3 1408 1642 1641
3 1410 1412 1283
3 1267 1387 1386
3 1763 2396 1664
3 2135 2136 1877
3 1673 2594 1672
3 1022 1153 1008
3 1775 1777 1776
3 925 931 924
3 1222 1225 1224
3 1397 2607 1398
3 2472 2473 1029
3 1481 2698 1478
3 1501 2445 1599
3 2227 2228 2226
3 1803 2434 1622
3 1090 2583 1088
3 776 777 775
3 3204 3207 747
3 763 2638 1024
3 1172 2562 1174
3 2527 2529 1077
3 1312 1324 1310
3 1615 1742 1741
3 1975 2739 1804
3 1537 2677 1818
3 1470 1485 1484
3 1077 2588 2527
3 2023 2024 2021
3 1742 1768 1765
3 1321 1323 1316
3 857 858 856
3 1099 1113 1094
3 1824 2182 1935
3 855 856 854
3 1593 2574 1356
3 1747 1761 979
3 2626 2627 1729
3 1177 1191 1178
3 1252 1254 1253
3 901 903 902
3 1188 1193 1189
3 1354 2679 1352
3 1262 1267 1266
3 950 951 949
3 1108 1126 1125
3 1088 1111 1086
3 2232 2233 2231
3 1335 2609 1333
3 1657 2534 1003
3 1533 2909 2301
3 763 1024 845
3 70 2650 69
3 1922 1924 1923
3 1627 1803 1622
3 1514 1515 1513
3 1472 1473 1335
3 1038 1040 1039
3 2827 2847 1319
3 1651 2547 1468
3 2574 2575 1472
3 1849 1850 1680
3 1066 1068 1065
3 1584 1585 1583
3 1171 1172 1170
3 829 2557 805
3 1040 1046 1045
3 745 2517 742
3 2031 2032 1667
3 1729 2631 1583
3 2527 2619 2529
3 1507 2584 1426
3 1801 2050 2049
3 1614 1759 1615
3 2643 2791 826
3 1476 1752 1706
3 2383 2530 2384
3 2556 2862 1760
3 1548 1550 1549
3 2729 2783 1992
3 1884 1885 1671
3 1804 2185 1803
3 1196 1280 1278
3 1180 2712 1196
3 1193 1269 1194
3 1282 1411 1410
3 893 2659 895
3 1754 2264 2016
3 1143 1144 1141
3 1867 2547 1651
3 2628 2743 2631
3 1585 1729 1583
3 1069 1070 1068
3 2068 2111 2066
3 883 2699 926
3 1344 1442 1342
3 1333 1504 1331
3 1435 1437 1436
3 1713 2154 1845
3 1024 1036 1035
3 952 953 951
3 2683 2732 2276
3 899 901 900
3 1071 1072 1070
3 1433 2508 1432
3 1228 2549 1230
3 994 996 995
3 1217 2592 1218
3 1487 2853 1139
3 1230 1233 1232
3 2477 2923 1243
3 895 2659 919
3 1773 1775 1774
3 891 2662 999
3 1509 1968 1511
3 848 2556 1760
3 715 717 716
3 1514 1614 1515
3 888 2662 891
3 750 751 749
3 1021 1025 1020
3 1521 2641 1748
3 1019 1020 1018
3 1036 1043 1042
3 1683 1984 1945
3 1582 1583 1523
3 1956 2186 2162
3 1177 2562 1971
3 1114 1131 1113
3 1132 1140 1131
3 1473 2609 1335
3 990 991 988
3 972 976 943
3 848 849 846
3 1146 1147 1144
3 1792 1807 1212
3 1285 2611 1457
3 1917 1918 1790
3 216 672 217
3 83 673 82
3 2225 2226 2224
3 1043 1050 1049
3 1182 1185 1152
3 2643 2644 1748
3 1984 2539 1985
3 1584 1666 1585
3 1537 1818 1700
3 1429 1513 1350
3 960 961 959
3 1161 2577 1163
3 1046 1048 1047
3 974 2658 889
3 1282 1283 1281
3 2561 2712 1180
3 962 963 961
3 730 731 728
3 1505 1709 1708
3 1150 1151 1147
3 1136 2569 1127
3 1149 1188 1187
3 2641 2642 1748
3 868 2733 881
3 1748 2644 1519
3 921 924 920
3 1707 1953 1586
3 807 851 829
3 1522 1523 1521
3 1440 1762 1664
3 2577 2578 1163
3 996 1433 1432
3 1009 2546 1438
3 2044 2534 1657
3 1989 1990 1746
3 1808 1809 1807
3 1565 1657 1003
3 1880 2166 2165
3 778 779 777
3 1854 2763 1986
3 1508 1696 1461
3 1377 1384 1378
3 717 719 718
3 2374 2425 2424
3 881 2733 2699
3 803 841 801
3 1177 1178 1176
3 1174 1177 1176
3 1350 2487 1348
3 1713 2525 2154
3 2660 2664 2659
3 1457 1675 1462
3 1429 1514 1513
3 1562 2674 1564
3 1816 1843 1720
3 866 2733 868
3 1852 2043 1657
3 1159 1161 1160
3 780 781 779
3 1569 2636 1824
3 2241 2617 1813
3 887 2662 888
3 2253 2434 1803
3 1468 2370 1347
3 1521 1748 1519
3 1461 1713 1153
3 1697 2718 1880
3 846 2732 847
3 1183 1184 1151
3 1296 1781 1780
3 1022 1508 1461
3 743 744 742
3 960 2397 969
3 850 2545 1093
3 1471 1674 1673
3 1060 1062 1061
3 2170 2204 2201
3 964 965 963
3 1280 1281 1278
3 891 999 893
3 1191 2561 1178
3 719 721 720
3 1880 2165 1696
3 1742 1765 1764
3 1178 2561 1180
3 1909 1911 1910
3 1655 2714 1559
3 1017 1018 1016
3 1393 1394 965
3 1015 1016 1014
3 1752 1909 1908
3 1006 1010 1002
3 1461 2525 1713
3 1510 1548 1547
3 1898 2522 1594
3 2097 2099 2098
3 1767 2369 2267
3 1197 1198 1184
3 1603 2777 1420
3 2297 2738 2298
3 1672 2273 1445
3 1126 1127 1125
3 1514 2649 1624
3 1818 1819 1700
3 1137 1138 1130
3 2055 2594 1673
3 1636 1637 1444
3 1615 1741 1515
3 1925 2573 1926
3 1013 1014 1012
3 1564 1773 1678
3 1762 1955 1763
3 709 2840 711
3 1520 1521 1519
3 211 2614 212
3 1781 1783 1782
3 82 2700 81
3 1747 1844 1761
3 1697 1880 1696
3 1292 2597 2596
3 77 674 76
3 222 676 223
3 1984 1985 1945
3 1067 2537 1066
3 2597 2600 2599
3 1135 2568 1149
3 1698 1992 1574
3 1555 1771 1770
3 861 874 859
3 1423 1596 1463
3 1254 1256 1255
3 895 919 897
3 1851 1867 1651
3 1888 2502 1887
3 1367 2595 1054
3 1692 1693 1579
3 1913 2170 2169
3 1157 1289 1023
3 2529 2619 1368
3 2143 2147 2146
3 2598 2606 1061
3 1348 2562 1172
3 869 871 867
3 1163 1165 1164
3 1648 1649 1443
3 828 2711 819
3 865 1740 863
3 807 829 805
3 848 850 849
3 1161 1163 1162
3 1171 1348 1172
3 805 2557 803
3 1217 1218 1198
3 1824 2636 2183
3 1517 2679 1354
3 903 2540 904
3 2156 2573 1925
3 1341 2912 2436
3 2161 2396 1763
3 1609 2571 2570
3 1169 1171 1170
3 1582 1584 1583
3 1765 1767 1766
3 1859 2168 2167
3 1130 2853 1123
3 918 920 917
3 1256 1260 1258
3 2431 2702 1949
3 1665 1734 1448
3 823 2556 848
3 819 2711 821
3 1411 2636 1410
3 1513 2487 1350
3 1863 1864 1637
3 1159 1160 1158
3 1674 2009 2008
3 1940 2125 1593
3 1735 2718 1697
3 2579 2914 2580
3 2600 2601 2599
3 1742 1764 1741
3 1127 2569 1135
3 1518 1519 1517
3 1169 1170 1168
3 2341 2342 2340
3 1929 2051 1669
3 1614 2612 1759
3 736 737 735
3 1238 2637 1241
3 71 2541 671
3 1861 2078 1860
3 1938 1939 1617
3 2339 2340 2338
3 1158 1190 1157
3 1609 2570 1454
3 1709 2019 2018
3 1615 2489 1742
3 881 2699 883
3 1810 1894 1809
3 1024 1035 845
3 1784 1931 1786
3 1695 2143 2142
3 1048 1075 1074
3 2679 2680 1352
3 1561 1995 1639
3 2334 2335 2333
3 1294 2758 1249
3 2337 2338 2335
3 2355 2357 2350
3 1854 1986 1855
3 1060 1061 1058
3 1036 2593 1043
3 2344 2345 2342
3 2348 2350 2347
3 1725 2004 2003
3 899 2671 901
3 1081 1098 1097
3 1771 2218 1946
3 821 2556 823
3 883 926 885
3 1221 1222 1220
3 1340 2857 2446
3 1093 1157 1023
3 1455 2619 1753
3 1098 1108 1107
3 1036 1042 1035
3 1586 2515 1393
3 821 2711 2556
3 1689 1996 1916
3 1522 1582 1523
3 2346 2347 2345
3 897 899 898
3 2101 2222 2051
3 1172 1174 1173
3 2527 2588 1958
3 721 723 722
3 1222 2692 1225
3 850 1023 849
3 2674 2847 2827
3 1056 1367 1054
3 1508 1697 1696
3 1723 1879 1649
3 1987 2141 2140
3 2126 2574 1593
3 1092 2694 1079
3 1925 1926 1734
3 1451 2570 1701
3 1299 2717 1345
3 992 994 993
3 1064 1067 1066
3 1397 1398 1396
3 1285 1457 1416
3 1469 1470 1406
3 1987 2613 2141
3 1188 1189 1187
3 1072 1081 1078
3 1225 1226 1224
3 2332 2333 2331
3 2223 2224 2079
3 1540 1593 1356
3 990 992 991
3 1599 2445 1862
3 1759 2491 2490
3 2570 2589 1701
3 1933 1934 1633
3 1105 1109 1104
3 1760 2835 2545
3 1454 2570 1451
3 1110 1116 1109
3 1093 1159 1158
3 1161 1162 1160
3 1117 2254 1116
3 1043 1049 1042
3 851 853 852
3 1274 1276 1200
3 1270 2611 1285
3 1271 1627 1622
3 823 848 846
3 1336 1472 1335
3 1743 2719 1744
3 1159 1430 1161
3 782 783 781
3 1520 1522 1521
3 1370 1451 1369
3 1773 2827 1775
3 1368 1370 1369
3 1543 1544 1201
3 1374 1377 1375
3 1080 1154 1092
3 2579 2580 2120
3 1165 1168 1167
3 1525 2624 1980
3 1742 2489 1768
3 1819 2120 2119
3 1458 2632 1683
3 1405 1406 1400
3 1075 1080 1079
3 1428 1429 1350
3 2613 2850 2141
3 1177 1971 1191
3 720 2864 718
3 1519 2644 1517
3 1823 2488 1570
3 1904 1906 1905
3 2330 2331 2328
3 1101 1104 1100
3 1370 1454 1451
3 2571 2589 2570
3 1819 2579 2120
3 1206 2726 1209
3 1334 1335 1333
3 1004 2680 1000
3 1753 2619 2527
3 1049 1368 1128
3 1741 2635 1515
3 903 904 902
3 1570 1572 1571
3 1562 2736 2674
3 1874 2107 1705
3 1743 1744 1568
3 1455 1568 1454
3 1455 1743 1568
3 1108 1125 1124
3 1589 1982 1535
3 1165 1167 1164
3 907 2930 2927
3 1954 2241 1813
3 1142 1425 1145
3 1011 1012 1010
3 1368 1369 1128
3 1957 2719 1743
3 1958 2588 2302
3 1163 1164 1162
3 72 2541 71
3 2327 2328 2326
3 1093 1158 1157
3 1583 2631 1523
3 1096 1100 1095
3 1174 1176 1175
3 1172 1173 1170
3 1165 1169 1168
3 1451 1701 1452
3 1121 1123 1119
3 1349 1350 1348
3 1798 1799 1544
3 2597 2599 2598
3 1430 2577 1161
3 1627 1804 1803
3 2599 2603 2602
3 1565 1852 1657
3 811 835 813
3 1501 1503 1502
3 901 902 900
3 1518 1520 1519
3 1986 1987 1855
3 1127 1135 1134
3 1568 1609 1454
3 1052 1077 1050
3 1233 1234 1232
3 914 1565 1003
3 1178 1180 1179
3 2590 2635 1741
3 774 776 775
3 1193 1194 1189
3 2538 2740 1083
3 1698 1993 1992
3 1450 1517 1354
3 2731 2833 2546
3 1188 2695 1193
3 1513 2635 2487
3 1804 2278 2185
3 1753 1957 1743
3 1049 2529 1368
3 1269 1270 1194
3 1370 1455 1454
3 784 785 783
3 1302 2775 1361
3 1248 1252 1250
3 1611 1612 1578
3 2572 3014 2977
3 1464 1465 1276
3 1352 2680 1004
3 2536 2713 1424
3 848 1760 850
3 1596 1686 1684
3 1164 1166 1162
3 1847 1882 1881
3 2325 2326 2324
3 1992 2727 1574
3 1537 1700 1699
3 2644 2773 2679
3 1589 1983 1982
3 218 2691 219
3 1605 1854 1853
3 1777 1778 1776
3 1216 2670 1087
3 1455 1753 1743
3 748 749 747
3 1914 2504 1675
3 1986 2613 1987
3 1765 1766 1764
3 1845 1847 1846
3 899 900 898
3 1858 1860 1576
3 1001 1005 1004
3 1236 2637 1238
3 823 846 824
3 2642 2643 1748
3 1344 2587 1442
3 1713 1845 1714
3 1093 2545 1159
3 741 742 740
3 1384 2553 1681
3 2644 2679 1517
3 776 778 777
3 2323 2324 2322
3 1440 2692 1762
3 817 828 819
3 1495 2778 1497
3 1524 2649 1429
3 1854 1855 1853
3 1958 2301 1957
3 1794 1871 1778
3 1701 2172 1452
3 2599 2602 2598
3 1050 2529 1049
3 2601 2603 2599
3 1135 1149 1148
3 2627 2628 1729
3 1370 2619 1455
3 1942 2199 1623
3 858 2447 2208
3 1656 1870 1655
3 1788 1917 1790
3 1767 2267 1766
3 2596 2598 1061
3 80 633 79
3 219 635 220
3 1694 1705 1660
3 1372 1374 1373
3 2227 2230 2228
3 1528 2634 1531
3 1561 2707 1995
3 734 735 733
3 786 787 785
3 1525 1980 1527
3 1807 2708 1212
3 2058 2620 1167
3 1060 1063 1062
3 1775 1776 1774
3 2374 2424 1112
3 1527 2634 1528
3 1059 1060 1058
3 1180 1196 1195
3 1675 2504 1689
3 1683 1945 1875
3 1024 2638 1351
3 2025 2035 2034
3 850 1093 1023
3 1168 1869 1167
3 746 747 744
3 1605 2634 1854
3 939 943 938
3 1749 1813 1524
3 1114 2744 1132
3 1730 1735 1697
3 997 1793 1382
3 778 780 779
3 1196 1278 1277
3 1640 1727 1417
3 1514 1624 1614
3 1450 1518 1517
3 2183 2220 2182
3 2617 2649 1813
3 807 2752 851
3 1953 2515 1586
3 1178 1179 1176
3 1972 1973 1852
3 1035 1806 845
3 1510 1547 1263
3 938 2907 931
3 1753 1958 1957
3 2503 2793 1816
3 821 823 822
3 755 756 754
3 1773 1774 1678
3 2285 2286 843
3 2321 2322 2320
3 1451 1452 1369
3 1083 2740 1085
3 1062 2596 1061
3 1098 1107 1097
3 895 897 896
3 1077 2595 2588
3 1009 1438 1353
3 1457 1462 1416
3 1049 1128 1042
3 847 2683 1001
3 1675 1689 1462
3 1485 1486 1484
3 1577 1578 1486
3 1649 2688 1443
3 1068 1292 1065
3 2588 2605 2302
3 2225 2227 2226
3 1637 2694 1444
3 1528 1531 1530
3 1077 2529 1050
3 2054 2153 1691
3 1425 1507 1426
3 1164 2620 1166
3 788 789 787
3 2052 2128 1704
3 739 740 737
3 1332 1333 1331
3 1458 1683 1682
3 2037 2039 2038
3 1819 2119 1700
3 1753 2527 1958
3 2580 2581 2120
3 1167 2620 1164
3 2232 2234 2233
3 1531 1604 1532
3 1531 1605 1604
3 1108 1124 1107
3 942 945 944
3 1008 2546 1005
3 1057 1058 1056
3 1081 1097 1078
3 975 979 974
3 1367 2605 2595
3 2646 2658 974
3 2620 2621 1166
3 1269 2688 1270
3 1572 1680 1679
3 1987 2140 2139
3 988 2716 985
3 1272 1372 1273
3 1546 1746 1632
3 1007 2682 1022
3 1290 2764 2704
3 1054 2595 1052
3 1869 2058 1167
3 1149 1187 1186
3 2704 2764 1980
3 1141 2618 1140
3 1980 2763 1527
3 893 895 894
3 879 913 909
3 1242 1257 1244
3 790 791 789
3 1334 1336 1335
3 1584 2751 1666
3 2981 2992 2074
3 819 821 820
3 1540 1940 1593
3 1958 2302 2301
3 2265 2488 1823
3 1349 1428 1350
3 847 1001 1000
3 1140 1546 1211
3 1173 2651 1170
3 1043 1051 1050
3 1813 2649 1524
3 2186 3244 2162
3 1384 1681 1378
3 1604 1625 1532
3 947 949 948
3 1428 1524 1429
3 1127 1134 1125
3 1531 1532 1530
3 1965 2269 1962
3 1555 2713 1771
3 1560 1817 1750
3 219 2691 635
3 1683 2632 1984
3 1536 1589 1535
3 1389 1598 1380
3 1542 1594 1467
3 1135 1148 1134
3 1954 2295 2241
3 2230 2232 2231
3 2838 2878 1981
3 767 774 773
3 1410 2636 1569
3 1339 2651 1173
3 1666 2030 2029
3 1368 2619 1370
3 1762 2692 2565
3 1360 2938 1358
3 1654 1655 1559
3 1051 1052 1050
3 1508 1730 1697
3 1982 2697 1535
3 1174 1175 1173
3 1072 1078 1070
3 1885 1887 1886
3 780 782 781
3 1330 1331 1328
3 980 1747 979
3 2578 2675 1169
3 869 872 871
3 2597 2598 2596
3 2235 2875 2228
3 846 847 824
3 1605 1691 1604
3 1085 1216 1087
3 859 2447 858
3 891 893 892
3 1890 2171 2160
3 1283 1453 1281
3 905 974 889
3 1550 1610 1549
3 2673 2753 1292
3 1171 1349 1348
3 1605 1853 1691
3 753 754 751
3 762 764 763
3 983 1537 986
3 760 762 761
3 1749 1954 1813
3 1055 1056 1054
3 2226 2875 2229
3 914 2671 1565
3 817 819 818
3 1124 1525 1133
3 1525 1527 1526
3 1570 1571 1412
3 888 891 890
3 1213 1272 1215
3 2217 3114 681
3 1915 1969 1693
3 1238 1241 1240
3 1703 1952 1872
3 1567 1998 1591
3 2552 2708 1807
3 1024 1351 1036
3 1713 1714 1153
3 1515 2635 1513
3 1531 2634 1605
3 1349 2666 1428
3 1887 1890 1889
3 2254 2915 2256
3 1287 2787 2550
3 1970 2694 1637
3 1527 1528 1526
3 1987 2139 1855
3 1038 1102 1040
3 2223 2225 2224
3 1322 1327 1321
3 953 955 954
3 1525 1526 1133
3 1053 1054 1052
3 1730 2275 1735
3 1159 2545 1430
3 757 760 758
3 1853 2054 1691
3 1195 2697 1179
3 1347 2587 1344
3 1032 1293 1034
3 823 824 822
3 1124 2624 1525
3 1005 2546 1009
3 1620 1720 1719
3 1317 2736 1322
3 1582 1873 1584
3 1536 1702 1589
3 1532 1533 1530
3 1761 2667 2646
3 872 875 873
3 2595 2605 2588
3 1251 2784 1295
3 2763 2764 1986
3 1317 1321 1316
3 1565 2671 1972
3 989 2727 990
3 1005 1009 1004
3 955 957 956
3 1180 1195 1179
3 1001 1004 1000
3 961 2737 959
3 1218 1220 1219
3 1527 2763 2634
3 957 959 958
3 1043 2593 1051
3 1068 2673 1292
3 1764 2590 1741
3 1315 1316 1314
3 1528 1529 1526
3 1528 1530 1529
3 1209 1212 1210
3 853 855 854
3 1311 1312 1310
3 1196 1277 1195
3 1332 1334 1333
3 1168 2651 1869
3 1526 2774 1133
3 1125 2624 1124
3 1309 1310 1308
3 1313 1314 1312
3 1271 2695 1627
3 1301 2717 1299
3 1522 2780 1582
3 2092 2094 2090
3 1170 2651 1168
3 1459 2672 1536
3 1222 1224 1223
3 1149 1186 1148
3 2918 2928 1241
3 1920 2045 1922
3 1353 1354 1352
3 1520 1661 1522
3 1428 2666 1560
3 1459 1535 1279
3 897 898 896
3 3055 3085 2000
3 815 817 816
3 1341 1342 1154
3 1824 2183 2182
3 1548 1549 1547
3 1882 2011 1881
3 1052 2595 1077
3 821 822 820
3 1683 1875 1682
3 1972 2429 1973
3 1009 1353 1352
3 1492 1943 1489
3 1847 1881 1846
3 1124 1133 1107
3 1303 1304 1301
3 915 918 917
3 1817 1979 1750
3 1226 1228 1227
3 1518 2781 1520
3 1845 1846 1714
3 1496 1616 1494
3 1861 2079 2078
3 1666 2751 2030
3 1477 1721 1480
3 1206 1209 1208
3 1447 1620 1619
3 1270 1285 1284
3 1537 1699 986
3 2309 2688 1649
3 750 753 751
3 1772 2753 2673
3 895 896 894
3 1394 1396 1395
3 997 2735 1793
3 1628 1698 1574
3 2602 2606 2598
3 1449 1450 1354
3 855 857 856
3 1187 1268 1186
3 1091 1096 1095
3 2084 2085 1840
3 2076 2089 2075
3 1307 1308 1306
3 782 784 783
3 1688 1814 1581
3 1565 1972 1852
3 764 2638 763
3 1009 1352 1004
3 2597 2753 2600
3 816 833 814
3 885 887 886
3 2276 2366 2275
3 1459 1536 1535
3 1428 1560 1524
3 2634 2763 1854
3 1945 2108 1875
3 1343 1344 1342
3 1703 2672 1952
3 792 793 791
3 1815 1835 1814
3 819 820 818
3 857 859 858
3 1359 1360 1358
3 1536 1703 1702
3 901 2671 914
3 826 2791 820
3 2577 2815 2578
3 1407 1408 1360
3 1505 2779 1709
3 1371 1836 1659
3 1791 1936 1783
3 868 881 870
3 987 988 985
3 1560 1749 1524
3 1228 1230 1229
3 813 815 814
3 2624 2704 1980
3 1728 1811 1727
3 1771 2713 2388
3 796 797 795
3 2224 2728 2079
3 1627 2695 1975
3 2069 2070 2068
3 1305 1306 1304
3 755 757 756
3 984 985 982
3 1134 2624 1125
3 2023 2025 2024
3 1912 1913 1911
3 1186 1290 1148
3 989 990 988
3 1371 2831 1836
3 1001 2683 1007
3 1175 1339 1173
3 1450 1662 1518
3 794 795 793
3 1562 1564 1563
3 893 894 892
3 1572 1679 1571
3 2067 2068 2066
3 2914 2927 2580
3 1560 2666 1817
3 1949 2702 1950
3 1329 1562 1362
3 798 799 797
3 1573 1574 1376
3 847 1000 824
3 1377 1378 1375
3 1536 2672 1703
3 1202 1340 1204
3 1858 1861 1860
3 2073 2075 2072
3 1251 1294 1249
3 1501 1502 1498
3 1836 1838 1837
3 784 786 785
3 1873 2751 1584
3 883 885 884
3 1155 1201 1156
3 1907 3170 2669
3 2267 2268 1766
3 1279 2697 1195
3 743 746 744
3 1349 2675 2666
3 806 809 808
3 966 2737 961
3 817 818 816
3 1848 2833 2731
3 1171 2675 1349
3 1703 1704 1702
3 1230 1232 1231
3 732 733 730
3 1434 1435 1433
3 1346 1347 1344
3 692 2362 2316
3 2071 2072 2070
3 828 2904 2803
3 1299 1345 1297
3 875 878 876
3 1295 1296 1294
3 1353 1449 1354
3 1296 2772 1781
3 1759 2612 2491
3 1018 1106 1016
3 1285 1416 1415
3 1529 2774 1526
3 1443 2688 1269
3 1859 2829 2168
3 2631 2743 2641
3 1872 2052 1704
3 891 892 890
3 1979 2274 1750
3 1600 1901 1503
3 881 883 882
3 800 801 799
3 1097 1772 1078
3 2065 2066 2064
3 1799 1801 1800
3 1057 1059 1058
3 1952 2110 1872
3 1234 2686 1236
3 1564 1678 1677
3 811 813 812
3 1270 1284 1194
3 1277 1458 1279
3 2103 2104 2102
3 748 750 749
3 1560 1750 1749
3 981 2759 2677
3 1942 2290 2199
3 1448 2787 1287
3 1169 2675 1171
3 1747 2310 1844
3 1277 1279 1195
3 1927 2193 2177
3 1838 1856 1839
3 808 2752 807
3 1722 2501 2124
3 1441 1468 1347
3 2121 2123 2122
3 1458 1682 1459
3 1330 1332 1331
3 727 728 726
3 1085 2740 1216
3 1225 2692 1440
3 671 3109 2837
3 1730 2276 2275
3 2442 2502 1888
3 2149 2198 2150
3 2341 2344 2342
3 2339 2341 2340
3 1512 1651 1468
3 786 788 787
3 1661 2780 1522
3 1263 2686 1234
3 824 2681 822
3 1415 1534 1284
3 905 975 974
3 1281 2816 1278
3 1059 2647 1060
3 822 826 820
3 1766 2703 1764
3 1193 2695 1271
3 1582 2780 1873
3 1937 2060 1936
3 1376 2727 989
3 1833 2259 2134
3 1207 1358 1205
3 1689 1916 1690
3 1444 2694 1092
3 1144 2618 1141
3 2553 2554 1681
3 741 743 742
3 1142 2744 1425
3 1561 1639 1638
3 2632 2816 1984
3 1703 1872 1704
3 815 816 814
3 1994 2714 1655
3 1801 2049 1802
3 2344 2346 2345
3 2348 2355 2350
3 2346 2348 2347
3 1176 2776 1175
3 1458 1459 1279
3 1398 1400 1399
3 1374 1375 1373
3 1652 1851 1651
3 1809 2552 1807
3 1695 2778 2143
3 1627 1975 1804
3 1941 2102 1940
3 2680 2681 1000
3 2337 2339 2338
3 1151 1286 1147
3 2546 2833 1438
3 1298 1650 1300
3 1140 1211 1131
3 788 790 789
3 1646 2100 1899
3 725 726 723
3 825 2752 808
3 1520 2781 1661
3 2334 2337 2335
3 1366 2647 1059
3 1864 1970 1637
3 1322 1328 1327
3 887 888 886
3 1014 1390 1012
3 711 2840 1758
3 902 907 900
3 1322 2736 1329
3 1285 1415 1284
3 1055 1057 1056
3 2390 2391 1850
3 736 739 737
3 975 980 979
3 2832 2835 1979
3 1751 1897 1366
3 1120 1155 1122
3 1453 2816 1281
3 2063 2064 2061
3 1979 2862 2274
3 1762 2565 1955
3 1133 2774 2689
3 1355 1356 1336
3 1885 1886 1671
3 862 940 864
3 809 811 810
3 2332 2334 2333
3 1416 1460 1415
3 813 814 812
3 1317 1322 1321
3 1355 1561 1539
3 2092 2095 2094
3 1133 2689 1107
3 1539 1540 1356
3 1027 1044 1025
3 1424 2713 1555
3 1892 1893 1647
3 1470 1484 1483
3 1218 1219 1198
3 1746 1976 1632
3 1080 1341 1154
3 1618 1647 1446
3 2577 2832 2815
3 1222 1223 1220
3 1558 2818 1557
3 1662 2781 1518
3 896 906 894
3 1680 1878 1679
3 1247 1264 1245
3 1879 2309 1649
3 1750 2803 1749
3 1008 2731 2546
3 1749 2803 1954
3 1544 2757 1201
3 997 1382 1376
3 991 2716 988
3 1107 2689 1097
3 847 2732 2683
3 1148 2704 1134
3 1053 1055 1054
3 1209 2726 1792
3 1315 1317 1316
3 810 825 808
3 2268 2703 1766
3 1658 2005 1259
3 734 736 735
3 1070 2673 1068
3 1546 1632 1211
3 1643 1644 1642
3 729 730 728
3 1051 1053 1052
3 2012 2013 1811
3 1736 2560 2559
3 1226 1227 1224
3 977 1891 1421
3 1048 1076 1075
3 1682 2672 1459
3 2076 2090 2089
3 806 808 807
3 1302 1361 1320
3 1717 1898 1594
3 1573 1628 1574
3 2020 2021 2019
3 987 989 988
3 1313 1315 1314
3 1372 1373 1273
3 860 2800 862
3 1000 2681 824
3 1382 1592 1573
3 1628 2087 1698
3 930 971 928
3 984 987 985
3 992 998 994
3 2330 2332 2331
3 1134 2704 2624
3 2776 2841 1175
3 885 886 884
3 1334 1355 1336
3 1332 2707 1334
3 1213 2708 1272
3 1060 2647 1063
3 888 890 889
3 880 1805 1634
3 1311 1313 1312
3 1351 2593 1036
3 987 997 989
3 882 1551 870
3 1654 1656 1655
3 172 2676 171
3 947 948 945
3 802 803 801
3 811 812 810
3 1771 2388 2218
3 2274 2803 1750
3 1623 2746 878
3 1234 1236 1235
3 1926 2786 1734
3 980 2812 1747
3 2231 2901 2235
3 1272 1273 1215
3 888 889 886
3 1309 1311 1310
3 942 944 935
3 2681 2773 826
3 1871 2106 2105
3 1361 1365 1364
3 1846 1848 1714
3 1628 2088 2087
3 1689 1690 1462
3 1252 1253 1250
3 1341 1343 1342
3 1890 2160 1889
3 806 807 805
3 1295 2784 1298
3 1508 2682 1730
3 2627 2705 2628
3 1121 1129 1123
3 963 966 961
3 883 884 882
3 1078 2673 1070
3 1138 1182 1152
3 2327 2330 2328
3 1960 2777 1603
3 892 2715 890
3 173 636 174
3 1877 2252 1757
3 2835 2862 1979
3 1212 1213 1210
3 2103 2115 2104
3 804 805 803
3 2680 2773 2681
3 1535 2697 1279
3 1343 1346 1344
3 809 810 808
3 790 792 791
3 1621 2082 1902
3 1722 2056 1638
3 804 806 805
3 1103 1366 1059
3 1730 2682 2276
3 890 905 889
3 1916 2157 1690
3 1887 1889 1886
3 176 661 177
3 178 2696 177
3 953 954 951
3 1562 1563 1362
3 1394 1395 965
3 1290 2704 1148
3 990 2783 992
3 970 2737 2503
3 822 2681 826
3 1022 2682 1508
3 983 986 984
3 1234 1235 1232
3 996 1434 1433
3 179 640 180
3 1540 1941 1940
3 1307 1309 1308
3 1711 1834 1590
3 168 638 167
3 2092 2279 2095
3 881 882 870
3 1652 2266 1999
3 2073 2076 2075
3 171 662 170
3 1833 2081 1832
3 174 634 173
3 1677 1832 1563
3 1764 2703 2590
3 975 981 980
3 1382 1573 1376
3 2325 2327 2326
3 981 983 982
3 1425 2744 2668
3 1228 1229 1227
3 2408 2849 2409
3 2657 2730 724
3 1441 1587 1512
3 1780 2758 1294
3 64 2797 63
3 981 982 980
3 1430 2832 2577
3 1097 2689 1772
3 1639 1722 1638
3 1564 1677 1563
3 1781 2772 1791
3 1798 2900 1866
3 997 1376 989
3 1365 1558 1557
3 1283 2742 1453
3 69 2817 68
3 1714 2731 1153
3 1255 2830 1253
3 1329 1330 1328
3 2076 2091 2090
3 1571 2742 1412
3 862 2800 940
3 1153 2731 1008
3 1346 1441 1347
3 2761 2855 1422
3 2047 2258 2207
3 2069 2071 2070
3 800 842 802
3 1993 2729 1992
3 1201 1202 1156
3 1992 2783 2727
3 868 870 869
3 2067 2069 2068
3 983 984 982
3 1437 1542 1467
3 1441 1512 1468
3 2091 2092 2090
3 1343 1439 1346
3 2323 2325 2324
3 1709 2779 2020
3 839 2846 2428
3 1821 1825 1820
3 1826 1841 1825
3 2071 2073 2072
3 1230 1231 1229
3 1720 2127 1719
3 1561 1638 1539
3 1132 2744 1142
3 1941 2103 2102
3 1322 1329 1328
3 1998 2734 1591
3 899 2768 2671
3 872 2804 875
3 1592 2762 1573
3 1904 1905 1732
3 1722 2124 2056
3 1512 1652 1651
3 1305 1307 1306
3 949 1422 948
3 1113 2725 2640
3 1842 2014 1841
3 1909 1912 1911
3 1106 2808 1016
3 2109 2114 1834
3 1053 1363 1055
3 1470 1483 1406
3 1539 2769 1540
3 959 970 958
3 1776 1779 1774
3 170 663 171
3 866 868 867
3 796 798 797
3 800 802 801
3 1398 1399 1396
3 2106 2209 2159
3 798 800 799
3 1799 1800 1544
3 1620 1719 1619
3 1772 2673 1078
3 1800 2757 1544
3 1781 1791 1783
3 957 958 956
3 2080 2223 2079
3 1652 1999 1851
3 177 664 176
3 1574 2727 1376
3 794 796 795
3 1329 1362 1330
3 1747 2812 2310
3 180 2709 181
3 802 804 803
3 955 956 954
3 1677 1833 1832
3 2671 2768 1972
3 1355 1539 1356
3 1688 1815 1814
3 792 794 793
3 1412 2742 1283
3 1972 2768 2429
3 1871 2105 1778
3 1679 1822 1571
3 2065 2067 2066
3 1361 2775 1865
3 1101 1105 1104
3 820 2791 818
3 868 869 867
3 1303 1305 1304
3 1103 1751 1366
3 1612 1660 1613
3 2321 2323 2322
3 1425 2668 1507
3 2170 2205 2204
3 1875 2824 1682
3 866 867 865
3 2670 2814 1089
3 1653 2083 1718
3 860 861 859
3 1626 1820 1431
3 1010 2836 2540
3 1573 2762 1628
3 1833 2134 2081
3 1751 2057 1897
3 1278 2816 2632
3 1850 2802 1680
3 1096 1101 1100
3 1105 1110 1109
3 1755 2755 2551
3 746 748 747
3 1209 1210 1208
3 1928 3150 1929
3 2399 2985 1499
3 1202 2757 1340
3 2077 3220 2748
3 985 2812 982
3 1292 2753 2597
3 1980 2764 2763
3 2545 2835 1430
3 1304 2717 1301
3 1906 2200 1905
3 1012 2836 1010
3 788 831 790
3 2088 2192 2087
3 1229 1325 1227
3 890 2715 905
3 1610 1932 1831
3 878 2746 879
3 2318 2321 2320
3 864 866 865
3 923 2741 2591
3 2069 2074 2071
3 1801 1802 1800
3 1329 2736 1562
3 1434 1552 1435
3 1155 1156 1122
3 1057 1103 1059
3 774 1630 776
3 1835 2869 1814
3 2084 2086 2085
3 167 639 168
3 1313 1319 1315
3 2100 2155 1899
3 739 741 740
3 2143 2778 2414
3 180 637 179
3 1791 1937 1936
3 2627 2953 2705
3 1212 2708 1213
3 2063 2065 2064
3 2225 2237 2227
3 1254 1255 1253
3 1828 1830 1829
3 181 683 182
3 166 684 165
3 2301 2935 1533
3 1567 2834 1998
3 1634 1942 1623
3 782 836 784
3 1400 1580 1399
3 866 2760 2733
3 183 2723 182
3 796 827 798
3 880 1623 878
3 1016 2808 1014
3 778 844 780
3 864 865 863
3 1236 1238 1237
3 921 925 924
3 767 2730 774
3 1830 2174 2173
3 1403 2829 1402
3 1390 2836 1012
3 2059 2097 2004
3 1724 1725 1644
3 818 2765 816
3 1129 1137 1130
3 1334 2707 1355
3 862 863 861
3 1237 1326 1235
3 1647 2821 1446
3 1830 2173 1829
3 1859 2167 1944
3 1307 1318 1309
3 732 734 733
3 1632 1635 1211
3 1760 2862 2835
3 925 932 931
3 1861 2080 2079
3 984 2735 987
3 1822 2742 1571
3 1814 2690 1581
3 1848 2731 1714
3 2065 2494 2067
3 816 2765 833
3 992 2783 998
3 978 2779 1505
3 1262 1266 1260
3 1547 2686 1263
3 875 2804 880
3 1575 1859 1857
3 1580 1581 1399
3 1110 1117 1116
3 1540 2769 1941
3 1241 1242 1240
3 1232 2685 1231
3 63 2797 657
3 1680 2802 1878
3 1492 2706 1943
3 181 2722 180
3 1251 1295 1294
3 1295 1297 1296
3 1912 2221 1913
3 792 843 794
3 1486 2805 1484
3 2707 2796 1995
3 2727 2783 990
3 164 2721 165
3 857 860 859
3 2446 2944 1808
3 1408 1643 1642
3 1497 2778 1695
3 860 862 861
3 1290 2850 2613
3 1434 1828 1552
3 853 1541 855
3 1213 1215 1214
3 862 864 863
3 1654 2822 1656
3 1618 1892 1647
3 2022 2023 2021
3 1396 2690 1395
3 66 2842 65
3 1144 2720 2618
3 2143 2414 2147
3 183 2745 184
3 1378 1427 1375
3 986 2735 984
3 1982 2776 2697
3 1621 1795 1483
3 1207 1359 1358
3 2391 2802 1850
3 165 685 166
3 182 686 181
3 1131 2725 1113
3 1484 1621 1483
3 1557 2818 1653
3 1709 2020 2019
3 2679 2773 2680
3 982 2812 980
3 1147 2720 1144
3 1355 2707 1561
3 1634 1997 1942
3 1373 1392 1273
3 2178 2179 1967
3 987 2735 997
3 1646 1688 1581
3 1302 1303 1301
3 2082 2144 1902
3 918 921 920
3 880 1634 1623
3 753 755 754
3 1213 1214 1210
3 1494 2706 1492
3 1932 2184 1988
3 1236 1237 1235
3 1937 2061 2060
3 1828 1829 1552
3 2079 2728 2078
3 2106 2159 2105
3 1361 1364 1320
3 184 2724 183
3 1206 1208 1207
3 725 727 726
3 1256 1258 1255
3 2316 2843 2318
3 1610 1831 1549
3 1580 1646 1581
3 1202 1203 1156
3 1542 1717 1594
3 1359 1407 1360
3 1719 1896 1619
3 776 2754 778
3 948 2795 945
3 2646 2876 2658
3 721 725 723
3 949 2761 1422
3 1345 2772 1297
3 2356 2359 2355
3 1300 1301 1299
3 1381 1403 1402
3 1179 2776 1176
3 1646 1899 1688
3 1983 2841 1982
3 2232 2236 2234
3 1259 2830 1255
3 2040 2041 1613
3 1982 2841 2776
3 1182 1199 1185
3 1857 1858 1576
3 1682 2824 2672
3 1710 1959 1603
3 2645 2790 2657
3 1051 2863 1053
3 2133 2257 1718
3 1591 1712 1711
3 1447 1619 1618
3 1653 1654 1559
3 2964 2973 2494
3 1014 2808 1390
3 1201 2757 1202
3 970 1446 958
3 970 1447 1446
3 1215 1401 1214
3 2736 2847 2674
3 1628 2762 2088
3 2036 2037 2035
3 1238 1239 1237
3 1089 2814 1091
3 1557 1559 1364
3 2062 2582 2063
3 1298 1299 1297
3 1602 1603 1420
3 1204 1206 1205
3 1621 1902 1795
3 860 2809 2800
3 729 732 730
3 956 1796 954
3 1926 2874 2786
3 1638 2769 1539
3 1379 1380 764
3 1379 2792 1381
3 1734 2787 1448
3 1407 2844 1408
3 959 2737 970
3 757 769 760
3 1363 2826 1055
3 1298 2784 1650
3 1362 2796 1330
3 1365 1557 1364
3 727 729 728
3 875 880 878
3 1447 1618 1446
3 2578 2815 2675
3 1202 1204 1203
3 1621 2805 2082
3 905 2759 975
3 1937 2062 2061
3 1551 2819 870
3 1330 2796 1332
3 1652 2782 2266
3 184 644 185
3 163 643 162
3 1612 1613 1578
3 185 2748 186
3 186 688 187
3 161 687 160
3 1591 2734 1712
3 2593 2863 1051
3 2348 2356 2355
3 1402 2829 1575
3 1711 2109 1834
3 188 655 189
3 159 656 158
3 162 645 163
3 185 646 184
3 1055 2826 1057
3 1315 2847 1317
3 1295 1298 1297
3 1235 2685 1232
3 2675 2815 2666
3 2715 2759 905
3 945 2795 944
3 1567 1591 1590
3 2062 2063 2061
3 187 2749 188
3 1836 1837 1659
3 994 2801 996
3 1575 1576 1404
3 1477 2710 1721
3 2986 3012 1275
3 940 2760 864
3 750 768 753
3 1359 1567 1407
3 774 2730 1630
3 1422 1607 1431
3 1616 2706 1494
3 762 1379 764
3 1441 2785 1587
3 1300 1302 1301
3 2341 2352 2344
3 1302 1320 1303
3 2049 2810 1802
3 1298 1300 1299
3 1842 2015 2014
3 2686 2798 2637
3 1607 1900 1626
3 1332 2796 2707
3 1418 2710 1477
3 158 2750 157
3 1399 2690 1396
3 2735 2813 1793
3 1821 1826 1825
3 2318 2843 2321
3 1826 1842 1841
3 724 2730 767
3 2697 2776 1179
3 906 2902 2886
3 1400 2766 1580
3 2083 2133 1718
3 171 2676 662
3 1238 1240 1239
3 1206 1207 1205
3 2020 2022 2021
3 1626 1821 1820
3 965 2756 963
3 963 2756 966
3 1827 2132 2010
3 975 2759 981
3 928 2741 923
3 743 765 746
3 1286 2720 1147
3 2766 2865 1580
3 1859 1944 1857
3 1422 1431 948
3 818 2791 2765
3 1091 2814 1096
3 1423 1463 1387
3 633 2888 79
3 1211 2725 1131
3 1826 2180 1842
3 2356 2363 2359
3 2040 2137 2041
3 1557 1653 1559
3 2672 2824 1952
3 935 2747 930
3 869 2819 872
3 1736 2544 1137
3 864 2760 866
3 1484 2805 1621
3 1402 1404 1389
3 186 2770 185
3 2085 2852 1840
3 969 2903 2861
3 1736 2559 2544
3 1123 2915 1119
3 1381 1389 1380
3 1757 2755 1755
3 2334 2353 2337
3 996 2801 1434
3 1137 2807 1138
3 1250 1251 1249
3 800 2806 842
3 1567 1590 1407
3 1796 2855 2761
3 951 2761 949
3 1186 2850 1290
3 68 2817 649
3 930 2747 971
3 715 840 717
3 998 2801 994
3 1591 1711 1590
3 1204 1205 1203
3 1465 1692 1579
3 736 770 739
3 2544 2807 1137
3 1096 1553 1101
3 1818 2902 1819
3 1297 2772 1296
3 1699 2813 986
3 2674 2827 1773
3 1736 2839 2560
3 1267 1386 1266
3 1660 2040 1613
3 1120 1122 1121
3 1718 2822 1654
3 1727 2846 1417
3 1932 1988 1831
3 190 2789 189
3 2428 2864 720
3 2056 2769 1638
3 880 2804 1805
3 1653 1718 1654
3 160 689 161
3 187 690 186
3 177 2696 664
3 1406 2766 1400
3 2753 2823 2600
3 640 2709 180
3 2025 2036 2035
3 879 2746 913
3 2815 2832 1817
3 872 2819 2804
3 157 2794 156
3 1575 1857 1576
3 1827 2010 1717
3 3152 3158 2101
3 1317 2847 2736
3 1118 2838 2526
3 1542 1827 1717
3 932 939 938
3 2623 2861 1752
3 1242 1243 1240
3 1208 2834 1207
3 1994 2883 2714
3 1838 1839 1837
3 1319 2847 1315
3 1607 1626 1431
3 2323 2361 2325
3 1118 1119 1117
3 1242 1244 1243
3 2997 3010 1999
3 1053 2863 1363
3 1248 1250 1249
3 1381 2792 1403
3 1435 2820 1437
3 725 1556 727
3 1248 1249 1247
3 1643 1724 1644
3 2786 2787 1734
3 1402 1575 1404
3 2327 2354 2330
3 884 2876 882
3 1326 2685 1235
3 188 2771 187
3 671 2837 2650
3 1549 2798 1547
3 1118 1120 1119
3 778 2754 844
3 1913 2767 2170
3 2666 2815 1817
3 2221 2767 1913
3 159 2788 160
3 1120 1121 1119
3 1587 2782 1512
3 1552 2820 1435
3 1659 2001 1658
3 1260 2831 1258
3 1453 2877 2539
3 1512 2782 1652
3 1246 1248 1247
3 1437 2820 1542
3 1346 2785 1441
3 2001 2991 2978
3 1110 1118 1117
3 729 771 732
3 1408 2844 1643
3 986 2813 2735
3 1893 2920 1647
3 911 2880 915
3 1244 1245 1243
3 1381 1402 1389
3 711 1758 713
3 1581 2690 1399
3 1988 2928 2918
3 2043 3090 2044
3 2633 2919 1990
3 1379 1381 1380
3 1395 2756 965
3 1246 1247 1245
3 1653 2818 2083
3 1439 2785 1346
3 1646 2865 2100
3 2774 2823 2689
3 2033 2084 1840
3 1244 1246 1245
3 1725 2059 2004
3 158 654 159
3 189 653 188
3 1371 1659 1658
3 1199 1274 1200
3 1371 1658 1259
3 1431 2795 948
3 971 2741 928
3 191 2879 190
3 870 2819 869
3 65 2842 696
3 1635 2725 1211
3 181 2709 683
3 1057 2826 1103
3 1434 2801 1828
3 2022 2026 2023
3 191 665 192
3 156 666 155
3 2044 3090 3081
3 760 2854 762
3 954 2761 951
3 1139 2853 1130
3 1258 1371 1259
3 2121 2122 1686
3 2252 2755 1757
3 944 2747 935
3 882 2876 1551
3 1207 2834 1359
3 2371 2977 968
3 1752 2861 1909
3 1817 2832 1979
3 1129 1736 1137
3 1483 2766 1406
3 2170 2767 2205
3 1712 2856 1711
3 1834 2844 1590
3 798 2806 800
3 2689 2823 1772
3 1096 2814 1553
3 1630 2754 776
3 2658 2876 884
3 2114 2911 1834
3 1820 2795 1431
3 1839 1840 1837
3 1772 2823 2753
3 1578 2811 1486
3 180 2722 637
3 1547 2798 2686
3 2622 3120 1625
3 2917 2937 1830
3 1829 2905 2882
3 3150 3152 1929
3 156 2825 157
3 1486 2811 2805
3 857 2809 860
3 2005 2830 1259
3 827 2806 798
3 1795 2766 1483
3 936 2948 2908
3 2257 2822 1718
3 855 2809 857
3 1795 2865 2766
3 1117 2915 2254
3 1362 2898 2796
3 1839 2033 1840
3 1417 2846 839
3 1258 1259 1255
3 1541 2809 855
3 1175 2841 1339
3 1832 2898 1563
3 182 2723 686
3 1990 2919 1746
3 939 972 943
3 1732 2799 1726
3 1857 2859 1858
3 183 2724 2723
3 2924 2946 1805
3 77 2929 674
3 1203 2926 2887
3 1844 2946 1761
3 1542 2820 1827
3 1575 2829 1859
3 2803 2904 1954
3 1976 2870 1632
3 165 2721 685
3 686 2722 181
3 1516 2958 2310
3 172 2890 2676
3 918 1566 921
3 1602 1710 1603
3 2691 2860 635
3 1831 2798 1549
3 1825 2893 1820
3 2036 2197 2037
3 1710 2188 2187
3 1268 2850 1186
3 1796 2761 954
3 1427 2848 1375
3 906 2886 894
3 1375 2848 1373
3 2927 2930 2580
3 1313 2868 1319
3 2219 3062 1566
3 1258 2831 1371
3 1373 2848 1392
3 1767 3032 2287
3 634 2890 173
3 1841 2942 1825
3 1421 1608 1602
3 1121 2839 1129
3 769 2854 760
3 892 2886 2715
3 1944 2859 1857
3 1590 2844 1407
3 1138 2807 1182
3 2600 2897 2601
3 1359 2834 1567
3 1811 2239 1727
3 2742 2877 1453
3 2332 2851 2334
3 2041 2811 1613
3 762 2854 1379
3 1552 2882 2820
3 1711 2856 2109
3 1710 2187 1959
3 1242 2928 1257
3 2239 2846 1727
3 1274 1464 1276
3 1791 2872 1937
3 1532 2909 1533
3 184 2745 644
3 2772 2872 1791
3 925 933 932
3 2362 2843 2316
3 2950 2958 1997
3 1122 2839 1121
3 958 2821 956
3 173 2890 172
3 1358 2926 1205
3 1446 2821 958
3 675 3339 2159
3 2690 2869 1395
3 155 667 156
3 192 668 191
3 937 3035 2407
3 1379 2854 2792
3 956 2821 1796
3 977 1421 1420
3 1421 1602 1420
3 2325 2858 2327
3 1129 2839 1736
3 646 2724 184
3 1692 1915 1693
3 1353 2906 1449
3 1800 2857 2757
3 1905 2799 1732
3 906 2914 2579
3 1311 2868 1313
3 2603 2935 2302
3 2048 3273 2789
3 1318 2885 1309
3 1533 2925 1530
3 1613 2811 1578
3 2304 3098 1102
3 2330 2867 2332
3 1105 2838 1110
3 1829 2882 1552
3 1253 2871 1250
3 1802 2857 1800
3 713 2866 715
3 2996 3014 1545
3 1596 1684 1463
3 1909 2861 1912
3 644 2748 185
3 1251 2871 2784
3 2228 2875 2226
3 188 2749 655
3 186 2748 688
3 1266 2831 1260
3 1765 3032 1767
3 2886 2902 2678
3 688 2749 187
3 1822 2877 2742
3 2830 2871 1253
3 2381 2949 2380
3 1659 2852 2001
3 2714 2883 1320
3 1320 2883 1303
3 2023 2828 2025
3 2334 2851 2353
3 1722 2931 2501
3 656 2750 158
3 1422 2855 1607
3 185 2770 646
3 977 2896 1891
3 1828 2917 1830
3 1814 2869 2690
3 1110 2838 1118
3 1449 2934 1450
3 2757 2857 1340
3 1214 2881 1210
3 2715 2886 2678
3 1215 2894 1401
3 2640 2960 2583
3 1199 1275 1274
3 1214 2940 2881
3 1632 2870 1635
3 1937 2872 2062
3 2026 2828 2023
3 1203 2887 1156
3 1580 2865 1646
3 1563 2898 1362
3 896 2914 906
3 2774 2897 2823
3 1080 2912 1341
3 152 680 153
3 195 679 194
3 2667 2946 2924
3 2361 2858 2325
3 1392 2894 1273
3 1954 2904 2295
3 2750 2794 157
3 977 1420 972
3 2796 2898 1995
3 931 2907 937
3 1832 2916 2898
3 2327 2858 2354
3 1961 2152 1963
3 2834 2881 1998
3 1076 2912 1075
3 1837 2852 1659
3 907 2927 900
3 1553 2878 1101
3 1208 2881 2834
3 2823 2897 2600
3 2839 2887 2560
3 2820 2882 1827
3 690 2770 186
3 1965 2845 2269
3 939 977 972
3 1844 2958 2950
3 2354 2867 2330
3 2025 2828 2036
3 1250 2871 1251
3 1994 2921 2883
3 2196 3026 2160
3 1309 2885 1311
3 194 681 195
3 153 682 152
3 1101 2878 1105
3 190 2879 2789
3 2882 2905 2132
3 2081 2916 1832
3 1395 2869 2756
3 1306 2943 1304
3 1122 2887 2839
3 160 2788 689
3 187 2771 690
3 1145 2956 1143
3 2897 2925 2601
3 894 2886 892
3 1210 2881 1208
3 1303 2883 1305
3 1345 2872 2772
3 2014 2961 1841
3 1409 2974 2767
3 2184 2951 1988
3 189 2789 653
3 2332 2867 2851
3 1311 2885 2868
3 1974 2895 1794
3 2887 2926 2560
3 2321 2892 2323
3 1840 2852 1837
3 2729 2937 2917
3 2173 2905 1829
3 156 2794 666
3 79 2888 78
3 2795 2893 944
3 653 2771 188
3 1156 2887 1122
3 1967 2845 1965
3 1827 2882 2132
3 654 2788 159
3 2637 2918 1241
3 715 2866 840
3 1307 2921 1318
3 1995 2916 1639
3 1981 2900 1798
3 1105 2878 2838
3 2323 2892 2361
3 1870 3034 3011
3 2872 2933 2062
3 1686 2884 1684
3 1758 2866 713
3 1273 2894 1215
3 2081 2931 2916
3 915 2880 918
3 2233 2901 2231
3 2136 3107 2204
3 2843 2892 2321
3 2898 2916 1995
3 2678 2902 1818
3 2200 2873 1905
3 1608 2889 1602
3 2826 2936 1103
3 1991 3052 2980
3 1930 2028 1685
3 1816 2967 1843
3 1243 2923 1240
3 2279 3023 1504
3 2630 2969 2752
3 2844 2911 1643
3 2900 2975 1866
3 1529 2897 2774
3 812 2953 810
3 2969 2989 1541
3 1841 2961 2942
3 2179 2845 1967
3 1769 2997 2604
3 198 3000 199
3 101 3001 100
3 2888 2929 78
3 2576 3066 2011
3 1835 2922 2869
3 2811 2910 2805
3 1239 2932 1237
3 1643 2911 1724
3 1198 2952 1184
3 2906 3082 1449
3 668 2879 191
3 2861 2903 1912
3 2865 2899 2100
3 1831 2918 2798
3 1345 2933 2872
3 2302 2935 2301
3 1902 2899 1795
3 1611 2949 2381
3 195 2891 196
3 1551 2924 2819
3 1602 2889 1710
3 1438 2906 1353
3 944 2893 2747
3 2380 3175 645
3 2916 2931 1639
3 1710 2889 2188
3 1684 1930 1685
3 2667 2924 1551
3 2393 2908 2779
3 2804 2924 1805
3 2881 2940 1998
3 1912 2903 2221
3 2779 2908 2020
3 1387 2955 1386
3 1820 2893 2795
3 2775 2972 1865
3 1503 2959 1502
3 2729 2917 998
3 2752 2969 851
3 2057 3141 3138
3 2705 2953 812
3 2486 3002 1797
3 1684 1685 1463
3 2798 2918 2637
3 1386 2955 2437
3 918 2880 1566
3 1625 2909 1532
3 1625 3120 2719
3 1795 2899 2865
3 2041 2910 2811
3 1862 3020 2438
3 2591 2996 1545
3 667 2825 156
3 2819 2924 2804
3 2977 3014 2015
3 998 2917 2801
3 1075 2912 1080
3 3173 3176 2060
3 1119 2915 1117
3 2548 2976 2960
3 1529 2925 2897
3 2857 2944 2446
3 2197 2941 2037
3 1893 2954 2920
3 1905 2873 2799
3 2831 2913 1836
3 1205 2926 1203
3 898 2914 896
3 1871 3041 2106
3 2717 2933 1345
3 1310 2973 1308
3 933 2896 932
3 2801 2917 1828
3 1639 2931 1722
3 1220 2966 1219
3 2810 3061 2053
3 1834 2911 2844
3 1647 2920 2821
3 2883 2921 1305
3 1530 2925 1529
3 1241 2928 1242
3 1607 2954 1900
3 932 2896 939
3 1240 2923 1239
3 2020 2908 2022
3 1835 2967 2922
3 2922 2967 2793
3 966 2922 2793
3 1805 2950 1634
3 1684 2884 1930
3 1305 2921 1307
3 3029 3092 172
3 1388 2973 2964
3 1998 2940 2734
3 2368 2995 1997
3 802 2963 804
3 1746 2919 1976
3 2957 3256 2008
3 2037 2941 2039
3 731 3164 3143
3 1847 2987 2158
3 900 2927 898
3 2062 2933 2582
3 1988 2951 2928
3 1802 2944 2857
3 1692 2000 1915
3 2122 2884 1686
3 804 2963 2738
3 898 2927 2914
3 2279 3040 3023
3 2275 3022 1735
3 196 705 197
3 151 706 150
3 2805 2910 2082
3 1388 2964 2582
3 2154 2987 1845
3 2756 2922 966
3 1401 2940 1214
3 2717 2943 2933
3 1386 2913 1266
3 2821 2920 1796
3 1924 3121 3117
3 853 2969 1541
3 2289 3020 2288
3 1988 2918 1831
3 2582 2964 2063
3 2065 2964 2494
3 1324 2992 2981
3 2933 2943 2582
3 2106 3048 2209
3 939 2896 977
3 719 2970 721
3 2869 2922 2756
3 1076 3076 2497
3 1266 2913 2831
3 2560 2938 2559
3 1863 2984 1864
3 2580 2930 2581
3 1450 2934 1662
3 154 2939 153
3 1870 3011 1994
3 1796 2920 2855
3 1103 2936 1751
3 78 2929 77
3 2003 3012 2492
3 1237 2932 1326
3 1224 2979 1223
3 1825 2942 2893
3 2871 2945 2784
3 2493 3012 2986
3 1844 2950 2946
3 1761 2946 2667
3 1324 2981 2494
3 786 3064 2263
3 2978 2991 1865
3 1634 2950 1997
3 1358 2938 2926
3 1830 2937 2174
3 1365 2991 1558
3 1314 2992 1312
3 1993 2937 2729
3 2548 2960 1635
3 2830 2945 2871
3 1991 3117 3052
3 1416 2983 1460
3 2936 2947 1751
3 2784 2945 1650
3 2648 3007 2074
3 2404 2949 1611
3 2001 2978 1658
3 1868 3024 1933
3 2116 3162 2264
3 1325 2979 1227
3 1751 2947 2057
3 2211 3246 2194
3 1690 2983 1462
3 2945 2972 1650
3 2968 2989 2031
3 2767 2974 2205
3 1231 2980 1229
3 1460 2990 1415
3 2102 3261 3108
3 3312 3339 2653
3 2246 3278 680
3 2975 3015 1866
3 1880 3013 2166
3 3041 3048 2106
3 2162 3167 2161
3 3066 3088 2011
3 2069 2981 2074
3 1866 3015 2684
3 725 2970 1556
3 810 2953 825
3 1843 2993 2511
3 2908 2948 2022
3 2747 2942 971
3 2494 2981 2067
3 1997 2995 1942
3 1035 3004 1806
3 2427 3043 2426
3 152 2965 151
3 2809 2968 2800
3 1128 3004 1042
3 2893 2942 2747
3 2810 2944 1802
3 2928 2951 1257
3 2652 3332 2654
3 153 2939 682
3 190 3006 191
3 1304 2943 2717
3 1321 3019 1323
3 2654 3332 642
3 2926 2938 2560
3 2022 2948 2026
3 2282 3313 2939
3 2493 2986 2807
3 2946 2950 1805
3 681 2891 195
3 2310 2958 1844
3 2920 2954 2855
3 2684 3027 2050
3 1219 2952 1198
3 2046 2994 1951
3 2085 3030 3005
3 1504 3023 1331
3 2203 3266 175
3 2563 3071 2558
3 1629 3106 2417
3 1506 2956 1145
3 2351 3063 2427
3 2250 3283 2247
3 2205 2974 2306
3 639 3153 2403
3 2942 2961 971
3 2005 2945 2830
3 2699 3044 926
3 1463 2955 1387
3 2005 2972 2945
3 2693 3039 1275
3 1199 2986 1275
3 2074 3007 2071
3 1933 2962 1934
3 2364 3068 670
3 2630 2989 2969
3 1635 2960 2725
3 2148 3190 687
3 682 2965 152
3 1901 2959 1503
3 3128 3135 2045
3 2076 3016 2091
3 1190 3031 1157
3 2947 3141 2057
3 2934 3084 1662
3 2807 2986 1182
3 1328 3023 1327
3 851 2969 853
3 926 3049 2665
3 2222 3140 1598
3 1685 2955 1463
3 1794 3034 1871
3 2271 3085 3055
3 3260 3263 2084
3 1811 2982 2239
3 1650 2972 2775
3 2616 3330 1993
3 2032 2989 2630
3 158 2998 654
3 2665 3057 2663
3 2461 3094 2460
3 171 3029 172
3 842 2963 802
3 2733 3042 2699
3 1842 3009 2015
3 2663 3069 2661
3 2661 3072 2660
3 2537 3051 3045
3 2825 2998 157
3 2459 3063 2458
3 1969 3160 2112
3 1541 2968 2809
3 2660 3077 2664
3 2814 2975 1553
3 2271 3055 1464
3 2537 3045 2538
3 2063 2964 2065
3 2968 3021 2800
3 2725 2960 2640
3 1978 3114 1964
3 1545 3014 2572
3 1223 2966 1220
3 672 3305 3270
3 1853 3036 2054
3 2855 2954 1607
3 2583 2976 1111
3 2139 3036 1855
3 971 2961 2741
3 3044 3049 926
3 196 2891 705
3 2014 2996 2961
3 2972 2978 1865
3 2387 3071 973
3 2303 3098 2304
3 638 3353 2439
3 2216 3119 1357
3 1102 3118 2304
3 2095 3210 2094
3 2091 3040 2092
3 2793 2967 1816
3 1553 2975 2900
3 2029 3021 2031
3 1366 3046 2647
3 2056 3311 3272
3 3015 3027 2684
3 1308 2973 1388
3 3158 3166 2101
3 721 2970 725
3 2465 3101 2464
3 2129 3323 3006
3 3072 3077 2660
3 151 2965 706
3 3069 3072 2661
3 650 3318 2209
3 1658 2978 2005
3 3049 3057 2665
3 2422 3127 695
3 3005 3030 1558
3 1867 2976 2548
3 832 3340 2513
3 1598 3155 2222
3 654 3286 2294
3 3057 3069 2663
3 2204 3107 2215
3 2976 2988 1111
3 2572 2977 2371
3 2670 2975 2814
3 2967 2993 1843
3 2029 3025 3021
3 2414 2985 2149
3 2030 3025 2029
3 2463 3094 2462
3 2429 3084 1973
3 1815 2993 1835
3 2589 3056 1701
3 738 3093 2523
3 2469 3112 2468
3 1111 2988 2625
3 1013 3066 2576
3 2014 3014 2996
3 1626 3038 1821
3 3027 3045 2050
3 1338 3066 1011
3 2505 3132 1293
3 3042 3044 2699
3 1867 2988 2976
3 2238 3116 1189
3 2956 3026 2196
3 2084 3263 2086
3 2437 3018 1856
3 2085 3005 2852
3 2984 3052 1864
3 1227 2979 1224
3 1970 3121 2564
3 2470 3128 2045
3 2389 3097 2392
3 2031 3021 2968
3 3011 3034 2895
3 1229 2980 1325
3 2620 3060 2621
3 2828 3035 2036
3 2094 3210 3208
3 2007 3074 2219
3 1063 3113 3105
3 2670 3015 2975
3 1865 2991 1365
3 1499 2985 2414
3 1462 2983 1416
3 1685 3018 2955
3 2149 2985 2198
3 703 3253 54
3 1849 3097 2389
3 1845 2987 1847
3 1067 3051 2537
3 3073 3088 2535
3 3254 3260 2033
3 2067 2981 2069
3 1182 2986 1199
3 2457 2984 1863
3 2655 3276 2654
3 2625 3010 1769
3 2013 2982 1811
3 2467 3101 2466
3 2594 3245 2186
3 1966 3114 2217
3 697 3008 2433
3 1942 2995 2290
3 1851 2988 1867
3 2939 3313 682
3 1464 3055 1465
3 1415 2990 1534
3 157 2998 158
3 1506 3026 2956
3 1275 3039 1274
3 1289 3022 2275
3 1312 2992 1324
3 784 3064 786
3 1852 3082 2043
3 1067 3061 3051
3 2265 3097 2488
3 729 3050 771
3 1556 3050 727
3 2288 3020 1862
3 2166 3116 2238
3 2177 2999 1947
3 2997 3002 1291
3 2604 2997 1291
3 2407 3035 2828
3 1293 3139 2505
3 2988 3010 2625
3 1872 3075 2052
3 2955 3018 2437
3 2207 3273 2048
3 1896 3070 1619
3 2480 3112 2479
3 2718 3221 3213
3 1881 3073 1846
3 2045 3133 2470
3 1973 3084 2934
3 3020 3308 2438
3 1618 3070 1892
3 199 3000 701
3 100 3001 702
3 2222 3166 3140
3 1674 3003 2009
3 1048 3076 1076
3 2991 3005 1558
3 2203 3148 1910
3 1102 3089 1040
3 2005 2978 2972
3 2492 3012 2493
3 1851 3010 2988
3 796 3079 827
3 655 3200 2305
3 1291 3002 2486
3 2030 3042 3025
3 1875 3086 2824
3 1566 3062 921
3 2286 3079 843
3 2017 3098 1879
3 843 3079 794
3 2741 2996 2591
3 1917 3147 2475
3 2852 3005 2001
3 925 3062 933
3 1042 3004 1035
3 2921 3011 1318
3 1719 3083 1896
3 3091 3234 2234
3 3034 3041 1871
3 2961 2996 2741
3 2718 3013 1880
3 173 3092 636
3 2489 3103 1768
3 2011 3096 2576
3 2473 3157 1931
3 2745 3223 2507
3 2071 3007 2073
3 1063 3105 1064
3 2287 3032 2285
3 638 3095 167
3 2043 3082 2906
3 2117 3092 3029
3 191 3006 665
3 771 3080 732
3 3126 3299 2792
3 2180 3009 1842
3 166 3095 684
3 736 3087 770
3 1999 3010 1851
3 2033 3260 2084
3 665 3078 192
3 2247 3283 2248
3 1216 3015 2670
3 1045 3128 2470
3 2175 3017 1506
3 2402 3054 2404
3 1318 3011 2895
3 661 3266 2202
3 1082 3128 1047
3 1438 3090 2906
3 1357 3119 1471
3 3007 3016 2073
3 2073 3016 2076
3 2102 3108 1940
3 2015 3014 2014
3 2112 3313 2096
3 2906 3090 2043
3 1289 3031 3022
3 701 3185 200
3 2304 3132 1914
3 1189 3116 1187
3 791 3131 789
3 2215 3346 178
3 2669 3170 2150
3 2504 3132 2505
3 2521 3139 1030
3 1768 3032 1765
3 1293 3118 1034
3 1835 2993 2967
3 3139 3169 2505
3 1876 3149 2135
3 1947 3024 1868
3 1541 2989 2968
3 1327 3019 1321
3 1377 3141 1668
3 1038 3118 1102
3 770 3099 739
3 1908 3148 2418
3 2339 3109 2341
3 1894 3123 1809
3 1595 3138 1372
3 743 3100 765
3 168 3111 638
3 1931 3163 2473
3 2227 3124 2230
3 1994 3011 2921
3 2472 3157 2473
3 731 3143 2645
3 2837 3109 2339
3 1692 3055 2000
3 785 3144 783
3 2553 3155 2554
3 197 3037 196
3 2800 3021 940
3 666 3192 2444
3 1598 3140 1380
3 2028 3018 1685
3 1331 3023 1328
3 3021 3025 940
3 765 3110 746
3 750 3115 768
3 2016 3162 2181
3 1920 3133 2045
3 3019 3040 2091
3 201 3185 677
3 1025 3134 1020
3 1931 3147 1786
3 3156 3189 2522
3 1735 3221 2718
3 1216 3027 3015
3 3279 3331 2083
3 2012 3028 2013
3 757 3129 769
3 2543 3145 2346
3 1032 3139 1293
3 1903 3192 1907
3 2441 3111 2443
3 768 3125 753
3 1157 3031 1289
3 2189 3047 2292
3 155 3102 667
3 2740 3027 1216
3 764 3140 2638
3 2826 3150 2936
3 663 3029 171
3 940 3025 2760
3 2754 3130 2390
3 1788 3147 1917
3 779 3165 777
3 2475 3157 1337
3 1558 3030 2818
3 2080 3154 2701
3 2054 3033 2153
3 2554 3168 2555
3 3061 3105 2053
3 1855 3036 1853
3 1922 3135 1924
3 2001 3005 2991
3 3163 3176 2473
3 2346 3145 2348
3 2086 3030 2085
3 1936 3163 1783
3 1784 3163 1931
3 1656 3041 1870
3 2436 3065 2435
3 2222 3155 2051
3 2092 3040 2279
3 2555 3168 1404
3 1779 3312 2653
3 195 3104 679
3 1029 3173 1027
3 167 3153 639
3 1389 3168 1598
3 176 3167 175
3 685 3153 166
3 1668 3141 2947
3 1861 3154 2080
3 2426 3043 2411
3 1900 3038 1626
3 3108 3261 1592
3 1351 3158 2593
3 2036 3035 2197
3 2257 3301 650
3 2895 3034 1794
3 677 3209 202
3 2859 3154 1858
3 1274 3039 1464
3 2404 3054 2949
3 2760 3042 2733
3 2111 3188 2066
3 1630 3130 2754
3 2498 3182 1681
3 1897 3046 1366
3 642 3297 2259
3 1656 3048 3041
3 693 3254 2365
3 2164 3220 2432
3 3025 3042 2760
3 3045 3051 2050
3 2647 3113 1063
3 2854 3126 2792
3 2365 3247 3239
3 2936 3150 1928
3 2740 3045 3027
3 2718 3213 3013
3 2751 3044 2030
3 2822 3048 1656
3 2877 3196 2539
3 3006 3323 665
3 1020 3187 1018
3 1681 3182 1378
3 164 3175 2721
3 1882 3096 2011
3 204 3218 659
3 684 3308 3020
3 702 3171 2277
3 639 3178 168
3 2292 3047 2880
3 2538 3045 2740
3 215 3345 2192
3 645 3175 163
3 2270 3237 2214
3 1878 3183 1679
3 2030 3044 3042
3 2954 3053 1900
3 2751 3049 3044
3 752 3204 749
3 1891 3189 1421
3 162 3181 645
3 1985 3199 1945
3 2421 3274 699
3 689 3181 161
3 1933 3315 2962
3 1873 3049 2751
3 705 3322 3000
3 2880 3047 1566
3 2168 3304 2167
3 643 3186 162
3 1893 3058 3053
3 161 3186 687
3 1806 3216 2566
3 759 3214 756
3 2621 3120 2622
3 2050 3051 2049
3 2458 3063 2351
3 727 3050 729
3 2836 3203 2540
3 2664 3084 2429
3 2212 3235 2211
3 687 3190 160
3 159 3190 656
3 904 3208 902
3 2262 3122 704
3 1870 3041 3034
3 1674 3119 3003
3 2365 3068 2364
3 1873 3057 3049
3 973 3071 2563
3 1701 3056 2172
3 178 3236 2215
3 3051 3061 2049
3 190 3267 3006
3 2614 3243 2615
3 2358 3269 2482
3 2571 3059 2589
3 2721 3054 685
3 2058 3060 2620
3 2057 3137 1897
3 1892 3058 1893
3 1465 3055 1692
3 1833 3219 2259
3 2780 3057 1873
3 2187 3198 1959
3 2824 3211 1952
3 1717 3205 1898
3 2077 3241 2018
3 3143 3164 2391
3 2912 3065 2436
3 2294 3286 2293
3 1011 3066 1013
3 1678 3219 1677
3 921 3062 925
3 1744 3227 1568
3 2052 3067 2128
3 2696 3294 2156
3 2049 3061 2810
3 215 3232 216
3 1160 3230 1158
3 2780 3069 3057
3 836 3064 784
3 2194 3246 2999
3 1076 3065 2912
3 2417 3074 2007
3 1339 3226 2651
3 650 3306 2257
3 1619 3070 1618
3 679 3193 194
3 1661 3069 2780
3 683 3223 182
3 1327 3040 3019
3 2117 3342 2116
3 3017 3026 1506
3 183 3223 2745
3 1897 3137 3123
3 192 3078 193
3 1473 3257 2609
3 1661 3072 3069
3 2520 3093 738
3 2214 3235 2212
3 2161 3291 2396
3 2781 3072 1661
3 3046 3123 1894
3 933 3159 2896
3 2535 3088 1338
3 1846 3073 1848
3 1609 3231 2571
3 2439 3353 2440
3 1961 3198 2152
3 175 3244 174
3 2358 3299 3126
3 1879 3098 2303
3 2110 3075 1872
3 1046 3076 1048
3 2099 3085 2271
3 2402 3329 3054
3 676 3287 2501
3 164 3212 163
3 2781 3077 3072
3 2691 3270 2115
3 2462 3094 2461
3 2980 3052 1325
3 1662 3077 2781
3 1608 3189 3156
3 218 3270 2691
3 794 3079 796
3 234 3302 697
3 1472 3251 1473
3 1268 3213 2850
3 2120 3252 2119
3 672 3270 217
3 1973 3082 1852
3 1893 3053 2954
3 2571 3231 3226
3 151 3228 152
3 1325 3052 2984
3 1382 3249 1592
3 2127 3083 1719
3 1779 3349 2654
3 1848 3081 2833
3 732 3080 734
3 650 3301 232
3 2011 3088 1881
3 2488 3097 1849
3 1046 3089 3076
3 2209 3306 650
3 2280 3179 694
3 1705 3248 1660
3 2108 3086 1875
3 231 3318 650
3 225 3297 642
3 793 3340 832
3 675 3314 229
3 3081 3090 2833
3 2654 3349 2652
3 222 3287 676
3 3033 3351 2153
3 1040 3089 1046
3 2054 3230 3033
3 3073 3081 1848
3 676 3295 223
3 172 3092 173
3 635 3281 220
3 3037 3104 196
3 734 3087 736
3 2093 3333 2012
3 642 3332 226
3 227 3332 2652
3 3105 3113 2053
3 3080 3087 734
3 2236 3091 2234
3 3184 3188 1044
3 176 3266 661
3 2833 3090 1438
3 1698 3289 1993
3 1963 3324 1978
3 167 3095 166
3 1774 3276 1678
3 1162 3351 1160
3 1941 3272 2103
3 670 3195 2280
3 1839 3247 2033
3 2181 3178 2138
3 3252 3257 1473
3 655 3267 189
3 2034 3200 2164
3 178 3294 2696
3 2466 3101 2465
3 178 3346 179
3 2103 3272 2860
3 1067 3105 3061
3 637 3294 179
3 2064 3188 3184
3 165 3327 164
3 1776 3312 1779
3 754 3217 751
3 2105 3312 1778
3 2061 3184 2060
3 666 3268 155
3 2056 3272 2769
3 196 3104 195
3 1403 3298 2829
3 154 3102 155
3 2524 3164 731
3 2248 3283 3028
3 1924 3117 1991
3 2519 3191 2520
3 2522 3106 1629
3 2134 3293 2081
3 643 3212 2195
3 739 3099 741
3 2137 3290 2041
3 3006 3267 2130
3 3054 3329 685
3 747 3207 744
3 2523 3174 2524
3 2490 3103 2489
3 1725 3319 2059
3 2144 3320 1902
3 2899 3325 2100
3 745 3202 2517
3 2479 3112 2469
3 741 3100 743
3 1964 3114 1966
3 3 3309 198
3 1 3310 101
3 2201 3236 661
3 2910 3296 2082
3 3099 3100 741
3 1064 3105 1067
3 680 3278 153
3 2901 3224 1401
3 2818 3279 2083
3 1940 3108 2125
3 3255 3257 2581
3 2513 3282 2514
3 2501 3293 676
3 694 3142 2262
3 2202 3266 2203
3 169 3111 168
3 1699 3262 3259
3 2496 3348 700
3 154 3268 2939
3 2341 3109 2352
3 3029 3342 2117
3 1401 3224 2940
3 2365 3239 3068
3 245 3316 3
3 2813 3259 3258
3 3013 3213 1268
3 1471 3119 1674
3 2053 3113 1894
3 1897 3123 3046
3 746 3110 748
3 1700 3262 1699
3 2453 3335 652
3 2086 3263 3008
3 695 3127 2454
3 2564 3121 1082
3 1187 3116 1268
3 1034 3118 1038
3 748 3115 750
3 1864 3117 1970
3 3033 3230 1160
3 2719 3120 1744
3 2931 3293 2501
3 680 3228 2244
3 2257 3306 2822
3 2520 3191 3183
3 3110 3115 748
3 2696 3291 664
3 2237 3124 2227
3 1047 3128 1045
3 2068 3194 2111
3 2123 3122 2122
3 3272 3311 2860
3 2277 3177 678
3 1809 3123 2552
3 3008 3263 2433
3 2113 3291 2696
3 2524 3174 3164
3 832 3131 791
3 3067 3216 1806
3 2930 3255 2581
3 2045 3135 1922
3 3335 3344 652
3 652 3344 2496
3 753 3125 755
3 2709 3149 683
3 1699 3259 2813
3 2088 3352 2192
3 2790 3130 1630
3 1914 3132 2504
3 1924 3135 3121
3 755 3129 757
3 3075 3214 759
3 3093 3183 1878
3 3086 3204 752
3 2939 3268 2283
3 3125 3129 755
3 2790 3143 3130
3 1918 3133 1920
3 769 3126 2854
3 2911 3326 1724
3 1815 3341 2514
3 690 3334 2770
3 1918 3136 3133
3 3060 3227 1744
3 1044 3134 1025
3 1160 3351 3033
3 3059 3226 1339
3 3270 3305 2115
3 1917 3136 1918
3 3138 3141 1374
3 3074 3159 933
3 2514 3282 1815
3 2552 3137 1595
3 1372 3138 1374
3 1380 3140 764
3 197 3309 3
3 150 3310 1
3 1030 3139 1032
3 2511 3282 2513
3 3106 3189 1891
3 1374 3141 1377
3 2280 3195 3179
3 834 3144 785
3 3344 3348 2496
3 3123 3137 2552
3 1538 3169 2521
3 2748 3220 688
3 2528 3172 1538
3 3134 3188 2111
3 1910 3148 1908
3 2101 3166 2222
3 2163 3149 1876
3 2813 3258 1793
3 1538 3172 3169
3 2058 3227 3060
3 2571 3226 3059
3 2348 3145 2356
3 1786 3147 1788
3 1592 3261 2762
3 3 3316 197
3 1337 3157 2472
3 2051 3155 2553
3 2289 3327 3020
3 2060 3176 1936
3 166 3153 167
3 3000 3322 3146
3 2645 3143 2790
3 2075 3201 2072
3 3145 3151 2356
3 2089 3206 2075
3 2356 3151 2363
3 2999 3334 1947
3 2072 3197 2070
3 2070 3194 2068
3 1898 3156 2522
3 1115 3180 2528
3 2485 3285 660
3 1363 3150 2826
3 2359 3317 2355
3 2094 3215 2090
3 2064 3184 2061
3 1363 3152 3150
3 2122 3142 2884
3 3126 3269 2358
3 2191 3193 2131
3 1858 3154 1861
3 2075 3206 3201
3 667 3333 2825
3 2937 3330 2174
3 2357 3299 2358
3 2863 3152 1363
3 3122 3142 2122
3 2264 3162 2016
3 2788 3225 689
3 177 3236 178
3 2052 3216 3067
3 1554 3250 1715
3 3171 3177 2277
3 2593 3158 2863
3 2528 3180 3172
3 2896 3159 1891
3 2305 3200 2034
3 2762 3161 2088
3 2070 3197 3194
3 1783 3163 1784
3 837 3165 779
3 2072 3201 3197
3 2090 3215 2089
3 2863 3158 3152
3 2638 3166 1351
3 2391 3164 2802
3 1404 3168 1389
3 2962 3273 2207
3 3008 3331 3279
3 2505 3169 1996
3 3024 3334 690
3 664 3167 176
3 660 3303 2422
3 2211 3235 2723
3 3169 3172 1996
3 706 3343 3001
3 1592 3249 3108
3 1915 3171 1969
3 3054 3338 2949
3 3107 3346 2215
3 3048 3306 2209
3 2514 3240 832
3 1978 3324 3146
3 678 3222 2484
3 2110 3214 3075
3 1027 3173 1044
3 2048 3284 2046
3 656 3170 2750
3 1996 3172 1916
3 637 3237 2573
3 163 3175 164
3 3164 3174 2802
3 2417 3159 3074
3 2517 3202 2519
3 789 3336 787
3 2473 3176 1029
3 168 3178 169
3 2802 3174 1878
3 2262 3142 3122
3 3172 3180 1916
3 694 3179 3142
3 161 3181 162
3 3205 3274 2421
3 2108 3204 3086
3 744 3207 745
3 2484 3271 2485
3 1916 3180 2157
3 1378 3182 1427
3 3142 3179 2884
3 2059 3319 3127
3 3028 3333 667
3 2000 3177 1915
3 2244 3228 2243
3 162 3186 161
3 2879 3284 2048
3 1679 3183 1822
3 1915 3177 3171
3 3285 3303 660
3 2520 3183 3093
3 200 3185 201
3 783 3321 781
3 1018 3187 1106
3 3000 3146 701
3 2066 3188 2064
3 2610 3255 2095
3 198 3309 3000
3 101 3310 3001
3 3148 3337 2418
3 160 3190 159
3 3144 3320 2144
3 2444 3192 1903
3 2884 3179 1930
3 3183 3191 1822
3 1421 3189 1608
3 661 3236 177
3 3020 3327 684
3 2721 3338 3054
3 194 3193 193
3 154 3278 3102
3 3001 3160 702
3 751 3217 752
3 2539 3196 1985
3 1822 3191 2877
3 3111 3353 638
3 3179 3195 1930
3 3165 3290 2137
3 647 3345 214
3 777 3288 775
3 2573 3237 2270
3 1106 3197 2808
3 3194 3197 1106
3 2794 3192 666
3 1945 3199 2108
3 1959 3198 1961
3 2540 3203 904
3 1930 3195 2028
3 749 3204 747
3 3213 3221 2141
3 3170 3347 2150
3 2060 3184 3173
3 163 3212 643
3 3201 3206 1390
3 2808 3201 1390
3 3197 3201 2808
3 2653 3349 1779
3 2850 3213 2141
3 2010 3205 1717
3 2749 3200 655
3 902 3208 907
3 3271 3285 2485
3 1390 3206 2836
3 3209 3218 203
3 2195 3212 2289
3 3000 3309 705
3 3001 3310 706
3 2013 3283 2250
3 2010 3277 3274
3 202 3209 203
3 2028 3239 3018
3 2432 3220 2077
3 1688 3341 1815
3 756 3214 754
3 1952 3211 2110
3 2676 3256 662
3 2566 3216 759
3 2722 3237 637
3 2771 3315 690
3 2500 3264 2042
3 2418 3337 2117
3 203 3218 204
3 3121 3135 1082
3 2042 3250 1554
3 1677 3219 1833
3 3108 3249 2125
3 3274 3277 2452
3 2522 3189 3106
3 2141 3221 2140
3 646 3246 2724
3 182 3223 183
3 907 3210 2930
3 2124 3311 2056
3 775 3288 838
3 2294 3225 2788
3 3208 3210 907
3 2116 3342 3162
3 3008 3279 2086
3 662 3256 2957
3 3068 3239 2028
3 2192 3352 3232
3 704 3316 245
3 2651 3226 1869
3 1568 3227 1609
3 3224 3229 2734
3 2889 3238 2188
3 3226 3231 1869
3 1158 3230 1190
3 216 3232 672
3 2215 3236 2201
3 3239 3247 1856
3 1044 3188 3134
3 2151 3233 2107
3 1869 3231 2058
3 2940 3224 2734
3 2042 3264 3250
3 2734 3229 1712
3 3229 3234 1712
3 2083 3331 2133
3 659 3238 2420
3 2111 3194 3187
3 3225 3233 2151
3 2243 3253 703
3 1712 3234 2856
3 2086 3279 3030
3 152 3228 680
3 769 3269 3126
3 1815 3282 2993
3 2723 3235 686
3 2018 3241 2027
3 2615 3243 2616
3 690 3315 3024
3 2046 3284 2994
3 2395 3254 693
3 3127 3319 2454
3 2999 3246 646
3 3001 3343 3160
3 634 3245 2890
3 174 3244 634
3 2055 3245 2594
3 2395 3260 3254
3 2452 3277 651
3 2119 3262 1700
3 2096 3313 2282
3 658 3263 3260
3 656 3347 3170
3 1608 3242 2889
3 3222 3271 2484
3 2998 3286 654
3 672 3352 3305
3 2174 3330 3243
3 2890 3245 2055
3 658 3260 2395
3 3258 3259 2126
3 1793 3249 1382
3 2126 3259 2575
3 2575 3251 1472
3 3322 3328 1978
3 2433 3263 658
3 3028 3283 2013
3 2994 3284 668
3 3259 3262 2575
3 1660 3248 2040
3 2609 3257 2610
3 2482 3269 2481
3 1856 3247 1839
3 2581 3252 2120
3 2125 3258 2126
3 3037 3350 3104
3 640 3346 3107
3 3018 3239 1856
3 781 3321 837
3 2610 3257 3255
3 2159 3339 2105
3 1978 3328 3114
3 2104 3261 2102
3 653 3273 2962
3 3248 3265 2040
3 175 3266 176
3 189 3267 190
3 2107 3264 1705
3 699 3274 2452
3 155 3268 154
3 3190 3347 656
3 2420 3275 2421
3 217 3270 218
3 2040 3265 2137
3 3250 3264 2107
3 3175 3338 2721
3 834 3320 3144
3 2441 3353 3111
3 2495 3292 698
3 651 3280 2495
3 3146 3322 1978
3 2652 3349 2653
3 2396 3291 2113
3 2293 3286 2093
3 2769 3272 1941
3 2089 3215 3203
3 1779 3276 1774
3 832 3240 3131
3 153 3278 154
3 698 3307 2614
3 220 3281 221
3 2132 3277 2010
3 3281 3287 221
3 2355 3317 2357
3 2581 3257 3252
3 221 3287 222
3 2115 3305 2104
3 636 3337 3148
3 2789 3273 653
3 2097 3285 2099
3 3173 3184 1044
3 2087 3289 1698
3 1899 3341 1688
3 3024 3315 1933
3 2829 3298 2168
3 179 3294 178
3 3295 3297 224
3 223 3295 224
3 214 3345 215
3 2438 3308 2439
3 2000 3222 3177
3 3301 3302 233
3 1715 3250 3233
3 224 3297 225
3 2087 3300 3289
3 787 3336 834
3 2093 3286 2998
3 232 3301 233
3 3085 3222 2000
3 233 3302 234
3 2519 3202 3196
3 2097 3303 3285
3 2082 3296 2144
3 2905 3280 2132
3 2099 3285 3271
3 2117 3337 3092
3 2192 3300 2087
3 3277 3280 651
3 2905 3292 3280
3 2132 3280 3277
3 3292 3307 698
3 685 3329 3153
3 668 3284 2879
3 3095 3308 684
3 3305 3352 3161
3 3280 3292 2495
3 3314 3318 230
3 2173 3307 3292
3 229 3314 230
3 2792 3299 1403
3 2059 3303 2097
3 2174 3307 2173
3 837 3290 3165
3 230 3318 231
3 1778 3312 1776
3 2454 3335 2453
3 2889 3242 3238
3 2173 3292 2905
3 3177 3222 678
3 745 3207 3199
3 2041 3290 2910
3 3238 3242 2420
3 2114 3326 2911
3 2403 3329 2402
3 3085 3271 3222
3 2860 3311 635
3 1724 3319 1725
3 2081 3293 2931
3 2100 3325 2155
3 2114 3344 3335
3 2150 3347 2148
3 226 3332 227
3 2152 3324 1963
3 2653 3339 675
3 2440 3353 2441
3 684 3327 165
3 3187 3194 1106
3 795 3340 793
3 681 3328 2891
3 3092 3337 636
3 1902 3320 2899
3 2965 3343 706
3 3037 3316 704
3 1166 3351 1162
3 3146 3324 701
3 179 3346 640
3 2109 3344 2114
3 705 3309 197
3 706 3310 150
3 2993 3282 2511
3 2109 3348 3344
3 3104 3350 2123
3 1898 3275 3156
3 2856 3348 2109
3 3196 3202 1985
3 752 3217 3211
3 1993 3330 2937
3 2112 3343 2965
3 3199 3207 2108
3 3030 3279 2818
3 2891 3322 705
3 2949 3338 2380
3 2095 3255 3210
3 3156 3242 1608
3 3122 3350 704
3 3203 3215 904
3 704 3350 3037
3 3211 3217 2110
3 2099 3271 3085
3 3300 3345 647
3 197 3316 3037
3 697 3331 3008
3 2822 3306 3048
3 2012 3333 3028
3 1947 3334 3024
3 3156 3275 3242
3 663 3342 3029
3 3114 3328 681
3 2439 3308 3095
3 3242 3275 2420
3 2010 3274 3205
3 2891 3328 3322
3 838 3288 3265
3 3162 3342 663
3 2104 3305 3161
3 2380 3338 3175
3 3210 3255 2930
3 2148 3347 3190
3 3233 3250 2107
3 3153 3329 2403
3 3251 3262 2119
3 2123 3350 3122
3 3160 3343 2112
3 2575 3262 3251
3 3232 3352 672
3 3240 3341 1899
3 837 3321 3296
3 3161 3352 2088
3 3243 3330 2616
3 3265 3288 2137
3 2357 3317 3298
3 3298 3317 2168
3 834 3336 3325
3 2514 3341 3240
3 3296 3321 2144
3 3326 3335 2454
3 2192 3345 3300
3 3325 3336 2155
3 2114 3335 3326
3 3549 2 3691
3 3484 4 3708
3 2 3550 3691
3 102 2 3549
3 293 4 3484
3 304 303 3683
3 303 304 3696
3 3367 305 3557
3 3375 3679 3680
3 3431 3430 3627
3 3672 3368 3711
3 3421 3631 3698
3 3369 333 3674
3 3556 3557 3622
3 3478 3477 3479
3 3370 3518 3671
3 3396 102 3417
3 149 3397 3427
3 3495 3496 3497
3 3369 3666 3706
3 3354 3589 3603
3 3571 3361 3604
3 3626 3431 3627
3 3402 3468 3662
3 338 3371 3708
3 3551 3359 3681
3 3427 3617 3618
3 3427 3436 3617
3 3574 3575 3631
3 3374 3689 3690
3 3359 3551 3666
3 3593 3592 3627
3 3550 295 3690
3 3421 3630 3631
3 311 312 3584
3 3533 3440 3539
3 297 3374 3690
3 103 3396 3422
3 3397 148 3432
3 3516 3478 3677
3 3439 3425 3685
3 3426 3417 3555
3 3438 3532 3535
3 3572 3574 3577
3 3592 3590 3595
3 3595 3600 3626
3 3435 3437 3682
3 3579 3581 3583
3 3496 3501 3658
3 3581 3577 3630
3 3542 3416 3635
3 3399 3473 3647
3 3392 3439 3685
3 3468 3402 3673
3 3703 3366 3710
3 3595 3596 3600
3 3396 3417 3718
3 3427 3397 3717
3 3454 3648 3669
3 3437 3379 3682
3 3416 3491 3635
3 3415 3510 3636
3 3578 3577 3581
3 3492 3467 3530
3 3416 3542 3654
3 103 102 3396
3 149 148 3397
3 3649 3406 3653
3 149 3427 3679
3 3608 3559 3622
3 3468 3467 3662
3 3557 3556 3560
3 3473 3399 3655
3 3436 3601 3612
3 3410 3533 3539
3 3648 3401 3669
3 3558 3581 3687
3 3407 3445 3629
3 3543 3406 3649
3 3476 293 3477
3 3593 3480 3704
3 3408 3459 3646
3 3404 3515 3651
3 3450 3404 3651
3 3406 3525 3653
3 3414 3527 3652
3 3467 3466 3530
3 3532 3400 3535
3 3600 3601 3616
3 3427 3618 3679
3 3398 3650 3656
3 302 303 3696
3 3491 3416 3667
3 3510 3415 3668
3 3525 3406 3642
3 3515 3404 3641
3 3527 3414 3637
3 3445 3407 3638
3 3459 3408 3639
3 3404 3450 3640
3 303 302 3683
3 3505 3411 3632
3 3463 3405 3633
3 3493 3409 3634
3 3398 3545 3650
3 3411 3505 3661
3 3405 3463 3660
3 3409 3493 3659
3 3507 3508 3509
3 3488 3489 3490
3 3677 3430 3723
3 3575 3498 3631
3 3583 3558 3622
3 3430 3431 3719
3 3420 3658 3713
3 3405 3660 3670
3 3429 3430 3719
3 300 3375 3680
3 3428 3429 3719
3 3373 300 3680
3 263 264 3466
3 257 258 3508
3 268 269 3489
3 3476 3477 3478
3 3359 3666 3674
3 3583 3559 3584
3 3558 3556 3622
3 3425 3439 3440
3 3437 3435 3438
3 3479 3477 3483
3 3379 3476 3516
3 3432 148 3695
3 103 3422 3694
3 3535 3447 3566
3 3498 3575 3705
3 334 3368 3710
3 3544 3405 3670
3 3480 3593 3627
3 3596 3591 3606
3 292 293 3476
3 3494 3392 3501
3 3355 3596 3606
3 3371 3707 3708
3 246 3494 3495
3 3516 3677 3723
3 3453 3456 3457
3 3472 3474 3475
3 3623 3358 3681
3 3495 3494 3496
3 3480 3481 3704
3 3402 3493 3634
3 3412 3463 3633
3 3414 3505 3632
3 3573 3578 3607
3 3513 3539 3565
3 3417 3554 3555
3 3666 3369 3674
3 3578 3362 3607
3 3631 3420 3698
3 3495 3497 3517
3 3413 3527 3637
3 3398 3445 3638
3 3401 3459 3639
3 3450 3403 3640
3 3399 3515 3641
3 3408 3525 3642
3 3559 311 3584
3 3658 3501 3713
3 336 3369 3706
3 3505 3414 3652
3 332 333 3710
3 3377 263 3466
3 3394 257 3508
3 3386 268 3489
3 3539 3440 3565
3 3502 3394 3506
3 3460 3377 3464
3 3485 3386 3487
3 3453 3451 3456
3 3472 3469 3474
3 3597 3609 3610
3 3518 3517 3671
3 3436 3612 3697
3 3449 3514 3522
3 3589 3354 3590
3 3464 3377 3465
3 3506 3394 3507
3 3487 3386 3488
3 3361 3571 3572
3 3371 336 3706
3 247 3392 3494
3 3527 3413 3645
3 3403 3450 3644
3 3463 3412 3693
3 246 247 3494
3 3360 304 3683
3 3581 3421 3687
3 3459 3401 3648
3 3515 3399 3647
3 3525 3408 3646
3 3438 3535 3566
3 3493 3402 3662
3 3379 292 3476
3 3483 3484 3665
3 3365 3582 3663
3 3374 300 3692
3 3538 3410 3539
3 3445 3398 3656
3 304 3367 3696
3 3412 3536 3537
3 300 3372 3692
3 3368 336 3711
3 3419 3418 3698
3 3491 3488 3635
3 3510 3507 3636
3 3398 127 3545
3 3588 3589 3593
3 336 3370 3711
3 3466 264 3530
3 258 3390 3508
3 269 3387 3489
3 3499 3498 3705
3 3465 3377 3466
3 3507 3394 3508
3 3488 3386 3489
3 3439 249 3546
3 290 3437 3547
3 280 281 3528
3 253 254 3529
3 248 249 3439
3 290 291 3437
3 3365 3625 3720
3 137 136 3406
3 140 139 3399
3 125 124 3416
3 123 122 3409
3 114 113 3415
3 110 109 3414
3 146 145 3400
3 116 115 3412
3 142 141 3404
3 144 143 3403
3 112 111 3411
3 118 117 3405
3 108 107 3413
3 130 129 3407
3 133 132 3401
3 128 127 3398
3 135 134 3408
3 106 105 3410
3 121 120 3402
3 3507 3509 3636
3 3488 3490 3635
3 3571 3570 3575
3 3550 3690 3691
3 3400 3534 3535
3 118 3405 3544
3 137 3406 3543
3 3589 3592 3593
3 256 3394 3502
3 262 3377 3460
3 267 3386 3485
3 3451 276 3456
3 3469 283 3474
3 144 3403 3534
3 106 3410 3538
3 3412 115 3536
3 3458 3520 3521
3 3543 3473 3655
3 3440 3439 3546
3 3437 3438 3547
3 3454 3453 3648
3 3473 3472 3647
3 3447 3535 3701
3 119 118 3544
3 138 137 3543
3 3574 3571 3575
3 3387 3523 3541
3 3514 3378 3522
3 3444 3383 3519
3 3458 3384 3520
3 3380 3449 3522
3 3441 3443 3523
3 255 256 3502
3 261 262 3460
3 266 267 3485
3 275 276 3451
3 282 283 3469
3 3657 3462 3693
3 3455 3407 3629
3 3420 3419 3698
3 3411 3510 3668
3 3409 3491 3667
3 3444 3519 3540
3 3621 3358 3664
3 3431 3600 3616
3 254 3388 3529
3 281 3381 3528
3 3385 280 3528
3 3393 253 3529
3 3490 3387 3541
3 3510 3411 3661
3 3491 3409 3659
3 3365 3564 3582
3 3400 145 3534
3 114 3415 3536
3 3413 107 3538
3 3490 3542 3635
3 127 126 3545
3 3539 3513 3709
3 3481 3479 3561
3 3542 3545 3654
3 3465 3466 3467
3 3479 3483 3551
3 3392 248 3439
3 291 3379 3437
3 3382 3492 3530
3 3395 3462 3531
3 145 144 3534
3 115 114 3536
3 107 106 3538
3 3418 3396 3718
3 3524 3385 3528
3 3526 3393 3529
3 3362 3578 3579
3 3397 3428 3717
3 3447 3376 3566
3 3473 3543 3649
3 3379 3516 3682
3 3445 3444 3629
3 272 3383 3441
3 3383 273 3519
3 277 3384 3456
3 288 3376 3446
3 3380 287 3446
3 3446 3447 3448
3 3387 270 3523
3 3390 259 3531
3 265 3382 3530
3 3391 251 3511
3 286 3380 3522
3 260 3395 3531
3 271 3441 3523
3 252 3393 3511
3 279 3385 3520
3 284 3378 3474
3 3378 285 3522
3 3384 278 3520
3 274 3389 3519
3 3511 3512 3513
3 287 288 3446
3 272 273 3383
3 267 268 3386
3 276 277 3456
3 258 259 3390
3 269 270 3387
3 265 266 3382
3 291 292 3379
3 252 253 3393
3 279 280 3385
3 250 251 3391
3 254 255 3388
3 256 257 3394
3 260 261 3395
3 270 271 3523
3 285 286 3522
3 247 248 3392
3 273 274 3519
3 283 284 3474
3 264 265 3530
3 271 272 3441
3 277 278 3384
3 288 289 3376
3 259 260 3531
3 281 282 3381
3 284 285 3378
3 286 287 3380
3 251 252 3511
3 278 279 3520
3 262 263 3377
3 274 275 3389
3 3456 3384 3457
3 3441 3383 3442
3 3446 3376 3447
3 3380 3446 3448
3 3520 3385 3521
3 3474 3378 3475
3 3391 3511 3513
3 3511 3393 3512
3 3601 3436 3616
3 3596 3355 3597
3 3362 3579 3699
3 3506 3507 3510
3 3487 3488 3491
3 3672 3703 3710
3 3621 3599 3704
3 3521 3385 3524
3 3475 3378 3514
3 3442 3383 3444
3 3457 3384 3458
3 3441 3442 3443
3 3380 3448 3449
3 3512 3393 3526
3 3388 255 3502
3 3395 261 3460
3 3382 266 3485
3 3389 275 3451
3 3381 282 3469
3 3425 3440 3533
3 250 3391 3546
3 3376 289 3547
3 3452 3455 3540
3 3508 3390 3509
3 3489 3387 3490
3 3452 3454 3455
3 3388 3503 3504
3 3395 3461 3462
3 3382 3486 3492
3 3381 3470 3471
3 3545 3542 3650
3 3471 3524 3528
3 3504 3526 3529
3 3523 3443 3541
3 3407 3455 3722
3 3503 3502 3506
3 3461 3460 3464
3 3486 3485 3487
3 3470 3469 3472
3 3452 3451 3453
3 3381 3471 3528
3 3388 3504 3529
3 3537 3657 3693
3 3501 3423 3713
3 3559 3583 3622
3 3465 3467 3468
3 3675 3555 3688
3 3391 3513 3565
3 3459 3458 3646
3 3591 3596 3702
3 3521 3524 3525
3 3449 3448 3450
3 3475 3514 3515
3 3457 3458 3459
3 3442 3444 3445
3 3512 3526 3527
3 3388 3502 3503
3 3395 3460 3461
3 3382 3485 3486
3 3389 3451 3452
3 3381 3469 3470
3 3490 3541 3542
3 3504 3503 3505
3 3462 3461 3463
3 3492 3486 3493
3 3470 3472 3473
3 3452 3453 3454
3 3438 3435 3532
3 3581 3558 3583
3 110 3414 3632
3 3411 111 3632
3 116 3412 3633
3 3405 117 3633
3 3409 122 3634
3 121 3402 3634
3 3515 3514 3651
3 3449 3450 3651
3 108 3413 3637
3 128 3398 3638
3 3414 109 3637
3 3407 129 3638
3 133 3401 3639
3 3408 134 3639
3 3403 143 3640
3 142 3404 3640
3 140 3399 3641
3 3404 141 3641
3 3406 136 3642
3 135 3408 3642
3 125 3416 3654
3 3399 139 3655
3 3592 3595 3626
3 3428 3397 3429
3 3396 3418 3419
3 3577 3574 3630
3 3525 3524 3653
3 3527 3526 3652
3 3519 3389 3540
3 3433 3434 3435
3 3424 3423 3425
3 123 3409 3667
3 3416 124 3667
3 3415 113 3668
3 112 3411 3668
3 3501 3392 3685
3 3578 3573 3700
3 3627 3430 3677
3 3580 3582 3705
3 249 250 3546
3 289 290 3547
3 3497 3499 3564
3 3402 120 3673
3 3435 3434 3532
3 138 3543 3655
3 147 146 3553
3 132 131 3669
3 3517 3497 3562
3 3389 3452 3540
3 3478 3479 3724
3 119 3544 3673
3 3367 3557 3560
3 131 130 3722
3 3424 3425 3533
3 3544 3468 3673
3 3506 3510 3661
3 3487 3491 3659
3 3561 3358 3621
3 3497 3496 3721
3 3467 3492 3662
3 3671 3672 3711
3 3597 3355 3609
3 3368 3672 3710
3 3594 3354 3715
3 3420 3631 3658
3 3531 3462 3657
3 3361 3576 3716
3 3433 3516 3723
3 3590 3354 3594
3 3361 3572 3576
3 3688 3372 3696
3 3600 3431 3626
3 3358 3561 3681
3 105 104 3548
3 3426 3556 3558
3 148 147 3695
3 3417 3549 3554
3 3612 3611 3714
3 3421 3581 3630
3 3477 293 3484
3 3537 3509 3657
3 3453 3457 3648
3 3472 3475 3647
3 3564 3365 3720
3 3545 126 3654
3 3504 3505 3652
3 104 103 3694
3 3689 3374 3692
3 3666 3665 3706
3 3417 3426 3718
3 3424 3533 3548
3 3476 3478 3516
3 3436 3427 3717
3 3450 3448 3644
3 3512 3527 3645
3 3496 3498 3721
3 3480 3478 3724
3 3534 3403 3701
3 3624 131 3722
3 146 3400 3553
3 3433 3432 3434
3 3422 3423 3424
3 3457 3459 3648
3 3475 3515 3647
3 3496 3494 3501
3 3521 3525 3646
3 3514 3449 3651
3 3422 3419 3423
3 3429 3432 3433
3 3542 3541 3650
3 3413 3538 3709
3 3470 3473 3649
3 3376 3547 3566
3 246 3495 3518
3 3426 3687 3718
3 3426 3558 3687
3 3532 3434 3553
3 3493 3486 3659
3 3463 3461 3660
3 3505 3503 3661
3 3579 3583 3584
3 3444 3540 3629
3 3410 105 3548
3 3540 3455 3629
3 3597 3610 3611
3 3442 3445 3656
3 147 3553 3695
3 3423 3501 3685
3 3536 3415 3712
3 3546 3391 3565
3 3458 3521 3646
3 3533 3410 3548
3 3509 3390 3657
3 3584 312 3699
3 3492 3493 3662
3 3468 3544 3670
3 3400 3532 3553
3 3483 3477 3484
3 131 3624 3669
3 3465 3468 3670
3 3690 3689 3691
3 111 110 3632
3 117 116 3633
3 122 121 3634
3 109 108 3637
3 129 128 3638
3 134 133 3639
3 143 142 3640
3 141 140 3641
3 136 135 3642
3 3401 132 3669
3 3424 3548 3694
3 3672 3562 3703
3 3524 3471 3653
3 3526 3504 3652
3 3495 3517 3518
3 3616 3436 3717
3 126 125 3654
3 3479 3551 3561
3 139 138 3655
3 3660 3464 3670
3 3548 104 3694
3 3513 3512 3645
3 3448 3447 3644
3 3426 3555 3556
3 3417 102 3549
3 3568 3571 3604
3 3589 3586 3603
3 3412 3537 3693
3 3509 3537 3712
3 3650 3443 3656
3 124 123 3667
3 113 112 3668
3 3396 3419 3422
3 3429 3397 3432
3 3390 3531 3657
3 3455 3454 3624
3 3373 3678 3683
3 3440 3546 3565
3 3498 3496 3658
3 3516 3433 3682
3 3471 3649 3653
3 3478 3480 3677
3 3551 3483 3666
3 3482 3599 3621
3 3601 3597 3611
3 3613 3614 3643
3 3538 3539 3709
3 120 119 3673
3 3425 3423 3685
3 3547 3438 3566
3 3535 3534 3701
3 3471 3470 3649
3 3556 3555 3560
3 3372 302 3696
3 3553 3434 3695
3 3537 3536 3712
3 3464 3465 3670
3 323 324 3363
3 324 323 3356
3 3482 3621 3664
3 302 3373 3683
3 3443 3442 3656
3 3433 3435 3682
3 130 3407 3722
3 318 319 3361
3 319 318 3354
3 3645 3413 3709
3 322 321 3602
3 321 320 3586
3 320 319 3603
3 320 321 3568
3 319 320 3604
3 323 322 3585
3 321 322 3605
3 322 323 3567
3 316 315 3591
3 315 316 3573
3 3562 3497 3564
3 3429 3433 3723
3 3588 3586 3589
3 3486 3487 3659
3 3461 3464 3660
3 3503 3506 3661
3 3568 3570 3571
3 3541 3443 3650
3 325 324 3619
3 3601 3611 3612
3 315 314 3606
3 324 325 3620
3 3357 3643 3714
3 314 315 3607
3 3423 3419 3713
3 3403 3644 3701
3 3415 3636 3712
3 310 311 3559
3 313 314 3362
3 314 313 3355
3 313 312 3609
3 3579 3584 3699
3 3555 3554 3688
3 326 325 3482
3 325 326 3500
3 3366 332 3710
3 312 311 3610
3 3367 3560 3675
3 317 316 3684
3 316 317 3686
3 311 310 3598
3 3643 3614 3697
3 306 307 3557
3 3367 3675 3696
3 330 329 3552
3 3679 3678 3680
3 3462 3463 3693
3 329 330 3563
3 3582 3499 3705
3 307 306 3613
3 3600 3597 3601
3 3614 3360 3615
3 3517 3562 3672
3 3580 3500 3582
3 3422 3424 3694
3 327 326 3664
3 3582 3500 3663
3 312 313 3699
3 326 327 3663
3 3434 3432 3695
3 3615 3360 3683
3 3481 3621 3704
3 329 328 3623
3 3678 3373 3680
3 328 329 3625
3 3481 3480 3724
3 3644 3447 3701
3 3586 3588 3602
3 318 317 3715
3 3513 3645 3709
3 317 318 3716
3 3590 3594 3595
3 309 310 3608
3 3576 3572 3577
3 3419 3420 3713
3 3570 3568 3605
3 3372 3688 3692
3 3596 3595 3702
3 3455 3624 3722
3 3479 3481 3724
3 3588 3585 3602
3 3592 3626 3627
3 3430 3429 3723
3 3675 3688 3696
3 3630 3574 3631
3 3567 3570 3605
3 333 332 3674
3 310 309 3725
3 3617 3615 3618
3 330 331 3726
3 3577 3578 3700
3 3579 3578 3581
3 3631 3498 3658
3 3356 3599 3619
3 3589 3590 3592
3 308 307 3676
3 3572 3571 3574
3 3671 3517 3672
3 3580 3363 3620
3 3483 3665 3666
3 327 328 3365
3 328 327 3358
3 3596 3597 3600
3 3587 3585 3588
3 3624 3454 3669
3 3567 3569 3570
3 3613 3643 3676
3 3356 3587 3599
3 306 305 3628
3 3614 3613 3628
3 3569 3363 3580
3 340 339 3708
3 3498 3499 3721
3 3371 3706 3707
3 3599 3482 3619
3 3618 3615 3678
3 3500 3580 3620
3 3499 3497 3721
3 3576 3577 3700
3 3595 3594 3702
3 3636 3509 3712
3 296 297 3690
3 3614 3615 3617
3 331 332 3366
3 332 331 3359
3 3428 3616 3717
3 3678 3615 3683
3 3687 3418 3718
3 308 309 3364
3 309 308 3357
3 319 3354 3603
3 3688 3689 3692
3 323 3363 3567
3 3356 323 3585
3 3361 319 3604
3 321 3586 3602
3 334 335 3368
3 335 334 3369
3 320 3568 3604
3 3586 320 3603
3 3585 322 3602
3 3568 321 3605
3 3564 3499 3582
3 324 3356 3619
3 322 3567 3605
3 3587 3588 3593
3 337 338 3370
3 338 337 3371
3 3363 324 3620
3 3480 3627 3677
3 3364 3608 3622
3 294 295 3550
3 3570 3569 3575
3 315 3573 3607
3 3591 315 3606
3 316 3591 3684
3 3573 316 3686
3 304 305 3367
3 305 304 3360
3 3560 3555 3675
3 3643 3357 3676
3 298 299 3374
3 299 298 3375
3 3354 318 3715
3 318 3361 3716
3 314 3355 3606
3 301 302 3372
3 302 301 3373
3 3617 3436 3697
3 3362 314 3607
3 3552 3623 3681
3 3482 325 3619
3 325 3500 3620
3 3355 313 3609
3 3614 3617 3697
3 3360 3614 3628
3 317 3684 3715
3 3686 317 3716
3 3609 312 3610
3 3687 3421 3698
3 3703 3563 3726
3 313 3362 3699
3 3356 3585 3587
3 3567 3363 3569
3 3562 3564 3720
3 3611 3598 3714
3 3481 3561 3621
3 311 3598 3610
3 3431 3616 3719
3 3561 3551 3681
3 3554 3549 3689
3 3610 3598 3611
3 326 3482 3664
3 3500 326 3663
3 3643 3612 3714
3 3563 3703 3720
3 310 3559 3608
3 3618 3678 3679
3 3552 329 3623
3 3366 3703 3726
3 329 3563 3625
3 3612 3643 3697
3 3599 3587 3704
3 3598 310 3725
3 3569 3580 3705
3 3714 3598 3725
3 3625 3563 3720
3 3563 330 3726
3 307 3613 3676
3 3613 306 3628
3 327 3365 3663
3 3358 327 3664
3 3703 3562 3720
3 328 3358 3623
3 3365 328 3625
3 3573 3686 3700
3 3684 3591 3702
3 3587 3593 3704
3 3575 3569 3705
3 3688 3554 3689
3 3357 3714 3725
3 3418 3687 3698
3 3364 309 3608
3 332 3359 3674
3 331 3366 3726
3 309 3357 3725
3 3357 308 3676
3 3689 3549 3691
3 3616 3428 3719
3 305 3360 3628
3 3665 3484 3707
3 3594 3684 3702
3 3686 3576 3700
3 3576 3686 3716
3 3684 3594 3715
3 3706 3665 3707
3 2 149 3679
3 294 2 3679
3 4 246 3518
3 341 4 3518
3 295 294 3679
3 296 295 3679
3 297 296 3375
3 3375 296 3679
3 298 297 3375
3 300 299 3375
3 301 300 3373
3 331 330 3359
3 3359 330 3552
3 334 333 3369
3 336 335 3369
3 337 336 3371
3 339 338 3708
3 341 340 3708
3 4 341 3708
3 2 294 3550
3 295 296 3690
3 297 298 3374
3 299 300 3374
3 300 301 3372
3 305 306 3557
3 307 308 3364
3 307 3364 3557
3 333 334 3710
3 335 336 3368
3 336 337 3370
3 338 339 3370
3 339 340 3370
3 340 341 3518
3 3370 340 3518
3 3359 3552 3681
3 3557 3364 3622
3 3370 3671 3711
3 3707 3484 3708
3 223 3866 222
3 218 3867 217
3 222 3866 3860
3 217 3867 3856
3 211 3836 210
3 3754 3859 3813
3 3762 3855 3807
3 3761 3776 3775
3 3758 3803 3802
3 221 3860 3754
3 216 3856 3762
3 222 3860 221
3 217 3856 216
3 3809 3826 3765
3 3769 3820 3817
3 3798 3828 3763
3 3794 3825 3764
3 243 3839 242
3 210 3836 3768
3 3800 3831 3756
3 3789 3843 3750
3 243 3840 3839
3 3777 3830 3767
3 3756 3863 3800
3 3827 3845 202
3 3769 3836 211
3 3782 3864 3751
3 3804 3865 3753
3 203 3827 202
3 3 3844 245
3 3763 3849 3798
3 3764 3851 3794
3 3765 3852 3809
3 3759 3866 223
3 3770 3867 218
3 242 3839 3749
3 244 3840 243
3 3760 3862 3811
3 229 3837 228
3 3759 3822 3772
3 3750 3840 244
3 3755 3868 3779
3 3770 3869 3786
3 198 3835 3752
3 199 3835 198
3 3756 3837 229
3 239 3842 238
3 235 3841 234
3 3752 3844 3
3 202 3845 201
3 3753 3848 3804
3 3767 3847 3777
3 3751 3846 3782
3 3781 3846 3749
3 3775 3847 3761
3 3802 3848 3758
3 3765 3827 203
3 3813 3861 3754
3 3807 3857 3762
3 3792 3850 3835
3 3826 3827 3765
3 245 3844 3750
3 3750 3844 3789
3 3800 3863 3819
3 3759 3853 3822
3 3834 3835 199
3 3749 3838 3781
3 3807 3855 3806
3 3813 3859 3812
3 3753 3841 235
3 3751 3842 239
3 3783 3838 3784
3 3762 3856 3855
3 3754 3860 3859
3 3750 3843 3840
3 3779 3821 3755
3 241 3846 240
3 237 3848 236
3 227 3847 226
3 232 3862 3760
3 230 3863 3756
3 3757 3841 3815
3 3758 3842 3803
3 3835 3850 3752
3 215 3857 214
3 220 3861 219
3 3769 3821 3820
3 238 3842 3758
3 234 3841 3757
3 3768 3824 3823
3 3800 3819 3734
3 3766 3845 3832
3 3831 3837 3756
3 201 3845 3766
3 228 3837 3761
3 3817 3836 3769
3 233 3862 232
3 231 3863 230
3 209 3849 208
3 207 3851 206
3 205 3852 204
3 3811 3829 3731
3 200 3834 199
3 3815 3829 3757
3 3811 3819 3760
3 3792 3833 3743
3 3823 3849 3768
3 3828 3851 3763
3 3825 3852 3764
3 3811 3862 3829
3 3753 3865 3841
3 3751 3864 3842
3 3822 3853 3830
3 240 3846 3751
3 3749 3846 241
3 236 3848 3753
3 226 3847 3767
3 3761 3837 3776
3 3758 3848 237
3 3761 3847 227
3 3857 3868 3755
3 3861 3869 3770
3 214 3857 3755
3 219 3861 3770
3 387 3783 3729
3 343 3791 3743
3 3832 3833 3766
3 208 3849 3763
3 3762 3857 215
3 3754 3861 220
3 3838 3839 3784
3 206 3851 3764
3 204 3852 3765
3 3798 3849 3823
3 3796 3845 3827
3 3794 3851 3828
3 3809 3852 3825
3 3850 3873 3752
3 3744 3824 3817
3 3777 3847 3775
3 3804 3848 3802
3 3792 3834 3833
3 3763 3851 207
3 3764 3852 205
3 3782 3846 3781
3 3768 3849 209
3 3830 3853 3767
3 3772 3866 3759
3 3786 3867 3770
3 3832 3845 3796
3 3796 3827 3826
3 3813 3869 3861
3 3807 3868 3857
3 224 3853 3759
3 3791 3850 3792
3 3731 3829 3814
3 3734 3819 3810
3 386 3783 387
3 342 3791 343
3 3743 3833 3805
3 3777 3872 3830
3 3806 3855 3854
3 3812 3859 3858
3 3766 3834 200
3 3760 3863 231
3 3757 3862 233
3 225 3853 224
3 3818 3824 3744
3 3830 3872 3732
3 3767 3853 225
3 3752 3873 3844
3 236 3753 235
3 245 3750 244
3 216 3762 215
3 201 3766 200
3 198 3752 3
3 204 3765 203
3 208 3763 207
3 221 3754 220
3 210 3768 209
3 219 3770 218
3 240 3751 239
3 226 3767 225
3 242 3749 241
3 212 3769 211
3 238 3758 237
3 224 3759 223
3 232 3760 231
3 230 3756 229
3 234 3757 233
3 228 3761 227
3 206 3764 205
3 214 3755 213
3 3792 3835 3834
3 3768 3836 3824
3 372 3774 3738
3 376 3810 3731
3 378 3814 3733
3 382 3801 3730
3 345 3805 3795
3 3783 3784 3729
3 3791 3792 3743
3 3812 3858 365
3 3806 3854 360
3 3775 3776 3774
3 3802 3803 3801
3 3793 3825 3794
3 3797 3828 3798
3 3841 3865 3815
3 3842 3864 3803
3 3824 3836 3817
3 385 3780 386
3 5 3790 342
3 371 3774 372
3 381 3801 382
3 375 3810 376
3 377 3814 378
3 3771 3822 3732
3 344 3805 345
3 364 3812 365
3 359 3806 360
3 3778 3868 3736
3 3785 3869 3748
3 3740 3823 3818
3 3742 3825 3793
3 3739 3828 3797
3 3746 3854 3787
3 3741 3858 3773
3 3799 3831 3800
3 3749 3839 3838
3 3865 3871 3733
3 3864 3870 3730
3 3776 3837 3831
3 3738 3831 3799
3 3729 3843 3788
3 3790 3791 342
3 3780 3783 386
3 3822 3830 3732
3 3774 3776 3738
3 3810 3811 3731
3 3801 3803 3730
3 3814 3815 3733
3 3823 3824 3818
3 3854 3855 3787
3 3858 3859 3773
3 3840 3843 3784
3 3788 3843 3789
3 3805 3832 3795
3 3782 3870 3864
3 3804 3871 3865
3 3821 3874 3755
3 3769 3874 3821
3 3844 3873 3789
3 3833 3834 3766
3 3829 3862 3757
3 3819 3863 3760
3 3736 3868 3807
3 3748 3869 3813
3 3728 3873 3790
3 3839 3840 3784
3 3780 3838 3783
3 3735 3871 3804
3 3737 3872 3777
3 3727 3870 3782
3 212 3874 3769
3 3755 3874 213
3 3784 3843 3729
3 3732 3872 369
3 380 3871 3735
3 3733 3871 379
3 370 3872 3737
3 384 3870 3727
3 3730 3870 383
3 346 3795 3745
3 3789 3873 3728
3 3738 3799 373
3 3744 3816 355
3 3747 3778 357
3 3741 3771 367
3 368 3771 3732
3 358 3778 3736
3 3729 3788 388
3 3745 3808 347
3 3746 3785 362
3 389 3788 3728
3 363 3785 3748
3 3742 3793 349
3 3740 3818 353
3 348 3808 3742
3 350 3793 3739
3 3739 3797 351
3 356 3816 3747
3 374 3799 3734
3 352 3797 3740
3 354 3818 3744
3 361 3854 3746
3 366 3858 3741
3 3796 3826 3745
3 3747 3820 3779
3 368 3732 369
3 378 3733 379
3 372 3738 373
3 361 3746 362
3 389 3728 5
3 354 3744 355
3 350 3739 351
3 363 3748 364
3 366 3741 367
3 376 3731 377
3 387 3729 388
3 374 3734 375
3 382 3730 383
3 352 3740 353
3 348 3742 349
3 343 3743 344
3 346 3745 347
3 356 3747 357
3 358 3736 359
3 370 3737 371
3 380 3735 381
3 384 3727 385
3 3808 3826 3809
3 3795 3832 3796
3 369 3872 370
3 379 3871 380
3 383 3870 384
3 3817 3820 3816
3 3776 3831 3738
3 3795 3796 3745
3 345 3795 346
3 3815 3865 3733
3 3803 3864 3730
3 3747 3779 3778
3 3741 3772 3771
3 3788 3789 3728
3 3744 3817 3816
3 3746 3786 3785
3 3793 3794 3739
3 3797 3798 3740
3 3808 3809 3742
3 3799 3800 3734
3 388 3788 389
3 357 3778 358
3 373 3799 374
3 349 3793 350
3 351 3797 352
3 367 3771 368
3 347 3808 348
3 362 3785 363
3 353 3818 354
3 355 3816 356
3 365 3858 366
3 360 3854 361
3 3745 3826 3808
3 3820 3821 3779
3 3816 3820 3747
3 3814 3829 3815
3 3810 3819 3811
3 3805 3833 3832
3 3772 3822 3771
3 3728 3790 5
3 3727 3780 385
3 3798 3823 3740
3 3809 3825 3742
3 3794 3828 3739
3 3735 3804 3802
3 3737 3777 3775
3 3735 3801 381
3 3737 3774 371
3 3734 3810 375
3 3731 3814 377
3 3746 3787 3786
3 3741 3773 3772
3 3779 3868 3778
3 3786 3869 3785
3 3727 3782 3781
3 3743 3805 344
3 3748 3812 364
3 3736 3806 359
3 3790 3873 3850
3 3860 3866 3773
3 3856 3867 3787
3 3781 3838 3780
3 3859 3860 3773
3 3855 3856 3787
3 3790 3850 3791
3 3727 3781 3780
3 3737 3775 3774
3 3735 3802 3801
3 3748 3813 3812
3 3736 3807 3806
3 3773 3866 3772
3 3787 3867 3786
3 213 3874 212
3 5273 4221 6197
3 5411 5394 5948
3 3938 5154 5156
3 3915 5233 6102
3 4557 4559 6176
3 4765 5675 5677
3 265 264 5388
3 4221 5273 5449
3 5363 5362 5419
3 5333 5331 6030
3 4765 5677 5706
3 5142 3940 5143
3 5362 4570 5419
3 4817 4967 5928
3 5027 5133 5218
3 4796 4798 5662
3 5302 4822 5304
3 5390 5792 5824
3 5152 3885 5153
3 5435 6097 6175
3 4115 4110 5278
3 5184 4836 6120
3 5130 4644 5252
3 5391 5390 5824
3 4952 5835 5843
3 5835 5665 5843
3 4648 5124 5135
3 3949 5149 5195
3 5520 4959 6283
3 5139 4642 5245
3 3887 5321 5322
3 5274 4121 5277
3 4559 5701 6176
3 4320 4329 5582
3 4642 4514 5245
3 4320 5582 6248
3 4917 5411 5948
3 5206 4113 5755
3 5759 5199 6282
3 5753 5695 5806
3 4980 5353 5355
3 4952 5391 5824
3 4945 5753 5806
3 5391 4952 5843
3 5841 5826 6162
3 5695 4773 5718
3 4961 4959 5520
3 3910 265 5388
3 5124 4648 5134
3 5133 3952 5218
3 4926 5199 5759
3 4773 5695 5753
3 6097 5435 6284
3 5617 5943 6092
3 4833 4643 5276
3 4979 5164 5354
3 4465 5333 6030
3 3938 5156 6112
3 5100 5359 6119
3 4523 4525 6061
3 4396 5125 5350
3 5943 5261 6092
3 3887 5319 5321
3 5305 4893 5307
3 4644 5130 5262
3 5027 5218 6031
3 5118 4943 5460
3 5665 4945 5806
3 4644 4496 5252
3 4945 5665 5835
3 4905 5189 5190
3 4953 4816 5396
3 5113 5178 6185
3 5353 4980 5354
3 5180 3892 5299
3 6053 5079 6158
3 5269 5748 5977
3 4762 5784 5932
3 3957 3955 5830
3 5359 4404 6119
3 5199 4926 5202
3 4905 5190 5430
3 5125 4396 6250
3 4959 4964 6283
3 5129 394 6144
3 5036 5757 6080
3 394 5129 5959
3 5924 5355 5982
3 5345 3939 5863
3 5259 4448 5815
3 4121 5274 6241
3 3940 5142 6103
3 3939 5345 6244
3 5197 3949 6217
3 4926 4931 5202
3 5706 5677 5718
3 4083 5642 5992
3 3946 5138 5811
3 5379 5298 6049
3 4773 5706 5718
3 4927 5124 5134
3 4112 5212 5214
3 5959 5009 5982
3 3950 5200 6215
3 5203 5204 5205
3 415 3881 5663
3 5379 6053 6158
3 5269 5153 5748
3 3951 5215 6216
3 5217 3952 6214
3 5911 4974 6090
3 4922 4703 5431
3 5308 5307 5888
3 5308 5888 5896
3 5129 5009 5959
3 4943 5118 6221
3 4836 5928 6120
3 5559 4628 5867
3 6102 5233 6279
3 5138 3946 6006
3 4646 5358 5965
3 5164 3922 5354
3 5178 3945 6185
3 3952 5133 5769
3 5141 3899 5825
3 5024 5578 5579
3 5148 4974 5911
3 5308 5896 5996
3 5896 4793 5996
3 5132 5025 6023
3 5153 3885 6026
3 5991 5132 6023
3 5077 5841 6162
3 4628 5559 6236
3 5339 5336 5437
3 5991 403 6155
3 5934 4407 6167
3 4251 4242 5731
3 5757 4359 6080
3 4796 5662 6274
3 5150 5122 6041
3 5101 5379 6049
3 5745 4993 5749
3 5132 5991 6155
3 5355 5353 5982
3 4967 5731 5928
3 5820 4894 5861
3 4965 5082 5177
3 5113 5177 5178
3 3892 5180 5818
3 5161 5759 6282
3 4642 5139 6297
3 4123 4194 5266
3 5474 4381 6040
3 413 414 5988
3 4515 4488 5189
3 5168 4849 5830
3 5304 4822 5730
3 396 397 5244
3 5019 5024 5579
3 5157 4833 5276
3 5628 5045 6058
3 4094 5339 5437
3 5150 6041 6071
3 4448 5259 5838
3 5640 4525 5895
3 4238 4506 5395
3 5203 5202 5204
3 4194 4223 5266
3 5278 4110 5728
3 4927 5134 5198
3 5180 5299 5851
3 6058 5045 6069
3 5264 3941 5767
3 5646 5564 5683
3 5157 3897 5882
3 4117 5261 5943
3 4525 5640 6061
3 4514 4682 5245
3 5596 4191 6088
3 5307 4893 5888
3 4191 5596 6114
3 6029 4576 6075
3 4381 5474 6079
3 5490 5640 5895
3 4452 6078 6085
3 6078 5533 6085
3 5148 4501 5861
3 5261 4117 6109
3 5646 4762 5932
3 5506 6029 6075
3 5172 4965 5177
3 5149 3949 5196
3 5218 3919 6031
3 4192 5650 5927
3 5905 4192 5927
3 5264 4922 5431
3 5264 5767 6228
3 6067 374 6151
3 3926 5163 5851
3 3899 5141 6212
3 5897 5091 6130
3 5867 4628 5907
3 4980 4979 5354
3 4762 5646 5683
3 6073 360 6115
3 6117 4573 6178
3 3944 5123 5785
3 4496 4609 5252
3 5542 6142 6168
3 4570 5362 5422
3 5374 5867 5907
3 5505 6117 6178
3 4223 5167 5265
3 5233 3915 5822
3 4574 5145 5358
3 4121 4115 5278
3 6000 5059 6052
3 5059 5169 6052
3 5542 4887 5776
3 6142 4308 6168
3 5775 5542 5776
3 5173 396 5244
3 5181 4987 5239
3 5143 3940 5144
3 5964 5108 6110
3 5642 5024 5992
3 5145 4574 5360
3 5251 5623 5624
3 414 415 5663
3 5578 5024 5642
3 4682 4980 5913
3 4226 5122 6021
3 4798 4930 5662
3 6000 3906 6012
3 5203 5206 5755
3 5160 5934 6167
3 395 396 5173
3 5122 4226 6041
3 4905 4515 5189
3 4816 4898 5396
3 5363 5419 6277
3 4954 4953 5183
3 5187 6067 6151
3 4255 4677 5224
3 5853 4503 5985
3 273 5320 6082
3 5387 3891 6259
3 3885 5152 5686
3 5146 6081 6089
3 5320 273 6143
3 4822 5302 5741
3 5244 3892 5818
3 3914 5641 5852
3 5135 5124 5138
3 5212 4112 5864
3 5395 4953 5396
3 4446 5222 5223
3 5147 5146 6089
3 5781 4872 5851
3 5245 4682 5913
3 5408 5405 5995
3 4695 5376 5902
3 5321 5155 6218
3 5228 6073 6115
3 5397 5143 5871
3 6022 405 6035
3 5175 4363 6183
3 4954 5183 5184
3 3907 395 5173
3 4968 4971 5690
3 5131 5253 5265
3 5358 5145 5965
3 5644 5564 5646
3 4363 5175 6188
3 5937 5033 6063
3 5511 5512 5890
3 4446 5223 5292
3 397 3892 5244
3 5376 5340 5902
3 5222 4446 5942
3 4643 4644 5276
3 5123 3944 6099
3 4929 5823 5935
3 4849 3957 5830
3 4529 5987 6095
3 4987 5047 5239
3 394 3907 5176
3 414 5663 5988
3 3897 5157 6037
3 4482 5181 5239
3 6033 4175 6210
3 5430 5808 6202
3 3935 5709 5710
3 4114 5411 6004
3 4501 5148 5911
3 6028 4130 6098
3 5195 5149 5829
3 4113 5206 6220
3 5853 5985 6053
3 4077 5964 6110
3 4993 5745 5999
3 4836 4817 5928
3 437 5 6217
3 4 390 6215
3 5 437 6216
3 390 4 6214
3 4114 6004 6014
3 6174 5678 6182
3 5362 5360 5422
3 4831 5172 5177
3 5747 5428 6225
3 5068 6174 6182
3 5360 4574 5422
3 3907 5168 5830
3 5336 5338 5437
3 5322 5321 6218
3 4659 4685 5730
3 5418 6033 6210
3 5690 4251 5731
3 5512 5498 5890
3 4999 5920 5960
3 4202 4204 5292
3 4112 5214 6129
3 5056 5652 6042
3 5232 5201 5237
3 5157 5276 6037
3 4849 5168 6230
3 5059 6000 6012
3 5143 5144 5871
3 5748 3912 5977
3 3948 5201 6253
3 4473 5897 6130
3 5652 5056 6091
3 5623 5251 5625
3 3943 5380 5788
3 3955 5176 5830
3 4974 4330 5865
3 5168 3907 5173
3 5135 5138 6006
3 5131 5252 5253
3 5192 4992 5193
3 3881 5662 5663
3 3902 5275 5787
3 5370 5915 5950
3 5177 5082 5178
3 5260 5259 5815
3 5241 5242 5386
3 5209 5207 5515
3 5096 5327 5716
3 5981 4400 6032
3 5171 4999 5960
3 4611 4238 5395
3 5097 5214 5840
3 5324 5317 5467
3 3891 5387 5971
3 5167 4223 5884
3 4921 4922 5262
3 5327 4029 5716
3 5225 4974 5865
3 4894 5294 5861
3 4993 4800 5318
3 5167 5131 5265
3 5036 5174 5757
3 4897 5650 5932
3 4251 5235 5689
3 6235 4140 6246
3 5910 4248 5920
3 5201 3950 5237
3 5566 5563 5647
3 5374 4683 5915
3 5339 4094 5341
3 4772 5226 5294
3 5641 3914 6010
3 5787 5275 6137
3 5430 3905 5808
3 5655 5654 6161
3 5915 4683 5950
3 5658 3935 5710
3 5299 3926 5851
3 5784 4897 5932
3 5655 6161 6196
3 4678 4992 5192
3 5021 5019 5579
3 5564 5644 5647
3 4479 5628 6058
3 4097 5408 5995
3 5276 5263 6037
3 5155 5321 5324
3 391 3952 5769
3 4703 4905 5431
3 4488 4648 5189
3 5119 6022 6035
3 6171 4065 6198
3 4899 5274 5277
3 3951 6148 6165
3 4506 5183 5395
3 4501 5820 5861
3 5224 5222 5942
3 5166 6032 6062
3 5137 6235 6246
3 5265 5255 5266
3 5290 3942 6152
3 418 417 5513
3 4380 4309 6066
3 5383 5387 6259
3 6097 4489 6175
3 5849 5000 5886
3 5346 5382 5384
3 5046 5789 5797
3 4840 5313 5315
3 5628 4479 6219
3 3953 3920 3954
3 3922 5164 5761
3 5341 4880 5842
3 5743 5071 5967
3 5130 4921 5262
3 5174 5036 5725
3 5650 4897 5927
3 4807 5879 5924
3 5023 5021 6001
3 5388 264 5971
3 4223 5265 5266
3 4242 4474 5731
3 3904 5295 5809
3 5150 6071 6187
3 6051 5216 6165
3 5136 3916 6201
3 6266 5449 6297
3 6071 4126 6187
3 5253 5255 5265
3 4255 5224 5377
3 393 394 5176
3 5788 5380 6179
3 5703 6065 6077
3 4899 5272 5274
3 4210 4154 5648
3 4499 5241 5386
3 5368 5370 5947
3 5229 3911 6055
3 5016 5182 5725
3 3911 5229 6115
3 5165 5166 6062
3 5563 5564 5647
3 5014 5016 5725
3 3916 5136 6148
3 390 3950 6215
3 3949 437 6217
3 5166 5981 6032
3 4793 5652 5996
3 4186 5937 6063
3 4914 5340 5438
3 437 3951 6216
3 3952 390 6214
3 5069 5703 6077
3 5045 5146 6069
3 5394 5393 5948
3 5172 4831 5310
3 5036 5014 5725
3 436 3949 5195
3 5987 5487 6095
3 5409 6028 6098
3 5386 5242 5387
3 5465 6171 6198
3 5181 4482 5240
3 4683 5374 5907
3 5196 3949 5197
3 4840 5315 5318
3 5383 5386 5387
3 5449 4932 6297
3 5428 5747 5909
3 5306 5305 5307
3 5146 5045 6081
3 4994 5929 6018
3 5080 6051 6165
3 5201 3948 6045
3 5321 5317 5324
3 4677 4954 5224
3 5223 5184 6120
3 5339 5341 5842
3 5280 5814 5819
3 4932 4642 6297
3 4362 5553 6213
3 4999 5910 5920
3 3942 5290 5768
3 5553 4362 6208
3 4964 5637 6283
3 5662 5661 6274
3 3950 3953 5237
3 4967 4968 5690
3 5637 4964 6263
3 4156 4158 5916
3 5347 3898 5704
3 4381 5418 6040
3 5331 5376 6030
3 5570 5571 6223
3 5154 3938 6218
3 3962 4248 5240
3 5221 5658 5710
3 4411 6133 6134
3 6133 5116 6134
3 5250 4671 5625
3 5288 5990 5998
3 5904 4939 5919
3 5418 4381 6033
3 4971 5235 5690
3 5570 6223 6234
3 4508 4806 5198
3 5789 5046 6096
3 3919 5218 6048
3 5990 4086 5998
3 5200 3950 5201
3 4954 5184 5222
3 5163 5781 5851
3 5520 4083 5992
3 392 3920 3953
3 5949 4085 5963
3 5652 4793 6042
3 5216 3918 6050
3 5891 5604 5961
3 4226 5171 5960
3 5183 4953 5395
3 4213 4202 5292
3 5993 5327 5997
3 5540 4323 6206
3 5068 6146 6174
3 4893 5305 5730
3 5891 5038 5904
3 3952 5217 5218
3 5441 4929 5935
3 4371 5993 5997
3 4939 4938 5919
3 5215 3951 5216
3 4204 4446 5292
3 5513 5511 5890
3 4323 5540 6194
3 4800 4840 5318
3 5313 4840 5451
3 5209 5515 6007
3 5068 5067 6146
3 6064 5401 6068
3 4872 5180 5851
3 424 425 5306
3 3945 5178 5954
3 5370 4712 5947
3 5262 4922 5263
3 4648 5135 5189
3 4929 5441 5798
3 5214 5213 5840
3 5162 3909 6160
3 5447 4006 6140
3 5090 5949 5963
3 5226 4772 5733
3 4678 5192 5248
3 5169 3893 6052
3 4373 5198 5543
3 5038 4939 5904
3 4806 4927 5198
3 3937 5188 6172
3 6127 5568 6173
3 4223 4215 5884
3 3921 5195 5829
3 5441 5546 5798
3 5285 4452 6085
3 5382 5346 5385
3 3960 3962 5240
3 4822 4659 5730
3 4007 6065 6087
3 5272 4899 5375
3 5001 5393 5886
3 4093 6064 6068
3 3910 5388 5968
3 6148 5136 6165
3 3932 5509 5511
3 4380 6094 6105
3 5305 5304 5730
3 4685 4893 5730
3 3958 4482 5230
3 5411 4917 6004
3 3894 418 5513
3 3924 424 5306
3 5425 4626 5535
3 5201 5232 6253
3 4318 4320 6248
3 5823 4415 5935
3 6123 4187 6128
3 5883 4299 5972
3 5349 4646 5965
3 6094 5114 6105
3 5251 5250 5625
3 4644 5262 5276
3 5000 5001 5886
3 5230 4482 5239
3 5428 5427 6225
3 5231 5230 5239
3 5588 6123 6128
3 4006 5447 6163
3 5105 5290 6152
3 5431 5430 6202
3 5043 5638 5885
3 5503 3875 5514
3 5176 3907 5830
3 5624 3886 5758
3 4860 4523 6061
3 4629 5743 5967
3 5021 5579 6001
3 5709 3935 5988
3 5294 5226 5861
3 5162 5246 5247
3 4961 5520 5992
3 5162 4896 5246
3 5202 4931 5204
3 5240 4248 5729
3 5459 6127 6173
3 4415 5179 5935
3 5040 4812 5284
3 417 3932 5513
3 4791 6036 6060
3 5375 4895 5516
3 4443 5238 5310
3 5294 4894 5715
3 3882 5303 5304
3 5340 4914 5902
3 5293 5294 5715
3 3918 5216 6051
3 5219 3903 6166
3 4702 5058 5243
3 3875 414 5514
3 5667 5161 6282
3 5325 5117 5939
3 5192 4984 5248
3 5039 5249 5610
3 5221 3895 5658
3 5786 5115 6099
3 5325 5012 5858
3 5826 4414 6162
3 5647 4210 5648
3 5749 4993 6083
3 4883 4925 5450
3 5566 5647 5648
3 5241 4499 5517
3 5410 5394 5411
3 3913 5323 6143
3 5115 5786 6212
3 4443 4402 5238
3 5619 5066 5874
3 5509 3932 5567
3 3909 5162 6084
3 3882 5304 5305
3 5248 4984 5399
3 5529 5472 5595
3 5198 5134 5543
3 5295 3904 6204
3 5267 5256 6109
3 4373 4508 5198
3 3906 433 5236
3 3908 5191 5812
3 5255 5256 5267
3 4772 4277 5733
3 432 3900 5298
3 5203 5205 5206
3 5344 4623 5385
3 4478 4834 5268
3 3875 5503 5507
3 3882 426 5303
3 5716 4112 6129
3 4154 4156 5648
3 5879 4951 5924
3 4576 5487 5987
3 3935 413 5988
3 4896 4808 5246
3 5528 5529 5595
3 5239 5047 6279
3 3950 391 3953
3 4123 5266 6296
3 4329 5556 6242
3 4482 3960 5240
3 5229 5057 5450
3 5057 5229 6055
3 5619 4085 5918
3 413 412 5855
3 5123 4845 5291
3 4333 4478 5268
3 5434 5436 5437
3 3890 5227 6190
3 4671 5250 5751
3 4692 4966 5270
3 5648 4156 5916
3 5487 4576 6029
3 414 413 5514
3 5067 5287 6146
3 4627 4557 6176
3 390 391 3950
3 436 437 3949
3 5473 5416 5537
3 5469 5473 5537
3 5929 4364 6018
3 4265 5849 5886
3 391 390 3952
3 437 436 3951
3 4830 5191 5279
3 5161 5667 6288
3 5328 4092 5330
3 3954 3956 4789
3 5262 5263 5276
3 5103 4820 5407
3 5556 4329 6229
3 4789 5230 5231
3 5231 5239 6279
3 6036 5102 6060
3 4412 5463 5699
3 4454 4626 5425
3 5346 5344 5385
3 5191 3908 6135
3 5472 5529 5596
3 5424 5557 5558
3 3875 5507 5567
3 5105 5289 5290
3 5269 4956 5531
3 4980 5355 5913
3 5066 5619 5918
3 5908 4380 6066
3 4006 5285 6140
3 5249 4874 5610
3 4858 5281 5283
3 3921 435 5195
3 5056 5654 6091
3 5048 5270 5380
3 5125 5348 5350
3 4394 5165 6062
3 4899 4895 5375
3 3954 3920 3955
3 5330 4092 5340
3 5314 4481 5467
3 4490 5324 5467
3 5357 4883 5450
3 4789 3956 5230
3 4244 4373 5543
3 3906 5236 5460
3 5424 5558 5559
3 3896 5185 6151
3 4475 4463 5399
3 5226 5148 5861
3 5340 4092 5438
3 5918 4085 5949
3 5441 5440 5546
3 4617 5325 5858
3 5409 5408 6020
3 5534 5125 6250
3 5394 5410 5421
3 5235 4251 5690
3 5496 5560 5561
3 5144 5234 5871
3 425 3882 5306
3 4679 5049 5289
3 5038 5891 5961
3 5576 5936 5946
3 4396 5350 5351
3 4806 4808 4896
3 4724 4722 5706
3 3893 5169 6252
3 5171 4226 6021
3 4249 4498 5296
3 3920 393 5176
3 5638 4511 5885
3 5179 4415 5951
3 5316 5320 5323
3 5440 4449 5546
3 4808 5027 5246
3 4508 4805 4806
3 5271 4453 5669
3 426 3928 5371
3 5152 5243 5686
3 4630 4903 5397
3 5629 4888 6189
3 4490 4491 5791
3 5189 5135 5190
3 5387 5242 5388
3 3954 3955 3956
3 5055 5349 5965
3 4812 4858 5284
3 3895 5221 5833
3 4690 4830 5279
3 5555 5556 6222
3 4098 4427 5438
3 5318 5315 5323
3 5540 5539 6186
3 5298 3900 6049
3 4453 5271 5375
3 5193 4992 5999
3 5748 5153 6026
3 5211 5212 5864
3 4387 4610 5286
3 5277 4121 5278
3 4702 5243 5439
3 4330 5268 5865
3 5247 289 6084
3 5410 4080 5421
3 6222 5556 6229
3 4693 4692 5270
3 5285 4006 6147
3 5289 5049 5290
3 4925 5229 5450
3 5263 4922 5264
3 6065 5703 6087
3 5317 5314 5467
3 4510 4438 5451
3 4825 5219 5291
3 426 427 5303
3 4671 4655 5625
3 4672 4671 5751
3 4845 4696 5291
3 5252 4609 5253
3 4858 5283 5284
3 4626 5397 5871
3 4236 4249 5296
3 5699 5616 5790
3 5009 5924 5982
3 4903 5143 5397
3 4880 5365 5530
3 5312 4481 5313
3 4806 4805 4808
3 5188 3937 6067
3 5371 3928 5372
3 5232 5231 5233
3 5507 5509 5567
3 5514 413 5855
3 5083 5115 6025
3 3956 3958 5230
3 5432 3978 5436
3 5323 3913 6083
3 5076 4896 5162
3 4985 5194 5326
3 4010 4092 5328
3 4436 4481 5312
3 5158 6256 6260
3 5312 5313 5451
3 5917 6164 6205
3 5654 5056 6161
3 3924 5306 5307
3 3927 5300 5301
3 5352 3901 5353
3 5413 5417 5419
3 5455 5457 5458
3 5409 6020 6028
3 5434 5432 5436
3 5663 4930 5988
3 5369 5371 5372
3 5033 5592 5711
3 4927 4896 5076
3 4680 4679 5289
3 4427 4914 5438
3 4885 5105 5295
3 4878 4591 5439
3 4986 4900 5275
3 4821 5405 5406
3 3892 398 5299
3 5540 6186 6194
3 4265 4263 5311
3 434 3921 5236
3 5315 5316 5323
3 5009 4807 5924
3 5345 5346 6244
3 4840 4510 5451
3 4581 5469 5537
3 5478 4860 6061
3 5243 5058 5686
3 5270 4966 5380
3 4476 4883 5357
3 3958 3960 4482
3 5424 5423 5557
3 3933 5488 5499
3 4930 5709 5988
3 3880 5482 5483
3 3927 428 5300
3 398 3922 5761
3 5142 5141 5825
3 4801 4690 5279
3 4690 4616 4830
3 5125 4792 5348
3 5682 4086 5983
3 4750 4848 5457
3 4984 4475 5399
3 4813 5040 5402
3 5219 5002 5220
3 4453 5375 5516
3 5281 4858 5398
3 4478 4502 4696
3 4641 5117 5325
3 4624 4623 5342
3 4333 4442 4478
3 4655 4654 5625
3 6076 5448 6139
3 5081 5883 5972
3 4269 5293 5715
3 4463 4460 5399
3 3932 5511 5513
3 4456 4443 4616
3 5393 5001 5948
3 5488 3933 5521
3 4752 4750 5457
3 5324 4490 5791
3 5423 424 5557
3 3880 5483 5484
3 5983 4086 5990
3 5330 5340 5376
3 4696 4825 5291
3 4825 5002 5219
3 4801 5279 5280
3 4789 5232 5237
3 396 3901 5352
3 5342 4623 5344
3 4101 4598 5461
3 4080 4072 5421
3 4880 5530 5842
3 3953 3954 5237
3 434 435 3921
3 392 393 3920
3 4418 4421 5378
3 4575 5528 5595
3 5456 5075 5720
3 416 415 5567
3 4646 4571 5358
3 3880 409 5482
3 435 436 5195
3 5124 5076 5138
3 4499 4470 5517
3 430 3923 5356
3 4269 4271 5293
3 4249 4450 4488
3 4412 5699 5790
3 4420 4454 5425
3 4402 4399 5238
3 393 392 3917
3 435 434 3916
3 5424 5559 5867
3 4696 4502 4825
3 4821 5404 5405
3 4456 4616 4690
3 3926 400 5364
3 4779 5073 5404
3 4405 4402 4443
3 5463 4412 5770
3 4556 4581 5736
3 5005 5121 5641
3 3916 434 5297
3 4830 5113 5191
3 3947 5196 6107
3 5705 5273 6197
3 5592 5591 5711
3 5297 5298 5379
3 4478 4442 4502
3 4488 4450 4648
3 4612 5392 5393
3 4236 4243 4249
3 5550 5945 5952
3 4327 4333 5268
3 5761 5164 5903
3 5936 4216 5946
3 4486 4499 5381
3 3923 429 5367
3 4830 4831 5113
3 423 3924 5866
3 4265 5311 5849
3 4654 5623 5625
3 5274 5705 6241
3 5247 6031 6270
3 5163 3926 6268
3 4416 4418 5378
3 4596 4361 5398
3 4564 4570 5422
3 6256 4095 6260
3 4128 6104 6154
3 4286 4327 4330
3 5300 3893 5309
3 4249 4243 4450
3 4405 4443 4456
3 5247 5246 6031
3 4810 5456 5720
3 4399 4397 4400
3 4900 5048 5275
3 5083 6025 6056
3 4612 4259 5392
3 4900 4891 5048
3 4550 4575 5727
3 4117 5267 6109
3 5381 4499 5386
3 3984 4880 5341
3 4877 4985 5326
3 3880 5484 5521
3 5243 4878 5439
3 4280 4285 4286
3 4880 3986 5365
3 4722 4765 5706
3 4789 5231 5232
3 5313 4481 5314
3 4761 4779 5404
3 5035 4845 5123
3 3962 3964 4248
3 289 5247 6270
3 4834 4696 4845
3 4194 4215 4223
3 4806 4896 4927
3 5082 4885 5295
3 4703 4515 4905
3 5412 5413 5419
3 5229 5228 6115
3 5404 5073 5405
3 4135 4133 5366
3 4623 4620 5385
3 4956 4634 5531
3 4227 4236 5296
3 4432 4436 5312
3 4330 4327 5268
3 4498 4488 4515
3 4885 4699 5105
3 5297 433 5298
3 4008 4010 5328
3 4570 4562 5412
3 391 392 3953
3 5590 5527 5614
3 5687 5553 6200
3 5049 4824 5185
3 5154 4833 5156
3 400 3889 5403
3 4453 4368 5669
3 432 433 3906
3 394 395 3907
3 4494 4630 5397
3 3956 3957 3958
3 4570 5412 5419
3 5491 5492 5561
3 4481 4444 5467
3 4892 4901 5729
3 4832 4833 5154
3 4591 4588 5439
3 427 426 5371
3 4286 4285 4327
3 3922 5352 5354
3 4477 4476 5357
3 4876 5241 5517
3 4832 4643 4833
3 5271 5272 5375
3 4820 4821 5407
3 4636 4956 5427
3 5457 4848 5458
3 5657 3895 5833
3 5427 4956 5977
3 5310 5238 5906
3 4692 4886 4966
3 4792 4645 5348
3 4692 4667 4886
3 4004 4256 5365
3 5490 5481 5640
3 4613 5666 5802
3 409 408 5482
3 5156 5157 5882
3 5586 5590 5614
3 4831 4616 5310
3 5291 5219 6166
3 4399 4400 5238
3 4016 4098 5438
3 433 432 5298
3 5492 5496 5561
3 5054 5145 5360
3 5591 4577 5711
3 4495 4643 4832
3 4516 4515 4703
3 4788 5077 5446
3 5592 5033 5937
3 4891 4693 5270
3 4927 5076 5124
3 4846 4845 5035
3 4829 4330 4974
3 4044 4046 5442
3 4391 4389 4394
3 5313 5314 5315
3 4275 4277 4772
3 4773 4724 5706
3 5296 5844 5884
3 4679 4675 4824
3 4111 4116 4117
3 4431 4435 5532
3 6200 5553 6208
3 3954 4789 5237
3 5266 5255 5267
3 5287 5067 6145
3 5222 5184 5223
3 4903 5141 5142
3 4921 4703 4922
3 5382 5381 5383
3 5402 5040 5533
3 5844 5167 5884
3 4825 4826 5002
3 5126 4874 5249
3 5188 5251 6172
3 3886 5624 6207
3 5284 5283 5285
3 5315 5314 5316
3 4619 5382 5385
3 4230 4239 5377
3 4072 4087 5421
3 5406 5405 5408
3 3894 5497 5697
3 3941 5264 6202
3 4466 4876 5517
3 5419 5417 6277
3 4602 4449 5440
3 4966 4886 5704
3 4679 4824 5049
3 4046 4076 5442
3 5484 5488 5521
3 4810 4756 5452
3 4389 4387 5286
3 4903 4854 5141
3 4438 4434 5451
3 4941 4877 5326
3 4394 5286 5287
3 5329 5332 5530
3 4876 4475 4877
3 5382 5383 5384
3 5100 4843 5359
3 4581 5537 5736
3 6247 4326 6287
3 4641 4943 5117
3 5343 5345 5347
3 4630 4854 4903
3 4992 4800 4993
3 4431 4430 4432
3 4678 4510 4800
3 4571 4568 5358
3 3889 5761 5903
3 4192 5649 5650
3 4429 4428 4430
3 5293 4772 5294
3 4954 5222 5224
3 4427 4428 4429
3 4429 4430 4431
3 4431 4432 4434
3 4678 4800 4992
3 4361 4425 5398
3 4452 5285 6147
3 4416 4417 4418
3 4889 4350 5448
3 4434 4432 5312
3 4619 4486 5381
3 4239 4255 5377
3 4876 4877 4941
3 4699 4680 5289
3 4619 5381 5382
3 5442 5443 5594
3 5054 5360 5361
3 429 3893 5300
3 5583 6247 6287
3 4418 4419 4420
3 4617 4641 5325
3 5323 5320 6143
3 403 3925 5426
3 5083 5035 5115
3 4457 4510 4678
3 4886 5342 5343
3 4271 4275 5293
3 4436 4444 4481
3 4427 4122 4428
3 4888 5629 6209
3 4042 4044 5389
3 4429 4431 5532
3 5185 5186 5187
3 5316 5319 5320
3 5343 5347 5704
3 5301 5300 5309
3 4575 5595 5727
3 4486 4470 4499
3 4879 5269 5531
3 4466 4475 4876
3 5389 4044 5442
3 4256 5329 5530
3 399 3926 5299
3 4830 4616 4831
3 4895 4485 5516
3 4466 4463 4475
3 4987 4986 5046
3 4457 4438 4510
3 4098 4122 4427
3 4862 4813 5402
3 5666 5029 5802
3 5535 4626 5871
3 5366 4133 5678
3 3932 416 5567
3 4985 5193 5194
3 4940 5400 5401
3 5275 5048 6137
3 4478 4696 4834
3 5331 5330 5376
3 3958 3959 3960
3 5367 3888 5368
3 5405 5073 5995
3 5329 5328 5330
3 5311 4416 5378
3 4599 5586 5614
3 4970 4969 5462
3 5352 5353 5354
3 5343 5344 5345
3 4263 4266 5311
3 4010 4016 4092
3 4620 4619 5385
3 4808 4904 5027
3 425 424 5423
3 4875 4874 5126
3 4940 5401 6017
3 4454 4494 4626
3 4925 5227 5228
3 427 3927 5303
3 4387 4139 4610
3 5976 4170 5978
3 4756 4754 5452
3 5329 5330 5331
3 4598 4103 5617
3 3900 431 5356
3 4810 5452 5453
3 4858 4596 5398
3 4266 4278 4416
3 5523 5526 5528
3 4131 4193 5678
3 4420 4419 4454
3 4667 4624 5342
3 3968 3970 4226
3 4594 4879 5531
3 5400 4862 5402
3 5541 4887 5542
3 415 3875 5567
3 4421 4420 4422
3 5464 4937 5465
3 4184 4188 5599
3 3922 397 5352
3 5496 4627 6176
3 4418 4417 4419
3 429 430 3893
3 397 398 3892
3 5564 5562 5683
3 4256 5328 5329
3 4925 4924 5227
3 4277 4280 5733
3 4256 4008 5328
3 4394 4389 5286
3 4211 5633 5634
3 4485 4252 5516
3 5560 5558 5561
3 3956 3955 3957
3 5718 5677 5739
3 4249 4488 4498
3 4616 4443 5310
3 4126 5432 5433
3 4883 4924 4925
3 4837 5427 5428
3 433 434 5236
3 5433 5434 5435
3 4879 5152 5153
3 4684 4887 5541
3 5348 5349 5350
3 3923 5367 5872
3 4877 4984 4985
3 4879 4878 5152
3 4645 4646 5348
3 4837 4636 5427
3 4004 4008 4256
3 4626 4494 5397
3 4611 5395 5396
3 4702 4701 5057
3 4985 5192 5193
3 4702 5057 5058
3 5155 5324 5791
3 5528 5526 5529
3 4495 4496 4643
3 4139 4135 5366
3 4124 4118 4206
3 5110 4792 5125
3 4883 4857 4924
3 5316 5317 5319
3 4261 4263 4265
3 5559 5558 5560
3 4636 4634 4956
3 5220 348 6124
3 4577 5591 5680
3 4587 4701 4702
3 4937 4774 5108
3 401 3883 5364
3 4594 4878 4879
3 4965 4885 5082
3 5378 5783 5849
3 5113 4831 5177
3 4476 4857 4883
3 3960 3961 3962
3 4841 4792 5110
3 5348 4646 5349
3 5365 4256 5530
3 4562 4560 5412
3 5108 5109 5179
3 5783 5000 5849
3 4901 4900 4986
3 4052 4054 5568
3 4810 5453 5456
3 4892 4891 4900
3 4645 4571 4646
3 5436 4094 5437
3 5572 4707 5696
3 4864 4862 5400
3 5969 4727 5973
3 432 431 3900
3 396 395 3901
3 4508 4804 4805
3 428 3888 5367
3 4594 4591 4878
3 4587 4584 4701
3 4536 4577 5680
3 4350 4348 5448
3 4416 4278 4417
3 4052 4053 4054
3 3924 5308 5866
3 4286 4330 4829
3 4874 4871 5610
3 5694 5718 5739
3 4158 4211 5916
3 3988 4004 5365
3 4940 4864 5400
3 3931 5476 5478
3 4218 4230 5377
3 4266 4416 5311
3 3927 5301 5302
3 408 5480 5482
3 4432 4433 4436
3 3974 3976 4126
3 4476 4422 4857
3 4761 4760 4779
3 5454 4823 5455
3 4373 4507 4508
3 4275 4772 5293
3 4054 4055 4056
3 4866 4864 4940
3 4435 4434 4438
3 399 400 3926
3 427 428 3927
3 5227 5234 6190
3 4759 4758 4760
3 5048 4891 5270
3 4704 4937 5464
3 4355 4354 4356
3 4700 4699 4885
3 5172 5310 5906
3 408 407 5480
3 5491 3930 5492
3 5550 5599 5600
3 4050 4051 4052
3 4444 4445 4490
3 4236 4237 4243
3 5241 4941 5242
3 4813 4812 5040
3 4056 4057 4058
3 4597 4596 4812
3 5442 4076 5443
3 4227 4228 4236
3 4901 5181 5729
3 4192 4148 5649
3 4336 4472 5545
3 5372 3928 5373
3 4356 4358 4360
3 4704 4602 4774
3 4439 4438 4457
3 4058 4059 4060
3 4436 4437 4444
3 4423 4422 4476
3 4070 4069 4071
3 4072 4071 4087
3 4630 4631 4854
3 4829 4974 5148
3 4090 4088 4114
3 4068 4067 4069
3 4779 4790 5072
3 4066 4065 4067
3 4070 4071 4072
3 4757 4756 4758
3 4060 4061 4062
3 3978 3980 5436
3 4064 4063 4065
3 4068 4069 4070
3 4062 4063 4064
3 4064 4065 4066
3 4062 4061 4063
3 4851 4642 4932
3 4568 4574 5358
3 4066 4067 4068
3 5557 3879 5558
3 5406 5408 5409
3 4873 4871 4874
3 5105 4699 5289
3 4060 4059 4061
3 5476 5477 5478
3 4647 4645 4792
3 4048 4049 4050
3 4542 4599 5700
3 4568 4566 4574
3 4188 4205 5599
3 4058 4057 4059
3 4092 4016 5438
3 3986 3988 5365
3 5767 3897 6228
3 4098 4099 4122
3 4016 4017 4098
3 4259 4261 5392
3 5368 5369 5370
3 398 397 3922
3 430 429 3923
3 4056 4055 4057
3 4498 4515 4516
3 3980 3982 4094
3 4004 4005 4008
3 5281 4787 5282
3 5080 4802 5420
3 4755 4754 4756
3 5452 4823 5454
3 4054 4075 5568
3 4434 5312 5451
3 4360 4361 4596
3 412 3933 5855
3 4008 4009 4010
3 4820 4769 4821
3 4513 4851 5669
3 4668 4667 4692
3 3898 5347 6232
3 4215 4220 4227
3 3980 4094 5436
3 4464 4463 4466
3 5598 4293 5774
3 4046 4047 4048
3 4834 4845 4846
3 4044 4045 4046
3 4054 4053 4055
3 5181 5240 5729
3 4010 4011 4016
3 4425 4663 5398
3 4471 4470 4486
3 4487 4486 4619
3 4851 5271 5669
3 3962 3963 3964
3 3929 401 5403
3 4753 4752 4754
3 5185 4824 5186
3 4969 5616 5699
3 5483 5481 5490
3 4786 5464 5688
3 4042 4043 4044
3 4458 5248 5399
3 5390 5389 5594
3 4839 4847 5554
3 4418 4420 4421
3 3931 406 5476
3 4513 4514 4642
3 5670 5692 5738
3 5484 5483 5485
3 4797 4859 5581
3 4704 4774 4937
3 4886 4667 5342
3 5554 4847 5555
3 3883 402 5426
3 4751 4750 4752
3 4353 4352 4354
3 423 3879 5557
3 5623 5429 5624
3 3997 3999 5726
3 4779 5072 5073
3 421 3930 5491
3 4527 5604 5605
3 5332 5331 5333
3 4516 4703 4921
3 5372 5373 5374
3 4654 4639 5466
3 3984 3986 4880
3 4597 4812 4813
3 4052 4051 4053
3 4564 4562 4570
3 4494 4500 4630
3 5281 5282 5283
3 5522 5523 5528
3 4356 4354 4358
3 5334 5333 5335
3 5336 5335 5337
3 5003 5005 5641
3 3988 3990 4004
3 4360 4596 4597
3 4759 4760 4761
3 3882 5305 5306
3 5282 5446 5447
3 4111 4115 4116
3 3924 5307 5308
3 4286 4829 5733
3 5070 4973 5071
3 401 402 3883
3 425 426 3882
3 4449 4287 5546
3 4513 4642 4851
3 4769 4761 5404
3 4572 4571 4645
3 400 399 3889
3 428 427 3888
3 4358 4354 5698
3 4599 5614 5700
3 4757 4758 4759
3 4088 4080 5410
3 4823 4752 5457
3 5643 5644 5645
3 4749 4748 4750
3 5538 4686 5541
3 4585 4584 4587
3 4087 4259 4612
3 4846 5035 5083
3 5272 4933 5273
3 4327 4328 4333
3 4676 4675 4679
3 4470 4467 5517
3 4333 4334 4442
3 4194 4209 4215
3 4637 4636 4837
3 4592 4591 4594
3 4491 4493 4495
3 4663 4664 4787
3 434 433 5297
3 5185 3896 6116
3 5463 5462 5699
3 5099 4976 5518
3 5206 5205 5207
3 3958 3957 3959
3 4567 4566 4568
3 3879 5491 5561
3 5601 5602 5604
3 4403 4402 4405
3 4663 4787 5281
3 4114 5410 5411
3 4575 4548 5522
3 4709 4707 5572
3 3964 3965 3966
3 5581 4859 5582
3 4890 4693 4891
3 4109 4110 4111
3 4755 4756 4757
3 4851 4932 4933
3 4569 4568 4571
3 4575 5522 5528
3 4444 4490 5467
3 5031 4843 5100
3 4123 4127 4194
3 4211 4160 5633
3 398 399 5299
3 4148 4150 5649
3 4754 4823 5452
3 5108 4774 5109
3 4850 5538 5539
3 4747 4746 4748
3 4401 4399 4402
3 5372 5374 5915
3 4560 4578 5412
3 4255 4252 4485
3 5343 5342 5344
3 4691 4690 4801
3 4460 4458 5399
3 4558 4556 5736
3 4441 4512 4513
3 4469 4467 4470
3 4850 4688 5538
3 5383 5381 5386
3 4753 4754 4755
3 4360 4597 5681
3 4610 4139 5366
3 5413 5415 5417
3 4635 4634 4636
3 5547 4184 5599
3 4829 5226 5733
3 4409 4247 5606
3 4898 4899 5277
3 4425 4662 4663
3 4351 4350 4352
3 4126 3976 5432
3 5692 4604 5738
3 4454 4455 4494
3 4992 4993 5999
3 4677 4485 4816
3 4751 4752 4753
3 4622 4620 4623
3 5284 5285 6085
3 4105 4109 5617
3 4261 4265 5392
3 5412 4578 5413
3 5443 4076 5444
3 4675 4672 5751
3 4832 5154 5155
3 4565 4564 4566
3 5005 5007 5121
3 5729 4248 5910
3 4287 4281 5546
3 4462 4460 4463
3 4239 4240 4252
3 4584 4477 5357
3 4160 4162 5633
3 5444 4076 5475
3 4779 4760 4790
3 5498 5512 6203
3 5580 4799 5581
3 4821 4769 5404
3 4745 4744 4746
3 4566 4564 5422
3 4560 4558 4578
3 5368 3888 5369
3 4421 4422 4423
3 4520 4409 5606
3 4116 4120 4123
3 4050 4049 4051
3 4816 4895 4898
3 4666 4624 4667
3 4357 4356 5681
3 5345 5344 5346
3 5433 5432 5434
3 5549 5622 5713
3 428 429 5300
3 411 410 5521
3 4352 4350 4889
3 5187 5186 5188
3 5072 4790 5074
3 5272 5273 5274
3 5569 4852 5570
3 5608 5120 5609
3 4781 5120 5608
3 397 396 5352
3 4749 4750 4751
3 5570 4379 6239
3 4360 4358 4361
3 4788 4957 5077
3 4280 4283 4285
3 4612 5393 5394
3 4787 4788 5446
3 4877 4475 4984
3 4686 4684 5541
3 402 401 3929
3 426 425 3928
3 5601 4780 5602
3 4903 5142 5143
3 4398 4397 4399
3 4424 4358 5698
3 4866 4940 5039
3 4634 4595 5531
3 410 3880 5521
3 5156 4833 5157
3 4253 4368 4453
3 4368 4441 5669
3 4978 5174 5725
3 5476 3878 5477
3 6060 5102 6074
3 4335 4295 5598
3 4012 4378 5667
3 5493 3930 5697
3 4758 4756 4810
3 4933 4932 5449
3 5570 4852 5571
3 4348 4517 5448
3 4352 4889 5698
3 4775 4852 5569
3 4751 4753 5562
3 4044 4043 4045
3 4355 4356 4357
3 4828 4799 5580
3 5649 5645 5650
3 5071 5462 5463
3 4743 4742 4744
3 4583 4477 4584
3 5110 5125 5534
3 4239 4252 4255
3 4349 4348 4350
3 4688 4686 5538
3 5273 4933 5449
3 4522 4780 5601
3 4046 4045 4047
3 400 401 5364
3 4094 3982 5341
3 4048 4047 4049
3 4253 4453 5516
3 431 430 5356
3 4747 4748 4749
3 4277 4279 4280
3 419 3894 5697
3 4812 4596 4858
3 4663 5281 5398
3 5645 5644 5646
3 4252 4253 5516
3 4590 4588 4591
3 5602 4780 5603
3 4698 4680 4699
3 4973 4970 5462
3 4841 5110 5359
3 4528 4527 5605
3 5681 4861 5771
3 3888 427 5371
3 4597 4861 5681
3 4386 4139 4387
3 5559 5701 6236
3 4754 4752 4823
3 5898 4784 5926
3 4563 4562 4564
3 4745 4746 4747
3 429 428 5367
3 4255 4485 4677
3 4800 4510 4840
3 4497 4214 5616
3 5622 5620 5713
3 4078 4042 5389
3 3960 3959 3961
3 4741 4740 4742
3 5316 5314 5317
3 4491 4495 5791
3 4556 4554 4581
3 3976 3978 5432
3 4674 4672 4675
3 4857 5425 5535
3 4633 4595 4634
3 4561 4560 4562
3 4985 4984 5192
3 4458 4457 5248
3 4073 4072 4080
3 4991 4973 5070
3 4211 5634 5878
3 4087 4258 4259
3 4608 5037 5627
3 4799 4797 5581
3 4201 4202 4213
3 4242 4235 4474
3 4114 4088 5410
3 3933 411 5521
3 4677 4816 4953
3 4295 4293 5598
3 4670 4655 4671
3 5282 4787 5446
3 4195 4189 4196
3 4743 4744 4745
3 5260 5815 5876
3 4042 4041 4043
3 4427 4429 4914
3 4969 4818 5616
3 4047 5619 5874
3 5462 4969 5699
3 5497 5493 5697
3 4925 5228 5229
3 4353 4354 4355
3 4188 4185 4189
3 4559 4558 4560
3 4201 4200 4202
3 4422 4420 5425
3 4125 4124 4128
3 4818 4497 5616
3 4538 4536 5680
3 4647 4792 4841
3 4096 4095 4118
3 4091 4090 4095
3 4513 4512 4514
3 4790 4760 5720
3 4099 4101 5461
3 4369 5631 5632
3 4548 4546 5522
3 5469 5471 5473
3 4750 4748 4848
3 4230 4234 4239
3 4741 4742 4743
3 4588 4587 5439
3 4119 4118 4124
3 4650 4504 4791
3 5689 5235 6136
3 4199 4200 4201
3 4244 4372 4373
3 4758 4810 5720
3 423 424 3924
3 403 404 3925
3 405 3878 5476
3 4395 4393 4397
3 4850 5540 5696
3 401 400 5403
3 4613 4694 5666
3 5461 4598 5876
3 4275 4276 4277
3 5434 5437 6284
3 4369 4164 5630
3 4739 4738 4740
3 4347 4346 4348
3 4432 4430 4433
3 4348 4346 4517
3 4557 4556 4558
3 3879 422 5491
3 5485 5483 5490
3 5186 4824 5751
3 4705 4850 5696
3 4898 4895 4899
3 4182 4184 5547
3 4431 4434 4435
3 5558 3879 5561
3 4653 4639 4654
3 4101 4103 4598
3 4188 4189 4195
3 4663 4662 4664
3 4007 3997 5726
3 5657 5833 5923
3 4875 5126 5127
3 4816 4485 4895
3 5152 4878 5243
3 4369 5630 5631
3 4184 4183 4185
3 4873 4874 4875
3 4081 4080 4088
3 5473 5471 5474
3 4048 4050 5475
3 4089 4088 4090
3 4184 4185 4188
3 5370 5369 5915
3 4252 4240 4253
3 4787 4664 4788
3 4684 4658 4887
3 5576 5573 5636
3 5319 5317 5321
3 4457 4678 5248
3 4338 4336 5545
3 4821 5406 5407
3 4196 4199 5597
3 3998 3996 5685
3 6006 5810 6271
3 4423 4476 4477
3 4739 4740 4741
3 5413 5414 5415
3 5174 5099 5175
3 5492 5494 5496
3 3982 3984 5341
3 4555 4554 4556
3 4601 4449 4602
3 4392 4391 4393
3 4737 4739 5573
3 4993 5318 6083
3 5492 5493 5494
3 424 423 5557
3 4701 5357 5450
3 3931 5478 5479
3 3951 436 6148
3 4428 4122 4884
3 423 422 3879
3 405 404 3878
3 4050 4052 4254
3 5057 4701 5450
3 4040 4041 4042
3 3877 5651 5652
3 5238 4400 5906
3 5032 4195 5597
3 4248 3964 5920
3 5492 3930 5493
3 4694 5042 5043
3 4204 4208 4446
3 4856 4839 5554
3 5633 5632 5634
3 4978 5099 5174
3 4103 4105 5617
3 3966 3967 3968
3 4472 4331 5584
3 5603 5606 5794
3 5466 5429 5623
3 4129 4128 5762
3 4746 4744 4888
3 4741 4784 5636
3 4105 4107 4109
3 3962 3961 3963
3 4876 4941 5241
3 4654 5466 5623
3 4579 4531 4580
3 3928 425 5423
3 4976 4911 5518
3 4182 4183 4184
3 5599 4205 5600
3 4345 4344 4346
3 4837 5429 5466
3 5227 4924 5234
3 4579 4580 4649
3 4193 4129 5762
3 4046 4048 4076
3 5662 4930 5663
3 5679 4882 5711
3 5607 4783 5608
3 4587 4702 5439
3 5389 5442 5594
3 4553 4552 4554
3 4231 4213 4235
3 5007 5008 5829
3 4739 4741 5636
3 5583 4859 5607
3 4737 4738 4739
3 4603 4602 4704
3 4694 5043 5666
3 4768 4761 4769
3 4879 5153 5269
3 4783 4781 5608
3 4972 4970 4973
3 5002 4826 5003
3 5582 4859 5583
3 4978 4976 5099
3 4648 4450 5134
3 5559 5560 5701
3 4572 4645 4647
3 4004 3990 4005
3 4701 4584 5357
3 4162 4369 5633
3 5766 5037 5795
3 4786 4704 5464
3 4241 4235 4242
3 4737 4736 4738
3 4195 4196 5597
3 5481 5479 5640
3 4349 4350 4351
3 5393 5392 5886
3 4050 4254 5475
3 4777 4775 5569
3 4133 4131 5678
3 5475 4254 5629
3 4199 4198 4200
3 4550 4548 4575
3 4551 4550 4552
3 4441 4513 5669
3 4968 4818 4969
3 4605 4844 4881
3 4819 4769 4820
3 5120 4777 5569
3 5182 5016 6011
3 402 403 5426
3 5071 4973 5462
3 4239 4234 4240
3 4581 5468 5469
3 4196 4198 4199
3 5415 5416 5418
3 4435 4438 4439
3 407 3931 5480
3 4914 4429 5532
3 4212 4014 5667
3 5075 4790 5720
3 4554 4552 5468
3 4825 4502 4826
3 4705 4688 4850
3 407 406 3931
3 4643 4496 4644
3 4388 4387 4389
3 5571 4852 5572
3 4552 4550 5727
3 4780 4520 5606
3 4527 5601 5604
3 4837 5428 5429
3 4261 4262 4263
3 5271 4933 5272
3 5329 5331 5332
3 5182 4978 5725
3 5603 4780 5606
3 4351 4352 4353
3 4250 4242 4251
3 4343 4342 4344
3 5555 4847 5556
3 4447 4212 5199
3 4439 4457 4458
3 4342 4340 4509
3 4076 4048 5475
3 421 420 3930
3 4852 4709 5572
3 5643 5645 5649
3 4902 4820 5103
3 5671 5673 5674
3 4544 4542 5700
3 4905 5430 5431
3 4546 4600 5522
3 4595 4594 5531
3 4467 4466 5517
3 4205 4195 5032
3 4002 3998 5685
3 4546 4544 4600
3 4911 4909 4912
3 4390 4389 4391
3 4585 4587 4588
3 4087 4612 5421
3 5643 4210 5644
3 4580 4531 5605
3 4549 4548 4550
3 5523 5525 5526
3 4911 4912 5518
3 3970 3971 3972
3 4531 4528 5605
3 4150 5643 5649
3 5484 5485 5486
3 4040 4042 4078
3 5486 5485 5487
3 4008 4005 4009
3 3964 3963 3965
3 4524 4522 5601
3 4436 4433 4437
3 4182 4181 4183
3 5522 4600 5523
3 5043 5044 5638
3 4866 5039 5610
3 4527 4524 5601
3 5518 4912 5687
3 5552 4856 5554
3 3934 5654 5655
3 4574 4566 5422
3 4259 4260 4261
3 4215 4227 5884
3 5214 5097 6129
3 5939 5117 6024
3 4289 4287 4449
3 5548 5547 5550
3 4346 4344 5515
3 4378 4002 5685
3 5655 4853 6238
3 3968 3969 3970
3 5149 5007 5829
3 4592 4594 4595
3 4490 4445 4491
3 5031 5100 5101
3 4996 5013 5111
3 4341 4340 4342
3 4882 5033 5711
3 4078 5389 5390
3 4547 4546 4548
3 4912 5552 5553
3 4795 4783 5607
3 4583 4584 4585
3 3881 5660 5661
3 4263 4264 4266
3 5504 5502 5505
3 5620 4178 5713
3 4464 4466 4467
3 5563 5562 5564
3 4590 4591 4592
3 4369 5632 5633
3 5694 5695 5718
3 4495 4493 4496
3 4271 4273 4275
3 4010 4009 4011
3 4347 4348 4349
3 4354 4352 5698
3 4540 4538 5585
3 4859 4795 5607
3 4599 5585 5586
3 3934 5655 5659
3 4735 4736 4737
3 5469 5470 5471
3 4909 4856 5552
3 3934 5653 5654
3 4340 4338 5544
3 5443 5444 5445
3 4266 4267 4278
3 4775 4709 4852
3 4098 4017 4099
3 4542 4540 4599
3 4016 4011 4017
3 4907 4786 5688
3 4740 4738 4770
3 4767 4737 5573
3 4781 4777 5120
3 4839 4828 4847
3 5597 4199 5611
3 406 405 5476
3 4545 4544 4546
3 4861 4813 4862
3 4178 4179 4180
3 5250 5186 5751
3 4444 4437 4445
3 4339 4338 4340
3 4176 4178 5620
3 4565 4566 4567
3 4848 4748 5740
3 5355 4951 5913
3 4054 4056 4075
3 4526 4524 4527
3 4336 4331 4472
3 422 421 5491
3 419 418 3894
3 410 409 3880
3 4977 4976 4978
3 4225 4182 5547
3 4881 4844 4989
3 4219 5766 5795
3 4331 4324 5584
3 4012 4002 4378
3 4180 4181 4182
3 5666 5043 5885
3 5500 5489 5506
3 4569 4571 4572
3 3881 5661 5662
3 5577 5978 5984
3 5523 5524 5525
3 4462 4463 4464
3 4637 4837 5466
3 4882 4649 4998
3 4577 4534 5679
3 4861 4863 5771
3 4522 4520 4780
3 5494 5493 5495
3 5550 5547 5599
3 4847 4828 5580
3 5544 4338 5545
3 4763 4751 5562
3 5332 5333 5334
3 5334 5335 5336
3 5139 4803 5140
3 5573 4739 5636
3 4345 4346 4347
3 5589 5592 5593
3 5511 5510 5512
3 4959 4907 4964
3 4254 4052 5568
3 5574 5573 5576
3 4912 4909 5552
3 4599 4540 5585
3 5095 5094 5096
3 421 422 5651
3 4297 4295 4335
3 4797 4795 4859
3 4746 4888 5740
3 4337 4336 4338
3 3930 420 5697
3 5096 5094 5327
3 4469 4470 4471
3 4567 4568 4569
3 5225 5083 6056
3 4152 4210 5643
3 4070 4072 4073
3 348 5220 6251
3 4250 4251 5689
3 4635 4636 4637
3 4622 4623 4624
3 4014 4012 5667
3 4018 4014 4212
3 5258 5257 5259
3 4719 4717 5146
3 4532 4531 4579
3 4361 4424 4425
3 4735 4734 4736
3 4040 4078 5708
3 4487 4619 4620
3 4857 4422 5425
3 4201 4213 4231
3 4087 4071 4258
3 4471 4486 4487
3 5586 5585 5587
3 4536 4534 4577
3 5336 5337 5338
3 5413 4578 5414
3 5509 5508 5510
3 4324 4321 4473
3 4975 4911 4976
3 4201 4231 5611
3 4774 4602 5440
3 5588 5587 5589
3 5071 5463 5967
3 4581 4554 5468
3 5589 5591 5592
3 5256 5254 5257
3 4078 5391 5708
3 4967 5690 5731
3 5586 5587 5588
3 4559 4560 4561
3 5721 4026 5724
3 5109 5440 5441
3 4543 4542 4544
3 4532 4579 5679
3 4579 4882 5679
3 5586 5588 5590
3 4196 4197 4198
3 4058 4060 4257
3 4700 4885 4965
3 4379 5570 6234
3 4561 4562 4563
3 4791 4504 5800
3 4199 4201 5611
3 4164 4166 5630
3 5670 5671 5692
3 3877 421 5651
3 4343 4344 4345
3 4555 4556 4557
3 4563 4564 4565
3 5546 4281 5798
3 4557 4558 4559
3 5251 5624 6172
3 4066 4068 4366
3 4530 4528 4531
3 4850 5539 5540
3 412 411 3933
3 4180 4182 4225
3 4324 4473 5584
3 4304 4302 4365
3 4553 4554 4555
3 4188 4195 4205
3 4633 4634 4635
3 4225 5547 5548
3 4630 4500 4631
3 5093 5092 5094
3 4454 4419 4455
3 4577 5679 5711
3 4910 4909 4911
3 4908 4856 4909
3 4137 4135 4139
3 4079 4034 5664
3 4972 4973 4991
3 418 3934 5659
3 417 418 5659
3 5562 4753 5683
3 5507 5504 5508
3 417 416 3932
3 5095 5096 5097
3 4551 4552 4553
3 4332 4331 4336
3 4832 5155 5791
3 4733 4734 4735
3 4036 4038 4370
3 4509 4340 5544
3 4425 4661 4662
3 5621 5620 5622
3 4202 4203 4204
3 392 391 5769
3 5303 5302 5304
3 4968 4969 4970
3 4176 4177 4178
3 4162 4164 4369
3 4231 4235 4241
3 5028 6150 6154
3 4341 4342 4343
3 3881 416 5660
3 5523 4600 5524
3 4541 4540 4542
3 5043 5042 5044
3 4131 4129 4193
3 3999 4605 5726
3 4549 4550 4551
3 5092 5089 5288
3 4355 4357 5693
3 4180 4179 4181
3 4180 4225 5713
3 4031 5694 5739
3 4735 4737 4767
3 417 5659 5660
3 4062 4064 4074
3 5664 4370 5665
3 4146 4148 4192
3 5046 4986 6096
3 4178 4180 5713
3 5459 4848 5740
3 4855 4839 4856
3 4325 4324 4331
3 4322 4321 4324
3 4241 4242 4250
3 4178 4177 4179
3 4579 4649 4882
3 5585 4538 5680
3 5757 5175 6170
3 5525 5524 5527
3 5639 4733 5719
3 4036 4370 5664
3 5091 5089 5092
3 4218 4229 4230
3 5227 3890 6073
3 5019 4963 5024
3 4545 4546 4547
3 5211 5864 6059
3 4356 4360 5681
3 5093 5094 5095
3 4547 4548 4549
3 5670 4232 5671
3 5503 5502 5504
3 4977 4978 5182
3 4370 4038 5708
3 4166 4216 5630
3 5185 5187 6151
3 4668 4692 4693
3 5444 5475 5629
3 5469 5468 5470
3 4517 4346 5515
3 5373 5423 5424
3 4222 5620 5621
3 4767 5573 5574
3 4838 4828 4839
3 5415 5414 5416
3 4185 4183 5536
3 4863 4862 4864
3 4741 4743 4784
3 4539 4538 4540
3 4022 4232 5670
3 420 419 5697
3 4204 4207 4208
3 4320 4319 4321
3 5480 5479 5481
3 4222 4176 5620
3 4339 4340 4341
3 5589 5587 5591
3 4059 4057 5519
3 5280 5819 6245
3 4827 4799 4828
3 4886 5343 5704
3 5741 4785 6262
3 4317 4315 4411
3 4150 4152 5643
3 4053 5578 5642
3 4196 4189 4197
3 4851 4933 5271
3 4039 4086 5682
3 4253 4367 4368
3 5509 5510 5511
3 4735 4767 5719
3 4733 4732 4734
3 4749 4751 4763
3 4337 4338 4339
3 5501 5500 5502
3 5208 5210 5211
3 5302 5301 5741
3 4530 4531 4532
3 4057 4055 4083
3 4719 5146 5147
3 4731 4733 5639
3 4034 4036 5664
3 5482 5481 5483
3 5676 5724 5739
3 5091 5092 5093
3 4526 4527 4528
3 4166 4168 4216
3 4208 4217 4218
3 4063 4061 4082
3 4707 4705 5696
3 4798 4797 4799
3 416 417 5660
3 4543 4544 4545
3 4964 4907 5688
3 4053 4051 5578
3 408 3936 5656
3 3936 409 5657
3 412 3935 5658
3 5556 4847 5580
3 4788 4835 4957
3 4056 4058 5615
3 4653 4654 4655
3 3966 3965 3967
3 4608 4939 5037
3 5458 4848 5459
3 4745 4747 4771
3 4534 4532 5679
3 3934 419 5653
3 419 420 5653
3 408 409 3936
3 418 419 3934
3 410 411 3895
3 412 413 3935
3 415 416 3881
3 5671 5672 5673
3 4172 4176 4222
3 3972 3973 3974
3 5698 4889 5850
3 4755 4757 4762
3 5088 5087 5089
3 407 408 5656
3 409 410 5657
3 411 412 5658
3 5488 5486 5489
3 5575 5577 5984
3 4912 5553 5687
3 4957 5159 5160
3 5499 5489 5500
3 4031 4032 5694
3 4882 4998 5033
3 4041 4039 5682
3 5326 5194 6255
3 4018 4212 4447
3 4731 4732 4733
3 4733 4735 5719
3 4865 4864 4866
3 4537 4536 4538
3 410 3895 5657
3 3895 411 5658
3 5088 5089 5091
3 4951 5355 5924
3 4311 4309 4380
3 4152 4154 4210
3 4729 4731 4766
3 4796 4795 4797
3 4183 4181 4186
3 5507 5508 5509
3 5549 5548 5551
3 4698 4699 4700
3 4280 4286 5733
3 4759 4761 4768
3 5694 4079 5695
3 4332 4336 4337
3 4158 4160 4211
3 4541 4542 4543
3 4670 4671 4672
3 4020 4022 5670
3 5274 5273 5705
3 420 3877 5653
3 4022 4024 4232
3 5471 5470 5472
3 4039 4037 4086
3 4975 4976 4977
3 4038 4040 5708
3 4843 4841 5359
3 4766 4731 5639
3 4068 4070 5612
3 4605 4606 4844
3 4677 4953 4954
3 4734 4732 4952
3 6170 5175 6183
3 4035 4033 4371
3 5495 5497 5498
3 4794 4783 4795
3 4853 5655 6196
3 5945 4764 5952
3 4908 4909 4910
3 4109 4107 4110
3 4987 5046 5047
3 3876 407 5656
3 4901 4986 4987
3 4183 4186 5536
3 5378 4421 5783
3 4318 4317 4319
3 5677 5676 5739
3 4225 5549 5713
3 4368 4440 4441
3 4243 4244 5543
3 4172 4173 4176
3 4855 4856 4908
3 5061 5023 5066
3 4322 4324 4325
3 4202 4200 4203
3 4032 4079 5694
3 4028 4030 4031
3 4890 4891 4892
3 4325 4331 4332
3 4676 4679 4680
3 4760 4758 5720
3 4045 4043 4085
3 3974 3975 3976
3 4615 6203 6269
3 4782 4781 4783
3 4320 4321 4322
3 4910 4911 4975
3 5453 5452 5454
3 4069 4067 4077
3 4535 4534 4536
3 5503 5504 5507
3 406 407 3876
3 420 421 3877
3 415 414 3875
3 4539 4540 4541
3 4024 4026 5721
3 4059 5519 5637
3 4723 4764 5684
3 4198 4608 5627
3 4032 4034 4079
3 5206 5207 5208
3 4441 4511 4512
3 4230 4233 4234
3 4047 4045 5619
3 4666 4667 4668
3 4414 5447 6162
3 5296 4498 5844
3 4060 4062 5626
3 4494 4455 4500
3 4723 4725 4764
3 3991 4375 5635
3 4817 4497 4818
3 3976 3977 3978
3 4073 4080 4081
3 4417 4278 4894
3 5086 5087 5088
3 4838 4839 4855
3 5671 5674 5692
3 4447 5199 5202
3 3978 3979 3980
3 4827 4828 4838
3 4064 4066 5618
3 4040 4039 4041
3 4038 4039 4040
3 4767 5575 5719
3 4051 4049 4084
3 4176 4173 4177
3 4384 4483 4617
3 5484 5486 5488
3 5253 4609 5254
3 4721 4723 5684
3 5086 5088 5116
3 4798 4799 4827
3 4674 4675 4676
3 4075 4056 5615
3 5086 5085 5087
3 4070 4073 5612
3 4289 4449 4601
3 4533 4532 4534
3 4111 4110 4115
3 4815 5068 5112
3 4601 4602 4603
3 3980 3981 3982
3 5501 5502 5503
3 5575 5574 5577
3 4537 4538 4539
3 4069 4077 5613
3 3921 5829 5975
3 4225 5548 5549
3 4974 5225 6090
3 4731 4730 4732
3 4038 4037 4039
3 4923 4921 5130
3 3984 3985 3986
3 4318 4319 4320
3 3982 3983 3984
3 4078 5390 5391
3 4784 4743 5668
3 4729 4730 4731
3 4778 4777 4781
3 3999 4001 4605
3 4428 4884 5793
3 4597 4813 4861
3 4170 4171 4172
3 4796 4797 4798
3 4479 4250 5689
3 4028 4031 5724
3 4091 4095 4096
3 4768 4769 4819
3 4892 4900 4901
3 5144 3940 5931
3 5032 5597 5831
3 5379 5101 6053
3 4036 4037 4038
3 5188 5250 5251
3 3986 3987 3988
3 4081 4088 4089
3 5499 5500 5501
3 4730 4728 4945
3 4316 4315 4317
3 4366 4068 5612
3 5488 5489 5499
3 4089 4090 4091
3 4058 4257 5615
3 5587 5585 5680
3 4743 4745 5668
3 5527 5524 5614
3 4291 4988 5803
3 3931 5479 5480
3 4770 4738 5792
3 4819 4820 4902
3 5211 5210 5212
3 5085 5065 5090
3 4172 4171 4173
3 4600 4544 5700
3 4529 4528 4530
3 5605 5604 5891
3 4031 4030 4032
3 3988 3989 3990
3 4535 4536 4537
3 5591 5587 5680
3 4794 4795 4796
3 4383 4928 5800
3 4096 4118 4119
3 4617 4640 4641
3 4171 4169 4376
3 5495 5493 5497
3 4745 4771 5668
3 4519 4409 4520
3 4603 4704 4786
3 5053 5051 5055
3 5480 5481 5482
3 5682 5090 5963
3 5676 5721 5724
3 4719 5147 5691
3 4726 4724 4773
3 5011 5150 5151
3 4716 4715 4717
3 4327 4285 4328
3 3927 5302 5303
3 4767 5574 5575
3 4377 4250 4479
3 4045 4085 5619
3 4036 4035 4037
3 4727 4728 4729
3 4718 4717 4719
3 5671 4232 5672
3 4034 4035 4036
3 4782 4783 4794
3 4177 4173 4187
3 4776 4775 4777
3 4729 4728 4730
3 4257 4060 5626
3 4168 4169 4170
3 5673 5672 5675
3 4530 4532 4533
3 4433 4430 5793
3 4066 4366 5618
3 4710 4709 4775
3 4316 4317 4318
3 4902 5103 5137
3 4798 4827 4930
3 4722 4720 4765
3 4361 4358 4424
3 5644 4210 5647
3 4119 4124 4125
3 4533 4534 4535
3 5013 5014 5036
3 5707 5596 6125
3 4989 4844 5628
3 4198 4197 4608
3 4165 4163 5707
3 399 398 5761
3 4525 4524 4526
3 4032 4033 4034
3 4051 4084 5578
3 5708 5391 5843
3 5037 4939 5038
3 4137 4139 4386
3 5373 3928 5423
3 4200 4198 5627
3 4170 4169 4171
3 4034 4033 4035
3 4013 4015 5738
3 4763 5562 5563
3 3989 3987 5760
3 5131 5130 5252
3 4125 4128 4129
3 4174 4142 5050
3 4320 4322 4329
3 4057 4083 5519
3 5497 3894 5890
3 4408 4518 4613
3 4166 4167 4168
3 5501 5503 5514
3 5084 5085 5086
3 4714 4480 4715
3 4727 4726 4728
3 4537 4539 4573
3 4332 4337 4362
3 4032 4030 4033
3 4778 4781 4782
3 5578 4084 5579
3 3991 3993 4375
3 3936 5657 5923
3 4543 4545 4607
3 4379 5609 6239
3 4291 4301 4988
3 4996 4997 5013
3 4341 4343 4363
3 4613 4660 4694
3 4582 4477 4583
3 4074 4064 5618
3 4015 4019 4020
3 5664 5665 5806
3 4227 4220 4228
3 4236 4228 4237
3 5212 5213 5214
3 4062 4074 5626
3 5369 3888 5371
3 4314 4313 4315
3 4855 4908 5221
3 4232 4024 5721
3 4533 4535 4576
3 5169 4944 5170
3 4314 4316 4326
3 5361 5360 5362
3 4967 4818 4968
3 4020 5670 5738
3 4116 4115 4120
3 4725 4726 4727
3 5524 4600 5700
3 4185 5536 5750
3 3970 3969 3971
3 3968 3967 3969
3 4168 4167 4169
3 4028 4029 4030
3 4027 4025 4112
3 4514 4681 4682
3 4782 4794 4853
3 4521 4520 4522
3 5560 5496 6176
3 4547 4549 4615
3 4753 4755 5683
3 5109 4774 5440
3 4844 4606 5045
3 4425 4424 4661
3 5062 5064 5114
3 4167 4165 4190
3 4230 4229 4233
3 4347 4349 4359
3 5074 4790 5075
3 4259 4258 4260
3 4314 4315 4316
3 5279 5191 6135
3 4708 4707 4709
3 4748 4746 5740
3 4755 4762 5683
3 5050 4142 5746
3 4604 4013 5738
3 5268 4834 5865
3 4523 4522 4524
3 5361 5362 5363
3 4204 4203 4207
3 5347 5345 5863
3 4971 4970 4972
3 4589 4588 4590
3 5614 5524 5700
3 4173 4171 5702
3 4945 4728 5753
3 4026 4028 5724
3 4844 5045 5628
3 4526 4528 4529
3 4694 5017 5042
3 5084 5065 5085
3 4662 4661 4926
3 4171 4376 5702
3 4166 4165 4167
3 4706 4705 4707
3 4164 4165 4166
3 4026 4027 4028
3 4605 4001 4606
3 4028 4027 4029
3 4788 4664 4835
3 4208 4207 4217
3 4312 4311 4313
3 4197 4189 5750
3 4189 4185 5750
3 4716 4717 4718
3 4726 4773 5753
3 3994 3992 4407
3 4776 4777 4778
3 4994 4995 4996
3 5376 4695 6030
3 4003 4013 4604
3 4551 4553 4625
3 4015 4018 4019
3 4838 4855 5710
3 4218 4217 4229
3 5519 4083 5520
3 5208 5209 5210
3 5675 5676 5677
3 4241 4250 4377
3 4718 4719 4720
3 4253 4240 4367
3 4187 4173 5702
3 4000 3998 4002
3 4725 4724 4726
3 5868 4920 5881
3 4720 4719 5691
3 4605 4881 5726
3 4689 4688 4705
3 4194 4127 4209
3 4765 4720 5691
3 4024 4025 4026
3 4972 4991 5703
3 4685 4684 4686
3 4310 4312 4379
3 4555 4557 4627
3 4723 4724 4725
3 4122 4099 5461
3 4021 4019 4113
3 4612 5394 5421
3 4714 4715 4716
3 4721 5684 5754
3 4924 4857 5535
3 5212 5210 5213
3 4687 4686 4688
3 4215 4209 4220
3 5675 5672 5676
3 4099 4100 4101
3 4310 4309 4311
3 4728 4726 5753
3 4718 4720 4721
3 4026 4025 4027
3 5769 5133 5944
3 4827 4838 5709
3 4270 4929 5798
3 4824 4675 5751
3 4639 4637 5466
3 4013 4014 4015
3 5695 4079 5806
3 4022 4023 4024
3 5234 5535 5871
3 4312 4313 4314
3 3889 399 5761
3 4191 5474 6088
3 3923 5872 5953
3 5064 5063 5065
3 4771 4747 5764
3 5016 5119 6011
3 5472 5470 5595
3 4659 4658 4684
3 5064 5065 5084
3 4714 4716 4920
3 4749 4763 5764
3 4376 4169 5714
3 3933 5499 5855
3 4721 4722 4723
3 4710 4775 4776
3 4947 4949 4982
3 4377 4479 4480
3 5208 5207 5209
3 4982 4983 4994
3 5616 4214 5790
3 4410 4134 5780
3 4190 4165 5707
3 5140 4803 5860
3 4074 6015 6054
3 3995 3997 4007
3 4523 4524 4525
3 4657 4656 4658
3 4015 4014 4018
3 4123 4120 4127
3 4957 4835 5159
3 4134 4136 5780
3 4020 4021 4022
3 4024 4023 4025
3 4578 4558 5736
3 4013 4012 4014
3 5665 4370 5843
3 4545 4547 5712
3 4855 5221 5710
3 4108 4106 4214
3 4723 4722 4724
3 4916 4593 4918
3 5627 5037 5766
3 4721 4720 4722
3 4662 4926 5759
3 4003 4002 4012
3 5013 4997 5014
3 4310 4311 4312
3 4377 4480 4713
3 4632 4595 4633
3 4930 4827 5709
3 4868 4870 4946
3 4111 4117 5943
3 4164 4163 4165
3 4020 4019 4021
3 4519 4520 4521
3 4022 4021 4023
3 4353 4355 4364
3 4682 4979 4980
3 4641 4942 4943
3 5724 4031 5739
3 4162 4163 4164
3 4651 4650 4656
3 4590 4592 5778
3 4608 4938 4939
3 4817 4818 4967
3 4169 4167 5714
3 4459 4458 4460
3 4708 4709 4710
3 4161 4159 4191
3 4061 4059 5637
3 5338 6097 6284
3 4869 4867 4871
3 4484 4385 4504
3 5692 5674 5856
3 4606 4001 4913
3 3972 3971 3973
3 4955 4918 5104
3 4842 4841 4843
3 4968 4970 4971
3 4003 4012 4013
3 4716 4718 5754
3 4791 5800 5801
3 5455 4823 5457
3 4521 4522 4523
3 4071 4069 5613
3 4385 4383 5800
3 4167 4190 5714
3 4027 4112 5716
3 4713 4480 4714
3 5709 4838 5710
3 4029 4027 5716
3 4521 4523 4860
3 4307 4306 4309
3 4113 4019 5755
3 4607 4545 5712
3 4829 5148 5226
3 4261 4260 4262
3 4275 4273 4276
3 4018 4447 5755
3 4447 5202 5203
3 4108 4238 4611
3 4157 4155 4381
3 5062 5063 5064
3 4549 4551 5717
3 5416 5414 5537
3 4996 4995 4997
3 4505 4504 4650
3 5070 5071 5743
3 5468 4552 5727
3 4638 4637 4639
3 5062 5061 5063
3 3992 3989 5760
3 5565 5563 5566
3 4234 4233 4246
3 4506 4836 5183
3 4872 4871 4873
3 4015 4020 5738
3 4136 4138 4140
3 4808 4805 4904
3 4357 5681 5771
3 4547 4615 5712
3 5672 4232 5721
3 4738 4736 5792
3 3917 392 5769
3 4307 4309 4310
3 4238 4214 4497
3 4000 4002 4003
3 4861 4862 4863
3 4160 4161 4162
3 4055 4053 5642
3 4231 4241 5756
3 4162 4161 4163
3 4920 4716 5754
3 5098 4948 5163
3 4423 4477 4582
3 4762 4757 5784
3 5611 4231 5756
3 4468 4467 4469
3 4613 4518 4660
3 4608 4197 4938
3 4303 4305 4323
3 4364 4355 5693
3 5196 3947 6294
3 4706 4707 4708
3 4598 5617 6092
3 4710 4776 5056
3 4274 4272 4281
3 5014 4997 5015
3 4368 4367 4440
3 4241 4377 5756
3 5800 4928 5801
3 5374 5373 5867
3 4747 4749 5764
3 4386 4387 4388
3 4305 4304 4306
3 4853 5661 6238
3 4734 4952 5824
3 5256 5257 5258
3 4019 4018 5755
3 5020 5022 5107
3 4506 4497 4817
3 4518 4409 4519
3 5606 4247 5794
3 4461 4460 4462
3 5674 5147 6089
3 4272 4270 5798
3 4158 4159 4160
3 4106 4104 5790
3 4203 4200 5627
3 4263 4262 4264
3 4408 4247 4409
3 4132 4134 4410
3 4303 4302 4304
3 4615 4549 5717
3 4561 4563 4628
3 4246 4233 4247
3 5782 4246 5802
3 4156 4157 4158
3 4759 4768 5784
3 4001 4000 5763
3 4217 4207 4219
3 4938 4197 5750
3 4971 4972 5069
3 4151 4149 5734
3 4689 4705 4706
3 5174 5175 5757
3 5258 5259 5260
3 4160 4159 4161
3 4514 4512 4681
3 4553 4555 5723
3 3999 4000 4001
3 5060 5061 5062
3 5014 5015 5016
3 5617 4109 5943
3 4706 4708 4793
3 4154 4155 4156
3 4292 4290 4293
3 4585 4588 4589
3 4153 4151 4175
3 4971 5069 5235
3 4005 3990 5635
3 4694 4660 5017
3 4994 4983 4995
3 5603 5794 5821
3 5220 5002 6010
3 4491 4492 4493
3 4551 4625 5717
3 4441 4440 4511
3 4565 4567 4683
3 4305 4306 4307
3 4300 4299 4302
3 3990 3989 3991
3 5676 5672 5721
3 4447 5203 5755
3 5016 5015 5119
3 5445 4742 6159
3 4158 4157 4159
3 5470 5468 5727
3 3986 3985 3987
3 3988 3987 3989
3 4174 5050 5051
3 5073 5072 5980
3 4398 4399 4401
3 4101 4102 4103
3 4448 4433 5793
3 4152 4153 4154
3 5060 5023 5061
3 4519 4521 5732
3 4687 4688 4689
3 4280 4279 4283
3 4988 4301 5102
3 5017 4660 5025
3 4000 4003 5763
3 4401 4402 4403
3 3984 3983 3985
3 4863 4864 4865
3 4718 4721 5754
3 4246 4247 4408
3 4288 4287 4289
3 4296 4295 4297
3 368 369 5747
3 4108 4214 4238
3 4408 4409 4518
3 4995 4983 5034
3 366 367 5748
3 4685 4686 4687
3 3982 3981 3983
3 4621 4620 4622
3 4952 4732 5835
3 3980 3979 3981
3 3999 3998 4000
3 4150 4151 4152
3 4298 4297 4299
3 4156 4155 4157
3 4294 4293 4295
3 3974 3973 3975
3 3978 3977 3979
3 4104 4412 5790
3 5183 4836 5184
3 4462 4464 5807
3 4266 4264 4267
3 269 268 3884
3 364 365 3885
3 5356 3923 5953
3 3997 3998 3999
3 3976 3975 3977
3 4867 4866 5610
3 4282 4281 4287
3 4303 4304 4305
3 4659 4684 4685
3 4763 5565 5764
3 5069 4972 5703
3 5159 4835 5161
3 5102 5776 6074
3 5012 5854 5858
3 4375 3993 5735
3 4141 4143 4144
3 5022 5021 5023
3 4277 4276 4279
3 4238 4497 4506
3 4625 4553 5723
3 4233 4229 5794
3 4377 4713 5756
3 4555 4627 5723
3 5020 5019 5021
3 4506 4817 4836
3 4148 4149 4150
3 367 368 3912
3 272 271 3913
3 4108 4611 5728
3 4763 5563 5565
3 271 270 5749
3 5576 5636 5898
3 4982 4949 4983
3 270 269 5745
3 4815 5112 5799
3 4906 4786 4907
3 4383 4284 4928
3 4374 4245 4803
3 4154 4153 4155
3 4582 4583 4586
3 6011 3876 6019
3 4592 4595 4632
3 4107 4106 4108
3 3990 3991 5635
3 3997 3996 3998
3 4730 4945 5835
3 275 274 3887
3 370 371 3886
3 4247 4233 5794
3 4913 4001 5763
3 4960 4959 4961
3 4592 4632 5778
3 4926 4661 4931
3 4960 4962 5081
3 4300 4302 4303
3 4243 4237 4244
3 4657 4658 4659
3 4958 4907 4959
3 4669 4655 4670
3 4652 4639 4653
3 3995 3996 3997
3 4495 4832 5791
3 4146 4147 4148
3 4757 4759 5784
3 4392 4393 4395
3 4105 4106 4107
3 5104 4918 5870
3 4569 4572 4712
3 4103 4104 4105
3 5595 5470 5727
3 5022 5023 5060
3 4430 4428 5793
3 4011 4009 4629
3 5188 5186 5250
3 4589 4590 4593
3 4417 4894 5820
3 4079 5664 5806
3 5018 4963 5019
3 4152 4151 4153
3 5066 5023 6001
3 5090 5682 5983
3 4665 4624 4666
3 4962 4961 4963
3 361 362 3911
3 266 265 3910
3 4647 4841 4842
3 4455 4419 5820
3 5017 5025 5132
3 4395 4397 4398
3 4456 4690 4691
3 4685 4687 4893
3 4408 4613 5802
3 4651 4656 4657
3 4296 4298 4308
3 371 372 5758
3 4144 4145 4146
3 4147 4145 4406
3 4388 4389 4390
3 5473 5474 6040
3 5596 5529 6125
3 3995 4007 5735
3 4916 4918 4955
3 4104 4102 4412
3 4240 4234 5782
3 4935 4843 5031
3 4946 4870 4947
3 5414 4578 5736
3 4950 4803 5139
3 3995 3994 3996
3 4105 4104 4106
3 5234 4924 5535
3 4293 4290 5774
3 4150 4149 4151
3 4270 4268 4929
3 4664 4662 5759
3 422 423 5866
3 4521 4860 5732
3 3993 3994 3995
3 4516 4921 4923
3 5792 4736 5824
3 5020 5021 5022
3 4298 4299 4300
3 4136 4137 4138
3 4768 4819 4897
3 4101 4100 4102
3 5095 6111 6121
3 5686 5058 5737
3 3894 5513 5890
3 4635 4637 4638
3 432 3906 6000
3 4440 4367 5029
3 4003 4604 5763
3 277 276 3938
3 372 373 3937
3 4390 4391 4392
3 5163 4948 5781
3 4673 4672 4674
3 5474 4191 6079
3 5029 5782 5802
3 4134 4135 4136
3 4099 4017 4100
3 3991 3992 3993
3 3955 3920 5176
3 4367 4240 5782
3 4296 4297 4298
3 358 359 3890
3 263 262 3891
3 4294 4295 4296
3 5577 5976 5978
3 3993 3992 3994
3 4148 4147 4149
3 5018 5019 5020
3 3991 3989 3992
3 4439 4458 4459
3 4505 4650 4651
3 4373 4372 4507
3 4384 4617 5858
3 5041 4965 5172
3 4871 4867 5610
3 4603 4786 4906
3 4407 3992 5760
3 4955 5104 5158
3 4234 4246 5782
3 4110 4107 5728
3 5221 4908 5833
3 4865 4866 4867
3 4918 4593 5778
3 5011 5151 5816
3 4175 4151 5734
3 4884 4122 5461
3 4083 4055 5642
3 4258 4071 5613
3 4292 4293 4294
3 4141 4138 4142
3 5773 5598 5774
3 4288 4290 4291
3 4617 4483 4640
3 4657 4659 4822
3 4712 5370 5950
3 4589 4593 4915
3 4582 4586 5000
3 4632 4633 4919
3 4103 4102 4104
3 3985 3983 4414
3 4915 4916 4917
3 4288 4289 4290
3 4809 4693 4890
3 4146 4145 4147
3 4846 5083 5225
3 4081 4089 4413
3 4768 4897 5784
3 4107 4108 5728
3 4949 4948 5098
3 3897 6037 6228
3 4484 4504 4505
3 5334 5336 5339
3 4960 4961 4962
3 4962 4963 5018
3 4333 4328 4334
3 4464 4467 4468
3 4214 4106 5790
3 5000 4586 5001
3 5054 5053 5145
3 4697 4680 4698
3 4958 4959 4960
3 5537 5414 5736
3 4282 4287 4288
3 4082 4061 5637
3 4736 4734 5824
3 4947 4948 4949
3 4291 4292 4301
3 4132 4133 4134
3 4144 4143 4145
3 5618 4366 5962
3 4274 4282 4614
3 4143 4142 4174
3 5052 5051 5053
3 4682 4681 4979
3 5128 5127 5168
3 4091 4096 4097
3 5611 5756 5831
3 4274 4281 4282
3 5235 5069 6136
3 4915 4593 4916
3 4442 4334 4451
3 4140 4138 4141
3 4519 5732 5742
3 4906 4907 4958
3 4237 4228 5860
3 261 260 3939
3 356 357 3940
3 4267 4269 5715
3 4174 5051 5052
3 5854 4382 5858
3 3968 4226 5960
3 4291 4290 4292
3 4136 4135 4137
3 5369 5372 5915
3 5650 5645 5932
3 375 376 3896
3 280 279 3897
3 4437 4433 4448
3 3981 3979 4006
3 4464 4468 5807
3 4923 5130 5131
3 4278 4267 5715
3 4518 4519 5742
3 4469 4471 4489
3 5292 5223 5941
3 5756 4713 5831
3 4134 4133 4135
3 4638 4639 4652
3 4947 4870 4948
3 4141 4142 4143
3 4835 4664 5759
3 4273 4272 4274
3 4869 4871 4872
3 4487 4620 4621
3 4638 4652 4811
3 5015 4997 5752
3 4491 4445 4492
3 5052 5053 5054
3 4801 5280 5420
3 4459 4460 4461
3 4997 4995 5752
3 5170 4944 5805
3 4653 4655 4669
3 5377 5224 5942
3 5179 5109 5935
3 3993 3995 5735
3 4302 4299 5883
3 5499 5501 5855
3 4583 4585 5779
3 4979 4681 4981
3 4132 4131 4133
3 5437 5338 6284
3 4136 4140 5780
3 4504 4385 5800
3 5032 5868 5881
3 4811 5028 5106
3 5609 4379 6249
3 4868 4869 4870
3 5255 5254 5256
3 5236 3921 6272
3 4541 4543 5862
3 5076 5162 6160
3 4283 4284 4382
3 4983 4949 5744
3 4505 4651 4785
3 5872 5368 5947
3 5078 4802 5080
3 4461 4462 4465
3 4130 4129 4131
3 3903 5219 6124
3 5815 4884 5876
3 4508 4507 4804
3 4112 4025 5864
3 4872 4873 5180
3 5668 4771 5894
3 4271 4272 4273
3 376 377 5768
3 5095 5097 6111
3 4419 4417 5820
3 4421 4423 5783
3 4586 4583 5779
3 4670 4672 4673
3 4328 4285 5854
3 5029 4367 5782
3 4995 5034 5752
3 4102 4100 5770
3 4213 5292 5941
3 4125 4129 4130
3 5165 4814 5166
3 4622 4624 4665
3 3963 3961 4426
3 4593 4590 5778
3 5025 4660 5742
3 281 280 5767
3 5288 4371 5997
3 4660 4518 5742
3 4120 4115 4121
3 4424 5698 5850
3 4496 4493 4609
3 5532 4435 5834
3 3977 3975 4452
3 4219 4207 5766
3 4217 4219 5821
3 4442 4451 5873
3 4483 4385 4484
3 352 353 5786
3 4130 4131 4132
3 4979 4981 5164
3 4842 4843 4935
3 4281 4272 5798
3 255 254 5787
3 4732 4730 5835
3 5597 5611 5831
3 5034 4983 5744
3 5225 6056 6090
3 4207 4203 5766
3 4949 5098 5744
3 5834 4695 5902
3 258 257 3898
3 353 354 3899
3 257 256 5788
3 4271 4270 4272
3 256 255 3943
3 351 352 3944
3 5161 4835 5759
3 4374 4803 4950
3 4928 4284 5845
3 350 351 5785
3 4229 4217 5821
3 254 253 3902
3 349 350 3903
3 3917 5769 5944
3 4585 4589 5779
3 4289 4601 5774
3 4641 4640 4942
3 4908 4910 5833
3 5037 5038 5795
3 4826 4502 5873
3 4459 4461 4695
3 4633 4635 5813
3 5267 4117 6296
3 4811 4652 5028
3 4245 4237 5860
3 4941 5326 5968
3 4673 4711 4815
3 354 355 5825
3 4697 4814 5030
3 4267 4268 4269
3 3973 3971 4093
3 4074 5618 6015
3 4676 4680 4697
3 4950 5139 5245
3 4668 4693 4809
3 4142 4138 5746
3 4868 4867 4869
3 4089 4091 5827
3 4815 5067 5068
3 4500 4455 4501
3 5011 5122 5150
3 4370 5708 5843
3 5544 5545 5840
3 4137 4386 5746
3 377 378 3942
3 282 281 3941
3 5054 5361 5880
3 4665 5010 5011
3 4203 5627 5766
3 4382 4284 4383
3 253 252 5789
3 4450 4243 5543
3 5734 4149 5777
3 4049 4047 5874
3 4371 5288 5998
3 3912 368 5747
3 4384 4385 4483
3 4269 4270 4271
3 5253 5254 5255
3 4262 4260 4415
3 4384 4383 4385
3 4190 6125 6132
3 4661 4424 5850
3 4073 4081 5832
3 4572 4647 5839
3 5551 5969 5973
3 4809 4999 5171
3 267 266 5836
3 5532 5834 5902
3 4501 4455 5820
3 5059 4944 5169
3 4894 4278 5715
3 4842 4935 4936
3 5631 5898 5926
3 4138 4137 5746
3 367 3912 5748
3 5612 4073 5832
3 5258 5260 5261
3 4601 4603 5773
3 5012 5325 5939
3 4423 4582 5783
3 5311 5378 5849
3 4290 4289 5774
3 4621 4622 5816
3 4714 4920 5868
3 4412 4102 5770
3 6145 5030 6278
3 4698 4700 5847
3 4669 4670 5799
3 5661 4853 6274
3 4865 4867 4868
3 4889 5448 6076
3 4017 4011 5828
3 269 3884 5745
3 4919 4633 5813
3 3900 5356 6008
3 3967 3965 4224
3 5194 5836 6255
3 5530 5332 5842
3 4382 4383 4384
3 3913 271 5749
3 5914 5684 5945
3 5794 4229 5821
3 4673 4674 4711
3 4323 5571 6206
3 270 5745 5749
3 4665 4666 5010
3 4267 4264 4268
3 283 282 5808
3 4388 4390 4618
3 5853 5100 6119
3 4691 4801 4802
3 4220 4209 4221
3 4700 4965 5041
3 3959 3957 4849
3 4269 4268 4270
3 5388 5242 5968
3 4403 4405 4503
3 378 379 5809
3 5602 5603 5933
3 3938 5322 6218
3 4875 5127 5128
3 4283 4279 4284
3 4374 4950 4951
3 435 3916 6148
3 4147 4406 5777
3 4246 4408 5802
3 5859 4618 5893
3 5793 4884 5815
3 5011 5010 5122
3 3886 371 5758
3 4392 4395 4396
3 4274 4614 5765
3 4815 4711 5067
3 4942 4640 4944
3 4149 4147 5777
3 4100 4017 5828
3 4190 5707 6125
3 4525 4526 5895
3 4697 4698 4814
3 5088 5091 5897
3 3936 5923 5966
3 5102 4301 5776
3 4589 4915 5779
3 5533 4093 6068
3 5872 4936 5953
3 4406 4145 5772
3 285 284 5810
3 4919 5813 5875
3 4011 4629 5828
3 4143 4174 5772
3 4942 4944 5059
3 4145 4143 5772
3 5003 5641 6010
3 379 380 3904
3 284 283 3905
3 4301 4292 5775
3 4292 4294 5775
3 4635 4638 5813
3 382 383 5812
3 384 385 5814
3 4400 4397 6032
3 4435 4439 5834
3 252 251 5797
3 381 382 3945
3 286 285 3946
3 4465 4462 5807
3 4712 4572 5839
3 4029 5327 5993
3 4809 4890 4999
3 372 3937 5758
3 287 286 5811
3 4273 4274 5765
3 4091 4097 5827
3 4603 4906 5773
3 383 384 3908
3 288 287 3909
3 260 259 5863
3 5030 4814 5165
3 4647 4842 5839
3 4586 5779 5869
3 5609 4326 6247
3 4937 5108 5964
3 4994 4996 5929
3 5128 5173 5244
3 4582 5000 5783
3 4471 4487 5837
3 4771 5764 5857
3 4923 5131 5167
3 5693 4357 5958
3 4413 4089 5827
3 4870 4869 5781
3 4218 5377 5942
3 4446 4208 5942
3 5032 5831 5868
3 4802 4801 5420
3 4670 4673 5799
3 4081 4413 5832
3 4235 4213 5941
3 4948 4870 5781
3 4622 4665 5816
3 5373 5424 5867
3 4448 5793 5815
3 4174 5052 5772
3 5055 5051 5893
3 4445 4437 5838
3 5012 4328 5854
3 3985 4414 5826
3 4276 4273 5765
3 4372 4245 4374
3 5061 5066 5918
3 4929 4268 5823
3 5600 4205 5881
3 3987 3985 5826
3 4604 5692 5856
3 4025 4023 5864
3 4804 4990 5722
3 4601 5773 5774
3 5770 4100 5828
3 4288 4291 5803
3 4244 4245 4372
3 5760 3987 5826
3 5050 5859 5893
3 266 3910 5836
3 3965 3963 5804
3 5101 5100 5853
3 4652 4653 5817
3 4931 4661 5850
3 251 250 3915
3 346 347 3914
3 4868 4946 5887
3 5668 5894 5926
3 4638 4811 5813
3 5332 5334 5842
3 6131 5714 6132
3 5367 5368 5872
3 4498 4516 5844
3 4439 4459 5834
3 4834 4846 5865
3 4803 4245 5860
3 4653 4669 5817
3 5118 5460 6272
3 4869 4872 5781
3 5651 422 5866
3 6104 5106 6154
3 5447 4414 6163
3 4700 5041 5847
3 5029 5666 5885
3 4614 4282 5803
3 4401 4403 4404
3 5093 6121 6130
3 4674 4676 5846
3 5180 4873 5818
3 4282 4288 5803
3 4301 5775 5776
3 4335 5598 5921
3 4244 4237 4245
3 5501 5514 5855
3 4285 4283 5854
3 4784 5668 5926
3 5101 5853 6053
3 4666 4668 5848
3 4873 4875 5818
3 4407 5760 5841
3 5128 5168 5173
3 4489 4471 5837
3 5166 4814 5847
3 4483 4484 5805
3 4543 4607 5862
3 4805 4804 5722
3 4706 4793 5896
3 4913 5763 5856
3 4502 4442 5873
3 5334 5339 5842
3 5117 4943 6221
3 4492 4445 5838
3 3961 3959 5796
3 5764 5565 5857
3 4487 4621 5837
3 5779 4915 5869
3 4901 4987 5181
3 5813 4811 5875
3 5010 4666 5848
3 5093 5095 6121
3 5266 5267 6296
3 5121 5007 5149
3 4673 4815 5799
3 5134 4450 5543
3 5050 5746 5859
3 4893 4687 5888
3 5778 4632 5870
3 4665 5011 5816
3 4711 4674 5846
3 5763 4604 5856
3 345 346 5852
3 250 249 5822
3 4437 4448 5838
3 5001 4586 5869
3 5064 5084 5912
3 4713 4714 5868
3 3896 376 5768
3 395 394 5959
3 5548 5550 5952
3 4990 4807 5009
3 4334 4328 5012
3 4459 4695 5834
3 5772 5052 5880
3 5714 4190 6132
3 5574 5576 5946
3 4892 5729 5910
3 5801 4928 5922
3 5685 3996 5934
3 4842 4936 5839
3 280 3897 5767
3 5028 4652 5817
3 4804 4807 4990
3 3946 5810 6006
3 5656 3936 5966
3 4264 4262 5823
3 4084 4049 5874
3 4632 4919 5870
3 4406 5772 5880
3 5287 6145 6278
3 385 386 5819
3 5746 4386 5859
3 6122 4376 6131
3 4628 4563 5907
3 4863 4865 5887
3 4511 5638 5930
3 5771 4863 5887
3 5401 5938 6017
3 3939 260 5863
3 5760 5826 5841
3 4565 4683 5907
3 4640 4483 5805
3 4326 5609 6249
3 4846 5225 5865
3 4516 4923 5844
3 4814 4698 5847
3 5008 5006 5026
3 4697 5030 5846
3 6164 4206 6205
3 4990 5009 5129
3 5604 5602 5961
3 5035 5123 6099
3 4676 4697 5846
3 5361 5363 5925
3 5090 5065 5949
3 3899 354 5825
3 3994 4407 5934
3 4440 5029 5885
3 4386 4388 5859
3 4809 5171 5848
3 5080 5420 6051
3 5702 6122 6128
3 4668 4809 5848
3 3944 352 5786
3 3943 255 5787
3 5287 5286 6146
3 5318 5323 6083
3 5380 4966 6179
3 5602 5933 5961
3 6150 5762 6154
3 5022 5060 5908
3 5652 5651 5996
3 3898 257 5788
3 4262 4415 5823
3 4915 4917 5869
3 4391 4394 6062
3 256 3943 5788
3 5165 4394 6278
3 351 3944 5785
3 249 248 3948
3 344 345 3947
3 5027 4904 5133
3 5072 5074 5970
3 3893 430 6052
3 4860 5478 6286
3 353 3899 5786
3 3941 281 5767
3 3903 350 5785
3 4283 4382 5854
3 4512 4511 5930
3 4205 5032 5881
3 3963 4426 5804
3 377 3942 5768
3 5831 4713 5868
3 254 3902 5787
3 5003 4826 5004
3 5693 5958 5994
3 4284 4279 5845
3 5392 4265 5886
3 5003 5004 5005
3 4268 4264 5823
3 4388 4618 5859
3 3902 253 5789
3 4890 4892 5910
3 4981 5930 5974
3 5333 4465 6289
3 4944 4640 5805
3 5515 4344 6007
3 4227 5296 5884
3 4211 5878 5916
3 5754 5684 5914
3 4224 3965 5804
3 6005 5635 6039
3 4918 5778 5870
3 4279 4276 5845
3 5634 5632 5894
3 4365 4302 5883
3 4041 5682 5963
3 4226 3970 6041
3 4804 4507 4807
3 5004 4826 5873
3 4669 5799 5877
3 4426 3961 5796
3 4374 4951 5879
3 5631 5630 5936
3 5833 4910 5923
3 5747 369 5909
3 5073 5980 5995
3 4573 5506 6075
3 370 3886 5909
3 3891 262 5892
3 5506 4573 6117
3 5402 5533 6068
3 5600 5914 5945
3 3887 5322 6231
3 5091 5093 6130
3 5147 5674 6285
3 279 278 5882
3 5799 5112 5877
3 4382 4384 5858
3 4580 5891 5904
3 4875 5128 5818
3 4276 5765 5845
3 5349 5055 6108
3 386 387 3918
3 291 290 3919
3 3942 378 5809
3 4503 4405 5899
3 4366 5612 5940
3 4687 4689 5888
3 4811 5106 5875
3 5565 5566 5878
3 282 3941 5808
3 3897 279 5882
3 4085 4043 5963
3 4405 4456 5899
3 261 3939 5892
3 5137 6246 6257
3 4505 4785 5900
3 6011 5119 6035
3 5985 5079 6053
3 262 261 5892
3 5498 5497 5890
3 4580 5605 5891
3 5322 3938 6231
3 5857 5565 5878
3 5052 5054 5880
3 5636 4784 5898
3 4884 5461 5876
3 4923 5167 5844
3 4376 5714 6131
3 4526 4529 5895
3 4897 4819 5927
3 5789 252 5797
3 5140 5860 5901
3 5170 5805 5900
3 4727 4729 5973
3 4170 4172 5978
3 5128 5244 5818
3 4216 4168 5976
3 3959 4849 5796
3 3905 283 5808
3 4764 4725 5969
3 5817 4669 5877
3 5327 5094 5997
3 4342 4509 6007
3 5319 3887 6082
3 5092 5288 5997
3 4785 5741 6264
3 379 3904 5809
3 4963 4961 5992
3 404 403 5991
3 6203 5512 6269
3 4689 4706 5896
3 5288 5089 5990
3 4372 4374 5879
3 4683 4567 5950
3 5078 5080 5136
3 5297 5379 6158
3 4456 4691 5899
3 5805 4484 5900
3 5401 5400 6068
3 5408 4097 6020
3 4507 4372 5879
3 4621 5816 5889
3 5008 5026 5118
3 5053 5055 5965
3 3946 285 5810
3 5460 4943 6012
3 5204 6076 6139
3 5116 5088 5897
3 4407 5841 6167
3 3974 4126 6071
3 3945 382 5812
3 4371 4033 5993
3 4086 4037 5998
3 4220 4221 5901
3 4511 4440 5885
3 5104 5870 5917
3 3908 384 5814
3 284 3905 5810
3 5085 5090 5983
3 5888 4689 5896
3 4035 4371 5998
3 4960 5081 5955
3 5162 5247 6084
3 4865 4868 5887
3 286 3946 5811
3 358 3890 5931
3 4500 4501 5911
3 5773 4906 5921
3 4649 4580 5904
3 3909 287 5811
3 5533 5040 6085
3 4529 4530 5987
3 5816 5151 5889
3 5719 5575 6002
3 383 3908 5812
3 4569 4712 5950
3 5164 4981 5903
3 5005 5006 5007
3 4649 5904 5919
3 5366 5678 6174
3 4563 4565 5907
3 4030 4029 5993
3 369 370 5909
3 3921 5975 6272
3 4117 4116 6296
3 5702 4376 6122
3 4299 4297 5972
3 5801 5922 5957
3 4951 4950 5913
3 4533 4576 5987
3 3940 357 5931
3 4981 4681 5930
3 4934 4802 5078
3 5582 4329 6242
3 4484 4505 5900
3 5116 6118 6134
3 5005 5004 5006
3 251 3915 5797
3 5187 5188 6067
3 5566 5648 5916
3 5656 5966 6019
3 4904 4805 5722
3 5906 4400 5981
3 5634 5857 5878
3 5685 5934 6280
3 4807 4507 5879
3 5051 5050 5893
3 4914 5532 5902
3 5955 5081 5972
3 4309 4306 6066
3 5418 5416 6040
3 4335 5921 5955
3 4902 5137 5905
3 4228 4220 5901
3 5107 5022 5908
3 5571 4323 6223
3 4691 4802 4934
3 5506 5489 6029
3 4258 5613 5951
3 5819 3918 6245
3 5837 4621 5889
3 6105 5114 6106
3 5857 5634 5894
3 5880 5361 5925
3 4631 4500 5911
3 4947 4982 5994
3 5550 5600 5945
3 5472 5596 6088
3 5041 5172 5906
3 4998 4649 5919
3 404 405 6022
3 4928 5845 5922
3 4128 4124 6104
3 5114 5064 5912
3 3964 3966 5920
3 5007 5006 5008
3 5630 4216 5936
3 4308 5539 6168
3 5618 5962 6015
3 5486 5487 6029
3 5814 385 5819
3 5063 5061 5918
3 5860 4228 5901
3 5840 5213 6290
3 4910 4975 5923
3 4771 5857 5894
3 5632 5631 5926
3 4650 4791 6060
3 5598 5773 5921
3 5920 3966 5960
3 3900 6008 6049
3 3915 250 5822
3 3906 5460 6012
3 4950 5245 5913
3 5576 5898 5936
3 4887 4658 6074
3 3901 5959 5982
3 4007 5726 6065
3 5228 5227 6073
3 4956 5269 5977
3 4415 4260 5951
3 3967 4224 5938
3 346 3914 5852
3 5072 5970 5980
3 5894 5632 5926
3 3876 5656 6019
3 5811 5138 6160
3 405 406 6035
3 5069 6077 6136
3 4920 5754 5914
3 5912 5084 6133
3 5930 5638 5974
3 5596 5707 6114
3 5821 4219 5933
3 4996 5111 5929
3 357 358 5931
3 5852 5641 6177
3 5282 5447 6140
3 5170 6181 6252
3 263 3891 5971
3 5549 5551 5986
3 5200 5201 6045
3 4999 4890 5910
3 6175 5889 6180
3 4934 5078 5079
3 5479 5478 6061
3 4906 4958 5921
3 4005 5635 6005
3 5898 5631 5936
3 4819 4902 5927
3 5803 4988 5957
3 5346 5384 6244
3 5645 5646 5932
3 5737 5058 6055
3 5447 5446 6162
3 5049 5185 6116
3 5892 3939 6244
3 4474 4235 5941
3 5845 5765 5922
3 4406 5880 5925
3 5109 5441 5935
3 5541 5542 6168
3 5063 5918 5949
3 5539 5538 6168
3 5146 4717 6069
3 3918 6051 6245
3 4982 4994 6018
3 5571 5572 6206
3 6034 5107 6057
3 4902 5905 5927
3 5190 6006 6271
3 5593 5592 5937
3 5870 4919 5917
3 5182 6011 6019
3 5743 4629 6005
3 4917 4916 6004
3 5218 5217 6048
3 4109 4111 5943
3 4365 6016 6034
3 3996 3994 5934
3 4629 4009 6005
3 5351 4618 6281
3 3947 345 5852
3 5518 5687 6188
3 6203 5717 6226
3 5905 5137 6257
3 5215 5216 6050
3 4381 4155 6033
3 5654 5653 6091
3 394 393 6144
3 5934 5160 6280
3 5777 4406 5925
3 3904 380 5954
3 5765 4614 5922
3 5776 4887 6074
3 5687 4363 6188
3 5474 5471 6088
3 5600 5881 5914
3 3884 268 6009
3 249 3948 5822
3 381 3945 5954
3 4691 4934 5899
3 4090 4114 6260
3 3877 5652 6091
3 5081 4962 6016
3 5020 5107 6034
3 342 343 5197
3 5555 4362 6213
3 4480 4479 6058
3 5285 5283 6140
3 4084 5874 6001
3 5696 5540 6206
3 5443 5445 6291
3 5731 4474 5928
3 4208 4218 5942
3 5908 5060 6094
3 4334 5012 5939
3 5485 5490 6095
3 5603 5821 5933
3 4943 4942 6012
3 6199 4607 6243
3 4365 5883 6016
3 4219 5795 5933
3 5077 4957 6167
3 4306 4304 6057
3 4681 4512 5930
3 4710 5056 6042
3 5013 5036 6080
3 4153 4175 6033
3 5577 5574 5946
3 5684 4764 5945
3 366 5748 6026
3 3969 3967 5938
3 4919 5875 5917
3 4742 4740 6159
3 3885 365 6026
3 5356 5953 6008
3 5505 5502 6117
3 5878 5566 5916
3 386 3918 5819
3 5624 5429 6207
3 5417 5415 6210
3 380 381 5954
3 5065 5063 5949
3 5116 5897 6118
3 4359 4349 6070
3 4021 4113 6059
3 6007 4509 6191
3 5500 5506 6117
3 4353 4364 6046
3 5786 3899 6212
3 4793 4708 6042
3 4212 5667 6282
3 4097 4096 6020
3 267 5836 6009
3 4537 4573 6075
3 5994 4982 6018
3 4411 4315 6106
3 5922 4614 5957
3 4187 5702 6128
3 5122 5010 6021
3 5933 5795 5961
3 4567 4569 5950
3 373 374 6067
3 4473 4321 6118
3 5887 4946 5958
3 359 360 6073
3 4576 4535 6075
3 4998 6038 6063
3 5551 5548 5952
3 5149 5196 6294
3 5588 5589 6123
3 5923 4975 5966
3 5220 6010 6251
3 4311 4380 6105
3 3901 395 5959
3 4065 4063 6198
3 5554 5555 6213
3 5175 5099 6188
3 5583 5607 6247
3 4541 5862 6178
3 5881 4920 5914
3 5862 4607 6199
3 247 246 5200
3 5062 5114 6094
3 4191 4159 6079
3 403 402 6155
3 5637 5519 6283
3 5921 4958 5955
3 4317 4411 6134
3 5254 4609 6027
3 5264 5431 6202
3 4260 4258 5951
3 388 389 5215
3 293 292 5217
3 274 273 6082
3 5033 4998 6063
3 5387 5388 5971
3 5569 5570 6239
3 5097 5840 6111
3 4609 4493 6027
3 5581 5582 6242
3 4186 4181 6100
3 4938 5750 6038
3 3944 5786 6099
3 5074 5075 5962
3 5047 6102 6279
3 5840 5545 6111
3 4130 4132 6098
3 5612 5832 5940
3 5086 5116 6133
3 4125 4130 6028
3 5866 5308 5996
3 5045 4606 6081
3 5609 5120 6239
3 5946 4216 5976
3 5925 5363 5979
3 5707 4163 6114
3 4177 4187 6113
3 5556 5580 6242
3 5951 5613 6110
3 5874 5066 6001
3 4254 5568 6127
3 5608 5609 6247
3 4451 4334 5939
3 4712 5839 5947
3 5119 5015 6093
3 4936 4935 5953
3 6113 4187 6123
3 5659 5655 6238
3 4157 4381 6079
3 6181 5309 6252
3 5952 4764 5969
3 5575 5984 6002
3 5626 4074 6054
3 5593 6100 6113
3 5504 5505 6199
3 5444 5629 6189
3 4990 5129 6043
3 5114 5912 6106
3 5873 4451 5956
3 5320 5319 6082
3 5004 5873 5956
3 5001 5869 5948
3 5026 5006 5956
3 4146 4192 6257
3 4093 5533 6078
3 5108 5179 6110
3 5883 5081 6016
3 5553 5552 6213
3 360 361 6115
3 3966 3968 5960
3 5249 5039 6047
3 5841 5077 6167
3 5864 4023 6059
3 4362 5555 6222
3 4695 4461 6030
3 4958 4960 5955
3 5622 5549 5986
3 5498 6203 6226
3 5110 5534 6295
3 5661 5660 6238
3 5638 5044 5974
3 4335 5955 5972
3 5465 4937 5964
3 5384 5892 6244
3 6031 3919 6270
3 4411 5912 6133
3 5771 5887 5958
3 5403 3889 5989
3 5006 5004 5956
3 4988 5102 6036
3 4359 6070 6080
3 5463 5770 5967
3 4161 4191 6114
3 273 272 6143
3 5770 5828 5967
3 4043 4041 5963
3 289 288 6084
3 4936 5872 5947
3 5839 4936 5947
3 5242 4941 5968
3 5869 4917 5948
3 5353 3901 5982
3 374 375 6151
3 5743 6005 6039
3 4363 4343 6183
3 4573 4539 6178
3 5017 5132 6101
3 5103 5407 6193
3 4093 3971 6064
3 6002 5621 6003
3 5206 5208 6220
3 5026 5956 6024
3 348 349 6124
3 6046 5111 6070
3 4347 4359 6170
3 5621 5622 6003
3 5539 4308 6186
3 4077 4067 6171
3 4296 4308 6142
3 4310 4379 6234
3 4452 3975 6078
3 4363 5687 6200
3 4782 4853 6196
3 5956 4451 6024
3 5958 4946 5994
3 5862 5505 6178
3 4975 4977 5966
3 4359 5757 6170
3 4362 4337 6208
3 5056 4776 6161
3 5459 5740 6209
3 5836 5194 6009
3 4341 4363 6200
3 5213 5210 6191
3 4357 5771 5958
3 5416 5473 6040
3 264 263 5971
3 4332 4362 6222
3 4380 5908 6094
3 4314 4326 6249
3 4329 4322 6229
3 4725 4727 5969
3 4303 4323 6194
3 4316 4318 6287
3 4614 5803 5957
3 5838 5259 6211
3 5626 6054 6086
3 4729 4766 5973
3 5856 5674 6089
3 362 363 6275
3 4297 4335 5972
3 5490 5895 6095
3 5204 4931 6076
3 5622 5986 6003
3 5166 5847 5981
3 3929 5403 6044
3 277 3938 6112
3 3973 4093 6078
3 4168 4170 5976
3 5505 5862 6199
3 5145 5053 5965
3 5701 4559 6236
3 363 5737 6275
3 4998 5919 6038
3 5895 4529 6095
3 4379 4312 6249
3 356 3940 6103
3 5075 5456 6015
3 5087 5085 5983
3 4172 4222 5978
3 4006 3979 6147
3 4414 3983 6163
3 4306 6057 6066
3 4366 5940 5962
3 4853 4794 6274
3 4607 5712 6243
3 5190 5135 6006
3 5219 5220 6124
3 5978 4222 5984
3 6243 5712 6269
3 5897 4473 6118
3 5795 5038 5961
3 6015 5456 6054
3 4559 4561 6236
3 5534 4398 6195
3 5046 5797 6102
3 4396 5351 6281
3 5039 4940 6017
3 5087 5983 5990
3 5082 5295 6204
3 5825 355 6103
3 5041 5906 5981
3 5193 5999 6276
3 6280 5159 6288
3 5089 5087 5990
3 4222 5621 5984
3 4530 4533 5987
3 3878 404 5991
3 5258 5261 6109
3 5067 4711 6145
3 4323 4305 6223
3 4364 5929 6046
3 5919 4938 6038
3 5094 5092 5997
3 4140 4141 6246
3 4657 4822 6262
3 3981 4006 6163
3 5024 4963 5992
3 4308 4298 6186
3 5777 5925 5979
3 3977 4452 6147
3 5544 5840 6290
3 5347 5863 6232
3 5160 5159 6280
3 4127 5705 6197
3 4033 4030 5993
3 4822 5741 6262
3 5912 4411 6106
3 4398 5534 6250
3 5828 4629 5967
3 5974 5044 5989
3 347 348 6251
3 4037 4035 5998
3 5775 4294 6142
3 5986 4766 6003
3 5040 5284 6085
3 5705 4127 6241
3 5734 5777 5979
3 5048 5380 6137
3 275 3887 6231
3 5639 5719 6002
3 3878 5991 6023
3 5639 6002 6003
3 5832 4413 5970
3 431 432 6000
3 3938 276 6231
3 5542 5775 6142
3 4946 4947 5994
3 4469 4489 6224
3 5953 4935 6008
3 5205 5204 6139
3 5551 5973 5986
3 4192 5905 6257
3 4766 5639 6003
3 5966 4977 6019
3 5593 5937 6100
3 5929 5111 6046
3 5104 5917 6205
3 5937 4186 6100
3 5196 5197 6107
3 5351 5350 6108
3 5970 4413 5980
3 4344 4342 6007
3 5734 5979 6013
3 5515 5207 6267
3 5940 5832 5970
3 4413 5827 5980
3 5427 5977 6225
3 5002 5003 6010
3 5579 4084 6001
3 4904 5722 5944
3 5847 5041 5981
3 290 289 6270
3 4209 4127 6197
3 4257 5626 6086
3 4114 6014 6260
3 5940 5074 5962
3 4627 5496 6261
3 5882 278 6112
3 5168 5127 6230
3 6059 4113 6220
3 5737 363 6169
3 431 6000 6052
3 363 364 6169
3 5179 5951 6110
3 258 3898 6232
3 5999 3884 6276
3 4742 5445 6273
3 268 267 6009
3 4392 4396 6281
3 5246 5027 6031
3 4127 4120 6241
3 5745 3884 5999
3 4009 4005 6005
3 4785 4651 6262
3 5688 5464 6227
3 5903 5974 5989
3 4257 6086 6138
3 5350 5349 6108
3 5827 4097 5995
3 4916 4955 6004
3 5133 4904 5944
3 5615 6138 6149
3 4503 5853 6119
3 5903 4981 5974
3 5863 259 6232
3 5848 5171 6021
3 4398 4401 6195
3 4618 4390 6281
3 5651 5866 5996
3 5693 5994 6018
3 4935 5031 6008
3 5829 5008 5975
3 5257 5254 6027
3 5234 5144 6190
3 5577 5946 5976
3 4395 4398 6250
3 5445 6159 6291
3 5055 5893 6258
3 3969 5938 6064
3 5127 5126 6184
3 3904 5954 6204
3 5142 5825 6103
3 3925 404 6022
3 4977 5182 6019
3 4403 4503 6119
3 5141 4854 6025
3 4175 5734 6013
3 4955 5158 6014
3 5025 5742 6233
3 5477 3878 6023
3 5126 5249 6126
3 5957 4988 6036
3 4931 5850 6076
3 5785 5123 6166
3 6032 4393 6062
3 5074 5940 5970
3 6004 4955 6014
3 6013 5417 6210
3 4962 5018 6016
3 5551 5952 5969
3 4075 6149 6173
3 5980 5827 5995
3 5635 4375 6039
3 3948 248 6045
3 4397 4393 6032
3 5039 6017 6047
3 3929 6044 6101
3 4934 5079 5985
3 5008 5118 5975
3 4942 5059 6012
3 5534 6195 6295
3 5159 5161 6288
3 365 366 6026
3 4364 5693 6018
3 5261 5260 6092
3 4096 4119 6020
3 5448 4517 6139
3 4964 5688 6263
3 5489 5486 6029
3 5028 5817 6150
3 6017 4224 6047
3 291 3919 6048
3 5112 5068 6182
3 5964 4077 6171
3 5209 6007 6191
3 3918 387 6050
3 4503 5899 5985
3 4365 6034 6057
3 5712 4615 6269
3 5455 5458 6149
3 6025 4854 6056
3 6039 4375 6072
3 5156 5882 6112
3 5435 6175 6180
3 4888 4744 6273
3 5704 3898 6179
3 5121 5149 6294
3 5822 3948 6253
3 3926 5364 6268
3 3889 5903 5989
3 248 247 6045
3 6016 5018 6034
3 4493 4492 6027
3 5010 5848 6021
3 4119 4125 6028
3 5406 5409 6153
3 5675 4765 6292
3 292 291 6048
3 5938 5401 6064
3 6101 5132 6155
3 387 388 6050
3 4155 4153 6033
3 5938 4224 6017
3 6043 5129 6144
3 5275 3902 6096
3 5962 5075 6015
3 6008 5031 6049
3 5260 5876 6092
3 5137 5103 6235
3 3970 3972 6041
3 406 3876 6035
3 6020 4119 6028
3 5801 5957 6036
3 5058 5057 6055
3 6041 3972 6071
3 5615 4257 6138
3 344 3947 6107
3 5123 5291 6166
3 5456 5453 6054
3 5750 5536 6038
3 5380 3943 6137
3 5018 5020 6034
3 4461 4465 6030
3 5426 3925 6157
3 4986 5275 6096
3 5846 5030 6145
3 4708 4710 6042
3 4375 5735 6072
3 4351 4353 6046
3 5875 5106 6164
3 6022 5119 6093
3 5837 5889 6175
3 4393 4391 6062
3 4318 6248 6287
3 5044 5042 6044
3 5814 5280 6135
3 4854 4631 6056
3 430 431 6052
3 5984 5621 6002
3 6038 5536 6063
3 5031 5101 6049
3 5286 4610 6146
3 6149 5458 6173
3 5688 6227 6263
3 5070 6039 6072
3 5396 4898 6141
3 4618 5351 6258
3 6072 5735 6087
3 4304 4365 6057
3 5400 5402 6068
3 5295 5105 6152
3 4656 4650 6060
3 5762 4128 6154
3 4656 6060 6074
3 5178 5082 6204
3 4791 5801 6036
3 4715 4480 6058
3 5640 5479 6061
3 5070 5743 6039
3 4023 4021 6059
3 5973 4766 5986
3 5722 4990 6043
3 4715 6058 6069
3 3917 5944 6043
3 5899 4934 5985
3 4351 6046 6070
3 5096 5716 6129
3 5624 5758 6172
3 6065 4881 6077
3 3891 5892 6259
3 5989 5044 6044
3 5536 4186 6063
3 3972 3974 6071
3 5364 3883 6237
3 5278 5728 6240
3 5850 4889 6076
3 5079 5078 6201
3 5280 5279 6135
3 4991 5070 6072
3 5944 5722 6043
3 5301 5309 6264
3 4517 5515 6267
3 5233 5822 6253
3 5954 5178 6204
3 5407 5406 6153
3 4349 4351 6070
3 4717 4715 6069
3 5097 5096 6129
3 5527 5590 6122
3 247 5200 6045
3 4658 4656 6074
3 6054 5453 6086
3 3971 3969 6064
3 5403 5989 6044
3 5191 5113 6185
3 3898 5788 6179
3 4881 4989 6077
3 3883 5426 6192
3 5217 292 6048
3 5103 6193 6235
3 5726 4881 6065
3 388 5215 6050
3 4535 4537 6075
3 6138 5455 6149
3 5115 5035 6099
3 6044 5042 6101
3 5290 5049 6116
3 5047 5046 6102
3 5641 5121 6177
3 4224 5804 6047
3 5735 4007 6087
3 4118 4095 6256
3 5737 6055 6275
3 3937 373 6067
3 5141 6025 6212
3 3909 5811 6160
3 5111 5013 6080
3 3876 6011 6035
3 6146 4610 6174
3 4075 5615 6149
3 6122 5590 6128
3 4159 4157 6079
3 4451 5939 6024
3 5277 5278 6141
3 393 3917 6144
3 3916 5297 6158
3 3890 359 6073
3 4991 6072 6087
3 5197 343 6107
3 4221 5449 6266
3 5471 5472 6088
3 6127 5459 6209
3 5478 5477 6286
3 5876 4598 6092
3 5545 4472 6111
3 6056 4631 6090
3 5812 5191 6185
3 4606 4913 6081
3 5465 5964 6171
3 5453 5454 6086
3 5768 5290 6116
3 5653 3877 6091
3 4124 4206 6104
3 6010 3914 6251
3 5338 5337 6097
3 3975 3973 6078
3 5487 5485 6095
3 5703 4991 6087
3 6070 5111 6080
3 4898 5277 6141
3 6086 5454 6138
3 4615 5717 6203
3 6156 5112 6182
3 5263 5264 6228
3 3887 274 6082
3 6111 4472 6121
3 5138 5076 6160
3 6081 4913 6089
3 4966 5704 6179
3 5877 5112 6156
3 4479 5689 6219
3 4132 4410 6098
3 5060 5062 6094
3 5527 6122 6131
3 5446 5077 6162
3 4181 4179 6100
3 5126 6126 6184
3 343 344 6107
3 5213 6191 6290
3 5613 4077 6110
3 4313 6105 6106
3 6023 5025 6233
3 3905 5430 6271
3 4611 5396 6240
3 4315 4313 6106
3 4313 4311 6105
3 5941 5223 6120
3 6057 5107 6066
3 4472 5584 6121
3 5529 5526 6125
3 3885 5686 6169
3 355 356 6103
3 5015 5752 6093
3 6100 4179 6113
3 4193 5762 6156
3 5892 5384 6259
3 3913 5749 6083
3 6121 5584 6130
3 5042 5017 6101
3 5309 3893 6252
3 5502 5500 6117
3 4206 4118 6256
3 6013 5979 6277
3 288 3909 6084
3 4321 4319 6118
3 5283 5282 6140
3 6125 5526 6132
3 5968 5326 6255
3 4179 4177 6113
3 5629 4254 6127
3 5426 6157 6192
3 6118 4319 6134
3 4489 6097 6224
3 5593 6113 6123
3 278 277 6112
3 5525 6131 6132
3 5127 6184 6230
3 5526 5525 6132
3 5590 5588 6128
3 5589 5593 6123
3 5909 3886 6207
3 4163 4161 6114
3 5584 4473 6130
3 3943 5787 6137
3 5525 5527 6131
3 5454 5455 6138
3 5335 5333 6289
3 5107 5908 6066
3 4319 4317 6134
3 5809 5295 6152
3 5084 5086 6133
3 4913 5856 6089
3 5407 6153 6193
3 5259 5257 6211
3 436 435 6148
3 402 3929 6155
3 5364 6237 6268
3 5256 5258 6109
3 4126 5433 6187
3 5233 5231 6279
3 5337 5335 6265
3 5257 6027 6211
3 6027 4492 6211
3 5433 5435 6180
3 361 3911 6115
3 5477 6233 6286
3 364 3885 6169
3 5211 6059 6220
3 5678 4193 6182
3 5538 5541 6168
3 4740 4770 6159
3 5170 5900 6181
3 5568 4075 6173
3 5232 5233 6253
3 3925 6093 6157
3 4610 5366 6174
3 4404 4403 6119
3 4294 4296 6142
3 4957 5160 6167
3 5430 5190 6271
3 349 3903 6124
3 3903 5785 6166
3 272 3913 6143
3 4067 4065 6171
3 4394 5287 6278
3 5216 3951 6165
3 3883 6192 6237
3 5594 5443 6291
3 4776 4778 6161
3 5099 5518 6188
3 3912 5747 6225
3 5901 4221 6266
3 3979 3977 6147
3 3902 5789 6096
3 6180 5151 6187
3 6093 5752 6157
3 4631 5911 6090
3 4345 4347 6170
3 6047 5804 6126
3 5433 6180 6187
3 375 3896 6151
3 5458 5459 6173
3 3896 5768 6116
3 5572 5696 6206
3 6108 5055 6258
3 5752 5034 6157
3 5701 5560 6176
3 4404 5359 6295
3 5106 5028 6154
3 4539 4541 6178
3 4345 6170 6183
3 3983 3981 6163
3 5495 5498 6226
3 5741 5301 6264
3 5797 3915 6102
3 5140 6266 6297
3 4343 4345 6183
3 5464 5465 6227
3 5194 5193 6276
3 5686 5737 6169
3 4711 5846 6145
3 5445 5444 6189
3 5804 4426 6126
3 6161 4778 6196
3 4175 6013 6210
3 5155 5154 6218
3 5740 4888 6209
3 6157 5034 6192
3 5384 5383 6259
3 5429 5428 6207
3 5428 5909 6207
3 6158 5079 6201
3 5508 5504 6199
3 5415 5418 6210
3 4116 4123 6296
3 4063 4082 6198
3 5817 5877 6150
3 5390 5594 6293
3 5106 6104 6164
3 5494 5495 6254
3 4298 4300 6186
3 3908 5814 6135
3 5210 5209 6191
3 5249 6047 6126
3 5151 5150 6187
3 6153 4410 6193
3 4778 4782 6196
3 6014 5158 6260
3 5460 5236 6272
3 4339 4341 6200
3 5508 6199 6243
3 4410 5780 6193
3 3917 6043 6144
3 5552 5554 6213
3 5758 3937 6172
3 5691 6285 6292
3 4300 4303 6194
3 6186 4300 6194
3 5691 5147 6285
3 6126 4426 6184
3 4339 6200 6208
3 4770 5594 6291
3 4095 4090 6260
3 4337 4339 6208
3 4744 4742 6273
3 5208 5211 6220
3 3942 5809 6152
3 5136 5080 6165
3 5495 6226 6254
3 6139 4517 6267
3 4489 5837 6175
3 5359 5110 6295
3 5580 5581 6242
3 5496 5494 6261
3 5120 5569 6239
3 5928 4474 6120
3 5900 4785 6181
3 4474 5941 6120
3 5158 5104 6205
3 4989 5628 6219
3 5607 5608 6247
3 5034 5744 6192
3 5510 5508 6243
3 5582 5583 6248
3 5660 5659 6238
3 5435 5434 6284
3 5667 4378 6288
3 5594 4770 6293
3 6265 5335 6289
3 6189 4888 6273
3 4325 4332 6222
3 4221 4209 6197
3 5510 6243 6269
3 5409 6098 6153
3 4378 6280 6288
3 4765 5691 6292
3 4325 6222 6229
3 4322 4325 6229
3 5199 4212 6282
3 4401 4404 6195
3 276 275 6231
3 5931 3890 6190
3 4305 4307 6223
3 259 258 6232
3 4141 4144 6246
3 4307 4310 6234
3 342 5197 6217
3 6246 4144 6257
3 5512 5510 6269
3 6193 5780 6235
3 4193 6156 6182
3 4312 4314 6249
3 5717 4625 6226
3 3925 6022 6093
3 6226 4625 6254
3 4144 4146 6257
3 4426 5796 6184
3 4378 5685 6280
3 5207 5205 6267
3 5674 5673 6285
3 4561 4628 6236
3 5728 4611 6240
3 3929 6101 6155
3 4770 5792 6293
3 6223 4307 6234
3 4468 4469 6224
3 4509 5544 6290
3 5917 5875 6164
3 5519 5520 6283
3 5420 5280 6245
3 4120 4121 6241
3 6285 5673 6292
3 5200 246 6215
3 6192 5744 6237
3 5742 5732 6233
3 5215 389 6216
3 293 5217 6214
3 5169 5170 6252
3 5689 6136 6219
3 5673 5675 6292
3 4625 5723 6254
3 6136 4989 6219
3 4794 4796 6274
3 5477 6023 6233
3 6224 5337 6265
3 5744 5098 6237
3 3945 5812 6185
3 4492 5838 6211
3 5977 3912 6225
3 5139 5140 6297
3 6233 5732 6286
3 4326 4316 6287
3 4396 4395 6250
3 5494 6254 6261
3 5723 4627 6261
3 4651 4657 6262
3 4 293 6214
3 389 5 6216
3 5 342 6217
3 246 4 6215
3 5098 5163 6268
3 5780 4140 6235
3 5417 6013 6277
3 6237 5098 6268
3 5889 5151 6180
3 4082 5637 6263
3 5078 5136 6201
3 3947 5852 6177
3 6254 5723 6261
3 5118 5026 6221
3 5808 3941 6202
3 6227 4082 6263
3 3911 362 6275
3 5026 6024 6221
3 6024 5117 6221
3 5732 4860 6286
3 5836 3910 6255
3 5792 5390 6293
3 5807 4468 6265
3 3884 6009 6276
3 3914 347 6251
3 4468 6224 6265
3 5807 6265 6289
3 5030 5165 6278
3 4390 4392 6281
3 5975 5118 6272
3 5796 4849 6230
3 5144 5931 6190
3 6184 5796 6230
3 4465 5807 6289
3 6077 4989 6136
3 5893 4618 6258
3 3910 5968 6255
3 6055 3911 6275
3 3919 290 6270
3 5309 6181 6264
3 5140 5901 6266
3 5810 3905 6271
3 5205 6139 6267
3 6037 5263 6228
3 5762 6150 6156
3 5396 6141 6240
3 6051 5420 6245
3 6098 4410 6153
3 3947 6177 6294
3 6104 4206 6164
3 6009 5194 6276
3 6025 5115 6212
3 6150 5877 6156
3 6205 4206 6256
3 6097 5337 6224
3 6141 5278 6240
3 5979 5363 6277
3 6191 4509 6290
3 3916 6158 6201
3 5629 6127 6209
3 5465 6198 6227
3 5351 6108 6258
3 6248 5583 6287
3 6198 4082 6227
3 6159 4770 6291
3 6181 4785 6264
3 5158 6205 6256
3 5445 6189 6273
3 6195 4404 6295
3 6177 5121 6294

CELL_TYPES 13044
1
1
1
1
1
1
3
3
3
3
3
3
3
3
3
3
3
3
3
3
3
3
3
3
3
3
3
3
3
3
3
3
3
3
3
3
3
3
3
3
3
3
3
3
3
3
3
3
3
3
3
3
3
3
3
3
3
3
3
3
3
3
3
3
3
3
3
3
3
3
3
3
3
3
3
3
3
3
3
3
3
3
3
3
3
3
3
3
3
3
3
3
3
3
3
3
3
3
3
3
3
3
3
3
3
3
3
3
3
3
3
3
3
3
3
3
3
3
3
3
3
3
3
3
3
3
3
3
3
3
3
3
3
3
3
3
3
3
3
3
3
3
3
3
3
3
3
3
3
3
3
3
3
3
3
3
3
3
3
3
3
3
3
3
3
3
3
3
3
3
3
3
3
3
3
3
3
3
3
3
3
3
3
3
3
3
3
3
3
3
3
3
3
3
3
3
3
3
3
3
3
3
3
3
3
3
3
3
3
3
3
3
3
3
3
3
3
3
3
3
3
3
3
3
3
3
3
3
3
3
3
3
3
3
3
3
3
3
3
3
3
3
3
3
3
3
3
3
3
3
3
3
3
3
3
3
3
3
3
3
3
3
3
3
3
3
3
3
3
3
3
3
3
3
3
3
3
3
3
3
3
3
3
3
3
3
3
3
3
3
3
3
3
3
3
3
3
3
3
3
3
3
3
3
3
3
3
3
3
3
3
3
3
3
3
3
3
3
3
3
3
3
3
3
3
3
3
3
3
3
3
3
3
3
3
3
3
3
3
3
3
3
3
3
3
3
3
3
3
3
3
3
3
3
3
3
3
3
3
3
3
3
3
3
3
3
3
3
3
3
3
3
3
3
3
3
3
3
3
3
3
3
3
3
3
3
3
3
3
3
3
3
3
3
3
3
3
3
3
3
3
3
3
3
3
3
3
3
3
3
3
3
3
3
3
3
3
3
3
3
3
3
3
3
3
3
3
3
3
3
3
3
3
3
3
3
3
3
3
3
3
3
3
3
3
3
3
3
5
5
5
5
5
5
5
5
5
5
5
5
5
5
5
5
5
5
5
5
5
5
5
5
5
5
5
5
5
5
5
5
5
5
5
5
5
5
5
5
5
5
5
5
5
5
5
5
5
5
5
5
5
5
5
5
5
5
5
5
5
5
5
5
5
5
5
5
5
5
5
5
5
5
5
5
5
5
5
5
5
5
5
5
5
5
5
5
5
5
5
5
5
5
5
5
5
5
5
5
5
5
5
5
5
5
5
5
5
5
5
5
5
5
5
5
5
5
5
5
5
5
5
5
5
5
5
5
5
5
5
5
5
5
5
5
5
5
5
5
5
5
5
5
5
5
5
5
5
5
5
5
5
5
5
5
5
5
5
5
5
5
5
5
5
5
5
5
5
5
5
5
5
5
5
5
5
5
5
5
5
5
5
5
5
5
5
5
5
5
5
5
5
5
5
5
5
5
5
5
5
5
5
5
5
5
5
5
5
5
5
5
5
5
5
5
5
5
5
5
5
5
5
5
5
5
5
5
5
5
5
5
5
5
5
5
5
5
5
5
5
5
5
5
5
5
5
5
5
5
5
5
5
5
5
5
5
5
5
5
5
5
5
5
5
5
5
5
5
5
5
5
5
5
5
5
5
5
5
5
5
5
5
5
5
5
5
5
5
5
5
5
5
5
5
5
5
5
5
5
5
5
5
5
5
5
5
5
5
5
5
5
5
5
5
5
5
5
5
5
5
5
5
5
5
5
5
5
5
5
5
5
5
5
5
5
5
5
5
5
5
5
5
5
5
5
5
5
5
5
5
5
5
5
5
5
5
5
5
5
5
5
5
5
5
5
5
5
5
5
5
5
5
5
5
5
5
5
5
5
5
5
5
5
5
5
5
5
5
5
5
5
5
5
5
5
5
5
5
5
5
5
5
5
5
5
5
5
5
5
5
5
5
5
5
5
5
5
5
5
5
5
5
5
5
5
5
5
5
5
5
5
5
5
5
5
5
5
5
5
5
5
5
5
5
5
5
5
5
5
5
5
5
5
5
5
5
5
5
5
5
5
5
5
5
5
5
5
5
5
5
5
5
5
5
5
5
5
5
5
5
5
5
5
5
5
5
5
5
5
5
5
5
5
5
5
5
5
5
5
5
5
5
5
5
5
5
5
5
5
5
5
5
5
5
5
5
5
5
5
5
5
5
5
5
5
5
5
5
5
5
5
5
5
5
5
5
5
5
5
5
5
5
5
5
5
5
5
5
5
5
5
5
5
5
5
5
5
5
5
5
5
5
5
5
5
5
5
5
5
5
5
5
5
5
5
5
5
5
5
5
5
5
5
5
5
5
5
5
5
5
5
5
5
5
5
5
5
5
5
5
5
5
5
5
5
5
5
5
5
5
5
5
5
5
5
5
5
5
5
5
5
5
5
5
5
5
5
5
5
5
5
5
5
5
5
5
5
5
5
5
5
5
5
5
5
5
5
5
5
5
5
5
5
5
5
5
5
5
5
5
5
5
5
5
5
5
5
5
5
5
5
5
5
5
5
5
5
5
5
5
5
5
5
5
5
5
5
5
5
5
5
5
5
5
5
5
5
5
5
5
5
5
5
5
5
5
5
5
5
5
5
5
5
5
5
5
5
5
5
5
5
5
5
5
5
5
5
5
5
5
5
5
5
5
5
5
5
5
5
5
5
5
5
5
5
5
5
5
5
5
5
5
5
5
5
5
5
5
5
5
5
5
5
5
5
5
5
5
5
5
5
5
5
5
5
5
5
5
5
5
5
5
5
5
5
5
5
5
5
5
5
5
5
5
5
5
5
5
5
5
5
5
5
5
5
5
5
5
5
5
5
5
5
5
5
5
5
5
5
5
5
5
5
5
5
5
5
5
5
5
5
5
5
5
5
5
5
5
5
5
5
5
5
5
5
5
5
5
5
5
5
5
5
5
5
5
5
5
5
5
5
5
5
5
5
5
5
5
5
5
5
5
5
5
5
5
5
5
5
5
5
5
5
5
5
5
5
5
5
5
5
5
5
5
5
5
5
5
5
5
5
5
5
5
5
5
5
5
5
5
5
5
5
5
5
5
5
5
5
5
5
5
5
5
5
5
5
5
5
5
5
5
5
5
5
5
5
5
5
5
5
5
5
5
5
5
5
5
5
5
5
5
5
5
5
5
5
5
5
5
5
5
5
5
5
5
5
5
5
5
5
5
5
5
5
5
5
5
5
5
5
5
5
5
5
5
5
5
5
5
5
5
5
5
5
5
5
5
5
5
5
5
5
5
5
5
5
5
5
5
5
5
5
5
5
5
5
5
5
5
5
5
5
5
5
5
5
5
5
5
5
5
5
5
5
5
5
5
5
5
5
5
5
5
5
5
5
5
5
5
5
5
5
5
5
5
5
5
5
5
5
5
5
5
5
5
5
5
5
5
5
5
5
5
5
5
5
5
5
5
5
5
5
5
5
5
5
5
5
5
5
5
5
5
5
5
5
5
5
5
5
5
5
5
5
5
5
5
5
5
5
5
5
5
5
5
5
5
5
5
5
5
5
5
5
5
5
5
5
5
5
5
5
5
5
5
5
5
5
5
5
5
5
5
5
5
5
5
5
5
5
5
5
5
5
5
5
5
5
5
5
5
5
5
5
5
5
5
5
5
5
5
5
5
5
5
5
5
5
5
5
5
5
5
5
5
5
5
5
5
5
5
5
5
5
5
5
5
5
5
5
5
5
5
5
5
5
5
5
5
5
5
5
5
5
5
5
5
5
5
5
5
5
5
5
5
5
5
5
5
5
5
5
5
5
5
5
5
5
5
5
5
5
5
5
5
5
5
5
5
5
5
5
5
5
5
5
5
5
5
5
5
5
5
5
5
5
5
5
5
5
5
5
5
5
5
5
5
5
5
5
5
5
5
5
5
5
5
5
5
5
5
5
5
5
5
5
5
5
5
5
5
5
5
5
5
5
5
5
5
5
5
5
5
5
5
5
5
5
5
5
5
5
5
5
5
5
5
5
5
5
5
5
5
5
5
5
5
5
5
5
5
5
5
5
5
5
5
5
5
5
5
5
5
5
5
5
5
5
5
5
5
5
5
5
5
5
5
5
5
5
5
5
5
5
5
5
5
5
5
5
5
5
5
5
5
5
5
5
5
5
5
5
5
5
5
5
5
5
5
5
5
5
5
5
5
5
5
5
5
5
5
5
5
5
5
5
5
5
5
5
5
5
5
5
5
5
5
5
5
5
5
5
5
5
5
5
5
5
5
5
5
5
5
5
5
5
5
5
5
5
5
5
5
5
5
5
5
5
5
5
5
5
5
5
5
5
5
5
5
5
5
5
5
5
5
5
5
5
5
5
5
5
5
5
5
5
5
5
5
5
5
5
5
5
5
5
5
5
5
5
5
5
5
5
5
5
5
5
5
5
5
5
5
5
5
5
5
5
5
5
5
5
5
5
5
5
5
5
5
5
5
5
5
5
5
5
5
5
5
5
5
5
5
5
5
5
5
5
5
5
5
5
5
5
5
5
5
5
5
5
5
5
5
5
5
5
5
5
5
5
5
5
5
5
5
5
5
5
5
5
5
5
5
5
5
5
5
5
5
5
5
5
5
5
5
5
5
5
5
5
5
5
5
5
5
5
5
5
5
5
5
5
5
5
5
5
5
5
5
5
5
5
5
5
5
5
5
5
5
5
5
5
5
5
5
5
5
5
5
5
5
5
5
5
5
5
5
5
5
5
5
5
5
5
5
5
5
5
5
5
5
5
5
5
5
5
5
5
5
5
5
5
5
5
5
5
5
5
5
5
5
5
5
5
5
5
5
5
5
5
5
5
5
5
5
5
5
5
5
5
5
5
5
5
5
5
5
5
5
5
5
5
5
5
5
5
5
5
5
5
5
5
5
5
5
5
5
5
5
5
5
5
5
5
5
5
5
5
5
5
5
5
5
5
5
5
5
5
5
5
5
5
5
5
5
5
5
5
5
5
5
5
5
5
5
5
5
5
5
5
5
5
5
5
5
5
5
5
5
5
5
5
5
5
5
5
5
5
5
5
5
5
5
5
5
5
5
5
5
5
5
5
5
5
5
5
5
5
5
5
5
5
5
5
5
5
5
5
5
5
5
5
5
5
5
5
5
5
5
5
5
5
5
5
5
5
5
5
5
5
5
5
5
5
5
5
5
5
5
5
5
5
5
5
5
5
5
5
5
5
5
5
5
5
5
5
5
5
5
5
5
5
5
5
5
5
5
5
5
5
5
5
5
5
5
5
5
5
5
5
5
5
5
5
5
5
5
5
5
5
5
5
5
5
5
5
5
5
5
5
5
5
5
5
5
5
5
5
5
5
5
5
5
5
5
5
5
5
5
5
5
5
5
5
5
5
5
5
5
5
5
5
5
5
5
5
5
5
5
5
5
5
5
5
5
5
5
5
5
5
5
5
5
5
5
5
5
5
5
5
5
5
5
5
5
5
5
5
5
5
5
5
5
5
5
5
5
5
5
5
5
5
5
5
5
5
5
5
5
5
5
5
5
5
5
5
5
5
5
5
5
5
5
5
5
5
5
5
5
5
5
5
5
5
5
5
5
5
5
5
5
5
5
5
5
5
5
5
5
5
5
5
5
5
5
5
5
5
5
5
5
5
5
5
5
5
5
5
5
5
5
5
5
5
5
5
5
5
5
5
5
5
5
5
5
5
5
5
5
5
5
5
5
5
5
5
5
5
5
5
5
5
5
5
5
5
5
5
5
5
5
5
5
5
5
5
5
5
5
5
5
5
5
5
5
5
5
5
5
5
5
5
5
5
5
5
5
5
5
5
5
5
5
5
5
5
5
5
5
5
5
5
5
5
5
5
5
5
5
5
5
5
5
5
5
5
5
5
5
5
5
5
5
5
5
5
5
5
5
5
5
5
5
5
5
5
5
5
5
5
5
5
5
5
5
5
5
5
5
5
5
5
5
5
5
5
5
5
5
5
5
5
5
5
5
5
5
5
5
5
5
5
5
5
5
5
5
5
5
5
5
5
5
5
5
5
5
5
5
5
5
5
5
5
5
5
5
5
5
5
5
5
5
5
5
5
5
5
5
5
5
5
5
5
5
5
5
5
5
5
5
5
5
5
5
5
5
5
5
5
5
5
5
5
5
5
5
5
5
5
5
5
5
5
5
5
5
5
5
5
5
5
5
5
5
5
5
5
5
5
5
5
5
5
5
5
5
5
5
5
5
5
5
5
5
5
5
5
5
5
5
5
5
5
5
5
5
5
5
5
5
5
5
5
5
5
5
5
5
5
5
5
5
5
5
5
5
5
5
5
5
5
5
5
5
5
5
5
5
5
5
5
5
5
5
5
5
5
5
5
5
5
5
5
5
5
5
5
5
5
5
5
5
5
5
5
5
5
5
5
5
5
5
5
5
5
5
5
5
5
5
5
5
5
5
5
5
5
5
5
5
5
5
5
5
5
5
5
5
5
5
5
5
5
5
5
5
5
5
5
5
5
5
5
5
5
5
5
5
5
5
5
5
5
5
5
5
5
5
5
5
5
5
5
5
5
5
5
5
5
5
5
5
5
5
5
5
5
5
5
5
5
5
5
5
5
5
5
5
5
5
5
5
5
5
5
5
5
5
5
5
5
5
5
5
5
5
5
5
5
5
5
5
5
5
5
5
5
5
5
5
5
5
5
5
5
5
5
5
5
5
5
5
5
5
5
5
5
5
5
5
5
5
5
5
5
5
5
5
5
5
5
5
5
5
5
5
5
5
5
5
5
5
5
5
5
5
5
5
5
5
5
5
5
5
5
5
5
5
5
5
5
5
5
5
5
5
5
5
5
5
5
5
5
5
5
5
5
5
5
5
5
5
5
5
5
5
5
5
5
5
5
5
5
5
5
5
5
5
5
5
5
5
5
5
5
5
5
5
5
5
5
5
5
5
5
5
5
5
5
5
5
5
5
5
5
5
5
5
5
5
5
5
5
5
5
5
5
5
5
5
5
5
5
5
5
5
5
5
5
5
5
5
5
5
5
5
5
5
5
5
5
5
5
5
5
5
5
5
5
5
5
5
5
5
5
5
5
5
5
5
5
5
5
5
5
5
5
5
5
5
5
5
5
5
5
5
5
5
5
5
5
5
5
5
5
5
5
5
5
5
5
5
5
5
5
5
5
5
5
5
5
5
5
5
5
5
5
5
5
5
5
5
5
5
5
5
5
5
5
5
5
5
5
5
5
5
5
5
5
5
5
5
5
5
5
5
5
5
5
5
5
5
5
5
5
5
5
5
5
5
5
5
5
5
5
5
5
5
5
5
5
5
5
5
5
5
5
5
5
5
5
5
5
5
5
5
5
5
5
5
5
5
5
5
5
5
5
5
5
5
5
5
5
5
5
5
5
5
5
5
5
5
5
5
5
5
5
5
5
5
5
5
5
5
5
5
5
5
5
5
5
5
5
5
5
5
5
5
5
5
5
5
5
5
5
5
5
5
5
5
5
5
5
5
5
5
5
5
5
5
5
5
5
5
5
5
5
5
5
5
5
5
5
5
5
5
5
5
5
5
5
5
5
5
5
5
5
5
5
5
5
5
5
5
5
5
5
5
5
5
5
5
5
5
5
5
5
5
5
5
5
5
5
5
5
5
5
5
5
5
5
5
5
5
5
5
5
5
5
5
5
5
5
5
5
5
5
5
5
5
5
5
5
5
5
5
5
5
5
5
5
5
5
5
5
5
5
5
5
5
5
5
5
5
5
5
5
5
5
5
5
5
5
5
5
5
5
5
5
5
5
5
5
5
5
5
5
5
5
5
5
5
5
5
5
5
5
5
5
5
5
5
5
5
5
5
5
5
5
5
5
5
5
5
5
5
5
5
5
5
5
5
5
5
5
5
5
5
5
5
5
5
5
5
5
5
5
5
5
5
5
5
5
5
5
5
5
5
5
5
5
5
5
5
5
5
5
5
5
5
5
5
5
5
5
5
5
5
5
5
5
5
5
5
5
5
5
5
5
5
5
5
5
5
5
5
5
5
5
5
5
5
5
5
5
5
5
5
5
5
5
5
5
5
5
5
5
5
5
5
5
5
5
5
5
5
5
5
5
5
5
5
5
5
5
5
5
5
5
5
5
5
5
5
5
5
5
5
5
5
5
5
5
5
5
5
5
5
5
5
5
5
5
5
5
5
5
5
5
5
5
5
5
5
5
5
5
5
5
5
5
5
5
5
5
5
5
5
5
5
5
5
5
5
5
5
5
5
5
5
5
5
5
5
5
5
5
5
5
5
5
5
5
5
5
5
5
5
5
5
5
5
5
5
5
5
5
5
5
5
5
5
5
5
5
5
5
5
5
5
5
5
5
5
5
5
5
5
5
5
5
5
5
5
5
5
5
5
5
5
5
5
5
5
5
5
5
5
5
5
5
5
5
5
5
5
5
5
5
5
5
5
5
5
5
5
5
5
5
5
5
5
5
5
5
5
5
5
5
5
5
5
5
5
5
5
5
5
5
5
5
5
5
5
5
5
5
5
5
5
5
5
5
5
5
5
5
5
5
5
5
5
5
5
5
5
5
5
5
5
5
5
5
5
5
5
5
5
5
5
5
5
5
5
5
5
5
5
5
5
5
5
5
5
5
5
5
5
5
5
5
5
5
5
5
5
5
5
5
5
5
5
5
5
5
5
5
5
5
5
5
5
5
5
5
5
5
5
5
5
5
5
5
5
5
5
5
5
5
5
5
5
5
5
5
5
5
5
5
5
5
5
5
5
5
5
5
5
5
5
5
5
5
5
5
5
5
5
5
5
5
5
5
5
5
5
5
5
5
5
5
5
5
5
5
5
5
5
5
5
5
5
5
5
5
5
5
5
5
5
5
5
5
5
5
5
5
5
5
5
5
5
5
5
5
5
5
5
5
5
5
5
5
5
5
5
5
5
5
5
5
5
5
5
5
5
5
5
5
5
5
5
5
5
5
5
5
5
5
5
5
5
5
5
5
5
5
5
5
5
5
5
5
5
5
5
5
5
5
5
5
5
5
5
5
5
5
5
5
5
5
5
5
5
5
5
5
5
5
5
5
5
5
5
5
5
5
5
5
5
5
5
5
5
5
5
5
5
5
5
5
5
5
5
5
5
5
5
5
5
5
5
5
5
5
5
5
5
5
5
5
5
5
5
5
5
5
5
5
5
5
5
5
5
5
5
5
5
5
5
5
5
5
5
5
5
5
5
5
5
5
5
5
5
5
5
5
5
5
5
5
5
5
5
5
5
5
5
5
5
5
5
5
5
5
5
5
5
5
5
5
5
5
5
5
5
5
5
5
5
5
5
5
5
5
5
5
5
5
5
5
5
5
5
5
5
5
5
5
5
5
5
5
5
5
5
5
5
5
5
5
5
5
5
5
5
5
5
5
5
5
5
5
5
5
5
5
5
5
5
5
5
5
5
5
5
5
5
5
5
5
5
5
5
5
5
5
5
5
5
5
5
5
5
5
5
5
5
5
5
5
5
5
5
5
5
5
5
5
5
5
5
5
5
5
5
5
5
5
5
5
5
5
5
5
5
5
5
5
5
5
5
5
5
5
5
5
5
5
5
5
5
5
5
5
5
5
5
5
5
5
5
5
5
5
5
5
5
5
5
5
5
5
5
5
5
5
5
5
5
5
5
5
5
5
5
5
5
5
5
5
5
5
5
5
5
5
5
5
5
5
5
5
5
5
5
5
5
5
5
5
5
5
5
5
5
5
5
5
5
5
5
5
5
5
5
5
5
5
5
5
5
5
5
5
5
5
5
5
5
5
5
5
5
5
5
5
5
5
5
5
5
5
5
5
5
5
5
5
5
5
5
5
5
5
5
5
5
5
5
5
5
5
5
5
5
5
5
5
5
5
5
5
5
5
5
5
5
5
5
5
5
5
5
5
5
5
5
5
5
5
5
5
5
5
5
5
5
5
5
5
5
5
5
5
5
5
5
5
5
5
5
5
5
5
5
5
5
5
5
5
5
5
5
5
5
5
5
5
5
5
5
5
5
5
5
5
5
5
5
5
5
5
5
5
5
5
5
5
5
5
5
5
5
5
5
5
5
5
5
5
5
5
5
5
5
5
5
5
5
5
5
5
5
5
5
5
5
5
5
5
5
5
5
5
5
5
5
5
5
5
5
5
5
5
5
5
5
5
5
5
5
5
5
5
5
5
5
5
5
5
5
5
5
5
5
5
5
5
5
5
5
5
5
5
5
5
5
5
5
5
5
5
5
5
5
5
5
5
5
5
5
5
5
5
5
5
5
5
5
5
5
5
5
5
5
5
5
5
5
5
5
5
5
5
5
5
5
5
5
5
5
5
5
5
5
5
5
5
5
5
5
5
5
5
5
5
5
5
5
5
5
5
5
5
5
5
5
5
5
5
5
5
5
5
5
5
5
5
5
5
5
5
5
5
5
5
5
5
5
5
5
5
5
5
5
5
5
5
5
5
5
5
5
5
5
5
5
5
5
5
5
5
5
5
5
5
5
5
5
5
5
5
5
5
5
5
5
5
5
5
5
5
5
5
5
5
5
5
5
5
5
5
5
5
5
5
5
5
5
5
5
5
5
5
5
5
5
5
5
5
5
5
5
5
5
5
5
5
5
5
5
5
5
5
5
5
5
5
5
5
5
5
5
5
5
5
5
5
5
5
5
5
5
5
5
5
5
5
5
5
5
5
5
5
5
5
5
5
5
5
5
5
5
5
5
5
5
5
5
5
5
5
5
5
5
5
5
5
5
5
5
5
5
5
5
5
5
5
5
5
5
5
5
5
5
5
5
5
5
5
5
5
5
5
5
5
5
5
5
5
5
5
5
5
5
5
5
5
5
5
5
5
5
5
5
5
5
5
5
5
5
5
5
5
5
5
5
5
5
5
5
5
5
5
5
5
5
5
5
5
5
5
5
5
5
5
5
5
5
5
5
5
5
5
5
5
5
5
5
5
5
5
5
5
5
5
5
5
5
5
5
5
5
5
5
5
5
5
5
5
5
5
5
5
5
5
5
5
5
5
5
5
5
5
5
5
5
5
5
5
5
5
5
5
5
5
5
5
5
5
5
5
5
5
5
5
5
5
5
5
5
5
5
5
5
5
5
5
5
5
5
5
5
5
5
5
5
5
5
5
5
5
5
5
5
5
5
5
5
5
5
5
5
5
5
5
5
5
5
5
5
5
5
5
5
5
5
5
5
5
5
5
5
5
5
5
5
5
5
5
5
5
5
5
5
5
5
5
5
5
5
5
5
5
5
5
5
5
5
5
5
5
5
5
5
5
5
5
5
5
5
5
5
5
5
5
5
5
5
5
5
5
5
5
5
5
5
5
5
5
5
5
5
5
5
5
5
5
5
5
5
5
5
5
5
5
5
5
5
5
5
5
5
5
5
5
5
5
5
5
5
5
5
5
5
5
5
5
5
5
5
5
5
5
5
5
5
5
5
5
5
5
5
5
5
5
5
5
5
5
5
5
5
5
5
5
5
5
5
5
5
5
5
5
5
5
5
5
5
5
5
5
5
5
5
5
5
5
5
5
5
5
5
5
5
5
5
5
5
5
5
5
5
5
5
5
5
5
5
5
5
5
5
5
5
5
5
5
5
5
5
5
5
5
5
5
5
5
5
5
5
5
5
5
5
5
5
5
5
5
5
5
5
5
5
5
5
5
5
5
5
5
5
5
5
5
5
5
5
5
5
5
5
5
5
5
5
5
5
5
5
5
5
5
5
5
5
5
5
5
5
5
5
5
5
5
5
5
5
5
5
5
5
5
5
5
5
5
5
5
5
5
5
5
5
5
5
5
5
5
5
5
5
5
5
5
5
5
5
5
5
5
5
5
5
5
5
5
5
5
5
5
5
5
5
5
5
5
5
5
5
5
5
5
5
5
5
5
5
5
5
5
5
5
5
5
5
5
5
5
5
5
5
5
5
5
5
5
5
5
5
5
5
5
5
5
5
5
5
5
5
5
5
5
5
5
5
5
5
5
5
5
5
5
5
5
5
5
5
5
5
5
5
5
5
5
5
5
5
5
5
5
5
5
5
5
5
5
5
5
5
5
5
5
5
5
5
5
5
5
5
5
5
5
5
5
5
5
5
5
5
5
5
5
5
5
5
5
5
5
5
5
5
5
5
5
5
5
5
5
5
5
5
5
5
5
5
5
5
5
5
5
5
5
5
5
5
5
5
5
5
5
5
5
5
5
5
5
5
5
5
5
5
5
5
5
5
5
5
5
5
5
5
5
5
5
5
5
5
5
5
5
5
5
5
5
5
5
5
5
5
5
5
5
5
5
5
5
5
5
5
5
5
5
5
5
5
5
5
5
5
5
5
5
5
5
5
5
5
5
5
5
5
5
5
5
5
5
5
5
5
5
5
5
5
5
5
5
5
5
5
5
5
5
5
5
5
5
5
5
5
5
5
5
5
5
5
5
5
5
5
5
5
5
5
5
5
5
5
5
5
5
5
5
5
5
5
5
5
5
5
5
5
5
5
5
5
5
5
5
5
5
5
5
5
5
5
5
5
5
5
5
5
5
5
5
5
5
5
5
5
5
5
5
5
5
5
5
5
5
5
5
5
5
5
5
5
5
5
5
5
5
5
5
5
5
5
5
5
5
5
5
5
5
5
5
5
5
5
5
5
5
5
5
5
5
5
5
5
5
5
5
5
5
5
5
5
5
5
5
5
5
5
5
5
5
5
5
5
5
5
5
5
5
5
5
5
5
5
5
5
5
5
5
5
5
5
5
5
5
5
5
5
5
5
5
5
5
5
5
5
5
5
5
5
5
5
5
5
5
5
5
5
5
5
5
5
5
5
5
5
5
5
5
5
5
5
5
5
5
5
5
5
5
5
5
5
5
5
5
5
5
5
5
5
5
5
5
5
5
5
5
5
5
5
5
5
5
5
5
5
5
5
5
5
5
5
5
5
5
5
5
5
5
5
5
5
5
5
5
5
5
5
5
5
5
5
5
5
5
5
5
5
5
5
5
5
5
5
5
5
5
5
5
5
5
5
5
5
5
5
5
5
5
5
5
5
5
5
5
5
5
5
5
5
5
5
5
5
5
5
5
5
5
5
5
5
5
5
5
5
5
5
5
5
5
5
5
5
5
5
5
5
5
5
5
5
5
5
5
5
5
5
5
5
5
5
5
5
5
5
5
5
5
5
5
5
5
5
5
5
5
5
5
5
5
5
5
5
5
5
5
5
5
5
5
5
5
5
5
5
5
5
5
5
5
5
5
5
5
5
5
5
5
5
5
5
5
5
5
5
5
5
5
5
5
5
5
5
5
5
5
5
5
5
5
5
5
5
5
5
5
5
5
5
5
5
5
5
5
5
5
5
5
5
5
5
5
5
5
5
5
5
5
5
5
5
5
5
5
5
5
5
5
5
5
5
5
5
5
5
5
5
5
5
5
5
5
5
5
5
5
5
5
5
5
5
5
5
5
5
5
5
5
5
5
5
5
5
5
5
5
5
5
5
5
5
5
5
5
5
5
5
5
5
5
5
5
5
5
5
5
5
5
5
5
5
5
5
5
5
5
5
5
5
5
5
5
5
5
5
5
5
5
5
5
5
5
5
5
5
5
5
5
5
5
5
5
5
5
5
5
5
5
5
5
5
5
5
5
5
5
5
5
5
5
5
5
5
5
5
5
5
5
5
5
5
5
5
5
5
5
5
5
5
5
5
5
5
5
5
5
5
5
5
5
5
5
5
5
5
5
5
5
5
5
5
5
5
5
5
5
5
5
5
5
5
5
5
5
5
5
5
5
5
5
5
5
5
5
5
5
5
5
5
5
5
5
5
5
5
5
5
5
5
5
5
5
5
5
5
5
5
5
5
5
5
5
5
5
5
5
5
5
5
5
5
5
5
5
5
5
5
5
5
5
5
5
5
5
5
5
5
5
5
5
5
5
5
5
5
5
5
5
5
5
5
5
5
5
5
5
5
5
5
5
5
5
5
5
5
5
5
5
5
5
5
5
5
5
5
5
5
5
5
5
5
5
5
5
5
5
5
5
5
5
5
5
5
5
5
5
5
5
5
5
5
5
5
5
5
5
5
5
5
5
5
5
5
5
5
5
5
5
5
5
5
5
5
5
5
5
5
5
5
5
5
5
5
5
5
5
5
5
5
5
5
5
5
5
5
5
5
5
5
5
5
5
5
5
5
5
5
5
5
5
5
5
5
5
5
5
5
5
5
5
5
5
5
5
5
5
5
5
5
5
5
5
5
5
5
5
5
5
5
5
5
5
5
5
5
5
5
5
5
5
5
5
5
5
5
5
5
5
5
5
5
5
5
5
5
5
5
5
5
5
5
5
5
5
5
5
5
5
5
5
5
5
5
5
5
5
5
5
5
5
5
5
5
5
5
5
5
5
5
5
5
5
5
5
5
5
5
5
5
5
5
5
5
5
5
5
5
5
5
5
5
5
5
5
5
5
5
5
5
5
5
5
5
5
5
5
5
5
5
5
5
5
5
5
5
5
5
5
5
5
5
5
5
5
5
5
5
5
5
5
5
5
5
5
5
5
5
5
5
5
5
5
5
5
5
5
5
5
5
5
5
5
5
5
5
5
5
5
5
5
5
5
5
5
5
5
5
5
5
5
5
5
5
5
5
5
5
5
5
5
5
5
5
5
5
5
5
5
5
5
5
5
5
5
5
5
5
5
5
5
5
5
5
5
5
5
5
5
5
5
5
5
5
5
5
5
5
5
5
5
5
5
5
5
5
5
5
5
5
5
5
5
5
5
5
5
5
5
5
5
5
5
5
5
5
5
5
5
5
5
5
5
5
5
5
5
5
5
5
5
5
5
5
5
5
5
5
5
5
5
5
5
5
5
5
5
5
5
5
5
5
5
5
5
5
5
5
5
5
5
5
5
5
5
5
5
5
5
5
5
5
5
5
5
5
5
5
5
5
5
5
5
5
5
5
5
5
5
5
5
5
5
5
5
5
5
5
5
5
5
5
5
5
5
5
5
5
5
5
5
5
5
5
5
5
5
5
5
5
5
5
5
5
5
5
5
5
5
5
5
5
5
5
5
5
5
5
5
5
5
5
5
5
5
5
5
5
5
5
5
5
5
5
5
5
5
5
5
5
5
5
5
5
5
5
5
5
5
5
5
5
5
5
5
5
5
5
5
5
5
5
5
5
5
5
5
5
5
5
5
5
5
5
5
5
5
5
5
5
5
5
5
5
5
5
5
5
5
5
5
5
5
5
5
5
5
5
5
5
5
5
5
5
5
5
5
5
5
5
5
5
5
5
5
5
5
5
5
5
5
5
5
5
5
5
5
5
5
5
5
5
5
5
5
5
5
5
5
5
5
5
5
5
5
5
5
5
5
5
5
5
5
5
5
5
5
5
5
5
5
5
5
5
5
5
5
5
5
5
5
5
5
5
5
5
5
5
5
5
5
5
5
5
5
5
5
5
5
5
5
5
5
5
5
5
5
5
5
5
5
5
5
5
5
5
5
5
5
5
5
5
5
5
5
5
5
5
5
5
5
5
5
5
5
5
5
5
5
5
5
5
5
5
5
5
5
5
5
5
5
5
5
5
5
5
5
5
5
5
5
5
5
5
5
5
5
5
5
5
5
5
5
5
5
5
5
5
5
5
5
5
5
5
5
5
5
5
5
5
5
5
5
5
5
5
5
5
5
5
5
5
5
5
5
5
5
5
5
5
5
5
5
5
5
5
5
5
5
5
5
5
5
5
5
5
5
5
5
5
5
5
5
5
5
5
5
5
5
5
5
5
5
5
5
5
5
5
5
5
5
5
5
5
5
5
5
5
5
5
5
5
5
5
5
5
5
5
5
5
5
5
5
5
5
5
5
5
5
5
5
5
5
5
5
5
5
5
5
5
5
5
5
5
5
5
5
5
5
5
5
5
5
5
5
5
5
5
5
5
5
5
5
5
5
5
5
5
5
5
5
5
5
5
5
5
5
5
5
5
5
5
5
5
5
5
5
5
5
5
5
5
5
5
5
5
5
5
5
5
5
5
5
5
5
5
5
5
5
5
5
5
5
5
5
5
5
5
5
5
5
5
5
5
5
5
5
5
5
5
5
5
5
5
5
5
5
5
5
5
5
5
5
5
5
5
5
5
5
5
5
5
5
5
5
5
5
5
5
5
5
5
5
5
5
5
5
5
5
5
5
5
5
5
5
5
5
5
5
5
5
5
5
5
5
5
5
5
5
5
5
5
5
5
5
5
5
5
5
5
5
5
5
5
5
5
5
5
5
5
5
5
5
5
5
5
5
5
5
5
5
5
5
5
5
5
5
5
5
5
5
5
5
5
5
5
5
5
5
5
5
5
5
5
5
5
5
5
5
5
5
5
5
5
5
5
5
5
5
5
5
5
5
5
5
5
5
5
5
5
5
5
5
5
5
5
5
5
5
5
5
5
5
5
5
5
5
5
5
5
5
5
5
5
5
5
5
5
5
5
5
5
5
5
5
5
5
5
5
5
5
5
5
5
5
5
5
5
5
5
5
5
5
5
5
5
5
5
5
5
5
5
5
5
5
5
5
5
5
5
5
5
5
5
5
5
5
5
5
5
5
5
5
5
5
5
5
5
5
5
5
5
5
5
5
5
5
5
5
5
5
5
5
5
5
5
5
5
5
5
5
5
5
5
5
5
5
5
5
5
5
5
5
5
5
5
5
5
5
5
5
5
5
5
5
5
5
5
5
5
5
5
5
5
5
5
5
5
5
5
5
5
5
5
5
5
5
5
5
5
5
5
5
5
5
5
5
5
5
5
5
5
5
5
5
5
5
5
5
5
5
5
5
5
5
5
5
5
5
5
5
5
5
5
5
5
5
5
5
5
5
5
5
5
5
5
5
5
5
5
5
5
5
5
5
5
5
5
5
5
5
5
5
5
5
5
5
5
5
5
5
5
5
5
5
5
5
5
5
5
5
5
5
5
5
5
5
5
5
5
5
5
5
5
5
5
5
5
5
5
5
5
5
5
5
5
5
5
5
5
5
5
5
5
5
5
5
5
5
5
5
5
5
5
5
5
5
5
5
5
5
5
5
5
5
5
5
5
5
5
5
5
5
5
5
5
5
5
5
5
5
5
5
5
5
5
5
5
5
5
5
5
5
5
5
5
5
5
5
5
5
5
5
5
5
5
5
5
5
5
5
5
5
5
5
5
5
5
5
5
5
5
5
5
5
5
5
5
5
5
5
5
5
5
5
5
5
5
5
5
5
5
5
5
5
5
5
5
5
5
5
5
5
5
5
5
5
5
5
5
5
5
5
5
5
5
5
5
5
5
5
5
5
5
5
5
5
5
5
5
5
5
5
5
5
5
5
5
5
5
5
5
5
5
5
5
5
5
5
5
5
5
5
5
5
5
5
5
5
5
5
5
5
5
5
5
5
5
5
5
5
5
5
5
5
5
5
5
5
5
5
5
5
5
5
5
5
5
5
5
5
5
5
5
5
5
5
5
5
5
5
5
5
5
5
5
5
5
5
5
5
5
5
5
5
5
5
5
5
5
5
5
5
5
5
5
5
5
5
5
5
5
5
5
5
5
5
5
5
5
5
5
5
5
5
5
5
5
5
5
5
5
5
5
5
5
5
5
5
5
5
5
5
5
5
5
5
5
5
5
5
5
5
5
5
5
5
5
5
5
5
5
5
5
5
5
5
5
5
5
5
5
5
5
5
5
5
5
5
5
5
5
5
5
5
5
5
5
5
5
5
5
5
5
5
5
5
5
5
5
5
5
5
5
5
5
5
5
5
5
5
5
5
5
5
5
5
5
5
5
5
5
5
5
5
5
5
5
5
5
5
5
5
5
5
5
5
5
5
5
5
5
5
5
5
5
5
5
5
5
5
5
5
5
5
5
5
5
5
5
5
5
5
5
5
5
5
5
5
5
5
5
5
5
5
5
5
5
5
5
5
5
5
5
5
5
5
5
5
5
5
5
5
5
5
5
5
5
5
5
5
5
5
5
5
5
5
5
5
5
5
5
5
5
5
5
5
5
5
5
5
5
5
5
5
5
5
5
5
5
5
5
5
5
5
5
5
5
5
5
5
5
5
5
5
5
5
5
5
5
5
5
5
5
5
5
5
5
5
5
5
5
5
5
5
5
5
5
5
5
5
5
5
5
5
5
5
5
5
5
5
5
5
5
5
5
5
5
5
5
5
5
5
5
5
5
5
5
5
5
5
5
5
5
5
5
5
5
5
5
5
5
5
5
5
5
5
5
5
5
5
5
5
5
5
5
5
5
5
5
5
5
5
5
5
5
5
5
5
5
5
5
5
5
5
5
5
5
5
5
5
5
5
5
5
5
5
5
5
5
5
5
5
5
5
5
5
5
5
5
5
5
5
5
5
5
5
5
5
5
5
5
5
5
5
5
5
5
5
5
5
5
5
5
5
5
5
5
5
5
5
5
5
5
5
5
5
5
5
5
5
5
5
5
5
5
5
5
5
5
5
5
5
5
5
5
5
5
5
5
5
5
5
5
5
5
5
5
5
5
5
5
5
5
5
5
5
5
5
5
5
5
5
5
5
5
5
5
5
5
5
5
5
5
5
5
5
5
5
5
5
5
5
5
5
5
5
5
5
5
5
5
5
5
5
5
5
5
5
5
5
5
5
5
5
5
5
5
5
5
5
5
5
5
5
5
5
5
5
5
5
5
5
5
5
5
5
5
5
5
5
5
5
5
5
5
5
5
5
5
5
5
5
5
5
5
5
5
5
5
5
5
5
5
5
5
5
5
5
5
5
5
5
5
5
5
5
5
5
5
5
5
5
5
5
5
5
5
5
5
5
5
5
5
5
5
5
5
5
5
5
5
5
5
5
5
5
5
5
5
5
5
5
5
5
5
5
5
5
5
5
5
5
5
5
5
5
5
5
5
5
5
5
5
5
5
5
5
5
5
5
5
5
5
5
5
5
5
5
5
5
5
5
5
5
5
5
5
5
5
5
5
5
5
5
5
5
5
5
5
5
5
5
5
5
5
5
5
5
5
5
5
5
5
5
5
5
5
5
5
5
5
5
5
5
5
5
5
5
5
5
5
5
5
5
5
5
5
5
5
5
5
5
5
5
5
5
5
5
5
5
5
5
5
5
5
5
5
5
5
5
5
5
5
5
5
5
5
5
5
5
5
5
5
5
5
5
5
5
5
5
5
5
5
5
5
5
5
5
5
5
5
5
5
5
5
5
5
5
5
5
5
5
5
5
5
5
5
5
5
5
5
5
5
5
5
5
5
5
5
5
5
5
5
5
5
5
5
5
5
5
5
5
5
5
5
5
5
5
5
5
5
5
5
5
5
5
5
5
5
5
5
5
5
5
5
5
5
5
5
5
5
5
5
5
5
5
5
5
5
5
5
5
5
5
5
5
5
5
5
5
5
5
5
5
5
5
5
5
5
5
5
5
5
5
5
5
5
5
5
5
5
5
5
5
5
5
5
5
5
5
5
5
5
5
5
5
5
5
5
5
5
5
5
5
5
5
5
5
5
5
5
5
5
5
5
5
5
5
5
5
5
5
5
5
5
5
5
5
5
5
5
5
5
5
5
5
5
5
5
5
5
5
5
5
5
5
5
5
5
5
5
5
5
5
5
5
5
5
5
5
5
5
5
5
5
5
5
5
5
5
5
5
5
5
5
5
5
5
5
5
5
5
5
5
5
5
5
5
5
5
5
5
5
5
5
5
5
5
5
5
5
5
5
5
5
5
5
5
5
5
5
5
5
5
5
5
5
5
5
5
5
5
5
5
5
5
5
5
5
5
5
5
5
5
5
5
5
5
5
5
5
5
5
5
5
5
5
5
5
5
5
5
5
5
5
5
5
5
5
5
5
5
5
5
5
5
5
5
5
5
5
5
5
5
5
5
5
5
5
5
5
5
5
5
5
5
5
5
5
5
5
5
5
5
5
5
5
5
5
5
5
5
5
5
5
5
5
5
5
5
5
5
5
5
5
5
5
5
5
5
5
5
5
5
5
5
5
5
5
5
5
5
5
5
5
5
5
5
5
5
5
5
5
5
5
5
5
5
5
5
5
5
5
5
5
5
5
5
5
5
5
5
5
5
5
5
5
5
5
5
5
5
5
5
5
5
5
5
5
5
5
5
5
5
5
5
5
5
5
5
5
5
5
5
5
5
5
5
5
5
5
5
5
5
5
5
5
5
5
5
5
5
5
5
5
5
5
5
5
5
5
5
5
5
5
5
5
5
5
5
5
5
5
5
5
5
5
5
5
5
5
5
5
5
5
5
5
5
5
5
5
5
5
5
5
5
5
5
5
5
5
5
5
5
5
5
5
5
5
5
5
5
5
5
5
5
5
5
5
5
5
5
5
5
5
5
5
5
5
5
5
5
5
5
5
5
5
5
5
5
5
5
5
5
5
5
5
5
5
5
5
5
5
5
5
5
5
5
5
5
5
5
5
5
5
5
5
5
5
5
5
5
5
5
5
5
5
5
5
5
5
5
5
5
5
5
5
5
5
5
5
5
5
5
5
5
5
5
5
5
5
5
5
5
5
5
5
5
5
5
5
5
5
5
5
5
5
5
5
5
5
5
5
5
5
5
5
5
5
5
5
5
5
5
5
5
5
5
5
5
5
5
5
5
5
5
5
5
5
5
5
5
5
5
5
5
5
5
5
5
5
5
5
5
5
5
5
5
5
5
5
5
5
5
5
5
5
5
5
5
5
5
5
5
5
5
5
5
5
5
5
5
5
5
5
5
5
5
5
5
5
5
5
5
5
5
5
5
5
5
5
5
5
5
5
5
5
5
5
5
5
5
5
5
5
5
5
5
5
5
5
5
5
5
5
5
5
5
5
5
5
5
5
5
5
5
5
5
5
5
5
5
5
5
5
5
5
5
5
5
5
5
5
5
5
5
5
5
5
5
5
5
5
5
5
5
5
5
5
5
5
5
5
5
5
5
5
5
5
5
5
5
5
5
5
5
5
5
5
5
5
5
5
5
5
5
5
5
5
5
5
5
5
5
5
5
5
5
5
5
5
5
5
5
5
5
5
5
5
5
5
5
5
5
5
5
5
5
5
5
5
5
5
5
5
5
5
5
5
5
5
5
5
5
5
5
5
5
5
5
5
5
5
5
5
5
5
5
5
5
5
5
5
5
5
5
5
5
5
5
5
5
5
5
5
5
5
5
5
5
5
5
5
5
5
5
5
5
5
5
5
5
5
5
5
5
5
5
5
5
5
5
5
5
5
5
5
5
5
5
5
5
5
5
5
5
5
5
5
5
5
5
5
5
5
5
5
5
5
5
5
5
5
5
5
5
5
5
5
5
5
5
5
5
5
5
5
5
5
5
5
5
5
5
5
5
5
5
5
5
5
5
5
5
5
5
5
5
5
5
5
5
5
5
5
5
5
5
5
5
5
5
5
5
5
5
5
5
5
5
5
5
5
5
5
5
5
5
5
5
5
5
5
5
5
5
5
5
5
5
5
5
5
5
5
5
5
5
5
5
5
5
5
5
5
5
5
5
5
5
5
5
5
5
5
5
5
5
5
5
5
5
5
5
5
5
5
5
5
5
5
5
5
5
5
5
5
5
5
5
5
5
5
5
5
5
5
5
5
5
5
5
5
5
5
5
5
5
5
5
5
5
5
5
5
5
5
5
5
5
5
5
5
5
5
5
5
5
5
5
5
5
5
5
5
5
5
5
5
5
5
5
5
5
5
5
5
5
5
5
5
5
5
5
5
5
5
5
5
5
5
5
5
5
5
5
5
5
5
5
5
5
5
5
5
5
5
5
5
5
5
5
5
5
5
5
5
5
5
5
5
5
5
5
5
5
5
5
5
5
5
5
5
5
5
5
5
5
5
5
5
5
5
5
5
5
5
5
5
5
5
5
5
5
5
5
5
5
5
5
5
5
5
5
5
5
5
5
5
5
5
5
5
5
5
5
5
5
5
5
5
5
5
5
5
5
5
5
5
5
5
5
5
5
5
5
5
5
5
5
5
5
5
5
5
5
5
5
5
5
5
5
5
5
5
5
5
5
5
5
5
5
5
5
5
5
5
5
5
5
5
5
5
5
5
5
5
5
5
5
5
5
5
5
5
5
5
5
5
5
5
5
5
5
5
5
5
5
5
5
5
5
5
5
5
5
5
5
5
5
5
5
5
5
5
5
5
5
5
5
5
5
5
5
5
5
5
5
5
5
5
5
5
5
5
5
5
5
5
5
5
5
5
5
5
5
5
5
5
5
5
5
5
5
5
5
5
5
5
5
5
5
5
5
5
5
5
5
5
5
5
5
5
5
5
5
5
5
5
5
5
5
5
5
5
5
5
5
5
5
5
5
5
5
5
5
5
5
5
5
5
5
5
5
5
5
5
5
5
5
5
5
5
5
5
5
5
5
5
5
5
5
5
5
5
5
5
5
5
5
5
5
5
5
5
5
5
5
5
5
5
5
5
5
5
5
5
5
5
5
5
5
5
5
5
5
5
5
5
5
5
5
5
5
5
5
5
5
5
5
5
5
5
5
5
5
5
5
5
5
5
5
5
5
5
5
5
5
5
5
5
5
5
5
5
5
5
5
5
5
5
5
5
5
5
5
5
5
5
5
5
5
5
5
5
5
5
5
5
5
5
5
5
5
5
5
5
5
5
5
5
5
5
5
5
5
5
5
5
5
5
5
5
5
5
5
5
5
5
5
5
5
5
5
5
5
5
5
5
5
5
5
5
5
5
5
5
5
5
5
5
5
5
5
5
5
5
5
5
5
5
5
5
5
5
5
5
5
5
5
5
5
5
5
5
5
5
5
5
5
5
5
5
5
5
5
5
5
5
5
5
5
5
5
5
5
5
5
5
5
5
5
5
5
5
5
5
5
5
5
5
5
5
5
5
5
5
5
5
5
5
5
5
5
5
5
5
5
5
5
5
5
5
5
5
5
5
5
5
5
5
5
5
5
5
5
5
5
5
5
5
5
5
5
5
5
5
5
5
5
5
5
5
5
5
5
5
5
5
5
5
5
5
5
5
5
5
5
5
5
5
5
5
5
5
5
5
5
5
5
5
5
5
5
5
5
5
5
5
5
5
5
5
5
5
5
5
5
5
5
5
5
5
5
5
5
5
5
5
5
5
5
5
5
5
5
5
5
5
5
5
5
5
5
5
5
5
5
5
5
5
5
5
5
5
5
5
5
5
5
5
5
5
5
5
5
5
5
5
5
5
5
5
5
5
5
5
5
5
5
5
5
5
5
5
5
5
5
5
5
5
5
5
5
5
5
5
5
5
5
5
5
5
5
5
5
5
5
5
5
5
5
5
5
5
5
5
5
5
5
5
5
5
5
5
5
5
5
5
5
5
5
5
5
5
5
5
5
5
5
5
5
5
5
5
5
5
5
5
5
5
5
5
5
5
5
5
5
5
5
5
5
5
5
5
5
5
5
5
5
5
5
5
5
5
5
5
5
5
5
5
5
5
5
5
5
5
5
5
5
5
5
5
5
5
5
5
5
5
5
5
5
5
5
5
5
5
5
5
5
5
5
5
5
5
5
5
5
5
5
5
5
5
5
5
5
5
5
5
5
5
5
5
5
5
5
5
5
5
5
5
5
5
5
5
5
5
5
5
5
5
5
5
5
5
5
5
5
5
5
5
5
5
5
5
5
5
5
5
5
5
5
5
5
5
5
5
5
5
5
5
5
5
5
5
5
5
5
5
5
5
5
5
5
5
5
5
5
5
5
5
5
5
5
5
5
5
5
5
5
5
5
5
5
5
5
5
5
5
5
5
5
5
5
5
5
5
5
5
5
5
5
5
5
5
5
5
5
5
5
5
5
5
5
5
5
5
5
5
5
5
5
5
5
5
5
5
5
5
5
5
5
5
5
5
5
5
5
5
5
5
5
5
5
5
5
5
5
5
5
5
5
5
5
5
5
5
5
5
5
5
5
5
5
5
5
5
5
5
5
5
5
5
5
5
5
5
5
5
5
5
5
5
5
5
5
5
5
5
5
5
5
5
5
5
5
5
5
5
5
5
5
5
5
5
5
5
5
5
5
5
5
5
5
5
5
5
5
5
5
5
5
5
5
5
5
5
5
5
5
5
5
5
5
5
5
5
5
5
5
5
5
5
5
5
5
5
5
5
5
5
5
5
5
5
5
5
5
5
5
5
5
5
5
5
5
5
5
5
5
5
5
5
5
5
5
5
5
5
5
5
5
5
5
5
5
5
5
5
5
5
5
5
5
5
5
5
5
5
5
5
5
5
5
5
5
5
5
5
5
5
5
5
5
5
5
5
5
5
5
5
5
5
5
5
5
5
5
5
5
5
5
5
5
5
5
5
5
5
5
5
5
5
5
5
5
5
5
5
5
5
5
5
5
5
5
5
5
5
5
5
5
5
5
5
5
5
5
5
5
5
5
5
5
5
5
5
5
5
5
5
5
5
5
5
5
5
5
5
5
5
5
5
5
5
5
5
5
5
5
5
5
5
5
5
5
5
5
5
5
5
5
5
5
5
5
5
5
5
5
5
5
5
5
5
5
5
5
5
5
5
5
5
5
5
5
5
5
5
5
5
5
5
5
5
5
5
5
5
5
5
5
5
5
5
5
5
5
5
5
5
5
5
5
5
5
5
5
5
5
5
5
5
5
5
5
5
5
5
5
5
5
5
5
5
5
5
5
5
5
5
5
5
5
5
5
5
5
5
5
5
5
5
5
5
5
5
5
5
5
5
5
5
5
5
5
5
5
5
5
5
5
5
5
5
5
5
5
5
5
5
5
5
5
5
5
5
5
5
5
5
5
5
5
5
5
5
5
5
5
5
5
5
5
5
5
5
5
5
5
5
5
5
5
5
5
5
5
5
5
5
5
5
5
5
5
5
5
5
5
5
5
5
5
5
5
5
5
5
5
5
5
5
5
5
5
5
5
5
5
5
5
5
5
5
5
5
5
5
5
5
5
5
5
5
5
5
5
5
5
5
5
5
5
5
5
5
5
5
5
5
5
5
5
5
5
5
5
5
5
5
5
5
5
5
5
5
5
5
5
5
5
5
5
5
5
5
5
5
5
5
5
5
5
5
5
5
5
5
5
5
5
5
5
5
5
5
5
5
5
5
5
5
5
5
5
5
5
5
5
5
5
5
5
5
5
5
5
5
5
5
5
5
5
5
5
5
5
5
5
5
5
5
5
5
5
5
5
5
5
5
5
5
5
5
5
5
5
5
5
5
5
5
5
5
5
5
5
5
5
5
5
5
5
5
5
5
5
5
5
5
5
5
5
5
5
5
5
5
5
5
5
5
5
5
5
5
5
5
5
5
5
5
5
5
5
5
5
5
5
5
5
5
5
5
5
5
5
5
5
5
5
5
5
5
5
5
5
5
5
5
5
5
5
5
5
5
5
5
5
5
5
5
5
5
5
5
5
5
5
5
5
5
5
5
5
5
5
5
5
5
5
5
5
5
5
5
5
5
5
5
5
5
5
5
5
5
5
5
5
5
5
5
5
5
5
5
5
5
5
5
5
5
5
5
5
5
5
5
5
5
5
5
5
5
5
5
5
5
5
5
5
5
5
5
5
5
5
5
5
5
5
5
5
5
5
5
5
5
5
5
5
5
5
5
5
5
5
5
5
5
5
5
5
5
5
5
5
5
5
5
5
5
5
5
5
5
5
5
5
5
5
5
5
5
5
5
5
5
5
5
5
5
5
5
5
5
5
5
5
5
5
5
5
5
5
5
5
5
5
5
5
5
5
5
5
5
5
5
5
5
5
5
5
5
5
5
5
5
5
5
5
5
5
5
5
5
5
5
5
5
5
5
5
5
5
5
5
5
5
5
5
5
5
5
5
5
5
5
5
5
5
5
5
5
5
5
5
5
5
5
5
5
5
5
5
5
5
5
5
5
5
5
5
5
5
5
5
5
5
5
5
5
5
5
5
5
5
5
5
5
5
5
5
5
5
5
5
5
5
5
5
5
5
5
5
5
5
5
5
5
5
5
5
5
5
5
5
5
5
5
5
5
5
5
5
5
5
5
5
5
5
5
5
5
5
5
5
5
5
5
5
5
5
5
5
5
5
5
5
5
5
5
5
5
5
5
5
5
5
5
5
5
5
5
5
5
5
5
5
5
5
5
5
5
5
5
5
5
5
5
5
5
5
5
5
5
5
5
5
5
5
5
5
5
5
5
5
5
5
5
5
5
5
5
5
5
5
5
5
5
5
5
5
5
5
5
5
5
5
5
5
5
5
5
5
5
5
5
5
5
5
5
5
5
5
5
5
5
5
5
5
5
5
5
5
5
5
5
5
5
5
5
5
5
5
5
5
5
5
5
5
5
5
5
5
5
5
5
5
5
5
5
5
5
5
5
5
5
5
5
5
5
5
5
5
5
5
5
5
5
5
5
5
5
5
5
5
5
5
5
5
5
5
5
5
5
5
5
5
5
5
5
5
5
5
5
5
5
5
5
5
5
5
5
5
5
5
5
5
5
5
5
5
5
5
5
5
5
5
5
5
5
5
5
5
5
5
5
5
5
5
5
5
5
5
5
5
5
5
5
5
5
5
5
5
5
5
5
5
5
5
5
5
5
5
5
5
5
5
5
5
5
5
5
5
5
5
5
5
5
5
5
5
5
5
5
5
5
5
5
5
5
5
5
5
5
5
5
5
5
5
5
5
5
5
5
5
5
5
5
5
5
5
5
5
5
5
5
5
5
5
5
5
5
5
5
5
5
5
5
5
5
5
5
5
5
5
5
5
5
5
5
5
5
5
5
5
5
5
5
5
5
5
5
5
5
5
5
5
5
5
5
5
5
5
5
5
5
5
5
5
5
5
5
5
5
5
5
5
5
5
5
5
5
5
5
5
5
5
5
5
5
5
5
5
5
5
5
5
5
5
5
5
5
5
5
5
5
5
5
5
5
5
5
5
5
5
5
5
5
5
5
5
5
5
5
5
5
5
5
5
5
5
5
5
5
5
5
5
5
5
5
5
5
5
5
5
5
5
5
5
5
5
5
5
5
5
5
5
5
5
5
5
5
5
5
5
5
5
5
5
5
5
5
5
5
5
5
5
5
5
5
5
5
5
5
5
5
5
5
5
5
5
5
5
5
5
5
5
5
5
5
5
5
5
5
5
5
5
5
5
5
5
5
5
5
5
5
5
5
5
5
5
5
5
5
5
5
5
5
5
5
5
5
5
5
5
5
5
5
5
5
5
5
5
5
5
5
5
5
5
5
5
5
5
5
5
5
5
5
5
5
5
5
5
5
5
5
5
5
5
5
5
5
5
5
5
5
5
5
5
5
5
5
5
5
5
5
5
5
5
5
5
5
5
5
5
5
5
5
5
5
5
5
5
5
5
5
5
5
5
5
5
5
5
5
5
5
5
5
5
5
5
5
5
5
5
5
5
5
5
5
5
5
5
5
5
5
5
5
5
5
5
5
5
5
5
5
5
5
5
5
5
5
5
5
5
5
5
5
5
5
5
5
5
5
5
5
5
5
5
5
5
5
5
5
5
5
5
5
5
5
5
5
5
5
5
5
5
5
5
5
5
5
5
5
5
5
5
5
5
5
5
5
5
5
5
5
5
5
5
5
5
5
5
5
5
5
5
5
5
5
5
5
5
5
5
5
5
5
5
5
5
5
5
5
5
5
5
5
5
5
5
5
5
5
5
5
5
5
5
5
5
5
5
5
5
5
5
5
5
5
5
5
5
5
5
5
5
5
5
5
5
5
5
5
5
5
5
5
5
5
5
5
5
5
5
5
5
5
5
5
5
5
5
5
5
5
5
5
5
5
5
5
5
5
5
5
5
5
5
5
5
5
5
5
5
5
5
5
5
5
5
5
5
5
5
5
5
5
5
5
5
5
5
5
5
5
5
5
5
5
5
5
5
5
5
5
5
5
5
5
5
5
5
5
5
5
5
5
5
5
5
5
5
5
5
5
5
5
5
5
5
5
5
5
5
5
5
5
5
5
5
5
5
5
5
5
5
5
5
5
5
5
5
5
5
5
5
5
5
5
5
5
5
5
5
5
5
5
5
5
5
5
5
5
5
5
5
5
5
5
5
5
5
5
5
5
5
5
5
5
5
5
5
5
5
5
5
5
5
5
5
5
5
5
5
5
5
5
5
5
5
5
5
5
5
5
5
5
5
5
5
5
5
5
5
5
5
5
5
5
5
5
5
5
5
5
5
5
5
5
5
5
5
5
5
5
5
5
5
5
5
5
5
5
5
5
5
5
5
5
5
5
5
5
5
5
5
5
5
5
5
5
5
5
5
5
5
5
5
5
5
5
5
5
5
5
5
5
5
5
5
5
5
5
5
5
5
5
5
5
5
5
5
5
5
5
5
5
5
5
5
5
5
5
5
5
5
5
5
5
5
5
5
5
5
5
5
5
5
5
5
5
5
5
5
5
5
5
5
5
5
5
5
5
5
5
5
5
5
5
5
5
5
5
5
5
5
5
5
5
5
5
5
5
5
5
5
5
5
5
5
5
5
5
5
5
5
5
5
5
5
5
5
5
5
5
5
5
5
5
5
5
5
5
5
5
5
5
5
5
5
5
5
5
5
5
5
5
5
5
5
5
5
5
5
5
5
5
5
5
5
5
5
5
5
5
5
5
5
5
5
5
5
5
5
5
5
5
5
5
5
5
5
5
5
5
5
5
5
5
5
5
5
5
5
5
5
5
5
5
5
5
5
5
5
5
5
5
5
5
5
5
5
5
5
5
5
5
5
5
5
5
5
5
5
5
5
5
5
5
5
5
5
5
5
5
5
5
5
5
5
5
5
5
5
5
5
5
5
5
5
5
5
5
5
5
5
5
5
5
5
5
5
5
5
5
5
5
5
5
5
5
5
5
5
5
5
5
5
5
5
5
5
5
5
5
5
5
5
5
5
5
5
5
5
5
5
5
5
5
5
5
5
5
5
5
5
5
5
5
5
5
5
5
5
5
5
5
5
5
5
5
5
5
5
5
5
5
5
5
5
5
5
5
5
5
5
5
5
5
5
5
5
5
5
5
5
5
5
5
5
5
5
5
5
5
5
5
5
5
5
5
5
5
5
5
5
5
5
5
5
5
5
5
5
5
5
5
5
5
5
5
5
5
5
5
5
5
5
5
5
5
5
5
5
5
5
5
5
5
5
5
5
5
5
5
5
5
5
5
5
5
5
5
5
5
5
5
5
5
5
5
5
5
5
5
5
5
5
5
5
5
5
5
5
5
5
5
5
5
5
5
5
5
5
5
5
5
5
5
5
5
5
5
5
5
5
5
5
5
5
5
5
5
5
5
5
5
5
5
5
5
5
5
5
5
5
5
5
5
5
5
5
5
5
5
5
5
5
5
5
5
5
5
5
5
5
5
5
5
5
5
5
5
5
5
5
5
5
5
5
5
5
