solid 
 facet normal  9.996892e-01  2.493069e-02  0.000000e+00
   outer loop
     vertex  1.218483e+02  6.081198e+00 -4.090000e+01
     vertex  1.220000e+02  0.000000e+00  0.000000e+00
     vertex  1.220000e+02  0.000000e+00 -4.090000e+01
   endloop
 endfacet
 facet normal  9.996892e-01  2.493069e-02 -0.000000e+00
   outer loop
     vertex  1.218483e+02  6.081198e+00 -4.090000e+01
     vertex  1.218483e+02  6.081198e+00  0.000000e+00
     vertex  1.220000e+02  0.000000e+00  0.000000e+00
   endloop
 endfacet
 facet normal  9.972038e-01  7.473009e-02 -0.000000e+00
   outer loop
     vertex  1.213938e+02  1.214728e+01 -4.090000e+01
     vertex  1.213938e+02  1.214728e+01  0.000000e+00
     vertex  1.218483e+02  6.081198e+00  0.000000e+00
   endloop
 endfacet
 facet normal  9.972038e-01  7.473009e-02  0.000000e+00
   outer loop
     vertex  1.213938e+02  1.214728e+01 -4.090000e+01
     vertex  1.218483e+02  6.081198e+00  0.000000e+00
     vertex  1.218483e+02  6.081198e+00 -4.090000e+01
   endloop
 endfacet
 facet normal  9.922392e-01  1.243437e-01 -0.000000e+00
   outer loop
     vertex  1.206374e+02  1.818316e+01 -4.090000e+01
     vertex  1.206374e+02  1.818316e+01  0.000000e+00
     vertex  1.213938e+02  1.214728e+01  0.000000e+00
   endloop
 endfacet
 facet normal  9.848078e-01  1.736482e-01 -0.000000e+00
   outer loop
     vertex  1.206374e+02  1.818316e+01 -4.090000e+01
     vertex  1.195810e+02  2.417383e+01  0.000000e+00
     vertex  1.206374e+02  1.818316e+01  0.000000e+00
   endloop
 endfacet
 facet normal  9.922392e-01  1.243437e-01  0.000000e+00
   outer loop
     vertex  1.206374e+02  1.818316e+01 -4.090000e+01
     vertex  1.213938e+02  1.214728e+01  0.000000e+00
     vertex  1.213938e+02  1.214728e+01 -4.090000e+01
   endloop
 endfacet
 facet normal  9.848078e-01  1.736482e-01 -0.000000e+00
   outer loop
     vertex  1.195810e+02  2.417383e+01 -4.090000e+01
     vertex  1.195810e+02  2.417383e+01  0.000000e+00
     vertex  1.206374e+02  1.818316e+01 -4.090000e+01
   endloop
 endfacet
 facet normal  9.749279e-01  2.225209e-01 -0.000000e+00
   outer loop
     vertex  1.182274e+02  3.010440e+01 -4.090000e+01
     vertex  1.182274e+02  3.010440e+01  0.000000e+00
     vertex  1.195810e+02  2.417383e+01  0.000000e+00
   endloop
 endfacet
 facet normal  9.749279e-01  2.225209e-01  0.000000e+00
   outer loop
     vertex  1.182274e+02  3.010440e+01 -4.090000e+01
     vertex  1.195810e+02  2.417383e+01  0.000000e+00
     vertex  1.195810e+02  2.417383e+01 -4.090000e+01
   endloop
 endfacet
 facet normal  9.626242e-01  2.708405e-01 -0.000000e+00
   outer loop
     vertex  1.165799e+02  3.596013e+01 -4.090000e+01
     vertex  1.165799e+02  3.596013e+01  0.000000e+00
     vertex  1.182274e+02  3.010440e+01  0.000000e+00
   endloop
 endfacet
 facet normal  9.626242e-01  2.708405e-01  0.000000e+00
   outer loop
     vertex  1.165799e+02  3.596013e+01 -4.090000e+01
     vertex  1.182274e+02  3.010440e+01  0.000000e+00
     vertex  1.182274e+02  3.010440e+01 -4.090000e+01
   endloop
 endfacet
 facet normal  9.479273e-01  3.184867e-01 -0.000000e+00
   outer loop
     vertex  1.146425e+02  4.172646e+01 -4.090000e+01
     vertex  1.146425e+02  4.172646e+01  0.000000e+00
     vertex  1.165799e+02  3.596013e+01  0.000000e+00
   endloop
 endfacet
 facet normal  9.479273e-01  3.184867e-01  0.000000e+00
   outer loop
     vertex  1.146425e+02  4.172646e+01 -4.090000e+01
     vertex  1.165799e+02  3.596013e+01  0.000000e+00
     vertex  1.165799e+02  3.596013e+01 -4.090000e+01
   endloop
 endfacet
 facet normal  9.308737e-01  3.653410e-01 -0.000000e+00
   outer loop
     vertex  1.124201e+02  4.738905e+01 -4.090000e+01
     vertex  1.124201e+02  4.738905e+01  0.000000e+00
     vertex  1.146425e+02  4.172646e+01  0.000000e+00
   endloop
 endfacet
 facet normal  9.115059e-01  4.112871e-01 -0.000000e+00
   outer loop
     vertex  1.124201e+02  4.738905e+01 -4.090000e+01
     vertex  1.099182e+02  5.293382e+01  0.000000e+00
     vertex  1.124201e+02  4.738905e+01  0.000000e+00
   endloop
 endfacet
 facet normal  9.308737e-01  3.653410e-01  0.000000e+00
   outer loop
     vertex  1.124201e+02  4.738905e+01 -4.090000e+01
     vertex  1.146425e+02  4.172646e+01  0.000000e+00
     vertex  1.146425e+02  4.172646e+01 -4.090000e+01
   endloop
 endfacet
 facet normal  9.115059e-01  4.112871e-01 -0.000000e+00
   outer loop
     vertex  1.099182e+02  5.293382e+01 -4.090000e+01
     vertex  1.099182e+02  5.293382e+01  0.000000e+00
     vertex  1.124201e+02  4.738905e+01 -4.090000e+01
   endloop
 endfacet
 facet normal  8.898718e-01  4.562107e-01 -0.000000e+00
   outer loop
     vertex  1.071430e+02  5.834699e+01 -4.090000e+01
     vertex  1.071430e+02  5.834699e+01  0.000000e+00
     vertex  1.099182e+02  5.293382e+01  0.000000e+00
   endloop
 endfacet
 facet normal  8.660254e-01  5.000000e-01 -0.000000e+00
   outer loop
     vertex  1.071430e+02  5.834699e+01 -4.090000e+01
     vertex  1.041015e+02  6.361509e+01  0.000000e+00
     vertex  1.071430e+02  5.834699e+01  0.000000e+00
   endloop
 endfacet
 facet normal  8.898718e-01  4.562107e-01  0.000000e+00
   outer loop
     vertex  1.071430e+02  5.834699e+01 -4.090000e+01
     vertex  1.099182e+02  5.293382e+01  0.000000e+00
     vertex  1.099182e+02  5.293382e+01 -4.090000e+01
   endloop
 endfacet
 facet normal  8.660254e-01  5.000000e-01 -0.000000e+00
   outer loop
     vertex  1.041015e+02  6.361509e+01 -4.090000e+01
     vertex  1.041015e+02  6.361509e+01  0.000000e+00
     vertex  1.071430e+02  5.834699e+01 -4.090000e+01
   endloop
 endfacet
 facet normal  8.400259e-01  5.425463e-01 -0.000000e+00
   outer loop
     vertex  1.041015e+02  6.361509e+01 -4.090000e+01
     vertex  1.008011e+02  6.872505e+01  0.000000e+00
     vertex  1.041015e+02  6.361509e+01  0.000000e+00
   endloop
 endfacet
 facet normal  8.400259e-01  5.425463e-01 -0.000000e+00
   outer loop
     vertex  1.008011e+02  6.872505e+01 -4.090000e+01
     vertex  1.008011e+02  6.872505e+01  0.000000e+00
     vertex  1.041015e+02  6.361509e+01 -4.090000e+01
   endloop
 endfacet
 facet normal  8.119380e-01  5.837437e-01 -0.000000e+00
   outer loop
     vertex  1.008011e+02  6.872505e+01 -4.090000e+01
     vertex  9.725017e+01  7.366414e+01  0.000000e+00
     vertex  1.008011e+02  6.872505e+01  0.000000e+00
   endloop
 endfacet
 facet normal  8.119380e-01  5.837437e-01 -0.000000e+00
   outer loop
     vertex  9.725017e+01  7.366414e+01 -4.090000e+01
     vertex  9.725017e+01  7.366414e+01  0.000000e+00
     vertex  1.008011e+02  6.872505e+01 -4.090000e+01
   endloop
 endfacet
 facet normal  7.818315e-01  6.234898e-01  0.000000e+00
   outer loop
     vertex  9.345742e+01  7.842009e+01 -4.090000e+01
     vertex  9.725017e+01  7.366414e+01  0.000000e+00
     vertex  9.725017e+01  7.366414e+01 -4.090000e+01
   endloop
 endfacet
 facet normal  7.818315e-01  6.234898e-01 -0.000000e+00
   outer loop
     vertex  9.345742e+01  7.842009e+01 -4.090000e+01
     vertex  9.345742e+01  7.842009e+01  0.000000e+00
     vertex  9.725017e+01  7.366414e+01  0.000000e+00
   endloop
 endfacet
 facet normal  7.497812e-01  6.616858e-01 -0.000000e+00
   outer loop
     vertex  8.943233e+01  8.298107e+01 -4.090000e+01
     vertex  8.943233e+01  8.298107e+01  0.000000e+00
     vertex  9.345742e+01  7.842009e+01  0.000000e+00
   endloop
 endfacet
 facet normal  7.497812e-01  6.616858e-01  0.000000e+00
   outer loop
     vertex  8.943233e+01  8.298107e+01 -4.090000e+01
     vertex  9.345742e+01  7.842009e+01  0.000000e+00
     vertex  9.345742e+01  7.842009e+01 -4.090000e+01
   endloop
 endfacet
 facet normal  7.158668e-01  6.982368e-01 -0.000000e+00
   outer loop
     vertex  8.518489e+01  8.733576e+01 -4.090000e+01
     vertex  8.518489e+01  8.733576e+01  0.000000e+00
     vertex  8.943233e+01  8.298107e+01  0.000000e+00
   endloop
 endfacet
 facet normal  6.801727e-01  7.330519e-01 -0.000000e+00
   outer loop
     vertex  8.518489e+01  8.733576e+01 -4.090000e+01
     vertex  8.072567e+01  9.147331e+01  0.000000e+00
     vertex  8.518489e+01  8.733576e+01  0.000000e+00
   endloop
 endfacet
 facet normal  7.158668e-01  6.982368e-01  0.000000e+00
   outer loop
     vertex  8.518489e+01  8.733576e+01 -4.090000e+01
     vertex  8.943233e+01  8.298107e+01  0.000000e+00
     vertex  8.943233e+01  8.298107e+01 -4.090000e+01
   endloop
 endfacet
 facet normal  6.427876e-01  7.660444e-01 -0.000000e+00
   outer loop
     vertex  8.072567e+01  9.147331e+01 -4.090000e+01
     vertex  7.606576e+01  9.538344e+01  0.000000e+00
     vertex  8.072567e+01  9.147331e+01  0.000000e+00
   endloop
 endfacet
 facet normal  6.801727e-01  7.330519e-01 -0.000000e+00
   outer loop
     vertex  8.072567e+01  9.147331e+01 -4.090000e+01
     vertex  8.072567e+01  9.147331e+01  0.000000e+00
     vertex  8.518489e+01  8.733576e+01 -4.090000e+01
   endloop
 endfacet
 facet normal  6.038044e-01  7.971325e-01 -0.000000e+00
   outer loop
     vertex  7.606576e+01  9.538344e+01 -4.090000e+01
     vertex  7.121673e+01  9.905644e+01  0.000000e+00
     vertex  7.606576e+01  9.538344e+01  0.000000e+00
   endloop
 endfacet
 facet normal  6.427876e-01  7.660444e-01 -0.000000e+00
   outer loop
     vertex  7.606576e+01  9.538344e+01 -4.090000e+01
     vertex  7.606576e+01  9.538344e+01  0.000000e+00
     vertex  8.072567e+01  9.147331e+01 -4.090000e+01
   endloop
 endfacet
 facet normal  6.038044e-01  7.971325e-01 -0.000000e+00
   outer loop
     vertex  7.121673e+01  9.905644e+01 -4.090000e+01
     vertex  7.121673e+01  9.905644e+01  0.000000e+00
     vertex  7.606576e+01  9.538344e+01 -4.090000e+01
   endloop
 endfacet
 facet normal  5.633201e-01  8.262388e-01 -0.000000e+00
   outer loop
     vertex  6.619064e+01  1.024832e+02 -4.090000e+01
     vertex  6.619064e+01  1.024832e+02  0.000000e+00
     vertex  7.121673e+01  9.905644e+01  0.000000e+00
   endloop
 endfacet
 facet normal  5.214352e-01  8.532909e-01 -0.000000e+00
   outer loop
     vertex  6.619064e+01  1.024832e+02 -4.090000e+01
     vertex  6.100000e+01  1.056551e+02  0.000000e+00
     vertex  6.619064e+01  1.024832e+02  0.000000e+00
   endloop
 endfacet
 facet normal  5.633201e-01  8.262388e-01  0.000000e+00
   outer loop
     vertex  6.619064e+01  1.024832e+02 -4.090000e+01
     vertex  7.121673e+01  9.905644e+01  0.000000e+00
     vertex  7.121673e+01  9.905644e+01 -4.090000e+01
   endloop
 endfacet
 facet normal  5.214352e-01  8.532909e-01 -0.000000e+00
   outer loop
     vertex  6.100000e+01  1.056551e+02 -4.090000e+01
     vertex  6.100000e+01  1.056551e+02  0.000000e+00
     vertex  6.619064e+01  1.024832e+02 -4.090000e+01
   endloop
 endfacet
 facet normal  4.782540e-01  8.782216e-01 -0.000000e+00
   outer loop
     vertex  5.565770e+01  1.085644e+02 -4.090000e+01
     vertex  5.565770e+01  1.085644e+02  0.000000e+00
     vertex  6.100000e+01  1.056551e+02  0.000000e+00
   endloop
 endfacet
 facet normal  4.782540e-01  8.782216e-01  0.000000e+00
   outer loop
     vertex  5.565770e+01  1.085644e+02 -4.090000e+01
     vertex  6.100000e+01  1.056551e+02  0.000000e+00
     vertex  6.100000e+01  1.056551e+02 -4.090000e+01
   endloop
 endfacet
 facet normal  4.338837e-01  9.009689e-01 -0.000000e+00
   outer loop
     vertex  5.017703e+01  1.112037e+02 -4.090000e+01
     vertex  5.017703e+01  1.112037e+02  0.000000e+00
     vertex  5.565770e+01  1.085644e+02  0.000000e+00
   endloop
 endfacet
 facet normal  3.884348e-01  9.214762e-01 -0.000000e+00
   outer loop
     vertex  5.017703e+01  1.112037e+02 -4.090000e+01
     vertex  4.457160e+01  1.135666e+02  0.000000e+00
     vertex  5.017703e+01  1.112037e+02  0.000000e+00
   endloop
 endfacet
 facet normal  4.338837e-01  9.009689e-01  0.000000e+00
   outer loop
     vertex  5.017703e+01  1.112037e+02 -4.090000e+01
     vertex  5.565770e+01  1.085644e+02  0.000000e+00
     vertex  5.565770e+01  1.085644e+02 -4.090000e+01
   endloop
 endfacet
 facet normal  3.884348e-01  9.214762e-01 -0.000000e+00
   outer loop
     vertex  4.457160e+01  1.135666e+02 -4.090000e+01
     vertex  4.457160e+01  1.135666e+02  0.000000e+00
     vertex  5.017703e+01  1.112037e+02 -4.090000e+01
   endloop
 endfacet
 facet normal  3.420201e-01  9.396926e-01 -0.000000e+00
   outer loop
     vertex  3.885537e+01  1.156471e+02 -4.090000e+01
     vertex  3.885537e+01  1.156471e+02  0.000000e+00
     vertex  4.457160e+01  1.135666e+02  0.000000e+00
   endloop
 endfacet
 facet normal  3.420201e-01  9.396926e-01  0.000000e+00
   outer loop
     vertex  3.885537e+01  1.156471e+02 -4.090000e+01
     vertex  4.457160e+01  1.135666e+02  0.000000e+00
     vertex  4.457160e+01  1.135666e+02 -4.090000e+01
   endloop
 endfacet
 facet normal  2.947552e-01  9.555728e-01 -0.000000e+00
   outer loop
     vertex  3.304254e+01  1.174402e+02 -4.090000e+01
     vertex  3.304254e+01  1.174402e+02  0.000000e+00
     vertex  3.885537e+01  1.156471e+02  0.000000e+00
   endloop
 endfacet
 facet normal  2.947552e-01  9.555728e-01  0.000000e+00
   outer loop
     vertex  3.304254e+01  1.174402e+02 -4.090000e+01
     vertex  3.885537e+01  1.156471e+02  0.000000e+00
     vertex  3.885537e+01  1.156471e+02 -4.090000e+01
   endloop
 endfacet
 facet normal  2.467574e-01  9.690773e-01 -0.000000e+00
   outer loop
     vertex  2.714755e+01  1.189412e+02 -4.090000e+01
     vertex  2.714755e+01  1.189412e+02  0.000000e+00
     vertex  3.304254e+01  1.174402e+02  0.000000e+00
   endloop
 endfacet
 facet normal  1.981461e-01  9.801725e-01 -0.000000e+00
   outer loop
     vertex  2.714755e+01  1.189412e+02 -4.090000e+01
     vertex  2.118508e+01  1.201465e+02  0.000000e+00
     vertex  2.714755e+01  1.189412e+02  0.000000e+00
   endloop
 endfacet
 facet normal  2.467574e-01  9.690773e-01  0.000000e+00
   outer loop
     vertex  2.714755e+01  1.189412e+02 -4.090000e+01
     vertex  3.304254e+01  1.174402e+02  0.000000e+00
     vertex  3.304254e+01  1.174402e+02 -4.090000e+01
   endloop
 endfacet
 facet normal  1.490423e-01  9.888308e-01 -0.000000e+00
   outer loop
     vertex  2.118508e+01  1.201465e+02 -4.090000e+01
     vertex  1.516993e+01  1.210532e+02  0.000000e+00
     vertex  2.118508e+01  1.201465e+02  0.000000e+00
   endloop
 endfacet
 facet normal  1.981461e-01  9.801725e-01 -0.000000e+00
   outer loop
     vertex  2.118508e+01  1.201465e+02 -4.090000e+01
     vertex  2.118508e+01  1.201465e+02  0.000000e+00
     vertex  2.714755e+01  1.189412e+02 -4.090000e+01
   endloop
 endfacet
 facet normal  1.490423e-01  9.888308e-01 -0.000000e+00
   outer loop
     vertex  1.516993e+01  1.210532e+02 -4.090000e+01
     vertex  1.516993e+01  1.210532e+02  0.000000e+00
     vertex  2.118508e+01  1.201465e+02 -4.090000e+01
   endloop
 endfacet
 facet normal  9.956785e-02  9.950308e-01 -0.000000e+00
   outer loop
     vertex  9.117071e+00  1.216589e+02 -4.090000e+01
     vertex  9.117071e+00  1.216589e+02  0.000000e+00
     vertex  1.516993e+01  1.210532e+02  0.000000e+00
   endloop
 endfacet
 facet normal  9.956785e-02  9.950308e-01  0.000000e+00
   outer loop
     vertex  9.117071e+00  1.216589e+02 -4.090000e+01
     vertex  1.516993e+01  1.210532e+02  0.000000e+00
     vertex  1.516993e+01  1.210532e+02 -4.090000e+01
   endloop
 endfacet
 facet normal  4.984589e-02  9.987569e-01 -0.000000e+00
   outer loop
     vertex  3.041544e+00  1.219621e+02 -4.090000e+01
     vertex  3.041544e+00  1.219621e+02  0.000000e+00
     vertex  9.117071e+00  1.216589e+02  0.000000e+00
   endloop
 endfacet
 facet normal  4.984589e-02  9.987569e-01  0.000000e+00
   outer loop
     vertex  3.041544e+00  1.219621e+02 -4.090000e+01
     vertex  9.117071e+00  1.216589e+02  0.000000e+00
     vertex  9.117071e+00  1.216589e+02 -4.090000e+01
   endloop
 endfacet
 facet normal  0.000000e+00  1.000000e+00  0.000000e+00
   outer loop
     vertex -3.041544e+00  1.219621e+02 -4.090000e+01
     vertex -3.041544e+00  1.219621e+02  0.000000e+00
     vertex  3.041544e+00  1.219621e+02  0.000000e+00
   endloop
 endfacet
 facet normal  0.000000e+00  1.000000e+00  0.000000e+00
   outer loop
     vertex -3.041544e+00  1.219621e+02 -4.090000e+01
     vertex  3.041544e+00  1.219621e+02  0.000000e+00
     vertex  3.041544e+00  1.219621e+02 -4.090000e+01
   endloop
 endfacet
 facet normal -4.984589e-02  9.987569e-01  0.000000e+00
   outer loop
     vertex -9.117071e+00  1.216589e+02 -4.090000e+01
     vertex -9.117071e+00  1.216589e+02  0.000000e+00
     vertex -3.041544e+00  1.219621e+02  0.000000e+00
   endloop
 endfacet
 facet normal -4.984589e-02  9.987569e-01  0.000000e+00
   outer loop
     vertex -9.117071e+00  1.216589e+02 -4.090000e+01
     vertex -3.041544e+00  1.219621e+02  0.000000e+00
     vertex -3.041544e+00  1.219621e+02 -4.090000e+01
   endloop
 endfacet
 facet normal -9.956785e-02  9.950308e-01  0.000000e+00
   outer loop
     vertex -1.516993e+01  1.210532e+02 -4.090000e+01
     vertex -1.516993e+01  1.210532e+02  0.000000e+00
     vertex -9.117071e+00  1.216589e+02  0.000000e+00
   endloop
 endfacet
 facet normal -9.956785e-02  9.950308e-01  0.000000e+00
   outer loop
     vertex -1.516993e+01  1.210532e+02 -4.090000e+01
     vertex -9.117071e+00  1.216589e+02  0.000000e+00
     vertex -9.117071e+00  1.216589e+02 -4.090000e+01
   endloop
 endfacet
 facet normal -1.490423e-01  9.888308e-01  0.000000e+00
   outer loop
     vertex -2.118508e+01  1.201465e+02 -4.090000e+01
     vertex -2.118508e+01  1.201465e+02  0.000000e+00
     vertex -1.516993e+01  1.210532e+02  0.000000e+00
   endloop
 endfacet
 facet normal -1.490423e-01  9.888308e-01  0.000000e+00
   outer loop
     vertex -2.118508e+01  1.201465e+02 -4.090000e+01
     vertex -1.516993e+01  1.210532e+02  0.000000e+00
     vertex -1.516993e+01  1.210532e+02 -4.090000e+01
   endloop
 endfacet
 facet normal -1.981461e-01  9.801725e-01  0.000000e+00
   outer loop
     vertex -2.714755e+01  1.189412e+02 -4.090000e+01
     vertex -2.714755e+01  1.189412e+02  0.000000e+00
     vertex -2.118508e+01  1.201465e+02  0.000000e+00
   endloop
 endfacet
 facet normal -1.981461e-01  9.801725e-01  0.000000e+00
   outer loop
     vertex -2.714755e+01  1.189412e+02 -4.090000e+01
     vertex -2.118508e+01  1.201465e+02  0.000000e+00
     vertex -2.118508e+01  1.201465e+02 -4.090000e+01
   endloop
 endfacet
 facet normal -2.467574e-01  9.690773e-01  0.000000e+00
   outer loop
     vertex -3.304254e+01  1.174402e+02 -4.090000e+01
     vertex -2.714755e+01  1.189412e+02  0.000000e+00
     vertex -2.714755e+01  1.189412e+02 -4.090000e+01
   endloop
 endfacet
 facet normal -2.467574e-01  9.690773e-01  0.000000e+00
   outer loop
     vertex -3.304254e+01  1.174402e+02 -4.090000e+01
     vertex -3.304254e+01  1.174402e+02  0.000000e+00
     vertex -2.714755e+01  1.189412e+02  0.000000e+00
   endloop
 endfacet
 facet normal -2.947552e-01  9.555728e-01  0.000000e+00
   outer loop
     vertex -3.885537e+01  1.156471e+02 -4.090000e+01
     vertex -3.304254e+01  1.174402e+02  0.000000e+00
     vertex -3.304254e+01  1.174402e+02 -4.090000e+01
   endloop
 endfacet
 facet normal -2.947552e-01  9.555728e-01  0.000000e+00
   outer loop
     vertex -3.885537e+01  1.156471e+02 -4.090000e+01
     vertex -3.885537e+01  1.156471e+02  0.000000e+00
     vertex -3.304254e+01  1.174402e+02  0.000000e+00
   endloop
 endfacet
 facet normal -3.420201e-01  9.396926e-01  0.000000e+00
   outer loop
     vertex -4.457160e+01  1.135666e+02 -4.090000e+01
     vertex -3.885537e+01  1.156471e+02  0.000000e+00
     vertex -3.885537e+01  1.156471e+02 -4.090000e+01
   endloop
 endfacet
 facet normal -3.420201e-01  9.396926e-01  0.000000e+00
   outer loop
     vertex -4.457160e+01  1.135666e+02 -4.090000e+01
     vertex -4.457160e+01  1.135666e+02  0.000000e+00
     vertex -3.885537e+01  1.156471e+02  0.000000e+00
   endloop
 endfacet
 facet normal -3.884348e-01  9.214762e-01  0.000000e+00
   outer loop
     vertex -5.017703e+01  1.112037e+02 -4.090000e+01
     vertex -4.457160e+01  1.135666e+02  0.000000e+00
     vertex -4.457160e+01  1.135666e+02 -4.090000e+01
   endloop
 endfacet
 facet normal -3.884348e-01  9.214762e-01  0.000000e+00
   outer loop
     vertex -5.017703e+01  1.112037e+02 -4.090000e+01
     vertex -5.017703e+01  1.112037e+02  0.000000e+00
     vertex -4.457160e+01  1.135666e+02  0.000000e+00
   endloop
 endfacet
 facet normal -4.338837e-01  9.009689e-01  0.000000e+00
   outer loop
     vertex -5.565770e+01  1.085644e+02 -4.090000e+01
     vertex -5.017703e+01  1.112037e+02  0.000000e+00
     vertex -5.017703e+01  1.112037e+02 -4.090000e+01
   endloop
 endfacet
 facet normal -4.338837e-01  9.009689e-01  0.000000e+00
   outer loop
     vertex -5.565770e+01  1.085644e+02 -4.090000e+01
     vertex -5.565770e+01  1.085644e+02  0.000000e+00
     vertex -5.017703e+01  1.112037e+02  0.000000e+00
   endloop
 endfacet
 facet normal -4.782540e-01  8.782216e-01  0.000000e+00
   outer loop
     vertex -6.100000e+01  1.056551e+02 -4.090000e+01
     vertex -5.565770e+01  1.085644e+02  0.000000e+00
     vertex -5.565770e+01  1.085644e+02 -4.090000e+01
   endloop
 endfacet
 facet normal -4.782540e-01  8.782216e-01  0.000000e+00
   outer loop
     vertex -6.100000e+01  1.056551e+02 -4.090000e+01
     vertex -6.100000e+01  1.056551e+02  0.000000e+00
     vertex -5.565770e+01  1.085644e+02  0.000000e+00
   endloop
 endfacet
 facet normal -5.214352e-01  8.532909e-01  0.000000e+00
   outer loop
     vertex -6.619064e+01  1.024832e+02 -4.090000e+01
     vertex -6.100000e+01  1.056551e+02  0.000000e+00
     vertex -6.100000e+01  1.056551e+02 -4.090000e+01
   endloop
 endfacet
 facet normal -5.214352e-01  8.532909e-01  0.000000e+00
   outer loop
     vertex -6.619064e+01  1.024832e+02 -4.090000e+01
     vertex -6.619064e+01  1.024832e+02  0.000000e+00
     vertex -6.100000e+01  1.056551e+02  0.000000e+00
   endloop
 endfacet
 facet normal -5.633201e-01  8.262388e-01  0.000000e+00
   outer loop
     vertex -7.121673e+01  9.905644e+01 -4.090000e+01
     vertex -6.619064e+01  1.024832e+02  0.000000e+00
     vertex -6.619064e+01  1.024832e+02 -4.090000e+01
   endloop
 endfacet
 facet normal -5.633201e-01  8.262388e-01  0.000000e+00
   outer loop
     vertex -7.121673e+01  9.905644e+01 -4.090000e+01
     vertex -7.121673e+01  9.905644e+01  0.000000e+00
     vertex -6.619064e+01  1.024832e+02  0.000000e+00
   endloop
 endfacet
 facet normal -6.038044e-01  7.971325e-01  0.000000e+00
   outer loop
     vertex -7.606576e+01  9.538344e+01 -4.090000e+01
     vertex -7.121673e+01  9.905644e+01  0.000000e+00
     vertex -7.121673e+01  9.905644e+01 -4.090000e+01
   endloop
 endfacet
 facet normal -6.038044e-01  7.971325e-01  0.000000e+00
   outer loop
     vertex -7.606576e+01  9.538344e+01 -4.090000e+01
     vertex -7.606576e+01  9.538344e+01  0.000000e+00
     vertex -7.121673e+01  9.905644e+01  0.000000e+00
   endloop
 endfacet
 facet normal -6.427876e-01  7.660444e-01  0.000000e+00
   outer loop
     vertex -8.072567e+01  9.147331e+01 -4.090000e+01
     vertex -7.606576e+01  9.538344e+01  0.000000e+00
     vertex -7.606576e+01  9.538344e+01 -4.090000e+01
   endloop
 endfacet
 facet normal -6.427876e-01  7.660444e-01  0.000000e+00
   outer loop
     vertex -8.072567e+01  9.147331e+01 -4.090000e+01
     vertex -8.072567e+01  9.147331e+01  0.000000e+00
     vertex -7.606576e+01  9.538344e+01  0.000000e+00
   endloop
 endfacet
 facet normal -6.801727e-01  7.330519e-01  0.000000e+00
   outer loop
     vertex -8.518489e+01  8.733576e+01 -4.090000e+01
     vertex -8.072567e+01  9.147331e+01  0.000000e+00
     vertex -8.072567e+01  9.147331e+01 -4.090000e+01
   endloop
 endfacet
 facet normal -6.801727e-01  7.330519e-01  0.000000e+00
   outer loop
     vertex -8.518489e+01  8.733576e+01 -4.090000e+01
     vertex -8.518489e+01  8.733576e+01  0.000000e+00
     vertex -8.072567e+01  9.147331e+01  0.000000e+00
   endloop
 endfacet
 facet normal -7.158668e-01  6.982368e-01  0.000000e+00
   outer loop
     vertex -8.943233e+01  8.298107e+01 -4.090000e+01
     vertex -8.518489e+01  8.733576e+01  0.000000e+00
     vertex -8.518489e+01  8.733576e+01 -4.090000e+01
   endloop
 endfacet
 facet normal -7.158668e-01  6.982368e-01  0.000000e+00
   outer loop
     vertex -8.943233e+01  8.298107e+01 -4.090000e+01
     vertex -8.943233e+01  8.298107e+01  0.000000e+00
     vertex -8.518489e+01  8.733576e+01  0.000000e+00
   endloop
 endfacet
 facet normal -7.497812e-01  6.616858e-01  0.000000e+00
   outer loop
     vertex -9.345742e+01  7.842009e+01 -4.090000e+01
     vertex -9.345742e+01  7.842009e+01  0.000000e+00
     vertex -8.943233e+01  8.298107e+01  0.000000e+00
   endloop
 endfacet
 facet normal -7.497812e-01  6.616858e-01  0.000000e+00
   outer loop
     vertex -9.345742e+01  7.842009e+01 -4.090000e+01
     vertex -8.943233e+01  8.298107e+01  0.000000e+00
     vertex -8.943233e+01  8.298107e+01 -4.090000e+01
   endloop
 endfacet
 facet normal -7.818315e-01  6.234898e-01  0.000000e+00
   outer loop
     vertex -9.725017e+01  7.366414e+01 -4.090000e+01
     vertex -9.725017e+01  7.366414e+01  0.000000e+00
     vertex -9.345742e+01  7.842009e+01  0.000000e+00
   endloop
 endfacet
 facet normal -7.818315e-01  6.234898e-01  0.000000e+00
   outer loop
     vertex -9.725017e+01  7.366414e+01 -4.090000e+01
     vertex -9.345742e+01  7.842009e+01  0.000000e+00
     vertex -9.345742e+01  7.842009e+01 -4.090000e+01
   endloop
 endfacet
 facet normal -8.119380e-01  5.837437e-01  0.000000e+00
   outer loop
     vertex -1.008011e+02  6.872505e+01 -4.090000e+01
     vertex -1.008011e+02  6.872505e+01  0.000000e+00
     vertex -9.725017e+01  7.366414e+01  0.000000e+00
   endloop
 endfacet
 facet normal -8.119380e-01  5.837437e-01  0.000000e+00
   outer loop
     vertex -1.008011e+02  6.872505e+01 -4.090000e+01
     vertex -9.725017e+01  7.366414e+01  0.000000e+00
     vertex -9.725017e+01  7.366414e+01 -4.090000e+01
   endloop
 endfacet
 facet normal -8.400259e-01  5.425463e-01  0.000000e+00
   outer loop
     vertex -1.041015e+02  6.361509e+01 -4.090000e+01
     vertex -1.041015e+02  6.361509e+01  0.000000e+00
     vertex -1.008011e+02  6.872505e+01  0.000000e+00
   endloop
 endfacet
 facet normal -8.400259e-01  5.425463e-01  0.000000e+00
   outer loop
     vertex -1.041015e+02  6.361509e+01 -4.090000e+01
     vertex -1.008011e+02  6.872505e+01  0.000000e+00
     vertex -1.008011e+02  6.872505e+01 -4.090000e+01
   endloop
 endfacet
 facet normal -8.660254e-01  5.000000e-01  0.000000e+00
   outer loop
     vertex -1.071430e+02  5.834699e+01 -4.090000e+01
     vertex -1.071430e+02  5.834699e+01  0.000000e+00
     vertex -1.041015e+02  6.361509e+01  0.000000e+00
   endloop
 endfacet
 facet normal -8.660254e-01  5.000000e-01  0.000000e+00
   outer loop
     vertex -1.071430e+02  5.834699e+01 -4.090000e+01
     vertex -1.041015e+02  6.361509e+01  0.000000e+00
     vertex -1.041015e+02  6.361509e+01 -4.090000e+01
   endloop
 endfacet
 facet normal -8.898718e-01  4.562107e-01  0.000000e+00
   outer loop
     vertex -1.099182e+02  5.293382e+01 -4.090000e+01
     vertex -1.099182e+02  5.293382e+01  0.000000e+00
     vertex -1.071430e+02  5.834699e+01  0.000000e+00
   endloop
 endfacet
 facet normal -8.898718e-01  4.562107e-01  0.000000e+00
   outer loop
     vertex -1.099182e+02  5.293382e+01 -4.090000e+01
     vertex -1.071430e+02  5.834699e+01  0.000000e+00
     vertex -1.071430e+02  5.834699e+01 -4.090000e+01
   endloop
 endfacet
 facet normal -9.115059e-01  4.112871e-01  0.000000e+00
   outer loop
     vertex -1.124201e+02  4.738905e+01 -4.090000e+01
     vertex -1.124201e+02  4.738905e+01  0.000000e+00
     vertex -1.099182e+02  5.293382e+01  0.000000e+00
   endloop
 endfacet
 facet normal -9.115059e-01  4.112871e-01  0.000000e+00
   outer loop
     vertex -1.124201e+02  4.738905e+01 -4.090000e+01
     vertex -1.099182e+02  5.293382e+01  0.000000e+00
     vertex -1.099182e+02  5.293382e+01 -4.090000e+01
   endloop
 endfacet
 facet normal -9.308737e-01  3.653410e-01  0.000000e+00
   outer loop
     vertex -1.146425e+02  4.172646e+01 -4.090000e+01
     vertex -1.146425e+02  4.172646e+01  0.000000e+00
     vertex -1.124201e+02  4.738905e+01  0.000000e+00
   endloop
 endfacet
 facet normal -9.308737e-01  3.653410e-01  0.000000e+00
   outer loop
     vertex -1.146425e+02  4.172646e+01 -4.090000e+01
     vertex -1.124201e+02  4.738905e+01  0.000000e+00
     vertex -1.124201e+02  4.738905e+01 -4.090000e+01
   endloop
 endfacet
 facet normal -9.479273e-01  3.184867e-01  0.000000e+00
   outer loop
     vertex -1.165799e+02  3.596013e+01 -4.090000e+01
     vertex -1.165799e+02  3.596013e+01  0.000000e+00
     vertex -1.146425e+02  4.172646e+01  0.000000e+00
   endloop
 endfacet
 facet normal -9.479273e-01  3.184867e-01  0.000000e+00
   outer loop
     vertex -1.165799e+02  3.596013e+01 -4.090000e+01
     vertex -1.146425e+02  4.172646e+01  0.000000e+00
     vertex -1.146425e+02  4.172646e+01 -4.090000e+01
   endloop
 endfacet
 facet normal -9.626242e-01  2.708405e-01  0.000000e+00
   outer loop
     vertex -1.182274e+02  3.010440e+01 -4.090000e+01
     vertex -1.182274e+02  3.010440e+01  0.000000e+00
     vertex -1.165799e+02  3.596013e+01  0.000000e+00
   endloop
 endfacet
 facet normal -9.626242e-01  2.708405e-01  0.000000e+00
   outer loop
     vertex -1.182274e+02  3.010440e+01 -4.090000e+01
     vertex -1.165799e+02  3.596013e+01  0.000000e+00
     vertex -1.165799e+02  3.596013e+01 -4.090000e+01
   endloop
 endfacet
 facet normal -9.749279e-01  2.225209e-01  0.000000e+00
   outer loop
     vertex -1.195810e+02  2.417383e+01 -4.090000e+01
     vertex -1.195810e+02  2.417383e+01  0.000000e+00
     vertex -1.182274e+02  3.010440e+01  0.000000e+00
   endloop
 endfacet
 facet normal -9.749279e-01  2.225209e-01  0.000000e+00
   outer loop
     vertex -1.195810e+02  2.417383e+01 -4.090000e+01
     vertex -1.182274e+02  3.010440e+01  0.000000e+00
     vertex -1.182274e+02  3.010440e+01 -4.090000e+01
   endloop
 endfacet
 facet normal -9.848078e-01  1.736482e-01  0.000000e+00
   outer loop
     vertex -1.206374e+02  1.818316e+01 -4.090000e+01
     vertex -1.206374e+02  1.818316e+01  0.000000e+00
     vertex -1.195810e+02  2.417383e+01  0.000000e+00
   endloop
 endfacet
 facet normal -9.848078e-01  1.736482e-01  0.000000e+00
   outer loop
     vertex -1.206374e+02  1.818316e+01 -4.090000e+01
     vertex -1.195810e+02  2.417383e+01  0.000000e+00
     vertex -1.195810e+02  2.417383e+01 -4.090000e+01
   endloop
 endfacet
 facet normal -9.922392e-01  1.243437e-01  0.000000e+00
   outer loop
     vertex -1.213938e+02  1.214728e+01 -4.090000e+01
     vertex -1.213938e+02  1.214728e+01  0.000000e+00
     vertex -1.206374e+02  1.818316e+01  0.000000e+00
   endloop
 endfacet
 facet normal -9.922392e-01  1.243437e-01  0.000000e+00
   outer loop
     vertex -1.213938e+02  1.214728e+01 -4.090000e+01
     vertex -1.206374e+02  1.818316e+01  0.000000e+00
     vertex -1.206374e+02  1.818316e+01 -4.090000e+01
   endloop
 endfacet
 facet normal -9.972038e-01  7.473009e-02  0.000000e+00
   outer loop
     vertex -1.218483e+02  6.081198e+00 -4.090000e+01
     vertex -1.213938e+02  1.214728e+01  0.000000e+00
     vertex -1.213938e+02  1.214728e+01 -4.090000e+01
   endloop
 endfacet
 facet normal -9.972038e-01  7.473009e-02  0.000000e+00
   outer loop
     vertex -1.218483e+02  6.081198e+00 -4.090000e+01
     vertex -1.218483e+02  6.081198e+00  0.000000e+00
     vertex -1.213938e+02  1.214728e+01  0.000000e+00
   endloop
 endfacet
 facet normal -9.996892e-01  2.493069e-02  0.000000e+00
   outer loop
     vertex -1.220000e+02 -4.184904e-13 -4.090000e+01
     vertex -1.218483e+02  6.081198e+00  0.000000e+00
     vertex -1.218483e+02  6.081198e+00 -4.090000e+01
   endloop
 endfacet
 facet normal -9.996892e-01  2.493069e-02  0.000000e+00
   outer loop
     vertex -1.220000e+02 -4.184904e-13 -4.090000e+01
     vertex -1.220000e+02 -4.184904e-13  0.000000e+00
     vertex -1.218483e+02  6.081198e+00  0.000000e+00
   endloop
 endfacet
 facet normal -9.996892e-01 -2.493069e-02  0.000000e+00
   outer loop
     vertex -1.218483e+02 -6.081198e+00 -4.090000e+01
     vertex -1.220000e+02 -4.184904e-13  0.000000e+00
     vertex -1.220000e+02 -4.184904e-13 -4.090000e+01
   endloop
 endfacet
 facet normal -9.996892e-01 -2.493069e-02  0.000000e+00
   outer loop
     vertex -1.218483e+02 -6.081198e+00 -4.090000e+01
     vertex -1.218483e+02 -6.081198e+00  0.000000e+00
     vertex -1.220000e+02 -4.184904e-13  0.000000e+00
   endloop
 endfacet
 facet normal -9.972038e-01 -7.473009e-02  0.000000e+00
   outer loop
     vertex -1.213938e+02 -1.214728e+01 -4.090000e+01
     vertex -1.218483e+02 -6.081198e+00  0.000000e+00
     vertex -1.218483e+02 -6.081198e+00 -4.090000e+01
   endloop
 endfacet
 facet normal -9.972038e-01 -7.473009e-02  0.000000e+00
   outer loop
     vertex -1.213938e+02 -1.214728e+01 -4.090000e+01
     vertex -1.213938e+02 -1.214728e+01  0.000000e+00
     vertex -1.218483e+02 -6.081198e+00  0.000000e+00
   endloop
 endfacet
 facet normal -9.922392e-01 -1.243437e-01  0.000000e+00
   outer loop
     vertex -1.206374e+02 -1.818316e+01 -4.090000e+01
     vertex -1.213938e+02 -1.214728e+01  0.000000e+00
     vertex -1.213938e+02 -1.214728e+01 -4.090000e+01
   endloop
 endfacet
 facet normal -9.922392e-01 -1.243437e-01  0.000000e+00
   outer loop
     vertex -1.206374e+02 -1.818316e+01 -4.090000e+01
     vertex -1.206374e+02 -1.818316e+01  0.000000e+00
     vertex -1.213938e+02 -1.214728e+01  0.000000e+00
   endloop
 endfacet
 facet normal -9.848078e-01 -1.736482e-01  0.000000e+00
   outer loop
     vertex -1.195810e+02 -2.417383e+01 -4.090000e+01
     vertex -1.206374e+02 -1.818316e+01  0.000000e+00
     vertex -1.206374e+02 -1.818316e+01 -4.090000e+01
   endloop
 endfacet
 facet normal -9.848078e-01 -1.736482e-01  0.000000e+00
   outer loop
     vertex -1.195810e+02 -2.417383e+01 -4.090000e+01
     vertex -1.195810e+02 -2.417383e+01  0.000000e+00
     vertex -1.206374e+02 -1.818316e+01  0.000000e+00
   endloop
 endfacet
 facet normal -9.749279e-01 -2.225209e-01  0.000000e+00
   outer loop
     vertex -1.182274e+02 -3.010440e+01 -4.090000e+01
     vertex -1.195810e+02 -2.417383e+01  0.000000e+00
     vertex -1.195810e+02 -2.417383e+01 -4.090000e+01
   endloop
 endfacet
 facet normal -9.749279e-01 -2.225209e-01  0.000000e+00
   outer loop
     vertex -1.182274e+02 -3.010440e+01 -4.090000e+01
     vertex -1.182274e+02 -3.010440e+01  0.000000e+00
     vertex -1.195810e+02 -2.417383e+01  0.000000e+00
   endloop
 endfacet
 facet normal -9.626242e-01 -2.708405e-01  0.000000e+00
   outer loop
     vertex -1.165799e+02 -3.596013e+01 -4.090000e+01
     vertex -1.182274e+02 -3.010440e+01  0.000000e+00
     vertex -1.182274e+02 -3.010440e+01 -4.090000e+01
   endloop
 endfacet
 facet normal -9.626242e-01 -2.708405e-01  0.000000e+00
   outer loop
     vertex -1.165799e+02 -3.596013e+01 -4.090000e+01
     vertex -1.165799e+02 -3.596013e+01  0.000000e+00
     vertex -1.182274e+02 -3.010440e+01  0.000000e+00
   endloop
 endfacet
 facet normal -9.479273e-01 -3.184867e-01  0.000000e+00
   outer loop
     vertex -1.146425e+02 -4.172646e+01 -4.090000e+01
     vertex -1.165799e+02 -3.596013e+01  0.000000e+00
     vertex -1.165799e+02 -3.596013e+01 -4.090000e+01
   endloop
 endfacet
 facet normal -9.479273e-01 -3.184867e-01  0.000000e+00
   outer loop
     vertex -1.146425e+02 -4.172646e+01 -4.090000e+01
     vertex -1.146425e+02 -4.172646e+01  0.000000e+00
     vertex -1.165799e+02 -3.596013e+01  0.000000e+00
   endloop
 endfacet
 facet normal -9.308737e-01 -3.653410e-01  0.000000e+00
   outer loop
     vertex -1.124201e+02 -4.738905e+01 -4.090000e+01
     vertex -1.146425e+02 -4.172646e+01  0.000000e+00
     vertex -1.146425e+02 -4.172646e+01 -4.090000e+01
   endloop
 endfacet
 facet normal -9.308737e-01 -3.653410e-01  0.000000e+00
   outer loop
     vertex -1.124201e+02 -4.738905e+01 -4.090000e+01
     vertex -1.124201e+02 -4.738905e+01  0.000000e+00
     vertex -1.146425e+02 -4.172646e+01  0.000000e+00
   endloop
 endfacet
 facet normal -9.115059e-01 -4.112871e-01  0.000000e+00
   outer loop
     vertex -1.099182e+02 -5.293382e+01 -4.090000e+01
     vertex -1.124201e+02 -4.738905e+01  0.000000e+00
     vertex -1.124201e+02 -4.738905e+01 -4.090000e+01
   endloop
 endfacet
 facet normal -9.115059e-01 -4.112871e-01  0.000000e+00
   outer loop
     vertex -1.099182e+02 -5.293382e+01 -4.090000e+01
     vertex -1.099182e+02 -5.293382e+01  0.000000e+00
     vertex -1.124201e+02 -4.738905e+01  0.000000e+00
   endloop
 endfacet
 facet normal -8.898718e-01 -4.562107e-01  0.000000e+00
   outer loop
     vertex -1.071430e+02 -5.834699e+01 -4.090000e+01
     vertex -1.099182e+02 -5.293382e+01  0.000000e+00
     vertex -1.099182e+02 -5.293382e+01 -4.090000e+01
   endloop
 endfacet
 facet normal -8.898718e-01 -4.562107e-01  0.000000e+00
   outer loop
     vertex -1.071430e+02 -5.834699e+01 -4.090000e+01
     vertex -1.071430e+02 -5.834699e+01  0.000000e+00
     vertex -1.099182e+02 -5.293382e+01  0.000000e+00
   endloop
 endfacet
 facet normal -8.660254e-01 -5.000000e-01  0.000000e+00
   outer loop
     vertex -1.041015e+02 -6.361509e+01 -4.090000e+01
     vertex -1.071430e+02 -5.834699e+01  0.000000e+00
     vertex -1.071430e+02 -5.834699e+01 -4.090000e+01
   endloop
 endfacet
 facet normal -8.660254e-01 -5.000000e-01  0.000000e+00
   outer loop
     vertex -1.041015e+02 -6.361509e+01 -4.090000e+01
     vertex -1.041015e+02 -6.361509e+01  0.000000e+00
     vertex -1.071430e+02 -5.834699e+01  0.000000e+00
   endloop
 endfacet
 facet normal -8.400259e-01 -5.425463e-01  0.000000e+00
   outer loop
     vertex -1.008011e+02 -6.872505e+01 -4.090000e+01
     vertex -1.041015e+02 -6.361509e+01  0.000000e+00
     vertex -1.041015e+02 -6.361509e+01 -4.090000e+01
   endloop
 endfacet
 facet normal -8.400259e-01 -5.425463e-01  0.000000e+00
   outer loop
     vertex -1.008011e+02 -6.872505e+01 -4.090000e+01
     vertex -1.008011e+02 -6.872505e+01  0.000000e+00
     vertex -1.041015e+02 -6.361509e+01  0.000000e+00
   endloop
 endfacet
 facet normal -8.119380e-01 -5.837437e-01  0.000000e+00
   outer loop
     vertex -9.725017e+01 -7.366414e+01 -4.090000e+01
     vertex -1.008011e+02 -6.872505e+01  0.000000e+00
     vertex -1.008011e+02 -6.872505e+01 -4.090000e+01
   endloop
 endfacet
 facet normal -8.119380e-01 -5.837437e-01  0.000000e+00
   outer loop
     vertex -9.725017e+01 -7.366414e+01 -4.090000e+01
     vertex -9.725017e+01 -7.366414e+01  0.000000e+00
     vertex -1.008011e+02 -6.872505e+01  0.000000e+00
   endloop
 endfacet
 facet normal -7.818315e-01 -6.234898e-01  0.000000e+00
   outer loop
     vertex -9.345742e+01 -7.842009e+01 -4.090000e+01
     vertex -9.725017e+01 -7.366414e+01  0.000000e+00
     vertex -9.725017e+01 -7.366414e+01 -4.090000e+01
   endloop
 endfacet
 facet normal -7.818315e-01 -6.234898e-01  0.000000e+00
   outer loop
     vertex -9.345742e+01 -7.842009e+01 -4.090000e+01
     vertex -9.345742e+01 -7.842009e+01  0.000000e+00
     vertex -9.725017e+01 -7.366414e+01  0.000000e+00
   endloop
 endfacet
 facet normal -7.497812e-01 -6.616858e-01  0.000000e+00
   outer loop
     vertex -9.345742e+01 -7.842009e+01 -4.090000e+01
     vertex -8.943233e+01 -8.298107e+01  0.000000e+00
     vertex -9.345742e+01 -7.842009e+01  0.000000e+00
   endloop
 endfacet
 facet normal -7.497812e-01 -6.616858e-01  0.000000e+00
   outer loop
     vertex -8.943233e+01 -8.298107e+01 -4.090000e+01
     vertex -8.943233e+01 -8.298107e+01  0.000000e+00
     vertex -9.345742e+01 -7.842009e+01 -4.090000e+01
   endloop
 endfacet
 facet normal -7.158668e-01 -6.982368e-01  0.000000e+00
   outer loop
     vertex -8.518489e+01 -8.733576e+01 -4.090000e+01
     vertex -8.943233e+01 -8.298107e+01  0.000000e+00
     vertex -8.943233e+01 -8.298107e+01 -4.090000e+01
   endloop
 endfacet
 facet normal -7.158668e-01 -6.982368e-01  0.000000e+00
   outer loop
     vertex -8.518489e+01 -8.733576e+01 -4.090000e+01
     vertex -8.518489e+01 -8.733576e+01  0.000000e+00
     vertex -8.943233e+01 -8.298107e+01  0.000000e+00
   endloop
 endfacet
 facet normal -6.801727e-01 -7.330519e-01  0.000000e+00
   outer loop
     vertex -8.072567e+01 -9.147331e+01 -4.090000e+01
     vertex -8.518489e+01 -8.733576e+01  0.000000e+00
     vertex -8.518489e+01 -8.733576e+01 -4.090000e+01
   endloop
 endfacet
 facet normal -6.801727e-01 -7.330519e-01  0.000000e+00
   outer loop
     vertex -8.072567e+01 -9.147331e+01 -4.090000e+01
     vertex -8.072567e+01 -9.147331e+01  0.000000e+00
     vertex -8.518489e+01 -8.733576e+01  0.000000e+00
   endloop
 endfacet
 facet normal -6.427876e-01 -7.660444e-01  0.000000e+00
   outer loop
     vertex -7.606576e+01 -9.538344e+01 -4.090000e+01
     vertex -8.072567e+01 -9.147331e+01  0.000000e+00
     vertex -8.072567e+01 -9.147331e+01 -4.090000e+01
   endloop
 endfacet
 facet normal -6.427876e-01 -7.660444e-01  0.000000e+00
   outer loop
     vertex -7.606576e+01 -9.538344e+01 -4.090000e+01
     vertex -7.606576e+01 -9.538344e+01  0.000000e+00
     vertex -8.072567e+01 -9.147331e+01  0.000000e+00
   endloop
 endfacet
 facet normal -6.038044e-01 -7.971325e-01  0.000000e+00
   outer loop
     vertex -7.606576e+01 -9.538344e+01 -4.090000e+01
     vertex -7.121673e+01 -9.905644e+01  0.000000e+00
     vertex -7.606576e+01 -9.538344e+01  0.000000e+00
   endloop
 endfacet
 facet normal -6.038044e-01 -7.971325e-01  0.000000e+00
   outer loop
     vertex -7.121673e+01 -9.905644e+01 -4.090000e+01
     vertex -7.121673e+01 -9.905644e+01  0.000000e+00
     vertex -7.606576e+01 -9.538344e+01 -4.090000e+01
   endloop
 endfacet
 facet normal -5.633201e-01 -8.262388e-01  0.000000e+00
   outer loop
     vertex -6.619064e+01 -1.024832e+02 -4.090000e+01
     vertex -6.619064e+01 -1.024832e+02  0.000000e+00
     vertex -7.121673e+01 -9.905644e+01  0.000000e+00
   endloop
 endfacet
 facet normal -5.633201e-01 -8.262388e-01  0.000000e+00
   outer loop
     vertex -6.619064e+01 -1.024832e+02 -4.090000e+01
     vertex -7.121673e+01 -9.905644e+01  0.000000e+00
     vertex -7.121673e+01 -9.905644e+01 -4.090000e+01
   endloop
 endfacet
 facet normal -5.214352e-01 -8.532909e-01  0.000000e+00
   outer loop
     vertex -6.100000e+01 -1.056551e+02 -4.090000e+01
     vertex -6.100000e+01 -1.056551e+02  0.000000e+00
     vertex -6.619064e+01 -1.024832e+02  0.000000e+00
   endloop
 endfacet
 facet normal -4.782540e-01 -8.782216e-01  0.000000e+00
   outer loop
     vertex -6.100000e+01 -1.056551e+02 -4.090000e+01
     vertex -5.565770e+01 -1.085644e+02  0.000000e+00
     vertex -6.100000e+01 -1.056551e+02  0.000000e+00
   endloop
 endfacet
 facet normal -5.214352e-01 -8.532909e-01  0.000000e+00
   outer loop
     vertex -6.100000e+01 -1.056551e+02 -4.090000e+01
     vertex -6.619064e+01 -1.024832e+02  0.000000e+00
     vertex -6.619064e+01 -1.024832e+02 -4.090000e+01
   endloop
 endfacet
 facet normal -4.782540e-01 -8.782216e-01  0.000000e+00
   outer loop
     vertex -5.565770e+01 -1.085644e+02 -4.090000e+01
     vertex -5.565770e+01 -1.085644e+02  0.000000e+00
     vertex -6.100000e+01 -1.056551e+02 -4.090000e+01
   endloop
 endfacet
 facet normal -4.338837e-01 -9.009689e-01  0.000000e+00
   outer loop
     vertex -5.017703e+01 -1.112037e+02 -4.090000e+01
     vertex -5.017703e+01 -1.112037e+02  0.000000e+00
     vertex -5.565770e+01 -1.085644e+02  0.000000e+00
   endloop
 endfacet
 facet normal -3.884348e-01 -9.214762e-01  0.000000e+00
   outer loop
     vertex -5.017703e+01 -1.112037e+02 -4.090000e+01
     vertex -4.457160e+01 -1.135666e+02  0.000000e+00
     vertex -5.017703e+01 -1.112037e+02  0.000000e+00
   endloop
 endfacet
 facet normal -4.338837e-01 -9.009689e-01  0.000000e+00
   outer loop
     vertex -5.017703e+01 -1.112037e+02 -4.090000e+01
     vertex -5.565770e+01 -1.085644e+02  0.000000e+00
     vertex -5.565770e+01 -1.085644e+02 -4.090000e+01
   endloop
 endfacet
 facet normal -3.884348e-01 -9.214762e-01  0.000000e+00
   outer loop
     vertex -4.457160e+01 -1.135666e+02 -4.090000e+01
     vertex -4.457160e+01 -1.135666e+02  0.000000e+00
     vertex -5.017703e+01 -1.112037e+02 -4.090000e+01
   endloop
 endfacet
 facet normal -3.420201e-01 -9.396926e-01  0.000000e+00
   outer loop
     vertex -4.457160e+01 -1.135666e+02 -4.090000e+01
     vertex -3.885537e+01 -1.156471e+02  0.000000e+00
     vertex -4.457160e+01 -1.135666e+02  0.000000e+00
   endloop
 endfacet
 facet normal -3.420201e-01 -9.396926e-01  0.000000e+00
   outer loop
     vertex -3.885537e+01 -1.156471e+02 -4.090000e+01
     vertex -3.885537e+01 -1.156471e+02  0.000000e+00
     vertex -4.457160e+01 -1.135666e+02 -4.090000e+01
   endloop
 endfacet
 facet normal -2.947552e-01 -9.555728e-01  0.000000e+00
   outer loop
     vertex -3.304254e+01 -1.174402e+02 -4.090000e+01
     vertex -3.885537e+01 -1.156471e+02  0.000000e+00
     vertex -3.885537e+01 -1.156471e+02 -4.090000e+01
   endloop
 endfacet
 facet normal -2.947552e-01 -9.555728e-01  0.000000e+00
   outer loop
     vertex -3.304254e+01 -1.174402e+02 -4.090000e+01
     vertex -3.304254e+01 -1.174402e+02  0.000000e+00
     vertex -3.885537e+01 -1.156471e+02  0.000000e+00
   endloop
 endfacet
 facet normal -2.467574e-01 -9.690773e-01  0.000000e+00
   outer loop
     vertex -2.714755e+01 -1.189412e+02 -4.090000e+01
     vertex -3.304254e+01 -1.174402e+02  0.000000e+00
     vertex -3.304254e+01 -1.174402e+02 -4.090000e+01
   endloop
 endfacet
 facet normal -2.467574e-01 -9.690773e-01  0.000000e+00
   outer loop
     vertex -2.714755e+01 -1.189412e+02 -4.090000e+01
     vertex -2.714755e+01 -1.189412e+02  0.000000e+00
     vertex -3.304254e+01 -1.174402e+02  0.000000e+00
   endloop
 endfacet
 facet normal -1.981461e-01 -9.801725e-01  0.000000e+00
   outer loop
     vertex -2.714755e+01 -1.189412e+02 -4.090000e+01
     vertex -2.118508e+01 -1.201465e+02  0.000000e+00
     vertex -2.714755e+01 -1.189412e+02  0.000000e+00
   endloop
 endfacet
 facet normal -1.981461e-01 -9.801725e-01  0.000000e+00
   outer loop
     vertex -2.118508e+01 -1.201465e+02 -4.090000e+01
     vertex -2.118508e+01 -1.201465e+02  0.000000e+00
     vertex -2.714755e+01 -1.189412e+02 -4.090000e+01
   endloop
 endfacet
 facet normal -1.490423e-01 -9.888308e-01  0.000000e+00
   outer loop
     vertex -1.516993e+01 -1.210532e+02 -4.090000e+01
     vertex -2.118508e+01 -1.201465e+02  0.000000e+00
     vertex -2.118508e+01 -1.201465e+02 -4.090000e+01
   endloop
 endfacet
 facet normal -1.490423e-01 -9.888308e-01  0.000000e+00
   outer loop
     vertex -1.516993e+01 -1.210532e+02 -4.090000e+01
     vertex -1.516993e+01 -1.210532e+02  0.000000e+00
     vertex -2.118508e+01 -1.201465e+02  0.000000e+00
   endloop
 endfacet
 facet normal -9.956785e-02 -9.950308e-01  0.000000e+00
   outer loop
     vertex -9.117071e+00 -1.216589e+02 -4.090000e+01
     vertex -1.516993e+01 -1.210532e+02  0.000000e+00
     vertex -1.516993e+01 -1.210532e+02 -4.090000e+01
   endloop
 endfacet
 facet normal -9.956785e-02 -9.950308e-01  0.000000e+00
   outer loop
     vertex -9.117071e+00 -1.216589e+02 -4.090000e+01
     vertex -9.117071e+00 -1.216589e+02  0.000000e+00
     vertex -1.516993e+01 -1.210532e+02  0.000000e+00
   endloop
 endfacet
 facet normal -4.984589e-02 -9.987569e-01  0.000000e+00
   outer loop
     vertex -3.041544e+00 -1.219621e+02 -4.090000e+01
     vertex -9.117071e+00 -1.216589e+02  0.000000e+00
     vertex -9.117071e+00 -1.216589e+02 -4.090000e+01
   endloop
 endfacet
 facet normal -4.984589e-02 -9.987569e-01  0.000000e+00
   outer loop
     vertex -3.041544e+00 -1.219621e+02 -4.090000e+01
     vertex -3.041544e+00 -1.219621e+02  0.000000e+00
     vertex -9.117071e+00 -1.216589e+02  0.000000e+00
   endloop
 endfacet
 facet normal  9.344499e-15 -1.000000e+00  0.000000e+00
   outer loop
     vertex  3.041544e+00 -1.219621e+02 -4.090000e+01
     vertex -3.041544e+00 -1.219621e+02  0.000000e+00
     vertex -3.041544e+00 -1.219621e+02 -4.090000e+01
   endloop
 endfacet
 facet normal  9.344499e-15 -1.000000e+00  0.000000e+00
   outer loop
     vertex  3.041544e+00 -1.219621e+02 -4.090000e+01
     vertex  3.041544e+00 -1.219621e+02  0.000000e+00
     vertex -3.041544e+00 -1.219621e+02  0.000000e+00
   endloop
 endfacet
 facet normal  4.984589e-02 -9.987569e-01  0.000000e+00
   outer loop
     vertex  3.041544e+00 -1.219621e+02 -4.090000e+01
     vertex  9.117071e+00 -1.216589e+02  0.000000e+00
     vertex  3.041544e+00 -1.219621e+02  0.000000e+00
   endloop
 endfacet
 facet normal  4.984589e-02 -9.987569e-01  0.000000e+00
   outer loop
     vertex  9.117071e+00 -1.216589e+02 -4.090000e+01
     vertex  9.117071e+00 -1.216589e+02  0.000000e+00
     vertex  3.041544e+00 -1.219621e+02 -4.090000e+01
   endloop
 endfacet
 facet normal  9.956785e-02 -9.950308e-01  0.000000e+00
   outer loop
     vertex  1.516993e+01 -1.210532e+02 -4.090000e+01
     vertex  9.117071e+00 -1.216589e+02  0.000000e+00
     vertex  9.117071e+00 -1.216589e+02 -4.090000e+01
   endloop
 endfacet
 facet normal  9.956785e-02 -9.950308e-01  0.000000e+00
   outer loop
     vertex  1.516993e+01 -1.210532e+02 -4.090000e+01
     vertex  1.516993e+01 -1.210532e+02  0.000000e+00
     vertex  9.117071e+00 -1.216589e+02  0.000000e+00
   endloop
 endfacet
 facet normal  1.490423e-01 -9.888308e-01  0.000000e+00
   outer loop
     vertex  1.516993e+01 -1.210532e+02 -4.090000e+01
     vertex  2.118508e+01 -1.201465e+02  0.000000e+00
     vertex  1.516993e+01 -1.210532e+02  0.000000e+00
   endloop
 endfacet
 facet normal  1.490423e-01 -9.888308e-01  0.000000e+00
   outer loop
     vertex  2.118508e+01 -1.201465e+02 -4.090000e+01
     vertex  2.118508e+01 -1.201465e+02  0.000000e+00
     vertex  1.516993e+01 -1.210532e+02 -4.090000e+01
   endloop
 endfacet
 facet normal  2.467574e-01 -9.690773e-01  0.000000e+00
   outer loop
     vertex  2.714755e+01 -1.189412e+02 -4.090000e+01
     vertex  3.304254e+01 -1.174402e+02  0.000000e+00
     vertex  2.714755e+01 -1.189412e+02  0.000000e+00
   endloop
 endfacet
 facet normal  1.981461e-01 -9.801725e-01  0.000000e+00
   outer loop
     vertex  2.714755e+01 -1.189412e+02 -4.090000e+01
     vertex  2.118508e+01 -1.201465e+02  0.000000e+00
     vertex  2.118508e+01 -1.201465e+02 -4.090000e+01
   endloop
 endfacet
 facet normal  1.981461e-01 -9.801725e-01  0.000000e+00
   outer loop
     vertex  2.714755e+01 -1.189412e+02 -4.090000e+01
     vertex  2.714755e+01 -1.189412e+02  0.000000e+00
     vertex  2.118508e+01 -1.201465e+02  0.000000e+00
   endloop
 endfacet
 facet normal  2.467574e-01 -9.690773e-01  0.000000e+00
   outer loop
     vertex  3.304254e+01 -1.174402e+02 -4.090000e+01
     vertex  3.304254e+01 -1.174402e+02  0.000000e+00
     vertex  2.714755e+01 -1.189412e+02 -4.090000e+01
   endloop
 endfacet
 facet normal  2.947552e-01 -9.555728e-01  0.000000e+00
   outer loop
     vertex  3.885537e+01 -1.156471e+02 -4.090000e+01
     vertex  3.885537e+01 -1.156471e+02  0.000000e+00
     vertex  3.304254e+01 -1.174402e+02  0.000000e+00
   endloop
 endfacet
 facet normal  3.420201e-01 -9.396926e-01  0.000000e+00
   outer loop
     vertex  3.885537e+01 -1.156471e+02 -4.090000e+01
     vertex  4.457160e+01 -1.135666e+02  0.000000e+00
     vertex  3.885537e+01 -1.156471e+02  0.000000e+00
   endloop
 endfacet
 facet normal  2.947552e-01 -9.555728e-01  0.000000e+00
   outer loop
     vertex  3.885537e+01 -1.156471e+02 -4.090000e+01
     vertex  3.304254e+01 -1.174402e+02  0.000000e+00
     vertex  3.304254e+01 -1.174402e+02 -4.090000e+01
   endloop
 endfacet
 facet normal  3.420201e-01 -9.396926e-01  0.000000e+00
   outer loop
     vertex  4.457160e+01 -1.135666e+02 -4.090000e+01
     vertex  4.457160e+01 -1.135666e+02  0.000000e+00
     vertex  3.885537e+01 -1.156471e+02 -4.090000e+01
   endloop
 endfacet
 facet normal  3.884348e-01 -9.214762e-01  0.000000e+00
   outer loop
     vertex  5.017703e+01 -1.112037e+02 -4.090000e+01
     vertex  5.017703e+01 -1.112037e+02  0.000000e+00
     vertex  4.457160e+01 -1.135666e+02  0.000000e+00
   endloop
 endfacet
 facet normal  3.884348e-01 -9.214762e-01  0.000000e+00
   outer loop
     vertex  5.017703e+01 -1.112037e+02 -4.090000e+01
     vertex  4.457160e+01 -1.135666e+02  0.000000e+00
     vertex  4.457160e+01 -1.135666e+02 -4.090000e+01
   endloop
 endfacet
 facet normal  4.338837e-01 -9.009689e-01  0.000000e+00
   outer loop
     vertex  5.565770e+01 -1.085644e+02 -4.090000e+01
     vertex  5.565770e+01 -1.085644e+02  0.000000e+00
     vertex  5.017703e+01 -1.112037e+02  0.000000e+00
   endloop
 endfacet
 facet normal  4.338837e-01 -9.009689e-01  0.000000e+00
   outer loop
     vertex  5.565770e+01 -1.085644e+02 -4.090000e+01
     vertex  5.017703e+01 -1.112037e+02  0.000000e+00
     vertex  5.017703e+01 -1.112037e+02 -4.090000e+01
   endloop
 endfacet
 facet normal  4.782540e-01 -8.782216e-01  0.000000e+00
   outer loop
     vertex  6.100000e+01 -1.056551e+02 -4.090000e+01
     vertex  6.100000e+01 -1.056551e+02  0.000000e+00
     vertex  5.565770e+01 -1.085644e+02  0.000000e+00
   endloop
 endfacet
 facet normal  5.214352e-01 -8.532909e-01  0.000000e+00
   outer loop
     vertex  6.100000e+01 -1.056551e+02 -4.090000e+01
     vertex  6.619064e+01 -1.024832e+02  0.000000e+00
     vertex  6.100000e+01 -1.056551e+02  0.000000e+00
   endloop
 endfacet
 facet normal  4.782540e-01 -8.782216e-01  0.000000e+00
   outer loop
     vertex  6.100000e+01 -1.056551e+02 -4.090000e+01
     vertex  5.565770e+01 -1.085644e+02  0.000000e+00
     vertex  5.565770e+01 -1.085644e+02 -4.090000e+01
   endloop
 endfacet
 facet normal  5.214352e-01 -8.532909e-01  0.000000e+00
   outer loop
     vertex  6.619064e+01 -1.024832e+02 -4.090000e+01
     vertex  6.619064e+01 -1.024832e+02  0.000000e+00
     vertex  6.100000e+01 -1.056551e+02 -4.090000e+01
   endloop
 endfacet
 facet normal  5.633201e-01 -8.262388e-01  0.000000e+00
   outer loop
     vertex  7.121673e+01 -9.905644e+01 -4.090000e+01
     vertex  7.121673e+01 -9.905644e+01  0.000000e+00
     vertex  6.619064e+01 -1.024832e+02  0.000000e+00
   endloop
 endfacet
 facet normal  6.038044e-01 -7.971325e-01  0.000000e+00
   outer loop
     vertex  7.121673e+01 -9.905644e+01 -4.090000e+01
     vertex  7.606576e+01 -9.538344e+01  0.000000e+00
     vertex  7.121673e+01 -9.905644e+01  0.000000e+00
   endloop
 endfacet
 facet normal  5.633201e-01 -8.262388e-01  0.000000e+00
   outer loop
     vertex  7.121673e+01 -9.905644e+01 -4.090000e+01
     vertex  6.619064e+01 -1.024832e+02  0.000000e+00
     vertex  6.619064e+01 -1.024832e+02 -4.090000e+01
   endloop
 endfacet
 facet normal  6.038044e-01 -7.971325e-01  0.000000e+00
   outer loop
     vertex  7.606576e+01 -9.538344e+01 -4.090000e+01
     vertex  7.606576e+01 -9.538344e+01  0.000000e+00
     vertex  7.121673e+01 -9.905644e+01 -4.090000e+01
   endloop
 endfacet
 facet normal  6.427876e-01 -7.660444e-01  0.000000e+00
   outer loop
     vertex  8.072567e+01 -9.147331e+01 -4.090000e+01
     vertex  8.072567e+01 -9.147331e+01  0.000000e+00
     vertex  7.606576e+01 -9.538344e+01  0.000000e+00
   endloop
 endfacet
 facet normal  6.801727e-01 -7.330519e-01  0.000000e+00
   outer loop
     vertex  8.072567e+01 -9.147331e+01 -4.090000e+01
     vertex  8.518489e+01 -8.733576e+01  0.000000e+00
     vertex  8.072567e+01 -9.147331e+01  0.000000e+00
   endloop
 endfacet
 facet normal  6.427876e-01 -7.660444e-01  0.000000e+00
   outer loop
     vertex  8.072567e+01 -9.147331e+01 -4.090000e+01
     vertex  7.606576e+01 -9.538344e+01  0.000000e+00
     vertex  7.606576e+01 -9.538344e+01 -4.090000e+01
   endloop
 endfacet
 facet normal  7.158668e-01 -6.982368e-01  0.000000e+00
   outer loop
     vertex  8.518489e+01 -8.733576e+01 -4.090000e+01
     vertex  8.943233e+01 -8.298107e+01  0.000000e+00
     vertex  8.518489e+01 -8.733576e+01  0.000000e+00
   endloop
 endfacet
 facet normal  6.801727e-01 -7.330519e-01  0.000000e+00
   outer loop
     vertex  8.518489e+01 -8.733576e+01 -4.090000e+01
     vertex  8.518489e+01 -8.733576e+01  0.000000e+00
     vertex  8.072567e+01 -9.147331e+01 -4.090000e+01
   endloop
 endfacet
 facet normal  7.158668e-01 -6.982368e-01  0.000000e+00
   outer loop
     vertex  8.943233e+01 -8.298107e+01 -4.090000e+01
     vertex  8.943233e+01 -8.298107e+01  0.000000e+00
     vertex  8.518489e+01 -8.733576e+01 -4.090000e+01
   endloop
 endfacet
 facet normal  7.497812e-01 -6.616858e-01  0.000000e+00
   outer loop
     vertex  9.345742e+01 -7.842009e+01 -4.090000e+01
     vertex  9.345742e+01 -7.842009e+01  0.000000e+00
     vertex  8.943233e+01 -8.298107e+01  0.000000e+00
   endloop
 endfacet
 facet normal  7.818315e-01 -6.234898e-01  0.000000e+00
   outer loop
     vertex  9.345742e+01 -7.842009e+01 -4.090000e+01
     vertex  9.725017e+01 -7.366414e+01  0.000000e+00
     vertex  9.345742e+01 -7.842009e+01  0.000000e+00
   endloop
 endfacet
 facet normal  7.497812e-01 -6.616858e-01  0.000000e+00
   outer loop
     vertex  9.345742e+01 -7.842009e+01 -4.090000e+01
     vertex  8.943233e+01 -8.298107e+01  0.000000e+00
     vertex  8.943233e+01 -8.298107e+01 -4.090000e+01
   endloop
 endfacet
 facet normal  7.818315e-01 -6.234898e-01  0.000000e+00
   outer loop
     vertex  9.725017e+01 -7.366414e+01 -4.090000e+01
     vertex  9.725017e+01 -7.366414e+01  0.000000e+00
     vertex  9.345742e+01 -7.842009e+01 -4.090000e+01
   endloop
 endfacet
 facet normal  8.119380e-01 -5.837437e-01  0.000000e+00
   outer loop
     vertex  1.008011e+02 -6.872505e+01 -4.090000e+01
     vertex  9.725017e+01 -7.366414e+01  0.000000e+00
     vertex  9.725017e+01 -7.366414e+01 -4.090000e+01
   endloop
 endfacet
 facet normal  8.119380e-01 -5.837437e-01  0.000000e+00
   outer loop
     vertex  1.008011e+02 -6.872505e+01 -4.090000e+01
     vertex  1.008011e+02 -6.872505e+01  0.000000e+00
     vertex  9.725017e+01 -7.366414e+01  0.000000e+00
   endloop
 endfacet
 facet normal  8.400259e-01 -5.425463e-01  0.000000e+00
   outer loop
     vertex  1.008011e+02 -6.872505e+01 -4.090000e+01
     vertex  1.041015e+02 -6.361509e+01  0.000000e+00
     vertex  1.008011e+02 -6.872505e+01  0.000000e+00
   endloop
 endfacet
 facet normal  8.400259e-01 -5.425463e-01  0.000000e+00
   outer loop
     vertex  1.041015e+02 -6.361509e+01 -4.090000e+01
     vertex  1.041015e+02 -6.361509e+01  0.000000e+00
     vertex  1.008011e+02 -6.872505e+01 -4.090000e+01
   endloop
 endfacet
 facet normal  8.660254e-01 -5.000000e-01  0.000000e+00
   outer loop
     vertex  1.071430e+02 -5.834699e+01 -4.090000e+01
     vertex  1.041015e+02 -6.361509e+01  0.000000e+00
     vertex  1.041015e+02 -6.361509e+01 -4.090000e+01
   endloop
 endfacet
 facet normal  8.660254e-01 -5.000000e-01  0.000000e+00
   outer loop
     vertex  1.071430e+02 -5.834699e+01 -4.090000e+01
     vertex  1.071430e+02 -5.834699e+01  0.000000e+00
     vertex  1.041015e+02 -6.361509e+01  0.000000e+00
   endloop
 endfacet
 facet normal  8.898718e-01 -4.562107e-01  0.000000e+00
   outer loop
     vertex  1.099182e+02 -5.293382e+01 -4.090000e+01
     vertex  1.071430e+02 -5.834699e+01  0.000000e+00
     vertex  1.071430e+02 -5.834699e+01 -4.090000e+01
   endloop
 endfacet
 facet normal  8.898718e-01 -4.562107e-01  0.000000e+00
   outer loop
     vertex  1.099182e+02 -5.293382e+01 -4.090000e+01
     vertex  1.099182e+02 -5.293382e+01  0.000000e+00
     vertex  1.071430e+02 -5.834699e+01  0.000000e+00
   endloop
 endfacet
 facet normal  9.115059e-01 -4.112871e-01  0.000000e+00
   outer loop
     vertex  1.124201e+02 -4.738905e+01 -4.090000e+01
     vertex  1.124201e+02 -4.738905e+01  0.000000e+00
     vertex  1.099182e+02 -5.293382e+01  0.000000e+00
   endloop
 endfacet
 facet normal  9.115059e-01 -4.112871e-01  0.000000e+00
   outer loop
     vertex  1.124201e+02 -4.738905e+01 -4.090000e+01
     vertex  1.099182e+02 -5.293382e+01  0.000000e+00
     vertex  1.099182e+02 -5.293382e+01 -4.090000e+01
   endloop
 endfacet
 facet normal  9.308737e-01 -3.653410e-01  0.000000e+00
   outer loop
     vertex  1.146425e+02 -4.172646e+01 -4.090000e+01
     vertex  1.146425e+02 -4.172646e+01  0.000000e+00
     vertex  1.124201e+02 -4.738905e+01  0.000000e+00
   endloop
 endfacet
 facet normal  9.308737e-01 -3.653410e-01  0.000000e+00
   outer loop
     vertex  1.146425e+02 -4.172646e+01 -4.090000e+01
     vertex  1.124201e+02 -4.738905e+01  0.000000e+00
     vertex  1.124201e+02 -4.738905e+01 -4.090000e+01
   endloop
 endfacet
 facet normal  9.479273e-01 -3.184867e-01  0.000000e+00
   outer loop
     vertex  1.165799e+02 -3.596013e+01 -4.090000e+01
     vertex  1.165799e+02 -3.596013e+01  0.000000e+00
     vertex  1.146425e+02 -4.172646e+01  0.000000e+00
   endloop
 endfacet
 facet normal  9.479273e-01 -3.184867e-01  0.000000e+00
   outer loop
     vertex  1.165799e+02 -3.596013e+01 -4.090000e+01
     vertex  1.146425e+02 -4.172646e+01  0.000000e+00
     vertex  1.146425e+02 -4.172646e+01 -4.090000e+01
   endloop
 endfacet
 facet normal  9.626242e-01 -2.708405e-01  0.000000e+00
   outer loop
     vertex  1.182274e+02 -3.010440e+01 -4.090000e+01
     vertex  1.182274e+02 -3.010440e+01  0.000000e+00
     vertex  1.165799e+02 -3.596013e+01  0.000000e+00
   endloop
 endfacet
 facet normal  9.626242e-01 -2.708405e-01  0.000000e+00
   outer loop
     vertex  1.182274e+02 -3.010440e+01 -4.090000e+01
     vertex  1.165799e+02 -3.596013e+01  0.000000e+00
     vertex  1.165799e+02 -3.596013e+01 -4.090000e+01
   endloop
 endfacet
 facet normal  9.749279e-01 -2.225209e-01  0.000000e+00
   outer loop
     vertex  1.195810e+02 -2.417383e+01 -4.090000e+01
     vertex  1.195810e+02 -2.417383e+01  0.000000e+00
     vertex  1.182274e+02 -3.010440e+01  0.000000e+00
   endloop
 endfacet
 facet normal  9.749279e-01 -2.225209e-01  0.000000e+00
   outer loop
     vertex  1.195810e+02 -2.417383e+01 -4.090000e+01
     vertex  1.182274e+02 -3.010440e+01  0.000000e+00
     vertex  1.182274e+02 -3.010440e+01 -4.090000e+01
   endloop
 endfacet
 facet normal  9.848078e-01 -1.736482e-01  0.000000e+00
   outer loop
     vertex  1.206374e+02 -1.818316e+01 -4.090000e+01
     vertex  1.206374e+02 -1.818316e+01  0.000000e+00
     vertex  1.195810e+02 -2.417383e+01  0.000000e+00
   endloop
 endfacet
 facet normal  9.848078e-01 -1.736482e-01  0.000000e+00
   outer loop
     vertex  1.206374e+02 -1.818316e+01 -4.090000e+01
     vertex  1.195810e+02 -2.417383e+01  0.000000e+00
     vertex  1.195810e+02 -2.417383e+01 -4.090000e+01
   endloop
 endfacet
 facet normal  9.922392e-01 -1.243437e-01  0.000000e+00
   outer loop
     vertex  1.213938e+02 -1.214728e+01 -4.090000e+01
     vertex  1.213938e+02 -1.214728e+01  0.000000e+00
     vertex  1.206374e+02 -1.818316e+01  0.000000e+00
   endloop
 endfacet
 facet normal  9.922392e-01 -1.243437e-01  0.000000e+00
   outer loop
     vertex  1.213938e+02 -1.214728e+01 -4.090000e+01
     vertex  1.206374e+02 -1.818316e+01  0.000000e+00
     vertex  1.206374e+02 -1.818316e+01 -4.090000e+01
   endloop
 endfacet
 facet normal  9.972038e-01 -7.473009e-02  0.000000e+00
   outer loop
     vertex  1.218483e+02 -6.081198e+00 -4.090000e+01
     vertex  1.218483e+02 -6.081198e+00  0.000000e+00
     vertex  1.213938e+02 -1.214728e+01  0.000000e+00
   endloop
 endfacet
 facet normal  9.972038e-01 -7.473009e-02  0.000000e+00
   outer loop
     vertex  1.218483e+02 -6.081198e+00 -4.090000e+01
     vertex  1.213938e+02 -1.214728e+01  0.000000e+00
     vertex  1.213938e+02 -1.214728e+01 -4.090000e+01
   endloop
 endfacet
 facet normal  9.996892e-01 -2.493069e-02  0.000000e+00
   outer loop
     vertex  1.220000e+02  0.000000e+00 -4.090000e+01
     vertex  1.220000e+02  0.000000e+00  0.000000e+00
     vertex  1.218483e+02 -6.081198e+00  0.000000e+00
   endloop
 endfacet
 facet normal  9.996892e-01 -2.493069e-02  0.000000e+00
   outer loop
     vertex  1.220000e+02  0.000000e+00 -4.090000e+01
     vertex  1.218483e+02 -6.081198e+00  0.000000e+00
     vertex  1.218483e+02 -6.081198e+00 -4.090000e+01
   endloop
 endfacet
 facet normal  0.000000e+00  0.000000e+00 -1.000000e+00
   outer loop
     vertex -6.507567e+01 -6.671879e+01 -4.090000e+01
     vertex -8.518489e+01 -8.733576e+01 -4.090000e+01
     vertex -8.943233e+01 -8.298107e+01 -4.090000e+01
   endloop
 endfacet
 facet normal  0.000000e+00 -0.000000e+00 -1.000000e+00
   outer loop
     vertex -6.832043e+01 -6.339210e+01 -4.090000e+01
     vertex -6.507567e+01 -6.671879e+01 -4.090000e+01
     vertex -8.943233e+01 -8.298107e+01 -4.090000e+01
   endloop
 endfacet
 facet normal  0.000000e+00  0.000000e+00 -1.000000e+00
   outer loop
     vertex -6.166912e+01 -6.987961e+01 -4.090000e+01
     vertex -8.072567e+01 -9.147331e+01 -4.090000e+01
     vertex -8.518489e+01 -8.733576e+01 -4.090000e+01
   endloop
 endfacet
 facet normal -0.000000e+00  0.000000e+00 -1.000000e+00
   outer loop
     vertex -6.166912e+01 -6.987961e+01 -4.090000e+01
     vertex -8.518489e+01 -8.733576e+01 -4.090000e+01
     vertex -6.507567e+01 -6.671879e+01 -4.090000e+01
   endloop
 endfacet
 facet normal  0.000000e+00  0.000000e+00 -1.000000e+00
   outer loop
     vertex -6.166912e+01 -6.987961e+01 -4.090000e+01
     vertex -7.606576e+01 -9.538344e+01 -4.090000e+01
     vertex -8.072567e+01 -9.147331e+01 -4.090000e+01
   endloop
 endfacet
 facet normal  0.000000e+00 -0.000000e+00 -1.000000e+00
   outer loop
     vertex -7.139534e+01 -5.990781e+01 -4.090000e+01
     vertex -6.832043e+01 -6.339210e+01 -4.090000e+01
     vertex -8.943233e+01 -8.298107e+01 -4.090000e+01
   endloop
 endfacet
 facet normal  0.000000e+00  0.000000e+00 -1.000000e+00
   outer loop
     vertex -7.139534e+01 -5.990781e+01 -4.090000e+01
     vertex -8.943233e+01 -8.298107e+01 -4.090000e+01
     vertex -9.345742e+01 -7.842009e+01 -4.090000e+01
   endloop
 endfacet
 facet normal -0.000000e+00  0.000000e+00 -1.000000e+00
   outer loop
     vertex -5.810925e+01 -7.286669e+01 -4.090000e+01
     vertex -7.606576e+01 -9.538344e+01 -4.090000e+01
     vertex -6.166912e+01 -6.987961e+01 -4.090000e+01
   endloop
 endfacet
 facet normal  0.000000e+00 -0.000000e+00 -1.000000e+00
   outer loop
     vertex -7.429275e+01 -5.627457e+01 -4.090000e+01
     vertex -7.139534e+01 -5.990781e+01 -4.090000e+01
     vertex -9.345742e+01 -7.842009e+01 -4.090000e+01
   endloop
 endfacet
 facet normal  0.000000e+00  0.000000e+00 -1.000000e+00
   outer loop
     vertex -7.429275e+01 -5.627457e+01 -4.090000e+01
     vertex -9.345742e+01 -7.842009e+01 -4.090000e+01
     vertex -9.725017e+01 -7.366414e+01 -4.090000e+01
   endloop
 endfacet
 facet normal -0.000000e+00  0.000000e+00 -1.000000e+00
   outer loop
     vertex -5.440491e+01 -7.567262e+01 -4.090000e+01
     vertex -7.606576e+01 -9.538344e+01 -4.090000e+01
     vertex -5.810925e+01 -7.286669e+01 -4.090000e+01
   endloop
 endfacet
 facet normal  0.000000e+00  0.000000e+00 -1.000000e+00
   outer loop
     vertex -5.440491e+01 -7.567262e+01 -4.090000e+01
     vertex -7.121673e+01 -9.905644e+01 -4.090000e+01
     vertex -7.606576e+01 -9.538344e+01 -4.090000e+01
   endloop
 endfacet
 facet normal  0.000000e+00 -0.000000e+00 -1.000000e+00
   outer loop
     vertex -7.700545e+01 -5.250143e+01 -4.090000e+01
     vertex -7.429275e+01 -5.627457e+01 -4.090000e+01
     vertex -9.725017e+01 -7.366414e+01 -4.090000e+01
   endloop
 endfacet
 facet normal  0.000000e+00  0.000000e+00 -1.000000e+00
   outer loop
     vertex -7.700545e+01 -5.250143e+01 -4.090000e+01
     vertex -9.725017e+01 -7.366414e+01 -4.090000e+01
     vertex -1.008011e+02 -6.872505e+01 -4.090000e+01
   endloop
 endfacet
 facet normal -0.000000e+00  0.000000e+00 -1.000000e+00
   outer loop
     vertex -5.056531e+01 -7.829042e+01 -4.090000e+01
     vertex -7.121673e+01 -9.905644e+01 -4.090000e+01
     vertex -5.440491e+01 -7.567262e+01 -4.090000e+01
   endloop
 endfacet
 facet normal  0.000000e+00  0.000000e+00 -1.000000e+00
   outer loop
     vertex -5.056531e+01 -7.829042e+01 -4.090000e+01
     vertex -6.619064e+01 -1.024832e+02 -4.090000e+01
     vertex -7.121673e+01 -9.905644e+01 -4.090000e+01
   endloop
 endfacet
 facet normal  0.000000e+00 -0.000000e+00 -1.000000e+00
   outer loop
     vertex -7.952671e+01 -4.859776e+01 -4.090000e+01
     vertex -7.700545e+01 -5.250143e+01 -4.090000e+01
     vertex -1.008011e+02 -6.872505e+01 -4.090000e+01
   endloop
 endfacet
 facet normal  0.000000e+00  0.000000e+00 -1.000000e+00
   outer loop
     vertex -7.952671e+01 -4.859776e+01 -4.090000e+01
     vertex -1.008011e+02 -6.872505e+01 -4.090000e+01
     vertex -1.041015e+02 -6.361509e+01 -4.090000e+01
   endloop
 endfacet
 facet normal -0.000000e+00  0.000000e+00 -1.000000e+00
   outer loop
     vertex -4.660000e+01 -8.071357e+01 -4.090000e+01
     vertex -6.619064e+01 -1.024832e+02 -4.090000e+01
     vertex -5.056531e+01 -7.829042e+01 -4.090000e+01
   endloop
 endfacet
 facet normal  0.000000e+00  0.000000e+00 -1.000000e+00
   outer loop
     vertex -4.660000e+01 -8.071357e+01 -4.090000e+01
     vertex -6.100000e+01 -1.056551e+02 -4.090000e+01
     vertex -6.619064e+01 -1.024832e+02 -4.090000e+01
   endloop
 endfacet
 facet normal  0.000000e+00  0.000000e+00 -1.000000e+00
   outer loop
     vertex -4.660000e+01 -8.071357e+01 -4.090000e+01
     vertex -5.565770e+01 -1.085644e+02 -4.090000e+01
     vertex -6.100000e+01 -1.056551e+02 -4.090000e+01
   endloop
 endfacet
 facet normal  0.000000e+00 -0.000000e+00 -1.000000e+00
   outer loop
     vertex -8.185025e+01 -4.457327e+01 -4.090000e+01
     vertex -7.952671e+01 -4.859776e+01 -4.090000e+01
     vertex -1.041015e+02 -6.361509e+01 -4.090000e+01
   endloop
 endfacet
 facet normal  0.000000e+00  0.000000e+00 -1.000000e+00
   outer loop
     vertex -8.185025e+01 -4.457327e+01 -4.090000e+01
     vertex -1.041015e+02 -6.361509e+01 -4.090000e+01
     vertex -1.071430e+02 -5.834699e+01 -4.090000e+01
   endloop
 endfacet
 facet normal -0.000000e+00  0.000000e+00 -1.000000e+00
   outer loop
     vertex -4.251883e+01 -8.293605e+01 -4.090000e+01
     vertex -5.565770e+01 -1.085644e+02 -4.090000e+01
     vertex -4.660000e+01 -8.071357e+01 -4.090000e+01
   endloop
 endfacet
 facet normal  0.000000e+00 -0.000000e+00 -1.000000e+00
   outer loop
     vertex -8.397030e+01 -4.043796e+01 -4.090000e+01
     vertex -8.185025e+01 -4.457327e+01 -4.090000e+01
     vertex -1.071430e+02 -5.834699e+01 -4.090000e+01
   endloop
 endfacet
 facet normal  0.000000e+00  0.000000e+00 -1.000000e+00
   outer loop
     vertex -8.397030e+01 -4.043796e+01 -4.090000e+01
     vertex -1.071430e+02 -5.834699e+01 -4.090000e+01
     vertex -1.099182e+02 -5.293382e+01 -4.090000e+01
   endloop
 endfacet
 facet normal -0.000000e+00  0.000000e+00 -1.000000e+00
   outer loop
     vertex -3.833196e+01 -8.495235e+01 -4.090000e+01
     vertex -5.565770e+01 -1.085644e+02 -4.090000e+01
     vertex -4.251883e+01 -8.293605e+01 -4.090000e+01
   endloop
 endfacet
 facet normal  0.000000e+00  0.000000e+00 -1.000000e+00
   outer loop
     vertex -3.833196e+01 -8.495235e+01 -4.090000e+01
     vertex -5.017703e+01 -1.112037e+02 -4.090000e+01
     vertex -5.565770e+01 -1.085644e+02 -4.090000e+01
   endloop
 endfacet
 facet normal  0.000000e+00  0.000000e+00 -1.000000e+00
   outer loop
     vertex -3.833196e+01 -8.495235e+01 -4.090000e+01
     vertex -4.457160e+01 -1.135666e+02 -4.090000e+01
     vertex -5.017703e+01 -1.112037e+02 -4.090000e+01
   endloop
 endfacet
 facet normal  0.000000e+00 -0.000000e+00 -1.000000e+00
   outer loop
     vertex -8.588158e+01 -3.620212e+01 -4.090000e+01
     vertex -8.397030e+01 -4.043796e+01 -4.090000e+01
     vertex -1.099182e+02 -5.293382e+01 -4.090000e+01
   endloop
 endfacet
 facet normal  0.000000e+00  0.000000e+00 -1.000000e+00
   outer loop
     vertex -8.588158e+01 -3.620212e+01 -4.090000e+01
     vertex -1.099182e+02 -5.293382e+01 -4.090000e+01
     vertex -1.124201e+02 -4.738905e+01 -4.090000e+01
   endloop
 endfacet
 facet normal -0.000000e+00  0.000000e+00 -1.000000e+00
   outer loop
     vertex -3.404978e+01 -8.675743e+01 -4.090000e+01
     vertex -4.457160e+01 -1.135666e+02 -4.090000e+01
     vertex -3.833196e+01 -8.495235e+01 -4.090000e+01
   endloop
 endfacet
 facet normal  0.000000e+00 -0.000000e+00 -1.000000e+00
   outer loop
     vertex -8.757935e+01 -3.187628e+01 -4.090000e+01
     vertex -8.588158e+01 -3.620212e+01 -4.090000e+01
     vertex -1.124201e+02 -4.738905e+01 -4.090000e+01
   endloop
 endfacet
 facet normal  0.000000e+00  0.000000e+00 -1.000000e+00
   outer loop
     vertex -8.757935e+01 -3.187628e+01 -4.090000e+01
     vertex -1.146425e+02 -4.172646e+01 -4.090000e+01
     vertex -1.165799e+02 -3.596013e+01 -4.090000e+01
   endloop
 endfacet
 facet normal  0.000000e+00  0.000000e+00 -1.000000e+00
   outer loop
     vertex -8.757935e+01 -3.187628e+01 -4.090000e+01
     vertex -1.124201e+02 -4.738905e+01 -4.090000e+01
     vertex -1.146425e+02 -4.172646e+01 -4.090000e+01
   endloop
 endfacet
 facet normal -0.000000e+00  0.000000e+00 -1.000000e+00
   outer loop
     vertex -2.968296e+01 -8.834683e+01 -4.090000e+01
     vertex -4.457160e+01 -1.135666e+02 -4.090000e+01
     vertex -3.404978e+01 -8.675743e+01 -4.090000e+01
   endloop
 endfacet
 facet normal  0.000000e+00  0.000000e+00 -1.000000e+00
   outer loop
     vertex -2.968296e+01 -8.834683e+01 -4.090000e+01
     vertex -3.885537e+01 -1.156471e+02 -4.090000e+01
     vertex -4.457160e+01 -1.135666e+02 -4.090000e+01
   endloop
 endfacet
 facet normal  0.000000e+00  0.000000e+00 -1.000000e+00
   outer loop
     vertex -2.968296e+01 -8.834683e+01 -4.090000e+01
     vertex -3.304254e+01 -1.174402e+02 -4.090000e+01
     vertex -3.885537e+01 -1.156471e+02 -4.090000e+01
   endloop
 endfacet
 facet normal  0.000000e+00 -0.000000e+00 -1.000000e+00
   outer loop
     vertex -8.905939e+01 -2.747118e+01 -4.090000e+01
     vertex -8.757935e+01 -3.187628e+01 -4.090000e+01
     vertex -1.165799e+02 -3.596013e+01 -4.090000e+01
   endloop
 endfacet
 facet normal -0.000000e+00  0.000000e+00 -1.000000e+00
   outer loop
     vertex -2.524233e+01 -8.971658e+01 -4.090000e+01
     vertex -3.304254e+01 -1.174402e+02 -4.090000e+01
     vertex -2.968296e+01 -8.834683e+01 -4.090000e+01
   endloop
 endfacet
 facet normal  0.000000e+00 -0.000000e+00 -1.000000e+00
   outer loop
     vertex -9.031800e+01 -2.299779e+01 -4.090000e+01
     vertex -8.905939e+01 -2.747118e+01 -4.090000e+01
     vertex -1.165799e+02 -3.596013e+01 -4.090000e+01
   endloop
 endfacet
 facet normal  0.000000e+00  0.000000e+00 -1.000000e+00
   outer loop
     vertex -9.031800e+01 -2.299779e+01 -4.090000e+01
     vertex -1.182274e+02 -3.010440e+01 -4.090000e+01
     vertex -1.195810e+02 -2.417383e+01 -4.090000e+01
   endloop
 endfacet
 facet normal  0.000000e+00  0.000000e+00 -1.000000e+00
   outer loop
     vertex -9.031800e+01 -2.299779e+01 -4.090000e+01
     vertex -1.165799e+02 -3.596013e+01 -4.090000e+01
     vertex -1.182274e+02 -3.010440e+01 -4.090000e+01
   endloop
 endfacet
 facet normal -0.000000e+00  0.000000e+00 -1.000000e+00
   outer loop
     vertex -2.073895e+01 -9.086328e+01 -4.090000e+01
     vertex -3.304254e+01 -1.174402e+02 -4.090000e+01
     vertex -2.524233e+01 -8.971658e+01 -4.090000e+01
   endloop
 endfacet
 facet normal  0.000000e+00  0.000000e+00 -1.000000e+00
   outer loop
     vertex -2.073895e+01 -9.086328e+01 -4.090000e+01
     vertex -2.714755e+01 -1.189412e+02 -4.090000e+01
     vertex -3.304254e+01 -1.174402e+02 -4.090000e+01
   endloop
 endfacet
 facet normal  0.000000e+00  0.000000e+00 -1.000000e+00
   outer loop
     vertex -2.073895e+01 -9.086328e+01 -4.090000e+01
     vertex -2.118508e+01 -1.201465e+02 -4.090000e+01
     vertex -2.714755e+01 -1.189412e+02 -4.090000e+01
   endloop
 endfacet
 facet normal  0.000000e+00 -0.000000e+00 -1.000000e+00
   outer loop
     vertex -9.135208e+01 -1.846722e+01 -4.090000e+01
     vertex -9.031800e+01 -2.299779e+01 -4.090000e+01
     vertex -1.195810e+02 -2.417383e+01 -4.090000e+01
   endloop
 endfacet
 facet normal -0.000000e+00  0.000000e+00 -1.000000e+00
   outer loop
     vertex -1.618401e+01 -9.178408e+01 -4.090000e+01
     vertex -2.118508e+01 -1.201465e+02 -4.090000e+01
     vertex -2.073895e+01 -9.086328e+01 -4.090000e+01
   endloop
 endfacet
 facet normal  0.000000e+00 -0.000000e+00 -1.000000e+00
   outer loop
     vertex -9.215903e+01 -1.389074e+01 -4.090000e+01
     vertex -9.135208e+01 -1.846722e+01 -4.090000e+01
     vertex -1.195810e+02 -2.417383e+01 -4.090000e+01
   endloop
 endfacet
 facet normal  0.000000e+00  0.000000e+00 -1.000000e+00
   outer loop
     vertex -9.215903e+01 -1.389074e+01 -4.090000e+01
     vertex -1.195810e+02 -2.417383e+01 -4.090000e+01
     vertex -1.206374e+02 -1.818316e+01 -4.090000e+01
   endloop
 endfacet
 facet normal -0.000000e+00  0.000000e+00 -1.000000e+00
   outer loop
     vertex -1.158883e+01 -9.247669e+01 -4.090000e+01
     vertex -2.118508e+01 -1.201465e+02 -4.090000e+01
     vertex -1.618401e+01 -9.178408e+01 -4.090000e+01
   endloop
 endfacet
 facet normal  0.000000e+00  0.000000e+00 -1.000000e+00
   outer loop
     vertex -1.158883e+01 -9.247669e+01 -4.090000e+01
     vertex -1.516993e+01 -1.210532e+02 -4.090000e+01
     vertex -2.118508e+01 -1.201465e+02 -4.090000e+01
   endloop
 endfacet
 facet normal  0.000000e+00 -0.000000e+00 -1.000000e+00
   outer loop
     vertex -1.158883e+01 -9.247669e+01 -4.090000e+01
     vertex -9.117071e+00 -1.216589e+02 -4.090000e+01
     vertex -1.516993e+01 -1.210532e+02 -4.090000e+01
   endloop
 endfacet
 facet normal  0.000000e+00  0.000000e+00 -1.000000e+00
   outer loop
     vertex -9.273687e+01 -9.279723e+00 -4.090000e+01
     vertex -1.206374e+02 -1.818316e+01 -4.090000e+01
     vertex -1.213938e+02 -1.214728e+01 -4.090000e+01
   endloop
 endfacet
 facet normal  0.000000e+00 -0.000000e+00 -1.000000e+00
   outer loop
     vertex -9.273687e+01 -9.279723e+00 -4.090000e+01
     vertex -9.215903e+01 -1.389074e+01 -4.090000e+01
     vertex -1.206374e+02 -1.818316e+01 -4.090000e+01
   endloop
 endfacet
 facet normal -0.000000e+00  0.000000e+00 -1.000000e+00
   outer loop
     vertex -6.964845e+00 -9.293939e+01 -4.090000e+01
     vertex -9.117071e+00 -1.216589e+02 -4.090000e+01
     vertex -1.158883e+01 -9.247669e+01 -4.090000e+01
   endloop
 endfacet
 facet normal  0.000000e+00  0.000000e+00 -1.000000e+00
   outer loop
     vertex -9.308415e+01 -4.645637e+00 -4.090000e+01
     vertex -1.213938e+02 -1.214728e+01 -4.090000e+01
     vertex -1.218483e+02 -6.081198e+00 -4.090000e+01
   endloop
 endfacet
 facet normal  0.000000e+00 -0.000000e+00 -1.000000e+00
   outer loop
     vertex -9.308415e+01 -4.645637e+00 -4.090000e+01
     vertex -9.273687e+01 -9.279723e+00 -4.090000e+01
     vertex -1.213938e+02 -1.214728e+01 -4.090000e+01
   endloop
 endfacet
 facet normal -0.000000e+00  0.000000e+00 -1.000000e+00
   outer loop
     vertex -2.323540e+00 -9.317103e+01 -4.090000e+01
     vertex -9.117071e+00 -1.216589e+02 -4.090000e+01
     vertex -6.964845e+00 -9.293939e+01 -4.090000e+01
   endloop
 endfacet
 facet normal  0.000000e+00  0.000000e+00 -1.000000e+00
   outer loop
     vertex -2.323540e+00 -9.317103e+01 -4.090000e+01
     vertex -3.041544e+00 -1.219621e+02 -4.090000e+01
     vertex -9.117071e+00 -1.216589e+02 -4.090000e+01
   endloop
 endfacet
 facet normal  0.000000e+00 -0.000000e+00 -1.000000e+00
   outer loop
     vertex -2.323540e+00 -9.317103e+01 -4.090000e+01
     vertex  3.041544e+00 -1.219621e+02 -4.090000e+01
     vertex -3.041544e+00 -1.219621e+02 -4.090000e+01
   endloop
 endfacet
 facet normal  0.000000e+00  0.000000e+00 -1.000000e+00
   outer loop
     vertex -9.320000e+01 -3.196992e-13 -4.090000e+01
     vertex -1.218483e+02 -6.081198e+00 -4.090000e+01
     vertex -1.220000e+02 -4.184904e-13 -4.090000e+01
   endloop
 endfacet
 facet normal  0.000000e+00 -0.000000e+00 -1.000000e+00
   outer loop
     vertex -9.320000e+01 -3.196992e-13 -4.090000e+01
     vertex -9.308415e+01 -4.645637e+00 -4.090000e+01
     vertex -1.218483e+02 -6.081198e+00 -4.090000e+01
   endloop
 endfacet
 facet normal  0.000000e+00 -0.000000e+00 -1.000000e+00
   outer loop
     vertex  2.323540e+00 -9.317103e+01 -4.090000e+01
     vertex  3.041544e+00 -1.219621e+02 -4.090000e+01
     vertex -2.323540e+00 -9.317103e+01 -4.090000e+01
   endloop
 endfacet
 facet normal -0.000000e+00  0.000000e+00 -1.000000e+00
   outer loop
     vertex -9.308415e+01  4.645637e+00 -4.090000e+01
     vertex -1.220000e+02 -4.184904e-13 -4.090000e+01
     vertex -1.218483e+02  6.081198e+00 -4.090000e+01
   endloop
 endfacet
 facet normal  0.000000e+00  0.000000e+00 -1.000000e+00
   outer loop
     vertex -9.308415e+01  4.645637e+00 -4.090000e+01
     vertex -9.320000e+01 -3.196992e-13 -4.090000e+01
     vertex -1.220000e+02 -4.184904e-13 -4.090000e+01
   endloop
 endfacet
 facet normal  0.000000e+00  0.000000e+00 -1.000000e+00
   outer loop
     vertex  6.964845e+00 -9.293939e+01 -4.090000e+01
     vertex  3.041544e+00 -1.219621e+02 -4.090000e+01
     vertex  2.323540e+00 -9.317103e+01 -4.090000e+01
   endloop
 endfacet
 facet normal  0.000000e+00 -0.000000e+00 -1.000000e+00
   outer loop
     vertex  6.964845e+00 -9.293939e+01 -4.090000e+01
     vertex  9.117071e+00 -1.216589e+02 -4.090000e+01
     vertex  3.041544e+00 -1.219621e+02 -4.090000e+01
   endloop
 endfacet
 facet normal  0.000000e+00  0.000000e+00 -1.000000e+00
   outer loop
     vertex -9.273687e+01  9.279723e+00 -4.090000e+01
     vertex -9.308415e+01  4.645637e+00 -4.090000e+01
     vertex -1.218483e+02  6.081198e+00 -4.090000e+01
   endloop
 endfacet
 facet normal -0.000000e+00  0.000000e+00 -1.000000e+00
   outer loop
     vertex -9.273687e+01  9.279723e+00 -4.090000e+01
     vertex -1.218483e+02  6.081198e+00 -4.090000e+01
     vertex -1.213938e+02  1.214728e+01 -4.090000e+01
   endloop
 endfacet
 facet normal  0.000000e+00  0.000000e+00 -1.000000e+00
   outer loop
     vertex  1.158883e+01 -9.247669e+01 -4.090000e+01
     vertex  9.117071e+00 -1.216589e+02 -4.090000e+01
     vertex  6.964845e+00 -9.293939e+01 -4.090000e+01
   endloop
 endfacet
 facet normal  0.000000e+00 -0.000000e+00 -1.000000e+00
   outer loop
     vertex  1.158883e+01 -9.247669e+01 -4.090000e+01
     vertex  1.516993e+01 -1.210532e+02 -4.090000e+01
     vertex  9.117071e+00 -1.216589e+02 -4.090000e+01
   endloop
 endfacet
 facet normal  0.000000e+00  0.000000e+00 -1.000000e+00
   outer loop
     vertex -9.215903e+01  1.389074e+01 -4.090000e+01
     vertex -9.273687e+01  9.279723e+00 -4.090000e+01
     vertex -1.213938e+02  1.214728e+01 -4.090000e+01
   endloop
 endfacet
 facet normal -0.000000e+00  0.000000e+00 -1.000000e+00
   outer loop
     vertex -9.215903e+01  1.389074e+01 -4.090000e+01
     vertex -1.213938e+02  1.214728e+01 -4.090000e+01
     vertex -1.206374e+02  1.818316e+01 -4.090000e+01
   endloop
 endfacet
 facet normal  0.000000e+00  0.000000e+00 -1.000000e+00
   outer loop
     vertex  1.618401e+01 -9.178408e+01 -4.090000e+01
     vertex  1.516993e+01 -1.210532e+02 -4.090000e+01
     vertex  1.158883e+01 -9.247669e+01 -4.090000e+01
   endloop
 endfacet
 facet normal  0.000000e+00 -0.000000e+00 -1.000000e+00
   outer loop
     vertex  1.618401e+01 -9.178408e+01 -4.090000e+01
     vertex  2.118508e+01 -1.201465e+02 -4.090000e+01
     vertex  1.516993e+01 -1.210532e+02 -4.090000e+01
   endloop
 endfacet
 facet normal  0.000000e+00  0.000000e+00 -1.000000e+00
   outer loop
     vertex -9.135208e+01  1.846722e+01 -4.090000e+01
     vertex -9.215903e+01  1.389074e+01 -4.090000e+01
     vertex -1.206374e+02  1.818316e+01 -4.090000e+01
   endloop
 endfacet
 facet normal -0.000000e+00  0.000000e+00 -1.000000e+00
   outer loop
     vertex -9.135208e+01  1.846722e+01 -4.090000e+01
     vertex -1.206374e+02  1.818316e+01 -4.090000e+01
     vertex -1.195810e+02  2.417383e+01 -4.090000e+01
   endloop
 endfacet
 facet normal  0.000000e+00 -0.000000e+00 -1.000000e+00
   outer loop
     vertex  2.073895e+01 -9.086328e+01 -4.090000e+01
     vertex  2.118508e+01 -1.201465e+02 -4.090000e+01
     vertex  1.618401e+01 -9.178408e+01 -4.090000e+01
   endloop
 endfacet
 facet normal  0.000000e+00  0.000000e+00 -1.000000e+00
   outer loop
     vertex  2.073895e+01 -9.086328e+01 -4.090000e+01
     vertex  2.714755e+01 -1.189412e+02 -4.090000e+01
     vertex  2.118508e+01 -1.201465e+02 -4.090000e+01
   endloop
 endfacet
 facet normal  0.000000e+00  0.000000e+00 -1.000000e+00
   outer loop
     vertex  2.073895e+01 -9.086328e+01 -4.090000e+01
     vertex  3.304254e+01 -1.174402e+02 -4.090000e+01
     vertex  2.714755e+01 -1.189412e+02 -4.090000e+01
   endloop
 endfacet
 facet normal -0.000000e+00  0.000000e+00 -1.000000e+00
   outer loop
     vertex -9.031800e+01  2.299779e+01 -4.090000e+01
     vertex -9.135208e+01  1.846722e+01 -4.090000e+01
     vertex -1.195810e+02  2.417383e+01 -4.090000e+01
   endloop
 endfacet
 facet normal  0.000000e+00  0.000000e+00 -1.000000e+00
   outer loop
     vertex -9.031800e+01  2.299779e+01 -4.090000e+01
     vertex -1.195810e+02  2.417383e+01 -4.090000e+01
     vertex -1.182274e+02  3.010440e+01 -4.090000e+01
   endloop
 endfacet
 facet normal  0.000000e+00 -0.000000e+00 -1.000000e+00
   outer loop
     vertex  2.524233e+01 -8.971658e+01 -4.090000e+01
     vertex  3.304254e+01 -1.174402e+02 -4.090000e+01
     vertex  2.073895e+01 -9.086328e+01 -4.090000e+01
   endloop
 endfacet
 facet normal -0.000000e+00  0.000000e+00 -1.000000e+00
   outer loop
     vertex -8.905939e+01  2.747118e+01 -4.090000e+01
     vertex -9.031800e+01  2.299779e+01 -4.090000e+01
     vertex -1.182274e+02  3.010440e+01 -4.090000e+01
   endloop
 endfacet
 facet normal  0.000000e+00  0.000000e+00 -1.000000e+00
   outer loop
     vertex -8.905939e+01  2.747118e+01 -4.090000e+01
     vertex -1.182274e+02  3.010440e+01 -4.090000e+01
     vertex -1.165799e+02  3.596013e+01 -4.090000e+01
   endloop
 endfacet
 facet normal  0.000000e+00  0.000000e+00 -1.000000e+00
   outer loop
     vertex  2.968296e+01 -8.834683e+01 -4.090000e+01
     vertex  3.885537e+01 -1.156471e+02 -4.090000e+01
     vertex  3.304254e+01 -1.174402e+02 -4.090000e+01
   endloop
 endfacet
 facet normal  0.000000e+00 -0.000000e+00 -1.000000e+00
   outer loop
     vertex  2.968296e+01 -8.834683e+01 -4.090000e+01
     vertex  3.304254e+01 -1.174402e+02 -4.090000e+01
     vertex  2.524233e+01 -8.971658e+01 -4.090000e+01
   endloop
 endfacet
 facet normal -0.000000e+00  0.000000e+00 -1.000000e+00
   outer loop
     vertex -8.757935e+01  3.187628e+01 -4.090000e+01
     vertex -8.905939e+01  2.747118e+01 -4.090000e+01
     vertex -1.165799e+02  3.596013e+01 -4.090000e+01
   endloop
 endfacet
 facet normal  0.000000e+00  0.000000e+00 -1.000000e+00
   outer loop
     vertex -8.757935e+01  3.187628e+01 -4.090000e+01
     vertex -1.165799e+02  3.596013e+01 -4.090000e+01
     vertex -1.146425e+02  4.172646e+01 -4.090000e+01
   endloop
 endfacet
 facet normal  0.000000e+00  0.000000e+00 -1.000000e+00
   outer loop
     vertex  3.404978e+01 -8.675743e+01 -4.090000e+01
     vertex  4.457160e+01 -1.135666e+02 -4.090000e+01
     vertex  3.885537e+01 -1.156471e+02 -4.090000e+01
   endloop
 endfacet
 facet normal  0.000000e+00 -0.000000e+00 -1.000000e+00
   outer loop
     vertex  3.404978e+01 -8.675743e+01 -4.090000e+01
     vertex  3.885537e+01 -1.156471e+02 -4.090000e+01
     vertex  2.968296e+01 -8.834683e+01 -4.090000e+01
   endloop
 endfacet
 facet normal -0.000000e+00  0.000000e+00 -1.000000e+00
   outer loop
     vertex -8.588158e+01  3.620212e+01 -4.090000e+01
     vertex -8.757935e+01  3.187628e+01 -4.090000e+01
     vertex -1.146425e+02  4.172646e+01 -4.090000e+01
   endloop
 endfacet
 facet normal  0.000000e+00  0.000000e+00 -1.000000e+00
   outer loop
     vertex -8.588158e+01  3.620212e+01 -4.090000e+01
     vertex -1.146425e+02  4.172646e+01 -4.090000e+01
     vertex -1.124201e+02  4.738905e+01 -4.090000e+01
   endloop
 endfacet
 facet normal  0.000000e+00  0.000000e+00 -1.000000e+00
   outer loop
     vertex  3.833196e+01 -8.495235e+01 -4.090000e+01
     vertex  5.017703e+01 -1.112037e+02 -4.090000e+01
     vertex  4.457160e+01 -1.135666e+02 -4.090000e+01
   endloop
 endfacet
 facet normal  0.000000e+00  0.000000e+00 -1.000000e+00
   outer loop
     vertex  3.833196e+01 -8.495235e+01 -4.090000e+01
     vertex  5.565770e+01 -1.085644e+02 -4.090000e+01
     vertex  5.017703e+01 -1.112037e+02 -4.090000e+01
   endloop
 endfacet
 facet normal  0.000000e+00 -0.000000e+00 -1.000000e+00
   outer loop
     vertex  3.833196e+01 -8.495235e+01 -4.090000e+01
     vertex  4.457160e+01 -1.135666e+02 -4.090000e+01
     vertex  3.404978e+01 -8.675743e+01 -4.090000e+01
   endloop
 endfacet
 facet normal -0.000000e+00  0.000000e+00 -1.000000e+00
   outer loop
     vertex -8.397030e+01  4.043796e+01 -4.090000e+01
     vertex -8.588158e+01  3.620212e+01 -4.090000e+01
     vertex -1.124201e+02  4.738905e+01 -4.090000e+01
   endloop
 endfacet
 facet normal  0.000000e+00  0.000000e+00 -1.000000e+00
   outer loop
     vertex -8.397030e+01  4.043796e+01 -4.090000e+01
     vertex -1.124201e+02  4.738905e+01 -4.090000e+01
     vertex -1.099182e+02  5.293382e+01 -4.090000e+01
   endloop
 endfacet
 facet normal  0.000000e+00 -0.000000e+00 -1.000000e+00
   outer loop
     vertex  4.251883e+01 -8.293605e+01 -4.090000e+01
     vertex  5.565770e+01 -1.085644e+02 -4.090000e+01
     vertex  3.833196e+01 -8.495235e+01 -4.090000e+01
   endloop
 endfacet
 facet normal  0.000000e+00  0.000000e+00 -1.000000e+00
   outer loop
     vertex -8.185025e+01  4.457327e+01 -4.090000e+01
     vertex -1.099182e+02  5.293382e+01 -4.090000e+01
     vertex -1.071430e+02  5.834699e+01 -4.090000e+01
   endloop
 endfacet
 facet normal -0.000000e+00  0.000000e+00 -1.000000e+00
   outer loop
     vertex -8.185025e+01  4.457327e+01 -4.090000e+01
     vertex -8.397030e+01  4.043796e+01 -4.090000e+01
     vertex -1.099182e+02  5.293382e+01 -4.090000e+01
   endloop
 endfacet
 facet normal  0.000000e+00  0.000000e+00 -1.000000e+00
   outer loop
     vertex  4.660000e+01 -8.071357e+01 -4.090000e+01
     vertex  6.100000e+01 -1.056551e+02 -4.090000e+01
     vertex  5.565770e+01 -1.085644e+02 -4.090000e+01
   endloop
 endfacet
 facet normal  0.000000e+00  0.000000e+00 -1.000000e+00
   outer loop
     vertex  4.660000e+01 -8.071357e+01 -4.090000e+01
     vertex  6.619064e+01 -1.024832e+02 -4.090000e+01
     vertex  6.100000e+01 -1.056551e+02 -4.090000e+01
   endloop
 endfacet
 facet normal  0.000000e+00 -0.000000e+00 -1.000000e+00
   outer loop
     vertex  4.660000e+01 -8.071357e+01 -4.090000e+01
     vertex  5.565770e+01 -1.085644e+02 -4.090000e+01
     vertex  4.251883e+01 -8.293605e+01 -4.090000e+01
   endloop
 endfacet
 facet normal -0.000000e+00  0.000000e+00 -1.000000e+00
   outer loop
     vertex -7.952671e+01  4.859776e+01 -4.090000e+01
     vertex -8.185025e+01  4.457327e+01 -4.090000e+01
     vertex -1.071430e+02  5.834699e+01 -4.090000e+01
   endloop
 endfacet
 facet normal  0.000000e+00  0.000000e+00 -1.000000e+00
   outer loop
     vertex -7.952671e+01  4.859776e+01 -4.090000e+01
     vertex -1.071430e+02  5.834699e+01 -4.090000e+01
     vertex -1.041015e+02  6.361509e+01 -4.090000e+01
   endloop
 endfacet
 facet normal  0.000000e+00 -0.000000e+00 -1.000000e+00
   outer loop
     vertex  5.056531e+01 -7.829042e+01 -4.090000e+01
     vertex  6.619064e+01 -1.024832e+02 -4.090000e+01
     vertex  4.660000e+01 -8.071357e+01 -4.090000e+01
   endloop
 endfacet
 facet normal  0.000000e+00  0.000000e+00 -1.000000e+00
   outer loop
     vertex -7.700545e+01  5.250143e+01 -4.090000e+01
     vertex -1.041015e+02  6.361509e+01 -4.090000e+01
     vertex -1.008011e+02  6.872505e+01 -4.090000e+01
   endloop
 endfacet
 facet normal -0.000000e+00  0.000000e+00 -1.000000e+00
   outer loop
     vertex -7.700545e+01  5.250143e+01 -4.090000e+01
     vertex -7.952671e+01  4.859776e+01 -4.090000e+01
     vertex -1.041015e+02  6.361509e+01 -4.090000e+01
   endloop
 endfacet
 facet normal  0.000000e+00  0.000000e+00 -1.000000e+00
   outer loop
     vertex  5.440491e+01 -7.567262e+01 -4.090000e+01
     vertex  7.121673e+01 -9.905644e+01 -4.090000e+01
     vertex  6.619064e+01 -1.024832e+02 -4.090000e+01
   endloop
 endfacet
 facet normal  0.000000e+00 -0.000000e+00 -1.000000e+00
   outer loop
     vertex  5.440491e+01 -7.567262e+01 -4.090000e+01
     vertex  6.619064e+01 -1.024832e+02 -4.090000e+01
     vertex  5.056531e+01 -7.829042e+01 -4.090000e+01
   endloop
 endfacet
 facet normal  0.000000e+00  0.000000e+00 -1.000000e+00
   outer loop
     vertex -7.429275e+01  5.627457e+01 -4.090000e+01
     vertex -1.008011e+02  6.872505e+01 -4.090000e+01
     vertex -9.725017e+01  7.366414e+01 -4.090000e+01
   endloop
 endfacet
 facet normal -0.000000e+00  0.000000e+00 -1.000000e+00
   outer loop
     vertex -7.429275e+01  5.627457e+01 -4.090000e+01
     vertex -7.700545e+01  5.250143e+01 -4.090000e+01
     vertex -1.008011e+02  6.872505e+01 -4.090000e+01
   endloop
 endfacet
 facet normal  0.000000e+00 -0.000000e+00 -1.000000e+00
   outer loop
     vertex -9.345742e+01  7.842009e+01 -4.090000e+01
     vertex -7.429275e+01  5.627457e+01 -4.090000e+01
     vertex -9.725017e+01  7.366414e+01 -4.090000e+01
   endloop
 endfacet
 facet normal  0.000000e+00  0.000000e+00 -1.000000e+00
   outer loop
     vertex  5.810925e+01 -7.286669e+01 -4.090000e+01
     vertex  7.606576e+01 -9.538344e+01 -4.090000e+01
     vertex  7.121673e+01 -9.905644e+01 -4.090000e+01
   endloop
 endfacet
 facet normal  0.000000e+00 -0.000000e+00 -1.000000e+00
   outer loop
     vertex  5.810925e+01 -7.286669e+01 -4.090000e+01
     vertex  7.121673e+01 -9.905644e+01 -4.090000e+01
     vertex  5.440491e+01 -7.567262e+01 -4.090000e+01
   endloop
 endfacet
 facet normal -0.000000e+00  0.000000e+00 -1.000000e+00
   outer loop
     vertex -7.139534e+01  5.990781e+01 -4.090000e+01
     vertex -7.429275e+01  5.627457e+01 -4.090000e+01
     vertex -9.345742e+01  7.842009e+01 -4.090000e+01
   endloop
 endfacet
 facet normal  0.000000e+00  0.000000e+00 -1.000000e+00
   outer loop
     vertex  6.166912e+01 -6.987961e+01 -4.090000e+01
     vertex  8.072567e+01 -9.147331e+01 -4.090000e+01
     vertex  7.606576e+01 -9.538344e+01 -4.090000e+01
   endloop
 endfacet
 facet normal  0.000000e+00 -0.000000e+00 -1.000000e+00
   outer loop
     vertex  6.166912e+01 -6.987961e+01 -4.090000e+01
     vertex  7.606576e+01 -9.538344e+01 -4.090000e+01
     vertex  5.810925e+01 -7.286669e+01 -4.090000e+01
   endloop
 endfacet
 facet normal  0.000000e+00  0.000000e+00 -1.000000e+00
   outer loop
     vertex -6.832043e+01  6.339210e+01 -4.090000e+01
     vertex -9.345742e+01  7.842009e+01 -4.090000e+01
     vertex -8.943233e+01  8.298107e+01 -4.090000e+01
   endloop
 endfacet
 facet normal -0.000000e+00  0.000000e+00 -1.000000e+00
   outer loop
     vertex -6.832043e+01  6.339210e+01 -4.090000e+01
     vertex -7.139534e+01  5.990781e+01 -4.090000e+01
     vertex -9.345742e+01  7.842009e+01 -4.090000e+01
   endloop
 endfacet
 facet normal -0.000000e+00  0.000000e+00 -1.000000e+00
   outer loop
     vertex  8.518489e+01 -8.733576e+01 -4.090000e+01
     vertex  8.072567e+01 -9.147331e+01 -4.090000e+01
     vertex  6.166912e+01 -6.987961e+01 -4.090000e+01
   endloop
 endfacet
 facet normal  0.000000e+00 -0.000000e+00 -1.000000e+00
   outer loop
     vertex  6.507567e+01 -6.671879e+01 -4.090000e+01
     vertex  8.518489e+01 -8.733576e+01 -4.090000e+01
     vertex  6.166912e+01 -6.987961e+01 -4.090000e+01
   endloop
 endfacet
 facet normal -0.000000e+00  0.000000e+00 -1.000000e+00
   outer loop
     vertex -6.507567e+01  6.671879e+01 -4.090000e+01
     vertex -6.832043e+01  6.339210e+01 -4.090000e+01
     vertex -8.943233e+01  8.298107e+01 -4.090000e+01
   endloop
 endfacet
 facet normal  0.000000e+00 -0.000000e+00 -1.000000e+00
   outer loop
     vertex -8.518489e+01  8.733576e+01 -4.090000e+01
     vertex -6.507567e+01  6.671879e+01 -4.090000e+01
     vertex -8.943233e+01  8.298107e+01 -4.090000e+01
   endloop
 endfacet
 facet normal  0.000000e+00  0.000000e+00 -1.000000e+00
   outer loop
     vertex  8.943233e+01 -8.298107e+01 -4.090000e+01
     vertex  6.507567e+01 -6.671879e+01 -4.090000e+01
     vertex  6.832043e+01 -6.339210e+01 -4.090000e+01
   endloop
 endfacet
 facet normal -0.000000e+00  0.000000e+00 -1.000000e+00
   outer loop
     vertex  8.943233e+01 -8.298107e+01 -4.090000e+01
     vertex  8.518489e+01 -8.733576e+01 -4.090000e+01
     vertex  6.507567e+01 -6.671879e+01 -4.090000e+01
   endloop
 endfacet
 facet normal  0.000000e+00 -0.000000e+00 -1.000000e+00
   outer loop
     vertex -8.072567e+01  9.147331e+01 -4.090000e+01
     vertex -6.507567e+01  6.671879e+01 -4.090000e+01
     vertex -8.518489e+01  8.733576e+01 -4.090000e+01
   endloop
 endfacet
 facet normal  0.000000e+00  0.000000e+00 -1.000000e+00
   outer loop
     vertex -8.072567e+01  9.147331e+01 -4.090000e+01
     vertex -6.166912e+01  6.987961e+01 -4.090000e+01
     vertex -6.507567e+01  6.671879e+01 -4.090000e+01
   endloop
 endfacet
 facet normal  0.000000e+00  0.000000e+00 -1.000000e+00
   outer loop
     vertex  9.345742e+01 -7.842009e+01 -4.090000e+01
     vertex  6.832043e+01 -6.339210e+01 -4.090000e+01
     vertex  7.139534e+01 -5.990781e+01 -4.090000e+01
   endloop
 endfacet
 facet normal -0.000000e+00  0.000000e+00 -1.000000e+00
   outer loop
     vertex  9.345742e+01 -7.842009e+01 -4.090000e+01
     vertex  8.943233e+01 -8.298107e+01 -4.090000e+01
     vertex  6.832043e+01 -6.339210e+01 -4.090000e+01
   endloop
 endfacet
 facet normal  0.000000e+00 -0.000000e+00 -1.000000e+00
   outer loop
     vertex -7.606576e+01  9.538344e+01 -4.090000e+01
     vertex -6.166912e+01  6.987961e+01 -4.090000e+01
     vertex -8.072567e+01  9.147331e+01 -4.090000e+01
   endloop
 endfacet
 facet normal  0.000000e+00  0.000000e+00 -1.000000e+00
   outer loop
     vertex -7.606576e+01  9.538344e+01 -4.090000e+01
     vertex -5.810925e+01  7.286669e+01 -4.090000e+01
     vertex -6.166912e+01  6.987961e+01 -4.090000e+01
   endloop
 endfacet
 facet normal -0.000000e+00  0.000000e+00 -1.000000e+00
   outer loop
     vertex -5.440491e+01  7.567262e+01 -4.090000e+01
     vertex -5.810925e+01  7.286669e+01 -4.090000e+01
     vertex -7.606576e+01  9.538344e+01 -4.090000e+01
   endloop
 endfacet
 facet normal -0.000000e+00  0.000000e+00 -1.000000e+00
   outer loop
     vertex  9.725017e+01 -7.366414e+01 -4.090000e+01
     vertex  9.345742e+01 -7.842009e+01 -4.090000e+01
     vertex  7.139534e+01 -5.990781e+01 -4.090000e+01
   endloop
 endfacet
 facet normal  0.000000e+00  0.000000e+00 -1.000000e+00
   outer loop
     vertex  9.725017e+01 -7.366414e+01 -4.090000e+01
     vertex  7.139534e+01 -5.990781e+01 -4.090000e+01
     vertex  7.429275e+01 -5.627457e+01 -4.090000e+01
   endloop
 endfacet
 facet normal  0.000000e+00 -0.000000e+00 -1.000000e+00
   outer loop
     vertex  7.700545e+01 -5.250143e+01 -4.090000e+01
     vertex  9.725017e+01 -7.366414e+01 -4.090000e+01
     vertex  7.429275e+01 -5.627457e+01 -4.090000e+01
   endloop
 endfacet
 facet normal  0.000000e+00 -0.000000e+00 -1.000000e+00
   outer loop
     vertex -7.121673e+01  9.905644e+01 -4.090000e+01
     vertex -5.440491e+01  7.567262e+01 -4.090000e+01
     vertex -7.606576e+01  9.538344e+01 -4.090000e+01
   endloop
 endfacet
 facet normal -0.000000e+00  0.000000e+00 -1.000000e+00
   outer loop
     vertex  1.008011e+02 -6.872505e+01 -4.090000e+01
     vertex  9.725017e+01 -7.366414e+01 -4.090000e+01
     vertex  7.700545e+01 -5.250143e+01 -4.090000e+01
   endloop
 endfacet
 facet normal  0.000000e+00 -0.000000e+00 -1.000000e+00
   outer loop
     vertex -6.619064e+01  1.024832e+02 -4.090000e+01
     vertex -5.440491e+01  7.567262e+01 -4.090000e+01
     vertex -7.121673e+01  9.905644e+01 -4.090000e+01
   endloop
 endfacet
 facet normal  0.000000e+00  0.000000e+00 -1.000000e+00
   outer loop
     vertex -6.619064e+01  1.024832e+02 -4.090000e+01
     vertex -5.056531e+01  7.829042e+01 -4.090000e+01
     vertex -5.440491e+01  7.567262e+01 -4.090000e+01
   endloop
 endfacet
 facet normal -0.000000e+00  0.000000e+00 -1.000000e+00
   outer loop
     vertex  1.041015e+02 -6.361509e+01 -4.090000e+01
     vertex  1.008011e+02 -6.872505e+01 -4.090000e+01
     vertex  7.700545e+01 -5.250143e+01 -4.090000e+01
   endloop
 endfacet
 facet normal  0.000000e+00  0.000000e+00 -1.000000e+00
   outer loop
     vertex  1.041015e+02 -6.361509e+01 -4.090000e+01
     vertex  7.700545e+01 -5.250143e+01 -4.090000e+01
     vertex  7.952671e+01 -4.859776e+01 -4.090000e+01
   endloop
 endfacet
 facet normal  0.000000e+00 -0.000000e+00 -1.000000e+00
   outer loop
     vertex -6.100000e+01  1.056551e+02 -4.090000e+01
     vertex -5.056531e+01  7.829042e+01 -4.090000e+01
     vertex -6.619064e+01  1.024832e+02 -4.090000e+01
   endloop
 endfacet
 facet normal  0.000000e+00  0.000000e+00 -1.000000e+00
   outer loop
     vertex -6.100000e+01  1.056551e+02 -4.090000e+01
     vertex -4.251883e+01  8.293605e+01 -4.090000e+01
     vertex -4.660000e+01  8.071357e+01 -4.090000e+01
   endloop
 endfacet
 facet normal  0.000000e+00  0.000000e+00 -1.000000e+00
   outer loop
     vertex -6.100000e+01  1.056551e+02 -4.090000e+01
     vertex -4.660000e+01  8.071357e+01 -4.090000e+01
     vertex -5.056531e+01  7.829042e+01 -4.090000e+01
   endloop
 endfacet
 facet normal  0.000000e+00  0.000000e+00 -1.000000e+00
   outer loop
     vertex  1.071430e+02 -5.834699e+01 -4.090000e+01
     vertex  7.952671e+01 -4.859776e+01 -4.090000e+01
     vertex  8.185025e+01 -4.457327e+01 -4.090000e+01
   endloop
 endfacet
 facet normal -0.000000e+00  0.000000e+00 -1.000000e+00
   outer loop
     vertex  1.071430e+02 -5.834699e+01 -4.090000e+01
     vertex  1.041015e+02 -6.361509e+01 -4.090000e+01
     vertex  7.952671e+01 -4.859776e+01 -4.090000e+01
   endloop
 endfacet
 facet normal  0.000000e+00 -0.000000e+00 -1.000000e+00
   outer loop
     vertex -5.565770e+01  1.085644e+02 -4.090000e+01
     vertex -4.251883e+01  8.293605e+01 -4.090000e+01
     vertex -6.100000e+01  1.056551e+02 -4.090000e+01
   endloop
 endfacet
 facet normal -0.000000e+00  0.000000e+00 -1.000000e+00
   outer loop
     vertex  1.099182e+02 -5.293382e+01 -4.090000e+01
     vertex  1.071430e+02 -5.834699e+01 -4.090000e+01
     vertex  8.185025e+01 -4.457327e+01 -4.090000e+01
   endloop
 endfacet
 facet normal  0.000000e+00  0.000000e+00 -1.000000e+00
   outer loop
     vertex  1.099182e+02 -5.293382e+01 -4.090000e+01
     vertex  8.185025e+01 -4.457327e+01 -4.090000e+01
     vertex  8.397030e+01 -4.043796e+01 -4.090000e+01
   endloop
 endfacet
 facet normal  0.000000e+00 -0.000000e+00 -1.000000e+00
   outer loop
     vertex -5.017703e+01  1.112037e+02 -4.090000e+01
     vertex -4.251883e+01  8.293605e+01 -4.090000e+01
     vertex -5.565770e+01  1.085644e+02 -4.090000e+01
   endloop
 endfacet
 facet normal  0.000000e+00  0.000000e+00 -1.000000e+00
   outer loop
     vertex -5.017703e+01  1.112037e+02 -4.090000e+01
     vertex -3.404978e+01  8.675743e+01 -4.090000e+01
     vertex -3.833196e+01  8.495235e+01 -4.090000e+01
   endloop
 endfacet
 facet normal  0.000000e+00  0.000000e+00 -1.000000e+00
   outer loop
     vertex -5.017703e+01  1.112037e+02 -4.090000e+01
     vertex -3.833196e+01  8.495235e+01 -4.090000e+01
     vertex -4.251883e+01  8.293605e+01 -4.090000e+01
   endloop
 endfacet
 facet normal  0.000000e+00  0.000000e+00 -1.000000e+00
   outer loop
     vertex  1.124201e+02 -4.738905e+01 -4.090000e+01
     vertex  8.397030e+01 -4.043796e+01 -4.090000e+01
     vertex  8.588158e+01 -3.620212e+01 -4.090000e+01
   endloop
 endfacet
 facet normal  0.000000e+00  0.000000e+00 -1.000000e+00
   outer loop
     vertex  1.124201e+02 -4.738905e+01 -4.090000e+01
     vertex  8.588158e+01 -3.620212e+01 -4.090000e+01
     vertex  8.757935e+01 -3.187628e+01 -4.090000e+01
   endloop
 endfacet
 facet normal -0.000000e+00  0.000000e+00 -1.000000e+00
   outer loop
     vertex  1.124201e+02 -4.738905e+01 -4.090000e+01
     vertex  1.099182e+02 -5.293382e+01 -4.090000e+01
     vertex  8.397030e+01 -4.043796e+01 -4.090000e+01
   endloop
 endfacet
 facet normal  0.000000e+00  0.000000e+00 -1.000000e+00
   outer loop
     vertex -4.457160e+01  1.135666e+02 -4.090000e+01
     vertex -2.968296e+01  8.834683e+01 -4.090000e+01
     vertex -3.404978e+01  8.675743e+01 -4.090000e+01
   endloop
 endfacet
 facet normal  0.000000e+00 -0.000000e+00 -1.000000e+00
   outer loop
     vertex -4.457160e+01  1.135666e+02 -4.090000e+01
     vertex -3.404978e+01  8.675743e+01 -4.090000e+01
     vertex -5.017703e+01  1.112037e+02 -4.090000e+01
   endloop
 endfacet
 facet normal  0.000000e+00  0.000000e+00 -1.000000e+00
   outer loop
     vertex  1.146425e+02 -4.172646e+01 -4.090000e+01
     vertex  8.757935e+01 -3.187628e+01 -4.090000e+01
     vertex  8.905939e+01 -2.747118e+01 -4.090000e+01
   endloop
 endfacet
 facet normal -0.000000e+00  0.000000e+00 -1.000000e+00
   outer loop
     vertex  1.146425e+02 -4.172646e+01 -4.090000e+01
     vertex  1.124201e+02 -4.738905e+01 -4.090000e+01
     vertex  8.757935e+01 -3.187628e+01 -4.090000e+01
   endloop
 endfacet
 facet normal  0.000000e+00 -0.000000e+00 -1.000000e+00
   outer loop
     vertex -3.885537e+01  1.156471e+02 -4.090000e+01
     vertex -2.968296e+01  8.834683e+01 -4.090000e+01
     vertex -4.457160e+01  1.135666e+02 -4.090000e+01
   endloop
 endfacet
 facet normal -0.000000e+00  0.000000e+00 -1.000000e+00
   outer loop
     vertex  1.165799e+02 -3.596013e+01 -4.090000e+01
     vertex  1.146425e+02 -4.172646e+01 -4.090000e+01
     vertex  8.905939e+01 -2.747118e+01 -4.090000e+01
   endloop
 endfacet
 facet normal  0.000000e+00  0.000000e+00 -1.000000e+00
   outer loop
     vertex -3.304254e+01  1.174402e+02 -4.090000e+01
     vertex -2.524233e+01  8.971658e+01 -4.090000e+01
     vertex -2.968296e+01  8.834683e+01 -4.090000e+01
   endloop
 endfacet
 facet normal  0.000000e+00 -0.000000e+00 -1.000000e+00
   outer loop
     vertex -3.304254e+01  1.174402e+02 -4.090000e+01
     vertex -2.968296e+01  8.834683e+01 -4.090000e+01
     vertex -3.885537e+01  1.156471e+02 -4.090000e+01
   endloop
 endfacet
 facet normal  0.000000e+00  0.000000e+00 -1.000000e+00
   outer loop
     vertex  1.182274e+02 -3.010440e+01 -4.090000e+01
     vertex  8.905939e+01 -2.747118e+01 -4.090000e+01
     vertex  9.031800e+01 -2.299779e+01 -4.090000e+01
   endloop
 endfacet
 facet normal  0.000000e+00  0.000000e+00 -1.000000e+00
   outer loop
     vertex  1.182274e+02 -3.010440e+01 -4.090000e+01
     vertex  9.031800e+01 -2.299779e+01 -4.090000e+01
     vertex  9.135208e+01 -1.846722e+01 -4.090000e+01
   endloop
 endfacet
 facet normal -0.000000e+00  0.000000e+00 -1.000000e+00
   outer loop
     vertex  1.182274e+02 -3.010440e+01 -4.090000e+01
     vertex  1.165799e+02 -3.596013e+01 -4.090000e+01
     vertex  8.905939e+01 -2.747118e+01 -4.090000e+01
   endloop
 endfacet
 facet normal  0.000000e+00  0.000000e+00 -1.000000e+00
   outer loop
     vertex -2.714755e+01  1.189412e+02 -4.090000e+01
     vertex -1.618401e+01  9.178408e+01 -4.090000e+01
     vertex -2.073895e+01  9.086328e+01 -4.090000e+01
   endloop
 endfacet
 facet normal  0.000000e+00  0.000000e+00 -1.000000e+00
   outer loop
     vertex -2.714755e+01  1.189412e+02 -4.090000e+01
     vertex -2.073895e+01  9.086328e+01 -4.090000e+01
     vertex -2.524233e+01  8.971658e+01 -4.090000e+01
   endloop
 endfacet
 facet normal  0.000000e+00 -0.000000e+00 -1.000000e+00
   outer loop
     vertex -2.714755e+01  1.189412e+02 -4.090000e+01
     vertex -2.524233e+01  8.971658e+01 -4.090000e+01
     vertex -3.304254e+01  1.174402e+02 -4.090000e+01
   endloop
 endfacet
 facet normal -0.000000e+00  0.000000e+00 -1.000000e+00
   outer loop
     vertex  1.195810e+02 -2.417383e+01 -4.090000e+01
     vertex  1.182274e+02 -3.010440e+01 -4.090000e+01
     vertex  9.135208e+01 -1.846722e+01 -4.090000e+01
   endloop
 endfacet
 facet normal  0.000000e+00 -0.000000e+00 -1.000000e+00
   outer loop
     vertex -2.118508e+01  1.201465e+02 -4.090000e+01
     vertex -1.618401e+01  9.178408e+01 -4.090000e+01
     vertex -2.714755e+01  1.189412e+02 -4.090000e+01
   endloop
 endfacet
 facet normal -0.000000e+00  0.000000e+00 -1.000000e+00
   outer loop
     vertex  1.206374e+02 -1.818316e+01 -4.090000e+01
     vertex  9.135208e+01 -1.846722e+01 -4.090000e+01
     vertex  9.215903e+01 -1.389074e+01 -4.090000e+01
   endloop
 endfacet
 facet normal  0.000000e+00  0.000000e+00 -1.000000e+00
   outer loop
     vertex  1.206374e+02 -1.818316e+01 -4.090000e+01
     vertex  9.215903e+01 -1.389074e+01 -4.090000e+01
     vertex  9.273687e+01 -9.279723e+00 -4.090000e+01
   endloop
 endfacet
 facet normal  0.000000e+00  0.000000e+00 -1.000000e+00
   outer loop
     vertex  1.206374e+02 -1.818316e+01 -4.090000e+01
     vertex  1.195810e+02 -2.417383e+01 -4.090000e+01
     vertex  9.135208e+01 -1.846722e+01 -4.090000e+01
   endloop
 endfacet
 facet normal  0.000000e+00  0.000000e+00 -1.000000e+00
   outer loop
     vertex -1.516993e+01  1.210532e+02 -4.090000e+01
     vertex -1.618401e+01  9.178408e+01 -4.090000e+01
     vertex -2.118508e+01  1.201465e+02 -4.090000e+01
   endloop
 endfacet
 facet normal  0.000000e+00 -0.000000e+00 -1.000000e+00
   outer loop
     vertex -1.516993e+01  1.210532e+02 -4.090000e+01
     vertex -1.158883e+01  9.247669e+01 -4.090000e+01
     vertex -1.618401e+01  9.178408e+01 -4.090000e+01
   endloop
 endfacet
 facet normal -0.000000e+00  0.000000e+00 -1.000000e+00
   outer loop
     vertex  1.213938e+02 -1.214728e+01 -4.090000e+01
     vertex  1.206374e+02 -1.818316e+01 -4.090000e+01
     vertex  9.273687e+01 -9.279723e+00 -4.090000e+01
   endloop
 endfacet
 facet normal  0.000000e+00  0.000000e+00 -1.000000e+00
   outer loop
     vertex -9.117071e+00  1.216589e+02 -4.090000e+01
     vertex -1.158883e+01  9.247669e+01 -4.090000e+01
     vertex -1.516993e+01  1.210532e+02 -4.090000e+01
   endloop
 endfacet
 facet normal  0.000000e+00 -0.000000e+00 -1.000000e+00
   outer loop
     vertex -9.117071e+00  1.216589e+02 -4.090000e+01
     vertex -6.964845e+00  9.293939e+01 -4.090000e+01
     vertex -1.158883e+01  9.247669e+01 -4.090000e+01
   endloop
 endfacet
 facet normal  0.000000e+00  0.000000e+00 -1.000000e+00
   outer loop
     vertex  1.218483e+02 -6.081198e+00 -4.090000e+01
     vertex  1.213938e+02 -1.214728e+01 -4.090000e+01
     vertex  9.273687e+01 -9.279723e+00 -4.090000e+01
   endloop
 endfacet
 facet normal -0.000000e+00  0.000000e+00 -1.000000e+00
   outer loop
     vertex  1.218483e+02 -6.081198e+00 -4.090000e+01
     vertex  9.273687e+01 -9.279723e+00 -4.090000e+01
     vertex  9.308415e+01 -4.645637e+00 -4.090000e+01
   endloop
 endfacet
 facet normal  0.000000e+00  0.000000e+00 -1.000000e+00
   outer loop
     vertex -3.041544e+00  1.219621e+02 -4.090000e+01
     vertex -6.964845e+00  9.293939e+01 -4.090000e+01
     vertex -9.117071e+00  1.216589e+02 -4.090000e+01
   endloop
 endfacet
 facet normal  0.000000e+00 -0.000000e+00 -1.000000e+00
   outer loop
     vertex -3.041544e+00  1.219621e+02 -4.090000e+01
     vertex -2.323540e+00  9.317103e+01 -4.090000e+01
     vertex -6.964845e+00  9.293939e+01 -4.090000e+01
   endloop
 endfacet
 facet normal  0.000000e+00  0.000000e+00 -1.000000e+00
   outer loop
     vertex  1.220000e+02  0.000000e+00 -4.090000e+01
     vertex  1.218483e+02 -6.081198e+00 -4.090000e+01
     vertex  9.308415e+01 -4.645637e+00 -4.090000e+01
   endloop
 endfacet
 facet normal  0.000000e+00  0.000000e+00 -1.000000e+00
   outer loop
     vertex  1.220000e+02  0.000000e+00 -4.090000e+01
     vertex  9.308415e+01 -4.645637e+00 -4.090000e+01
     vertex  9.320000e+01 -2.282742e-14 -4.090000e+01
   endloop
 endfacet
 facet normal -0.000000e+00  0.000000e+00 -1.000000e+00
   outer loop
     vertex  3.041544e+00  1.219621e+02 -4.090000e+01
     vertex -2.323540e+00  9.317103e+01 -4.090000e+01
     vertex -3.041544e+00  1.219621e+02 -4.090000e+01
   endloop
 endfacet
 facet normal  0.000000e+00  0.000000e+00 -1.000000e+00
   outer loop
     vertex  3.041544e+00  1.219621e+02 -4.090000e+01
     vertex  2.323540e+00  9.317103e+01 -4.090000e+01
     vertex -2.323540e+00  9.317103e+01 -4.090000e+01
   endloop
 endfacet
 facet normal  0.000000e+00  0.000000e+00 -1.000000e+00
   outer loop
     vertex  1.218483e+02  6.081198e+00 -4.090000e+01
     vertex  9.320000e+01 -2.282742e-14 -4.090000e+01
     vertex  9.308415e+01  4.645637e+00 -4.090000e+01
   endloop
 endfacet
 facet normal -0.000000e+00  0.000000e+00 -1.000000e+00
   outer loop
     vertex  1.218483e+02  6.081198e+00 -4.090000e+01
     vertex  9.308415e+01  4.645637e+00 -4.090000e+01
     vertex  9.273687e+01  9.279723e+00 -4.090000e+01
   endloop
 endfacet
 facet normal  0.000000e+00 -0.000000e+00 -1.000000e+00
   outer loop
     vertex  1.218483e+02  6.081198e+00 -4.090000e+01
     vertex  1.220000e+02  0.000000e+00 -4.090000e+01
     vertex  9.320000e+01 -2.282742e-14 -4.090000e+01
   endloop
 endfacet
 facet normal  0.000000e+00  0.000000e+00 -1.000000e+00
   outer loop
     vertex  9.117071e+00  1.216589e+02 -4.090000e+01
     vertex  6.964845e+00  9.293939e+01 -4.090000e+01
     vertex  2.323540e+00  9.317103e+01 -4.090000e+01
   endloop
 endfacet
 facet normal -0.000000e+00  0.000000e+00 -1.000000e+00
   outer loop
     vertex  9.117071e+00  1.216589e+02 -4.090000e+01
     vertex  2.323540e+00  9.317103e+01 -4.090000e+01
     vertex  3.041544e+00  1.219621e+02 -4.090000e+01
   endloop
 endfacet
 facet normal -0.000000e+00  0.000000e+00 -1.000000e+00
   outer loop
     vertex  1.213938e+02  1.214728e+01 -4.090000e+01
     vertex  9.273687e+01  9.279723e+00 -4.090000e+01
     vertex  9.215903e+01  1.389074e+01 -4.090000e+01
   endloop
 endfacet
 facet normal  0.000000e+00 -0.000000e+00 -1.000000e+00
   outer loop
     vertex  1.213938e+02  1.214728e+01 -4.090000e+01
     vertex  1.218483e+02  6.081198e+00 -4.090000e+01
     vertex  9.273687e+01  9.279723e+00 -4.090000e+01
   endloop
 endfacet
 facet normal  0.000000e+00 -0.000000e+00 -1.000000e+00
   outer loop
     vertex  1.516993e+01  1.210532e+02 -4.090000e+01
     vertex  1.618401e+01  9.178408e+01 -4.090000e+01
     vertex  1.158883e+01  9.247669e+01 -4.090000e+01
   endloop
 endfacet
 facet normal  0.000000e+00  0.000000e+00 -1.000000e+00
   outer loop
     vertex  1.516993e+01  1.210532e+02 -4.090000e+01
     vertex  1.158883e+01  9.247669e+01 -4.090000e+01
     vertex  6.964845e+00  9.293939e+01 -4.090000e+01
   endloop
 endfacet
 facet normal -0.000000e+00  0.000000e+00 -1.000000e+00
   outer loop
     vertex  1.516993e+01  1.210532e+02 -4.090000e+01
     vertex  6.964845e+00  9.293939e+01 -4.090000e+01
     vertex  9.117071e+00  1.216589e+02 -4.090000e+01
   endloop
 endfacet
 facet normal  0.000000e+00 -0.000000e+00 -1.000000e+00
   outer loop
     vertex  1.206374e+02  1.818316e+01 -4.090000e+01
     vertex  1.213938e+02  1.214728e+01 -4.090000e+01
     vertex  9.215903e+01  1.389074e+01 -4.090000e+01
   endloop
 endfacet
 facet normal -0.000000e+00  0.000000e+00 -1.000000e+00
   outer loop
     vertex  2.118508e+01  1.201465e+02 -4.090000e+01
     vertex  1.618401e+01  9.178408e+01 -4.090000e+01
     vertex  1.516993e+01  1.210532e+02 -4.090000e+01
   endloop
 endfacet
 facet normal  0.000000e+00 -0.000000e+00 -1.000000e+00
   outer loop
     vertex  1.195810e+02  2.417383e+01 -4.090000e+01
     vertex  1.206374e+02  1.818316e+01 -4.090000e+01
     vertex  9.215903e+01  1.389074e+01 -4.090000e+01
   endloop
 endfacet
 facet normal  0.000000e+00  0.000000e+00 -1.000000e+00
   outer loop
     vertex  1.195810e+02  2.417383e+01 -4.090000e+01
     vertex  9.215903e+01  1.389074e+01 -4.090000e+01
     vertex  9.135208e+01  1.846722e+01 -4.090000e+01
   endloop
 endfacet
 facet normal  0.000000e+00  0.000000e+00 -1.000000e+00
   outer loop
     vertex  2.714755e+01  1.189412e+02 -4.090000e+01
     vertex  2.073895e+01  9.086328e+01 -4.090000e+01
     vertex  1.618401e+01  9.178408e+01 -4.090000e+01
   endloop
 endfacet
 facet normal -0.000000e+00  0.000000e+00 -1.000000e+00
   outer loop
     vertex  2.714755e+01  1.189412e+02 -4.090000e+01
     vertex  1.618401e+01  9.178408e+01 -4.090000e+01
     vertex  2.118508e+01  1.201465e+02 -4.090000e+01
   endloop
 endfacet
 facet normal  0.000000e+00  0.000000e+00 -1.000000e+00
   outer loop
     vertex  1.182274e+02  3.010440e+01 -4.090000e+01
     vertex  9.135208e+01  1.846722e+01 -4.090000e+01
     vertex  9.031800e+01  2.299779e+01 -4.090000e+01
   endloop
 endfacet
 facet normal  0.000000e+00  0.000000e+00 -1.000000e+00
   outer loop
     vertex  1.182274e+02  3.010440e+01 -4.090000e+01
     vertex  9.031800e+01  2.299779e+01 -4.090000e+01
     vertex  8.905939e+01  2.747118e+01 -4.090000e+01
   endloop
 endfacet
 facet normal  0.000000e+00 -0.000000e+00 -1.000000e+00
   outer loop
     vertex  1.182274e+02  3.010440e+01 -4.090000e+01
     vertex  1.195810e+02  2.417383e+01 -4.090000e+01
     vertex  9.135208e+01  1.846722e+01 -4.090000e+01
   endloop
 endfacet
 facet normal -0.000000e+00  0.000000e+00 -1.000000e+00
   outer loop
     vertex  3.304254e+01  1.174402e+02 -4.090000e+01
     vertex  2.073895e+01  9.086328e+01 -4.090000e+01
     vertex  2.714755e+01  1.189412e+02 -4.090000e+01
   endloop
 endfacet
 facet normal  0.000000e+00  0.000000e+00 -1.000000e+00
   outer loop
     vertex  3.304254e+01  1.174402e+02 -4.090000e+01
     vertex  2.524233e+01  8.971658e+01 -4.090000e+01
     vertex  2.073895e+01  9.086328e+01 -4.090000e+01
   endloop
 endfacet
 facet normal  0.000000e+00  0.000000e+00 -1.000000e+00
   outer loop
     vertex  1.165799e+02  3.596013e+01 -4.090000e+01
     vertex  8.905939e+01  2.747118e+01 -4.090000e+01
     vertex  8.757935e+01  3.187628e+01 -4.090000e+01
   endloop
 endfacet
 facet normal  0.000000e+00 -0.000000e+00 -1.000000e+00
   outer loop
     vertex  1.165799e+02  3.596013e+01 -4.090000e+01
     vertex  1.182274e+02  3.010440e+01 -4.090000e+01
     vertex  8.905939e+01  2.747118e+01 -4.090000e+01
   endloop
 endfacet
 facet normal -0.000000e+00  0.000000e+00 -1.000000e+00
   outer loop
     vertex  3.885537e+01  1.156471e+02 -4.090000e+01
     vertex  2.524233e+01  8.971658e+01 -4.090000e+01
     vertex  3.304254e+01  1.174402e+02 -4.090000e+01
   endloop
 endfacet
 facet normal  0.000000e+00  0.000000e+00 -1.000000e+00
   outer loop
     vertex  3.885537e+01  1.156471e+02 -4.090000e+01
     vertex  3.404978e+01  8.675743e+01 -4.090000e+01
     vertex  2.968296e+01  8.834683e+01 -4.090000e+01
   endloop
 endfacet
 facet normal  0.000000e+00  0.000000e+00 -1.000000e+00
   outer loop
     vertex  3.885537e+01  1.156471e+02 -4.090000e+01
     vertex  2.968296e+01  8.834683e+01 -4.090000e+01
     vertex  2.524233e+01  8.971658e+01 -4.090000e+01
   endloop
 endfacet
 facet normal  0.000000e+00 -0.000000e+00 -1.000000e+00
   outer loop
     vertex  1.146425e+02  4.172646e+01 -4.090000e+01
     vertex  1.165799e+02  3.596013e+01 -4.090000e+01
     vertex  8.757935e+01  3.187628e+01 -4.090000e+01
   endloop
 endfacet
 facet normal -0.000000e+00  0.000000e+00 -1.000000e+00
   outer loop
     vertex  4.457160e+01  1.135666e+02 -4.090000e+01
     vertex  3.404978e+01  8.675743e+01 -4.090000e+01
     vertex  3.885537e+01  1.156471e+02 -4.090000e+01
   endloop
 endfacet
 facet normal  0.000000e+00  0.000000e+00 -1.000000e+00
   outer loop
     vertex  4.457160e+01  1.135666e+02 -4.090000e+01
     vertex  3.833196e+01  8.495235e+01 -4.090000e+01
     vertex  3.404978e+01  8.675743e+01 -4.090000e+01
   endloop
 endfacet
 facet normal  0.000000e+00  0.000000e+00 -1.000000e+00
   outer loop
     vertex  1.124201e+02  4.738905e+01 -4.090000e+01
     vertex  8.757935e+01  3.187628e+01 -4.090000e+01
     vertex  8.588158e+01  3.620212e+01 -4.090000e+01
   endloop
 endfacet
 facet normal  0.000000e+00  0.000000e+00 -1.000000e+00
   outer loop
     vertex  1.124201e+02  4.738905e+01 -4.090000e+01
     vertex  8.588158e+01  3.620212e+01 -4.090000e+01
     vertex  8.397030e+01  4.043796e+01 -4.090000e+01
   endloop
 endfacet
 facet normal  0.000000e+00 -0.000000e+00 -1.000000e+00
   outer loop
     vertex  1.124201e+02  4.738905e+01 -4.090000e+01
     vertex  1.146425e+02  4.172646e+01 -4.090000e+01
     vertex  8.757935e+01  3.187628e+01 -4.090000e+01
   endloop
 endfacet
 facet normal -0.000000e+00  0.000000e+00 -1.000000e+00
   outer loop
     vertex  5.017703e+01  1.112037e+02 -4.090000e+01
     vertex  3.833196e+01  8.495235e+01 -4.090000e+01
     vertex  4.457160e+01  1.135666e+02 -4.090000e+01
   endloop
 endfacet
 facet normal  0.000000e+00 -0.000000e+00 -1.000000e+00
   outer loop
     vertex  1.099182e+02  5.293382e+01 -4.090000e+01
     vertex  1.124201e+02  4.738905e+01 -4.090000e+01
     vertex  8.397030e+01  4.043796e+01 -4.090000e+01
   endloop
 endfacet
 facet normal -0.000000e+00  0.000000e+00 -1.000000e+00
   outer loop
     vertex  5.565770e+01  1.085644e+02 -4.090000e+01
     vertex  3.833196e+01  8.495235e+01 -4.090000e+01
     vertex  5.017703e+01  1.112037e+02 -4.090000e+01
   endloop
 endfacet
 facet normal  0.000000e+00  0.000000e+00 -1.000000e+00
   outer loop
     vertex  5.565770e+01  1.085644e+02 -4.090000e+01
     vertex  4.251883e+01  8.293605e+01 -4.090000e+01
     vertex  3.833196e+01  8.495235e+01 -4.090000e+01
   endloop
 endfacet
 facet normal  0.000000e+00  0.000000e+00 -1.000000e+00
   outer loop
     vertex  1.071430e+02  5.834699e+01 -4.090000e+01
     vertex  8.397030e+01  4.043796e+01 -4.090000e+01
     vertex  8.185025e+01  4.457327e+01 -4.090000e+01
   endloop
 endfacet
 facet normal  0.000000e+00 -0.000000e+00 -1.000000e+00
   outer loop
     vertex  1.071430e+02  5.834699e+01 -4.090000e+01
     vertex  1.099182e+02  5.293382e+01 -4.090000e+01
     vertex  8.397030e+01  4.043796e+01 -4.090000e+01
   endloop
 endfacet
 facet normal -0.000000e+00  0.000000e+00 -1.000000e+00
   outer loop
     vertex  6.100000e+01  1.056551e+02 -4.090000e+01
     vertex  4.251883e+01  8.293605e+01 -4.090000e+01
     vertex  5.565770e+01  1.085644e+02 -4.090000e+01
   endloop
 endfacet
 facet normal  0.000000e+00  0.000000e+00 -1.000000e+00
   outer loop
     vertex  6.100000e+01  1.056551e+02 -4.090000e+01
     vertex  4.660000e+01  8.071357e+01 -4.090000e+01
     vertex  4.251883e+01  8.293605e+01 -4.090000e+01
   endloop
 endfacet
 facet normal  0.000000e+00 -0.000000e+00 -1.000000e+00
   outer loop
     vertex  1.041015e+02  6.361509e+01 -4.090000e+01
     vertex  1.071430e+02  5.834699e+01 -4.090000e+01
     vertex  8.185025e+01  4.457327e+01 -4.090000e+01
   endloop
 endfacet
 facet normal  0.000000e+00  0.000000e+00 -1.000000e+00
   outer loop
     vertex  1.041015e+02  6.361509e+01 -4.090000e+01
     vertex  8.185025e+01  4.457327e+01 -4.090000e+01
     vertex  7.952671e+01  4.859776e+01 -4.090000e+01
   endloop
 endfacet
 facet normal -0.000000e+00  0.000000e+00 -1.000000e+00
   outer loop
     vertex  6.619064e+01  1.024832e+02 -4.090000e+01
     vertex  4.660000e+01  8.071357e+01 -4.090000e+01
     vertex  6.100000e+01  1.056551e+02 -4.090000e+01
   endloop
 endfacet
 facet normal  0.000000e+00  0.000000e+00 -1.000000e+00
   outer loop
     vertex  6.619064e+01  1.024832e+02 -4.090000e+01
     vertex  5.056531e+01  7.829042e+01 -4.090000e+01
     vertex  4.660000e+01  8.071357e+01 -4.090000e+01
   endloop
 endfacet
 facet normal  0.000000e+00 -0.000000e+00 -1.000000e+00
   outer loop
     vertex  1.008011e+02  6.872505e+01 -4.090000e+01
     vertex  1.041015e+02  6.361509e+01 -4.090000e+01
     vertex  7.952671e+01  4.859776e+01 -4.090000e+01
   endloop
 endfacet
 facet normal  0.000000e+00  0.000000e+00 -1.000000e+00
   outer loop
     vertex  1.008011e+02  6.872505e+01 -4.090000e+01
     vertex  7.952671e+01  4.859776e+01 -4.090000e+01
     vertex  7.700545e+01  5.250143e+01 -4.090000e+01
   endloop
 endfacet
 facet normal  0.000000e+00  0.000000e+00 -1.000000e+00
   outer loop
     vertex  1.008011e+02  6.872505e+01 -4.090000e+01
     vertex  7.700545e+01  5.250143e+01 -4.090000e+01
     vertex  7.429275e+01  5.627457e+01 -4.090000e+01
   endloop
 endfacet
 facet normal -0.000000e+00  0.000000e+00 -1.000000e+00
   outer loop
     vertex  7.121673e+01  9.905644e+01 -4.090000e+01
     vertex  5.056531e+01  7.829042e+01 -4.090000e+01
     vertex  6.619064e+01  1.024832e+02 -4.090000e+01
   endloop
 endfacet
 facet normal  0.000000e+00  0.000000e+00 -1.000000e+00
   outer loop
     vertex  7.121673e+01  9.905644e+01 -4.090000e+01
     vertex  5.440491e+01  7.567262e+01 -4.090000e+01
     vertex  5.056531e+01  7.829042e+01 -4.090000e+01
   endloop
 endfacet
 facet normal  0.000000e+00 -0.000000e+00 -1.000000e+00
   outer loop
     vertex  9.725017e+01  7.366414e+01 -4.090000e+01
     vertex  1.008011e+02  6.872505e+01 -4.090000e+01
     vertex  7.429275e+01  5.627457e+01 -4.090000e+01
   endloop
 endfacet
 facet normal -0.000000e+00  0.000000e+00 -1.000000e+00
   outer loop
     vertex  7.606576e+01  9.538344e+01 -4.090000e+01
     vertex  5.440491e+01  7.567262e+01 -4.090000e+01
     vertex  7.121673e+01  9.905644e+01 -4.090000e+01
   endloop
 endfacet
 facet normal  0.000000e+00  0.000000e+00 -1.000000e+00
   outer loop
     vertex  7.606576e+01  9.538344e+01 -4.090000e+01
     vertex  5.810925e+01  7.286669e+01 -4.090000e+01
     vertex  5.440491e+01  7.567262e+01 -4.090000e+01
   endloop
 endfacet
 facet normal  0.000000e+00 -0.000000e+00 -1.000000e+00
   outer loop
     vertex  9.345742e+01  7.842009e+01 -4.090000e+01
     vertex  9.725017e+01  7.366414e+01 -4.090000e+01
     vertex  7.429275e+01  5.627457e+01 -4.090000e+01
   endloop
 endfacet
 facet normal  0.000000e+00  0.000000e+00 -1.000000e+00
   outer loop
     vertex  9.345742e+01  7.842009e+01 -4.090000e+01
     vertex  7.429275e+01  5.627457e+01 -4.090000e+01
     vertex  7.139534e+01  5.990781e+01 -4.090000e+01
   endloop
 endfacet
 facet normal  0.000000e+00  0.000000e+00 -1.000000e+00
   outer loop
     vertex  8.072567e+01  9.147331e+01 -4.090000e+01
     vertex  6.166912e+01  6.987961e+01 -4.090000e+01
     vertex  5.810925e+01  7.286669e+01 -4.090000e+01
   endloop
 endfacet
 facet normal -0.000000e+00  0.000000e+00 -1.000000e+00
   outer loop
     vertex  8.072567e+01  9.147331e+01 -4.090000e+01
     vertex  5.810925e+01  7.286669e+01 -4.090000e+01
     vertex  7.606576e+01  9.538344e+01 -4.090000e+01
   endloop
 endfacet
 facet normal  0.000000e+00  0.000000e+00 -1.000000e+00
   outer loop
     vertex  8.943233e+01  8.298107e+01 -4.090000e+01
     vertex  7.139534e+01  5.990781e+01 -4.090000e+01
     vertex  6.832043e+01  6.339210e+01 -4.090000e+01
   endloop
 endfacet
 facet normal  0.000000e+00 -0.000000e+00 -1.000000e+00
   outer loop
     vertex  8.943233e+01  8.298107e+01 -4.090000e+01
     vertex  9.345742e+01  7.842009e+01 -4.090000e+01
     vertex  7.139534e+01  5.990781e+01 -4.090000e+01
   endloop
 endfacet
 facet normal  0.000000e+00  0.000000e+00 -1.000000e+00
   outer loop
     vertex  8.518489e+01  8.733576e+01 -4.090000e+01
     vertex  6.832043e+01  6.339210e+01 -4.090000e+01
     vertex  6.507567e+01  6.671879e+01 -4.090000e+01
   endloop
 endfacet
 facet normal  0.000000e+00  0.000000e+00 -1.000000e+00
   outer loop
     vertex  8.518489e+01  8.733576e+01 -4.090000e+01
     vertex  6.507567e+01  6.671879e+01 -4.090000e+01
     vertex  6.166912e+01  6.987961e+01 -4.090000e+01
   endloop
 endfacet
 facet normal -0.000000e+00  0.000000e+00 -1.000000e+00
   outer loop
     vertex  8.518489e+01  8.733576e+01 -4.090000e+01
     vertex  6.166912e+01  6.987961e+01 -4.090000e+01
     vertex  8.072567e+01  9.147331e+01 -4.090000e+01
   endloop
 endfacet
 facet normal  0.000000e+00 -0.000000e+00 -1.000000e+00
   outer loop
     vertex  8.518489e+01  8.733576e+01 -4.090000e+01
     vertex  8.943233e+01  8.298107e+01 -4.090000e+01
     vertex  6.832043e+01  6.339210e+01 -4.090000e+01
   endloop
 endfacet
 facet normal  9.996892e-01  2.493069e-02  0.000000e+00
   outer loop
     vertex  1.218483e+02  6.081198e+00  0.000000e+00
     vertex  1.220000e+02  0.000000e+00  6.980000e+02
     vertex  1.220000e+02  0.000000e+00  0.000000e+00
   endloop
 endfacet
 facet normal  9.996892e-01  2.493069e-02 -0.000000e+00
   outer loop
     vertex  1.218483e+02  6.081198e+00  0.000000e+00
     vertex  1.218483e+02  6.081198e+00  6.980000e+02
     vertex  1.220000e+02  0.000000e+00  6.980000e+02
   endloop
 endfacet
 facet normal  9.972038e-01  7.473009e-02 -0.000000e+00
   outer loop
     vertex  1.213938e+02  1.214728e+01  0.000000e+00
     vertex  1.213938e+02  1.214728e+01  6.980000e+02
     vertex  1.218483e+02  6.081198e+00  6.980000e+02
   endloop
 endfacet
 facet normal  9.922392e-01  1.243437e-01 -0.000000e+00
   outer loop
     vertex  1.213938e+02  1.214728e+01  0.000000e+00
     vertex  1.206374e+02  1.818316e+01  6.980000e+02
     vertex  1.213938e+02  1.214728e+01  6.980000e+02
   endloop
 endfacet
 facet normal  9.972038e-01  7.473009e-02  0.000000e+00
   outer loop
     vertex  1.213938e+02  1.214728e+01  0.000000e+00
     vertex  1.218483e+02  6.081198e+00  6.980000e+02
     vertex  1.218483e+02  6.081198e+00  0.000000e+00
   endloop
 endfacet
 facet normal  9.922392e-01  1.243437e-01 -0.000000e+00
   outer loop
     vertex  1.206374e+02  1.818316e+01  0.000000e+00
     vertex  1.206374e+02  1.818316e+01  6.980000e+02
     vertex  1.213938e+02  1.214728e+01  0.000000e+00
   endloop
 endfacet
 facet normal  9.848078e-01  1.736482e-01 -0.000000e+00
   outer loop
     vertex  1.195810e+02  2.417383e+01  0.000000e+00
     vertex  1.195810e+02  2.417383e+01  6.980000e+02
     vertex  1.206374e+02  1.818316e+01  6.980000e+02
   endloop
 endfacet
 facet normal  9.848078e-01  1.736482e-01  0.000000e+00
   outer loop
     vertex  1.195810e+02  2.417383e+01  0.000000e+00
     vertex  1.206374e+02  1.818316e+01  6.980000e+02
     vertex  1.206374e+02  1.818316e+01  0.000000e+00
   endloop
 endfacet
 facet normal  9.749279e-01  2.225209e-01 -0.000000e+00
   outer loop
     vertex  1.182274e+02  3.010440e+01  0.000000e+00
     vertex  1.182274e+02  3.010440e+01  6.980000e+02
     vertex  1.195810e+02  2.417383e+01  6.980000e+02
   endloop
 endfacet
 facet normal  9.626242e-01  2.708405e-01 -0.000000e+00
   outer loop
     vertex  1.182274e+02  3.010440e+01  0.000000e+00
     vertex  1.165799e+02  3.596013e+01  6.980000e+02
     vertex  1.182274e+02  3.010440e+01  6.980000e+02
   endloop
 endfacet
 facet normal  9.749279e-01  2.225209e-01  0.000000e+00
   outer loop
     vertex  1.182274e+02  3.010440e+01  0.000000e+00
     vertex  1.195810e+02  2.417383e+01  6.980000e+02
     vertex  1.195810e+02  2.417383e+01  0.000000e+00
   endloop
 endfacet
 facet normal  9.626242e-01  2.708405e-01 -0.000000e+00
   outer loop
     vertex  1.165799e+02  3.596013e+01  0.000000e+00
     vertex  1.165799e+02  3.596013e+01  6.980000e+02
     vertex  1.182274e+02  3.010440e+01  0.000000e+00
   endloop
 endfacet
 facet normal  9.479273e-01  3.184867e-01 -0.000000e+00
   outer loop
     vertex  1.146425e+02  4.172646e+01  0.000000e+00
     vertex  1.146425e+02  4.172646e+01  6.980000e+02
     vertex  1.165799e+02  3.596013e+01  6.980000e+02
   endloop
 endfacet
 facet normal  9.479273e-01  3.184867e-01  0.000000e+00
   outer loop
     vertex  1.146425e+02  4.172646e+01  0.000000e+00
     vertex  1.165799e+02  3.596013e+01  6.980000e+02
     vertex  1.165799e+02  3.596013e+01  0.000000e+00
   endloop
 endfacet
 facet normal  9.308737e-01  3.653410e-01 -0.000000e+00
   outer loop
     vertex  1.124201e+02  4.738905e+01  0.000000e+00
     vertex  1.124201e+02  4.738905e+01  6.980000e+02
     vertex  1.146425e+02  4.172646e+01  6.980000e+02
   endloop
 endfacet
 facet normal  9.308737e-01  3.653410e-01  0.000000e+00
   outer loop
     vertex  1.124201e+02  4.738905e+01  0.000000e+00
     vertex  1.146425e+02  4.172646e+01  6.980000e+02
     vertex  1.146425e+02  4.172646e+01  0.000000e+00
   endloop
 endfacet
 facet normal  9.115059e-01  4.112871e-01 -0.000000e+00
   outer loop
     vertex  1.099182e+02  5.293382e+01  0.000000e+00
     vertex  1.099182e+02  5.293382e+01  6.980000e+02
     vertex  1.124201e+02  4.738905e+01  6.980000e+02
   endloop
 endfacet
 facet normal  9.115059e-01  4.112871e-01  0.000000e+00
   outer loop
     vertex  1.099182e+02  5.293382e+01  0.000000e+00
     vertex  1.124201e+02  4.738905e+01  6.980000e+02
     vertex  1.124201e+02  4.738905e+01  0.000000e+00
   endloop
 endfacet
 facet normal  8.898718e-01  4.562107e-01 -0.000000e+00
   outer loop
     vertex  1.071430e+02  5.834699e+01  0.000000e+00
     vertex  1.071430e+02  5.834699e+01  6.980000e+02
     vertex  1.099182e+02  5.293382e+01  6.980000e+02
   endloop
 endfacet
 facet normal  8.660254e-01  5.000000e-01 -0.000000e+00
   outer loop
     vertex  1.071430e+02  5.834699e+01  0.000000e+00
     vertex  1.041015e+02  6.361509e+01  6.980000e+02
     vertex  1.071430e+02  5.834699e+01  6.980000e+02
   endloop
 endfacet
 facet normal  8.898718e-01  4.562107e-01  0.000000e+00
   outer loop
     vertex  1.071430e+02  5.834699e+01  0.000000e+00
     vertex  1.099182e+02  5.293382e+01  6.980000e+02
     vertex  1.099182e+02  5.293382e+01  0.000000e+00
   endloop
 endfacet
 facet normal  8.660254e-01  5.000000e-01 -0.000000e+00
   outer loop
     vertex  1.041015e+02  6.361509e+01  0.000000e+00
     vertex  1.041015e+02  6.361509e+01  6.980000e+02
     vertex  1.071430e+02  5.834699e+01  0.000000e+00
   endloop
 endfacet
 facet normal  8.400259e-01  5.425463e-01 -0.000000e+00
   outer loop
     vertex  1.008011e+02  6.872505e+01  0.000000e+00
     vertex  1.008011e+02  6.872505e+01  6.980000e+02
     vertex  1.041015e+02  6.361509e+01  6.980000e+02
   endloop
 endfacet
 facet normal  8.400259e-01  5.425463e-01  0.000000e+00
   outer loop
     vertex  1.008011e+02  6.872505e+01  0.000000e+00
     vertex  1.041015e+02  6.361509e+01  6.980000e+02
     vertex  1.041015e+02  6.361509e+01  0.000000e+00
   endloop
 endfacet
 facet normal  8.119380e-01  5.837437e-01  0.000000e+00
   outer loop
     vertex  9.725017e+01  7.366414e+01  0.000000e+00
     vertex  1.008011e+02  6.872505e+01  6.980000e+02
     vertex  1.008011e+02  6.872505e+01  0.000000e+00
   endloop
 endfacet
 facet normal  8.119380e-01  5.837437e-01 -0.000000e+00
   outer loop
     vertex  9.725017e+01  7.366414e+01  0.000000e+00
     vertex  9.725017e+01  7.366414e+01  6.980000e+02
     vertex  1.008011e+02  6.872505e+01  6.980000e+02
   endloop
 endfacet
 facet normal  7.818315e-01  6.234898e-01 -0.000000e+00
   outer loop
     vertex  9.725017e+01  7.366414e+01  0.000000e+00
     vertex  9.345742e+01  7.842009e+01  6.980000e+02
     vertex  9.725017e+01  7.366414e+01  6.980000e+02
   endloop
 endfacet
 facet normal  7.818315e-01  6.234898e-01 -0.000000e+00
   outer loop
     vertex  9.345742e+01  7.842009e+01  0.000000e+00
     vertex  9.345742e+01  7.842009e+01  6.980000e+02
     vertex  9.725017e+01  7.366414e+01  0.000000e+00
   endloop
 endfacet
 facet normal  7.497812e-01  6.616858e-01 -0.000000e+00
   outer loop
     vertex  9.345742e+01  7.842009e+01  0.000000e+00
     vertex  8.943233e+01  8.298107e+01  6.980000e+02
     vertex  9.345742e+01  7.842009e+01  6.980000e+02
   endloop
 endfacet
 facet normal  7.497812e-01  6.616858e-01 -0.000000e+00
   outer loop
     vertex  8.943233e+01  8.298107e+01  0.000000e+00
     vertex  8.943233e+01  8.298107e+01  6.980000e+02
     vertex  9.345742e+01  7.842009e+01  0.000000e+00
   endloop
 endfacet
 facet normal  7.158668e-01  6.982368e-01 -0.000000e+00
   outer loop
     vertex  8.943233e+01  8.298107e+01  0.000000e+00
     vertex  8.518489e+01  8.733576e+01  6.980000e+02
     vertex  8.943233e+01  8.298107e+01  6.980000e+02
   endloop
 endfacet
 facet normal  6.801727e-01  7.330519e-01 -0.000000e+00
   outer loop
     vertex  8.518489e+01  8.733576e+01  0.000000e+00
     vertex  8.072567e+01  9.147331e+01  6.980000e+02
     vertex  8.518489e+01  8.733576e+01  6.980000e+02
   endloop
 endfacet
 facet normal  7.158668e-01  6.982368e-01 -0.000000e+00
   outer loop
     vertex  8.518489e+01  8.733576e+01  0.000000e+00
     vertex  8.518489e+01  8.733576e+01  6.980000e+02
     vertex  8.943233e+01  8.298107e+01  0.000000e+00
   endloop
 endfacet
 facet normal  6.427876e-01  7.660444e-01 -0.000000e+00
   outer loop
     vertex  8.072567e+01  9.147331e+01  0.000000e+00
     vertex  7.606576e+01  9.538344e+01  6.980000e+02
     vertex  8.072567e+01  9.147331e+01  6.980000e+02
   endloop
 endfacet
 facet normal  6.801727e-01  7.330519e-01 -0.000000e+00
   outer loop
     vertex  8.072567e+01  9.147331e+01  0.000000e+00
     vertex  8.072567e+01  9.147331e+01  6.980000e+02
     vertex  8.518489e+01  8.733576e+01  0.000000e+00
   endloop
 endfacet
 facet normal  6.038044e-01  7.971325e-01 -0.000000e+00
   outer loop
     vertex  7.606576e+01  9.538344e+01  0.000000e+00
     vertex  7.121673e+01  9.905644e+01  6.980000e+02
     vertex  7.606576e+01  9.538344e+01  6.980000e+02
   endloop
 endfacet
 facet normal  6.427876e-01  7.660444e-01 -0.000000e+00
   outer loop
     vertex  7.606576e+01  9.538344e+01  0.000000e+00
     vertex  7.606576e+01  9.538344e+01  6.980000e+02
     vertex  8.072567e+01  9.147331e+01  0.000000e+00
   endloop
 endfacet
 facet normal  6.038044e-01  7.971325e-01 -0.000000e+00
   outer loop
     vertex  7.121673e+01  9.905644e+01  0.000000e+00
     vertex  7.121673e+01  9.905644e+01  6.980000e+02
     vertex  7.606576e+01  9.538344e+01  0.000000e+00
   endloop
 endfacet
 facet normal  5.633201e-01  8.262388e-01 -0.000000e+00
   outer loop
     vertex  6.619064e+01  1.024832e+02  0.000000e+00
     vertex  6.619064e+01  1.024832e+02  6.980000e+02
     vertex  7.121673e+01  9.905644e+01  6.980000e+02
   endloop
 endfacet
 facet normal  5.214352e-01  8.532909e-01 -0.000000e+00
   outer loop
     vertex  6.619064e+01  1.024832e+02  0.000000e+00
     vertex  6.100000e+01  1.056551e+02  6.980000e+02
     vertex  6.619064e+01  1.024832e+02  6.980000e+02
   endloop
 endfacet
 facet normal  5.633201e-01  8.262388e-01  0.000000e+00
   outer loop
     vertex  6.619064e+01  1.024832e+02  0.000000e+00
     vertex  7.121673e+01  9.905644e+01  6.980000e+02
     vertex  7.121673e+01  9.905644e+01  0.000000e+00
   endloop
 endfacet
 facet normal  5.214352e-01  8.532909e-01 -0.000000e+00
   outer loop
     vertex  6.100000e+01  1.056551e+02  0.000000e+00
     vertex  6.100000e+01  1.056551e+02  6.980000e+02
     vertex  6.619064e+01  1.024832e+02  0.000000e+00
   endloop
 endfacet
 facet normal  4.782540e-01  8.782216e-01 -0.000000e+00
   outer loop
     vertex  5.565770e+01  1.085644e+02  0.000000e+00
     vertex  5.565770e+01  1.085644e+02  6.980000e+02
     vertex  6.100000e+01  1.056551e+02  6.980000e+02
   endloop
 endfacet
 facet normal  4.782540e-01  8.782216e-01  0.000000e+00
   outer loop
     vertex  5.565770e+01  1.085644e+02  0.000000e+00
     vertex  6.100000e+01  1.056551e+02  6.980000e+02
     vertex  6.100000e+01  1.056551e+02  0.000000e+00
   endloop
 endfacet
 facet normal  4.338837e-01  9.009689e-01 -0.000000e+00
   outer loop
     vertex  5.017703e+01  1.112037e+02  0.000000e+00
     vertex  5.017703e+01  1.112037e+02  6.980000e+02
     vertex  5.565770e+01  1.085644e+02  6.980000e+02
   endloop
 endfacet
 facet normal  3.884348e-01  9.214762e-01 -0.000000e+00
   outer loop
     vertex  5.017703e+01  1.112037e+02  0.000000e+00
     vertex  4.457160e+01  1.135666e+02  6.980000e+02
     vertex  5.017703e+01  1.112037e+02  6.980000e+02
   endloop
 endfacet
 facet normal  4.338837e-01  9.009689e-01  0.000000e+00
   outer loop
     vertex  5.017703e+01  1.112037e+02  0.000000e+00
     vertex  5.565770e+01  1.085644e+02  6.980000e+02
     vertex  5.565770e+01  1.085644e+02  0.000000e+00
   endloop
 endfacet
 facet normal  3.420201e-01  9.396926e-01 -0.000000e+00
   outer loop
     vertex  4.457160e+01  1.135666e+02  0.000000e+00
     vertex  3.885537e+01  1.156471e+02  6.980000e+02
     vertex  4.457160e+01  1.135666e+02  6.980000e+02
   endloop
 endfacet
 facet normal  3.884348e-01  9.214762e-01 -0.000000e+00
   outer loop
     vertex  4.457160e+01  1.135666e+02  0.000000e+00
     vertex  4.457160e+01  1.135666e+02  6.980000e+02
     vertex  5.017703e+01  1.112037e+02  0.000000e+00
   endloop
 endfacet
 facet normal  3.420201e-01  9.396926e-01 -0.000000e+00
   outer loop
     vertex  3.885537e+01  1.156471e+02  0.000000e+00
     vertex  3.885537e+01  1.156471e+02  6.980000e+02
     vertex  4.457160e+01  1.135666e+02  0.000000e+00
   endloop
 endfacet
 facet normal  2.947552e-01  9.555728e-01 -0.000000e+00
   outer loop
     vertex  3.304254e+01  1.174402e+02  0.000000e+00
     vertex  3.304254e+01  1.174402e+02  6.980000e+02
     vertex  3.885537e+01  1.156471e+02  6.980000e+02
   endloop
 endfacet
 facet normal  2.947552e-01  9.555728e-01  0.000000e+00
   outer loop
     vertex  3.304254e+01  1.174402e+02  0.000000e+00
     vertex  3.885537e+01  1.156471e+02  6.980000e+02
     vertex  3.885537e+01  1.156471e+02  0.000000e+00
   endloop
 endfacet
 facet normal  2.467574e-01  9.690773e-01 -0.000000e+00
   outer loop
     vertex  2.714755e+01  1.189412e+02  0.000000e+00
     vertex  2.714755e+01  1.189412e+02  6.980000e+02
     vertex  3.304254e+01  1.174402e+02  6.980000e+02
   endloop
 endfacet
 facet normal  2.467574e-01  9.690773e-01  0.000000e+00
   outer loop
     vertex  2.714755e+01  1.189412e+02  0.000000e+00
     vertex  3.304254e+01  1.174402e+02  6.980000e+02
     vertex  3.304254e+01  1.174402e+02  0.000000e+00
   endloop
 endfacet
 facet normal  1.981461e-01  9.801725e-01 -0.000000e+00
   outer loop
     vertex  2.118508e+01  1.201465e+02  0.000000e+00
     vertex  2.118508e+01  1.201465e+02  6.980000e+02
     vertex  2.714755e+01  1.189412e+02  6.980000e+02
   endloop
 endfacet
 facet normal  1.490423e-01  9.888308e-01 -0.000000e+00
   outer loop
     vertex  2.118508e+01  1.201465e+02  0.000000e+00
     vertex  1.516993e+01  1.210532e+02  6.980000e+02
     vertex  2.118508e+01  1.201465e+02  6.980000e+02
   endloop
 endfacet
 facet normal  1.981461e-01  9.801725e-01  0.000000e+00
   outer loop
     vertex  2.118508e+01  1.201465e+02  0.000000e+00
     vertex  2.714755e+01  1.189412e+02  6.980000e+02
     vertex  2.714755e+01  1.189412e+02  0.000000e+00
   endloop
 endfacet
 facet normal  1.490423e-01  9.888308e-01 -0.000000e+00
   outer loop
     vertex  1.516993e+01  1.210532e+02  0.000000e+00
     vertex  1.516993e+01  1.210532e+02  6.980000e+02
     vertex  2.118508e+01  1.201465e+02  0.000000e+00
   endloop
 endfacet
 facet normal  9.956785e-02  9.950308e-01 -0.000000e+00
   outer loop
     vertex  9.117071e+00  1.216589e+02  0.000000e+00
     vertex  9.117071e+00  1.216589e+02  6.980000e+02
     vertex  1.516993e+01  1.210532e+02  6.980000e+02
   endloop
 endfacet
 facet normal  4.984589e-02  9.987569e-01 -0.000000e+00
   outer loop
     vertex  9.117071e+00  1.216589e+02  0.000000e+00
     vertex  3.041544e+00  1.219621e+02  6.980000e+02
     vertex  9.117071e+00  1.216589e+02  6.980000e+02
   endloop
 endfacet
 facet normal  9.956785e-02  9.950308e-01  0.000000e+00
   outer loop
     vertex  9.117071e+00  1.216589e+02  0.000000e+00
     vertex  1.516993e+01  1.210532e+02  6.980000e+02
     vertex  1.516993e+01  1.210532e+02  0.000000e+00
   endloop
 endfacet
 facet normal  4.984589e-02  9.987569e-01 -0.000000e+00
   outer loop
     vertex  3.041544e+00  1.219621e+02  0.000000e+00
     vertex  3.041544e+00  1.219621e+02  6.980000e+02
     vertex  9.117071e+00  1.216589e+02  0.000000e+00
   endloop
 endfacet
 facet normal  0.000000e+00  1.000000e+00  0.000000e+00
   outer loop
     vertex -3.041544e+00  1.219621e+02  0.000000e+00
     vertex -3.041544e+00  1.219621e+02  6.980000e+02
     vertex  3.041544e+00  1.219621e+02  6.980000e+02
   endloop
 endfacet
 facet normal -4.984589e-02  9.987569e-01  0.000000e+00
   outer loop
     vertex -3.041544e+00  1.219621e+02  0.000000e+00
     vertex -9.117071e+00  1.216589e+02  6.980000e+02
     vertex -3.041544e+00  1.219621e+02  6.980000e+02
   endloop
 endfacet
 facet normal  0.000000e+00  1.000000e+00  0.000000e+00
   outer loop
     vertex -3.041544e+00  1.219621e+02  0.000000e+00
     vertex  3.041544e+00  1.219621e+02  6.980000e+02
     vertex  3.041544e+00  1.219621e+02  0.000000e+00
   endloop
 endfacet
 facet normal -4.984589e-02  9.987569e-01  0.000000e+00
   outer loop
     vertex -9.117071e+00  1.216589e+02  0.000000e+00
     vertex -9.117071e+00  1.216589e+02  6.980000e+02
     vertex -3.041544e+00  1.219621e+02  0.000000e+00
   endloop
 endfacet
 facet normal -9.956785e-02  9.950308e-01  0.000000e+00
   outer loop
     vertex -1.516993e+01  1.210532e+02  0.000000e+00
     vertex -1.516993e+01  1.210532e+02  6.980000e+02
     vertex -9.117071e+00  1.216589e+02  6.980000e+02
   endloop
 endfacet
 facet normal -9.956785e-02  9.950308e-01  0.000000e+00
   outer loop
     vertex -1.516993e+01  1.210532e+02  0.000000e+00
     vertex -9.117071e+00  1.216589e+02  6.980000e+02
     vertex -9.117071e+00  1.216589e+02  0.000000e+00
   endloop
 endfacet
 facet normal -1.490423e-01  9.888308e-01  0.000000e+00
   outer loop
     vertex -2.118508e+01  1.201465e+02  0.000000e+00
     vertex -2.118508e+01  1.201465e+02  6.980000e+02
     vertex -1.516993e+01  1.210532e+02  6.980000e+02
   endloop
 endfacet
 facet normal -1.981461e-01  9.801725e-01  0.000000e+00
   outer loop
     vertex -2.118508e+01  1.201465e+02  0.000000e+00
     vertex -2.714755e+01  1.189412e+02  6.980000e+02
     vertex -2.118508e+01  1.201465e+02  6.980000e+02
   endloop
 endfacet
 facet normal -1.490423e-01  9.888308e-01  0.000000e+00
   outer loop
     vertex -2.118508e+01  1.201465e+02  0.000000e+00
     vertex -1.516993e+01  1.210532e+02  6.980000e+02
     vertex -1.516993e+01  1.210532e+02  0.000000e+00
   endloop
 endfacet
 facet normal -1.981461e-01  9.801725e-01  0.000000e+00
   outer loop
     vertex -2.714755e+01  1.189412e+02  0.000000e+00
     vertex -2.714755e+01  1.189412e+02  6.980000e+02
     vertex -2.118508e+01  1.201465e+02  0.000000e+00
   endloop
 endfacet
 facet normal -2.467574e-01  9.690773e-01  0.000000e+00
   outer loop
     vertex -3.304254e+01  1.174402e+02  0.000000e+00
     vertex -2.714755e+01  1.189412e+02  6.980000e+02
     vertex -2.714755e+01  1.189412e+02  0.000000e+00
   endloop
 endfacet
 facet normal -2.467574e-01  9.690773e-01  0.000000e+00
   outer loop
     vertex -3.304254e+01  1.174402e+02  0.000000e+00
     vertex -3.304254e+01  1.174402e+02  6.980000e+02
     vertex -2.714755e+01  1.189412e+02  6.980000e+02
   endloop
 endfacet
 facet normal -2.947552e-01  9.555728e-01  0.000000e+00
   outer loop
     vertex -3.304254e+01  1.174402e+02  0.000000e+00
     vertex -3.885537e+01  1.156471e+02  6.980000e+02
     vertex -3.304254e+01  1.174402e+02  6.980000e+02
   endloop
 endfacet
 facet normal -2.947552e-01  9.555728e-01  0.000000e+00
   outer loop
     vertex -3.885537e+01  1.156471e+02  0.000000e+00
     vertex -3.885537e+01  1.156471e+02  6.980000e+02
     vertex -3.304254e+01  1.174402e+02  0.000000e+00
   endloop
 endfacet
 facet normal -3.420201e-01  9.396926e-01  0.000000e+00
   outer loop
     vertex -4.457160e+01  1.135666e+02  0.000000e+00
     vertex -3.885537e+01  1.156471e+02  6.980000e+02
     vertex -3.885537e+01  1.156471e+02  0.000000e+00
   endloop
 endfacet
 facet normal -3.420201e-01  9.396926e-01  0.000000e+00
   outer loop
     vertex -4.457160e+01  1.135666e+02  0.000000e+00
     vertex -4.457160e+01  1.135666e+02  6.980000e+02
     vertex -3.885537e+01  1.156471e+02  6.980000e+02
   endloop
 endfacet
 facet normal -3.884348e-01  9.214762e-01  0.000000e+00
   outer loop
     vertex -4.457160e+01  1.135666e+02  0.000000e+00
     vertex -5.017703e+01  1.112037e+02  6.980000e+02
     vertex -4.457160e+01  1.135666e+02  6.980000e+02
   endloop
 endfacet
 facet normal -3.884348e-01  9.214762e-01  0.000000e+00
   outer loop
     vertex -5.017703e+01  1.112037e+02  0.000000e+00
     vertex -5.017703e+01  1.112037e+02  6.980000e+02
     vertex -4.457160e+01  1.135666e+02  0.000000e+00
   endloop
 endfacet
 facet normal -4.338837e-01  9.009689e-01  0.000000e+00
   outer loop
     vertex -5.017703e+01  1.112037e+02  0.000000e+00
     vertex -5.565770e+01  1.085644e+02  6.980000e+02
     vertex -5.017703e+01  1.112037e+02  6.980000e+02
   endloop
 endfacet
 facet normal -4.338837e-01  9.009689e-01  0.000000e+00
   outer loop
     vertex -5.565770e+01  1.085644e+02  0.000000e+00
     vertex -5.565770e+01  1.085644e+02  6.980000e+02
     vertex -5.017703e+01  1.112037e+02  0.000000e+00
   endloop
 endfacet
 facet normal -4.782540e-01  8.782216e-01  0.000000e+00
   outer loop
     vertex -6.100000e+01  1.056551e+02  0.000000e+00
     vertex -5.565770e+01  1.085644e+02  6.980000e+02
     vertex -5.565770e+01  1.085644e+02  0.000000e+00
   endloop
 endfacet
 facet normal -4.782540e-01  8.782216e-01  0.000000e+00
   outer loop
     vertex -6.100000e+01  1.056551e+02  0.000000e+00
     vertex -6.100000e+01  1.056551e+02  6.980000e+02
     vertex -5.565770e+01  1.085644e+02  6.980000e+02
   endloop
 endfacet
 facet normal -5.214352e-01  8.532909e-01  0.000000e+00
   outer loop
     vertex -6.619064e+01  1.024832e+02  0.000000e+00
     vertex -6.100000e+01  1.056551e+02  6.980000e+02
     vertex -6.100000e+01  1.056551e+02  0.000000e+00
   endloop
 endfacet
 facet normal -5.214352e-01  8.532909e-01  0.000000e+00
   outer loop
     vertex -6.619064e+01  1.024832e+02  0.000000e+00
     vertex -6.619064e+01  1.024832e+02  6.980000e+02
     vertex -6.100000e+01  1.056551e+02  6.980000e+02
   endloop
 endfacet
 facet normal -5.633201e-01  8.262388e-01  0.000000e+00
   outer loop
     vertex -7.121673e+01  9.905644e+01  0.000000e+00
     vertex -6.619064e+01  1.024832e+02  6.980000e+02
     vertex -6.619064e+01  1.024832e+02  0.000000e+00
   endloop
 endfacet
 facet normal -5.633201e-01  8.262388e-01  0.000000e+00
   outer loop
     vertex -7.121673e+01  9.905644e+01  0.000000e+00
     vertex -7.121673e+01  9.905644e+01  6.980000e+02
     vertex -6.619064e+01  1.024832e+02  6.980000e+02
   endloop
 endfacet
 facet normal -6.038044e-01  7.971325e-01  0.000000e+00
   outer loop
     vertex -7.606576e+01  9.538344e+01  0.000000e+00
     vertex -7.121673e+01  9.905644e+01  6.980000e+02
     vertex -7.121673e+01  9.905644e+01  0.000000e+00
   endloop
 endfacet
 facet normal -6.038044e-01  7.971325e-01  0.000000e+00
   outer loop
     vertex -7.606576e+01  9.538344e+01  0.000000e+00
     vertex -7.606576e+01  9.538344e+01  6.980000e+02
     vertex -7.121673e+01  9.905644e+01  6.980000e+02
   endloop
 endfacet
 facet normal -6.427876e-01  7.660444e-01  0.000000e+00
   outer loop
     vertex -8.072567e+01  9.147331e+01  0.000000e+00
     vertex -7.606576e+01  9.538344e+01  6.980000e+02
     vertex -7.606576e+01  9.538344e+01  0.000000e+00
   endloop
 endfacet
 facet normal -6.427876e-01  7.660444e-01  0.000000e+00
   outer loop
     vertex -8.072567e+01  9.147331e+01  0.000000e+00
     vertex -8.072567e+01  9.147331e+01  6.980000e+02
     vertex -7.606576e+01  9.538344e+01  6.980000e+02
   endloop
 endfacet
 facet normal -6.801727e-01  7.330519e-01  0.000000e+00
   outer loop
     vertex -8.518489e+01  8.733576e+01  0.000000e+00
     vertex -8.072567e+01  9.147331e+01  6.980000e+02
     vertex -8.072567e+01  9.147331e+01  0.000000e+00
   endloop
 endfacet
 facet normal -6.801727e-01  7.330519e-01  0.000000e+00
   outer loop
     vertex -8.518489e+01  8.733576e+01  0.000000e+00
     vertex -8.518489e+01  8.733576e+01  6.980000e+02
     vertex -8.072567e+01  9.147331e+01  6.980000e+02
   endloop
 endfacet
 facet normal -7.158668e-01  6.982368e-01  0.000000e+00
   outer loop
     vertex -8.943233e+01  8.298107e+01  0.000000e+00
     vertex -8.518489e+01  8.733576e+01  6.980000e+02
     vertex -8.518489e+01  8.733576e+01  0.000000e+00
   endloop
 endfacet
 facet normal -7.158668e-01  6.982368e-01  0.000000e+00
   outer loop
     vertex -8.943233e+01  8.298107e+01  0.000000e+00
     vertex -8.943233e+01  8.298107e+01  6.980000e+02
     vertex -8.518489e+01  8.733576e+01  6.980000e+02
   endloop
 endfacet
 facet normal -7.497812e-01  6.616858e-01  0.000000e+00
   outer loop
     vertex -9.345742e+01  7.842009e+01  0.000000e+00
     vertex -9.345742e+01  7.842009e+01  6.980000e+02
     vertex -8.943233e+01  8.298107e+01  6.980000e+02
   endloop
 endfacet
 facet normal -7.497812e-01  6.616858e-01  0.000000e+00
   outer loop
     vertex -9.345742e+01  7.842009e+01  0.000000e+00
     vertex -8.943233e+01  8.298107e+01  6.980000e+02
     vertex -8.943233e+01  8.298107e+01  0.000000e+00
   endloop
 endfacet
 facet normal -7.818315e-01  6.234898e-01  0.000000e+00
   outer loop
     vertex -9.725017e+01  7.366414e+01  0.000000e+00
     vertex -9.725017e+01  7.366414e+01  6.980000e+02
     vertex -9.345742e+01  7.842009e+01  6.980000e+02
   endloop
 endfacet
 facet normal -7.818315e-01  6.234898e-01  0.000000e+00
   outer loop
     vertex -9.725017e+01  7.366414e+01  0.000000e+00
     vertex -9.345742e+01  7.842009e+01  6.980000e+02
     vertex -9.345742e+01  7.842009e+01  0.000000e+00
   endloop
 endfacet
 facet normal -8.119380e-01  5.837437e-01  0.000000e+00
   outer loop
     vertex -1.008011e+02  6.872505e+01  0.000000e+00
     vertex -1.008011e+02  6.872505e+01  6.980000e+02
     vertex -9.725017e+01  7.366414e+01  6.980000e+02
   endloop
 endfacet
 facet normal -8.119380e-01  5.837437e-01  0.000000e+00
   outer loop
     vertex -1.008011e+02  6.872505e+01  0.000000e+00
     vertex -9.725017e+01  7.366414e+01  6.980000e+02
     vertex -9.725017e+01  7.366414e+01  0.000000e+00
   endloop
 endfacet
 facet normal -8.400259e-01  5.425463e-01  0.000000e+00
   outer loop
     vertex -1.041015e+02  6.361509e+01  0.000000e+00
     vertex -1.041015e+02  6.361509e+01  6.980000e+02
     vertex -1.008011e+02  6.872505e+01  6.980000e+02
   endloop
 endfacet
 facet normal -8.400259e-01  5.425463e-01  0.000000e+00
   outer loop
     vertex -1.041015e+02  6.361509e+01  0.000000e+00
     vertex -1.008011e+02  6.872505e+01  6.980000e+02
     vertex -1.008011e+02  6.872505e+01  0.000000e+00
   endloop
 endfacet
 facet normal -8.660254e-01  5.000000e-01  0.000000e+00
   outer loop
     vertex -1.071430e+02  5.834699e+01  0.000000e+00
     vertex -1.071430e+02  5.834699e+01  6.980000e+02
     vertex -1.041015e+02  6.361509e+01  6.980000e+02
   endloop
 endfacet
 facet normal -8.660254e-01  5.000000e-01  0.000000e+00
   outer loop
     vertex -1.071430e+02  5.834699e+01  0.000000e+00
     vertex -1.041015e+02  6.361509e+01  6.980000e+02
     vertex -1.041015e+02  6.361509e+01  0.000000e+00
   endloop
 endfacet
 facet normal -8.898718e-01  4.562107e-01  0.000000e+00
   outer loop
     vertex -1.099182e+02  5.293382e+01  0.000000e+00
     vertex -1.099182e+02  5.293382e+01  6.980000e+02
     vertex -1.071430e+02  5.834699e+01  6.980000e+02
   endloop
 endfacet
 facet normal -9.115059e-01  4.112871e-01  0.000000e+00
   outer loop
     vertex -1.099182e+02  5.293382e+01  0.000000e+00
     vertex -1.124201e+02  4.738905e+01  6.980000e+02
     vertex -1.099182e+02  5.293382e+01  6.980000e+02
   endloop
 endfacet
 facet normal -8.898718e-01  4.562107e-01  0.000000e+00
   outer loop
     vertex -1.099182e+02  5.293382e+01  0.000000e+00
     vertex -1.071430e+02  5.834699e+01  6.980000e+02
     vertex -1.071430e+02  5.834699e+01  0.000000e+00
   endloop
 endfacet
 facet normal -9.115059e-01  4.112871e-01  0.000000e+00
   outer loop
     vertex -1.124201e+02  4.738905e+01  0.000000e+00
     vertex -1.124201e+02  4.738905e+01  6.980000e+02
     vertex -1.099182e+02  5.293382e+01  0.000000e+00
   endloop
 endfacet
 facet normal -9.308737e-01  3.653410e-01  0.000000e+00
   outer loop
     vertex -1.146425e+02  4.172646e+01  0.000000e+00
     vertex -1.146425e+02  4.172646e+01  6.980000e+02
     vertex -1.124201e+02  4.738905e+01  6.980000e+02
   endloop
 endfacet
 facet normal -9.308737e-01  3.653410e-01  0.000000e+00
   outer loop
     vertex -1.146425e+02  4.172646e+01  0.000000e+00
     vertex -1.124201e+02  4.738905e+01  6.980000e+02
     vertex -1.124201e+02  4.738905e+01  0.000000e+00
   endloop
 endfacet
 facet normal -9.479273e-01  3.184867e-01  0.000000e+00
   outer loop
     vertex -1.165799e+02  3.596013e+01  0.000000e+00
     vertex -1.165799e+02  3.596013e+01  6.980000e+02
     vertex -1.146425e+02  4.172646e+01  6.980000e+02
   endloop
 endfacet
 facet normal -9.479273e-01  3.184867e-01  0.000000e+00
   outer loop
     vertex -1.165799e+02  3.596013e+01  0.000000e+00
     vertex -1.146425e+02  4.172646e+01  6.980000e+02
     vertex -1.146425e+02  4.172646e+01  0.000000e+00
   endloop
 endfacet
 facet normal -9.626242e-01  2.708405e-01  0.000000e+00
   outer loop
     vertex -1.182274e+02  3.010440e+01  0.000000e+00
     vertex -1.182274e+02  3.010440e+01  6.980000e+02
     vertex -1.165799e+02  3.596013e+01  6.980000e+02
   endloop
 endfacet
 facet normal -9.626242e-01  2.708405e-01  0.000000e+00
   outer loop
     vertex -1.182274e+02  3.010440e+01  0.000000e+00
     vertex -1.165799e+02  3.596013e+01  6.980000e+02
     vertex -1.165799e+02  3.596013e+01  0.000000e+00
   endloop
 endfacet
 facet normal -9.749279e-01  2.225209e-01  0.000000e+00
   outer loop
     vertex -1.195810e+02  2.417383e+01  0.000000e+00
     vertex -1.195810e+02  2.417383e+01  6.980000e+02
     vertex -1.182274e+02  3.010440e+01  6.980000e+02
   endloop
 endfacet
 facet normal -9.749279e-01  2.225209e-01  0.000000e+00
   outer loop
     vertex -1.195810e+02  2.417383e+01  0.000000e+00
     vertex -1.182274e+02  3.010440e+01  6.980000e+02
     vertex -1.182274e+02  3.010440e+01  0.000000e+00
   endloop
 endfacet
 facet normal -9.848078e-01  1.736482e-01  0.000000e+00
   outer loop
     vertex -1.206374e+02  1.818316e+01  0.000000e+00
     vertex -1.206374e+02  1.818316e+01  6.980000e+02
     vertex -1.195810e+02  2.417383e+01  6.980000e+02
   endloop
 endfacet
 facet normal -9.848078e-01  1.736482e-01  0.000000e+00
   outer loop
     vertex -1.206374e+02  1.818316e+01  0.000000e+00
     vertex -1.195810e+02  2.417383e+01  6.980000e+02
     vertex -1.195810e+02  2.417383e+01  0.000000e+00
   endloop
 endfacet
 facet normal -9.922392e-01  1.243437e-01  0.000000e+00
   outer loop
     vertex -1.213938e+02  1.214728e+01  0.000000e+00
     vertex -1.213938e+02  1.214728e+01  6.980000e+02
     vertex -1.206374e+02  1.818316e+01  6.980000e+02
   endloop
 endfacet
 facet normal -9.922392e-01  1.243437e-01  0.000000e+00
   outer loop
     vertex -1.213938e+02  1.214728e+01  0.000000e+00
     vertex -1.206374e+02  1.818316e+01  6.980000e+02
     vertex -1.206374e+02  1.818316e+01  0.000000e+00
   endloop
 endfacet
 facet normal -9.972038e-01  7.473009e-02  0.000000e+00
   outer loop
     vertex -1.218483e+02  6.081198e+00  0.000000e+00
     vertex -1.213938e+02  1.214728e+01  6.980000e+02
     vertex -1.213938e+02  1.214728e+01  0.000000e+00
   endloop
 endfacet
 facet normal -9.972038e-01  7.473009e-02  0.000000e+00
   outer loop
     vertex -1.218483e+02  6.081198e+00  0.000000e+00
     vertex -1.218483e+02  6.081198e+00  6.980000e+02
     vertex -1.213938e+02  1.214728e+01  6.980000e+02
   endloop
 endfacet
 facet normal -9.996892e-01  2.493069e-02  0.000000e+00
   outer loop
     vertex -1.218483e+02  6.081198e+00  0.000000e+00
     vertex -1.220000e+02 -4.184904e-13  6.980000e+02
     vertex -1.218483e+02  6.081198e+00  6.980000e+02
   endloop
 endfacet
 facet normal -9.996892e-01  2.493069e-02  0.000000e+00
   outer loop
     vertex -1.220000e+02 -4.184904e-13  0.000000e+00
     vertex -1.220000e+02 -4.184904e-13  6.980000e+02
     vertex -1.218483e+02  6.081198e+00  0.000000e+00
   endloop
 endfacet
 facet normal -9.996892e-01 -2.493069e-02  0.000000e+00
   outer loop
     vertex -1.218483e+02 -6.081198e+00  0.000000e+00
     vertex -1.220000e+02 -4.184904e-13  6.980000e+02
     vertex -1.220000e+02 -4.184904e-13  0.000000e+00
   endloop
 endfacet
 facet normal -9.996892e-01 -2.493069e-02  0.000000e+00
   outer loop
     vertex -1.218483e+02 -6.081198e+00  0.000000e+00
     vertex -1.218483e+02 -6.081198e+00  6.980000e+02
     vertex -1.220000e+02 -4.184904e-13  6.980000e+02
   endloop
 endfacet
 facet normal -9.972038e-01 -7.473009e-02  0.000000e+00
   outer loop
     vertex -1.213938e+02 -1.214728e+01  0.000000e+00
     vertex -1.218483e+02 -6.081198e+00  6.980000e+02
     vertex -1.218483e+02 -6.081198e+00  0.000000e+00
   endloop
 endfacet
 facet normal -9.972038e-01 -7.473009e-02  0.000000e+00
   outer loop
     vertex -1.213938e+02 -1.214728e+01  0.000000e+00
     vertex -1.213938e+02 -1.214728e+01  6.980000e+02
     vertex -1.218483e+02 -6.081198e+00  6.980000e+02
   endloop
 endfacet
 facet normal -9.922392e-01 -1.243437e-01  0.000000e+00
   outer loop
     vertex -1.206374e+02 -1.818316e+01  0.000000e+00
     vertex -1.213938e+02 -1.214728e+01  6.980000e+02
     vertex -1.213938e+02 -1.214728e+01  0.000000e+00
   endloop
 endfacet
 facet normal -9.922392e-01 -1.243437e-01  0.000000e+00
   outer loop
     vertex -1.206374e+02 -1.818316e+01  0.000000e+00
     vertex -1.206374e+02 -1.818316e+01  6.980000e+02
     vertex -1.213938e+02 -1.214728e+01  6.980000e+02
   endloop
 endfacet
 facet normal -9.848078e-01 -1.736482e-01  0.000000e+00
   outer loop
     vertex -1.195810e+02 -2.417383e+01  0.000000e+00
     vertex -1.206374e+02 -1.818316e+01  6.980000e+02
     vertex -1.206374e+02 -1.818316e+01  0.000000e+00
   endloop
 endfacet
 facet normal -9.848078e-01 -1.736482e-01  0.000000e+00
   outer loop
     vertex -1.195810e+02 -2.417383e+01  0.000000e+00
     vertex -1.195810e+02 -2.417383e+01  6.980000e+02
     vertex -1.206374e+02 -1.818316e+01  6.980000e+02
   endloop
 endfacet
 facet normal -9.749279e-01 -2.225209e-01  0.000000e+00
   outer loop
     vertex -1.182274e+02 -3.010440e+01  0.000000e+00
     vertex -1.195810e+02 -2.417383e+01  6.980000e+02
     vertex -1.195810e+02 -2.417383e+01  0.000000e+00
   endloop
 endfacet
 facet normal -9.749279e-01 -2.225209e-01  0.000000e+00
   outer loop
     vertex -1.182274e+02 -3.010440e+01  0.000000e+00
     vertex -1.182274e+02 -3.010440e+01  6.980000e+02
     vertex -1.195810e+02 -2.417383e+01  6.980000e+02
   endloop
 endfacet
 facet normal -9.626242e-01 -2.708405e-01  0.000000e+00
   outer loop
     vertex -1.165799e+02 -3.596013e+01  0.000000e+00
     vertex -1.182274e+02 -3.010440e+01  6.980000e+02
     vertex -1.182274e+02 -3.010440e+01  0.000000e+00
   endloop
 endfacet
 facet normal -9.626242e-01 -2.708405e-01  0.000000e+00
   outer loop
     vertex -1.165799e+02 -3.596013e+01  0.000000e+00
     vertex -1.165799e+02 -3.596013e+01  6.980000e+02
     vertex -1.182274e+02 -3.010440e+01  6.980000e+02
   endloop
 endfacet
 facet normal -9.479273e-01 -3.184867e-01  0.000000e+00
   outer loop
     vertex -1.146425e+02 -4.172646e+01  0.000000e+00
     vertex -1.165799e+02 -3.596013e+01  6.980000e+02
     vertex -1.165799e+02 -3.596013e+01  0.000000e+00
   endloop
 endfacet
 facet normal -9.479273e-01 -3.184867e-01  0.000000e+00
   outer loop
     vertex -1.146425e+02 -4.172646e+01  0.000000e+00
     vertex -1.146425e+02 -4.172646e+01  6.980000e+02
     vertex -1.165799e+02 -3.596013e+01  6.980000e+02
   endloop
 endfacet
 facet normal -9.308737e-01 -3.653410e-01  0.000000e+00
   outer loop
     vertex -1.124201e+02 -4.738905e+01  0.000000e+00
     vertex -1.146425e+02 -4.172646e+01  6.980000e+02
     vertex -1.146425e+02 -4.172646e+01  0.000000e+00
   endloop
 endfacet
 facet normal -9.308737e-01 -3.653410e-01  0.000000e+00
   outer loop
     vertex -1.124201e+02 -4.738905e+01  0.000000e+00
     vertex -1.124201e+02 -4.738905e+01  6.980000e+02
     vertex -1.146425e+02 -4.172646e+01  6.980000e+02
   endloop
 endfacet
 facet normal -9.115059e-01 -4.112871e-01  0.000000e+00
   outer loop
     vertex -1.099182e+02 -5.293382e+01  0.000000e+00
     vertex -1.124201e+02 -4.738905e+01  6.980000e+02
     vertex -1.124201e+02 -4.738905e+01  0.000000e+00
   endloop
 endfacet
 facet normal -9.115059e-01 -4.112871e-01  0.000000e+00
   outer loop
     vertex -1.099182e+02 -5.293382e+01  0.000000e+00
     vertex -1.099182e+02 -5.293382e+01  6.980000e+02
     vertex -1.124201e+02 -4.738905e+01  6.980000e+02
   endloop
 endfacet
 facet normal -8.898718e-01 -4.562107e-01  0.000000e+00
   outer loop
     vertex -1.071430e+02 -5.834699e+01  0.000000e+00
     vertex -1.099182e+02 -5.293382e+01  6.980000e+02
     vertex -1.099182e+02 -5.293382e+01  0.000000e+00
   endloop
 endfacet
 facet normal -8.898718e-01 -4.562107e-01  0.000000e+00
   outer loop
     vertex -1.071430e+02 -5.834699e+01  0.000000e+00
     vertex -1.071430e+02 -5.834699e+01  6.980000e+02
     vertex -1.099182e+02 -5.293382e+01  6.980000e+02
   endloop
 endfacet
 facet normal -8.660254e-01 -5.000000e-01  0.000000e+00
   outer loop
     vertex -1.041015e+02 -6.361509e+01  0.000000e+00
     vertex -1.071430e+02 -5.834699e+01  6.980000e+02
     vertex -1.071430e+02 -5.834699e+01  0.000000e+00
   endloop
 endfacet
 facet normal -8.660254e-01 -5.000000e-01  0.000000e+00
   outer loop
     vertex -1.041015e+02 -6.361509e+01  0.000000e+00
     vertex -1.041015e+02 -6.361509e+01  6.980000e+02
     vertex -1.071430e+02 -5.834699e+01  6.980000e+02
   endloop
 endfacet
 facet normal -8.400259e-01 -5.425463e-01  0.000000e+00
   outer loop
     vertex -1.008011e+02 -6.872505e+01  0.000000e+00
     vertex -1.041015e+02 -6.361509e+01  6.980000e+02
     vertex -1.041015e+02 -6.361509e+01  0.000000e+00
   endloop
 endfacet
 facet normal -8.400259e-01 -5.425463e-01  0.000000e+00
   outer loop
     vertex -1.008011e+02 -6.872505e+01  0.000000e+00
     vertex -1.008011e+02 -6.872505e+01  6.980000e+02
     vertex -1.041015e+02 -6.361509e+01  6.980000e+02
   endloop
 endfacet
 facet normal -8.119380e-01 -5.837437e-01  0.000000e+00
   outer loop
     vertex -9.725017e+01 -7.366414e+01  0.000000e+00
     vertex -1.008011e+02 -6.872505e+01  6.980000e+02
     vertex -1.008011e+02 -6.872505e+01  0.000000e+00
   endloop
 endfacet
 facet normal -8.119380e-01 -5.837437e-01  0.000000e+00
   outer loop
     vertex -9.725017e+01 -7.366414e+01  0.000000e+00
     vertex -9.725017e+01 -7.366414e+01  6.980000e+02
     vertex -1.008011e+02 -6.872505e+01  6.980000e+02
   endloop
 endfacet
 facet normal -7.818315e-01 -6.234898e-01  0.000000e+00
   outer loop
     vertex -9.345742e+01 -7.842009e+01  0.000000e+00
     vertex -9.725017e+01 -7.366414e+01  6.980000e+02
     vertex -9.725017e+01 -7.366414e+01  0.000000e+00
   endloop
 endfacet
 facet normal -7.818315e-01 -6.234898e-01  0.000000e+00
   outer loop
     vertex -9.345742e+01 -7.842009e+01  0.000000e+00
     vertex -9.345742e+01 -7.842009e+01  6.980000e+02
     vertex -9.725017e+01 -7.366414e+01  6.980000e+02
   endloop
 endfacet
 facet normal -7.497812e-01 -6.616858e-01  0.000000e+00
   outer loop
     vertex -8.943233e+01 -8.298107e+01  0.000000e+00
     vertex -9.345742e+01 -7.842009e+01  6.980000e+02
     vertex -9.345742e+01 -7.842009e+01  0.000000e+00
   endloop
 endfacet
 facet normal -7.497812e-01 -6.616858e-01  0.000000e+00
   outer loop
     vertex -8.943233e+01 -8.298107e+01  0.000000e+00
     vertex -8.943233e+01 -8.298107e+01  6.980000e+02
     vertex -9.345742e+01 -7.842009e+01  6.980000e+02
   endloop
 endfacet
 facet normal -7.158668e-01 -6.982368e-01  0.000000e+00
   outer loop
     vertex -8.518489e+01 -8.733576e+01  0.000000e+00
     vertex -8.943233e+01 -8.298107e+01  6.980000e+02
     vertex -8.943233e+01 -8.298107e+01  0.000000e+00
   endloop
 endfacet
 facet normal -7.158668e-01 -6.982368e-01  0.000000e+00
   outer loop
     vertex -8.518489e+01 -8.733576e+01  0.000000e+00
     vertex -8.518489e+01 -8.733576e+01  6.980000e+02
     vertex -8.943233e+01 -8.298107e+01  6.980000e+02
   endloop
 endfacet
 facet normal -6.801727e-01 -7.330519e-01  0.000000e+00
   outer loop
     vertex -8.072567e+01 -9.147331e+01  0.000000e+00
     vertex -8.518489e+01 -8.733576e+01  6.980000e+02
     vertex -8.518489e+01 -8.733576e+01  0.000000e+00
   endloop
 endfacet
 facet normal -6.801727e-01 -7.330519e-01  0.000000e+00
   outer loop
     vertex -8.072567e+01 -9.147331e+01  0.000000e+00
     vertex -8.072567e+01 -9.147331e+01  6.980000e+02
     vertex -8.518489e+01 -8.733576e+01  6.980000e+02
   endloop
 endfacet
 facet normal -6.427876e-01 -7.660444e-01  0.000000e+00
   outer loop
     vertex -7.606576e+01 -9.538344e+01  0.000000e+00
     vertex -8.072567e+01 -9.147331e+01  6.980000e+02
     vertex -8.072567e+01 -9.147331e+01  0.000000e+00
   endloop
 endfacet
 facet normal -6.427876e-01 -7.660444e-01  0.000000e+00
   outer loop
     vertex -7.606576e+01 -9.538344e+01  0.000000e+00
     vertex -7.606576e+01 -9.538344e+01  6.980000e+02
     vertex -8.072567e+01 -9.147331e+01  6.980000e+02
   endloop
 endfacet
 facet normal -6.038044e-01 -7.971325e-01  0.000000e+00
   outer loop
     vertex -7.606576e+01 -9.538344e+01  0.000000e+00
     vertex -7.121673e+01 -9.905644e+01  6.980000e+02
     vertex -7.606576e+01 -9.538344e+01  6.980000e+02
   endloop
 endfacet
 facet normal -6.038044e-01 -7.971325e-01  0.000000e+00
   outer loop
     vertex -7.121673e+01 -9.905644e+01  0.000000e+00
     vertex -7.121673e+01 -9.905644e+01  6.980000e+02
     vertex -7.606576e+01 -9.538344e+01  0.000000e+00
   endloop
 endfacet
 facet normal -5.633201e-01 -8.262388e-01  0.000000e+00
   outer loop
     vertex -6.619064e+01 -1.024832e+02  0.000000e+00
     vertex -6.619064e+01 -1.024832e+02  6.980000e+02
     vertex -7.121673e+01 -9.905644e+01  6.980000e+02
   endloop
 endfacet
 facet normal -5.633201e-01 -8.262388e-01  0.000000e+00
   outer loop
     vertex -6.619064e+01 -1.024832e+02  0.000000e+00
     vertex -7.121673e+01 -9.905644e+01  6.980000e+02
     vertex -7.121673e+01 -9.905644e+01  0.000000e+00
   endloop
 endfacet
 facet normal -5.214352e-01 -8.532909e-01  0.000000e+00
   outer loop
     vertex -6.100000e+01 -1.056551e+02  0.000000e+00
     vertex -6.100000e+01 -1.056551e+02  6.980000e+02
     vertex -6.619064e+01 -1.024832e+02  6.980000e+02
   endloop
 endfacet
 facet normal -5.214352e-01 -8.532909e-01  0.000000e+00
   outer loop
     vertex -6.100000e+01 -1.056551e+02  0.000000e+00
     vertex -6.619064e+01 -1.024832e+02  6.980000e+02
     vertex -6.619064e+01 -1.024832e+02  0.000000e+00
   endloop
 endfacet
 facet normal -4.782540e-01 -8.782216e-01  0.000000e+00
   outer loop
     vertex -5.565770e+01 -1.085644e+02  0.000000e+00
     vertex -5.565770e+01 -1.085644e+02  6.980000e+02
     vertex -6.100000e+01 -1.056551e+02  6.980000e+02
   endloop
 endfacet
 facet normal -4.782540e-01 -8.782216e-01  0.000000e+00
   outer loop
     vertex -5.565770e+01 -1.085644e+02  0.000000e+00
     vertex -6.100000e+01 -1.056551e+02  6.980000e+02
     vertex -6.100000e+01 -1.056551e+02  0.000000e+00
   endloop
 endfacet
 facet normal -4.338837e-01 -9.009689e-01  0.000000e+00
   outer loop
     vertex -5.017703e+01 -1.112037e+02  0.000000e+00
     vertex -5.017703e+01 -1.112037e+02  6.980000e+02
     vertex -5.565770e+01 -1.085644e+02  6.980000e+02
   endloop
 endfacet
 facet normal -4.338837e-01 -9.009689e-01  0.000000e+00
   outer loop
     vertex -5.017703e+01 -1.112037e+02  0.000000e+00
     vertex -5.565770e+01 -1.085644e+02  6.980000e+02
     vertex -5.565770e+01 -1.085644e+02  0.000000e+00
   endloop
 endfacet
 facet normal -3.884348e-01 -9.214762e-01  0.000000e+00
   outer loop
     vertex -4.457160e+01 -1.135666e+02  0.000000e+00
     vertex -5.017703e+01 -1.112037e+02  6.980000e+02
     vertex -5.017703e+01 -1.112037e+02  0.000000e+00
   endloop
 endfacet
 facet normal -3.884348e-01 -9.214762e-01  0.000000e+00
   outer loop
     vertex -4.457160e+01 -1.135666e+02  0.000000e+00
     vertex -4.457160e+01 -1.135666e+02  6.980000e+02
     vertex -5.017703e+01 -1.112037e+02  6.980000e+02
   endloop
 endfacet
 facet normal -3.420201e-01 -9.396926e-01  0.000000e+00
   outer loop
     vertex -3.885537e+01 -1.156471e+02  0.000000e+00
     vertex -4.457160e+01 -1.135666e+02  6.980000e+02
     vertex -4.457160e+01 -1.135666e+02  0.000000e+00
   endloop
 endfacet
 facet normal -3.420201e-01 -9.396926e-01  0.000000e+00
   outer loop
     vertex -3.885537e+01 -1.156471e+02  0.000000e+00
     vertex -3.885537e+01 -1.156471e+02  6.980000e+02
     vertex -4.457160e+01 -1.135666e+02  6.980000e+02
   endloop
 endfacet
 facet normal -2.947552e-01 -9.555728e-01  0.000000e+00
   outer loop
     vertex -3.304254e+01 -1.174402e+02  0.000000e+00
     vertex -3.885537e+01 -1.156471e+02  6.980000e+02
     vertex -3.885537e+01 -1.156471e+02  0.000000e+00
   endloop
 endfacet
 facet normal -2.947552e-01 -9.555728e-01  0.000000e+00
   outer loop
     vertex -3.304254e+01 -1.174402e+02  0.000000e+00
     vertex -3.304254e+01 -1.174402e+02  6.980000e+02
     vertex -3.885537e+01 -1.156471e+02  6.980000e+02
   endloop
 endfacet
 facet normal -2.467574e-01 -9.690773e-01  0.000000e+00
   outer loop
     vertex -2.714755e+01 -1.189412e+02  0.000000e+00
     vertex -3.304254e+01 -1.174402e+02  6.980000e+02
     vertex -3.304254e+01 -1.174402e+02  0.000000e+00
   endloop
 endfacet
 facet normal -2.467574e-01 -9.690773e-01  0.000000e+00
   outer loop
     vertex -2.714755e+01 -1.189412e+02  0.000000e+00
     vertex -2.714755e+01 -1.189412e+02  6.980000e+02
     vertex -3.304254e+01 -1.174402e+02  6.980000e+02
   endloop
 endfacet
 facet normal -1.981461e-01 -9.801725e-01  0.000000e+00
   outer loop
     vertex -2.714755e+01 -1.189412e+02  0.000000e+00
     vertex -2.118508e+01 -1.201465e+02  6.980000e+02
     vertex -2.714755e+01 -1.189412e+02  6.980000e+02
   endloop
 endfacet
 facet normal -1.981461e-01 -9.801725e-01  0.000000e+00
   outer loop
     vertex -2.118508e+01 -1.201465e+02  0.000000e+00
     vertex -2.118508e+01 -1.201465e+02  6.980000e+02
     vertex -2.714755e+01 -1.189412e+02  0.000000e+00
   endloop
 endfacet
 facet normal -1.490423e-01 -9.888308e-01  0.000000e+00
   outer loop
     vertex -1.516993e+01 -1.210532e+02  0.000000e+00
     vertex -2.118508e+01 -1.201465e+02  6.980000e+02
     vertex -2.118508e+01 -1.201465e+02  0.000000e+00
   endloop
 endfacet
 facet normal -1.490423e-01 -9.888308e-01  0.000000e+00
   outer loop
     vertex -1.516993e+01 -1.210532e+02  0.000000e+00
     vertex -1.516993e+01 -1.210532e+02  6.980000e+02
     vertex -2.118508e+01 -1.201465e+02  6.980000e+02
   endloop
 endfacet
 facet normal -9.956785e-02 -9.950308e-01  0.000000e+00
   outer loop
     vertex -1.516993e+01 -1.210532e+02  0.000000e+00
     vertex -9.117071e+00 -1.216589e+02  6.980000e+02
     vertex -1.516993e+01 -1.210532e+02  6.980000e+02
   endloop
 endfacet
 facet normal -9.956785e-02 -9.950308e-01  0.000000e+00
   outer loop
     vertex -9.117071e+00 -1.216589e+02  0.000000e+00
     vertex -9.117071e+00 -1.216589e+02  6.980000e+02
     vertex -1.516993e+01 -1.210532e+02  0.000000e+00
   endloop
 endfacet
 facet normal -4.984589e-02 -9.987569e-01  0.000000e+00
   outer loop
     vertex -3.041544e+00 -1.219621e+02  0.000000e+00
     vertex -9.117071e+00 -1.216589e+02  6.980000e+02
     vertex -9.117071e+00 -1.216589e+02  0.000000e+00
   endloop
 endfacet
 facet normal -4.984589e-02 -9.987569e-01  0.000000e+00
   outer loop
     vertex -3.041544e+00 -1.219621e+02  0.000000e+00
     vertex -3.041544e+00 -1.219621e+02  6.980000e+02
     vertex -9.117071e+00 -1.216589e+02  6.980000e+02
   endloop
 endfacet
 facet normal  9.344499e-15 -1.000000e+00  0.000000e+00
   outer loop
     vertex  3.041544e+00 -1.219621e+02  0.000000e+00
     vertex -3.041544e+00 -1.219621e+02  6.980000e+02
     vertex -3.041544e+00 -1.219621e+02  0.000000e+00
   endloop
 endfacet
 facet normal  9.344499e-15 -1.000000e+00  0.000000e+00
   outer loop
     vertex  3.041544e+00 -1.219621e+02  0.000000e+00
     vertex  3.041544e+00 -1.219621e+02  6.980000e+02
     vertex -3.041544e+00 -1.219621e+02  6.980000e+02
   endloop
 endfacet
 facet normal  4.984589e-02 -9.987569e-01  0.000000e+00
   outer loop
     vertex  9.117071e+00 -1.216589e+02  0.000000e+00
     vertex  3.041544e+00 -1.219621e+02  6.980000e+02
     vertex  3.041544e+00 -1.219621e+02  0.000000e+00
   endloop
 endfacet
 facet normal  4.984589e-02 -9.987569e-01  0.000000e+00
   outer loop
     vertex  9.117071e+00 -1.216589e+02  0.000000e+00
     vertex  9.117071e+00 -1.216589e+02  6.980000e+02
     vertex  3.041544e+00 -1.219621e+02  6.980000e+02
   endloop
 endfacet
 facet normal  9.956785e-02 -9.950308e-01  0.000000e+00
   outer loop
     vertex  1.516993e+01 -1.210532e+02  0.000000e+00
     vertex  9.117071e+00 -1.216589e+02  6.980000e+02
     vertex  9.117071e+00 -1.216589e+02  0.000000e+00
   endloop
 endfacet
 facet normal  9.956785e-02 -9.950308e-01  0.000000e+00
   outer loop
     vertex  1.516993e+01 -1.210532e+02  0.000000e+00
     vertex  1.516993e+01 -1.210532e+02  6.980000e+02
     vertex  9.117071e+00 -1.216589e+02  6.980000e+02
   endloop
 endfacet
 facet normal  1.490423e-01 -9.888308e-01  0.000000e+00
   outer loop
     vertex  2.118508e+01 -1.201465e+02  0.000000e+00
     vertex  1.516993e+01 -1.210532e+02  6.980000e+02
     vertex  1.516993e+01 -1.210532e+02  0.000000e+00
   endloop
 endfacet
 facet normal  1.490423e-01 -9.888308e-01  0.000000e+00
   outer loop
     vertex  2.118508e+01 -1.201465e+02  0.000000e+00
     vertex  2.118508e+01 -1.201465e+02  6.980000e+02
     vertex  1.516993e+01 -1.210532e+02  6.980000e+02
   endloop
 endfacet
 facet normal  1.981461e-01 -9.801725e-01  0.000000e+00
   outer loop
     vertex  2.714755e+01 -1.189412e+02  0.000000e+00
     vertex  2.118508e+01 -1.201465e+02  6.980000e+02
     vertex  2.118508e+01 -1.201465e+02  0.000000e+00
   endloop
 endfacet
 facet normal  1.981461e-01 -9.801725e-01  0.000000e+00
   outer loop
     vertex  2.714755e+01 -1.189412e+02  0.000000e+00
     vertex  2.714755e+01 -1.189412e+02  6.980000e+02
     vertex  2.118508e+01 -1.201465e+02  6.980000e+02
   endloop
 endfacet
 facet normal  2.467574e-01 -9.690773e-01  0.000000e+00
   outer loop
     vertex  3.304254e+01 -1.174402e+02  0.000000e+00
     vertex  3.304254e+01 -1.174402e+02  6.980000e+02
     vertex  2.714755e+01 -1.189412e+02  6.980000e+02
   endloop
 endfacet
 facet normal  2.467574e-01 -9.690773e-01  0.000000e+00
   outer loop
     vertex  3.304254e+01 -1.174402e+02  0.000000e+00
     vertex  2.714755e+01 -1.189412e+02  6.980000e+02
     vertex  2.714755e+01 -1.189412e+02  0.000000e+00
   endloop
 endfacet
 facet normal  2.947552e-01 -9.555728e-01  0.000000e+00
   outer loop
     vertex  3.885537e+01 -1.156471e+02  0.000000e+00
     vertex  3.885537e+01 -1.156471e+02  6.980000e+02
     vertex  3.304254e+01 -1.174402e+02  6.980000e+02
   endloop
 endfacet
 facet normal  2.947552e-01 -9.555728e-01  0.000000e+00
   outer loop
     vertex  3.885537e+01 -1.156471e+02  0.000000e+00
     vertex  3.304254e+01 -1.174402e+02  6.980000e+02
     vertex  3.304254e+01 -1.174402e+02  0.000000e+00
   endloop
 endfacet
 facet normal  3.420201e-01 -9.396926e-01  0.000000e+00
   outer loop
     vertex  4.457160e+01 -1.135666e+02  0.000000e+00
     vertex  4.457160e+01 -1.135666e+02  6.980000e+02
     vertex  3.885537e+01 -1.156471e+02  6.980000e+02
   endloop
 endfacet
 facet normal  3.420201e-01 -9.396926e-01  0.000000e+00
   outer loop
     vertex  4.457160e+01 -1.135666e+02  0.000000e+00
     vertex  3.885537e+01 -1.156471e+02  6.980000e+02
     vertex  3.885537e+01 -1.156471e+02  0.000000e+00
   endloop
 endfacet
 facet normal  3.884348e-01 -9.214762e-01  0.000000e+00
   outer loop
     vertex  5.017703e+01 -1.112037e+02  0.000000e+00
     vertex  5.017703e+01 -1.112037e+02  6.980000e+02
     vertex  4.457160e+01 -1.135666e+02  6.980000e+02
   endloop
 endfacet
 facet normal  3.884348e-01 -9.214762e-01  0.000000e+00
   outer loop
     vertex  5.017703e+01 -1.112037e+02  0.000000e+00
     vertex  4.457160e+01 -1.135666e+02  6.980000e+02
     vertex  4.457160e+01 -1.135666e+02  0.000000e+00
   endloop
 endfacet
 facet normal  4.338837e-01 -9.009689e-01  0.000000e+00
   outer loop
     vertex  5.565770e+01 -1.085644e+02  0.000000e+00
     vertex  5.565770e+01 -1.085644e+02  6.980000e+02
     vertex  5.017703e+01 -1.112037e+02  6.980000e+02
   endloop
 endfacet
 facet normal  4.338837e-01 -9.009689e-01  0.000000e+00
   outer loop
     vertex  5.565770e+01 -1.085644e+02  0.000000e+00
     vertex  5.017703e+01 -1.112037e+02  6.980000e+02
     vertex  5.017703e+01 -1.112037e+02  0.000000e+00
   endloop
 endfacet
 facet normal  4.782540e-01 -8.782216e-01  0.000000e+00
   outer loop
     vertex  6.100000e+01 -1.056551e+02  0.000000e+00
     vertex  6.100000e+01 -1.056551e+02  6.980000e+02
     vertex  5.565770e+01 -1.085644e+02  6.980000e+02
   endloop
 endfacet
 facet normal  5.214352e-01 -8.532909e-01  0.000000e+00
   outer loop
     vertex  6.100000e+01 -1.056551e+02  0.000000e+00
     vertex  6.619064e+01 -1.024832e+02  6.980000e+02
     vertex  6.100000e+01 -1.056551e+02  6.980000e+02
   endloop
 endfacet
 facet normal  4.782540e-01 -8.782216e-01  0.000000e+00
   outer loop
     vertex  6.100000e+01 -1.056551e+02  0.000000e+00
     vertex  5.565770e+01 -1.085644e+02  6.980000e+02
     vertex  5.565770e+01 -1.085644e+02  0.000000e+00
   endloop
 endfacet
 facet normal  5.214352e-01 -8.532909e-01  0.000000e+00
   outer loop
     vertex  6.619064e+01 -1.024832e+02  0.000000e+00
     vertex  6.619064e+01 -1.024832e+02  6.980000e+02
     vertex  6.100000e+01 -1.056551e+02  0.000000e+00
   endloop
 endfacet
 facet normal  5.633201e-01 -8.262388e-01  0.000000e+00
   outer loop
     vertex  7.121673e+01 -9.905644e+01  0.000000e+00
     vertex  7.121673e+01 -9.905644e+01  6.980000e+02
     vertex  6.619064e+01 -1.024832e+02  6.980000e+02
   endloop
 endfacet
 facet normal  5.633201e-01 -8.262388e-01  0.000000e+00
   outer loop
     vertex  7.121673e+01 -9.905644e+01  0.000000e+00
     vertex  6.619064e+01 -1.024832e+02  6.980000e+02
     vertex  6.619064e+01 -1.024832e+02  0.000000e+00
   endloop
 endfacet
 facet normal  6.038044e-01 -7.971325e-01  0.000000e+00
   outer loop
     vertex  7.606576e+01 -9.538344e+01  0.000000e+00
     vertex  7.606576e+01 -9.538344e+01  6.980000e+02
     vertex  7.121673e+01 -9.905644e+01  6.980000e+02
   endloop
 endfacet
 facet normal  6.038044e-01 -7.971325e-01  0.000000e+00
   outer loop
     vertex  7.606576e+01 -9.538344e+01  0.000000e+00
     vertex  7.121673e+01 -9.905644e+01  6.980000e+02
     vertex  7.121673e+01 -9.905644e+01  0.000000e+00
   endloop
 endfacet
 facet normal  6.427876e-01 -7.660444e-01  0.000000e+00
   outer loop
     vertex  8.072567e+01 -9.147331e+01  0.000000e+00
     vertex  8.072567e+01 -9.147331e+01  6.980000e+02
     vertex  7.606576e+01 -9.538344e+01  6.980000e+02
   endloop
 endfacet
 facet normal  6.427876e-01 -7.660444e-01  0.000000e+00
   outer loop
     vertex  8.072567e+01 -9.147331e+01  0.000000e+00
     vertex  7.606576e+01 -9.538344e+01  6.980000e+02
     vertex  7.606576e+01 -9.538344e+01  0.000000e+00
   endloop
 endfacet
 facet normal  6.801727e-01 -7.330519e-01  0.000000e+00
   outer loop
     vertex  8.518489e+01 -8.733576e+01  0.000000e+00
     vertex  8.518489e+01 -8.733576e+01  6.980000e+02
     vertex  8.072567e+01 -9.147331e+01  6.980000e+02
   endloop
 endfacet
 facet normal  6.801727e-01 -7.330519e-01  0.000000e+00
   outer loop
     vertex  8.518489e+01 -8.733576e+01  0.000000e+00
     vertex  8.072567e+01 -9.147331e+01  6.980000e+02
     vertex  8.072567e+01 -9.147331e+01  0.000000e+00
   endloop
 endfacet
 facet normal  7.158668e-01 -6.982368e-01  0.000000e+00
   outer loop
     vertex  8.943233e+01 -8.298107e+01  0.000000e+00
     vertex  8.943233e+01 -8.298107e+01  6.980000e+02
     vertex  8.518489e+01 -8.733576e+01  6.980000e+02
   endloop
 endfacet
 facet normal  7.158668e-01 -6.982368e-01  0.000000e+00
   outer loop
     vertex  8.943233e+01 -8.298107e+01  0.000000e+00
     vertex  8.518489e+01 -8.733576e+01  6.980000e+02
     vertex  8.518489e+01 -8.733576e+01  0.000000e+00
   endloop
 endfacet
 facet normal  7.497812e-01 -6.616858e-01  0.000000e+00
   outer loop
     vertex  9.345742e+01 -7.842009e+01  0.000000e+00
     vertex  9.345742e+01 -7.842009e+01  6.980000e+02
     vertex  8.943233e+01 -8.298107e+01  6.980000e+02
   endloop
 endfacet
 facet normal  7.497812e-01 -6.616858e-01  0.000000e+00
   outer loop
     vertex  9.345742e+01 -7.842009e+01  0.000000e+00
     vertex  8.943233e+01 -8.298107e+01  6.980000e+02
     vertex  8.943233e+01 -8.298107e+01  0.000000e+00
   endloop
 endfacet
 facet normal  7.818315e-01 -6.234898e-01  0.000000e+00
   outer loop
     vertex  9.725017e+01 -7.366414e+01  0.000000e+00
     vertex  9.345742e+01 -7.842009e+01  6.980000e+02
     vertex  9.345742e+01 -7.842009e+01  0.000000e+00
   endloop
 endfacet
 facet normal  7.818315e-01 -6.234898e-01  0.000000e+00
   outer loop
     vertex  9.725017e+01 -7.366414e+01  0.000000e+00
     vertex  9.725017e+01 -7.366414e+01  6.980000e+02
     vertex  9.345742e+01 -7.842009e+01  6.980000e+02
   endloop
 endfacet
 facet normal  8.119380e-01 -5.837437e-01  0.000000e+00
   outer loop
     vertex  1.008011e+02 -6.872505e+01  0.000000e+00
     vertex  9.725017e+01 -7.366414e+01  6.980000e+02
     vertex  9.725017e+01 -7.366414e+01  0.000000e+00
   endloop
 endfacet
 facet normal  8.119380e-01 -5.837437e-01  0.000000e+00
   outer loop
     vertex  1.008011e+02 -6.872505e+01  0.000000e+00
     vertex  1.008011e+02 -6.872505e+01  6.980000e+02
     vertex  9.725017e+01 -7.366414e+01  6.980000e+02
   endloop
 endfacet
 facet normal  8.400259e-01 -5.425463e-01  0.000000e+00
   outer loop
     vertex  1.041015e+02 -6.361509e+01  0.000000e+00
     vertex  1.008011e+02 -6.872505e+01  6.980000e+02
     vertex  1.008011e+02 -6.872505e+01  0.000000e+00
   endloop
 endfacet
 facet normal  8.400259e-01 -5.425463e-01  0.000000e+00
   outer loop
     vertex  1.041015e+02 -6.361509e+01  0.000000e+00
     vertex  1.041015e+02 -6.361509e+01  6.980000e+02
     vertex  1.008011e+02 -6.872505e+01  6.980000e+02
   endloop
 endfacet
 facet normal  8.660254e-01 -5.000000e-01  0.000000e+00
   outer loop
     vertex  1.071430e+02 -5.834699e+01  0.000000e+00
     vertex  1.071430e+02 -5.834699e+01  6.980000e+02
     vertex  1.041015e+02 -6.361509e+01  6.980000e+02
   endloop
 endfacet
 facet normal  8.660254e-01 -5.000000e-01  0.000000e+00
   outer loop
     vertex  1.071430e+02 -5.834699e+01  0.000000e+00
     vertex  1.041015e+02 -6.361509e+01  6.980000e+02
     vertex  1.041015e+02 -6.361509e+01  0.000000e+00
   endloop
 endfacet
 facet normal  8.898718e-01 -4.562107e-01  0.000000e+00
   outer loop
     vertex  1.099182e+02 -5.293382e+01  0.000000e+00
     vertex  1.071430e+02 -5.834699e+01  6.980000e+02
     vertex  1.071430e+02 -5.834699e+01  0.000000e+00
   endloop
 endfacet
 facet normal  8.898718e-01 -4.562107e-01  0.000000e+00
   outer loop
     vertex  1.099182e+02 -5.293382e+01  0.000000e+00
     vertex  1.099182e+02 -5.293382e+01  6.980000e+02
     vertex  1.071430e+02 -5.834699e+01  6.980000e+02
   endloop
 endfacet
 facet normal  9.115059e-01 -4.112871e-01  0.000000e+00
   outer loop
     vertex  1.124201e+02 -4.738905e+01  0.000000e+00
     vertex  1.124201e+02 -4.738905e+01  6.980000e+02
     vertex  1.099182e+02 -5.293382e+01  6.980000e+02
   endloop
 endfacet
 facet normal  9.115059e-01 -4.112871e-01  0.000000e+00
   outer loop
     vertex  1.124201e+02 -4.738905e+01  0.000000e+00
     vertex  1.099182e+02 -5.293382e+01  6.980000e+02
     vertex  1.099182e+02 -5.293382e+01  0.000000e+00
   endloop
 endfacet
 facet normal  9.308737e-01 -3.653410e-01  0.000000e+00
   outer loop
     vertex  1.146425e+02 -4.172646e+01  0.000000e+00
     vertex  1.146425e+02 -4.172646e+01  6.980000e+02
     vertex  1.124201e+02 -4.738905e+01  6.980000e+02
   endloop
 endfacet
 facet normal  9.308737e-01 -3.653410e-01  0.000000e+00
   outer loop
     vertex  1.146425e+02 -4.172646e+01  0.000000e+00
     vertex  1.124201e+02 -4.738905e+01  6.980000e+02
     vertex  1.124201e+02 -4.738905e+01  0.000000e+00
   endloop
 endfacet
 facet normal  9.479273e-01 -3.184867e-01  0.000000e+00
   outer loop
     vertex  1.165799e+02 -3.596013e+01  0.000000e+00
     vertex  1.165799e+02 -3.596013e+01  6.980000e+02
     vertex  1.146425e+02 -4.172646e+01  6.980000e+02
   endloop
 endfacet
 facet normal  9.479273e-01 -3.184867e-01  0.000000e+00
   outer loop
     vertex  1.165799e+02 -3.596013e+01  0.000000e+00
     vertex  1.146425e+02 -4.172646e+01  6.980000e+02
     vertex  1.146425e+02 -4.172646e+01  0.000000e+00
   endloop
 endfacet
 facet normal  9.626242e-01 -2.708405e-01  0.000000e+00
   outer loop
     vertex  1.182274e+02 -3.010440e+01  0.000000e+00
     vertex  1.182274e+02 -3.010440e+01  6.980000e+02
     vertex  1.165799e+02 -3.596013e+01  6.980000e+02
   endloop
 endfacet
 facet normal  9.626242e-01 -2.708405e-01  0.000000e+00
   outer loop
     vertex  1.182274e+02 -3.010440e+01  0.000000e+00
     vertex  1.165799e+02 -3.596013e+01  6.980000e+02
     vertex  1.165799e+02 -3.596013e+01  0.000000e+00
   endloop
 endfacet
 facet normal  9.749279e-01 -2.225209e-01  0.000000e+00
   outer loop
     vertex  1.195810e+02 -2.417383e+01  0.000000e+00
     vertex  1.195810e+02 -2.417383e+01  6.980000e+02
     vertex  1.182274e+02 -3.010440e+01  6.980000e+02
   endloop
 endfacet
 facet normal  9.749279e-01 -2.225209e-01  0.000000e+00
   outer loop
     vertex  1.195810e+02 -2.417383e+01  0.000000e+00
     vertex  1.182274e+02 -3.010440e+01  6.980000e+02
     vertex  1.182274e+02 -3.010440e+01  0.000000e+00
   endloop
 endfacet
 facet normal  9.848078e-01 -1.736482e-01  0.000000e+00
   outer loop
     vertex  1.206374e+02 -1.818316e+01  0.000000e+00
     vertex  1.206374e+02 -1.818316e+01  6.980000e+02
     vertex  1.195810e+02 -2.417383e+01  6.980000e+02
   endloop
 endfacet
 facet normal  9.848078e-01 -1.736482e-01  0.000000e+00
   outer loop
     vertex  1.206374e+02 -1.818316e+01  0.000000e+00
     vertex  1.195810e+02 -2.417383e+01  6.980000e+02
     vertex  1.195810e+02 -2.417383e+01  0.000000e+00
   endloop
 endfacet
 facet normal  9.922392e-01 -1.243437e-01  0.000000e+00
   outer loop
     vertex  1.213938e+02 -1.214728e+01  0.000000e+00
     vertex  1.213938e+02 -1.214728e+01  6.980000e+02
     vertex  1.206374e+02 -1.818316e+01  6.980000e+02
   endloop
 endfacet
 facet normal  9.922392e-01 -1.243437e-01  0.000000e+00
   outer loop
     vertex  1.213938e+02 -1.214728e+01  0.000000e+00
     vertex  1.206374e+02 -1.818316e+01  6.980000e+02
     vertex  1.206374e+02 -1.818316e+01  0.000000e+00
   endloop
 endfacet
 facet normal  9.972038e-01 -7.473009e-02  0.000000e+00
   outer loop
     vertex  1.218483e+02 -6.081198e+00  0.000000e+00
     vertex  1.218483e+02 -6.081198e+00  6.980000e+02
     vertex  1.213938e+02 -1.214728e+01  6.980000e+02
   endloop
 endfacet
 facet normal  9.972038e-01 -7.473009e-02  0.000000e+00
   outer loop
     vertex  1.218483e+02 -6.081198e+00  0.000000e+00
     vertex  1.213938e+02 -1.214728e+01  6.980000e+02
     vertex  1.213938e+02 -1.214728e+01  0.000000e+00
   endloop
 endfacet
 facet normal  9.996892e-01 -2.493069e-02  0.000000e+00
   outer loop
     vertex  1.220000e+02  0.000000e+00  0.000000e+00
     vertex  1.220000e+02  0.000000e+00  6.980000e+02
     vertex  1.218483e+02 -6.081198e+00  6.980000e+02
   endloop
 endfacet
 facet normal  9.996892e-01 -2.493069e-02  0.000000e+00
   outer loop
     vertex  1.220000e+02  0.000000e+00  0.000000e+00
     vertex  1.218483e+02 -6.081198e+00  6.980000e+02
     vertex  1.218483e+02 -6.081198e+00  0.000000e+00
   endloop
 endfacet
 facet normal -9.231658e-01 -2.302232e-02 -3.837120e-01
   outer loop
     vertex  9.036667e+01 -2.057815e-14 -3.408333e+01
     vertex  9.308415e+01  4.645637e+00 -4.090000e+01
     vertex  9.320000e+01 -2.282742e-14 -4.090000e+01
   endloop
 endfacet
 facet normal -9.231658e-01 -2.302232e-02 -3.837120e-01
   outer loop
     vertex  7.610528e+01  3.798256e+00  0.000000e+00
     vertex  7.903333e+01 -1.158108e-14 -6.816667e+00
     vertex  7.620000e+01 -9.331809e-15  0.000000e+00
   endloop
 endfacet
 facet normal -9.231658e-01  2.302232e-02 -3.837120e-01
   outer loop
     vertex  9.036667e+01 -2.057815e-14 -3.408333e+01
     vertex  9.320000e+01 -2.282742e-14 -4.090000e+01
     vertex  9.308415e+01 -4.645637e+00 -4.090000e+01
   endloop
 endfacet
 facet normal -9.231658e-01  2.302232e-02 -3.837120e-01
   outer loop
     vertex  7.620000e+01 -9.331809e-15  0.000000e+00
     vertex  7.903333e+01 -1.158108e-14 -6.816667e+00
     vertex  7.610528e+01 -3.798256e+00  0.000000e+00
   endloop
 endfacet
 facet normal -9.225702e-01 -4.265299e-02 -3.834644e-01
   outer loop
     vertex  8.998118e+01  8.337984e+00 -3.408333e+01
     vertex  9.036667e+01 -2.057815e-14 -3.408333e+01
     vertex  8.753333e+01 -1.832888e-14 -2.726667e+01
   endloop
 endfacet
 facet normal -9.215443e-01 -6.906020e-02 -3.820822e-01
   outer loop
     vertex  8.998118e+01  8.337984e+00 -3.408333e+01
     vertex  9.273687e+01  9.279723e+00 -4.090000e+01
     vertex  9.308415e+01  4.645637e+00 -4.090000e+01
   endloop
 endfacet
 facet normal -9.153818e-01 -1.147122e-01 -3.858979e-01
   outer loop
     vertex  8.998118e+01  8.337984e+00 -3.408333e+01
     vertex  9.215903e+01  1.389074e+01 -4.090000e+01
     vertex  9.273687e+01  9.279723e+00 -4.090000e+01
   endloop
 endfacet
 facet normal -9.177884e-01 -4.243192e-02 -3.947961e-01
   outer loop
     vertex  8.998118e+01  8.337984e+00 -3.408333e+01
     vertex  9.308415e+01  4.645637e+00 -4.090000e+01
     vertex  9.036667e+01 -2.057815e-14 -3.408333e+01
   endloop
 endfacet
 facet normal -9.225702e-01 -4.265299e-02 -3.834644e-01
   outer loop
     vertex  8.715993e+01  8.076557e+00 -2.726667e+01
     vertex  8.998118e+01  8.337984e+00 -3.408333e+01
     vertex  8.753333e+01 -1.832888e-14 -2.726667e+01
   endloop
 endfacet
 facet normal -9.102007e-01 -1.269676e-01 -3.942256e-01
   outer loop
     vertex  8.882800e+01  1.660483e+01 -3.408333e+01
     vertex  9.215903e+01  1.389074e+01 -4.090000e+01
     vertex  8.998118e+01  8.337984e+00 -3.408333e+01
   endloop
 endfacet
 facet normal -9.105236e-01 -1.605499e-01 -3.810124e-01
   outer loop
     vertex  8.882800e+01  1.660483e+01 -3.408333e+01
     vertex  9.135208e+01  1.846722e+01 -4.090000e+01
     vertex  9.215903e+01  1.389074e+01 -4.090000e+01
   endloop
 endfacet
 facet normal -8.982906e-01 -2.050290e-01 -3.886350e-01
   outer loop
     vertex  8.882800e+01  1.660483e+01 -3.408333e+01
     vertex  9.031800e+01  2.299779e+01 -4.090000e+01
     vertex  9.135208e+01  1.846722e+01 -4.090000e+01
   endloop
 endfacet
 facet normal -9.225702e-01 -4.265299e-02 -3.834644e-01
   outer loop
     vertex  8.433868e+01  7.815130e+00 -2.045000e+01
     vertex  8.753333e+01 -1.832888e-14 -2.726667e+01
     vertex  8.470000e+01 -1.607961e-14 -2.045000e+01
   endloop
 endfacet
 facet normal -9.225702e-01 -4.265299e-02 -3.834644e-01
   outer loop
     vertex  8.433868e+01  7.815130e+00 -2.045000e+01
     vertex  8.715993e+01  8.076557e+00 -2.726667e+01
     vertex  8.753333e+01 -1.832888e-14 -2.726667e+01
   endloop
 endfacet
 facet normal -9.146992e-01 -1.275951e-01 -3.834644e-01
   outer loop
     vertex  8.604291e+01  1.608421e+01 -2.726667e+01
     vertex  8.882800e+01  1.660483e+01 -3.408333e+01
     vertex  8.998118e+01  8.337984e+00 -3.408333e+01
   endloop
 endfacet
 facet normal -9.146992e-01 -1.275951e-01 -3.834644e-01
   outer loop
     vertex  8.604291e+01  1.608421e+01 -2.726667e+01
     vertex  8.715993e+01  8.076557e+00 -2.726667e+01
     vertex  8.433868e+01  7.815130e+00 -2.045000e+01
   endloop
 endfacet
 facet normal -9.146992e-01 -1.275951e-01 -3.834644e-01
   outer loop
     vertex  8.604291e+01  1.608421e+01 -2.726667e+01
     vertex  8.998118e+01  8.337984e+00 -3.408333e+01
     vertex  8.715993e+01  8.076557e+00 -2.726667e+01
   endloop
 endfacet
 facet normal -8.950791e-01 -2.105207e-01 -3.930834e-01
   outer loop
     vertex  8.691698e+01  2.473001e+01 -3.408333e+01
     vertex  9.031800e+01  2.299779e+01 -4.090000e+01
     vertex  8.882800e+01  1.660483e+01 -3.408333e+01
   endloop
 endfacet
 facet normal -8.902145e-01 -2.504675e-01 -3.805052e-01
   outer loop
     vertex  8.691698e+01  2.473001e+01 -3.408333e+01
     vertex  8.905939e+01  2.747118e+01 -4.090000e+01
     vertex  9.031800e+01  2.299779e+01 -4.090000e+01
   endloop
 endfacet
 facet normal -8.990242e-01 -2.114486e-01 -3.834644e-01
   outer loop
     vertex  8.691698e+01  2.473001e+01 -3.408333e+01
     vertex  8.882800e+01  1.660483e+01 -3.408333e+01
     vertex  8.604291e+01  1.608421e+01 -2.726667e+01
   endloop
 endfacet
 facet normal -9.225702e-01 -4.265299e-02 -3.834644e-01
   outer loop
     vertex  8.151744e+01  7.553703e+00 -1.363333e+01
     vertex  8.470000e+01 -1.607961e-14 -2.045000e+01
     vertex  8.186667e+01 -1.383034e-14 -1.363333e+01
   endloop
 endfacet
 facet normal -9.225702e-01 -4.265299e-02 -3.834644e-01
   outer loop
     vertex  8.151744e+01  7.553703e+00 -1.363333e+01
     vertex  8.433868e+01  7.815130e+00 -2.045000e+01
     vertex  8.470000e+01 -1.607961e-14 -2.045000e+01
   endloop
 endfacet
 facet normal -9.146992e-01 -1.275951e-01 -3.834644e-01
   outer loop
     vertex  8.325782e+01  1.556358e+01 -2.045000e+01
     vertex  8.604291e+01  1.608421e+01 -2.726667e+01
     vertex  8.433868e+01  7.815130e+00 -2.045000e+01
   endloop
 endfacet
 facet normal -8.990242e-01 -2.114486e-01 -3.834644e-01
   outer loop
     vertex  8.419180e+01  2.395463e+01 -2.726667e+01
     vertex  8.691698e+01  2.473001e+01 -3.408333e+01
     vertex  8.604291e+01  1.608421e+01 -2.726667e+01
   endloop
 endfacet
 facet normal -8.723760e-01 -2.931028e-01 -3.912171e-01
   outer loop
     vertex  8.426441e+01  3.264421e+01 -3.408333e+01
     vertex  8.757935e+01  3.187628e+01 -4.090000e+01
     vertex  8.905939e+01  2.747118e+01 -4.090000e+01
   endloop
 endfacet
 facet normal -8.608307e-01 -3.378512e-01 -3.805615e-01
   outer loop
     vertex  8.426441e+01  3.264421e+01 -3.408333e+01
     vertex  8.588158e+01  3.620212e+01 -4.090000e+01
     vertex  8.757935e+01  3.187628e+01 -4.090000e+01
   endloop
 endfacet
 facet normal -8.723733e-01 -2.923901e-01 -3.917561e-01
   outer loop
     vertex  8.426441e+01  3.264421e+01 -3.408333e+01
     vertex  8.905939e+01  2.747118e+01 -4.090000e+01
     vertex  8.691698e+01  2.473001e+01 -3.408333e+01
   endloop
 endfacet
 facet normal -9.225702e-01 -4.265299e-02 -3.834644e-01
   outer loop
     vertex  7.869619e+01  7.292276e+00 -6.816667e+00
     vertex  8.151744e+01  7.553703e+00 -1.363333e+01
     vertex  8.186667e+01 -1.383034e-14 -1.363333e+01
   endloop
 endfacet
 facet normal -9.202800e-01 -6.896545e-02 -3.851344e-01
   outer loop
     vertex  7.869619e+01  7.292276e+00 -6.816667e+00
     vertex  7.610528e+01  3.798256e+00  0.000000e+00
     vertex  7.582135e+01  7.587070e+00  0.000000e+00
   endloop
 endfacet
 facet normal -9.170742e-01 -1.149243e-01 -3.817948e-01
   outer loop
     vertex  7.869619e+01  7.292276e+00 -6.816667e+00
     vertex  7.582135e+01  7.587070e+00  0.000000e+00
     vertex  7.534891e+01  1.135702e+01  0.000000e+00
   endloop
 endfacet
 facet normal -9.225702e-01 -4.265299e-02 -3.834644e-01
   outer loop
     vertex  7.869619e+01  7.292276e+00 -6.816667e+00
     vertex  8.186667e+01 -1.383034e-14 -1.363333e+01
     vertex  7.903333e+01 -1.158108e-14 -6.816667e+00
   endloop
 endfacet
 facet normal -9.264114e-01 -4.283058e-02 -3.740689e-01
   outer loop
     vertex  7.869619e+01  7.292276e+00 -6.816667e+00
     vertex  7.903333e+01 -1.158108e-14 -6.816667e+00
     vertex  7.610528e+01  3.798256e+00  0.000000e+00
   endloop
 endfacet
 facet normal -9.146992e-01 -1.275951e-01 -3.834644e-01
   outer loop
     vertex  8.047273e+01  1.504296e+01 -1.363333e+01
     vertex  8.325782e+01  1.556358e+01 -2.045000e+01
     vertex  8.433868e+01  7.815130e+00 -2.045000e+01
   endloop
 endfacet
 facet normal -9.146992e-01 -1.275951e-01 -3.834644e-01
   outer loop
     vertex  8.047273e+01  1.504296e+01 -1.363333e+01
     vertex  8.433868e+01  7.815130e+00 -2.045000e+01
     vertex  8.151744e+01  7.553703e+00 -1.363333e+01
   endloop
 endfacet
 facet normal -8.990242e-01 -2.114486e-01 -3.834644e-01
   outer loop
     vertex  8.146663e+01  2.317926e+01 -2.045000e+01
     vertex  8.604291e+01  1.608421e+01 -2.726667e+01
     vertex  8.325782e+01  1.556358e+01 -2.045000e+01
   endloop
 endfacet
 facet normal -8.990242e-01 -2.114486e-01 -3.834644e-01
   outer loop
     vertex  8.146663e+01  2.317926e+01 -2.045000e+01
     vertex  8.419180e+01  2.395463e+01 -2.726667e+01
     vertex  8.604291e+01  1.608421e+01 -2.726667e+01
   endloop
 endfacet
 facet normal -8.756791e-01 -2.934981e-01 -3.834644e-01
   outer loop
     vertex  8.162240e+01  3.162069e+01 -2.726667e+01
     vertex  8.426441e+01  3.264421e+01 -3.408333e+01
     vertex  8.691698e+01  2.473001e+01 -3.408333e+01
   endloop
 endfacet
 facet normal -8.756791e-01 -2.934981e-01 -3.834644e-01
   outer loop
     vertex  8.162240e+01  3.162069e+01 -2.726667e+01
     vertex  8.419180e+01  2.395463e+01 -2.726667e+01
     vertex  8.146663e+01  2.317926e+01 -2.045000e+01
   endloop
 endfacet
 facet normal -8.756791e-01 -2.934981e-01 -3.834644e-01
   outer loop
     vertex  8.162240e+01  3.162069e+01 -2.726667e+01
     vertex  8.691698e+01  2.473001e+01 -3.408333e+01
     vertex  8.419180e+01  2.395463e+01 -2.726667e+01
   endloop
 endfacet
 facet normal -8.410482e-01 -3.713591e-01 -3.933577e-01
   outer loop
     vertex  8.089292e+01  4.027989e+01 -3.408333e+01
     vertex  8.588158e+01  3.620212e+01 -4.090000e+01
     vertex  8.426441e+01  3.264421e+01 -3.408333e+01
   endloop
 endfacet
 facet normal -8.400811e-01 -3.790590e-01 -3.880438e-01
   outer loop
     vertex  8.089292e+01  4.027989e+01 -3.408333e+01
     vertex  8.397030e+01  4.043796e+01 -4.090000e+01
     vertex  8.588158e+01  3.620212e+01 -4.090000e+01
   endloop
 endfacet
 facet normal -8.226867e-01 -4.217669e-01 -3.811815e-01
   outer loop
     vertex  8.089292e+01  4.027989e+01 -3.408333e+01
     vertex  8.185025e+01  4.457327e+01 -4.090000e+01
     vertex  8.397030e+01  4.043796e+01 -4.090000e+01
   endloop
 endfacet
 facet normal -8.448631e-01 -3.730435e-01 -3.834644e-01
   outer loop
     vertex  8.089292e+01  4.027989e+01 -3.408333e+01
     vertex  8.426441e+01  3.264421e+01 -3.408333e+01
     vertex  8.162240e+01  3.162069e+01 -2.726667e+01
   endloop
 endfacet
 facet normal -9.084572e-01 -1.601855e-01 -3.860649e-01
   outer loop
     vertex  7.768764e+01  1.452234e+01 -6.816667e+00
     vertex  7.534891e+01  1.135702e+01  0.000000e+00
     vertex  7.468914e+01  1.509874e+01  0.000000e+00
   endloop
 endfacet
 facet normal -9.020435e-01 -2.058855e-01 -3.793793e-01
   outer loop
     vertex  7.768764e+01  1.452234e+01 -6.816667e+00
     vertex  7.468914e+01  1.509874e+01  0.000000e+00
     vertex  7.384369e+01  1.880291e+01  0.000000e+00
   endloop
 endfacet
 facet normal -9.146992e-01 -1.275951e-01 -3.834644e-01
   outer loop
     vertex  7.768764e+01  1.452234e+01 -6.816667e+00
     vertex  8.151744e+01  7.553703e+00 -1.363333e+01
     vertex  7.869619e+01  7.292276e+00 -6.816667e+00
   endloop
 endfacet
 facet normal -9.146992e-01 -1.275951e-01 -3.834644e-01
   outer loop
     vertex  7.768764e+01  1.452234e+01 -6.816667e+00
     vertex  8.047273e+01  1.504296e+01 -1.363333e+01
     vertex  8.151744e+01  7.553703e+00 -1.363333e+01
   endloop
 endfacet
 facet normal -9.183159e-01 -1.280996e-01 -3.745482e-01
   outer loop
     vertex  7.768764e+01  1.452234e+01 -6.816667e+00
     vertex  7.869619e+01  7.292276e+00 -6.816667e+00
     vertex  7.534891e+01  1.135702e+01  0.000000e+00
   endloop
 endfacet
 facet normal -8.990242e-01 -2.114486e-01 -3.834644e-01
   outer loop
     vertex  7.874146e+01  2.240388e+01 -1.363333e+01
     vertex  8.146663e+01  2.317926e+01 -2.045000e+01
     vertex  8.325782e+01  1.556358e+01 -2.045000e+01
   endloop
 endfacet
 facet normal -8.990242e-01 -2.114486e-01 -3.834644e-01
   outer loop
     vertex  7.874146e+01  2.240388e+01 -1.363333e+01
     vertex  8.325782e+01  1.556358e+01 -2.045000e+01
     vertex  8.047273e+01  1.504296e+01 -1.363333e+01
   endloop
 endfacet
 facet normal -8.756791e-01 -2.934981e-01 -3.834644e-01
   outer loop
     vertex  7.898040e+01  3.059717e+01 -2.045000e+01
     vertex  8.146663e+01  2.317926e+01 -2.045000e+01
     vertex  7.874146e+01  2.240388e+01 -1.363333e+01
   endloop
 endfacet
 facet normal -8.756791e-01 -2.934981e-01 -3.834644e-01
   outer loop
     vertex  7.898040e+01  3.059717e+01 -2.045000e+01
     vertex  8.162240e+01  3.162069e+01 -2.726667e+01
     vertex  8.146663e+01  2.317926e+01 -2.045000e+01
   endloop
 endfacet
 facet normal -8.448631e-01 -3.730435e-01 -3.834644e-01
   outer loop
     vertex  7.835663e+01  3.901696e+01 -2.726667e+01
     vertex  8.089292e+01  4.027989e+01 -3.408333e+01
     vertex  8.162240e+01  3.162069e+01 -2.726667e+01
   endloop
 endfacet
 facet normal -7.991187e-01 -4.613714e-01 -3.854165e-01
   outer loop
     vertex  7.683129e+01  4.757192e+01 -3.408333e+01
     vertex  7.952671e+01  4.859776e+01 -4.090000e+01
     vertex  8.185025e+01  4.457327e+01 -4.090000e+01
   endloop
 endfacet
 facet normal -7.761940e-01 -5.013193e-01 -3.823634e-01
   outer loop
     vertex  7.683129e+01  4.757192e+01 -3.408333e+01
     vertex  7.700545e+01  5.250143e+01 -4.090000e+01
     vertex  7.952671e+01  4.859776e+01 -4.090000e+01
   endloop
 endfacet
 facet normal -8.028110e-01 -4.471628e-01 -3.943854e-01
   outer loop
     vertex  7.683129e+01  4.757192e+01 -3.408333e+01
     vertex  8.185025e+01  4.457327e+01 -4.090000e+01
     vertex  8.089292e+01  4.027989e+01 -3.408333e+01
   endloop
 endfacet
 facet normal -8.878160e-01 -2.497927e-01 -3.865052e-01
   outer loop
     vertex  7.601629e+01  2.162850e+01 -6.816667e+00
     vertex  7.384369e+01  1.880291e+01  0.000000e+00
     vertex  7.281465e+01  2.246034e+01  0.000000e+00
   endloop
 endfacet
 facet normal -9.022018e-01 -2.121959e-01 -3.755060e-01
   outer loop
     vertex  7.601629e+01  2.162850e+01 -6.816667e+00
     vertex  7.768764e+01  1.452234e+01 -6.816667e+00
     vertex  7.384369e+01  1.880291e+01  0.000000e+00
   endloop
 endfacet
 facet normal -8.990242e-01 -2.114486e-01 -3.834644e-01
   outer loop
     vertex  7.601629e+01  2.162850e+01 -6.816667e+00
     vertex  7.874146e+01  2.240388e+01 -1.363333e+01
     vertex  8.047273e+01  1.504296e+01 -1.363333e+01
   endloop
 endfacet
 facet normal -8.990242e-01 -2.114486e-01 -3.834644e-01
   outer loop
     vertex  7.601629e+01  2.162850e+01 -6.816667e+00
     vertex  8.047273e+01  1.504296e+01 -1.363333e+01
     vertex  7.768764e+01  1.452234e+01 -6.816667e+00
   endloop
 endfacet
 facet normal -8.756791e-01 -2.934981e-01 -3.834644e-01
   outer loop
     vertex  7.633839e+01  2.957365e+01 -1.363333e+01
     vertex  7.898040e+01  3.059717e+01 -2.045000e+01
     vertex  7.874146e+01  2.240388e+01 -1.363333e+01
   endloop
 endfacet
 facet normal -8.756791e-01 -2.934981e-01 -3.834644e-01
   outer loop
     vertex  7.633839e+01  2.957365e+01 -1.363333e+01
     vertex  7.874146e+01  2.240388e+01 -1.363333e+01
     vertex  7.601629e+01  2.162850e+01 -6.816667e+00
   endloop
 endfacet
 facet normal -8.448631e-01 -3.730435e-01 -3.834644e-01
   outer loop
     vertex  7.582033e+01  3.775404e+01 -2.045000e+01
     vertex  7.898040e+01  3.059717e+01 -2.045000e+01
     vertex  7.633839e+01  2.957365e+01 -1.363333e+01
   endloop
 endfacet
 facet normal -8.448631e-01 -3.730435e-01 -3.834644e-01
   outer loop
     vertex  7.582033e+01  3.775404e+01 -2.045000e+01
     vertex  7.835663e+01  3.901696e+01 -2.726667e+01
     vertex  8.162240e+01  3.162069e+01 -2.726667e+01
   endloop
 endfacet
 facet normal -8.448631e-01 -3.730435e-01 -3.834644e-01
   outer loop
     vertex  7.582033e+01  3.775404e+01 -2.045000e+01
     vertex  8.162240e+01  3.162069e+01 -2.726667e+01
     vertex  7.898040e+01  3.059717e+01 -2.045000e+01
   endloop
 endfacet
 facet normal -8.068389e-01 -4.494063e-01 -3.834644e-01
   outer loop
     vertex  7.442234e+01  4.608036e+01 -2.726667e+01
     vertex  8.089292e+01  4.027989e+01 -3.408333e+01
     vertex  7.835663e+01  3.901696e+01 -2.726667e+01
   endloop
 endfacet
 facet normal -8.068389e-01 -4.494063e-01 -3.834644e-01
   outer loop
     vertex  7.442234e+01  4.608036e+01 -2.726667e+01
     vertex  7.683129e+01  4.757192e+01 -3.408333e+01
     vertex  8.089292e+01  4.027989e+01 -3.408333e+01
   endloop
 endfacet
 facet normal -8.068389e-01 -4.494063e-01 -3.834644e-01
   outer loop
     vertex  7.442234e+01  4.608036e+01 -2.726667e+01
     vertex  7.835663e+01  3.901696e+01 -2.726667e+01
     vertex  7.582033e+01  3.775404e+01 -2.045000e+01
   endloop
 endfacet
 facet normal -7.579657e-01 -5.192186e-01 -3.948417e-01
   outer loop
     vertex  7.211416e+01  5.445808e+01 -3.408333e+01
     vertex  7.700545e+01  5.250143e+01 -4.090000e+01
     vertex  7.683129e+01  4.757192e+01 -3.408333e+01
   endloop
 endfacet
 facet normal -7.499114e-01 -5.391496e-01 -3.833414e-01
   outer loop
     vertex  7.211416e+01  5.445808e+01 -3.408333e+01
     vertex  7.429275e+01  5.627457e+01 -4.090000e+01
     vertex  7.700545e+01  5.250143e+01 -4.090000e+01
   endloop
 endfacet
 facet normal -7.218568e-01 -5.756616e-01 -3.841048e-01
   outer loop
     vertex  7.211416e+01  5.445808e+01 -3.408333e+01
     vertex  7.139534e+01  5.990781e+01 -4.090000e+01
     vertex  7.429275e+01  5.627457e+01 -4.090000e+01
   endloop
 endfacet
 facet normal -8.779501e-01 -2.949755e-01 -3.770850e-01
   outer loop
     vertex  7.369639e+01  2.855013e+01 -6.816667e+00
     vertex  7.281465e+01  2.246034e+01  0.000000e+00
     vertex  7.160458e+01  2.606193e+01  0.000000e+00
   endloop
 endfacet
 facet normal -8.585520e-01 -3.369568e-01 -3.864563e-01
   outer loop
     vertex  7.369639e+01  2.855013e+01 -6.816667e+00
     vertex  7.160458e+01  2.606193e+01  0.000000e+00
     vertex  7.021649e+01  2.959873e+01  0.000000e+00
   endloop
 endfacet
 facet normal -8.756791e-01 -2.934981e-01 -3.834644e-01
   outer loop
     vertex  7.369639e+01  2.855013e+01 -6.816667e+00
     vertex  7.633839e+01  2.957365e+01 -1.363333e+01
     vertex  7.601629e+01  2.162850e+01 -6.816667e+00
   endloop
 endfacet
 facet normal -8.783473e-01 -2.943923e-01 -3.766154e-01
   outer loop
     vertex  7.369639e+01  2.855013e+01 -6.816667e+00
     vertex  7.601629e+01  2.162850e+01 -6.816667e+00
     vertex  7.281465e+01  2.246034e+01  0.000000e+00
   endloop
 endfacet
 facet normal -8.448631e-01 -3.730435e-01 -3.834644e-01
   outer loop
     vertex  7.328403e+01  3.649111e+01 -1.363333e+01
     vertex  7.582033e+01  3.775404e+01 -2.045000e+01
     vertex  7.633839e+01  2.957365e+01 -1.363333e+01
   endloop
 endfacet
 facet normal -8.068389e-01 -4.494063e-01 -3.834644e-01
   outer loop
     vertex  7.201339e+01  4.458880e+01 -2.045000e+01
     vertex  7.442234e+01  4.608036e+01 -2.726667e+01
     vertex  7.582033e+01  3.775404e+01 -2.045000e+01
   endloop
 endfacet
 facet normal -7.619311e-01 -5.219349e-01 -3.834644e-01
   outer loop
     vertex  6.985311e+01  5.275062e+01 -2.726667e+01
     vertex  7.211416e+01  5.445808e+01 -3.408333e+01
     vertex  7.683129e+01  4.757192e+01 -3.408333e+01
   endloop
 endfacet
 facet normal -7.619311e-01 -5.219349e-01 -3.834644e-01
   outer loop
     vertex  6.985311e+01  5.275062e+01 -2.726667e+01
     vertex  7.683129e+01  4.757192e+01 -3.408333e+01
     vertex  7.442234e+01  4.608036e+01 -2.726667e+01
   endloop
 endfacet
 facet normal -7.105227e-01 -5.900106e-01 -3.834644e-01
   outer loop
     vertex  6.678177e+01  6.087963e+01 -3.408333e+01
     vertex  7.211416e+01  5.445808e+01 -3.408333e+01
     vertex  6.985311e+01  5.275062e+01 -2.726667e+01
   endloop
 endfacet
 facet normal -7.068626e-01 -5.869713e-01 -3.947277e-01
   outer loop
     vertex  6.678177e+01  6.087963e+01 -3.408333e+01
     vertex  7.139534e+01  5.990781e+01 -4.090000e+01
     vertex  7.211416e+01  5.445808e+01 -3.408333e+01
   endloop
 endfacet
 facet normal -6.929743e-01 -6.115534e-01 -3.818233e-01
   outer loop
     vertex  6.678177e+01  6.087963e+01 -3.408333e+01
     vertex  6.832043e+01  6.339210e+01 -4.090000e+01
     vertex  7.139534e+01  5.990781e+01 -4.090000e+01
   endloop
 endfacet
 facet normal -6.602660e-01 -6.440053e-01 -3.864014e-01
   outer loop
     vertex  6.678177e+01  6.087963e+01 -3.408333e+01
     vertex  6.507567e+01  6.671879e+01 -4.090000e+01
     vertex  6.832043e+01  6.339210e+01 -4.090000e+01
   endloop
 endfacet
 facet normal -8.431671e-01 -3.804515e-01 -3.799025e-01
   outer loop
     vertex  7.074774e+01  3.522819e+01 -6.816667e+00
     vertex  7.021649e+01  2.959873e+01  0.000000e+00
     vertex  6.865383e+01  3.306194e+01  0.000000e+00
   endloop
 endfacet
 facet normal -8.209362e-01 -4.208694e-01 -3.859180e-01
   outer loop
     vertex  7.074774e+01  3.522819e+01 -6.816667e+00
     vertex  6.865383e+01  3.306194e+01  0.000000e+00
     vertex  6.692048e+01  3.644295e+01  0.000000e+00
   endloop
 endfacet
 facet normal -8.479344e-01 -3.743996e-01 -3.752762e-01
   outer loop
     vertex  7.074774e+01  3.522819e+01 -6.816667e+00
     vertex  7.369639e+01  2.855013e+01 -6.816667e+00
     vertex  7.021649e+01  2.959873e+01  0.000000e+00
   endloop
 endfacet
 facet normal -8.448631e-01 -3.730435e-01 -3.834644e-01
   outer loop
     vertex  7.074774e+01  3.522819e+01 -6.816667e+00
     vertex  7.328403e+01  3.649111e+01 -1.363333e+01
     vertex  7.633839e+01  2.957365e+01 -1.363333e+01
   endloop
 endfacet
 facet normal -8.448631e-01 -3.730435e-01 -3.834644e-01
   outer loop
     vertex  7.074774e+01  3.522819e+01 -6.816667e+00
     vertex  7.633839e+01  2.957365e+01 -1.363333e+01
     vertex  7.369639e+01  2.855013e+01 -6.816667e+00
   endloop
 endfacet
 facet normal -8.068389e-01 -4.494063e-01 -3.834644e-01
   outer loop
     vertex  6.960444e+01  4.309725e+01 -1.363333e+01
     vertex  7.201339e+01  4.458880e+01 -2.045000e+01
     vertex  7.582033e+01  3.775404e+01 -2.045000e+01
   endloop
 endfacet
 facet normal -8.068389e-01 -4.494063e-01 -3.834644e-01
   outer loop
     vertex  6.960444e+01  4.309725e+01 -1.363333e+01
     vertex  7.582033e+01  3.775404e+01 -2.045000e+01
     vertex  7.328403e+01  3.649111e+01 -1.363333e+01
   endloop
 endfacet
 facet normal -7.619311e-01 -5.219349e-01 -3.834644e-01
   outer loop
     vertex  6.759206e+01  5.104315e+01 -2.045000e+01
     vertex  7.442234e+01  4.608036e+01 -2.726667e+01
     vertex  7.201339e+01  4.458880e+01 -2.045000e+01
   endloop
 endfacet
 facet normal -7.619311e-01 -5.219349e-01 -3.834644e-01
   outer loop
     vertex  6.759206e+01  5.104315e+01 -2.045000e+01
     vertex  6.985311e+01  5.275062e+01 -2.726667e+01
     vertex  7.442234e+01  4.608036e+01 -2.726667e+01
   endloop
 endfacet
 facet normal -7.105227e-01 -5.900106e-01 -3.834644e-01
   outer loop
     vertex  6.468791e+01  5.897083e+01 -2.726667e+01
     vertex  6.678177e+01  6.087963e+01 -3.408333e+01
     vertex  6.985311e+01  5.275062e+01 -2.726667e+01
   endloop
 endfacet
 facet normal -6.498962e-01 -6.498962e-01 -3.940430e-01
   outer loop
     vertex  6.087963e+01  6.678177e+01 -3.408333e+01
     vertex  6.507567e+01  6.671879e+01 -4.090000e+01
     vertex  6.678177e+01  6.087963e+01 -3.408333e+01
   endloop
 endfacet
 facet normal -6.289083e-01 -6.778020e-01 -3.808659e-01
   outer loop
     vertex  6.087963e+01  6.678177e+01 -3.408333e+01
     vertex  6.166912e+01  6.987961e+01 -4.090000e+01
     vertex  6.507567e+01  6.671879e+01 -4.090000e+01
   endloop
 endfacet
 facet normal -5.920929e-01 -7.056288e-01 -3.892480e-01
   outer loop
     vertex  6.087963e+01  6.678177e+01 -3.408333e+01
     vertex  5.810925e+01  7.286669e+01 -4.090000e+01
     vertex  6.166912e+01  6.987961e+01 -4.090000e+01
   endloop
 endfacet
 facet normal -8.068389e-01 -4.494063e-01 -3.834644e-01
   outer loop
     vertex  6.719549e+01  4.160569e+01 -6.816667e+00
     vertex  7.328403e+01  3.649111e+01 -1.363333e+01
     vertex  7.074774e+01  3.522819e+01 -6.816667e+00
   endloop
 endfacet
 facet normal -8.068389e-01 -4.494063e-01 -3.834644e-01
   outer loop
     vertex  6.719549e+01  4.160569e+01 -6.816667e+00
     vertex  6.960444e+01  4.309725e+01 -1.363333e+01
     vertex  7.328403e+01  3.649111e+01 -1.363333e+01
   endloop
 endfacet
 facet normal -8.002700e-01 -4.620361e-01 -3.822180e-01
   outer loop
     vertex  6.719549e+01  4.160569e+01 -6.816667e+00
     vertex  6.692048e+01  3.644295e+01  0.000000e+00
     vertex  6.502077e+01  3.973336e+01  0.000000e+00
   endloop
 endfacet
 facet normal -7.753126e-01 -5.007500e-01 -3.848893e-01
   outer loop
     vertex  6.719549e+01  4.160569e+01 -6.816667e+00
     vertex  6.502077e+01  3.973336e+01  0.000000e+00
     vertex  6.295939e+01  4.292499e+01  0.000000e+00
   endloop
 endfacet
 facet normal -8.100765e-01 -4.512097e-01 -3.744140e-01
   outer loop
     vertex  6.719549e+01  4.160569e+01 -6.816667e+00
     vertex  7.074774e+01  3.522819e+01 -6.816667e+00
     vertex  6.692048e+01  3.644295e+01  0.000000e+00
   endloop
 endfacet
 facet normal -7.619311e-01 -5.219349e-01 -3.834644e-01
   outer loop
     vertex  6.533101e+01  4.933569e+01 -1.363333e+01
     vertex  7.201339e+01  4.458880e+01 -2.045000e+01
     vertex  6.960444e+01  4.309725e+01 -1.363333e+01
   endloop
 endfacet
 facet normal -7.619311e-01 -5.219349e-01 -3.834644e-01
   outer loop
     vertex  6.533101e+01  4.933569e+01 -1.363333e+01
     vertex  6.960444e+01  4.309725e+01 -1.363333e+01
     vertex  6.719549e+01  4.160569e+01 -6.816667e+00
   endloop
 endfacet
 facet normal -7.619311e-01 -5.219349e-01 -3.834644e-01
   outer loop
     vertex  6.533101e+01  4.933569e+01 -1.363333e+01
     vertex  6.759206e+01  5.104315e+01 -2.045000e+01
     vertex  7.201339e+01  4.458880e+01 -2.045000e+01
   endloop
 endfacet
 facet normal -7.105227e-01 -5.900106e-01 -3.834644e-01
   outer loop
     vertex  6.259406e+01  5.706202e+01 -2.045000e+01
     vertex  6.985311e+01  5.275062e+01 -2.726667e+01
     vertex  6.759206e+01  5.104315e+01 -2.045000e+01
   endloop
 endfacet
 facet normal -7.105227e-01 -5.900106e-01 -3.834644e-01
   outer loop
     vertex  6.259406e+01  5.706202e+01 -2.045000e+01
     vertex  6.759206e+01  5.104315e+01 -2.045000e+01
     vertex  6.533101e+01  4.933569e+01 -1.363333e+01
   endloop
 endfacet
 facet normal -7.105227e-01 -5.900106e-01 -3.834644e-01
   outer loop
     vertex  6.259406e+01  5.706202e+01 -2.045000e+01
     vertex  6.468791e+01  5.897083e+01 -2.726667e+01
     vertex  6.985311e+01  5.275062e+01 -2.726667e+01
   endloop
 endfacet
 facet normal -6.530525e-01 -6.530525e-01 -3.834644e-01
   outer loop
     vertex  5.897083e+01  6.468791e+01 -2.726667e+01
     vertex  6.468791e+01  5.897083e+01 -2.726667e+01
     vertex  6.259406e+01  5.706202e+01 -2.045000e+01
   endloop
 endfacet
 facet normal -6.530525e-01 -6.530525e-01 -3.834644e-01
   outer loop
     vertex  5.897083e+01  6.468791e+01 -2.726667e+01
     vertex  6.678177e+01  6.087963e+01 -3.408333e+01
     vertex  6.468791e+01  5.897083e+01 -2.726667e+01
   endloop
 endfacet
 facet normal -6.530525e-01 -6.530525e-01 -3.834644e-01
   outer loop
     vertex  5.897083e+01  6.468791e+01 -2.726667e+01
     vertex  6.087963e+01  6.678177e+01 -3.408333e+01
     vertex  6.678177e+01  6.087963e+01 -3.408333e+01
   endloop
 endfacet
 facet normal -5.583939e-01 -7.371823e-01 -3.804713e-01
   outer loop
     vertex  5.445808e+01  7.211416e+01 -3.408333e+01
     vertex  5.440491e+01  7.567262e+01 -4.090000e+01
     vertex  5.810925e+01  7.286669e+01 -4.090000e+01
   endloop
 endfacet
 facet normal -5.875026e-01 -7.075025e-01 -3.927861e-01
   outer loop
     vertex  5.445808e+01  7.211416e+01 -3.408333e+01
     vertex  5.810925e+01  7.286669e+01 -4.090000e+01
     vertex  6.087963e+01  6.678177e+01 -3.408333e+01
   endloop
 endfacet
 facet normal -5.900106e-01 -7.105227e-01 -3.834644e-01
   outer loop
     vertex  5.445808e+01  7.211416e+01 -3.408333e+01
     vertex  6.087963e+01  6.678177e+01 -3.408333e+01
     vertex  5.897083e+01  6.468791e+01 -2.726667e+01
   endloop
 endfacet
 facet normal -7.496771e-01 -5.389811e-01 -3.840359e-01
   outer loop
     vertex  6.306996e+01  4.762822e+01 -6.816667e+00
     vertex  6.295939e+01  4.292499e+01  0.000000e+00
     vertex  6.074150e+01  4.600990e+01  0.000000e+00
   endloop
 endfacet
 facet normal -7.220961e-01 -5.758524e-01 -3.833682e-01
   outer loop
     vertex  6.306996e+01  4.762822e+01 -6.816667e+00
     vertex  6.074150e+01  4.600990e+01  0.000000e+00
     vertex  5.837259e+01  4.898042e+01  0.000000e+00
   endloop
 endfacet
 facet normal -7.651162e-01 -5.241168e-01 -3.740305e-01
   outer loop
     vertex  6.306996e+01  4.762822e+01 -6.816667e+00
     vertex  6.719549e+01  4.160569e+01 -6.816667e+00
     vertex  6.295939e+01  4.292499e+01  0.000000e+00
   endloop
 endfacet
 facet normal -7.619311e-01 -5.219349e-01 -3.834644e-01
   outer loop
     vertex  6.306996e+01  4.762822e+01 -6.816667e+00
     vertex  6.533101e+01  4.933569e+01 -1.363333e+01
     vertex  6.719549e+01  4.160569e+01 -6.816667e+00
   endloop
 endfacet
 facet normal -7.105227e-01 -5.900106e-01 -3.834644e-01
   outer loop
     vertex  6.050020e+01  5.515322e+01 -1.363333e+01
     vertex  6.259406e+01  5.706202e+01 -2.045000e+01
     vertex  6.533101e+01  4.933569e+01 -1.363333e+01
   endloop
 endfacet
 facet normal -6.530525e-01 -6.530525e-01 -3.834644e-01
   outer loop
     vertex  5.706202e+01  6.259406e+01 -2.045000e+01
     vertex  5.897083e+01  6.468791e+01 -2.726667e+01
     vertex  6.259406e+01  5.706202e+01 -2.045000e+01
   endloop
 endfacet
 facet normal -5.900106e-01 -7.105227e-01 -3.834644e-01
   outer loop
     vertex  5.275062e+01  6.985311e+01 -2.726667e+01
     vertex  5.445808e+01  7.211416e+01 -3.408333e+01
     vertex  5.897083e+01  6.468791e+01 -2.726667e+01
   endloop
 endfacet
 facet normal -5.185847e-01 -7.606241e-01 -3.905391e-01
   outer loop
     vertex  4.757192e+01  7.683129e+01 -3.408333e+01
     vertex  5.056531e+01  7.829042e+01 -4.090000e+01
     vertex  5.440491e+01  7.567262e+01 -4.090000e+01
   endloop
 endfacet
 facet normal -4.821832e-01 -7.890578e-01 -3.806405e-01
   outer loop
     vertex  4.757192e+01  7.683129e+01 -3.408333e+01
     vertex  4.660000e+01  8.071357e+01 -4.090000e+01
     vertex  5.056531e+01  7.829042e+01 -4.090000e+01
   endloop
 endfacet
 facet normal -5.198763e-01 -7.589259e-01 -3.921225e-01
   outer loop
     vertex  4.757192e+01  7.683129e+01 -3.408333e+01
     vertex  5.440491e+01  7.567262e+01 -4.090000e+01
     vertex  5.445808e+01  7.211416e+01 -3.408333e+01
   endloop
 endfacet
 facet normal -6.918729e-01 -6.105815e-01 -3.853598e-01
   outer loop
     vertex  5.840634e+01  5.324441e+01 -6.816667e+00
     vertex  5.837259e+01  4.898042e+01  0.000000e+00
     vertex  5.585855e+01  5.182916e+01  0.000000e+00
   endloop
 endfacet
 facet normal -6.617688e-01 -6.454711e-01 -3.813517e-01
   outer loop
     vertex  5.840634e+01  5.324441e+01 -6.816667e+00
     vertex  5.585855e+01  5.182916e+01  0.000000e+00
     vertex  5.320565e+01  5.454905e+01  0.000000e+00
   endloop
 endfacet
 facet normal -7.134632e-01 -5.924523e-01 -3.741264e-01
   outer loop
     vertex  5.840634e+01  5.324441e+01 -6.816667e+00
     vertex  6.306996e+01  4.762822e+01 -6.816667e+00
     vertex  5.837259e+01  4.898042e+01  0.000000e+00
   endloop
 endfacet
 facet normal -7.105227e-01 -5.900106e-01 -3.834644e-01
   outer loop
     vertex  5.840634e+01  5.324441e+01 -6.816667e+00
     vertex  6.533101e+01  4.933569e+01 -1.363333e+01
     vertex  6.306996e+01  4.762822e+01 -6.816667e+00
   endloop
 endfacet
 facet normal -7.105227e-01 -5.900106e-01 -3.834644e-01
   outer loop
     vertex  5.840634e+01  5.324441e+01 -6.816667e+00
     vertex  6.050020e+01  5.515322e+01 -1.363333e+01
     vertex  6.533101e+01  4.933569e+01 -1.363333e+01
   endloop
 endfacet
 facet normal -6.530525e-01 -6.530525e-01 -3.834644e-01
   outer loop
     vertex  5.515322e+01  6.050020e+01 -1.363333e+01
     vertex  5.706202e+01  6.259406e+01 -2.045000e+01
     vertex  6.259406e+01  5.706202e+01 -2.045000e+01
   endloop
 endfacet
 facet normal -6.530525e-01 -6.530525e-01 -3.834644e-01
   outer loop
     vertex  5.515322e+01  6.050020e+01 -1.363333e+01
     vertex  6.259406e+01  5.706202e+01 -2.045000e+01
     vertex  6.050020e+01  5.515322e+01 -1.363333e+01
   endloop
 endfacet
 facet normal -5.900106e-01 -7.105227e-01 -3.834644e-01
   outer loop
     vertex  5.104315e+01  6.759206e+01 -2.045000e+01
     vertex  5.275062e+01  6.985311e+01 -2.726667e+01
     vertex  5.897083e+01  6.468791e+01 -2.726667e+01
   endloop
 endfacet
 facet normal -5.900106e-01 -7.105227e-01 -3.834644e-01
   outer loop
     vertex  5.104315e+01  6.759206e+01 -2.045000e+01
     vertex  5.897083e+01  6.468791e+01 -2.726667e+01
     vertex  5.706202e+01  6.259406e+01 -2.045000e+01
   endloop
 endfacet
 facet normal -5.900106e-01 -7.105227e-01 -3.834644e-01
   outer loop
     vertex  5.104315e+01  6.759206e+01 -2.045000e+01
     vertex  5.706202e+01  6.259406e+01 -2.045000e+01
     vertex  5.515322e+01  6.050020e+01 -1.363333e+01
   endloop
 endfacet
 facet normal -5.219349e-01 -7.619311e-01 -3.834644e-01
   outer loop
     vertex  4.608036e+01  7.442234e+01 -2.726667e+01
     vertex  5.275062e+01  6.985311e+01 -2.726667e+01
     vertex  5.104315e+01  6.759206e+01 -2.045000e+01
   endloop
 endfacet
 facet normal -5.219349e-01 -7.619311e-01 -3.834644e-01
   outer loop
     vertex  4.608036e+01  7.442234e+01 -2.726667e+01
     vertex  5.445808e+01  7.211416e+01 -3.408333e+01
     vertex  5.275062e+01  6.985311e+01 -2.726667e+01
   endloop
 endfacet
 facet normal -5.219349e-01 -7.619311e-01 -3.834644e-01
   outer loop
     vertex  4.608036e+01  7.442234e+01 -2.726667e+01
     vertex  4.757192e+01  7.683129e+01 -3.408333e+01
     vertex  5.445808e+01  7.211416e+01 -3.408333e+01
   endloop
 endfacet
 facet normal -4.408930e-01 -8.096153e-01 -3.874744e-01
   outer loop
     vertex  4.027989e+01  8.089292e+01 -3.408333e+01
     vertex  4.251883e+01  8.293605e+01 -4.090000e+01
     vertex  4.660000e+01  8.071357e+01 -4.090000e+01
   endloop
 endfacet
 facet normal -4.010914e-01 -8.328748e-01 -3.813730e-01
   outer loop
     vertex  4.027989e+01  8.089292e+01 -3.408333e+01
     vertex  3.833196e+01  8.495235e+01 -4.090000e+01
     vertex  4.251883e+01  8.293605e+01 -4.090000e+01
   endloop
 endfacet
 facet normal -4.473248e-01 -8.031018e-01 -3.936090e-01
   outer loop
     vertex  4.027989e+01  8.089292e+01 -3.408333e+01
     vertex  4.660000e+01  8.071357e+01 -4.090000e+01
     vertex  4.757192e+01  7.683129e+01 -3.408333e+01
   endloop
 endfacet
 facet normal -4.494063e-01 -8.068389e-01 -3.834644e-01
   outer loop
     vertex  4.027989e+01  8.089292e+01 -3.408333e+01
     vertex  4.757192e+01  7.683129e+01 -3.408333e+01
     vertex  4.608036e+01  7.442234e+01 -2.726667e+01
   endloop
 endfacet
 facet normal -6.274038e-01 -6.761805e-01 -3.861921e-01
   outer loop
     vertex  5.324441e+01  5.840634e+01 -6.816667e+00
     vertex  5.320565e+01  5.454905e+01  0.000000e+00
     vertex  5.042046e+01  5.713333e+01  0.000000e+00
   endloop
 endfacet
 facet normal -5.948767e-01 -7.089464e-01 -3.788360e-01
   outer loop
     vertex  5.324441e+01  5.840634e+01 -6.816667e+00
     vertex  5.042046e+01  5.713333e+01  0.000000e+00
     vertex  4.750992e+01  5.957556e+01  0.000000e+00
   endloop
 endfacet
 facet normal -6.530525e-01 -6.530525e-01 -3.834644e-01
   outer loop
     vertex  5.324441e+01  5.840634e+01 -6.816667e+00
     vertex  6.050020e+01  5.515322e+01 -1.363333e+01
     vertex  5.840634e+01  5.324441e+01 -6.816667e+00
   endloop
 endfacet
 facet normal -6.555909e-01 -6.555909e-01 -3.747015e-01
   outer loop
     vertex  5.324441e+01  5.840634e+01 -6.816667e+00
     vertex  5.840634e+01  5.324441e+01 -6.816667e+00
     vertex  5.320565e+01  5.454905e+01  0.000000e+00
   endloop
 endfacet
 facet normal -6.530525e-01 -6.530525e-01 -3.834644e-01
   outer loop
     vertex  5.324441e+01  5.840634e+01 -6.816667e+00
     vertex  5.515322e+01  6.050020e+01 -1.363333e+01
     vertex  6.050020e+01  5.515322e+01 -1.363333e+01
   endloop
 endfacet
 facet normal -5.900106e-01 -7.105227e-01 -3.834644e-01
   outer loop
     vertex  4.933569e+01  6.533101e+01 -1.363333e+01
     vertex  5.104315e+01  6.759206e+01 -2.045000e+01
     vertex  5.515322e+01  6.050020e+01 -1.363333e+01
   endloop
 endfacet
 facet normal -5.219349e-01 -7.619311e-01 -3.834644e-01
   outer loop
     vertex  4.458880e+01  7.201339e+01 -2.045000e+01
     vertex  4.608036e+01  7.442234e+01 -2.726667e+01
     vertex  5.104315e+01  6.759206e+01 -2.045000e+01
   endloop
 endfacet
 facet normal -4.494063e-01 -8.068389e-01 -3.834644e-01
   outer loop
     vertex  3.901696e+01  7.835663e+01 -2.726667e+01
     vertex  4.027989e+01  8.089292e+01 -3.408333e+01
     vertex  4.608036e+01  7.442234e+01 -2.726667e+01
   endloop
 endfacet
 facet normal -4.494063e-01 -8.068389e-01 -3.834644e-01
   outer loop
     vertex  3.901696e+01  7.835663e+01 -2.726667e+01
     vertex  4.608036e+01  7.442234e+01 -2.726667e+01
     vertex  4.458880e+01  7.201339e+01 -2.045000e+01
   endloop
 endfacet
 facet normal -3.711575e-01 -8.405916e-01 -3.945223e-01
   outer loop
     vertex  3.264421e+01  8.426441e+01 -3.408333e+01
     vertex  3.833196e+01  8.495235e+01 -4.090000e+01
     vertex  4.027989e+01  8.089292e+01 -3.408333e+01
   endloop
 endfacet
 facet normal -3.584999e-01 -8.504622e-01 -3.849571e-01
   outer loop
     vertex  3.264421e+01  8.426441e+01 -3.408333e+01
     vertex  3.404978e+01  8.675743e+01 -4.090000e+01
     vertex  3.833196e+01  8.495235e+01 -4.090000e+01
   endloop
 endfacet
 facet normal -3.159877e-01 -8.681691e-01 -3.826671e-01
   outer loop
     vertex  3.264421e+01  8.426441e+01 -3.408333e+01
     vertex  2.968296e+01  8.834683e+01 -4.090000e+01
     vertex  3.404978e+01  8.675743e+01 -4.090000e+01
   endloop
 endfacet
 facet normal -5.568737e-01 -7.351753e-01 -3.865346e-01
   outer loop
     vertex  4.762822e+01  6.306996e+01 -6.816667e+00
     vertex  4.750992e+01  5.957556e+01  0.000000e+00
     vertex  4.448127e+01  6.186968e+01  0.000000e+00
   endloop
 endfacet
 facet normal -5.900106e-01 -7.105227e-01 -3.834644e-01
   outer loop
     vertex  4.762822e+01  6.306996e+01 -6.816667e+00
     vertex  5.515322e+01  6.050020e+01 -1.363333e+01
     vertex  5.324441e+01  5.840634e+01 -6.816667e+00
   endloop
 endfacet
 facet normal -5.900106e-01 -7.105227e-01 -3.834644e-01
   outer loop
     vertex  4.762822e+01  6.306996e+01 -6.816667e+00
     vertex  4.933569e+01  6.533101e+01 -1.363333e+01
     vertex  5.515322e+01  6.050020e+01 -1.363333e+01
   endloop
 endfacet
 facet normal -5.920316e-01 -7.129565e-01 -3.757548e-01
   outer loop
     vertex  4.762822e+01  6.306996e+01 -6.816667e+00
     vertex  5.324441e+01  5.840634e+01 -6.816667e+00
     vertex  4.750992e+01  5.957556e+01  0.000000e+00
   endloop
 endfacet
 facet normal -5.219349e-01 -7.619311e-01 -3.834644e-01
   outer loop
     vertex  4.309725e+01  6.960444e+01 -1.363333e+01
     vertex  4.458880e+01  7.201339e+01 -2.045000e+01
     vertex  5.104315e+01  6.759206e+01 -2.045000e+01
   endloop
 endfacet
 facet normal -5.219349e-01 -7.619311e-01 -3.834644e-01
   outer loop
     vertex  4.309725e+01  6.960444e+01 -1.363333e+01
     vertex  5.104315e+01  6.759206e+01 -2.045000e+01
     vertex  4.933569e+01  6.533101e+01 -1.363333e+01
   endloop
 endfacet
 facet normal -4.494063e-01 -8.068389e-01 -3.834644e-01
   outer loop
     vertex  3.775404e+01  7.582033e+01 -2.045000e+01
     vertex  3.901696e+01  7.835663e+01 -2.726667e+01
     vertex  4.458880e+01  7.201339e+01 -2.045000e+01
   endloop
 endfacet
 facet normal -3.730435e-01 -8.448631e-01 -3.834644e-01
   outer loop
     vertex  3.162069e+01  8.162240e+01 -2.726667e+01
     vertex  3.264421e+01  8.426441e+01 -3.408333e+01
     vertex  4.027989e+01  8.089292e+01 -3.408333e+01
   endloop
 endfacet
 facet normal -3.730435e-01 -8.448631e-01 -3.834644e-01
   outer loop
     vertex  3.162069e+01  8.162240e+01 -2.726667e+01
     vertex  3.901696e+01  7.835663e+01 -2.726667e+01
     vertex  3.775404e+01  7.582033e+01 -2.045000e+01
   endloop
 endfacet
 facet normal -3.730435e-01 -8.448631e-01 -3.834644e-01
   outer loop
     vertex  3.162069e+01  8.162240e+01 -2.726667e+01
     vertex  4.027989e+01  8.089292e+01 -3.408333e+01
     vertex  3.901696e+01  7.835663e+01 -2.726667e+01
   endloop
 endfacet
 facet normal -2.722805e-01 -8.827115e-01 -3.829931e-01
   outer loop
     vertex  2.473001e+01  8.691698e+01 -3.408333e+01
     vertex  2.524233e+01  8.971658e+01 -4.090000e+01
     vertex  2.968296e+01  8.834683e+01 -4.090000e+01
   endloop
 endfacet
 facet normal -2.277859e-01 -8.945715e-01 -3.845198e-01
   outer loop
     vertex  2.473001e+01  8.691698e+01 -3.408333e+01
     vertex  2.073895e+01  9.086328e+01 -4.090000e+01
     vertex  2.524233e+01  8.971658e+01 -4.090000e+01
   endloop
 endfacet
 facet normal -2.919675e-01 -8.711125e-01 -3.948645e-01
   outer loop
     vertex  2.473001e+01  8.691698e+01 -3.408333e+01
     vertex  2.968296e+01  8.834683e+01 -4.090000e+01
     vertex  3.264421e+01  8.426441e+01 -3.408333e+01
   endloop
 endfacet
 facet normal -5.219349e-01 -7.619311e-01 -3.834644e-01
   outer loop
     vertex  4.160569e+01  6.719549e+01 -6.816667e+00
     vertex  4.309725e+01  6.960444e+01 -1.363333e+01
     vertex  4.933569e+01  6.533101e+01 -1.363333e+01
   endloop
 endfacet
 facet normal -5.215964e-01 -7.650414e-01 -3.776889e-01
   outer loop
     vertex  4.160569e+01  6.719549e+01 -6.816667e+00
     vertex  4.448127e+01  6.186968e+01  0.000000e+00
     vertex  4.134203e+01  6.400998e+01  0.000000e+00
   endloop
 endfacet
 facet normal -4.809387e-01 -7.870212e-01 -3.863878e-01
   outer loop
     vertex  4.160569e+01  6.719549e+01 -6.816667e+00
     vertex  4.134203e+01  6.400998e+01  0.000000e+00
     vertex  3.810000e+01  6.599114e+01  0.000000e+00
   endloop
 endfacet
 facet normal -5.219349e-01 -7.619311e-01 -3.834644e-01
   outer loop
     vertex  4.160569e+01  6.719549e+01 -6.816667e+00
     vertex  4.933569e+01  6.533101e+01 -1.363333e+01
     vertex  4.762822e+01  6.306996e+01 -6.816667e+00
   endloop
 endfacet
 facet normal -5.235955e-01 -7.643552e-01 -3.763095e-01
   outer loop
     vertex  4.160569e+01  6.719549e+01 -6.816667e+00
     vertex  4.762822e+01  6.306996e+01 -6.816667e+00
     vertex  4.448127e+01  6.186968e+01  0.000000e+00
   endloop
 endfacet
 facet normal -4.494063e-01 -8.068389e-01 -3.834644e-01
   outer loop
     vertex  3.649111e+01  7.328403e+01 -1.363333e+01
     vertex  3.775404e+01  7.582033e+01 -2.045000e+01
     vertex  4.458880e+01  7.201339e+01 -2.045000e+01
   endloop
 endfacet
 facet normal -4.494063e-01 -8.068389e-01 -3.834644e-01
   outer loop
     vertex  3.649111e+01  7.328403e+01 -1.363333e+01
     vertex  4.458880e+01  7.201339e+01 -2.045000e+01
     vertex  4.309725e+01  6.960444e+01 -1.363333e+01
   endloop
 endfacet
 facet normal -3.730435e-01 -8.448631e-01 -3.834644e-01
   outer loop
     vertex  3.059717e+01  7.898040e+01 -2.045000e+01
     vertex  3.775404e+01  7.582033e+01 -2.045000e+01
     vertex  3.649111e+01  7.328403e+01 -1.363333e+01
   endloop
 endfacet
 facet normal -3.730435e-01 -8.448631e-01 -3.834644e-01
   outer loop
     vertex  3.059717e+01  7.898040e+01 -2.045000e+01
     vertex  3.162069e+01  8.162240e+01 -2.726667e+01
     vertex  3.775404e+01  7.582033e+01 -2.045000e+01
   endloop
 endfacet
 facet normal -2.934981e-01 -8.756791e-01 -3.834644e-01
   outer loop
     vertex  2.395463e+01  8.419180e+01 -2.726667e+01
     vertex  2.473001e+01  8.691698e+01 -3.408333e+01
     vertex  3.264421e+01  8.426441e+01 -3.408333e+01
   endloop
 endfacet
 facet normal -2.934981e-01 -8.756791e-01 -3.834644e-01
   outer loop
     vertex  2.395463e+01  8.419180e+01 -2.726667e+01
     vertex  3.264421e+01  8.426441e+01 -3.408333e+01
     vertex  3.162069e+01  8.162240e+01 -2.726667e+01
   endloop
 endfacet
 facet normal -2.103683e-01 -8.944313e-01 -3.946364e-01
   outer loop
     vertex  1.660483e+01  8.882800e+01 -3.408333e+01
     vertex  2.073895e+01  9.086328e+01 -4.090000e+01
     vertex  2.473001e+01  8.691698e+01 -3.408333e+01
   endloop
 endfacet
 facet normal -1.831530e-01 -9.060057e-01 -3.815869e-01
   outer loop
     vertex  1.660483e+01  8.882800e+01 -3.408333e+01
     vertex  1.618401e+01  9.178408e+01 -4.090000e+01
     vertex  2.073895e+01  9.086328e+01 -4.090000e+01
   endloop
 endfacet
 facet normal -1.374334e-01 -9.118112e-01 -3.869269e-01
   outer loop
     vertex  1.660483e+01  8.882800e+01 -3.408333e+01
     vertex  1.158883e+01  9.247669e+01 -4.090000e+01
     vertex  1.618401e+01  9.178408e+01 -4.090000e+01
   endloop
 endfacet
 facet normal -4.422987e-01 -8.121967e-01 -3.804056e-01
   outer loop
     vertex  3.522819e+01  7.074774e+01 -6.816667e+00
     vertex  3.810000e+01  6.599114e+01  0.000000e+00
     vertex  3.476325e+01  6.780823e+01  0.000000e+00
   endloop
 endfacet
 facet normal -4.003023e-01 -8.312363e-01 -3.857516e-01
   outer loop
     vertex  3.522819e+01  7.074774e+01 -6.816667e+00
     vertex  3.476325e+01  6.780823e+01  0.000000e+00
     vertex  3.134008e+01  6.945675e+01  0.000000e+00
   endloop
 endfacet
 facet normal -4.494063e-01 -8.068389e-01 -3.834644e-01
   outer loop
     vertex  3.522819e+01  7.074774e+01 -6.816667e+00
     vertex  4.309725e+01  6.960444e+01 -1.363333e+01
     vertex  4.160569e+01  6.719549e+01 -6.816667e+00
   endloop
 endfacet
 facet normal -4.510815e-01 -8.098465e-01 -3.750656e-01
   outer loop
     vertex  3.522819e+01  7.074774e+01 -6.816667e+00
     vertex  4.160569e+01  6.719549e+01 -6.816667e+00
     vertex  3.810000e+01  6.599114e+01  0.000000e+00
   endloop
 endfacet
 facet normal -4.494063e-01 -8.068389e-01 -3.834644e-01
   outer loop
     vertex  3.522819e+01  7.074774e+01 -6.816667e+00
     vertex  3.649111e+01  7.328403e+01 -1.363333e+01
     vertex  4.309725e+01  6.960444e+01 -1.363333e+01
   endloop
 endfacet
 facet normal -3.730435e-01 -8.448631e-01 -3.834644e-01
   outer loop
     vertex  2.957365e+01  7.633839e+01 -1.363333e+01
     vertex  3.059717e+01  7.898040e+01 -2.045000e+01
     vertex  3.649111e+01  7.328403e+01 -1.363333e+01
   endloop
 endfacet
 facet normal -2.934981e-01 -8.756791e-01 -3.834644e-01
   outer loop
     vertex  2.317926e+01  8.146663e+01 -2.045000e+01
     vertex  2.395463e+01  8.419180e+01 -2.726667e+01
     vertex  3.162069e+01  8.162240e+01 -2.726667e+01
   endloop
 endfacet
 facet normal -2.934981e-01 -8.756791e-01 -3.834644e-01
   outer loop
     vertex  2.317926e+01  8.146663e+01 -2.045000e+01
     vertex  3.162069e+01  8.162240e+01 -2.726667e+01
     vertex  3.059717e+01  7.898040e+01 -2.045000e+01
   endloop
 endfacet
 facet normal -2.114486e-01 -8.990242e-01 -3.834644e-01
   outer loop
     vertex  1.608421e+01  8.604291e+01 -2.726667e+01
     vertex  2.473001e+01  8.691698e+01 -3.408333e+01
     vertex  2.395463e+01  8.419180e+01 -2.726667e+01
   endloop
 endfacet
 facet normal -2.114486e-01 -8.990242e-01 -3.834644e-01
   outer loop
     vertex  1.608421e+01  8.604291e+01 -2.726667e+01
     vertex  1.660483e+01  8.882800e+01 -3.408333e+01
     vertex  2.473001e+01  8.691698e+01 -3.408333e+01
   endloop
 endfacet
 facet normal -2.114486e-01 -8.990242e-01 -3.834644e-01
   outer loop
     vertex  1.608421e+01  8.604291e+01 -2.726667e+01
     vertex  2.395463e+01  8.419180e+01 -2.726667e+01
     vertex  2.317926e+01  8.146663e+01 -2.045000e+01
   endloop
 endfacet
 facet normal -9.206853e-02 -9.200864e-01 -3.807419e-01
   outer loop
     vertex  8.337984e+00  8.998118e+01 -3.408333e+01
     vertex  6.964845e+00  9.293939e+01 -4.090000e+01
     vertex  1.158883e+01  9.247669e+01 -4.090000e+01
   endloop
 endfacet
 facet normal -4.590131e-02 -9.197198e-01 -3.898827e-01
   outer loop
     vertex  8.337984e+00  8.998118e+01 -3.408333e+01
     vertex  2.323540e+00  9.317103e+01 -4.090000e+01
     vertex  6.964845e+00  9.293939e+01 -4.090000e+01
   endloop
 endfacet
 facet normal -1.269906e-01 -9.103656e-01 -3.938375e-01
   outer loop
     vertex  8.337984e+00  8.998118e+01 -3.408333e+01
     vertex  1.158883e+01  9.247669e+01 -4.090000e+01
     vertex  1.660483e+01  8.882800e+01 -3.408333e+01
   endloop
 endfacet
 facet normal -3.730435e-01 -8.448631e-01 -3.834644e-01
   outer loop
     vertex  2.855013e+01  7.369639e+01 -6.816667e+00
     vertex  3.649111e+01  7.328403e+01 -1.363333e+01
     vertex  3.522819e+01  7.074774e+01 -6.816667e+00
   endloop
 endfacet
 facet normal -3.588770e-01 -8.513567e-01 -3.826213e-01
   outer loop
     vertex  2.855013e+01  7.369639e+01 -6.816667e+00
     vertex  3.134008e+01  6.945675e+01  0.000000e+00
     vertex  2.783899e+01  7.093258e+01  0.000000e+00
   endloop
 endfacet
 facet normal -3.157096e-01 -8.674050e-01 -3.846246e-01
   outer loop
     vertex  2.855013e+01  7.369639e+01 -6.816667e+00
     vertex  2.783899e+01  7.093258e+01  0.000000e+00
     vertex  2.426868e+01  7.223206e+01  0.000000e+00
   endloop
 endfacet
 facet normal -3.745592e-01 -8.482957e-01 -3.742990e-01
   outer loop
     vertex  2.855013e+01  7.369639e+01 -6.816667e+00
     vertex  3.522819e+01  7.074774e+01 -6.816667e+00
     vertex  3.134008e+01  6.945675e+01  0.000000e+00
   endloop
 endfacet
 facet normal -3.730435e-01 -8.448631e-01 -3.834644e-01
   outer loop
     vertex  2.855013e+01  7.369639e+01 -6.816667e+00
     vertex  2.957365e+01  7.633839e+01 -1.363333e+01
     vertex  3.649111e+01  7.328403e+01 -1.363333e+01
   endloop
 endfacet
 facet normal -2.934981e-01 -8.756791e-01 -3.834644e-01
   outer loop
     vertex  2.240388e+01  7.874146e+01 -1.363333e+01
     vertex  2.317926e+01  8.146663e+01 -2.045000e+01
     vertex  3.059717e+01  7.898040e+01 -2.045000e+01
   endloop
 endfacet
 facet normal -2.934981e-01 -8.756791e-01 -3.834644e-01
   outer loop
     vertex  2.240388e+01  7.874146e+01 -1.363333e+01
     vertex  3.059717e+01  7.898040e+01 -2.045000e+01
     vertex  2.957365e+01  7.633839e+01 -1.363333e+01
   endloop
 endfacet
 facet normal -2.114486e-01 -8.990242e-01 -3.834644e-01
   outer loop
     vertex  1.556358e+01  8.325782e+01 -2.045000e+01
     vertex  2.317926e+01  8.146663e+01 -2.045000e+01
     vertex  2.240388e+01  7.874146e+01 -1.363333e+01
   endloop
 endfacet
 facet normal -2.114486e-01 -8.990242e-01 -3.834644e-01
   outer loop
     vertex  1.556358e+01  8.325782e+01 -2.045000e+01
     vertex  1.608421e+01  8.604291e+01 -2.726667e+01
     vertex  2.317926e+01  8.146663e+01 -2.045000e+01
   endloop
 endfacet
 facet normal -1.275951e-01 -9.146992e-01 -3.834644e-01
   outer loop
     vertex  8.076557e+00  8.715993e+01 -2.726667e+01
     vertex  1.608421e+01  8.604291e+01 -2.726667e+01
     vertex  1.556358e+01  8.325782e+01 -2.045000e+01
   endloop
 endfacet
 facet normal -1.275951e-01 -9.146992e-01 -3.834644e-01
   outer loop
     vertex  8.076557e+00  8.715993e+01 -2.726667e+01
     vertex  8.337984e+00  8.998118e+01 -3.408333e+01
     vertex  1.660483e+01  8.882800e+01 -3.408333e+01
   endloop
 endfacet
 facet normal -1.275951e-01 -9.146992e-01 -3.834644e-01
   outer loop
     vertex  8.076557e+00  8.715993e+01 -2.726667e+01
     vertex  1.660483e+01  8.882800e+01 -3.408333e+01
     vertex  1.608421e+01  8.604291e+01 -2.726667e+01
   endloop
 endfacet
 facet normal  0.000000e+00 -9.247974e-01 -3.804601e-01
   outer loop
     vertex  4.566422e-14  9.036667e+01 -3.408333e+01
     vertex -2.323540e+00  9.317103e+01 -4.090000e+01
     vertex  2.323540e+00  9.317103e+01 -4.090000e+01
   endloop
 endfacet
 facet normal -4.247800e-02 -9.187852e-01 -3.924658e-01
   outer loop
     vertex  4.566422e-14  9.036667e+01 -3.408333e+01
     vertex  2.323540e+00  9.317103e+01 -4.090000e+01
     vertex  8.337984e+00  8.998118e+01 -3.408333e+01
   endloop
 endfacet
 facet normal -2.934981e-01 -8.756791e-01 -3.834644e-01
   outer loop
     vertex  2.162850e+01  7.601629e+01 -6.816667e+00
     vertex  2.957365e+01  7.633839e+01 -1.363333e+01
     vertex  2.855013e+01  7.369639e+01 -6.816667e+00
   endloop
 endfacet
 facet normal -2.934981e-01 -8.756791e-01 -3.834644e-01
   outer loop
     vertex  2.162850e+01  7.601629e+01 -6.816667e+00
     vertex  2.240388e+01  7.874146e+01 -1.363333e+01
     vertex  2.957365e+01  7.633839e+01 -1.363333e+01
   endloop
 endfacet
 facet normal -2.721155e-01 -8.821768e-01 -3.843401e-01
   outer loop
     vertex  2.162850e+01  7.601629e+01 -6.816667e+00
     vertex  2.426868e+01  7.223206e+01  0.000000e+00
     vertex  2.063804e+01  7.335197e+01  0.000000e+00
   endloop
 endfacet
 facet normal -2.279413e-01 -8.951817e-01 -3.830047e-01
   outer loop
     vertex  2.162850e+01  7.601629e+01 -6.816667e+00
     vertex  2.063804e+01  7.335197e+01  0.000000e+00
     vertex  1.695610e+01  7.428951e+01  0.000000e+00
   endloop
 endfacet
 facet normal -2.947274e-01 -8.793471e-01 -3.740113e-01
   outer loop
     vertex  2.162850e+01  7.601629e+01 -6.816667e+00
     vertex  2.855013e+01  7.369639e+01 -6.816667e+00
     vertex  2.426868e+01  7.223206e+01  0.000000e+00
   endloop
 endfacet
 facet normal -2.114486e-01 -8.990242e-01 -3.834644e-01
   outer loop
     vertex  1.504296e+01  8.047273e+01 -1.363333e+01
     vertex  1.556358e+01  8.325782e+01 -2.045000e+01
     vertex  2.240388e+01  7.874146e+01 -1.363333e+01
   endloop
 endfacet
 facet normal -1.275951e-01 -9.146992e-01 -3.834644e-01
   outer loop
     vertex  7.815130e+00  8.433868e+01 -2.045000e+01
     vertex  8.076557e+00  8.715993e+01 -2.726667e+01
     vertex  1.556358e+01  8.325782e+01 -2.045000e+01
   endloop
 endfacet
 facet normal -4.265299e-02 -9.225702e-01 -3.834644e-01
   outer loop
     vertex  4.423248e-14  8.753333e+01 -2.726667e+01
     vertex  4.566422e-14  9.036667e+01 -3.408333e+01
     vertex  8.337984e+00  8.998118e+01 -3.408333e+01
   endloop
 endfacet
 facet normal -4.265299e-02 -9.225702e-01 -3.834644e-01
   outer loop
     vertex  4.423248e-14  8.753333e+01 -2.726667e+01
     vertex  8.337984e+00  8.998118e+01 -3.408333e+01
     vertex  8.076557e+00  8.715993e+01 -2.726667e+01
   endloop
 endfacet
 facet normal  4.590131e-02 -9.197198e-01 -3.898827e-01
   outer loop
     vertex -8.337984e+00  8.998118e+01 -3.408333e+01
     vertex -6.964845e+00  9.293939e+01 -4.090000e+01
     vertex -2.323540e+00  9.317103e+01 -4.090000e+01
   endloop
 endfacet
 facet normal  9.206853e-02 -9.200864e-01 -3.807419e-01
   outer loop
     vertex -8.337984e+00  8.998118e+01 -3.408333e+01
     vertex -1.158883e+01  9.247669e+01 -4.090000e+01
     vertex -6.964845e+00  9.293939e+01 -4.090000e+01
   endloop
 endfacet
 facet normal  4.247800e-02 -9.187852e-01 -3.924658e-01
   outer loop
     vertex -8.337984e+00  8.998118e+01 -3.408333e+01
     vertex -2.323540e+00  9.317103e+01 -4.090000e+01
     vertex  4.566422e-14  9.036667e+01 -3.408333e+01
   endloop
 endfacet
 facet normal -2.123166e-01 -9.027146e-01 -3.742031e-01
   outer loop
     vertex  1.452234e+01  7.768764e+01 -6.816667e+00
     vertex  2.162850e+01  7.601629e+01 -6.816667e+00
     vertex  1.695610e+01  7.428951e+01  0.000000e+00
   endloop
 endfacet
 facet normal -2.114486e-01 -8.990242e-01 -3.834644e-01
   outer loop
     vertex  1.452234e+01  7.768764e+01 -6.816667e+00
     vertex  2.240388e+01  7.874146e+01 -1.363333e+01
     vertex  2.162850e+01  7.601629e+01 -6.816667e+00
   endloop
 endfacet
 facet normal -1.828256e-01 -9.043860e-01 -3.855655e-01
   outer loop
     vertex  1.452234e+01  7.768764e+01 -6.816667e+00
     vertex  1.695610e+01  7.428951e+01  0.000000e+00
     vertex  1.323199e+01  7.504235e+01  0.000000e+00
   endloop
 endfacet
 facet normal -1.378076e-01 -9.142937e-01 -3.808887e-01
   outer loop
     vertex  1.452234e+01  7.768764e+01 -6.816667e+00
     vertex  1.323199e+01  7.504235e+01  0.000000e+00
     vertex  9.474990e+00  7.560863e+01  0.000000e+00
   endloop
 endfacet
 facet normal -2.114486e-01 -8.990242e-01 -3.834644e-01
   outer loop
     vertex  1.452234e+01  7.768764e+01 -6.816667e+00
     vertex  1.504296e+01  8.047273e+01 -1.363333e+01
     vertex  2.240388e+01  7.874146e+01 -1.363333e+01
   endloop
 endfacet
 facet normal -1.275951e-01 -9.146992e-01 -3.834644e-01
   outer loop
     vertex  7.553703e+00  8.151744e+01 -1.363333e+01
     vertex  7.815130e+00  8.433868e+01 -2.045000e+01
     vertex  1.556358e+01  8.325782e+01 -2.045000e+01
   endloop
 endfacet
 facet normal -1.275951e-01 -9.146992e-01 -3.834644e-01
   outer loop
     vertex  7.553703e+00  8.151744e+01 -1.363333e+01
     vertex  1.556358e+01  8.325782e+01 -2.045000e+01
     vertex  1.504296e+01  8.047273e+01 -1.363333e+01
   endloop
 endfacet
 facet normal -4.265299e-02 -9.225702e-01 -3.834644e-01
   outer loop
     vertex  4.280074e-14  8.470000e+01 -2.045000e+01
     vertex  8.076557e+00  8.715993e+01 -2.726667e+01
     vertex  7.815130e+00  8.433868e+01 -2.045000e+01
   endloop
 endfacet
 facet normal -4.265299e-02 -9.225702e-01 -3.834644e-01
   outer loop
     vertex  4.280074e-14  8.470000e+01 -2.045000e+01
     vertex  4.423248e-14  8.753333e+01 -2.726667e+01
     vertex  8.076557e+00  8.715993e+01 -2.726667e+01
   endloop
 endfacet
 facet normal  4.265299e-02 -9.225702e-01 -3.834644e-01
   outer loop
     vertex -8.076557e+00  8.715993e+01 -2.726667e+01
     vertex -8.337984e+00  8.998118e+01 -3.408333e+01
     vertex  4.566422e-14  9.036667e+01 -3.408333e+01
   endloop
 endfacet
 facet normal  4.265299e-02 -9.225702e-01 -3.834644e-01
   outer loop
     vertex -8.076557e+00  8.715993e+01 -2.726667e+01
     vertex  4.566422e-14  9.036667e+01 -3.408333e+01
     vertex  4.423248e-14  8.753333e+01 -2.726667e+01
   endloop
 endfacet
 facet normal  1.374334e-01 -9.118112e-01 -3.869269e-01
   outer loop
     vertex -1.660483e+01  8.882800e+01 -3.408333e+01
     vertex -1.618401e+01  9.178408e+01 -4.090000e+01
     vertex -1.158883e+01  9.247669e+01 -4.090000e+01
   endloop
 endfacet
 facet normal  1.831530e-01 -9.060057e-01 -3.815869e-01
   outer loop
     vertex -1.660483e+01  8.882800e+01 -3.408333e+01
     vertex -2.073895e+01  9.086328e+01 -4.090000e+01
     vertex -1.618401e+01  9.178408e+01 -4.090000e+01
   endloop
 endfacet
 facet normal  1.269906e-01 -9.103656e-01 -3.938375e-01
   outer loop
     vertex -1.660483e+01  8.882800e+01 -3.408333e+01
     vertex -1.158883e+01  9.247669e+01 -4.090000e+01
     vertex -8.337984e+00  8.998118e+01 -3.408333e+01
   endloop
 endfacet
 facet normal -1.275951e-01 -9.146992e-01 -3.834644e-01
   outer loop
     vertex  7.292276e+00  7.869619e+01 -6.816667e+00
     vertex  7.553703e+00  8.151744e+01 -1.363333e+01
     vertex  1.504296e+01  8.047273e+01 -1.363333e+01
   endloop
 endfacet
 facet normal -9.183872e-02 -9.177898e-01 -3.862998e-01
   outer loop
     vertex  7.292276e+00  7.869619e+01 -6.816667e+00
     vertex  9.474990e+00  7.560863e+01  0.000000e+00
     vertex  5.694433e+00  7.598693e+01  0.000000e+00
   endloop
 endfacet
 facet normal -4.614205e-02 -9.245435e-01 -3.782726e-01
   outer loop
     vertex  7.292276e+00  7.869619e+01 -6.816667e+00
     vertex  5.694433e+00  7.598693e+01  0.000000e+00
     vertex  1.899719e+00  7.617632e+01  0.000000e+00
   endloop
 endfacet
 facet normal -1.275951e-01 -9.146992e-01 -3.834644e-01
   outer loop
     vertex  7.292276e+00  7.869619e+01 -6.816667e+00
     vertex  1.504296e+01  8.047273e+01 -1.363333e+01
     vertex  1.452234e+01  7.768764e+01 -6.816667e+00
   endloop
 endfacet
 facet normal -1.280814e-01 -9.181855e-01 -3.748740e-01
   outer loop
     vertex  7.292276e+00  7.869619e+01 -6.816667e+00
     vertex  1.452234e+01  7.768764e+01 -6.816667e+00
     vertex  9.474990e+00  7.560863e+01  0.000000e+00
   endloop
 endfacet
 facet normal -4.265299e-02 -9.225702e-01 -3.834644e-01
   outer loop
     vertex  4.136899e-14  8.186667e+01 -1.363333e+01
     vertex  4.280074e-14  8.470000e+01 -2.045000e+01
     vertex  7.815130e+00  8.433868e+01 -2.045000e+01
   endloop
 endfacet
 facet normal -4.265299e-02 -9.225702e-01 -3.834644e-01
   outer loop
     vertex  4.136899e-14  8.186667e+01 -1.363333e+01
     vertex  7.815130e+00  8.433868e+01 -2.045000e+01
     vertex  7.553703e+00  8.151744e+01 -1.363333e+01
   endloop
 endfacet
 facet normal  4.265299e-02 -9.225702e-01 -3.834644e-01
   outer loop
     vertex -7.815130e+00  8.433868e+01 -2.045000e+01
     vertex -8.076557e+00  8.715993e+01 -2.726667e+01
     vertex  4.423248e-14  8.753333e+01 -2.726667e+01
   endloop
 endfacet
 facet normal  4.265299e-02 -9.225702e-01 -3.834644e-01
   outer loop
     vertex -7.815130e+00  8.433868e+01 -2.045000e+01
     vertex  4.423248e-14  8.753333e+01 -2.726667e+01
     vertex  4.280074e-14  8.470000e+01 -2.045000e+01
   endloop
 endfacet
 facet normal  1.275951e-01 -9.146992e-01 -3.834644e-01
   outer loop
     vertex -1.608421e+01  8.604291e+01 -2.726667e+01
     vertex -1.660483e+01  8.882800e+01 -3.408333e+01
     vertex -8.337984e+00  8.998118e+01 -3.408333e+01
   endloop
 endfacet
 facet normal  1.275951e-01 -9.146992e-01 -3.834644e-01
   outer loop
     vertex -1.608421e+01  8.604291e+01 -2.726667e+01
     vertex -8.337984e+00  8.998118e+01 -3.408333e+01
     vertex -8.076557e+00  8.715993e+01 -2.726667e+01
   endloop
 endfacet
 facet normal  2.277859e-01 -8.945715e-01 -3.845198e-01
   outer loop
     vertex -2.473001e+01  8.691698e+01 -3.408333e+01
     vertex -2.524233e+01  8.971658e+01 -4.090000e+01
     vertex -2.073895e+01  9.086328e+01 -4.090000e+01
   endloop
 endfacet
 facet normal  2.722805e-01 -8.827115e-01 -3.829931e-01
   outer loop
     vertex -2.473001e+01  8.691698e+01 -3.408333e+01
     vertex -2.968296e+01  8.834683e+01 -4.090000e+01
     vertex -2.524233e+01  8.971658e+01 -4.090000e+01
   endloop
 endfacet
 facet normal  2.103683e-01 -8.944313e-01 -3.946364e-01
   outer loop
     vertex -2.473001e+01  8.691698e+01 -3.408333e+01
     vertex -2.073895e+01  9.086328e+01 -4.090000e+01
     vertex -1.660483e+01  8.882800e+01 -3.408333e+01
   endloop
 endfacet
 facet normal -4.265299e-02 -9.225702e-01 -3.834644e-01
   outer loop
     vertex  3.993725e-14  7.903333e+01 -6.816667e+00
     vertex  7.553703e+00  8.151744e+01 -1.363333e+01
     vertex  7.292276e+00  7.869619e+01 -6.816667e+00
   endloop
 endfacet
 facet normal -4.265299e-02 -9.225702e-01 -3.834644e-01
   outer loop
     vertex  3.993725e-14  7.903333e+01 -6.816667e+00
     vertex  4.136899e-14  8.186667e+01 -1.363333e+01
     vertex  7.553703e+00  8.151744e+01 -1.363333e+01
   endloop
 endfacet
 facet normal  0.000000e+00 -9.222708e-01 -3.865444e-01
   outer loop
     vertex  3.993725e-14  7.903333e+01 -6.816667e+00
     vertex  1.899719e+00  7.617632e+01  0.000000e+00
     vertex -1.899719e+00  7.617632e+01  0.000000e+00
   endloop
 endfacet
 facet normal -4.279408e-02 -9.256218e-01 -3.760226e-01
   outer loop
     vertex  3.993725e-14  7.903333e+01 -6.816667e+00
     vertex  7.292276e+00  7.869619e+01 -6.816667e+00
     vertex  1.899719e+00  7.617632e+01  0.000000e+00
   endloop
 endfacet
 facet normal  4.265299e-02 -9.225702e-01 -3.834644e-01
   outer loop
     vertex -7.553703e+00  8.151744e+01 -1.363333e+01
     vertex  4.280074e-14  8.470000e+01 -2.045000e+01
     vertex  4.136899e-14  8.186667e+01 -1.363333e+01
   endloop
 endfacet
 facet normal  4.265299e-02 -9.225702e-01 -3.834644e-01
   outer loop
     vertex -7.553703e+00  8.151744e+01 -1.363333e+01
     vertex -7.815130e+00  8.433868e+01 -2.045000e+01
     vertex  4.280074e-14  8.470000e+01 -2.045000e+01
   endloop
 endfacet
 facet normal  1.275951e-01 -9.146992e-01 -3.834644e-01
   outer loop
     vertex -1.556358e+01  8.325782e+01 -2.045000e+01
     vertex -1.608421e+01  8.604291e+01 -2.726667e+01
     vertex -8.076557e+00  8.715993e+01 -2.726667e+01
   endloop
 endfacet
 facet normal  1.275951e-01 -9.146992e-01 -3.834644e-01
   outer loop
     vertex -1.556358e+01  8.325782e+01 -2.045000e+01
     vertex -8.076557e+00  8.715993e+01 -2.726667e+01
     vertex -7.815130e+00  8.433868e+01 -2.045000e+01
   endloop
 endfacet
 facet normal  2.114486e-01 -8.990242e-01 -3.834644e-01
   outer loop
     vertex -2.395463e+01  8.419180e+01 -2.726667e+01
     vertex -1.660483e+01  8.882800e+01 -3.408333e+01
     vertex -1.608421e+01  8.604291e+01 -2.726667e+01
   endloop
 endfacet
 facet normal  2.114486e-01 -8.990242e-01 -3.834644e-01
   outer loop
     vertex -2.395463e+01  8.419180e+01 -2.726667e+01
     vertex -2.473001e+01  8.691698e+01 -3.408333e+01
     vertex -1.660483e+01  8.882800e+01 -3.408333e+01
   endloop
 endfacet
 facet normal  2.919675e-01 -8.711125e-01 -3.948645e-01
   outer loop
     vertex -3.264421e+01  8.426441e+01 -3.408333e+01
     vertex -2.968296e+01  8.834683e+01 -4.090000e+01
     vertex -2.473001e+01  8.691698e+01 -3.408333e+01
   endloop
 endfacet
 facet normal  3.159877e-01 -8.681691e-01 -3.826671e-01
   outer loop
     vertex -3.264421e+01  8.426441e+01 -3.408333e+01
     vertex -3.404978e+01  8.675743e+01 -4.090000e+01
     vertex -2.968296e+01  8.834683e+01 -4.090000e+01
   endloop
 endfacet
 facet normal  3.584999e-01 -8.504622e-01 -3.849571e-01
   outer loop
     vertex -3.264421e+01  8.426441e+01 -3.408333e+01
     vertex -3.833196e+01  8.495235e+01 -4.090000e+01
     vertex -3.404978e+01  8.675743e+01 -4.090000e+01
   endloop
 endfacet
 facet normal  4.614205e-02 -9.245435e-01 -3.782726e-01
   outer loop
     vertex -7.292276e+00  7.869619e+01 -6.816667e+00
     vertex -1.899719e+00  7.617632e+01  0.000000e+00
     vertex -5.694433e+00  7.598693e+01  0.000000e+00
   endloop
 endfacet
 facet normal  9.183872e-02 -9.177898e-01 -3.862998e-01
   outer loop
     vertex -7.292276e+00  7.869619e+01 -6.816667e+00
     vertex -5.694433e+00  7.598693e+01  0.000000e+00
     vertex -9.474990e+00  7.560863e+01  0.000000e+00
   endloop
 endfacet
 facet normal  4.265299e-02 -9.225702e-01 -3.834644e-01
   outer loop
     vertex -7.292276e+00  7.869619e+01 -6.816667e+00
     vertex  4.136899e-14  8.186667e+01 -1.363333e+01
     vertex  3.993725e-14  7.903333e+01 -6.816667e+00
   endloop
 endfacet
 facet normal  4.265299e-02 -9.225702e-01 -3.834644e-01
   outer loop
     vertex -7.292276e+00  7.869619e+01 -6.816667e+00
     vertex -7.553703e+00  8.151744e+01 -1.363333e+01
     vertex  4.136899e-14  8.186667e+01 -1.363333e+01
   endloop
 endfacet
 facet normal  4.279408e-02 -9.256218e-01 -3.760226e-01
   outer loop
     vertex -7.292276e+00  7.869619e+01 -6.816667e+00
     vertex  3.993725e-14  7.903333e+01 -6.816667e+00
     vertex -1.899719e+00  7.617632e+01  0.000000e+00
   endloop
 endfacet
 facet normal  1.275951e-01 -9.146992e-01 -3.834644e-01
   outer loop
     vertex -1.504296e+01  8.047273e+01 -1.363333e+01
     vertex -7.815130e+00  8.433868e+01 -2.045000e+01
     vertex -7.553703e+00  8.151744e+01 -1.363333e+01
   endloop
 endfacet
 facet normal  1.275951e-01 -9.146992e-01 -3.834644e-01
   outer loop
     vertex -1.504296e+01  8.047273e+01 -1.363333e+01
     vertex -1.556358e+01  8.325782e+01 -2.045000e+01
     vertex -7.815130e+00  8.433868e+01 -2.045000e+01
   endloop
 endfacet
 facet normal  2.114486e-01 -8.990242e-01 -3.834644e-01
   outer loop
     vertex -2.317926e+01  8.146663e+01 -2.045000e+01
     vertex -1.608421e+01  8.604291e+01 -2.726667e+01
     vertex -1.556358e+01  8.325782e+01 -2.045000e+01
   endloop
 endfacet
 facet normal  2.114486e-01 -8.990242e-01 -3.834644e-01
   outer loop
     vertex -2.317926e+01  8.146663e+01 -2.045000e+01
     vertex -2.395463e+01  8.419180e+01 -2.726667e+01
     vertex -1.608421e+01  8.604291e+01 -2.726667e+01
   endloop
 endfacet
 facet normal  2.114486e-01 -8.990242e-01 -3.834644e-01
   outer loop
     vertex -2.317926e+01  8.146663e+01 -2.045000e+01
     vertex -1.556358e+01  8.325782e+01 -2.045000e+01
     vertex -1.504296e+01  8.047273e+01 -1.363333e+01
   endloop
 endfacet
 facet normal  2.934981e-01 -8.756791e-01 -3.834644e-01
   outer loop
     vertex -3.162069e+01  8.162240e+01 -2.726667e+01
     vertex -2.395463e+01  8.419180e+01 -2.726667e+01
     vertex -2.317926e+01  8.146663e+01 -2.045000e+01
   endloop
 endfacet
 facet normal  2.934981e-01 -8.756791e-01 -3.834644e-01
   outer loop
     vertex -3.162069e+01  8.162240e+01 -2.726667e+01
     vertex -3.264421e+01  8.426441e+01 -3.408333e+01
     vertex -2.473001e+01  8.691698e+01 -3.408333e+01
   endloop
 endfacet
 facet normal  2.934981e-01 -8.756791e-01 -3.834644e-01
   outer loop
     vertex -3.162069e+01  8.162240e+01 -2.726667e+01
     vertex -2.473001e+01  8.691698e+01 -3.408333e+01
     vertex -2.395463e+01  8.419180e+01 -2.726667e+01
   endloop
 endfacet
 facet normal  3.711575e-01 -8.405916e-01 -3.945223e-01
   outer loop
     vertex -4.027989e+01  8.089292e+01 -3.408333e+01
     vertex -3.833196e+01  8.495235e+01 -4.090000e+01
     vertex -3.264421e+01  8.426441e+01 -3.408333e+01
   endloop
 endfacet
 facet normal  4.010914e-01 -8.328748e-01 -3.813730e-01
   outer loop
     vertex -4.027989e+01  8.089292e+01 -3.408333e+01
     vertex -4.251883e+01  8.293605e+01 -4.090000e+01
     vertex -3.833196e+01  8.495235e+01 -4.090000e+01
   endloop
 endfacet
 facet normal  4.408930e-01 -8.096153e-01 -3.874744e-01
   outer loop
     vertex -4.027989e+01  8.089292e+01 -3.408333e+01
     vertex -4.660000e+01  8.071357e+01 -4.090000e+01
     vertex -4.251883e+01  8.293605e+01 -4.090000e+01
   endloop
 endfacet
 facet normal  1.275951e-01 -9.146992e-01 -3.834644e-01
   outer loop
     vertex -1.452234e+01  7.768764e+01 -6.816667e+00
     vertex -7.553703e+00  8.151744e+01 -1.363333e+01
     vertex -7.292276e+00  7.869619e+01 -6.816667e+00
   endloop
 endfacet
 facet normal  1.378076e-01 -9.142937e-01 -3.808887e-01
   outer loop
     vertex -1.452234e+01  7.768764e+01 -6.816667e+00
     vertex -9.474990e+00  7.560863e+01  0.000000e+00
     vertex -1.323199e+01  7.504235e+01  0.000000e+00
   endloop
 endfacet
 facet normal  1.828256e-01 -9.043860e-01 -3.855655e-01
   outer loop
     vertex -1.452234e+01  7.768764e+01 -6.816667e+00
     vertex -1.323199e+01  7.504235e+01  0.000000e+00
     vertex -1.695610e+01  7.428951e+01  0.000000e+00
   endloop
 endfacet
 facet normal  1.280814e-01 -9.181855e-01 -3.748740e-01
   outer loop
     vertex -1.452234e+01  7.768764e+01 -6.816667e+00
     vertex -7.292276e+00  7.869619e+01 -6.816667e+00
     vertex -9.474990e+00  7.560863e+01  0.000000e+00
   endloop
 endfacet
 facet normal  1.275951e-01 -9.146992e-01 -3.834644e-01
   outer loop
     vertex -1.452234e+01  7.768764e+01 -6.816667e+00
     vertex -1.504296e+01  8.047273e+01 -1.363333e+01
     vertex -7.553703e+00  8.151744e+01 -1.363333e+01
   endloop
 endfacet
 facet normal  2.114486e-01 -8.990242e-01 -3.834644e-01
   outer loop
     vertex -2.240388e+01  7.874146e+01 -1.363333e+01
     vertex -2.317926e+01  8.146663e+01 -2.045000e+01
     vertex -1.504296e+01  8.047273e+01 -1.363333e+01
   endloop
 endfacet
 facet normal  2.934981e-01 -8.756791e-01 -3.834644e-01
   outer loop
     vertex -3.059717e+01  7.898040e+01 -2.045000e+01
     vertex -3.162069e+01  8.162240e+01 -2.726667e+01
     vertex -2.317926e+01  8.146663e+01 -2.045000e+01
   endloop
 endfacet
 facet normal  3.730435e-01 -8.448631e-01 -3.834644e-01
   outer loop
     vertex -3.901696e+01  7.835663e+01 -2.726667e+01
     vertex -4.027989e+01  8.089292e+01 -3.408333e+01
     vertex -3.264421e+01  8.426441e+01 -3.408333e+01
   endloop
 endfacet
 facet normal  3.730435e-01 -8.448631e-01 -3.834644e-01
   outer loop
     vertex -3.901696e+01  7.835663e+01 -2.726667e+01
     vertex -3.264421e+01  8.426441e+01 -3.408333e+01
     vertex -3.162069e+01  8.162240e+01 -2.726667e+01
   endloop
 endfacet
 facet normal  4.473248e-01 -8.031018e-01 -3.936090e-01
   outer loop
     vertex -4.757192e+01  7.683129e+01 -3.408333e+01
     vertex -4.660000e+01  8.071357e+01 -4.090000e+01
     vertex -4.027989e+01  8.089292e+01 -3.408333e+01
   endloop
 endfacet
 facet normal  4.821832e-01 -7.890578e-01 -3.806405e-01
   outer loop
     vertex -4.757192e+01  7.683129e+01 -3.408333e+01
     vertex -5.056531e+01  7.829042e+01 -4.090000e+01
     vertex -4.660000e+01  8.071357e+01 -4.090000e+01
   endloop
 endfacet
 facet normal  5.185847e-01 -7.606241e-01 -3.905391e-01
   outer loop
     vertex -4.757192e+01  7.683129e+01 -3.408333e+01
     vertex -5.440491e+01  7.567262e+01 -4.090000e+01
     vertex -5.056531e+01  7.829042e+01 -4.090000e+01
   endloop
 endfacet
 facet normal  2.123166e-01 -9.027146e-01 -3.742031e-01
   outer loop
     vertex -2.162850e+01  7.601629e+01 -6.816667e+00
     vertex -1.452234e+01  7.768764e+01 -6.816667e+00
     vertex -1.695610e+01  7.428951e+01  0.000000e+00
   endloop
 endfacet
 facet normal  2.114486e-01 -8.990242e-01 -3.834644e-01
   outer loop
     vertex -2.162850e+01  7.601629e+01 -6.816667e+00
     vertex -2.240388e+01  7.874146e+01 -1.363333e+01
     vertex -1.504296e+01  8.047273e+01 -1.363333e+01
   endloop
 endfacet
 facet normal  2.279413e-01 -8.951817e-01 -3.830047e-01
   outer loop
     vertex -2.162850e+01  7.601629e+01 -6.816667e+00
     vertex -1.695610e+01  7.428951e+01  0.000000e+00
     vertex -2.063804e+01  7.335197e+01  0.000000e+00
   endloop
 endfacet
 facet normal  2.721155e-01 -8.821768e-01 -3.843401e-01
   outer loop
     vertex -2.162850e+01  7.601629e+01 -6.816667e+00
     vertex -2.063804e+01  7.335197e+01  0.000000e+00
     vertex -2.426868e+01  7.223206e+01  0.000000e+00
   endloop
 endfacet
 facet normal  2.114486e-01 -8.990242e-01 -3.834644e-01
   outer loop
     vertex -2.162850e+01  7.601629e+01 -6.816667e+00
     vertex -1.504296e+01  8.047273e+01 -1.363333e+01
     vertex -1.452234e+01  7.768764e+01 -6.816667e+00
   endloop
 endfacet
 facet normal  2.934981e-01 -8.756791e-01 -3.834644e-01
   outer loop
     vertex -2.957365e+01  7.633839e+01 -1.363333e+01
     vertex -3.059717e+01  7.898040e+01 -2.045000e+01
     vertex -2.317926e+01  8.146663e+01 -2.045000e+01
   endloop
 endfacet
 facet normal  2.934981e-01 -8.756791e-01 -3.834644e-01
   outer loop
     vertex -2.957365e+01  7.633839e+01 -1.363333e+01
     vertex -2.240388e+01  7.874146e+01 -1.363333e+01
     vertex -2.162850e+01  7.601629e+01 -6.816667e+00
   endloop
 endfacet
 facet normal  2.934981e-01 -8.756791e-01 -3.834644e-01
   outer loop
     vertex -2.957365e+01  7.633839e+01 -1.363333e+01
     vertex -2.317926e+01  8.146663e+01 -2.045000e+01
     vertex -2.240388e+01  7.874146e+01 -1.363333e+01
   endloop
 endfacet
 facet normal  3.730435e-01 -8.448631e-01 -3.834644e-01
   outer loop
     vertex -3.775404e+01  7.582033e+01 -2.045000e+01
     vertex -3.901696e+01  7.835663e+01 -2.726667e+01
     vertex -3.162069e+01  8.162240e+01 -2.726667e+01
   endloop
 endfacet
 facet normal  3.730435e-01 -8.448631e-01 -3.834644e-01
   outer loop
     vertex -3.775404e+01  7.582033e+01 -2.045000e+01
     vertex -3.162069e+01  8.162240e+01 -2.726667e+01
     vertex -3.059717e+01  7.898040e+01 -2.045000e+01
   endloop
 endfacet
 facet normal  4.494063e-01 -8.068389e-01 -3.834644e-01
   outer loop
     vertex -4.608036e+01  7.442234e+01 -2.726667e+01
     vertex -4.027989e+01  8.089292e+01 -3.408333e+01
     vertex -3.901696e+01  7.835663e+01 -2.726667e+01
   endloop
 endfacet
 facet normal  4.494063e-01 -8.068389e-01 -3.834644e-01
   outer loop
     vertex -4.608036e+01  7.442234e+01 -2.726667e+01
     vertex -4.757192e+01  7.683129e+01 -3.408333e+01
     vertex -4.027989e+01  8.089292e+01 -3.408333e+01
   endloop
 endfacet
 facet normal  4.494063e-01 -8.068389e-01 -3.834644e-01
   outer loop
     vertex -4.608036e+01  7.442234e+01 -2.726667e+01
     vertex -3.901696e+01  7.835663e+01 -2.726667e+01
     vertex -3.775404e+01  7.582033e+01 -2.045000e+01
   endloop
 endfacet
 facet normal  5.198763e-01 -7.589259e-01 -3.921225e-01
   outer loop
     vertex -5.445808e+01  7.211416e+01 -3.408333e+01
     vertex -5.440491e+01  7.567262e+01 -4.090000e+01
     vertex -4.757192e+01  7.683129e+01 -3.408333e+01
   endloop
 endfacet
 facet normal  5.583939e-01 -7.371823e-01 -3.804713e-01
   outer loop
     vertex -5.445808e+01  7.211416e+01 -3.408333e+01
     vertex -5.810925e+01  7.286669e+01 -4.090000e+01
     vertex -5.440491e+01  7.567262e+01 -4.090000e+01
   endloop
 endfacet
 facet normal  2.934981e-01 -8.756791e-01 -3.834644e-01
   outer loop
     vertex -2.855013e+01  7.369639e+01 -6.816667e+00
     vertex -2.957365e+01  7.633839e+01 -1.363333e+01
     vertex -2.162850e+01  7.601629e+01 -6.816667e+00
   endloop
 endfacet
 facet normal  2.947274e-01 -8.793471e-01 -3.740113e-01
   outer loop
     vertex -2.855013e+01  7.369639e+01 -6.816667e+00
     vertex -2.162850e+01  7.601629e+01 -6.816667e+00
     vertex -2.426868e+01  7.223206e+01  0.000000e+00
   endloop
 endfacet
 facet normal  3.157096e-01 -8.674050e-01 -3.846246e-01
   outer loop
     vertex -2.855013e+01  7.369639e+01 -6.816667e+00
     vertex -2.426868e+01  7.223206e+01  0.000000e+00
     vertex -2.783899e+01  7.093258e+01  0.000000e+00
   endloop
 endfacet
 facet normal  3.588770e-01 -8.513567e-01 -3.826213e-01
   outer loop
     vertex -2.855013e+01  7.369639e+01 -6.816667e+00
     vertex -2.783899e+01  7.093258e+01  0.000000e+00
     vertex -3.134008e+01  6.945675e+01  0.000000e+00
   endloop
 endfacet
 facet normal  3.730435e-01 -8.448631e-01 -3.834644e-01
   outer loop
     vertex -3.649111e+01  7.328403e+01 -1.363333e+01
     vertex -3.059717e+01  7.898040e+01 -2.045000e+01
     vertex -2.957365e+01  7.633839e+01 -1.363333e+01
   endloop
 endfacet
 facet normal  3.730435e-01 -8.448631e-01 -3.834644e-01
   outer loop
     vertex -3.649111e+01  7.328403e+01 -1.363333e+01
     vertex -3.775404e+01  7.582033e+01 -2.045000e+01
     vertex -3.059717e+01  7.898040e+01 -2.045000e+01
   endloop
 endfacet
 facet normal  4.494063e-01 -8.068389e-01 -3.834644e-01
   outer loop
     vertex -4.458880e+01  7.201339e+01 -2.045000e+01
     vertex -4.608036e+01  7.442234e+01 -2.726667e+01
     vertex -3.775404e+01  7.582033e+01 -2.045000e+01
   endloop
 endfacet
 facet normal  5.219349e-01 -7.619311e-01 -3.834644e-01
   outer loop
     vertex -5.275062e+01  6.985311e+01 -2.726667e+01
     vertex -5.445808e+01  7.211416e+01 -3.408333e+01
     vertex -4.757192e+01  7.683129e+01 -3.408333e+01
   endloop
 endfacet
 facet normal  5.219349e-01 -7.619311e-01 -3.834644e-01
   outer loop
     vertex -5.275062e+01  6.985311e+01 -2.726667e+01
     vertex -4.757192e+01  7.683129e+01 -3.408333e+01
     vertex -4.608036e+01  7.442234e+01 -2.726667e+01
   endloop
 endfacet
 facet normal  5.875026e-01 -7.075025e-01 -3.927861e-01
   outer loop
     vertex -6.087963e+01  6.678177e+01 -3.408333e+01
     vertex -5.810925e+01  7.286669e+01 -4.090000e+01
     vertex -5.445808e+01  7.211416e+01 -3.408333e+01
   endloop
 endfacet
 facet normal  5.920929e-01 -7.056288e-01 -3.892480e-01
   outer loop
     vertex -6.087963e+01  6.678177e+01 -3.408333e+01
     vertex -6.166912e+01  6.987961e+01 -4.090000e+01
     vertex -5.810925e+01  7.286669e+01 -4.090000e+01
   endloop
 endfacet
 facet normal  6.289083e-01 -6.778020e-01 -3.808659e-01
   outer loop
     vertex -6.087963e+01  6.678177e+01 -3.408333e+01
     vertex -6.507567e+01  6.671879e+01 -4.090000e+01
     vertex -6.166912e+01  6.987961e+01 -4.090000e+01
   endloop
 endfacet
 facet normal  3.730435e-01 -8.448631e-01 -3.834644e-01
   outer loop
     vertex -3.522819e+01  7.074774e+01 -6.816667e+00
     vertex -3.649111e+01  7.328403e+01 -1.363333e+01
     vertex -2.957365e+01  7.633839e+01 -1.363333e+01
   endloop
 endfacet
 facet normal  4.003023e-01 -8.312363e-01 -3.857516e-01
   outer loop
     vertex -3.522819e+01  7.074774e+01 -6.816667e+00
     vertex -3.134008e+01  6.945675e+01  0.000000e+00
     vertex -3.476325e+01  6.780823e+01  0.000000e+00
   endloop
 endfacet
 facet normal  4.422987e-01 -8.121967e-01 -3.804056e-01
   outer loop
     vertex -3.522819e+01  7.074774e+01 -6.816667e+00
     vertex -3.476325e+01  6.780823e+01  0.000000e+00
     vertex -3.810000e+01  6.599114e+01  0.000000e+00
   endloop
 endfacet
 facet normal  3.745592e-01 -8.482957e-01 -3.742990e-01
   outer loop
     vertex -3.522819e+01  7.074774e+01 -6.816667e+00
     vertex -2.855013e+01  7.369639e+01 -6.816667e+00
     vertex -3.134008e+01  6.945675e+01  0.000000e+00
   endloop
 endfacet
 facet normal  3.730435e-01 -8.448631e-01 -3.834644e-01
   outer loop
     vertex -3.522819e+01  7.074774e+01 -6.816667e+00
     vertex -2.957365e+01  7.633839e+01 -1.363333e+01
     vertex -2.855013e+01  7.369639e+01 -6.816667e+00
   endloop
 endfacet
 facet normal  4.494063e-01 -8.068389e-01 -3.834644e-01
   outer loop
     vertex -4.309725e+01  6.960444e+01 -1.363333e+01
     vertex -3.775404e+01  7.582033e+01 -2.045000e+01
     vertex -3.649111e+01  7.328403e+01 -1.363333e+01
   endloop
 endfacet
 facet normal  4.494063e-01 -8.068389e-01 -3.834644e-01
   outer loop
     vertex -4.309725e+01  6.960444e+01 -1.363333e+01
     vertex -4.458880e+01  7.201339e+01 -2.045000e+01
     vertex -3.775404e+01  7.582033e+01 -2.045000e+01
   endloop
 endfacet
 facet normal  5.219349e-01 -7.619311e-01 -3.834644e-01
   outer loop
     vertex -5.104315e+01  6.759206e+01 -2.045000e+01
     vertex -4.608036e+01  7.442234e+01 -2.726667e+01
     vertex -4.458880e+01  7.201339e+01 -2.045000e+01
   endloop
 endfacet
 facet normal  5.219349e-01 -7.619311e-01 -3.834644e-01
   outer loop
     vertex -5.104315e+01  6.759206e+01 -2.045000e+01
     vertex -5.275062e+01  6.985311e+01 -2.726667e+01
     vertex -4.608036e+01  7.442234e+01 -2.726667e+01
   endloop
 endfacet
 facet normal  5.900106e-01 -7.105227e-01 -3.834644e-01
   outer loop
     vertex -5.897083e+01  6.468791e+01 -2.726667e+01
     vertex -5.445808e+01  7.211416e+01 -3.408333e+01
     vertex -5.275062e+01  6.985311e+01 -2.726667e+01
   endloop
 endfacet
 facet normal  5.900106e-01 -7.105227e-01 -3.834644e-01
   outer loop
     vertex -5.897083e+01  6.468791e+01 -2.726667e+01
     vertex -6.087963e+01  6.678177e+01 -3.408333e+01
     vertex -5.445808e+01  7.211416e+01 -3.408333e+01
   endloop
 endfacet
 facet normal  6.602660e-01 -6.440053e-01 -3.864014e-01
   outer loop
     vertex -6.678177e+01  6.087963e+01 -3.408333e+01
     vertex -6.832043e+01  6.339210e+01 -4.090000e+01
     vertex -6.507567e+01  6.671879e+01 -4.090000e+01
   endloop
 endfacet
 facet normal  6.929743e-01 -6.115534e-01 -3.818233e-01
   outer loop
     vertex -6.678177e+01  6.087963e+01 -3.408333e+01
     vertex -7.139534e+01  5.990781e+01 -4.090000e+01
     vertex -6.832043e+01  6.339210e+01 -4.090000e+01
   endloop
 endfacet
 facet normal  6.498962e-01 -6.498962e-01 -3.940430e-01
   outer loop
     vertex -6.678177e+01  6.087963e+01 -3.408333e+01
     vertex -6.507567e+01  6.671879e+01 -4.090000e+01
     vertex -6.087963e+01  6.678177e+01 -3.408333e+01
   endloop
 endfacet
 facet normal  4.494063e-01 -8.068389e-01 -3.834644e-01
   outer loop
     vertex -4.160569e+01  6.719549e+01 -6.816667e+00
     vertex -3.649111e+01  7.328403e+01 -1.363333e+01
     vertex -3.522819e+01  7.074774e+01 -6.816667e+00
   endloop
 endfacet
 facet normal  4.809387e-01 -7.870212e-01 -3.863878e-01
   outer loop
     vertex -4.160569e+01  6.719549e+01 -6.816667e+00
     vertex -3.810000e+01  6.599114e+01  0.000000e+00
     vertex -4.134203e+01  6.400998e+01  0.000000e+00
   endloop
 endfacet
 facet normal  5.215964e-01 -7.650414e-01 -3.776889e-01
   outer loop
     vertex -4.160569e+01  6.719549e+01 -6.816667e+00
     vertex -4.134203e+01  6.400998e+01  0.000000e+00
     vertex -4.448127e+01  6.186968e+01  0.000000e+00
   endloop
 endfacet
 facet normal  4.494063e-01 -8.068389e-01 -3.834644e-01
   outer loop
     vertex -4.160569e+01  6.719549e+01 -6.816667e+00
     vertex -4.309725e+01  6.960444e+01 -1.363333e+01
     vertex -3.649111e+01  7.328403e+01 -1.363333e+01
   endloop
 endfacet
 facet normal  4.510815e-01 -8.098465e-01 -3.750656e-01
   outer loop
     vertex -4.160569e+01  6.719549e+01 -6.816667e+00
     vertex -3.522819e+01  7.074774e+01 -6.816667e+00
     vertex -3.810000e+01  6.599114e+01  0.000000e+00
   endloop
 endfacet
 facet normal  5.219349e-01 -7.619311e-01 -3.834644e-01
   outer loop
     vertex -4.933569e+01  6.533101e+01 -1.363333e+01
     vertex -4.458880e+01  7.201339e+01 -2.045000e+01
     vertex -4.309725e+01  6.960444e+01 -1.363333e+01
   endloop
 endfacet
 facet normal  5.219349e-01 -7.619311e-01 -3.834644e-01
   outer loop
     vertex -4.933569e+01  6.533101e+01 -1.363333e+01
     vertex -5.104315e+01  6.759206e+01 -2.045000e+01
     vertex -4.458880e+01  7.201339e+01 -2.045000e+01
   endloop
 endfacet
 facet normal  5.900106e-01 -7.105227e-01 -3.834644e-01
   outer loop
     vertex -5.706202e+01  6.259406e+01 -2.045000e+01
     vertex -5.275062e+01  6.985311e+01 -2.726667e+01
     vertex -5.104315e+01  6.759206e+01 -2.045000e+01
   endloop
 endfacet
 facet normal  5.900106e-01 -7.105227e-01 -3.834644e-01
   outer loop
     vertex -5.706202e+01  6.259406e+01 -2.045000e+01
     vertex -5.897083e+01  6.468791e+01 -2.726667e+01
     vertex -5.275062e+01  6.985311e+01 -2.726667e+01
   endloop
 endfacet
 facet normal  6.530525e-01 -6.530525e-01 -3.834644e-01
   outer loop
     vertex -6.468791e+01  5.897083e+01 -2.726667e+01
     vertex -5.897083e+01  6.468791e+01 -2.726667e+01
     vertex -5.706202e+01  6.259406e+01 -2.045000e+01
   endloop
 endfacet
 facet normal  6.530525e-01 -6.530525e-01 -3.834644e-01
   outer loop
     vertex -6.468791e+01  5.897083e+01 -2.726667e+01
     vertex -6.678177e+01  6.087963e+01 -3.408333e+01
     vertex -6.087963e+01  6.678177e+01 -3.408333e+01
   endloop
 endfacet
 facet normal  6.530525e-01 -6.530525e-01 -3.834644e-01
   outer loop
     vertex -6.468791e+01  5.897083e+01 -2.726667e+01
     vertex -6.087963e+01  6.678177e+01 -3.408333e+01
     vertex -5.897083e+01  6.468791e+01 -2.726667e+01
   endloop
 endfacet
 facet normal  7.068626e-01 -5.869713e-01 -3.947277e-01
   outer loop
     vertex -7.211416e+01  5.445808e+01 -3.408333e+01
     vertex -7.139534e+01  5.990781e+01 -4.090000e+01
     vertex -6.678177e+01  6.087963e+01 -3.408333e+01
   endloop
 endfacet
 facet normal  7.105227e-01 -5.900106e-01 -3.834644e-01
   outer loop
     vertex -7.211416e+01  5.445808e+01 -3.408333e+01
     vertex -6.678177e+01  6.087963e+01 -3.408333e+01
     vertex -6.468791e+01  5.897083e+01 -2.726667e+01
   endloop
 endfacet
 facet normal  7.218568e-01 -5.756616e-01 -3.841048e-01
   outer loop
     vertex -7.211416e+01  5.445808e+01 -3.408333e+01
     vertex -7.429275e+01  5.627457e+01 -4.090000e+01
     vertex -7.139534e+01  5.990781e+01 -4.090000e+01
   endloop
 endfacet
 facet normal  7.499114e-01 -5.391496e-01 -3.833414e-01
   outer loop
     vertex -7.211416e+01  5.445808e+01 -3.408333e+01
     vertex -7.700545e+01  5.250143e+01 -4.090000e+01
     vertex -7.429275e+01  5.627457e+01 -4.090000e+01
   endloop
 endfacet
 facet normal  5.568737e-01 -7.351753e-01 -3.865346e-01
   outer loop
     vertex -4.762822e+01  6.306996e+01 -6.816667e+00
     vertex -4.448127e+01  6.186968e+01  0.000000e+00
     vertex -4.750992e+01  5.957556e+01  0.000000e+00
   endloop
 endfacet
 facet normal  5.219349e-01 -7.619311e-01 -3.834644e-01
   outer loop
     vertex -4.762822e+01  6.306996e+01 -6.816667e+00
     vertex -4.933569e+01  6.533101e+01 -1.363333e+01
     vertex -4.309725e+01  6.960444e+01 -1.363333e+01
   endloop
 endfacet
 facet normal  5.235955e-01 -7.643552e-01 -3.763095e-01
   outer loop
     vertex -4.762822e+01  6.306996e+01 -6.816667e+00
     vertex -4.160569e+01  6.719549e+01 -6.816667e+00
     vertex -4.448127e+01  6.186968e+01  0.000000e+00
   endloop
 endfacet
 facet normal  5.219349e-01 -7.619311e-01 -3.834644e-01
   outer loop
     vertex -4.762822e+01  6.306996e+01 -6.816667e+00
     vertex -4.309725e+01  6.960444e+01 -1.363333e+01
     vertex -4.160569e+01  6.719549e+01 -6.816667e+00
   endloop
 endfacet
 facet normal  5.900106e-01 -7.105227e-01 -3.834644e-01
   outer loop
     vertex -5.515322e+01  6.050020e+01 -1.363333e+01
     vertex -4.933569e+01  6.533101e+01 -1.363333e+01
     vertex -4.762822e+01  6.306996e+01 -6.816667e+00
   endloop
 endfacet
 facet normal  5.900106e-01 -7.105227e-01 -3.834644e-01
   outer loop
     vertex -5.515322e+01  6.050020e+01 -1.363333e+01
     vertex -5.104315e+01  6.759206e+01 -2.045000e+01
     vertex -4.933569e+01  6.533101e+01 -1.363333e+01
   endloop
 endfacet
 facet normal  5.900106e-01 -7.105227e-01 -3.834644e-01
   outer loop
     vertex -5.515322e+01  6.050020e+01 -1.363333e+01
     vertex -5.706202e+01  6.259406e+01 -2.045000e+01
     vertex -5.104315e+01  6.759206e+01 -2.045000e+01
   endloop
 endfacet
 facet normal  6.530525e-01 -6.530525e-01 -3.834644e-01
   outer loop
     vertex -6.259406e+01  5.706202e+01 -2.045000e+01
     vertex -6.468791e+01  5.897083e+01 -2.726667e+01
     vertex -5.706202e+01  6.259406e+01 -2.045000e+01
   endloop
 endfacet
 facet normal  7.105227e-01 -5.900106e-01 -3.834644e-01
   outer loop
     vertex -6.985311e+01  5.275062e+01 -2.726667e+01
     vertex -7.211416e+01  5.445808e+01 -3.408333e+01
     vertex -6.468791e+01  5.897083e+01 -2.726667e+01
   endloop
 endfacet
 facet normal  7.761940e-01 -5.013193e-01 -3.823634e-01
   outer loop
     vertex -7.683129e+01  4.757192e+01 -3.408333e+01
     vertex -7.952671e+01  4.859776e+01 -4.090000e+01
     vertex -7.700545e+01  5.250143e+01 -4.090000e+01
   endloop
 endfacet
 facet normal  7.991187e-01 -4.613714e-01 -3.854165e-01
   outer loop
     vertex -7.683129e+01  4.757192e+01 -3.408333e+01
     vertex -8.185025e+01  4.457327e+01 -4.090000e+01
     vertex -7.952671e+01  4.859776e+01 -4.090000e+01
   endloop
 endfacet
 facet normal  7.579657e-01 -5.192186e-01 -3.948417e-01
   outer loop
     vertex -7.683129e+01  4.757192e+01 -3.408333e+01
     vertex -7.700545e+01  5.250143e+01 -4.090000e+01
     vertex -7.211416e+01  5.445808e+01 -3.408333e+01
   endloop
 endfacet
 facet normal  7.619311e-01 -5.219349e-01 -3.834644e-01
   outer loop
     vertex -7.683129e+01  4.757192e+01 -3.408333e+01
     vertex -7.211416e+01  5.445808e+01 -3.408333e+01
     vertex -6.985311e+01  5.275062e+01 -2.726667e+01
   endloop
 endfacet
 facet normal  5.900106e-01 -7.105227e-01 -3.834644e-01
   outer loop
     vertex -5.324441e+01  5.840634e+01 -6.816667e+00
     vertex -5.515322e+01  6.050020e+01 -1.363333e+01
     vertex -4.762822e+01  6.306996e+01 -6.816667e+00
   endloop
 endfacet
 facet normal  5.948767e-01 -7.089464e-01 -3.788360e-01
   outer loop
     vertex -5.324441e+01  5.840634e+01 -6.816667e+00
     vertex -4.750992e+01  5.957556e+01  0.000000e+00
     vertex -5.042046e+01  5.713333e+01  0.000000e+00
   endloop
 endfacet
 facet normal  6.274038e-01 -6.761805e-01 -3.861921e-01
   outer loop
     vertex -5.324441e+01  5.840634e+01 -6.816667e+00
     vertex -5.042046e+01  5.713333e+01  0.000000e+00
     vertex -5.320565e+01  5.454905e+01  0.000000e+00
   endloop
 endfacet
 facet normal  5.920316e-01 -7.129565e-01 -3.757548e-01
   outer loop
     vertex -5.324441e+01  5.840634e+01 -6.816667e+00
     vertex -4.762822e+01  6.306996e+01 -6.816667e+00
     vertex -4.750992e+01  5.957556e+01  0.000000e+00
   endloop
 endfacet
 facet normal  6.530525e-01 -6.530525e-01 -3.834644e-01
   outer loop
     vertex -6.050020e+01  5.515322e+01 -1.363333e+01
     vertex -5.706202e+01  6.259406e+01 -2.045000e+01
     vertex -5.515322e+01  6.050020e+01 -1.363333e+01
   endloop
 endfacet
 facet normal  6.530525e-01 -6.530525e-01 -3.834644e-01
   outer loop
     vertex -6.050020e+01  5.515322e+01 -1.363333e+01
     vertex -6.259406e+01  5.706202e+01 -2.045000e+01
     vertex -5.706202e+01  6.259406e+01 -2.045000e+01
   endloop
 endfacet
 facet normal  7.105227e-01 -5.900106e-01 -3.834644e-01
   outer loop
     vertex -6.759206e+01  5.104315e+01 -2.045000e+01
     vertex -6.985311e+01  5.275062e+01 -2.726667e+01
     vertex -6.468791e+01  5.897083e+01 -2.726667e+01
   endloop
 endfacet
 facet normal  7.105227e-01 -5.900106e-01 -3.834644e-01
   outer loop
     vertex -6.759206e+01  5.104315e+01 -2.045000e+01
     vertex -6.468791e+01  5.897083e+01 -2.726667e+01
     vertex -6.259406e+01  5.706202e+01 -2.045000e+01
   endloop
 endfacet
 facet normal  7.619311e-01 -5.219349e-01 -3.834644e-01
   outer loop
     vertex -7.442234e+01  4.608036e+01 -2.726667e+01
     vertex -6.985311e+01  5.275062e+01 -2.726667e+01
     vertex -6.759206e+01  5.104315e+01 -2.045000e+01
   endloop
 endfacet
 facet normal  7.619311e-01 -5.219349e-01 -3.834644e-01
   outer loop
     vertex -7.442234e+01  4.608036e+01 -2.726667e+01
     vertex -7.683129e+01  4.757192e+01 -3.408333e+01
     vertex -6.985311e+01  5.275062e+01 -2.726667e+01
   endloop
 endfacet
 facet normal  8.028110e-01 -4.471628e-01 -3.943854e-01
   outer loop
     vertex -8.089292e+01  4.027989e+01 -3.408333e+01
     vertex -8.185025e+01  4.457327e+01 -4.090000e+01
     vertex -7.683129e+01  4.757192e+01 -3.408333e+01
   endloop
 endfacet
 facet normal  8.226867e-01 -4.217669e-01 -3.811815e-01
   outer loop
     vertex -8.089292e+01  4.027989e+01 -3.408333e+01
     vertex -8.397030e+01  4.043796e+01 -4.090000e+01
     vertex -8.185025e+01  4.457327e+01 -4.090000e+01
   endloop
 endfacet
 facet normal  8.400811e-01 -3.790590e-01 -3.880438e-01
   outer loop
     vertex -8.089292e+01  4.027989e+01 -3.408333e+01
     vertex -8.588158e+01  3.620212e+01 -4.090000e+01
     vertex -8.397030e+01  4.043796e+01 -4.090000e+01
   endloop
 endfacet
 facet normal  6.555909e-01 -6.555909e-01 -3.747015e-01
   outer loop
     vertex -5.840634e+01  5.324441e+01 -6.816667e+00
     vertex -5.324441e+01  5.840634e+01 -6.816667e+00
     vertex -5.320565e+01  5.454905e+01  0.000000e+00
   endloop
 endfacet
 facet normal  6.530525e-01 -6.530525e-01 -3.834644e-01
   outer loop
     vertex -5.840634e+01  5.324441e+01 -6.816667e+00
     vertex -6.050020e+01  5.515322e+01 -1.363333e+01
     vertex -5.515322e+01  6.050020e+01 -1.363333e+01
   endloop
 endfacet
 facet normal  6.617688e-01 -6.454711e-01 -3.813517e-01
   outer loop
     vertex -5.840634e+01  5.324441e+01 -6.816667e+00
     vertex -5.320565e+01  5.454905e+01  0.000000e+00
     vertex -5.585855e+01  5.182916e+01  0.000000e+00
   endloop
 endfacet
 facet normal  6.918729e-01 -6.105815e-01 -3.853598e-01
   outer loop
     vertex -5.840634e+01  5.324441e+01 -6.816667e+00
     vertex -5.585855e+01  5.182916e+01  0.000000e+00
     vertex -5.837259e+01  4.898042e+01  0.000000e+00
   endloop
 endfacet
 facet normal  6.530525e-01 -6.530525e-01 -3.834644e-01
   outer loop
     vertex -5.840634e+01  5.324441e+01 -6.816667e+00
     vertex -5.515322e+01  6.050020e+01 -1.363333e+01
     vertex -5.324441e+01  5.840634e+01 -6.816667e+00
   endloop
 endfacet
 facet normal  7.105227e-01 -5.900106e-01 -3.834644e-01
   outer loop
     vertex -6.533101e+01  4.933569e+01 -1.363333e+01
     vertex -6.259406e+01  5.706202e+01 -2.045000e+01
     vertex -6.050020e+01  5.515322e+01 -1.363333e+01
   endloop
 endfacet
 facet normal  7.105227e-01 -5.900106e-01 -3.834644e-01
   outer loop
     vertex -6.533101e+01  4.933569e+01 -1.363333e+01
     vertex -6.759206e+01  5.104315e+01 -2.045000e+01
     vertex -6.259406e+01  5.706202e+01 -2.045000e+01
   endloop
 endfacet
 facet normal  7.105227e-01 -5.900106e-01 -3.834644e-01
   outer loop
     vertex -6.533101e+01  4.933569e+01 -1.363333e+01
     vertex -6.050020e+01  5.515322e+01 -1.363333e+01
     vertex -5.840634e+01  5.324441e+01 -6.816667e+00
   endloop
 endfacet
 facet normal  7.619311e-01 -5.219349e-01 -3.834644e-01
   outer loop
     vertex -7.201339e+01  4.458880e+01 -2.045000e+01
     vertex -7.442234e+01  4.608036e+01 -2.726667e+01
     vertex -6.759206e+01  5.104315e+01 -2.045000e+01
   endloop
 endfacet
 facet normal  8.068389e-01 -4.494063e-01 -3.834644e-01
   outer loop
     vertex -7.835663e+01  3.901696e+01 -2.726667e+01
     vertex -7.683129e+01  4.757192e+01 -3.408333e+01
     vertex -7.442234e+01  4.608036e+01 -2.726667e+01
   endloop
 endfacet
 facet normal  8.068389e-01 -4.494063e-01 -3.834644e-01
   outer loop
     vertex -7.835663e+01  3.901696e+01 -2.726667e+01
     vertex -8.089292e+01  4.027989e+01 -3.408333e+01
     vertex -7.683129e+01  4.757192e+01 -3.408333e+01
   endloop
 endfacet
 facet normal  8.068389e-01 -4.494063e-01 -3.834644e-01
   outer loop
     vertex -7.835663e+01  3.901696e+01 -2.726667e+01
     vertex -7.442234e+01  4.608036e+01 -2.726667e+01
     vertex -7.201339e+01  4.458880e+01 -2.045000e+01
   endloop
 endfacet
 facet normal  8.410482e-01 -3.713591e-01 -3.933577e-01
   outer loop
     vertex -8.426441e+01  3.264421e+01 -3.408333e+01
     vertex -8.588158e+01  3.620212e+01 -4.090000e+01
     vertex -8.089292e+01  4.027989e+01 -3.408333e+01
   endloop
 endfacet
 facet normal  8.608307e-01 -3.378512e-01 -3.805615e-01
   outer loop
     vertex -8.426441e+01  3.264421e+01 -3.408333e+01
     vertex -8.757935e+01  3.187628e+01 -4.090000e+01
     vertex -8.588158e+01  3.620212e+01 -4.090000e+01
   endloop
 endfacet
 facet normal  8.723760e-01 -2.931028e-01 -3.912171e-01
   outer loop
     vertex -8.426441e+01  3.264421e+01 -3.408333e+01
     vertex -8.905939e+01  2.747118e+01 -4.090000e+01
     vertex -8.757935e+01  3.187628e+01 -4.090000e+01
   endloop
 endfacet
 facet normal  7.105227e-01 -5.900106e-01 -3.834644e-01
   outer loop
     vertex -6.306996e+01  4.762822e+01 -6.816667e+00
     vertex -6.533101e+01  4.933569e+01 -1.363333e+01
     vertex -5.840634e+01  5.324441e+01 -6.816667e+00
   endloop
 endfacet
 facet normal  7.134632e-01 -5.924523e-01 -3.741264e-01
   outer loop
     vertex -6.306996e+01  4.762822e+01 -6.816667e+00
     vertex -5.840634e+01  5.324441e+01 -6.816667e+00
     vertex -5.837259e+01  4.898042e+01  0.000000e+00
   endloop
 endfacet
 facet normal  7.220961e-01 -5.758524e-01 -3.833682e-01
   outer loop
     vertex -6.306996e+01  4.762822e+01 -6.816667e+00
     vertex -5.837259e+01  4.898042e+01  0.000000e+00
     vertex -6.074150e+01  4.600990e+01  0.000000e+00
   endloop
 endfacet
 facet normal  7.496771e-01 -5.389811e-01 -3.840359e-01
   outer loop
     vertex -6.306996e+01  4.762822e+01 -6.816667e+00
     vertex -6.074150e+01  4.600990e+01  0.000000e+00
     vertex -6.295939e+01  4.292499e+01  0.000000e+00
   endloop
 endfacet
 facet normal  7.619311e-01 -5.219349e-01 -3.834644e-01
   outer loop
     vertex -6.960444e+01  4.309725e+01 -1.363333e+01
     vertex -7.201339e+01  4.458880e+01 -2.045000e+01
     vertex -6.759206e+01  5.104315e+01 -2.045000e+01
   endloop
 endfacet
 facet normal  7.619311e-01 -5.219349e-01 -3.834644e-01
   outer loop
     vertex -6.960444e+01  4.309725e+01 -1.363333e+01
     vertex -6.759206e+01  5.104315e+01 -2.045000e+01
     vertex -6.533101e+01  4.933569e+01 -1.363333e+01
   endloop
 endfacet
 facet normal  8.068389e-01 -4.494063e-01 -3.834644e-01
   outer loop
     vertex -7.582033e+01  3.775404e+01 -2.045000e+01
     vertex -7.835663e+01  3.901696e+01 -2.726667e+01
     vertex -7.201339e+01  4.458880e+01 -2.045000e+01
   endloop
 endfacet
 facet normal  8.448631e-01 -3.730435e-01 -3.834644e-01
   outer loop
     vertex -8.162240e+01  3.162069e+01 -2.726667e+01
     vertex -8.089292e+01  4.027989e+01 -3.408333e+01
     vertex -7.835663e+01  3.901696e+01 -2.726667e+01
   endloop
 endfacet
 facet normal  8.448631e-01 -3.730435e-01 -3.834644e-01
   outer loop
     vertex -8.162240e+01  3.162069e+01 -2.726667e+01
     vertex -8.426441e+01  3.264421e+01 -3.408333e+01
     vertex -8.089292e+01  4.027989e+01 -3.408333e+01
   endloop
 endfacet
 facet normal  8.723733e-01 -2.923901e-01 -3.917561e-01
   outer loop
     vertex -8.691698e+01  2.473001e+01 -3.408333e+01
     vertex -8.905939e+01  2.747118e+01 -4.090000e+01
     vertex -8.426441e+01  3.264421e+01 -3.408333e+01
   endloop
 endfacet
 facet normal  8.902145e-01 -2.504675e-01 -3.805052e-01
   outer loop
     vertex -8.691698e+01  2.473001e+01 -3.408333e+01
     vertex -9.031800e+01  2.299779e+01 -4.090000e+01
     vertex -8.905939e+01  2.747118e+01 -4.090000e+01
   endloop
 endfacet
 facet normal  7.619311e-01 -5.219349e-01 -3.834644e-01
   outer loop
     vertex -6.719549e+01  4.160569e+01 -6.816667e+00
     vertex -6.533101e+01  4.933569e+01 -1.363333e+01
     vertex -6.306996e+01  4.762822e+01 -6.816667e+00
   endloop
 endfacet
 facet normal  7.619311e-01 -5.219349e-01 -3.834644e-01
   outer loop
     vertex -6.719549e+01  4.160569e+01 -6.816667e+00
     vertex -6.960444e+01  4.309725e+01 -1.363333e+01
     vertex -6.533101e+01  4.933569e+01 -1.363333e+01
   endloop
 endfacet
 facet normal  7.651162e-01 -5.241168e-01 -3.740305e-01
   outer loop
     vertex -6.719549e+01  4.160569e+01 -6.816667e+00
     vertex -6.306996e+01  4.762822e+01 -6.816667e+00
     vertex -6.295939e+01  4.292499e+01  0.000000e+00
   endloop
 endfacet
 facet normal  7.753126e-01 -5.007500e-01 -3.848893e-01
   outer loop
     vertex -6.719549e+01  4.160569e+01 -6.816667e+00
     vertex -6.295939e+01  4.292499e+01  0.000000e+00
     vertex -6.502077e+01  3.973336e+01  0.000000e+00
   endloop
 endfacet
 facet normal  8.002700e-01 -4.620361e-01 -3.822180e-01
   outer loop
     vertex -6.719549e+01  4.160569e+01 -6.816667e+00
     vertex -6.502077e+01  3.973336e+01  0.000000e+00
     vertex -6.692048e+01  3.644295e+01  0.000000e+00
   endloop
 endfacet
 facet normal  8.068389e-01 -4.494063e-01 -3.834644e-01
   outer loop
     vertex -7.328403e+01  3.649111e+01 -1.363333e+01
     vertex -7.582033e+01  3.775404e+01 -2.045000e+01
     vertex -7.201339e+01  4.458880e+01 -2.045000e+01
   endloop
 endfacet
 facet normal  8.068389e-01 -4.494063e-01 -3.834644e-01
   outer loop
     vertex -7.328403e+01  3.649111e+01 -1.363333e+01
     vertex -7.201339e+01  4.458880e+01 -2.045000e+01
     vertex -6.960444e+01  4.309725e+01 -1.363333e+01
   endloop
 endfacet
 facet normal  8.068389e-01 -4.494063e-01 -3.834644e-01
   outer loop
     vertex -7.328403e+01  3.649111e+01 -1.363333e+01
     vertex -6.960444e+01  4.309725e+01 -1.363333e+01
     vertex -6.719549e+01  4.160569e+01 -6.816667e+00
   endloop
 endfacet
 facet normal  8.448631e-01 -3.730435e-01 -3.834644e-01
   outer loop
     vertex -7.898040e+01  3.059717e+01 -2.045000e+01
     vertex -7.835663e+01  3.901696e+01 -2.726667e+01
     vertex -7.582033e+01  3.775404e+01 -2.045000e+01
   endloop
 endfacet
 facet normal  8.448631e-01 -3.730435e-01 -3.834644e-01
   outer loop
     vertex -7.898040e+01  3.059717e+01 -2.045000e+01
     vertex -8.162240e+01  3.162069e+01 -2.726667e+01
     vertex -7.835663e+01  3.901696e+01 -2.726667e+01
   endloop
 endfacet
 facet normal  8.756791e-01 -2.934981e-01 -3.834644e-01
   outer loop
     vertex -8.419180e+01  2.395463e+01 -2.726667e+01
     vertex -8.426441e+01  3.264421e+01 -3.408333e+01
     vertex -8.162240e+01  3.162069e+01 -2.726667e+01
   endloop
 endfacet
 facet normal  8.756791e-01 -2.934981e-01 -3.834644e-01
   outer loop
     vertex -8.419180e+01  2.395463e+01 -2.726667e+01
     vertex -8.691698e+01  2.473001e+01 -3.408333e+01
     vertex -8.426441e+01  3.264421e+01 -3.408333e+01
   endloop
 endfacet
 facet normal  8.990242e-01 -2.114486e-01 -3.834644e-01
   outer loop
     vertex -8.882800e+01  1.660483e+01 -3.408333e+01
     vertex -8.691698e+01  2.473001e+01 -3.408333e+01
     vertex -8.419180e+01  2.395463e+01 -2.726667e+01
   endloop
 endfacet
 facet normal  8.950791e-01 -2.105207e-01 -3.930834e-01
   outer loop
     vertex -8.882800e+01  1.660483e+01 -3.408333e+01
     vertex -9.031800e+01  2.299779e+01 -4.090000e+01
     vertex -8.691698e+01  2.473001e+01 -3.408333e+01
   endloop
 endfacet
 facet normal  8.982906e-01 -2.050290e-01 -3.886350e-01
   outer loop
     vertex -8.882800e+01  1.660483e+01 -3.408333e+01
     vertex -9.135208e+01  1.846722e+01 -4.090000e+01
     vertex -9.031800e+01  2.299779e+01 -4.090000e+01
   endloop
 endfacet
 facet normal  9.105236e-01 -1.605499e-01 -3.810124e-01
   outer loop
     vertex -8.882800e+01  1.660483e+01 -3.408333e+01
     vertex -9.215903e+01  1.389074e+01 -4.090000e+01
     vertex -9.135208e+01  1.846722e+01 -4.090000e+01
   endloop
 endfacet
 facet normal  8.068389e-01 -4.494063e-01 -3.834644e-01
   outer loop
     vertex -7.074774e+01  3.522819e+01 -6.816667e+00
     vertex -7.328403e+01  3.649111e+01 -1.363333e+01
     vertex -6.719549e+01  4.160569e+01 -6.816667e+00
   endloop
 endfacet
 facet normal  8.100765e-01 -4.512097e-01 -3.744140e-01
   outer loop
     vertex -7.074774e+01  3.522819e+01 -6.816667e+00
     vertex -6.719549e+01  4.160569e+01 -6.816667e+00
     vertex -6.692048e+01  3.644295e+01  0.000000e+00
   endloop
 endfacet
 facet normal  8.209362e-01 -4.208694e-01 -3.859180e-01
   outer loop
     vertex -7.074774e+01  3.522819e+01 -6.816667e+00
     vertex -6.692048e+01  3.644295e+01  0.000000e+00
     vertex -6.865383e+01  3.306194e+01  0.000000e+00
   endloop
 endfacet
 facet normal  8.431671e-01 -3.804515e-01 -3.799025e-01
   outer loop
     vertex -7.074774e+01  3.522819e+01 -6.816667e+00
     vertex -6.865383e+01  3.306194e+01  0.000000e+00
     vertex -7.021649e+01  2.959873e+01  0.000000e+00
   endloop
 endfacet
 facet normal  8.448631e-01 -3.730435e-01 -3.834644e-01
   outer loop
     vertex -7.633839e+01  2.957365e+01 -1.363333e+01
     vertex -7.582033e+01  3.775404e+01 -2.045000e+01
     vertex -7.328403e+01  3.649111e+01 -1.363333e+01
   endloop
 endfacet
 facet normal  8.448631e-01 -3.730435e-01 -3.834644e-01
   outer loop
     vertex -7.633839e+01  2.957365e+01 -1.363333e+01
     vertex -7.898040e+01  3.059717e+01 -2.045000e+01
     vertex -7.582033e+01  3.775404e+01 -2.045000e+01
   endloop
 endfacet
 facet normal  8.756791e-01 -2.934981e-01 -3.834644e-01
   outer loop
     vertex -8.146663e+01  2.317926e+01 -2.045000e+01
     vertex -8.162240e+01  3.162069e+01 -2.726667e+01
     vertex -7.898040e+01  3.059717e+01 -2.045000e+01
   endloop
 endfacet
 facet normal  8.756791e-01 -2.934981e-01 -3.834644e-01
   outer loop
     vertex -8.146663e+01  2.317926e+01 -2.045000e+01
     vertex -8.419180e+01  2.395463e+01 -2.726667e+01
     vertex -8.162240e+01  3.162069e+01 -2.726667e+01
   endloop
 endfacet
 facet normal  8.990242e-01 -2.114486e-01 -3.834644e-01
   outer loop
     vertex -8.604291e+01  1.608421e+01 -2.726667e+01
     vertex -8.882800e+01  1.660483e+01 -3.408333e+01
     vertex -8.419180e+01  2.395463e+01 -2.726667e+01
   endloop
 endfacet
 facet normal  8.990242e-01 -2.114486e-01 -3.834644e-01
   outer loop
     vertex -8.604291e+01  1.608421e+01 -2.726667e+01
     vertex -8.419180e+01  2.395463e+01 -2.726667e+01
     vertex -8.146663e+01  2.317926e+01 -2.045000e+01
   endloop
 endfacet
 facet normal  9.102007e-01 -1.269676e-01 -3.942256e-01
   outer loop
     vertex -8.998118e+01  8.337984e+00 -3.408333e+01
     vertex -9.215903e+01  1.389074e+01 -4.090000e+01
     vertex -8.882800e+01  1.660483e+01 -3.408333e+01
   endloop
 endfacet
 facet normal  9.153818e-01 -1.147122e-01 -3.858979e-01
   outer loop
     vertex -8.998118e+01  8.337984e+00 -3.408333e+01
     vertex -9.273687e+01  9.279723e+00 -4.090000e+01
     vertex -9.215903e+01  1.389074e+01 -4.090000e+01
   endloop
 endfacet
 facet normal  9.215443e-01 -6.906020e-02 -3.820822e-01
   outer loop
     vertex -8.998118e+01  8.337984e+00 -3.408333e+01
     vertex -9.308415e+01  4.645637e+00 -4.090000e+01
     vertex -9.273687e+01  9.279723e+00 -4.090000e+01
   endloop
 endfacet
 facet normal  8.448631e-01 -3.730435e-01 -3.834644e-01
   outer loop
     vertex -7.369639e+01  2.855013e+01 -6.816667e+00
     vertex -7.328403e+01  3.649111e+01 -1.363333e+01
     vertex -7.074774e+01  3.522819e+01 -6.816667e+00
   endloop
 endfacet
 facet normal  8.585520e-01 -3.369568e-01 -3.864563e-01
   outer loop
     vertex -7.369639e+01  2.855013e+01 -6.816667e+00
     vertex -7.021649e+01  2.959873e+01  0.000000e+00
     vertex -7.160458e+01  2.606193e+01  0.000000e+00
   endloop
 endfacet
 facet normal  8.779501e-01 -2.949755e-01 -3.770850e-01
   outer loop
     vertex -7.369639e+01  2.855013e+01 -6.816667e+00
     vertex -7.160458e+01  2.606193e+01  0.000000e+00
     vertex -7.281465e+01  2.246034e+01  0.000000e+00
   endloop
 endfacet
 facet normal  8.448631e-01 -3.730435e-01 -3.834644e-01
   outer loop
     vertex -7.369639e+01  2.855013e+01 -6.816667e+00
     vertex -7.633839e+01  2.957365e+01 -1.363333e+01
     vertex -7.328403e+01  3.649111e+01 -1.363333e+01
   endloop
 endfacet
 facet normal  8.479344e-01 -3.743996e-01 -3.752762e-01
   outer loop
     vertex -7.369639e+01  2.855013e+01 -6.816667e+00
     vertex -7.074774e+01  3.522819e+01 -6.816667e+00
     vertex -7.021649e+01  2.959873e+01  0.000000e+00
   endloop
 endfacet
 facet normal  8.756791e-01 -2.934981e-01 -3.834644e-01
   outer loop
     vertex -7.874146e+01  2.240388e+01 -1.363333e+01
     vertex -7.898040e+01  3.059717e+01 -2.045000e+01
     vertex -7.633839e+01  2.957365e+01 -1.363333e+01
   endloop
 endfacet
 facet normal  8.756791e-01 -2.934981e-01 -3.834644e-01
   outer loop
     vertex -7.874146e+01  2.240388e+01 -1.363333e+01
     vertex -8.146663e+01  2.317926e+01 -2.045000e+01
     vertex -7.898040e+01  3.059717e+01 -2.045000e+01
   endloop
 endfacet
 facet normal  8.756791e-01 -2.934981e-01 -3.834644e-01
   outer loop
     vertex -7.874146e+01  2.240388e+01 -1.363333e+01
     vertex -7.633839e+01  2.957365e+01 -1.363333e+01
     vertex -7.369639e+01  2.855013e+01 -6.816667e+00
   endloop
 endfacet
 facet normal  8.990242e-01 -2.114486e-01 -3.834644e-01
   outer loop
     vertex -8.325782e+01  1.556358e+01 -2.045000e+01
     vertex -8.604291e+01  1.608421e+01 -2.726667e+01
     vertex -8.146663e+01  2.317926e+01 -2.045000e+01
   endloop
 endfacet
 facet normal  9.146992e-01 -1.275951e-01 -3.834644e-01
   outer loop
     vertex -8.715993e+01  8.076557e+00 -2.726667e+01
     vertex -8.882800e+01  1.660483e+01 -3.408333e+01
     vertex -8.604291e+01  1.608421e+01 -2.726667e+01
   endloop
 endfacet
 facet normal  9.146992e-01 -1.275951e-01 -3.834644e-01
   outer loop
     vertex -8.715993e+01  8.076557e+00 -2.726667e+01
     vertex -8.998118e+01  8.337984e+00 -3.408333e+01
     vertex -8.882800e+01  1.660483e+01 -3.408333e+01
   endloop
 endfacet
 facet normal  9.177884e-01 -4.243192e-02 -3.947961e-01
   outer loop
     vertex -9.036667e+01 -1.494567e-13 -3.408333e+01
     vertex -9.308415e+01  4.645637e+00 -4.090000e+01
     vertex -8.998118e+01  8.337984e+00 -3.408333e+01
   endloop
 endfacet
 facet normal  9.231658e-01 -2.302232e-02 -3.837120e-01
   outer loop
     vertex -9.036667e+01 -1.494567e-13 -3.408333e+01
     vertex -9.320000e+01 -3.196992e-13 -4.090000e+01
     vertex -9.308415e+01  4.645637e+00 -4.090000e+01
   endloop
 endfacet
 facet normal  9.231658e-01  2.302232e-02 -3.837120e-01
   outer loop
     vertex -9.036667e+01 -1.494567e-13 -3.408333e+01
     vertex -9.308415e+01 -4.645637e+00 -4.090000e+01
     vertex -9.320000e+01 -3.196992e-13 -4.090000e+01
   endloop
 endfacet
 facet normal  8.878160e-01 -2.497927e-01 -3.865052e-01
   outer loop
     vertex -7.601629e+01  2.162850e+01 -6.816667e+00
     vertex -7.281465e+01  2.246034e+01  0.000000e+00
     vertex -7.384369e+01  1.880291e+01  0.000000e+00
   endloop
 endfacet
 facet normal  8.783473e-01 -2.943923e-01 -3.766154e-01
   outer loop
     vertex -7.601629e+01  2.162850e+01 -6.816667e+00
     vertex -7.369639e+01  2.855013e+01 -6.816667e+00
     vertex -7.281465e+01  2.246034e+01  0.000000e+00
   endloop
 endfacet
 facet normal  8.756791e-01 -2.934981e-01 -3.834644e-01
   outer loop
     vertex -7.601629e+01  2.162850e+01 -6.816667e+00
     vertex -7.874146e+01  2.240388e+01 -1.363333e+01
     vertex -7.369639e+01  2.855013e+01 -6.816667e+00
   endloop
 endfacet
 facet normal  8.990242e-01 -2.114486e-01 -3.834644e-01
   outer loop
     vertex -8.047273e+01  1.504296e+01 -1.363333e+01
     vertex -8.146663e+01  2.317926e+01 -2.045000e+01
     vertex -7.874146e+01  2.240388e+01 -1.363333e+01
   endloop
 endfacet
 facet normal  8.990242e-01 -2.114486e-01 -3.834644e-01
   outer loop
     vertex -8.047273e+01  1.504296e+01 -1.363333e+01
     vertex -8.325782e+01  1.556358e+01 -2.045000e+01
     vertex -8.146663e+01  2.317926e+01 -2.045000e+01
   endloop
 endfacet
 facet normal  9.146992e-01 -1.275951e-01 -3.834644e-01
   outer loop
     vertex -8.433868e+01  7.815130e+00 -2.045000e+01
     vertex -8.715993e+01  8.076557e+00 -2.726667e+01
     vertex -8.604291e+01  1.608421e+01 -2.726667e+01
   endloop
 endfacet
 facet normal  9.146992e-01 -1.275951e-01 -3.834644e-01
   outer loop
     vertex -8.433868e+01  7.815130e+00 -2.045000e+01
     vertex -8.604291e+01  1.608421e+01 -2.726667e+01
     vertex -8.325782e+01  1.556358e+01 -2.045000e+01
   endloop
 endfacet
 facet normal  9.225702e-01 -4.265299e-02 -3.834644e-01
   outer loop
     vertex -8.753333e+01 -1.447707e-13 -2.726667e+01
     vertex -8.998118e+01  8.337984e+00 -3.408333e+01
     vertex -8.715993e+01  8.076557e+00 -2.726667e+01
   endloop
 endfacet
 facet normal  9.225702e-01 -4.265299e-02 -3.834644e-01
   outer loop
     vertex -8.753333e+01 -1.447707e-13 -2.726667e+01
     vertex -9.036667e+01 -1.494567e-13 -3.408333e+01
     vertex -8.998118e+01  8.337984e+00 -3.408333e+01
   endloop
 endfacet
 facet normal  9.225702e-01  4.265299e-02 -3.834644e-01
   outer loop
     vertex -8.998118e+01 -8.337984e+00 -3.408333e+01
     vertex -9.036667e+01 -1.494567e-13 -3.408333e+01
     vertex -8.753333e+01 -1.447707e-13 -2.726667e+01
   endloop
 endfacet
 facet normal  9.177884e-01  4.243192e-02 -3.947961e-01
   outer loop
     vertex -8.998118e+01 -8.337984e+00 -3.408333e+01
     vertex -9.308415e+01 -4.645637e+00 -4.090000e+01
     vertex -9.036667e+01 -1.494567e-13 -3.408333e+01
   endloop
 endfacet
 facet normal  9.215443e-01  6.906020e-02 -3.820822e-01
   outer loop
     vertex -8.998118e+01 -8.337984e+00 -3.408333e+01
     vertex -9.273687e+01 -9.279723e+00 -4.090000e+01
     vertex -9.308415e+01 -4.645637e+00 -4.090000e+01
   endloop
 endfacet
 facet normal  9.153818e-01  1.147122e-01 -3.858979e-01
   outer loop
     vertex -8.998118e+01 -8.337984e+00 -3.408333e+01
     vertex -9.215903e+01 -1.389074e+01 -4.090000e+01
     vertex -9.273687e+01 -9.279723e+00 -4.090000e+01
   endloop
 endfacet
 facet normal  9.020435e-01 -2.058855e-01 -3.793793e-01
   outer loop
     vertex -7.768764e+01  1.452234e+01 -6.816667e+00
     vertex -7.384369e+01  1.880291e+01  0.000000e+00
     vertex -7.468914e+01  1.509874e+01  0.000000e+00
   endloop
 endfacet
 facet normal  9.084572e-01 -1.601855e-01 -3.860649e-01
   outer loop
     vertex -7.768764e+01  1.452234e+01 -6.816667e+00
     vertex -7.468914e+01  1.509874e+01  0.000000e+00
     vertex -7.534891e+01  1.135702e+01  0.000000e+00
   endloop
 endfacet
 facet normal  9.022018e-01 -2.121959e-01 -3.755060e-01
   outer loop
     vertex -7.768764e+01  1.452234e+01 -6.816667e+00
     vertex -7.601629e+01  2.162850e+01 -6.816667e+00
     vertex -7.384369e+01  1.880291e+01  0.000000e+00
   endloop
 endfacet
 facet normal  8.990242e-01 -2.114486e-01 -3.834644e-01
   outer loop
     vertex -7.768764e+01  1.452234e+01 -6.816667e+00
     vertex -7.874146e+01  2.240388e+01 -1.363333e+01
     vertex -7.601629e+01  2.162850e+01 -6.816667e+00
   endloop
 endfacet
 facet normal  8.990242e-01 -2.114486e-01 -3.834644e-01
   outer loop
     vertex -7.768764e+01  1.452234e+01 -6.816667e+00
     vertex -8.047273e+01  1.504296e+01 -1.363333e+01
     vertex -7.874146e+01  2.240388e+01 -1.363333e+01
   endloop
 endfacet
 facet normal  9.146992e-01 -1.275951e-01 -3.834644e-01
   outer loop
     vertex -8.151744e+01  7.553703e+00 -1.363333e+01
     vertex -8.325782e+01  1.556358e+01 -2.045000e+01
     vertex -8.047273e+01  1.504296e+01 -1.363333e+01
   endloop
 endfacet
 facet normal  9.146992e-01 -1.275951e-01 -3.834644e-01
   outer loop
     vertex -8.151744e+01  7.553703e+00 -1.363333e+01
     vertex -8.433868e+01  7.815130e+00 -2.045000e+01
     vertex -8.325782e+01  1.556358e+01 -2.045000e+01
   endloop
 endfacet
 facet normal  9.225702e-01 -4.265299e-02 -3.834644e-01
   outer loop
     vertex -8.470000e+01 -1.400847e-13 -2.045000e+01
     vertex -8.715993e+01  8.076557e+00 -2.726667e+01
     vertex -8.433868e+01  7.815130e+00 -2.045000e+01
   endloop
 endfacet
 facet normal  9.225702e-01 -4.265299e-02 -3.834644e-01
   outer loop
     vertex -8.470000e+01 -1.400847e-13 -2.045000e+01
     vertex -8.753333e+01 -1.447707e-13 -2.726667e+01
     vertex -8.715993e+01  8.076557e+00 -2.726667e+01
   endloop
 endfacet
 facet normal  9.225702e-01  4.265299e-02 -3.834644e-01
   outer loop
     vertex -8.715993e+01 -8.076557e+00 -2.726667e+01
     vertex -8.998118e+01 -8.337984e+00 -3.408333e+01
     vertex -8.753333e+01 -1.447707e-13 -2.726667e+01
   endloop
 endfacet
 facet normal  9.225702e-01  4.265299e-02 -3.834644e-01
   outer loop
     vertex -8.715993e+01 -8.076557e+00 -2.726667e+01
     vertex -8.753333e+01 -1.447707e-13 -2.726667e+01
     vertex -8.470000e+01 -1.400847e-13 -2.045000e+01
   endloop
 endfacet
 facet normal  9.102007e-01  1.269676e-01 -3.942256e-01
   outer loop
     vertex -8.882800e+01 -1.660483e+01 -3.408333e+01
     vertex -9.215903e+01 -1.389074e+01 -4.090000e+01
     vertex -8.998118e+01 -8.337984e+00 -3.408333e+01
   endloop
 endfacet
 facet normal  9.105236e-01  1.605499e-01 -3.810124e-01
   outer loop
     vertex -8.882800e+01 -1.660483e+01 -3.408333e+01
     vertex -9.135208e+01 -1.846722e+01 -4.090000e+01
     vertex -9.215903e+01 -1.389074e+01 -4.090000e+01
   endloop
 endfacet
 facet normal  8.982906e-01  2.050290e-01 -3.886350e-01
   outer loop
     vertex -8.882800e+01 -1.660483e+01 -3.408333e+01
     vertex -9.031800e+01 -2.299779e+01 -4.090000e+01
     vertex -9.135208e+01 -1.846722e+01 -4.090000e+01
   endloop
 endfacet
 facet normal  9.146992e-01 -1.275951e-01 -3.834644e-01
   outer loop
     vertex -7.869619e+01  7.292276e+00 -6.816667e+00
     vertex -8.047273e+01  1.504296e+01 -1.363333e+01
     vertex -7.768764e+01  1.452234e+01 -6.816667e+00
   endloop
 endfacet
 facet normal  9.170742e-01 -1.149243e-01 -3.817948e-01
   outer loop
     vertex -7.869619e+01  7.292276e+00 -6.816667e+00
     vertex -7.534891e+01  1.135702e+01  0.000000e+00
     vertex -7.582135e+01  7.587070e+00  0.000000e+00
   endloop
 endfacet
 facet normal  9.202800e-01 -6.896545e-02 -3.851344e-01
   outer loop
     vertex -7.869619e+01  7.292276e+00 -6.816667e+00
     vertex -7.582135e+01  7.587070e+00  0.000000e+00
     vertex -7.610528e+01  3.798256e+00  0.000000e+00
   endloop
 endfacet
 facet normal  9.183159e-01 -1.280996e-01 -3.745482e-01
   outer loop
     vertex -7.869619e+01  7.292276e+00 -6.816667e+00
     vertex -7.768764e+01  1.452234e+01 -6.816667e+00
     vertex -7.534891e+01  1.135702e+01  0.000000e+00
   endloop
 endfacet
 facet normal  9.146992e-01 -1.275951e-01 -3.834644e-01
   outer loop
     vertex -7.869619e+01  7.292276e+00 -6.816667e+00
     vertex -8.151744e+01  7.553703e+00 -1.363333e+01
     vertex -8.047273e+01  1.504296e+01 -1.363333e+01
   endloop
 endfacet
 facet normal  9.225702e-01 -4.265299e-02 -3.834644e-01
   outer loop
     vertex -8.186667e+01 -1.353986e-13 -1.363333e+01
     vertex -8.470000e+01 -1.400847e-13 -2.045000e+01
     vertex -8.433868e+01  7.815130e+00 -2.045000e+01
   endloop
 endfacet
 facet normal  9.225702e-01 -4.265299e-02 -3.834644e-01
   outer loop
     vertex -8.186667e+01 -1.353986e-13 -1.363333e+01
     vertex -8.433868e+01  7.815130e+00 -2.045000e+01
     vertex -8.151744e+01  7.553703e+00 -1.363333e+01
   endloop
 endfacet
 facet normal  9.225702e-01  4.265299e-02 -3.834644e-01
   outer loop
     vertex -8.433868e+01 -7.815130e+00 -2.045000e+01
     vertex -8.715993e+01 -8.076557e+00 -2.726667e+01
     vertex -8.470000e+01 -1.400847e-13 -2.045000e+01
   endloop
 endfacet
 facet normal  9.146992e-01  1.275951e-01 -3.834644e-01
   outer loop
     vertex -8.604291e+01 -1.608421e+01 -2.726667e+01
     vertex -8.882800e+01 -1.660483e+01 -3.408333e+01
     vertex -8.998118e+01 -8.337984e+00 -3.408333e+01
   endloop
 endfacet
 facet normal  9.146992e-01  1.275951e-01 -3.834644e-01
   outer loop
     vertex -8.604291e+01 -1.608421e+01 -2.726667e+01
     vertex -8.998118e+01 -8.337984e+00 -3.408333e+01
     vertex -8.715993e+01 -8.076557e+00 -2.726667e+01
   endloop
 endfacet
 facet normal  8.990242e-01  2.114486e-01 -3.834644e-01
   outer loop
     vertex -8.691698e+01 -2.473001e+01 -3.408333e+01
     vertex -8.882800e+01 -1.660483e+01 -3.408333e+01
     vertex -8.604291e+01 -1.608421e+01 -2.726667e+01
   endloop
 endfacet
 facet normal  8.950791e-01  2.105207e-01 -3.930834e-01
   outer loop
     vertex -8.691698e+01 -2.473001e+01 -3.408333e+01
     vertex -9.031800e+01 -2.299779e+01 -4.090000e+01
     vertex -8.882800e+01 -1.660483e+01 -3.408333e+01
   endloop
 endfacet
 facet normal  8.902145e-01  2.504675e-01 -3.805052e-01
   outer loop
     vertex -8.691698e+01 -2.473001e+01 -3.408333e+01
     vertex -8.905939e+01 -2.747118e+01 -4.090000e+01
     vertex -9.031800e+01 -2.299779e+01 -4.090000e+01
   endloop
 endfacet
 facet normal  9.225702e-01 -4.265299e-02 -3.834644e-01
   outer loop
     vertex -7.903333e+01 -1.307126e-13 -6.816667e+00
     vertex -8.186667e+01 -1.353986e-13 -1.363333e+01
     vertex -8.151744e+01  7.553703e+00 -1.363333e+01
   endloop
 endfacet
 facet normal  9.225702e-01 -4.265299e-02 -3.834644e-01
   outer loop
     vertex -7.903333e+01 -1.307126e-13 -6.816667e+00
     vertex -8.151744e+01  7.553703e+00 -1.363333e+01
     vertex -7.869619e+01  7.292276e+00 -6.816667e+00
   endloop
 endfacet
 facet normal  9.264114e-01 -4.283058e-02 -3.740689e-01
   outer loop
     vertex -7.903333e+01 -1.307126e-13 -6.816667e+00
     vertex -7.869619e+01  7.292276e+00 -6.816667e+00
     vertex -7.610528e+01  3.798256e+00  0.000000e+00
   endloop
 endfacet
 facet normal  9.231658e-01 -2.302232e-02 -3.837120e-01
   outer loop
     vertex -7.903333e+01 -1.307126e-13 -6.816667e+00
     vertex -7.610528e+01  3.798256e+00  0.000000e+00
     vertex -7.620000e+01 -2.613850e-13  0.000000e+00
   endloop
 endfacet
 facet normal  9.231658e-01  2.302232e-02 -3.837120e-01
   outer loop
     vertex -7.903333e+01 -1.307126e-13 -6.816667e+00
     vertex -7.620000e+01 -2.613850e-13  0.000000e+00
     vertex -7.610528e+01 -3.798256e+00  0.000000e+00
   endloop
 endfacet
 facet normal  9.225702e-01  4.265299e-02 -3.834644e-01
   outer loop
     vertex -8.151744e+01 -7.553703e+00 -1.363333e+01
     vertex -8.470000e+01 -1.400847e-13 -2.045000e+01
     vertex -8.186667e+01 -1.353986e-13 -1.363333e+01
   endloop
 endfacet
 facet normal  9.225702e-01  4.265299e-02 -3.834644e-01
   outer loop
     vertex -8.151744e+01 -7.553703e+00 -1.363333e+01
     vertex -8.433868e+01 -7.815130e+00 -2.045000e+01
     vertex -8.470000e+01 -1.400847e-13 -2.045000e+01
   endloop
 endfacet
 facet normal  9.146992e-01  1.275951e-01 -3.834644e-01
   outer loop
     vertex -8.325782e+01 -1.556358e+01 -2.045000e+01
     vertex -8.604291e+01 -1.608421e+01 -2.726667e+01
     vertex -8.715993e+01 -8.076557e+00 -2.726667e+01
   endloop
 endfacet
 facet normal  9.146992e-01  1.275951e-01 -3.834644e-01
   outer loop
     vertex -8.325782e+01 -1.556358e+01 -2.045000e+01
     vertex -8.715993e+01 -8.076557e+00 -2.726667e+01
     vertex -8.433868e+01 -7.815130e+00 -2.045000e+01
   endloop
 endfacet
 facet normal  8.990242e-01  2.114486e-01 -3.834644e-01
   outer loop
     vertex -8.419180e+01 -2.395463e+01 -2.726667e+01
     vertex -8.691698e+01 -2.473001e+01 -3.408333e+01
     vertex -8.604291e+01 -1.608421e+01 -2.726667e+01
   endloop
 endfacet
 facet normal  8.723760e-01  2.931028e-01 -3.912171e-01
   outer loop
     vertex -8.426441e+01 -3.264421e+01 -3.408333e+01
     vertex -8.757935e+01 -3.187628e+01 -4.090000e+01
     vertex -8.905939e+01 -2.747118e+01 -4.090000e+01
   endloop
 endfacet
 facet normal  8.608307e-01  3.378512e-01 -3.805615e-01
   outer loop
     vertex -8.426441e+01 -3.264421e+01 -3.408333e+01
     vertex -8.588158e+01 -3.620212e+01 -4.090000e+01
     vertex -8.757935e+01 -3.187628e+01 -4.090000e+01
   endloop
 endfacet
 facet normal  8.723733e-01  2.923901e-01 -3.917561e-01
   outer loop
     vertex -8.426441e+01 -3.264421e+01 -3.408333e+01
     vertex -8.905939e+01 -2.747118e+01 -4.090000e+01
     vertex -8.691698e+01 -2.473001e+01 -3.408333e+01
   endloop
 endfacet
 facet normal  9.225702e-01  4.265299e-02 -3.834644e-01
   outer loop
     vertex -7.869619e+01 -7.292276e+00 -6.816667e+00
     vertex -8.151744e+01 -7.553703e+00 -1.363333e+01
     vertex -8.186667e+01 -1.353986e-13 -1.363333e+01
   endloop
 endfacet
 facet normal  9.264114e-01  4.283058e-02 -3.740689e-01
   outer loop
     vertex -7.869619e+01 -7.292276e+00 -6.816667e+00
     vertex -7.903333e+01 -1.307126e-13 -6.816667e+00
     vertex -7.610528e+01 -3.798256e+00  0.000000e+00
   endloop
 endfacet
 facet normal  9.202800e-01  6.896545e-02 -3.851344e-01
   outer loop
     vertex -7.869619e+01 -7.292276e+00 -6.816667e+00
     vertex -7.610528e+01 -3.798256e+00  0.000000e+00
     vertex -7.582135e+01 -7.587070e+00  0.000000e+00
   endloop
 endfacet
 facet normal  9.170742e-01  1.149243e-01 -3.817948e-01
   outer loop
     vertex -7.869619e+01 -7.292276e+00 -6.816667e+00
     vertex -7.582135e+01 -7.587070e+00  0.000000e+00
     vertex -7.534891e+01 -1.135702e+01  0.000000e+00
   endloop
 endfacet
 facet normal  9.225702e-01  4.265299e-02 -3.834644e-01
   outer loop
     vertex -7.869619e+01 -7.292276e+00 -6.816667e+00
     vertex -8.186667e+01 -1.353986e-13 -1.363333e+01
     vertex -7.903333e+01 -1.307126e-13 -6.816667e+00
   endloop
 endfacet
 facet normal  9.146992e-01  1.275951e-01 -3.834644e-01
   outer loop
     vertex -8.047273e+01 -1.504296e+01 -1.363333e+01
     vertex -8.433868e+01 -7.815130e+00 -2.045000e+01
     vertex -8.151744e+01 -7.553703e+00 -1.363333e+01
   endloop
 endfacet
 facet normal  9.146992e-01  1.275951e-01 -3.834644e-01
   outer loop
     vertex -8.047273e+01 -1.504296e+01 -1.363333e+01
     vertex -8.325782e+01 -1.556358e+01 -2.045000e+01
     vertex -8.433868e+01 -7.815130e+00 -2.045000e+01
   endloop
 endfacet
 facet normal  8.990242e-01  2.114486e-01 -3.834644e-01
   outer loop
     vertex -8.146663e+01 -2.317926e+01 -2.045000e+01
     vertex -8.419180e+01 -2.395463e+01 -2.726667e+01
     vertex -8.604291e+01 -1.608421e+01 -2.726667e+01
   endloop
 endfacet
 facet normal  8.990242e-01  2.114486e-01 -3.834644e-01
   outer loop
     vertex -8.146663e+01 -2.317926e+01 -2.045000e+01
     vertex -8.604291e+01 -1.608421e+01 -2.726667e+01
     vertex -8.325782e+01 -1.556358e+01 -2.045000e+01
   endloop
 endfacet
 facet normal  8.756791e-01  2.934981e-01 -3.834644e-01
   outer loop
     vertex -8.162240e+01 -3.162069e+01 -2.726667e+01
     vertex -8.691698e+01 -2.473001e+01 -3.408333e+01
     vertex -8.419180e+01 -2.395463e+01 -2.726667e+01
   endloop
 endfacet
 facet normal  8.756791e-01  2.934981e-01 -3.834644e-01
   outer loop
     vertex -8.162240e+01 -3.162069e+01 -2.726667e+01
     vertex -8.419180e+01 -2.395463e+01 -2.726667e+01
     vertex -8.146663e+01 -2.317926e+01 -2.045000e+01
   endloop
 endfacet
 facet normal  8.756791e-01  2.934981e-01 -3.834644e-01
   outer loop
     vertex -8.162240e+01 -3.162069e+01 -2.726667e+01
     vertex -8.426441e+01 -3.264421e+01 -3.408333e+01
     vertex -8.691698e+01 -2.473001e+01 -3.408333e+01
   endloop
 endfacet
 facet normal  8.400811e-01  3.790590e-01 -3.880438e-01
   outer loop
     vertex -8.089292e+01 -4.027989e+01 -3.408333e+01
     vertex -8.397030e+01 -4.043796e+01 -4.090000e+01
     vertex -8.588158e+01 -3.620212e+01 -4.090000e+01
   endloop
 endfacet
 facet normal  8.226867e-01  4.217669e-01 -3.811815e-01
   outer loop
     vertex -8.089292e+01 -4.027989e+01 -3.408333e+01
     vertex -8.185025e+01 -4.457327e+01 -4.090000e+01
     vertex -8.397030e+01 -4.043796e+01 -4.090000e+01
   endloop
 endfacet
 facet normal  8.410482e-01  3.713591e-01 -3.933577e-01
   outer loop
     vertex -8.089292e+01 -4.027989e+01 -3.408333e+01
     vertex -8.588158e+01 -3.620212e+01 -4.090000e+01
     vertex -8.426441e+01 -3.264421e+01 -3.408333e+01
   endloop
 endfacet
 facet normal  8.448631e-01  3.730435e-01 -3.834644e-01
   outer loop
     vertex -8.089292e+01 -4.027989e+01 -3.408333e+01
     vertex -8.426441e+01 -3.264421e+01 -3.408333e+01
     vertex -8.162240e+01 -3.162069e+01 -2.726667e+01
   endloop
 endfacet
 facet normal  9.146992e-01  1.275951e-01 -3.834644e-01
   outer loop
     vertex -7.768764e+01 -1.452234e+01 -6.816667e+00
     vertex -8.151744e+01 -7.553703e+00 -1.363333e+01
     vertex -7.869619e+01 -7.292276e+00 -6.816667e+00
   endloop
 endfacet
 facet normal  9.183159e-01  1.280996e-01 -3.745482e-01
   outer loop
     vertex -7.768764e+01 -1.452234e+01 -6.816667e+00
     vertex -7.869619e+01 -7.292276e+00 -6.816667e+00
     vertex -7.534891e+01 -1.135702e+01  0.000000e+00
   endloop
 endfacet
 facet normal  9.084572e-01  1.601855e-01 -3.860649e-01
   outer loop
     vertex -7.768764e+01 -1.452234e+01 -6.816667e+00
     vertex -7.534891e+01 -1.135702e+01  0.000000e+00
     vertex -7.468914e+01 -1.509874e+01  0.000000e+00
   endloop
 endfacet
 facet normal  9.020435e-01  2.058855e-01 -3.793793e-01
   outer loop
     vertex -7.768764e+01 -1.452234e+01 -6.816667e+00
     vertex -7.468914e+01 -1.509874e+01  0.000000e+00
     vertex -7.384369e+01 -1.880291e+01  0.000000e+00
   endloop
 endfacet
 facet normal  9.146992e-01  1.275951e-01 -3.834644e-01
   outer loop
     vertex -7.768764e+01 -1.452234e+01 -6.816667e+00
     vertex -8.047273e+01 -1.504296e+01 -1.363333e+01
     vertex -8.151744e+01 -7.553703e+00 -1.363333e+01
   endloop
 endfacet
 facet normal  8.990242e-01  2.114486e-01 -3.834644e-01
   outer loop
     vertex -7.874146e+01 -2.240388e+01 -1.363333e+01
     vertex -8.325782e+01 -1.556358e+01 -2.045000e+01
     vertex -8.047273e+01 -1.504296e+01 -1.363333e+01
   endloop
 endfacet
 facet normal  8.990242e-01  2.114486e-01 -3.834644e-01
   outer loop
     vertex -7.874146e+01 -2.240388e+01 -1.363333e+01
     vertex -8.146663e+01 -2.317926e+01 -2.045000e+01
     vertex -8.325782e+01 -1.556358e+01 -2.045000e+01
   endloop
 endfacet
 facet normal  8.756791e-01  2.934981e-01 -3.834644e-01
   outer loop
     vertex -7.898040e+01 -3.059717e+01 -2.045000e+01
     vertex -8.162240e+01 -3.162069e+01 -2.726667e+01
     vertex -8.146663e+01 -2.317926e+01 -2.045000e+01
   endloop
 endfacet
 facet normal  8.448631e-01  3.730435e-01 -3.834644e-01
   outer loop
     vertex -7.835663e+01 -3.901696e+01 -2.726667e+01
     vertex -8.089292e+01 -4.027989e+01 -3.408333e+01
     vertex -8.162240e+01 -3.162069e+01 -2.726667e+01
   endloop
 endfacet
 facet normal  7.991187e-01  4.613714e-01 -3.854165e-01
   outer loop
     vertex -7.683129e+01 -4.757192e+01 -3.408333e+01
     vertex -7.952671e+01 -4.859776e+01 -4.090000e+01
     vertex -8.185025e+01 -4.457327e+01 -4.090000e+01
   endloop
 endfacet
 facet normal  7.761940e-01  5.013193e-01 -3.823634e-01
   outer loop
     vertex -7.683129e+01 -4.757192e+01 -3.408333e+01
     vertex -7.700545e+01 -5.250143e+01 -4.090000e+01
     vertex -7.952671e+01 -4.859776e+01 -4.090000e+01
   endloop
 endfacet
 facet normal  8.068389e-01  4.494063e-01 -3.834644e-01
   outer loop
     vertex -7.683129e+01 -4.757192e+01 -3.408333e+01
     vertex -8.089292e+01 -4.027989e+01 -3.408333e+01
     vertex -7.835663e+01 -3.901696e+01 -2.726667e+01
   endloop
 endfacet
 facet normal  8.028110e-01  4.471628e-01 -3.943854e-01
   outer loop
     vertex -7.683129e+01 -4.757192e+01 -3.408333e+01
     vertex -8.185025e+01 -4.457327e+01 -4.090000e+01
     vertex -8.089292e+01 -4.027989e+01 -3.408333e+01
   endloop
 endfacet
 facet normal  8.990242e-01  2.114486e-01 -3.834644e-01
   outer loop
     vertex -7.601629e+01 -2.162850e+01 -6.816667e+00
     vertex -7.874146e+01 -2.240388e+01 -1.363333e+01
     vertex -8.047273e+01 -1.504296e+01 -1.363333e+01
   endloop
 endfacet
 facet normal  8.990242e-01  2.114486e-01 -3.834644e-01
   outer loop
     vertex -7.601629e+01 -2.162850e+01 -6.816667e+00
     vertex -8.047273e+01 -1.504296e+01 -1.363333e+01
     vertex -7.768764e+01 -1.452234e+01 -6.816667e+00
   endloop
 endfacet
 facet normal  8.878160e-01  2.497927e-01 -3.865052e-01
   outer loop
     vertex -7.601629e+01 -2.162850e+01 -6.816667e+00
     vertex -7.384369e+01 -1.880291e+01  0.000000e+00
     vertex -7.281465e+01 -2.246034e+01  0.000000e+00
   endloop
 endfacet
 facet normal  9.022018e-01  2.121959e-01 -3.755060e-01
   outer loop
     vertex -7.601629e+01 -2.162850e+01 -6.816667e+00
     vertex -7.768764e+01 -1.452234e+01 -6.816667e+00
     vertex -7.384369e+01 -1.880291e+01  0.000000e+00
   endloop
 endfacet
 facet normal  8.756791e-01  2.934981e-01 -3.834644e-01
   outer loop
     vertex -7.633839e+01 -2.957365e+01 -1.363333e+01
     vertex -8.146663e+01 -2.317926e+01 -2.045000e+01
     vertex -7.874146e+01 -2.240388e+01 -1.363333e+01
   endloop
 endfacet
 facet normal  8.756791e-01  2.934981e-01 -3.834644e-01
   outer loop
     vertex -7.633839e+01 -2.957365e+01 -1.363333e+01
     vertex -7.898040e+01 -3.059717e+01 -2.045000e+01
     vertex -8.146663e+01 -2.317926e+01 -2.045000e+01
   endloop
 endfacet
 facet normal  8.448631e-01  3.730435e-01 -3.834644e-01
   outer loop
     vertex -7.582033e+01 -3.775404e+01 -2.045000e+01
     vertex -7.835663e+01 -3.901696e+01 -2.726667e+01
     vertex -8.162240e+01 -3.162069e+01 -2.726667e+01
   endloop
 endfacet
 facet normal  8.448631e-01  3.730435e-01 -3.834644e-01
   outer loop
     vertex -7.582033e+01 -3.775404e+01 -2.045000e+01
     vertex -8.162240e+01 -3.162069e+01 -2.726667e+01
     vertex -7.898040e+01 -3.059717e+01 -2.045000e+01
   endloop
 endfacet
 facet normal  8.068389e-01  4.494063e-01 -3.834644e-01
   outer loop
     vertex -7.442234e+01 -4.608036e+01 -2.726667e+01
     vertex -7.683129e+01 -4.757192e+01 -3.408333e+01
     vertex -7.835663e+01 -3.901696e+01 -2.726667e+01
   endloop
 endfacet
 facet normal  7.499114e-01  5.391496e-01 -3.833414e-01
   outer loop
     vertex -7.211416e+01 -5.445808e+01 -3.408333e+01
     vertex -7.429275e+01 -5.627457e+01 -4.090000e+01
     vertex -7.700545e+01 -5.250143e+01 -4.090000e+01
   endloop
 endfacet
 facet normal  7.218568e-01  5.756616e-01 -3.841048e-01
   outer loop
     vertex -7.211416e+01 -5.445808e+01 -3.408333e+01
     vertex -7.139534e+01 -5.990781e+01 -4.090000e+01
     vertex -7.429275e+01 -5.627457e+01 -4.090000e+01
   endloop
 endfacet
 facet normal  7.579657e-01  5.192186e-01 -3.948417e-01
   outer loop
     vertex -7.211416e+01 -5.445808e+01 -3.408333e+01
     vertex -7.700545e+01 -5.250143e+01 -4.090000e+01
     vertex -7.683129e+01 -4.757192e+01 -3.408333e+01
   endloop
 endfacet
 facet normal  8.783473e-01  2.943923e-01 -3.766154e-01
   outer loop
     vertex -7.369639e+01 -2.855013e+01 -6.816667e+00
     vertex -7.601629e+01 -2.162850e+01 -6.816667e+00
     vertex -7.281465e+01 -2.246034e+01  0.000000e+00
   endloop
 endfacet
 facet normal  8.756791e-01  2.934981e-01 -3.834644e-01
   outer loop
     vertex -7.369639e+01 -2.855013e+01 -6.816667e+00
     vertex -7.874146e+01 -2.240388e+01 -1.363333e+01
     vertex -7.601629e+01 -2.162850e+01 -6.816667e+00
   endloop
 endfacet
 facet normal  8.779501e-01  2.949755e-01 -3.770850e-01
   outer loop
     vertex -7.369639e+01 -2.855013e+01 -6.816667e+00
     vertex -7.281465e+01 -2.246034e+01  0.000000e+00
     vertex -7.160458e+01 -2.606193e+01  0.000000e+00
   endloop
 endfacet
 facet normal  8.585520e-01  3.369568e-01 -3.864563e-01
   outer loop
     vertex -7.369639e+01 -2.855013e+01 -6.816667e+00
     vertex -7.160458e+01 -2.606193e+01  0.000000e+00
     vertex -7.021649e+01 -2.959873e+01  0.000000e+00
   endloop
 endfacet
 facet normal  8.756791e-01  2.934981e-01 -3.834644e-01
   outer loop
     vertex -7.369639e+01 -2.855013e+01 -6.816667e+00
     vertex -7.633839e+01 -2.957365e+01 -1.363333e+01
     vertex -7.874146e+01 -2.240388e+01 -1.363333e+01
   endloop
 endfacet
 facet normal  8.448631e-01  3.730435e-01 -3.834644e-01
   outer loop
     vertex -7.328403e+01 -3.649111e+01 -1.363333e+01
     vertex -7.898040e+01 -3.059717e+01 -2.045000e+01
     vertex -7.633839e+01 -2.957365e+01 -1.363333e+01
   endloop
 endfacet
 facet normal  8.448631e-01  3.730435e-01 -3.834644e-01
   outer loop
     vertex -7.328403e+01 -3.649111e+01 -1.363333e+01
     vertex -7.582033e+01 -3.775404e+01 -2.045000e+01
     vertex -7.898040e+01 -3.059717e+01 -2.045000e+01
   endloop
 endfacet
 facet normal  8.068389e-01  4.494063e-01 -3.834644e-01
   outer loop
     vertex -7.201339e+01 -4.458880e+01 -2.045000e+01
     vertex -7.835663e+01 -3.901696e+01 -2.726667e+01
     vertex -7.582033e+01 -3.775404e+01 -2.045000e+01
   endloop
 endfacet
 facet normal  8.068389e-01  4.494063e-01 -3.834644e-01
   outer loop
     vertex -7.201339e+01 -4.458880e+01 -2.045000e+01
     vertex -7.442234e+01 -4.608036e+01 -2.726667e+01
     vertex -7.835663e+01 -3.901696e+01 -2.726667e+01
   endloop
 endfacet
 facet normal  7.619311e-01  5.219349e-01 -3.834644e-01
   outer loop
     vertex -6.985311e+01 -5.275062e+01 -2.726667e+01
     vertex -7.442234e+01 -4.608036e+01 -2.726667e+01
     vertex -7.201339e+01 -4.458880e+01 -2.045000e+01
   endloop
 endfacet
 facet normal  7.619311e-01  5.219349e-01 -3.834644e-01
   outer loop
     vertex -6.985311e+01 -5.275062e+01 -2.726667e+01
     vertex -7.683129e+01 -4.757192e+01 -3.408333e+01
     vertex -7.442234e+01 -4.608036e+01 -2.726667e+01
   endloop
 endfacet
 facet normal  7.619311e-01  5.219349e-01 -3.834644e-01
   outer loop
     vertex -6.985311e+01 -5.275062e+01 -2.726667e+01
     vertex -7.211416e+01 -5.445808e+01 -3.408333e+01
     vertex -7.683129e+01 -4.757192e+01 -3.408333e+01
   endloop
 endfacet
 facet normal  6.929743e-01  6.115534e-01 -3.818233e-01
   outer loop
     vertex -6.678177e+01 -6.087963e+01 -3.408333e+01
     vertex -6.832043e+01 -6.339210e+01 -4.090000e+01
     vertex -7.139534e+01 -5.990781e+01 -4.090000e+01
   endloop
 endfacet
 facet normal  6.602660e-01  6.440053e-01 -3.864014e-01
   outer loop
     vertex -6.678177e+01 -6.087963e+01 -3.408333e+01
     vertex -6.507567e+01 -6.671879e+01 -4.090000e+01
     vertex -6.832043e+01 -6.339210e+01 -4.090000e+01
   endloop
 endfacet
 facet normal  7.105227e-01  5.900106e-01 -3.834644e-01
   outer loop
     vertex -6.678177e+01 -6.087963e+01 -3.408333e+01
     vertex -7.211416e+01 -5.445808e+01 -3.408333e+01
     vertex -6.985311e+01 -5.275062e+01 -2.726667e+01
   endloop
 endfacet
 facet normal  7.068626e-01  5.869713e-01 -3.947277e-01
   outer loop
     vertex -6.678177e+01 -6.087963e+01 -3.408333e+01
     vertex -7.139534e+01 -5.990781e+01 -4.090000e+01
     vertex -7.211416e+01 -5.445808e+01 -3.408333e+01
   endloop
 endfacet
 facet normal  8.448631e-01  3.730435e-01 -3.834644e-01
   outer loop
     vertex -7.074774e+01 -3.522819e+01 -6.816667e+00
     vertex -7.633839e+01 -2.957365e+01 -1.363333e+01
     vertex -7.369639e+01 -2.855013e+01 -6.816667e+00
   endloop
 endfacet
 facet normal  8.431671e-01  3.804515e-01 -3.799025e-01
   outer loop
     vertex -7.074774e+01 -3.522819e+01 -6.816667e+00
     vertex -7.021649e+01 -2.959873e+01  0.000000e+00
     vertex -6.865383e+01 -3.306194e+01  0.000000e+00
   endloop
 endfacet
 facet normal  8.209362e-01  4.208694e-01 -3.859180e-01
   outer loop
     vertex -7.074774e+01 -3.522819e+01 -6.816667e+00
     vertex -6.865383e+01 -3.306194e+01  0.000000e+00
     vertex -6.692048e+01 -3.644295e+01  0.000000e+00
   endloop
 endfacet
 facet normal  8.479344e-01  3.743996e-01 -3.752762e-01
   outer loop
     vertex -7.074774e+01 -3.522819e+01 -6.816667e+00
     vertex -7.369639e+01 -2.855013e+01 -6.816667e+00
     vertex -7.021649e+01 -2.959873e+01  0.000000e+00
   endloop
 endfacet
 facet normal  8.448631e-01  3.730435e-01 -3.834644e-01
   outer loop
     vertex -7.074774e+01 -3.522819e+01 -6.816667e+00
     vertex -7.328403e+01 -3.649111e+01 -1.363333e+01
     vertex -7.633839e+01 -2.957365e+01 -1.363333e+01
   endloop
 endfacet
 facet normal  8.068389e-01  4.494063e-01 -3.834644e-01
   outer loop
     vertex -6.960444e+01 -4.309725e+01 -1.363333e+01
     vertex -7.582033e+01 -3.775404e+01 -2.045000e+01
     vertex -7.328403e+01 -3.649111e+01 -1.363333e+01
   endloop
 endfacet
 facet normal  8.068389e-01  4.494063e-01 -3.834644e-01
   outer loop
     vertex -6.960444e+01 -4.309725e+01 -1.363333e+01
     vertex -7.328403e+01 -3.649111e+01 -1.363333e+01
     vertex -7.074774e+01 -3.522819e+01 -6.816667e+00
   endloop
 endfacet
 facet normal  8.068389e-01  4.494063e-01 -3.834644e-01
   outer loop
     vertex -6.960444e+01 -4.309725e+01 -1.363333e+01
     vertex -7.201339e+01 -4.458880e+01 -2.045000e+01
     vertex -7.582033e+01 -3.775404e+01 -2.045000e+01
   endloop
 endfacet
 facet normal  7.619311e-01  5.219349e-01 -3.834644e-01
   outer loop
     vertex -6.759206e+01 -5.104315e+01 -2.045000e+01
     vertex -6.985311e+01 -5.275062e+01 -2.726667e+01
     vertex -7.201339e+01 -4.458880e+01 -2.045000e+01
   endloop
 endfacet
 facet normal  7.105227e-01  5.900106e-01 -3.834644e-01
   outer loop
     vertex -6.468791e+01 -5.897083e+01 -2.726667e+01
     vertex -6.678177e+01 -6.087963e+01 -3.408333e+01
     vertex -6.985311e+01 -5.275062e+01 -2.726667e+01
   endloop
 endfacet
 facet normal  6.289083e-01  6.778020e-01 -3.808659e-01
   outer loop
     vertex -6.087963e+01 -6.678177e+01 -3.408333e+01
     vertex -6.166912e+01 -6.987961e+01 -4.090000e+01
     vertex -6.507567e+01 -6.671879e+01 -4.090000e+01
   endloop
 endfacet
 facet normal  5.920929e-01  7.056288e-01 -3.892480e-01
   outer loop
     vertex -6.087963e+01 -6.678177e+01 -3.408333e+01
     vertex -5.810925e+01 -7.286669e+01 -4.090000e+01
     vertex -6.166912e+01 -6.987961e+01 -4.090000e+01
   endloop
 endfacet
 facet normal  6.498962e-01  6.498962e-01 -3.940430e-01
   outer loop
     vertex -6.087963e+01 -6.678177e+01 -3.408333e+01
     vertex -6.507567e+01 -6.671879e+01 -4.090000e+01
     vertex -6.678177e+01 -6.087963e+01 -3.408333e+01
   endloop
 endfacet
 facet normal  6.530525e-01  6.530525e-01 -3.834644e-01
   outer loop
     vertex -6.087963e+01 -6.678177e+01 -3.408333e+01
     vertex -6.678177e+01 -6.087963e+01 -3.408333e+01
     vertex -6.468791e+01 -5.897083e+01 -2.726667e+01
   endloop
 endfacet
 facet normal  8.100765e-01  4.512097e-01 -3.744140e-01
   outer loop
     vertex -6.719549e+01 -4.160569e+01 -6.816667e+00
     vertex -7.074774e+01 -3.522819e+01 -6.816667e+00
     vertex -6.692048e+01 -3.644295e+01  0.000000e+00
   endloop
 endfacet
 facet normal  8.068389e-01  4.494063e-01 -3.834644e-01
   outer loop
     vertex -6.719549e+01 -4.160569e+01 -6.816667e+00
     vertex -6.960444e+01 -4.309725e+01 -1.363333e+01
     vertex -7.074774e+01 -3.522819e+01 -6.816667e+00
   endloop
 endfacet
 facet normal  8.002700e-01  4.620361e-01 -3.822180e-01
   outer loop
     vertex -6.719549e+01 -4.160569e+01 -6.816667e+00
     vertex -6.692048e+01 -3.644295e+01  0.000000e+00
     vertex -6.502077e+01 -3.973336e+01  0.000000e+00
   endloop
 endfacet
 facet normal  7.753126e-01  5.007500e-01 -3.848893e-01
   outer loop
     vertex -6.719549e+01 -4.160569e+01 -6.816667e+00
     vertex -6.502077e+01 -3.973336e+01  0.000000e+00
     vertex -6.295939e+01 -4.292499e+01  0.000000e+00
   endloop
 endfacet
 facet normal  7.619311e-01  5.219349e-01 -3.834644e-01
   outer loop
     vertex -6.533101e+01 -4.933569e+01 -1.363333e+01
     vertex -6.759206e+01 -5.104315e+01 -2.045000e+01
     vertex -7.201339e+01 -4.458880e+01 -2.045000e+01
   endloop
 endfacet
 facet normal  7.619311e-01  5.219349e-01 -3.834644e-01
   outer loop
     vertex -6.533101e+01 -4.933569e+01 -1.363333e+01
     vertex -7.201339e+01 -4.458880e+01 -2.045000e+01
     vertex -6.960444e+01 -4.309725e+01 -1.363333e+01
   endloop
 endfacet
 facet normal  7.105227e-01  5.900106e-01 -3.834644e-01
   outer loop
     vertex -6.259406e+01 -5.706202e+01 -2.045000e+01
     vertex -6.985311e+01 -5.275062e+01 -2.726667e+01
     vertex -6.759206e+01 -5.104315e+01 -2.045000e+01
   endloop
 endfacet
 facet normal  7.105227e-01  5.900106e-01 -3.834644e-01
   outer loop
     vertex -6.259406e+01 -5.706202e+01 -2.045000e+01
     vertex -6.468791e+01 -5.897083e+01 -2.726667e+01
     vertex -6.985311e+01 -5.275062e+01 -2.726667e+01
   endloop
 endfacet
 facet normal  6.530525e-01  6.530525e-01 -3.834644e-01
   outer loop
     vertex -5.897083e+01 -6.468791e+01 -2.726667e+01
     vertex -6.087963e+01 -6.678177e+01 -3.408333e+01
     vertex -6.468791e+01 -5.897083e+01 -2.726667e+01
   endloop
 endfacet
 facet normal  5.583939e-01  7.371823e-01 -3.804713e-01
   outer loop
     vertex -5.445808e+01 -7.211416e+01 -3.408333e+01
     vertex -5.440491e+01 -7.567262e+01 -4.090000e+01
     vertex -5.810925e+01 -7.286669e+01 -4.090000e+01
   endloop
 endfacet
 facet normal  5.875026e-01  7.075025e-01 -3.927861e-01
   outer loop
     vertex -5.445808e+01 -7.211416e+01 -3.408333e+01
     vertex -5.810925e+01 -7.286669e+01 -4.090000e+01
     vertex -6.087963e+01 -6.678177e+01 -3.408333e+01
   endloop
 endfacet
 facet normal  7.619311e-01  5.219349e-01 -3.834644e-01
   outer loop
     vertex -6.306996e+01 -4.762822e+01 -6.816667e+00
     vertex -6.533101e+01 -4.933569e+01 -1.363333e+01
     vertex -6.960444e+01 -4.309725e+01 -1.363333e+01
   endloop
 endfacet
 facet normal  7.651162e-01  5.241168e-01 -3.740305e-01
   outer loop
     vertex -6.306996e+01 -4.762822e+01 -6.816667e+00
     vertex -6.719549e+01 -4.160569e+01 -6.816667e+00
     vertex -6.295939e+01 -4.292499e+01  0.000000e+00
   endloop
 endfacet
 facet normal  7.496771e-01  5.389811e-01 -3.840359e-01
   outer loop
     vertex -6.306996e+01 -4.762822e+01 -6.816667e+00
     vertex -6.295939e+01 -4.292499e+01  0.000000e+00
     vertex -6.074150e+01 -4.600990e+01  0.000000e+00
   endloop
 endfacet
 facet normal  7.220961e-01  5.758524e-01 -3.833682e-01
   outer loop
     vertex -6.306996e+01 -4.762822e+01 -6.816667e+00
     vertex -6.074150e+01 -4.600990e+01  0.000000e+00
     vertex -5.837259e+01 -4.898042e+01  0.000000e+00
   endloop
 endfacet
 facet normal  7.619311e-01  5.219349e-01 -3.834644e-01
   outer loop
     vertex -6.306996e+01 -4.762822e+01 -6.816667e+00
     vertex -6.960444e+01 -4.309725e+01 -1.363333e+01
     vertex -6.719549e+01 -4.160569e+01 -6.816667e+00
   endloop
 endfacet
 facet normal  7.105227e-01  5.900106e-01 -3.834644e-01
   outer loop
     vertex -6.050020e+01 -5.515322e+01 -1.363333e+01
     vertex -6.759206e+01 -5.104315e+01 -2.045000e+01
     vertex -6.533101e+01 -4.933569e+01 -1.363333e+01
   endloop
 endfacet
 facet normal  7.105227e-01  5.900106e-01 -3.834644e-01
   outer loop
     vertex -6.050020e+01 -5.515322e+01 -1.363333e+01
     vertex -6.259406e+01 -5.706202e+01 -2.045000e+01
     vertex -6.759206e+01 -5.104315e+01 -2.045000e+01
   endloop
 endfacet
 facet normal  6.530525e-01  6.530525e-01 -3.834644e-01
   outer loop
     vertex -5.706202e+01 -6.259406e+01 -2.045000e+01
     vertex -6.468791e+01 -5.897083e+01 -2.726667e+01
     vertex -6.259406e+01 -5.706202e+01 -2.045000e+01
   endloop
 endfacet
 facet normal  6.530525e-01  6.530525e-01 -3.834644e-01
   outer loop
     vertex -5.706202e+01 -6.259406e+01 -2.045000e+01
     vertex -5.897083e+01 -6.468791e+01 -2.726667e+01
     vertex -6.468791e+01 -5.897083e+01 -2.726667e+01
   endloop
 endfacet
 facet normal  5.900106e-01  7.105227e-01 -3.834644e-01
   outer loop
     vertex -5.275062e+01 -6.985311e+01 -2.726667e+01
     vertex -5.445808e+01 -7.211416e+01 -3.408333e+01
     vertex -6.087963e+01 -6.678177e+01 -3.408333e+01
   endloop
 endfacet
 facet normal  5.900106e-01  7.105227e-01 -3.834644e-01
   outer loop
     vertex -5.275062e+01 -6.985311e+01 -2.726667e+01
     vertex -6.087963e+01 -6.678177e+01 -3.408333e+01
     vertex -5.897083e+01 -6.468791e+01 -2.726667e+01
   endloop
 endfacet
 facet normal  5.900106e-01  7.105227e-01 -3.834644e-01
   outer loop
     vertex -5.275062e+01 -6.985311e+01 -2.726667e+01
     vertex -5.897083e+01 -6.468791e+01 -2.726667e+01
     vertex -5.706202e+01 -6.259406e+01 -2.045000e+01
   endloop
 endfacet
 facet normal  5.185847e-01  7.606241e-01 -3.905391e-01
   outer loop
     vertex -4.757192e+01 -7.683129e+01 -3.408333e+01
     vertex -5.056531e+01 -7.829042e+01 -4.090000e+01
     vertex -5.440491e+01 -7.567262e+01 -4.090000e+01
   endloop
 endfacet
 facet normal  4.821832e-01  7.890578e-01 -3.806405e-01
   outer loop
     vertex -4.757192e+01 -7.683129e+01 -3.408333e+01
     vertex -4.660000e+01 -8.071357e+01 -4.090000e+01
     vertex -5.056531e+01 -7.829042e+01 -4.090000e+01
   endloop
 endfacet
 facet normal  5.198763e-01  7.589259e-01 -3.921225e-01
   outer loop
     vertex -4.757192e+01 -7.683129e+01 -3.408333e+01
     vertex -5.440491e+01 -7.567262e+01 -4.090000e+01
     vertex -5.445808e+01 -7.211416e+01 -3.408333e+01
   endloop
 endfacet
 facet normal  5.219349e-01  7.619311e-01 -3.834644e-01
   outer loop
     vertex -4.757192e+01 -7.683129e+01 -3.408333e+01
     vertex -5.445808e+01 -7.211416e+01 -3.408333e+01
     vertex -5.275062e+01 -6.985311e+01 -2.726667e+01
   endloop
 endfacet
 facet normal  7.105227e-01  5.900106e-01 -3.834644e-01
   outer loop
     vertex -5.840634e+01 -5.324441e+01 -6.816667e+00
     vertex -6.533101e+01 -4.933569e+01 -1.363333e+01
     vertex -6.306996e+01 -4.762822e+01 -6.816667e+00
   endloop
 endfacet
 facet normal  7.105227e-01  5.900106e-01 -3.834644e-01
   outer loop
     vertex -5.840634e+01 -5.324441e+01 -6.816667e+00
     vertex -6.050020e+01 -5.515322e+01 -1.363333e+01
     vertex -6.533101e+01 -4.933569e+01 -1.363333e+01
   endloop
 endfacet
 facet normal  7.134632e-01  5.924523e-01 -3.741264e-01
   outer loop
     vertex -5.840634e+01 -5.324441e+01 -6.816667e+00
     vertex -6.306996e+01 -4.762822e+01 -6.816667e+00
     vertex -5.837259e+01 -4.898042e+01  0.000000e+00
   endloop
 endfacet
 facet normal  6.918729e-01  6.105815e-01 -3.853598e-01
   outer loop
     vertex -5.840634e+01 -5.324441e+01 -6.816667e+00
     vertex -5.837259e+01 -4.898042e+01  0.000000e+00
     vertex -5.585855e+01 -5.182916e+01  0.000000e+00
   endloop
 endfacet
 facet normal  6.617688e-01  6.454711e-01 -3.813517e-01
   outer loop
     vertex -5.840634e+01 -5.324441e+01 -6.816667e+00
     vertex -5.585855e+01 -5.182916e+01  0.000000e+00
     vertex -5.320565e+01 -5.454905e+01  0.000000e+00
   endloop
 endfacet
 facet normal  6.530525e-01  6.530525e-01 -3.834644e-01
   outer loop
     vertex -5.515322e+01 -6.050020e+01 -1.363333e+01
     vertex -5.706202e+01 -6.259406e+01 -2.045000e+01
     vertex -6.259406e+01 -5.706202e+01 -2.045000e+01
   endloop
 endfacet
 facet normal  6.530525e-01  6.530525e-01 -3.834644e-01
   outer loop
     vertex -5.515322e+01 -6.050020e+01 -1.363333e+01
     vertex -6.259406e+01 -5.706202e+01 -2.045000e+01
     vertex -6.050020e+01 -5.515322e+01 -1.363333e+01
   endloop
 endfacet
 facet normal  5.900106e-01  7.105227e-01 -3.834644e-01
   outer loop
     vertex -5.104315e+01 -6.759206e+01 -2.045000e+01
     vertex -5.275062e+01 -6.985311e+01 -2.726667e+01
     vertex -5.706202e+01 -6.259406e+01 -2.045000e+01
   endloop
 endfacet
 facet normal  5.219349e-01  7.619311e-01 -3.834644e-01
   outer loop
     vertex -4.608036e+01 -7.442234e+01 -2.726667e+01
     vertex -4.757192e+01 -7.683129e+01 -3.408333e+01
     vertex -5.275062e+01 -6.985311e+01 -2.726667e+01
   endloop
 endfacet
 facet normal  4.408930e-01  8.096153e-01 -3.874744e-01
   outer loop
     vertex -4.027989e+01 -8.089292e+01 -3.408333e+01
     vertex -4.251883e+01 -8.293605e+01 -4.090000e+01
     vertex -4.660000e+01 -8.071357e+01 -4.090000e+01
   endloop
 endfacet
 facet normal  4.010914e-01  8.328748e-01 -3.813730e-01
   outer loop
     vertex -4.027989e+01 -8.089292e+01 -3.408333e+01
     vertex -3.833196e+01 -8.495235e+01 -4.090000e+01
     vertex -4.251883e+01 -8.293605e+01 -4.090000e+01
   endloop
 endfacet
 facet normal  4.473248e-01  8.031018e-01 -3.936090e-01
   outer loop
     vertex -4.027989e+01 -8.089292e+01 -3.408333e+01
     vertex -4.660000e+01 -8.071357e+01 -4.090000e+01
     vertex -4.757192e+01 -7.683129e+01 -3.408333e+01
   endloop
 endfacet
 facet normal  4.494063e-01  8.068389e-01 -3.834644e-01
   outer loop
     vertex -4.027989e+01 -8.089292e+01 -3.408333e+01
     vertex -4.757192e+01 -7.683129e+01 -3.408333e+01
     vertex -4.608036e+01 -7.442234e+01 -2.726667e+01
   endloop
 endfacet
 facet normal  6.530525e-01  6.530525e-01 -3.834644e-01
   outer loop
     vertex -5.324441e+01 -5.840634e+01 -6.816667e+00
     vertex -5.515322e+01 -6.050020e+01 -1.363333e+01
     vertex -6.050020e+01 -5.515322e+01 -1.363333e+01
   endloop
 endfacet
 facet normal  6.555909e-01  6.555909e-01 -3.747015e-01
   outer loop
     vertex -5.324441e+01 -5.840634e+01 -6.816667e+00
     vertex -5.840634e+01 -5.324441e+01 -6.816667e+00
     vertex -5.320565e+01 -5.454905e+01  0.000000e+00
   endloop
 endfacet
 facet normal  6.274038e-01  6.761805e-01 -3.861921e-01
   outer loop
     vertex -5.324441e+01 -5.840634e+01 -6.816667e+00
     vertex -5.320565e+01 -5.454905e+01  0.000000e+00
     vertex -5.042046e+01 -5.713333e+01  0.000000e+00
   endloop
 endfacet
 facet normal  5.948767e-01  7.089464e-01 -3.788360e-01
   outer loop
     vertex -5.324441e+01 -5.840634e+01 -6.816667e+00
     vertex -5.042046e+01 -5.713333e+01  0.000000e+00
     vertex -4.750992e+01 -5.957556e+01  0.000000e+00
   endloop
 endfacet
 facet normal  6.530525e-01  6.530525e-01 -3.834644e-01
   outer loop
     vertex -5.324441e+01 -5.840634e+01 -6.816667e+00
     vertex -6.050020e+01 -5.515322e+01 -1.363333e+01
     vertex -5.840634e+01 -5.324441e+01 -6.816667e+00
   endloop
 endfacet
 facet normal  5.900106e-01  7.105227e-01 -3.834644e-01
   outer loop
     vertex -4.933569e+01 -6.533101e+01 -1.363333e+01
     vertex -5.706202e+01 -6.259406e+01 -2.045000e+01
     vertex -5.515322e+01 -6.050020e+01 -1.363333e+01
   endloop
 endfacet
 facet normal  5.900106e-01  7.105227e-01 -3.834644e-01
   outer loop
     vertex -4.933569e+01 -6.533101e+01 -1.363333e+01
     vertex -5.104315e+01 -6.759206e+01 -2.045000e+01
     vertex -5.706202e+01 -6.259406e+01 -2.045000e+01
   endloop
 endfacet
 facet normal  5.219349e-01  7.619311e-01 -3.834644e-01
   outer loop
     vertex -4.458880e+01 -7.201339e+01 -2.045000e+01
     vertex -4.608036e+01 -7.442234e+01 -2.726667e+01
     vertex -5.275062e+01 -6.985311e+01 -2.726667e+01
   endloop
 endfacet
 facet normal  5.219349e-01  7.619311e-01 -3.834644e-01
   outer loop
     vertex -4.458880e+01 -7.201339e+01 -2.045000e+01
     vertex -5.275062e+01 -6.985311e+01 -2.726667e+01
     vertex -5.104315e+01 -6.759206e+01 -2.045000e+01
   endloop
 endfacet
 facet normal  4.494063e-01  8.068389e-01 -3.834644e-01
   outer loop
     vertex -3.901696e+01 -7.835663e+01 -2.726667e+01
     vertex -4.027989e+01 -8.089292e+01 -3.408333e+01
     vertex -4.608036e+01 -7.442234e+01 -2.726667e+01
   endloop
 endfacet
 facet normal  3.584999e-01  8.504622e-01 -3.849571e-01
   outer loop
     vertex -3.264421e+01 -8.426441e+01 -3.408333e+01
     vertex -3.404978e+01 -8.675743e+01 -4.090000e+01
     vertex -3.833196e+01 -8.495235e+01 -4.090000e+01
   endloop
 endfacet
 facet normal  3.159877e-01  8.681691e-01 -3.826671e-01
   outer loop
     vertex -3.264421e+01 -8.426441e+01 -3.408333e+01
     vertex -2.968296e+01 -8.834683e+01 -4.090000e+01
     vertex -3.404978e+01 -8.675743e+01 -4.090000e+01
   endloop
 endfacet
 facet normal  3.730435e-01  8.448631e-01 -3.834644e-01
   outer loop
     vertex -3.264421e+01 -8.426441e+01 -3.408333e+01
     vertex -4.027989e+01 -8.089292e+01 -3.408333e+01
     vertex -3.901696e+01 -7.835663e+01 -2.726667e+01
   endloop
 endfacet
 facet normal  3.711575e-01  8.405916e-01 -3.945223e-01
   outer loop
     vertex -3.264421e+01 -8.426441e+01 -3.408333e+01
     vertex -3.833196e+01 -8.495235e+01 -4.090000e+01
     vertex -4.027989e+01 -8.089292e+01 -3.408333e+01
   endloop
 endfacet
 facet normal  5.900106e-01  7.105227e-01 -3.834644e-01
   outer loop
     vertex -4.762822e+01 -6.306996e+01 -6.816667e+00
     vertex -5.515322e+01 -6.050020e+01 -1.363333e+01
     vertex -5.324441e+01 -5.840634e+01 -6.816667e+00
   endloop
 endfacet
 facet normal  5.900106e-01  7.105227e-01 -3.834644e-01
   outer loop
     vertex -4.762822e+01 -6.306996e+01 -6.816667e+00
     vertex -4.933569e+01 -6.533101e+01 -1.363333e+01
     vertex -5.515322e+01 -6.050020e+01 -1.363333e+01
   endloop
 endfacet
 facet normal  5.920316e-01  7.129565e-01 -3.757548e-01
   outer loop
     vertex -4.762822e+01 -6.306996e+01 -6.816667e+00
     vertex -5.324441e+01 -5.840634e+01 -6.816667e+00
     vertex -4.750992e+01 -5.957556e+01  0.000000e+00
   endloop
 endfacet
 facet normal  5.568737e-01  7.351753e-01 -3.865346e-01
   outer loop
     vertex -4.762822e+01 -6.306996e+01 -6.816667e+00
     vertex -4.750992e+01 -5.957556e+01  0.000000e+00
     vertex -4.448127e+01 -6.186968e+01  0.000000e+00
   endloop
 endfacet
 facet normal  5.219349e-01  7.619311e-01 -3.834644e-01
   outer loop
     vertex -4.309725e+01 -6.960444e+01 -1.363333e+01
     vertex -4.933569e+01 -6.533101e+01 -1.363333e+01
     vertex -4.762822e+01 -6.306996e+01 -6.816667e+00
   endloop
 endfacet
 facet normal  5.219349e-01  7.619311e-01 -3.834644e-01
   outer loop
     vertex -4.309725e+01 -6.960444e+01 -1.363333e+01
     vertex -5.104315e+01 -6.759206e+01 -2.045000e+01
     vertex -4.933569e+01 -6.533101e+01 -1.363333e+01
   endloop
 endfacet
 facet normal  5.219349e-01  7.619311e-01 -3.834644e-01
   outer loop
     vertex -4.309725e+01 -6.960444e+01 -1.363333e+01
     vertex -4.458880e+01 -7.201339e+01 -2.045000e+01
     vertex -5.104315e+01 -6.759206e+01 -2.045000e+01
   endloop
 endfacet
 facet normal  4.494063e-01  8.068389e-01 -3.834644e-01
   outer loop
     vertex -3.775404e+01 -7.582033e+01 -2.045000e+01
     vertex -3.901696e+01 -7.835663e+01 -2.726667e+01
     vertex -4.608036e+01 -7.442234e+01 -2.726667e+01
   endloop
 endfacet
 facet normal  4.494063e-01  8.068389e-01 -3.834644e-01
   outer loop
     vertex -3.775404e+01 -7.582033e+01 -2.045000e+01
     vertex -4.608036e+01 -7.442234e+01 -2.726667e+01
     vertex -4.458880e+01 -7.201339e+01 -2.045000e+01
   endloop
 endfacet
 facet normal  3.730435e-01  8.448631e-01 -3.834644e-01
   outer loop
     vertex -3.162069e+01 -8.162240e+01 -2.726667e+01
     vertex -3.264421e+01 -8.426441e+01 -3.408333e+01
     vertex -3.901696e+01 -7.835663e+01 -2.726667e+01
   endloop
 endfacet
 facet normal  2.722805e-01  8.827115e-01 -3.829931e-01
   outer loop
     vertex -2.473001e+01 -8.691698e+01 -3.408333e+01
     vertex -2.524233e+01 -8.971658e+01 -4.090000e+01
     vertex -2.968296e+01 -8.834683e+01 -4.090000e+01
   endloop
 endfacet
 facet normal  2.277859e-01  8.945715e-01 -3.845198e-01
   outer loop
     vertex -2.473001e+01 -8.691698e+01 -3.408333e+01
     vertex -2.073895e+01 -9.086328e+01 -4.090000e+01
     vertex -2.524233e+01 -8.971658e+01 -4.090000e+01
   endloop
 endfacet
 facet normal  2.919675e-01  8.711125e-01 -3.948645e-01
   outer loop
     vertex -2.473001e+01 -8.691698e+01 -3.408333e+01
     vertex -2.968296e+01 -8.834683e+01 -4.090000e+01
     vertex -3.264421e+01 -8.426441e+01 -3.408333e+01
   endloop
 endfacet
 facet normal  5.219349e-01  7.619311e-01 -3.834644e-01
   outer loop
     vertex -4.160569e+01 -6.719549e+01 -6.816667e+00
     vertex -4.309725e+01 -6.960444e+01 -1.363333e+01
     vertex -4.762822e+01 -6.306996e+01 -6.816667e+00
   endloop
 endfacet
 facet normal  5.215964e-01  7.650414e-01 -3.776889e-01
   outer loop
     vertex -4.160569e+01 -6.719549e+01 -6.816667e+00
     vertex -4.448127e+01 -6.186968e+01  0.000000e+00
     vertex -4.134203e+01 -6.400998e+01  0.000000e+00
   endloop
 endfacet
 facet normal  4.809387e-01  7.870212e-01 -3.863878e-01
   outer loop
     vertex -4.160569e+01 -6.719549e+01 -6.816667e+00
     vertex -4.134203e+01 -6.400998e+01  0.000000e+00
     vertex -3.810000e+01 -6.599114e+01  0.000000e+00
   endloop
 endfacet
 facet normal  5.235955e-01  7.643552e-01 -3.763095e-01
   outer loop
     vertex -4.160569e+01 -6.719549e+01 -6.816667e+00
     vertex -4.762822e+01 -6.306996e+01 -6.816667e+00
     vertex -4.448127e+01 -6.186968e+01  0.000000e+00
   endloop
 endfacet
 facet normal  4.494063e-01  8.068389e-01 -3.834644e-01
   outer loop
     vertex -3.649111e+01 -7.328403e+01 -1.363333e+01
     vertex -4.458880e+01 -7.201339e+01 -2.045000e+01
     vertex -4.309725e+01 -6.960444e+01 -1.363333e+01
   endloop
 endfacet
 facet normal  4.494063e-01  8.068389e-01 -3.834644e-01
   outer loop
     vertex -3.649111e+01 -7.328403e+01 -1.363333e+01
     vertex -3.775404e+01 -7.582033e+01 -2.045000e+01
     vertex -4.458880e+01 -7.201339e+01 -2.045000e+01
   endloop
 endfacet
 facet normal  3.730435e-01  8.448631e-01 -3.834644e-01
   outer loop
     vertex -3.059717e+01 -7.898040e+01 -2.045000e+01
     vertex -3.162069e+01 -8.162240e+01 -2.726667e+01
     vertex -3.901696e+01 -7.835663e+01 -2.726667e+01
   endloop
 endfacet
 facet normal  3.730435e-01  8.448631e-01 -3.834644e-01
   outer loop
     vertex -3.059717e+01 -7.898040e+01 -2.045000e+01
     vertex -3.901696e+01 -7.835663e+01 -2.726667e+01
     vertex -3.775404e+01 -7.582033e+01 -2.045000e+01
   endloop
 endfacet
 facet normal  2.934981e-01  8.756791e-01 -3.834644e-01
   outer loop
     vertex -2.395463e+01 -8.419180e+01 -2.726667e+01
     vertex -2.473001e+01 -8.691698e+01 -3.408333e+01
     vertex -3.264421e+01 -8.426441e+01 -3.408333e+01
   endloop
 endfacet
 facet normal  2.934981e-01  8.756791e-01 -3.834644e-01
   outer loop
     vertex -2.395463e+01 -8.419180e+01 -2.726667e+01
     vertex -3.264421e+01 -8.426441e+01 -3.408333e+01
     vertex -3.162069e+01 -8.162240e+01 -2.726667e+01
   endloop
 endfacet
 facet normal  1.831530e-01  9.060057e-01 -3.815869e-01
   outer loop
     vertex -1.660483e+01 -8.882800e+01 -3.408333e+01
     vertex -1.618401e+01 -9.178408e+01 -4.090000e+01
     vertex -2.073895e+01 -9.086328e+01 -4.090000e+01
   endloop
 endfacet
 facet normal  1.374334e-01  9.118112e-01 -3.869269e-01
   outer loop
     vertex -1.660483e+01 -8.882800e+01 -3.408333e+01
     vertex -1.158883e+01 -9.247669e+01 -4.090000e+01
     vertex -1.618401e+01 -9.178408e+01 -4.090000e+01
   endloop
 endfacet
 facet normal  2.103683e-01  8.944313e-01 -3.946364e-01
   outer loop
     vertex -1.660483e+01 -8.882800e+01 -3.408333e+01
     vertex -2.073895e+01 -9.086328e+01 -4.090000e+01
     vertex -2.473001e+01 -8.691698e+01 -3.408333e+01
   endloop
 endfacet
 facet normal  4.510815e-01  8.098465e-01 -3.750656e-01
   outer loop
     vertex -3.522819e+01 -7.074774e+01 -6.816667e+00
     vertex -4.160569e+01 -6.719549e+01 -6.816667e+00
     vertex -3.810000e+01 -6.599114e+01  0.000000e+00
   endloop
 endfacet
 facet normal  4.494063e-01  8.068389e-01 -3.834644e-01
   outer loop
     vertex -3.522819e+01 -7.074774e+01 -6.816667e+00
     vertex -3.649111e+01 -7.328403e+01 -1.363333e+01
     vertex -4.309725e+01 -6.960444e+01 -1.363333e+01
   endloop
 endfacet
 facet normal  4.494063e-01  8.068389e-01 -3.834644e-01
   outer loop
     vertex -3.522819e+01 -7.074774e+01 -6.816667e+00
     vertex -4.309725e+01 -6.960444e+01 -1.363333e+01
     vertex -4.160569e+01 -6.719549e+01 -6.816667e+00
   endloop
 endfacet
 facet normal  4.422987e-01  8.121967e-01 -3.804056e-01
   outer loop
     vertex -3.522819e+01 -7.074774e+01 -6.816667e+00
     vertex -3.810000e+01 -6.599114e+01  0.000000e+00
     vertex -3.476325e+01 -6.780823e+01  0.000000e+00
   endloop
 endfacet
 facet normal  4.003023e-01  8.312363e-01 -3.857516e-01
   outer loop
     vertex -3.522819e+01 -7.074774e+01 -6.816667e+00
     vertex -3.476325e+01 -6.780823e+01  0.000000e+00
     vertex -3.134008e+01 -6.945675e+01  0.000000e+00
   endloop
 endfacet
 facet normal  3.730435e-01  8.448631e-01 -3.834644e-01
   outer loop
     vertex -2.957365e+01 -7.633839e+01 -1.363333e+01
     vertex -3.059717e+01 -7.898040e+01 -2.045000e+01
     vertex -3.775404e+01 -7.582033e+01 -2.045000e+01
   endloop
 endfacet
 facet normal  3.730435e-01  8.448631e-01 -3.834644e-01
   outer loop
     vertex -2.957365e+01 -7.633839e+01 -1.363333e+01
     vertex -3.775404e+01 -7.582033e+01 -2.045000e+01
     vertex -3.649111e+01 -7.328403e+01 -1.363333e+01
   endloop
 endfacet
 facet normal  2.934981e-01  8.756791e-01 -3.834644e-01
   outer loop
     vertex -2.317926e+01 -8.146663e+01 -2.045000e+01
     vertex -3.059717e+01 -7.898040e+01 -2.045000e+01
     vertex -2.957365e+01 -7.633839e+01 -1.363333e+01
   endloop
 endfacet
 facet normal  2.934981e-01  8.756791e-01 -3.834644e-01
   outer loop
     vertex -2.317926e+01 -8.146663e+01 -2.045000e+01
     vertex -2.395463e+01 -8.419180e+01 -2.726667e+01
     vertex -3.162069e+01 -8.162240e+01 -2.726667e+01
   endloop
 endfacet
 facet normal  2.934981e-01  8.756791e-01 -3.834644e-01
   outer loop
     vertex -2.317926e+01 -8.146663e+01 -2.045000e+01
     vertex -3.162069e+01 -8.162240e+01 -2.726667e+01
     vertex -3.059717e+01 -7.898040e+01 -2.045000e+01
   endloop
 endfacet
 facet normal  2.114486e-01  8.990242e-01 -3.834644e-01
   outer loop
     vertex -1.608421e+01 -8.604291e+01 -2.726667e+01
     vertex -2.473001e+01 -8.691698e+01 -3.408333e+01
     vertex -2.395463e+01 -8.419180e+01 -2.726667e+01
   endloop
 endfacet
 facet normal  2.114486e-01  8.990242e-01 -3.834644e-01
   outer loop
     vertex -1.608421e+01 -8.604291e+01 -2.726667e+01
     vertex -1.660483e+01 -8.882800e+01 -3.408333e+01
     vertex -2.473001e+01 -8.691698e+01 -3.408333e+01
   endloop
 endfacet
 facet normal  9.206853e-02  9.200864e-01 -3.807419e-01
   outer loop
     vertex -8.337984e+00 -8.998118e+01 -3.408333e+01
     vertex -6.964845e+00 -9.293939e+01 -4.090000e+01
     vertex -1.158883e+01 -9.247669e+01 -4.090000e+01
   endloop
 endfacet
 facet normal  4.590131e-02  9.197198e-01 -3.898827e-01
   outer loop
     vertex -8.337984e+00 -8.998118e+01 -3.408333e+01
     vertex -2.323540e+00 -9.317103e+01 -4.090000e+01
     vertex -6.964845e+00 -9.293939e+01 -4.090000e+01
   endloop
 endfacet
 facet normal  1.269906e-01  9.103656e-01 -3.938375e-01
   outer loop
     vertex -8.337984e+00 -8.998118e+01 -3.408333e+01
     vertex -1.158883e+01 -9.247669e+01 -4.090000e+01
     vertex -1.660483e+01 -8.882800e+01 -3.408333e+01
   endloop
 endfacet
 facet normal  3.745592e-01  8.482957e-01 -3.742990e-01
   outer loop
     vertex -2.855013e+01 -7.369639e+01 -6.816667e+00
     vertex -3.522819e+01 -7.074774e+01 -6.816667e+00
     vertex -3.134008e+01 -6.945675e+01  0.000000e+00
   endloop
 endfacet
 facet normal  3.730435e-01  8.448631e-01 -3.834644e-01
   outer loop
     vertex -2.855013e+01 -7.369639e+01 -6.816667e+00
     vertex -2.957365e+01 -7.633839e+01 -1.363333e+01
     vertex -3.649111e+01 -7.328403e+01 -1.363333e+01
   endloop
 endfacet
 facet normal  3.588770e-01  8.513567e-01 -3.826213e-01
   outer loop
     vertex -2.855013e+01 -7.369639e+01 -6.816667e+00
     vertex -3.134008e+01 -6.945675e+01  0.000000e+00
     vertex -2.783899e+01 -7.093258e+01  0.000000e+00
   endloop
 endfacet
 facet normal  3.157096e-01  8.674050e-01 -3.846246e-01
   outer loop
     vertex -2.855013e+01 -7.369639e+01 -6.816667e+00
     vertex -2.783899e+01 -7.093258e+01  0.000000e+00
     vertex -2.426868e+01 -7.223206e+01  0.000000e+00
   endloop
 endfacet
 facet normal  3.730435e-01  8.448631e-01 -3.834644e-01
   outer loop
     vertex -2.855013e+01 -7.369639e+01 -6.816667e+00
     vertex -3.649111e+01 -7.328403e+01 -1.363333e+01
     vertex -3.522819e+01 -7.074774e+01 -6.816667e+00
   endloop
 endfacet
 facet normal  2.934981e-01  8.756791e-01 -3.834644e-01
   outer loop
     vertex -2.240388e+01 -7.874146e+01 -1.363333e+01
     vertex -2.317926e+01 -8.146663e+01 -2.045000e+01
     vertex -2.957365e+01 -7.633839e+01 -1.363333e+01
   endloop
 endfacet
 facet normal  2.114486e-01  8.990242e-01 -3.834644e-01
   outer loop
     vertex -1.556358e+01 -8.325782e+01 -2.045000e+01
     vertex -1.608421e+01 -8.604291e+01 -2.726667e+01
     vertex -2.395463e+01 -8.419180e+01 -2.726667e+01
   endloop
 endfacet
 facet normal  2.114486e-01  8.990242e-01 -3.834644e-01
   outer loop
     vertex -1.556358e+01 -8.325782e+01 -2.045000e+01
     vertex -2.395463e+01 -8.419180e+01 -2.726667e+01
     vertex -2.317926e+01 -8.146663e+01 -2.045000e+01
   endloop
 endfacet
 facet normal  2.114486e-01  8.990242e-01 -3.834644e-01
   outer loop
     vertex -1.556358e+01 -8.325782e+01 -2.045000e+01
     vertex -2.317926e+01 -8.146663e+01 -2.045000e+01
     vertex -2.240388e+01 -7.874146e+01 -1.363333e+01
   endloop
 endfacet
 facet normal  1.275951e-01  9.146992e-01 -3.834644e-01
   outer loop
     vertex -8.076557e+00 -8.715993e+01 -2.726667e+01
     vertex -8.337984e+00 -8.998118e+01 -3.408333e+01
     vertex -1.660483e+01 -8.882800e+01 -3.408333e+01
   endloop
 endfacet
 facet normal  1.275951e-01  9.146992e-01 -3.834644e-01
   outer loop
     vertex -8.076557e+00 -8.715993e+01 -2.726667e+01
     vertex -1.660483e+01 -8.882800e+01 -3.408333e+01
     vertex -1.608421e+01 -8.604291e+01 -2.726667e+01
   endloop
 endfacet
 facet normal -8.504883e-15  9.247974e-01 -3.804601e-01
   outer loop
     vertex  1.439234e-13 -9.036667e+01 -3.408333e+01
     vertex  2.323540e+00 -9.317103e+01 -4.090000e+01
     vertex -2.323540e+00 -9.317103e+01 -4.090000e+01
   endloop
 endfacet
 facet normal  4.247800e-02  9.187852e-01 -3.924658e-01
   outer loop
     vertex  1.439234e-13 -9.036667e+01 -3.408333e+01
     vertex -2.323540e+00 -9.317103e+01 -4.090000e+01
     vertex -8.337984e+00 -8.998118e+01 -3.408333e+01
   endloop
 endfacet
 facet normal  2.947274e-01  8.793471e-01 -3.740113e-01
   outer loop
     vertex -2.162850e+01 -7.601629e+01 -6.816667e+00
     vertex -2.855013e+01 -7.369639e+01 -6.816667e+00
     vertex -2.426868e+01 -7.223206e+01  0.000000e+00
   endloop
 endfacet
 facet normal  2.934981e-01  8.756791e-01 -3.834644e-01
   outer loop
     vertex -2.162850e+01 -7.601629e+01 -6.816667e+00
     vertex -2.240388e+01 -7.874146e+01 -1.363333e+01
     vertex -2.957365e+01 -7.633839e+01 -1.363333e+01
   endloop
 endfacet
 facet normal  2.721155e-01  8.821768e-01 -3.843401e-01
   outer loop
     vertex -2.162850e+01 -7.601629e+01 -6.816667e+00
     vertex -2.426868e+01 -7.223206e+01  0.000000e+00
     vertex -2.063804e+01 -7.335197e+01  0.000000e+00
   endloop
 endfacet
 facet normal  2.279413e-01  8.951817e-01 -3.830047e-01
   outer loop
     vertex -2.162850e+01 -7.601629e+01 -6.816667e+00
     vertex -2.063804e+01 -7.335197e+01  0.000000e+00
     vertex -1.695610e+01 -7.428951e+01  0.000000e+00
   endloop
 endfacet
 facet normal  2.934981e-01  8.756791e-01 -3.834644e-01
   outer loop
     vertex -2.162850e+01 -7.601629e+01 -6.816667e+00
     vertex -2.957365e+01 -7.633839e+01 -1.363333e+01
     vertex -2.855013e+01 -7.369639e+01 -6.816667e+00
   endloop
 endfacet
 facet normal  2.114486e-01  8.990242e-01 -3.834644e-01
   outer loop
     vertex -1.504296e+01 -8.047273e+01 -1.363333e+01
     vertex -1.556358e+01 -8.325782e+01 -2.045000e+01
     vertex -2.240388e+01 -7.874146e+01 -1.363333e+01
   endloop
 endfacet
 facet normal  1.275951e-01  9.146992e-01 -3.834644e-01
   outer loop
     vertex -7.815130e+00 -8.433868e+01 -2.045000e+01
     vertex -1.608421e+01 -8.604291e+01 -2.726667e+01
     vertex -1.556358e+01 -8.325782e+01 -2.045000e+01
   endloop
 endfacet
 facet normal  1.275951e-01  9.146992e-01 -3.834644e-01
   outer loop
     vertex -7.815130e+00 -8.433868e+01 -2.045000e+01
     vertex -8.076557e+00 -8.715993e+01 -2.726667e+01
     vertex -1.608421e+01 -8.604291e+01 -2.726667e+01
   endloop
 endfacet
 facet normal  4.265299e-02  9.225702e-01 -3.834644e-01
   outer loop
     vertex  1.394108e-13 -8.753333e+01 -2.726667e+01
     vertex -8.337984e+00 -8.998118e+01 -3.408333e+01
     vertex -8.076557e+00 -8.715993e+01 -2.726667e+01
   endloop
 endfacet
 facet normal  4.265299e-02  9.225702e-01 -3.834644e-01
   outer loop
     vertex  1.394108e-13 -8.753333e+01 -2.726667e+01
     vertex  1.439234e-13 -9.036667e+01 -3.408333e+01
     vertex -8.337984e+00 -8.998118e+01 -3.408333e+01
   endloop
 endfacet
 facet normal -4.590131e-02  9.197198e-01 -3.898827e-01
   outer loop
     vertex  8.337984e+00 -8.998118e+01 -3.408333e+01
     vertex  6.964845e+00 -9.293939e+01 -4.090000e+01
     vertex  2.323540e+00 -9.317103e+01 -4.090000e+01
   endloop
 endfacet
 facet normal -9.206853e-02  9.200864e-01 -3.807419e-01
   outer loop
     vertex  8.337984e+00 -8.998118e+01 -3.408333e+01
     vertex  1.158883e+01 -9.247669e+01 -4.090000e+01
     vertex  6.964845e+00 -9.293939e+01 -4.090000e+01
   endloop
 endfacet
 facet normal -4.247800e-02  9.187852e-01 -3.924658e-01
   outer loop
     vertex  8.337984e+00 -8.998118e+01 -3.408333e+01
     vertex  2.323540e+00 -9.317103e+01 -4.090000e+01
     vertex  1.439234e-13 -9.036667e+01 -3.408333e+01
   endloop
 endfacet
 facet normal  2.114486e-01  8.990242e-01 -3.834644e-01
   outer loop
     vertex -1.452234e+01 -7.768764e+01 -6.816667e+00
     vertex -2.240388e+01 -7.874146e+01 -1.363333e+01
     vertex -2.162850e+01 -7.601629e+01 -6.816667e+00
   endloop
 endfacet
 facet normal  2.114486e-01  8.990242e-01 -3.834644e-01
   outer loop
     vertex -1.452234e+01 -7.768764e+01 -6.816667e+00
     vertex -1.504296e+01 -8.047273e+01 -1.363333e+01
     vertex -2.240388e+01 -7.874146e+01 -1.363333e+01
   endloop
 endfacet
 facet normal  2.123166e-01  9.027146e-01 -3.742031e-01
   outer loop
     vertex -1.452234e+01 -7.768764e+01 -6.816667e+00
     vertex -2.162850e+01 -7.601629e+01 -6.816667e+00
     vertex -1.695610e+01 -7.428951e+01  0.000000e+00
   endloop
 endfacet
 facet normal  1.828256e-01  9.043860e-01 -3.855655e-01
   outer loop
     vertex -1.452234e+01 -7.768764e+01 -6.816667e+00
     vertex -1.695610e+01 -7.428951e+01  0.000000e+00
     vertex -1.323199e+01 -7.504235e+01  0.000000e+00
   endloop
 endfacet
 facet normal  1.378076e-01  9.142937e-01 -3.808887e-01
   outer loop
     vertex -1.452234e+01 -7.768764e+01 -6.816667e+00
     vertex -1.323199e+01 -7.504235e+01  0.000000e+00
     vertex -9.474990e+00 -7.560863e+01  0.000000e+00
   endloop
 endfacet
 facet normal  1.275951e-01  9.146992e-01 -3.834644e-01
   outer loop
     vertex -7.553703e+00 -8.151744e+01 -1.363333e+01
     vertex -7.815130e+00 -8.433868e+01 -2.045000e+01
     vertex -1.556358e+01 -8.325782e+01 -2.045000e+01
   endloop
 endfacet
 facet normal  1.275951e-01  9.146992e-01 -3.834644e-01
   outer loop
     vertex -7.553703e+00 -8.151744e+01 -1.363333e+01
     vertex -1.556358e+01 -8.325782e+01 -2.045000e+01
     vertex -1.504296e+01 -8.047273e+01 -1.363333e+01
   endloop
 endfacet
 facet normal  4.265299e-02  9.225702e-01 -3.834644e-01
   outer loop
     vertex  1.348983e-13 -8.470000e+01 -2.045000e+01
     vertex -8.076557e+00 -8.715993e+01 -2.726667e+01
     vertex -7.815130e+00 -8.433868e+01 -2.045000e+01
   endloop
 endfacet
 facet normal  4.265299e-02  9.225702e-01 -3.834644e-01
   outer loop
     vertex  1.348983e-13 -8.470000e+01 -2.045000e+01
     vertex  1.394108e-13 -8.753333e+01 -2.726667e+01
     vertex -8.076557e+00 -8.715993e+01 -2.726667e+01
   endloop
 endfacet
 facet normal -4.265299e-02  9.225702e-01 -3.834644e-01
   outer loop
     vertex  8.076557e+00 -8.715993e+01 -2.726667e+01
     vertex  1.439234e-13 -9.036667e+01 -3.408333e+01
     vertex  1.394108e-13 -8.753333e+01 -2.726667e+01
   endloop
 endfacet
 facet normal -4.265299e-02  9.225702e-01 -3.834644e-01
   outer loop
     vertex  8.076557e+00 -8.715993e+01 -2.726667e+01
     vertex  8.337984e+00 -8.998118e+01 -3.408333e+01
     vertex  1.439234e-13 -9.036667e+01 -3.408333e+01
   endloop
 endfacet
 facet normal -1.374334e-01  9.118112e-01 -3.869269e-01
   outer loop
     vertex  1.660483e+01 -8.882800e+01 -3.408333e+01
     vertex  1.618401e+01 -9.178408e+01 -4.090000e+01
     vertex  1.158883e+01 -9.247669e+01 -4.090000e+01
   endloop
 endfacet
 facet normal -1.831530e-01  9.060057e-01 -3.815869e-01
   outer loop
     vertex  1.660483e+01 -8.882800e+01 -3.408333e+01
     vertex  2.073895e+01 -9.086328e+01 -4.090000e+01
     vertex  1.618401e+01 -9.178408e+01 -4.090000e+01
   endloop
 endfacet
 facet normal -1.269906e-01  9.103656e-01 -3.938375e-01
   outer loop
     vertex  1.660483e+01 -8.882800e+01 -3.408333e+01
     vertex  1.158883e+01 -9.247669e+01 -4.090000e+01
     vertex  8.337984e+00 -8.998118e+01 -3.408333e+01
   endloop
 endfacet
 facet normal  1.275951e-01  9.146992e-01 -3.834644e-01
   outer loop
     vertex -7.292276e+00 -7.869619e+01 -6.816667e+00
     vertex -1.504296e+01 -8.047273e+01 -1.363333e+01
     vertex -1.452234e+01 -7.768764e+01 -6.816667e+00
   endloop
 endfacet
 facet normal  1.275951e-01  9.146992e-01 -3.834644e-01
   outer loop
     vertex -7.292276e+00 -7.869619e+01 -6.816667e+00
     vertex -7.553703e+00 -8.151744e+01 -1.363333e+01
     vertex -1.504296e+01 -8.047273e+01 -1.363333e+01
   endloop
 endfacet
 facet normal  1.280814e-01  9.181855e-01 -3.748740e-01
   outer loop
     vertex -7.292276e+00 -7.869619e+01 -6.816667e+00
     vertex -1.452234e+01 -7.768764e+01 -6.816667e+00
     vertex -9.474990e+00 -7.560863e+01  0.000000e+00
   endloop
 endfacet
 facet normal  9.183872e-02  9.177898e-01 -3.862998e-01
   outer loop
     vertex -7.292276e+00 -7.869619e+01 -6.816667e+00
     vertex -9.474990e+00 -7.560863e+01  0.000000e+00
     vertex -5.694433e+00 -7.598693e+01  0.000000e+00
   endloop
 endfacet
 facet normal  4.614205e-02  9.245435e-01 -3.782726e-01
   outer loop
     vertex -7.292276e+00 -7.869619e+01 -6.816667e+00
     vertex -5.694433e+00 -7.598693e+01  0.000000e+00
     vertex -1.899719e+00 -7.617632e+01  0.000000e+00
   endloop
 endfacet
 facet normal  4.265299e-02  9.225702e-01 -3.834644e-01
   outer loop
     vertex  1.303858e-13 -8.186667e+01 -1.363333e+01
     vertex  1.348983e-13 -8.470000e+01 -2.045000e+01
     vertex -7.815130e+00 -8.433868e+01 -2.045000e+01
   endloop
 endfacet
 facet normal  4.265299e-02  9.225702e-01 -3.834644e-01
   outer loop
     vertex  1.303858e-13 -8.186667e+01 -1.363333e+01
     vertex -7.815130e+00 -8.433868e+01 -2.045000e+01
     vertex -7.553703e+00 -8.151744e+01 -1.363333e+01
   endloop
 endfacet
 facet normal -4.265299e-02  9.225702e-01 -3.834644e-01
   outer loop
     vertex  7.815130e+00 -8.433868e+01 -2.045000e+01
     vertex  1.394108e-13 -8.753333e+01 -2.726667e+01
     vertex  1.348983e-13 -8.470000e+01 -2.045000e+01
   endloop
 endfacet
 facet normal -4.265299e-02  9.225702e-01 -3.834644e-01
   outer loop
     vertex  7.815130e+00 -8.433868e+01 -2.045000e+01
     vertex  1.348983e-13 -8.470000e+01 -2.045000e+01
     vertex  1.303858e-13 -8.186667e+01 -1.363333e+01
   endloop
 endfacet
 facet normal -4.265299e-02  9.225702e-01 -3.834644e-01
   outer loop
     vertex  7.815130e+00 -8.433868e+01 -2.045000e+01
     vertex  8.076557e+00 -8.715993e+01 -2.726667e+01
     vertex  1.394108e-13 -8.753333e+01 -2.726667e+01
   endloop
 endfacet
 facet normal -1.275951e-01  9.146992e-01 -3.834644e-01
   outer loop
     vertex  1.608421e+01 -8.604291e+01 -2.726667e+01
     vertex  8.337984e+00 -8.998118e+01 -3.408333e+01
     vertex  8.076557e+00 -8.715993e+01 -2.726667e+01
   endloop
 endfacet
 facet normal -1.275951e-01  9.146992e-01 -3.834644e-01
   outer loop
     vertex  1.608421e+01 -8.604291e+01 -2.726667e+01
     vertex  1.660483e+01 -8.882800e+01 -3.408333e+01
     vertex  8.337984e+00 -8.998118e+01 -3.408333e+01
   endloop
 endfacet
 facet normal -2.277859e-01  8.945715e-01 -3.845198e-01
   outer loop
     vertex  2.473001e+01 -8.691698e+01 -3.408333e+01
     vertex  2.524233e+01 -8.971658e+01 -4.090000e+01
     vertex  2.073895e+01 -9.086328e+01 -4.090000e+01
   endloop
 endfacet
 facet normal -2.722805e-01  8.827115e-01 -3.829931e-01
   outer loop
     vertex  2.473001e+01 -8.691698e+01 -3.408333e+01
     vertex  2.968296e+01 -8.834683e+01 -4.090000e+01
     vertex  2.524233e+01 -8.971658e+01 -4.090000e+01
   endloop
 endfacet
 facet normal -2.103683e-01  8.944313e-01 -3.946364e-01
   outer loop
     vertex  2.473001e+01 -8.691698e+01 -3.408333e+01
     vertex  2.073895e+01 -9.086328e+01 -4.090000e+01
     vertex  1.660483e+01 -8.882800e+01 -3.408333e+01
   endloop
 endfacet
 facet normal  4.265299e-02  9.225702e-01 -3.834644e-01
   outer loop
     vertex  1.258732e-13 -7.903333e+01 -6.816667e+00
     vertex -7.553703e+00 -8.151744e+01 -1.363333e+01
     vertex -7.292276e+00 -7.869619e+01 -6.816667e+00
   endloop
 endfacet
 facet normal  4.265299e-02  9.225702e-01 -3.834644e-01
   outer loop
     vertex  1.258732e-13 -7.903333e+01 -6.816667e+00
     vertex  1.303858e-13 -8.186667e+01 -1.363333e+01
     vertex -7.553703e+00 -8.151744e+01 -1.363333e+01
   endloop
 endfacet
 facet normal  4.279408e-02  9.256218e-01 -3.760226e-01
   outer loop
     vertex  1.258732e-13 -7.903333e+01 -6.816667e+00
     vertex -7.292276e+00 -7.869619e+01 -6.816667e+00
     vertex -1.899719e+00 -7.617632e+01  0.000000e+00
   endloop
 endfacet
 facet normal -1.037388e-14  9.222708e-01 -3.865444e-01
   outer loop
     vertex  1.258732e-13 -7.903333e+01 -6.816667e+00
     vertex -1.899719e+00 -7.617632e+01  0.000000e+00
     vertex  1.899719e+00 -7.617632e+01  0.000000e+00
   endloop
 endfacet
 facet normal -4.265299e-02  9.225702e-01 -3.834644e-01
   outer loop
     vertex  7.553703e+00 -8.151744e+01 -1.363333e+01
     vertex  7.815130e+00 -8.433868e+01 -2.045000e+01
     vertex  1.303858e-13 -8.186667e+01 -1.363333e+01
   endloop
 endfacet
 facet normal -1.275951e-01  9.146992e-01 -3.834644e-01
   outer loop
     vertex  1.556358e+01 -8.325782e+01 -2.045000e+01
     vertex  8.076557e+00 -8.715993e+01 -2.726667e+01
     vertex  7.815130e+00 -8.433868e+01 -2.045000e+01
   endloop
 endfacet
 facet normal -1.275951e-01  9.146992e-01 -3.834644e-01
   outer loop
     vertex  1.556358e+01 -8.325782e+01 -2.045000e+01
     vertex  7.815130e+00 -8.433868e+01 -2.045000e+01
     vertex  7.553703e+00 -8.151744e+01 -1.363333e+01
   endloop
 endfacet
 facet normal -1.275951e-01  9.146992e-01 -3.834644e-01
   outer loop
     vertex  1.556358e+01 -8.325782e+01 -2.045000e+01
     vertex  1.608421e+01 -8.604291e+01 -2.726667e+01
     vertex  8.076557e+00 -8.715993e+01 -2.726667e+01
   endloop
 endfacet
 facet normal -2.114486e-01  8.990242e-01 -3.834644e-01
   outer loop
     vertex  2.395463e+01 -8.419180e+01 -2.726667e+01
     vertex  1.660483e+01 -8.882800e+01 -3.408333e+01
     vertex  1.608421e+01 -8.604291e+01 -2.726667e+01
   endloop
 endfacet
 facet normal -2.114486e-01  8.990242e-01 -3.834644e-01
   outer loop
     vertex  2.395463e+01 -8.419180e+01 -2.726667e+01
     vertex  2.473001e+01 -8.691698e+01 -3.408333e+01
     vertex  1.660483e+01 -8.882800e+01 -3.408333e+01
   endloop
 endfacet
 facet normal -2.919675e-01  8.711125e-01 -3.948645e-01
   outer loop
     vertex  3.264421e+01 -8.426441e+01 -3.408333e+01
     vertex  2.968296e+01 -8.834683e+01 -4.090000e+01
     vertex  2.473001e+01 -8.691698e+01 -3.408333e+01
   endloop
 endfacet
 facet normal -3.159877e-01  8.681691e-01 -3.826671e-01
   outer loop
     vertex  3.264421e+01 -8.426441e+01 -3.408333e+01
     vertex  3.404978e+01 -8.675743e+01 -4.090000e+01
     vertex  2.968296e+01 -8.834683e+01 -4.090000e+01
   endloop
 endfacet
 facet normal -3.584999e-01  8.504622e-01 -3.849571e-01
   outer loop
     vertex  3.264421e+01 -8.426441e+01 -3.408333e+01
     vertex  3.833196e+01 -8.495235e+01 -4.090000e+01
     vertex  3.404978e+01 -8.675743e+01 -4.090000e+01
   endloop
 endfacet
 facet normal -4.265299e-02  9.225702e-01 -3.834644e-01
   outer loop
     vertex  7.292276e+00 -7.869619e+01 -6.816667e+00
     vertex  1.303858e-13 -8.186667e+01 -1.363333e+01
     vertex  1.258732e-13 -7.903333e+01 -6.816667e+00
   endloop
 endfacet
 facet normal -4.265299e-02  9.225702e-01 -3.834644e-01
   outer loop
     vertex  7.292276e+00 -7.869619e+01 -6.816667e+00
     vertex  7.553703e+00 -8.151744e+01 -1.363333e+01
     vertex  1.303858e-13 -8.186667e+01 -1.363333e+01
   endloop
 endfacet
 facet normal -4.279408e-02  9.256218e-01 -3.760226e-01
   outer loop
     vertex  7.292276e+00 -7.869619e+01 -6.816667e+00
     vertex  1.258732e-13 -7.903333e+01 -6.816667e+00
     vertex  1.899719e+00 -7.617632e+01  0.000000e+00
   endloop
 endfacet
 facet normal -4.614205e-02  9.245435e-01 -3.782726e-01
   outer loop
     vertex  7.292276e+00 -7.869619e+01 -6.816667e+00
     vertex  1.899719e+00 -7.617632e+01  0.000000e+00
     vertex  5.694433e+00 -7.598693e+01  0.000000e+00
   endloop
 endfacet
 facet normal -9.183872e-02  9.177898e-01 -3.862998e-01
   outer loop
     vertex  7.292276e+00 -7.869619e+01 -6.816667e+00
     vertex  5.694433e+00 -7.598693e+01  0.000000e+00
     vertex  9.474990e+00 -7.560863e+01  0.000000e+00
   endloop
 endfacet
 facet normal -1.275951e-01  9.146992e-01 -3.834644e-01
   outer loop
     vertex  1.504296e+01 -8.047273e+01 -1.363333e+01
     vertex  1.556358e+01 -8.325782e+01 -2.045000e+01
     vertex  7.553703e+00 -8.151744e+01 -1.363333e+01
   endloop
 endfacet
 facet normal -2.114486e-01  8.990242e-01 -3.834644e-01
   outer loop
     vertex  2.317926e+01 -8.146663e+01 -2.045000e+01
     vertex  1.608421e+01 -8.604291e+01 -2.726667e+01
     vertex  1.556358e+01 -8.325782e+01 -2.045000e+01
   endloop
 endfacet
 facet normal -2.114486e-01  8.990242e-01 -3.834644e-01
   outer loop
     vertex  2.317926e+01 -8.146663e+01 -2.045000e+01
     vertex  1.556358e+01 -8.325782e+01 -2.045000e+01
     vertex  1.504296e+01 -8.047273e+01 -1.363333e+01
   endloop
 endfacet
 facet normal -2.114486e-01  8.990242e-01 -3.834644e-01
   outer loop
     vertex  2.317926e+01 -8.146663e+01 -2.045000e+01
     vertex  2.395463e+01 -8.419180e+01 -2.726667e+01
     vertex  1.608421e+01 -8.604291e+01 -2.726667e+01
   endloop
 endfacet
 facet normal -2.934981e-01  8.756791e-01 -3.834644e-01
   outer loop
     vertex  3.162069e+01 -8.162240e+01 -2.726667e+01
     vertex  2.473001e+01 -8.691698e+01 -3.408333e+01
     vertex  2.395463e+01 -8.419180e+01 -2.726667e+01
   endloop
 endfacet
 facet normal -2.934981e-01  8.756791e-01 -3.834644e-01
   outer loop
     vertex  3.162069e+01 -8.162240e+01 -2.726667e+01
     vertex  3.264421e+01 -8.426441e+01 -3.408333e+01
     vertex  2.473001e+01 -8.691698e+01 -3.408333e+01
   endloop
 endfacet
 facet normal -3.711575e-01  8.405916e-01 -3.945223e-01
   outer loop
     vertex  4.027989e+01 -8.089292e+01 -3.408333e+01
     vertex  3.833196e+01 -8.495235e+01 -4.090000e+01
     vertex  3.264421e+01 -8.426441e+01 -3.408333e+01
   endloop
 endfacet
 facet normal -4.010914e-01  8.328748e-01 -3.813730e-01
   outer loop
     vertex  4.027989e+01 -8.089292e+01 -3.408333e+01
     vertex  4.251883e+01 -8.293605e+01 -4.090000e+01
     vertex  3.833196e+01 -8.495235e+01 -4.090000e+01
   endloop
 endfacet
 facet normal -4.408930e-01  8.096153e-01 -3.874744e-01
   outer loop
     vertex  4.027989e+01 -8.089292e+01 -3.408333e+01
     vertex  4.660000e+01 -8.071357e+01 -4.090000e+01
     vertex  4.251883e+01 -8.293605e+01 -4.090000e+01
   endloop
 endfacet
 facet normal -1.280814e-01  9.181855e-01 -3.748740e-01
   outer loop
     vertex  1.452234e+01 -7.768764e+01 -6.816667e+00
     vertex  7.292276e+00 -7.869619e+01 -6.816667e+00
     vertex  9.474990e+00 -7.560863e+01  0.000000e+00
   endloop
 endfacet
 facet normal -1.275951e-01  9.146992e-01 -3.834644e-01
   outer loop
     vertex  1.452234e+01 -7.768764e+01 -6.816667e+00
     vertex  1.504296e+01 -8.047273e+01 -1.363333e+01
     vertex  7.553703e+00 -8.151744e+01 -1.363333e+01
   endloop
 endfacet
 facet normal -1.275951e-01  9.146992e-01 -3.834644e-01
   outer loop
     vertex  1.452234e+01 -7.768764e+01 -6.816667e+00
     vertex  7.553703e+00 -8.151744e+01 -1.363333e+01
     vertex  7.292276e+00 -7.869619e+01 -6.816667e+00
   endloop
 endfacet
 facet normal -1.378076e-01  9.142937e-01 -3.808887e-01
   outer loop
     vertex  1.452234e+01 -7.768764e+01 -6.816667e+00
     vertex  9.474990e+00 -7.560863e+01  0.000000e+00
     vertex  1.323199e+01 -7.504235e+01  0.000000e+00
   endloop
 endfacet
 facet normal -1.828256e-01  9.043860e-01 -3.855655e-01
   outer loop
     vertex  1.452234e+01 -7.768764e+01 -6.816667e+00
     vertex  1.323199e+01 -7.504235e+01  0.000000e+00
     vertex  1.695610e+01 -7.428951e+01  0.000000e+00
   endloop
 endfacet
 facet normal -2.114486e-01  8.990242e-01 -3.834644e-01
   outer loop
     vertex  2.240388e+01 -7.874146e+01 -1.363333e+01
     vertex  2.317926e+01 -8.146663e+01 -2.045000e+01
     vertex  1.504296e+01 -8.047273e+01 -1.363333e+01
   endloop
 endfacet
 facet normal -2.934981e-01  8.756791e-01 -3.834644e-01
   outer loop
     vertex  3.059717e+01 -7.898040e+01 -2.045000e+01
     vertex  2.395463e+01 -8.419180e+01 -2.726667e+01
     vertex  2.317926e+01 -8.146663e+01 -2.045000e+01
   endloop
 endfacet
 facet normal -2.934981e-01  8.756791e-01 -3.834644e-01
   outer loop
     vertex  3.059717e+01 -7.898040e+01 -2.045000e+01
     vertex  3.162069e+01 -8.162240e+01 -2.726667e+01
     vertex  2.395463e+01 -8.419180e+01 -2.726667e+01
   endloop
 endfacet
 facet normal -3.730435e-01  8.448631e-01 -3.834644e-01
   outer loop
     vertex  3.901696e+01 -7.835663e+01 -2.726667e+01
     vertex  4.027989e+01 -8.089292e+01 -3.408333e+01
     vertex  3.264421e+01 -8.426441e+01 -3.408333e+01
   endloop
 endfacet
 facet normal -3.730435e-01  8.448631e-01 -3.834644e-01
   outer loop
     vertex  3.901696e+01 -7.835663e+01 -2.726667e+01
     vertex  3.264421e+01 -8.426441e+01 -3.408333e+01
     vertex  3.162069e+01 -8.162240e+01 -2.726667e+01
   endloop
 endfacet
 facet normal -4.473248e-01  8.031018e-01 -3.936090e-01
   outer loop
     vertex  4.757192e+01 -7.683129e+01 -3.408333e+01
     vertex  4.660000e+01 -8.071357e+01 -4.090000e+01
     vertex  4.027989e+01 -8.089292e+01 -3.408333e+01
   endloop
 endfacet
 facet normal -4.821832e-01  7.890578e-01 -3.806405e-01
   outer loop
     vertex  4.757192e+01 -7.683129e+01 -3.408333e+01
     vertex  5.056531e+01 -7.829042e+01 -4.090000e+01
     vertex  4.660000e+01 -8.071357e+01 -4.090000e+01
   endloop
 endfacet
 facet normal -5.185847e-01  7.606241e-01 -3.905391e-01
   outer loop
     vertex  4.757192e+01 -7.683129e+01 -3.408333e+01
     vertex  5.440491e+01 -7.567262e+01 -4.090000e+01
     vertex  5.056531e+01 -7.829042e+01 -4.090000e+01
   endloop
 endfacet
 facet normal -2.721155e-01  8.821768e-01 -3.843401e-01
   outer loop
     vertex  2.162850e+01 -7.601629e+01 -6.816667e+00
     vertex  2.063804e+01 -7.335197e+01  0.000000e+00
     vertex  2.426868e+01 -7.223206e+01  0.000000e+00
   endloop
 endfacet
 facet normal -2.114486e-01  8.990242e-01 -3.834644e-01
   outer loop
     vertex  2.162850e+01 -7.601629e+01 -6.816667e+00
     vertex  1.504296e+01 -8.047273e+01 -1.363333e+01
     vertex  1.452234e+01 -7.768764e+01 -6.816667e+00
   endloop
 endfacet
 facet normal -2.123166e-01  9.027146e-01 -3.742031e-01
   outer loop
     vertex  2.162850e+01 -7.601629e+01 -6.816667e+00
     vertex  1.452234e+01 -7.768764e+01 -6.816667e+00
     vertex  1.695610e+01 -7.428951e+01  0.000000e+00
   endloop
 endfacet
 facet normal -2.114486e-01  8.990242e-01 -3.834644e-01
   outer loop
     vertex  2.162850e+01 -7.601629e+01 -6.816667e+00
     vertex  2.240388e+01 -7.874146e+01 -1.363333e+01
     vertex  1.504296e+01 -8.047273e+01 -1.363333e+01
   endloop
 endfacet
 facet normal -2.279413e-01  8.951817e-01 -3.830047e-01
   outer loop
     vertex  2.162850e+01 -7.601629e+01 -6.816667e+00
     vertex  1.695610e+01 -7.428951e+01  0.000000e+00
     vertex  2.063804e+01 -7.335197e+01  0.000000e+00
   endloop
 endfacet
 facet normal -2.934981e-01  8.756791e-01 -3.834644e-01
   outer loop
     vertex  2.957365e+01 -7.633839e+01 -1.363333e+01
     vertex  2.317926e+01 -8.146663e+01 -2.045000e+01
     vertex  2.240388e+01 -7.874146e+01 -1.363333e+01
   endloop
 endfacet
 facet normal -2.934981e-01  8.756791e-01 -3.834644e-01
   outer loop
     vertex  2.957365e+01 -7.633839e+01 -1.363333e+01
     vertex  3.059717e+01 -7.898040e+01 -2.045000e+01
     vertex  2.317926e+01 -8.146663e+01 -2.045000e+01
   endloop
 endfacet
 facet normal -3.730435e-01  8.448631e-01 -3.834644e-01
   outer loop
     vertex  3.775404e+01 -7.582033e+01 -2.045000e+01
     vertex  3.901696e+01 -7.835663e+01 -2.726667e+01
     vertex  3.162069e+01 -8.162240e+01 -2.726667e+01
   endloop
 endfacet
 facet normal -3.730435e-01  8.448631e-01 -3.834644e-01
   outer loop
     vertex  3.775404e+01 -7.582033e+01 -2.045000e+01
     vertex  3.162069e+01 -8.162240e+01 -2.726667e+01
     vertex  3.059717e+01 -7.898040e+01 -2.045000e+01
   endloop
 endfacet
 facet normal -3.730435e-01  8.448631e-01 -3.834644e-01
   outer loop
     vertex  3.775404e+01 -7.582033e+01 -2.045000e+01
     vertex  3.059717e+01 -7.898040e+01 -2.045000e+01
     vertex  2.957365e+01 -7.633839e+01 -1.363333e+01
   endloop
 endfacet
 facet normal -4.494063e-01  8.068389e-01 -3.834644e-01
   outer loop
     vertex  4.608036e+01 -7.442234e+01 -2.726667e+01
     vertex  4.757192e+01 -7.683129e+01 -3.408333e+01
     vertex  4.027989e+01 -8.089292e+01 -3.408333e+01
   endloop
 endfacet
 facet normal -4.494063e-01  8.068389e-01 -3.834644e-01
   outer loop
     vertex  4.608036e+01 -7.442234e+01 -2.726667e+01
     vertex  4.027989e+01 -8.089292e+01 -3.408333e+01
     vertex  3.901696e+01 -7.835663e+01 -2.726667e+01
   endloop
 endfacet
 facet normal -5.198763e-01  7.589259e-01 -3.921225e-01
   outer loop
     vertex  5.445808e+01 -7.211416e+01 -3.408333e+01
     vertex  5.440491e+01 -7.567262e+01 -4.090000e+01
     vertex  4.757192e+01 -7.683129e+01 -3.408333e+01
   endloop
 endfacet
 facet normal -5.583939e-01  7.371823e-01 -3.804713e-01
   outer loop
     vertex  5.445808e+01 -7.211416e+01 -3.408333e+01
     vertex  5.810925e+01 -7.286669e+01 -4.090000e+01
     vertex  5.440491e+01 -7.567262e+01 -4.090000e+01
   endloop
 endfacet
 facet normal -3.157096e-01  8.674050e-01 -3.846246e-01
   outer loop
     vertex  2.855013e+01 -7.369639e+01 -6.816667e+00
     vertex  2.426868e+01 -7.223206e+01  0.000000e+00
     vertex  2.783899e+01 -7.093258e+01  0.000000e+00
   endloop
 endfacet
 facet normal -3.588770e-01  8.513567e-01 -3.826213e-01
   outer loop
     vertex  2.855013e+01 -7.369639e+01 -6.816667e+00
     vertex  2.783899e+01 -7.093258e+01  0.000000e+00
     vertex  3.134008e+01 -6.945675e+01  0.000000e+00
   endloop
 endfacet
 facet normal -2.947274e-01  8.793471e-01 -3.740113e-01
   outer loop
     vertex  2.855013e+01 -7.369639e+01 -6.816667e+00
     vertex  2.162850e+01 -7.601629e+01 -6.816667e+00
     vertex  2.426868e+01 -7.223206e+01  0.000000e+00
   endloop
 endfacet
 facet normal -2.934981e-01  8.756791e-01 -3.834644e-01
   outer loop
     vertex  2.855013e+01 -7.369639e+01 -6.816667e+00
     vertex  2.240388e+01 -7.874146e+01 -1.363333e+01
     vertex  2.162850e+01 -7.601629e+01 -6.816667e+00
   endloop
 endfacet
 facet normal -2.934981e-01  8.756791e-01 -3.834644e-01
   outer loop
     vertex  2.855013e+01 -7.369639e+01 -6.816667e+00
     vertex  2.957365e+01 -7.633839e+01 -1.363333e+01
     vertex  2.240388e+01 -7.874146e+01 -1.363333e+01
   endloop
 endfacet
 facet normal -3.730435e-01  8.448631e-01 -3.834644e-01
   outer loop
     vertex  3.649111e+01 -7.328403e+01 -1.363333e+01
     vertex  3.775404e+01 -7.582033e+01 -2.045000e+01
     vertex  2.957365e+01 -7.633839e+01 -1.363333e+01
   endloop
 endfacet
 facet normal -4.494063e-01  8.068389e-01 -3.834644e-01
   outer loop
     vertex  4.458880e+01 -7.201339e+01 -2.045000e+01
     vertex  3.775404e+01 -7.582033e+01 -2.045000e+01
     vertex  3.649111e+01 -7.328403e+01 -1.363333e+01
   endloop
 endfacet
 facet normal -4.494063e-01  8.068389e-01 -3.834644e-01
   outer loop
     vertex  4.458880e+01 -7.201339e+01 -2.045000e+01
     vertex  4.608036e+01 -7.442234e+01 -2.726667e+01
     vertex  3.901696e+01 -7.835663e+01 -2.726667e+01
   endloop
 endfacet
 facet normal -4.494063e-01  8.068389e-01 -3.834644e-01
   outer loop
     vertex  4.458880e+01 -7.201339e+01 -2.045000e+01
     vertex  3.901696e+01 -7.835663e+01 -2.726667e+01
     vertex  3.775404e+01 -7.582033e+01 -2.045000e+01
   endloop
 endfacet
 facet normal -5.219349e-01  7.619311e-01 -3.834644e-01
   outer loop
     vertex  5.275062e+01 -6.985311e+01 -2.726667e+01
     vertex  4.757192e+01 -7.683129e+01 -3.408333e+01
     vertex  4.608036e+01 -7.442234e+01 -2.726667e+01
   endloop
 endfacet
 facet normal -5.219349e-01  7.619311e-01 -3.834644e-01
   outer loop
     vertex  5.275062e+01 -6.985311e+01 -2.726667e+01
     vertex  5.445808e+01 -7.211416e+01 -3.408333e+01
     vertex  4.757192e+01 -7.683129e+01 -3.408333e+01
   endloop
 endfacet
 facet normal -5.920929e-01  7.056288e-01 -3.892480e-01
   outer loop
     vertex  6.087963e+01 -6.678177e+01 -3.408333e+01
     vertex  6.166912e+01 -6.987961e+01 -4.090000e+01
     vertex  5.810925e+01 -7.286669e+01 -4.090000e+01
   endloop
 endfacet
 facet normal -6.289083e-01  6.778020e-01 -3.808659e-01
   outer loop
     vertex  6.087963e+01 -6.678177e+01 -3.408333e+01
     vertex  6.507567e+01 -6.671879e+01 -4.090000e+01
     vertex  6.166912e+01 -6.987961e+01 -4.090000e+01
   endloop
 endfacet
 facet normal -5.875026e-01  7.075025e-01 -3.927861e-01
   outer loop
     vertex  6.087963e+01 -6.678177e+01 -3.408333e+01
     vertex  5.810925e+01 -7.286669e+01 -4.090000e+01
     vertex  5.445808e+01 -7.211416e+01 -3.408333e+01
   endloop
 endfacet
 facet normal -4.003023e-01  8.312363e-01 -3.857516e-01
   outer loop
     vertex  3.522819e+01 -7.074774e+01 -6.816667e+00
     vertex  3.134008e+01 -6.945675e+01  0.000000e+00
     vertex  3.476325e+01 -6.780823e+01  0.000000e+00
   endloop
 endfacet
 facet normal -4.422987e-01  8.121967e-01 -3.804056e-01
   outer loop
     vertex  3.522819e+01 -7.074774e+01 -6.816667e+00
     vertex  3.476325e+01 -6.780823e+01  0.000000e+00
     vertex  3.810000e+01 -6.599114e+01  0.000000e+00
   endloop
 endfacet
 facet normal -3.730435e-01  8.448631e-01 -3.834644e-01
   outer loop
     vertex  3.522819e+01 -7.074774e+01 -6.816667e+00
     vertex  2.957365e+01 -7.633839e+01 -1.363333e+01
     vertex  2.855013e+01 -7.369639e+01 -6.816667e+00
   endloop
 endfacet
 facet normal -3.730435e-01  8.448631e-01 -3.834644e-01
   outer loop
     vertex  3.522819e+01 -7.074774e+01 -6.816667e+00
     vertex  3.649111e+01 -7.328403e+01 -1.363333e+01
     vertex  2.957365e+01 -7.633839e+01 -1.363333e+01
   endloop
 endfacet
 facet normal -3.745592e-01  8.482957e-01 -3.742990e-01
   outer loop
     vertex  3.522819e+01 -7.074774e+01 -6.816667e+00
     vertex  2.855013e+01 -7.369639e+01 -6.816667e+00
     vertex  3.134008e+01 -6.945675e+01  0.000000e+00
   endloop
 endfacet
 facet normal -4.494063e-01  8.068389e-01 -3.834644e-01
   outer loop
     vertex  4.309725e+01 -6.960444e+01 -1.363333e+01
     vertex  4.458880e+01 -7.201339e+01 -2.045000e+01
     vertex  3.649111e+01 -7.328403e+01 -1.363333e+01
   endloop
 endfacet
 facet normal -5.219349e-01  7.619311e-01 -3.834644e-01
   outer loop
     vertex  5.104315e+01 -6.759206e+01 -2.045000e+01
     vertex  5.275062e+01 -6.985311e+01 -2.726667e+01
     vertex  4.608036e+01 -7.442234e+01 -2.726667e+01
   endloop
 endfacet
 facet normal -5.219349e-01  7.619311e-01 -3.834644e-01
   outer loop
     vertex  5.104315e+01 -6.759206e+01 -2.045000e+01
     vertex  4.608036e+01 -7.442234e+01 -2.726667e+01
     vertex  4.458880e+01 -7.201339e+01 -2.045000e+01
   endloop
 endfacet
 facet normal -5.219349e-01  7.619311e-01 -3.834644e-01
   outer loop
     vertex  5.104315e+01 -6.759206e+01 -2.045000e+01
     vertex  4.458880e+01 -7.201339e+01 -2.045000e+01
     vertex  4.309725e+01 -6.960444e+01 -1.363333e+01
   endloop
 endfacet
 facet normal -5.900106e-01  7.105227e-01 -3.834644e-01
   outer loop
     vertex  5.897083e+01 -6.468791e+01 -2.726667e+01
     vertex  5.445808e+01 -7.211416e+01 -3.408333e+01
     vertex  5.275062e+01 -6.985311e+01 -2.726667e+01
   endloop
 endfacet
 facet normal -5.900106e-01  7.105227e-01 -3.834644e-01
   outer loop
     vertex  5.897083e+01 -6.468791e+01 -2.726667e+01
     vertex  6.087963e+01 -6.678177e+01 -3.408333e+01
     vertex  5.445808e+01 -7.211416e+01 -3.408333e+01
   endloop
 endfacet
 facet normal -6.602660e-01  6.440053e-01 -3.864014e-01
   outer loop
     vertex  6.678177e+01 -6.087963e+01 -3.408333e+01
     vertex  6.832043e+01 -6.339210e+01 -4.090000e+01
     vertex  6.507567e+01 -6.671879e+01 -4.090000e+01
   endloop
 endfacet
 facet normal -6.929743e-01  6.115534e-01 -3.818233e-01
   outer loop
     vertex  6.678177e+01 -6.087963e+01 -3.408333e+01
     vertex  7.139534e+01 -5.990781e+01 -4.090000e+01
     vertex  6.832043e+01 -6.339210e+01 -4.090000e+01
   endloop
 endfacet
 facet normal -6.498962e-01  6.498962e-01 -3.940430e-01
   outer loop
     vertex  6.678177e+01 -6.087963e+01 -3.408333e+01
     vertex  6.507567e+01 -6.671879e+01 -4.090000e+01
     vertex  6.087963e+01 -6.678177e+01 -3.408333e+01
   endloop
 endfacet
 facet normal -4.809387e-01  7.870212e-01 -3.863878e-01
   outer loop
     vertex  4.160569e+01 -6.719549e+01 -6.816667e+00
     vertex  3.810000e+01 -6.599114e+01  0.000000e+00
     vertex  4.134203e+01 -6.400998e+01  0.000000e+00
   endloop
 endfacet
 facet normal -5.215964e-01  7.650414e-01 -3.776889e-01
   outer loop
     vertex  4.160569e+01 -6.719549e+01 -6.816667e+00
     vertex  4.134203e+01 -6.400998e+01  0.000000e+00
     vertex  4.448127e+01 -6.186968e+01  0.000000e+00
   endloop
 endfacet
 facet normal -4.510815e-01  8.098465e-01 -3.750656e-01
   outer loop
     vertex  4.160569e+01 -6.719549e+01 -6.816667e+00
     vertex  3.522819e+01 -7.074774e+01 -6.816667e+00
     vertex  3.810000e+01 -6.599114e+01  0.000000e+00
   endloop
 endfacet
 facet normal -4.494063e-01  8.068389e-01 -3.834644e-01
   outer loop
     vertex  4.160569e+01 -6.719549e+01 -6.816667e+00
     vertex  4.309725e+01 -6.960444e+01 -1.363333e+01
     vertex  3.649111e+01 -7.328403e+01 -1.363333e+01
   endloop
 endfacet
 facet normal -4.494063e-01  8.068389e-01 -3.834644e-01
   outer loop
     vertex  4.160569e+01 -6.719549e+01 -6.816667e+00
     vertex  3.649111e+01 -7.328403e+01 -1.363333e+01
     vertex  3.522819e+01 -7.074774e+01 -6.816667e+00
   endloop
 endfacet
 facet normal -5.219349e-01  7.619311e-01 -3.834644e-01
   outer loop
     vertex  4.933569e+01 -6.533101e+01 -1.363333e+01
     vertex  5.104315e+01 -6.759206e+01 -2.045000e+01
     vertex  4.309725e+01 -6.960444e+01 -1.363333e+01
   endloop
 endfacet
 facet normal -5.900106e-01  7.105227e-01 -3.834644e-01
   outer loop
     vertex  5.706202e+01 -6.259406e+01 -2.045000e+01
     vertex  5.897083e+01 -6.468791e+01 -2.726667e+01
     vertex  5.275062e+01 -6.985311e+01 -2.726667e+01
   endloop
 endfacet
 facet normal -5.900106e-01  7.105227e-01 -3.834644e-01
   outer loop
     vertex  5.706202e+01 -6.259406e+01 -2.045000e+01
     vertex  5.275062e+01 -6.985311e+01 -2.726667e+01
     vertex  5.104315e+01 -6.759206e+01 -2.045000e+01
   endloop
 endfacet
 facet normal -6.530525e-01  6.530525e-01 -3.834644e-01
   outer loop
     vertex  6.468791e+01 -5.897083e+01 -2.726667e+01
     vertex  6.087963e+01 -6.678177e+01 -3.408333e+01
     vertex  5.897083e+01 -6.468791e+01 -2.726667e+01
   endloop
 endfacet
 facet normal -6.530525e-01  6.530525e-01 -3.834644e-01
   outer loop
     vertex  6.468791e+01 -5.897083e+01 -2.726667e+01
     vertex  6.678177e+01 -6.087963e+01 -3.408333e+01
     vertex  6.087963e+01 -6.678177e+01 -3.408333e+01
   endloop
 endfacet
 facet normal -7.218568e-01  5.756616e-01 -3.841048e-01
   outer loop
     vertex  7.211416e+01 -5.445808e+01 -3.408333e+01
     vertex  7.429275e+01 -5.627457e+01 -4.090000e+01
     vertex  7.139534e+01 -5.990781e+01 -4.090000e+01
   endloop
 endfacet
 facet normal -7.499114e-01  5.391496e-01 -3.833414e-01
   outer loop
     vertex  7.211416e+01 -5.445808e+01 -3.408333e+01
     vertex  7.700545e+01 -5.250143e+01 -4.090000e+01
     vertex  7.429275e+01 -5.627457e+01 -4.090000e+01
   endloop
 endfacet
 facet normal -7.068626e-01  5.869713e-01 -3.947277e-01
   outer loop
     vertex  7.211416e+01 -5.445808e+01 -3.408333e+01
     vertex  7.139534e+01 -5.990781e+01 -4.090000e+01
     vertex  6.678177e+01 -6.087963e+01 -3.408333e+01
   endloop
 endfacet
 facet normal -5.568737e-01  7.351753e-01 -3.865346e-01
   outer loop
     vertex  4.762822e+01 -6.306996e+01 -6.816667e+00
     vertex  4.448127e+01 -6.186968e+01  0.000000e+00
     vertex  4.750992e+01 -5.957556e+01  0.000000e+00
   endloop
 endfacet
 facet normal -5.235955e-01  7.643552e-01 -3.763095e-01
   outer loop
     vertex  4.762822e+01 -6.306996e+01 -6.816667e+00
     vertex  4.160569e+01 -6.719549e+01 -6.816667e+00
     vertex  4.448127e+01 -6.186968e+01  0.000000e+00
   endloop
 endfacet
 facet normal -5.219349e-01  7.619311e-01 -3.834644e-01
   outer loop
     vertex  4.762822e+01 -6.306996e+01 -6.816667e+00
     vertex  4.309725e+01 -6.960444e+01 -1.363333e+01
     vertex  4.160569e+01 -6.719549e+01 -6.816667e+00
   endloop
 endfacet
 facet normal -5.219349e-01  7.619311e-01 -3.834644e-01
   outer loop
     vertex  4.762822e+01 -6.306996e+01 -6.816667e+00
     vertex  4.933569e+01 -6.533101e+01 -1.363333e+01
     vertex  4.309725e+01 -6.960444e+01 -1.363333e+01
   endloop
 endfacet
 facet normal -5.900106e-01  7.105227e-01 -3.834644e-01
   outer loop
     vertex  5.515322e+01 -6.050020e+01 -1.363333e+01
     vertex  5.104315e+01 -6.759206e+01 -2.045000e+01
     vertex  4.933569e+01 -6.533101e+01 -1.363333e+01
   endloop
 endfacet
 facet normal -5.900106e-01  7.105227e-01 -3.834644e-01
   outer loop
     vertex  5.515322e+01 -6.050020e+01 -1.363333e+01
     vertex  5.706202e+01 -6.259406e+01 -2.045000e+01
     vertex  5.104315e+01 -6.759206e+01 -2.045000e+01
   endloop
 endfacet
 facet normal -6.530525e-01  6.530525e-01 -3.834644e-01
   outer loop
     vertex  6.259406e+01 -5.706202e+01 -2.045000e+01
     vertex  5.897083e+01 -6.468791e+01 -2.726667e+01
     vertex  5.706202e+01 -6.259406e+01 -2.045000e+01
   endloop
 endfacet
 facet normal -6.530525e-01  6.530525e-01 -3.834644e-01
   outer loop
     vertex  6.259406e+01 -5.706202e+01 -2.045000e+01
     vertex  6.468791e+01 -5.897083e+01 -2.726667e+01
     vertex  5.897083e+01 -6.468791e+01 -2.726667e+01
   endloop
 endfacet
 facet normal -7.105227e-01  5.900106e-01 -3.834644e-01
   outer loop
     vertex  6.985311e+01 -5.275062e+01 -2.726667e+01
     vertex  6.678177e+01 -6.087963e+01 -3.408333e+01
     vertex  6.468791e+01 -5.897083e+01 -2.726667e+01
   endloop
 endfacet
 facet normal -7.105227e-01  5.900106e-01 -3.834644e-01
   outer loop
     vertex  6.985311e+01 -5.275062e+01 -2.726667e+01
     vertex  7.211416e+01 -5.445808e+01 -3.408333e+01
     vertex  6.678177e+01 -6.087963e+01 -3.408333e+01
   endloop
 endfacet
 facet normal -7.761940e-01  5.013193e-01 -3.823634e-01
   outer loop
     vertex  7.683129e+01 -4.757192e+01 -3.408333e+01
     vertex  7.952671e+01 -4.859776e+01 -4.090000e+01
     vertex  7.700545e+01 -5.250143e+01 -4.090000e+01
   endloop
 endfacet
 facet normal -7.991187e-01  4.613714e-01 -3.854165e-01
   outer loop
     vertex  7.683129e+01 -4.757192e+01 -3.408333e+01
     vertex  8.185025e+01 -4.457327e+01 -4.090000e+01
     vertex  7.952671e+01 -4.859776e+01 -4.090000e+01
   endloop
 endfacet
 facet normal -7.579657e-01  5.192186e-01 -3.948417e-01
   outer loop
     vertex  7.683129e+01 -4.757192e+01 -3.408333e+01
     vertex  7.700545e+01 -5.250143e+01 -4.090000e+01
     vertex  7.211416e+01 -5.445808e+01 -3.408333e+01
   endloop
 endfacet
 facet normal -5.900106e-01  7.105227e-01 -3.834644e-01
   outer loop
     vertex  5.324441e+01 -5.840634e+01 -6.816667e+00
     vertex  5.515322e+01 -6.050020e+01 -1.363333e+01
     vertex  4.933569e+01 -6.533101e+01 -1.363333e+01
   endloop
 endfacet
 facet normal -5.948767e-01  7.089464e-01 -3.788360e-01
   outer loop
     vertex  5.324441e+01 -5.840634e+01 -6.816667e+00
     vertex  4.750992e+01 -5.957556e+01  0.000000e+00
     vertex  5.042046e+01 -5.713333e+01  0.000000e+00
   endloop
 endfacet
 facet normal -6.274038e-01  6.761805e-01 -3.861921e-01
   outer loop
     vertex  5.324441e+01 -5.840634e+01 -6.816667e+00
     vertex  5.042046e+01 -5.713333e+01  0.000000e+00
     vertex  5.320565e+01 -5.454905e+01  0.000000e+00
   endloop
 endfacet
 facet normal -5.920316e-01  7.129565e-01 -3.757548e-01
   outer loop
     vertex  5.324441e+01 -5.840634e+01 -6.816667e+00
     vertex  4.762822e+01 -6.306996e+01 -6.816667e+00
     vertex  4.750992e+01 -5.957556e+01  0.000000e+00
   endloop
 endfacet
 facet normal -5.900106e-01  7.105227e-01 -3.834644e-01
   outer loop
     vertex  5.324441e+01 -5.840634e+01 -6.816667e+00
     vertex  4.933569e+01 -6.533101e+01 -1.363333e+01
     vertex  4.762822e+01 -6.306996e+01 -6.816667e+00
   endloop
 endfacet
 facet normal -6.530525e-01  6.530525e-01 -3.834644e-01
   outer loop
     vertex  6.050020e+01 -5.515322e+01 -1.363333e+01
     vertex  5.706202e+01 -6.259406e+01 -2.045000e+01
     vertex  5.515322e+01 -6.050020e+01 -1.363333e+01
   endloop
 endfacet
 facet normal -6.530525e-01  6.530525e-01 -3.834644e-01
   outer loop
     vertex  6.050020e+01 -5.515322e+01 -1.363333e+01
     vertex  6.259406e+01 -5.706202e+01 -2.045000e+01
     vertex  5.706202e+01 -6.259406e+01 -2.045000e+01
   endloop
 endfacet
 facet normal -7.105227e-01  5.900106e-01 -3.834644e-01
   outer loop
     vertex  6.759206e+01 -5.104315e+01 -2.045000e+01
     vertex  6.468791e+01 -5.897083e+01 -2.726667e+01
     vertex  6.259406e+01 -5.706202e+01 -2.045000e+01
   endloop
 endfacet
 facet normal -7.105227e-01  5.900106e-01 -3.834644e-01
   outer loop
     vertex  6.759206e+01 -5.104315e+01 -2.045000e+01
     vertex  6.259406e+01 -5.706202e+01 -2.045000e+01
     vertex  6.050020e+01 -5.515322e+01 -1.363333e+01
   endloop
 endfacet
 facet normal -7.105227e-01  5.900106e-01 -3.834644e-01
   outer loop
     vertex  6.759206e+01 -5.104315e+01 -2.045000e+01
     vertex  6.985311e+01 -5.275062e+01 -2.726667e+01
     vertex  6.468791e+01 -5.897083e+01 -2.726667e+01
   endloop
 endfacet
 facet normal -7.619311e-01  5.219349e-01 -3.834644e-01
   outer loop
     vertex  7.442234e+01 -4.608036e+01 -2.726667e+01
     vertex  7.683129e+01 -4.757192e+01 -3.408333e+01
     vertex  7.211416e+01 -5.445808e+01 -3.408333e+01
   endloop
 endfacet
 facet normal -7.619311e-01  5.219349e-01 -3.834644e-01
   outer loop
     vertex  7.442234e+01 -4.608036e+01 -2.726667e+01
     vertex  7.211416e+01 -5.445808e+01 -3.408333e+01
     vertex  6.985311e+01 -5.275062e+01 -2.726667e+01
   endloop
 endfacet
 facet normal -8.226867e-01  4.217669e-01 -3.811815e-01
   outer loop
     vertex  8.089292e+01 -4.027989e+01 -3.408333e+01
     vertex  8.397030e+01 -4.043796e+01 -4.090000e+01
     vertex  8.185025e+01 -4.457327e+01 -4.090000e+01
   endloop
 endfacet
 facet normal -8.400811e-01  3.790590e-01 -3.880438e-01
   outer loop
     vertex  8.089292e+01 -4.027989e+01 -3.408333e+01
     vertex  8.588158e+01 -3.620212e+01 -4.090000e+01
     vertex  8.397030e+01 -4.043796e+01 -4.090000e+01
   endloop
 endfacet
 facet normal -8.028110e-01  4.471628e-01 -3.943854e-01
   outer loop
     vertex  8.089292e+01 -4.027989e+01 -3.408333e+01
     vertex  8.185025e+01 -4.457327e+01 -4.090000e+01
     vertex  7.683129e+01 -4.757192e+01 -3.408333e+01
   endloop
 endfacet
 facet normal -6.617688e-01  6.454711e-01 -3.813517e-01
   outer loop
     vertex  5.840634e+01 -5.324441e+01 -6.816667e+00
     vertex  5.320565e+01 -5.454905e+01  0.000000e+00
     vertex  5.585855e+01 -5.182916e+01  0.000000e+00
   endloop
 endfacet
 facet normal -6.918729e-01  6.105815e-01 -3.853598e-01
   outer loop
     vertex  5.840634e+01 -5.324441e+01 -6.816667e+00
     vertex  5.585855e+01 -5.182916e+01  0.000000e+00
     vertex  5.837259e+01 -4.898042e+01  0.000000e+00
   endloop
 endfacet
 facet normal -6.530525e-01  6.530525e-01 -3.834644e-01
   outer loop
     vertex  5.840634e+01 -5.324441e+01 -6.816667e+00
     vertex  6.050020e+01 -5.515322e+01 -1.363333e+01
     vertex  5.515322e+01 -6.050020e+01 -1.363333e+01
   endloop
 endfacet
 facet normal -6.555909e-01  6.555909e-01 -3.747015e-01
   outer loop
     vertex  5.840634e+01 -5.324441e+01 -6.816667e+00
     vertex  5.324441e+01 -5.840634e+01 -6.816667e+00
     vertex  5.320565e+01 -5.454905e+01  0.000000e+00
   endloop
 endfacet
 facet normal -6.530525e-01  6.530525e-01 -3.834644e-01
   outer loop
     vertex  5.840634e+01 -5.324441e+01 -6.816667e+00
     vertex  5.515322e+01 -6.050020e+01 -1.363333e+01
     vertex  5.324441e+01 -5.840634e+01 -6.816667e+00
   endloop
 endfacet
 facet normal -7.105227e-01  5.900106e-01 -3.834644e-01
   outer loop
     vertex  6.533101e+01 -4.933569e+01 -1.363333e+01
     vertex  6.759206e+01 -5.104315e+01 -2.045000e+01
     vertex  6.050020e+01 -5.515322e+01 -1.363333e+01
   endloop
 endfacet
 facet normal -7.619311e-01  5.219349e-01 -3.834644e-01
   outer loop
     vertex  7.201339e+01 -4.458880e+01 -2.045000e+01
     vertex  7.442234e+01 -4.608036e+01 -2.726667e+01
     vertex  6.985311e+01 -5.275062e+01 -2.726667e+01
   endloop
 endfacet
 facet normal -7.619311e-01  5.219349e-01 -3.834644e-01
   outer loop
     vertex  7.201339e+01 -4.458880e+01 -2.045000e+01
     vertex  6.985311e+01 -5.275062e+01 -2.726667e+01
     vertex  6.759206e+01 -5.104315e+01 -2.045000e+01
   endloop
 endfacet
 facet normal -7.619311e-01  5.219349e-01 -3.834644e-01
   outer loop
     vertex  7.201339e+01 -4.458880e+01 -2.045000e+01
     vertex  6.759206e+01 -5.104315e+01 -2.045000e+01
     vertex  6.533101e+01 -4.933569e+01 -1.363333e+01
   endloop
 endfacet
 facet normal -8.068389e-01  4.494063e-01 -3.834644e-01
   outer loop
     vertex  7.835663e+01 -3.901696e+01 -2.726667e+01
     vertex  7.683129e+01 -4.757192e+01 -3.408333e+01
     vertex  7.442234e+01 -4.608036e+01 -2.726667e+01
   endloop
 endfacet
 facet normal -8.068389e-01  4.494063e-01 -3.834644e-01
   outer loop
     vertex  7.835663e+01 -3.901696e+01 -2.726667e+01
     vertex  8.089292e+01 -4.027989e+01 -3.408333e+01
     vertex  7.683129e+01 -4.757192e+01 -3.408333e+01
   endloop
 endfacet
 facet normal -8.608307e-01  3.378512e-01 -3.805615e-01
   outer loop
     vertex  8.426441e+01 -3.264421e+01 -3.408333e+01
     vertex  8.757935e+01 -3.187628e+01 -4.090000e+01
     vertex  8.588158e+01 -3.620212e+01 -4.090000e+01
   endloop
 endfacet
 facet normal -8.410482e-01  3.713591e-01 -3.933577e-01
   outer loop
     vertex  8.426441e+01 -3.264421e+01 -3.408333e+01
     vertex  8.588158e+01 -3.620212e+01 -4.090000e+01
     vertex  8.089292e+01 -4.027989e+01 -3.408333e+01
   endloop
 endfacet
 facet normal -8.723760e-01  2.931028e-01 -3.912171e-01
   outer loop
     vertex  8.426441e+01 -3.264421e+01 -3.408333e+01
     vertex  8.905939e+01 -2.747118e+01 -4.090000e+01
     vertex  8.757935e+01 -3.187628e+01 -4.090000e+01
   endloop
 endfacet
 facet normal -7.220961e-01  5.758524e-01 -3.833682e-01
   outer loop
     vertex  6.306996e+01 -4.762822e+01 -6.816667e+00
     vertex  5.837259e+01 -4.898042e+01  0.000000e+00
     vertex  6.074150e+01 -4.600990e+01  0.000000e+00
   endloop
 endfacet
 facet normal -7.496771e-01  5.389811e-01 -3.840359e-01
   outer loop
     vertex  6.306996e+01 -4.762822e+01 -6.816667e+00
     vertex  6.074150e+01 -4.600990e+01  0.000000e+00
     vertex  6.295939e+01 -4.292499e+01  0.000000e+00
   endloop
 endfacet
 facet normal -7.105227e-01  5.900106e-01 -3.834644e-01
   outer loop
     vertex  6.306996e+01 -4.762822e+01 -6.816667e+00
     vertex  6.050020e+01 -5.515322e+01 -1.363333e+01
     vertex  5.840634e+01 -5.324441e+01 -6.816667e+00
   endloop
 endfacet
 facet normal -7.105227e-01  5.900106e-01 -3.834644e-01
   outer loop
     vertex  6.306996e+01 -4.762822e+01 -6.816667e+00
     vertex  6.533101e+01 -4.933569e+01 -1.363333e+01
     vertex  6.050020e+01 -5.515322e+01 -1.363333e+01
   endloop
 endfacet
 facet normal -7.134632e-01  5.924523e-01 -3.741264e-01
   outer loop
     vertex  6.306996e+01 -4.762822e+01 -6.816667e+00
     vertex  5.840634e+01 -5.324441e+01 -6.816667e+00
     vertex  5.837259e+01 -4.898042e+01  0.000000e+00
   endloop
 endfacet
 facet normal -7.619311e-01  5.219349e-01 -3.834644e-01
   outer loop
     vertex  6.960444e+01 -4.309725e+01 -1.363333e+01
     vertex  7.201339e+01 -4.458880e+01 -2.045000e+01
     vertex  6.533101e+01 -4.933569e+01 -1.363333e+01
   endloop
 endfacet
 facet normal -8.068389e-01  4.494063e-01 -3.834644e-01
   outer loop
     vertex  7.582033e+01 -3.775404e+01 -2.045000e+01
     vertex  7.835663e+01 -3.901696e+01 -2.726667e+01
     vertex  7.442234e+01 -4.608036e+01 -2.726667e+01
   endloop
 endfacet
 facet normal -8.068389e-01  4.494063e-01 -3.834644e-01
   outer loop
     vertex  7.582033e+01 -3.775404e+01 -2.045000e+01
     vertex  7.442234e+01 -4.608036e+01 -2.726667e+01
     vertex  7.201339e+01 -4.458880e+01 -2.045000e+01
   endloop
 endfacet
 facet normal -8.448631e-01  3.730435e-01 -3.834644e-01
   outer loop
     vertex  8.162240e+01 -3.162069e+01 -2.726667e+01
     vertex  8.426441e+01 -3.264421e+01 -3.408333e+01
     vertex  8.089292e+01 -4.027989e+01 -3.408333e+01
   endloop
 endfacet
 facet normal -8.448631e-01  3.730435e-01 -3.834644e-01
   outer loop
     vertex  8.162240e+01 -3.162069e+01 -2.726667e+01
     vertex  7.835663e+01 -3.901696e+01 -2.726667e+01
     vertex  7.582033e+01 -3.775404e+01 -2.045000e+01
   endloop
 endfacet
 facet normal -8.448631e-01  3.730435e-01 -3.834644e-01
   outer loop
     vertex  8.162240e+01 -3.162069e+01 -2.726667e+01
     vertex  8.089292e+01 -4.027989e+01 -3.408333e+01
     vertex  7.835663e+01 -3.901696e+01 -2.726667e+01
   endloop
 endfacet
 facet normal -8.902145e-01  2.504675e-01 -3.805052e-01
   outer loop
     vertex  8.691698e+01 -2.473001e+01 -3.408333e+01
     vertex  9.031800e+01 -2.299779e+01 -4.090000e+01
     vertex  8.905939e+01 -2.747118e+01 -4.090000e+01
   endloop
 endfacet
 facet normal -8.723733e-01  2.923901e-01 -3.917561e-01
   outer loop
     vertex  8.691698e+01 -2.473001e+01 -3.408333e+01
     vertex  8.905939e+01 -2.747118e+01 -4.090000e+01
     vertex  8.426441e+01 -3.264421e+01 -3.408333e+01
   endloop
 endfacet
 facet normal -7.651162e-01  5.241168e-01 -3.740305e-01
   outer loop
     vertex  6.719549e+01 -4.160569e+01 -6.816667e+00
     vertex  6.306996e+01 -4.762822e+01 -6.816667e+00
     vertex  6.295939e+01 -4.292499e+01  0.000000e+00
   endloop
 endfacet
 facet normal -7.753126e-01  5.007500e-01 -3.848893e-01
   outer loop
     vertex  6.719549e+01 -4.160569e+01 -6.816667e+00
     vertex  6.295939e+01 -4.292499e+01  0.000000e+00
     vertex  6.502077e+01 -3.973336e+01  0.000000e+00
   endloop
 endfacet
 facet normal -8.002700e-01  4.620361e-01 -3.822180e-01
   outer loop
     vertex  6.719549e+01 -4.160569e+01 -6.816667e+00
     vertex  6.502077e+01 -3.973336e+01  0.000000e+00
     vertex  6.692048e+01 -3.644295e+01  0.000000e+00
   endloop
 endfacet
 facet normal -7.619311e-01  5.219349e-01 -3.834644e-01
   outer loop
     vertex  6.719549e+01 -4.160569e+01 -6.816667e+00
     vertex  6.533101e+01 -4.933569e+01 -1.363333e+01
     vertex  6.306996e+01 -4.762822e+01 -6.816667e+00
   endloop
 endfacet
 facet normal -7.619311e-01  5.219349e-01 -3.834644e-01
   outer loop
     vertex  6.719549e+01 -4.160569e+01 -6.816667e+00
     vertex  6.960444e+01 -4.309725e+01 -1.363333e+01
     vertex  6.533101e+01 -4.933569e+01 -1.363333e+01
   endloop
 endfacet
 facet normal -8.068389e-01  4.494063e-01 -3.834644e-01
   outer loop
     vertex  7.328403e+01 -3.649111e+01 -1.363333e+01
     vertex  7.201339e+01 -4.458880e+01 -2.045000e+01
     vertex  6.960444e+01 -4.309725e+01 -1.363333e+01
   endloop
 endfacet
 facet normal -8.068389e-01  4.494063e-01 -3.834644e-01
   outer loop
     vertex  7.328403e+01 -3.649111e+01 -1.363333e+01
     vertex  7.582033e+01 -3.775404e+01 -2.045000e+01
     vertex  7.201339e+01 -4.458880e+01 -2.045000e+01
   endloop
 endfacet
 facet normal -8.448631e-01  3.730435e-01 -3.834644e-01
   outer loop
     vertex  7.898040e+01 -3.059717e+01 -2.045000e+01
     vertex  8.162240e+01 -3.162069e+01 -2.726667e+01
     vertex  7.582033e+01 -3.775404e+01 -2.045000e+01
   endloop
 endfacet
 facet normal -8.448631e-01  3.730435e-01 -3.834644e-01
   outer loop
     vertex  7.898040e+01 -3.059717e+01 -2.045000e+01
     vertex  7.582033e+01 -3.775404e+01 -2.045000e+01
     vertex  7.328403e+01 -3.649111e+01 -1.363333e+01
   endloop
 endfacet
 facet normal -8.756791e-01  2.934981e-01 -3.834644e-01
   outer loop
     vertex  8.419180e+01 -2.395463e+01 -2.726667e+01
     vertex  8.426441e+01 -3.264421e+01 -3.408333e+01
     vertex  8.162240e+01 -3.162069e+01 -2.726667e+01
   endloop
 endfacet
 facet normal -8.756791e-01  2.934981e-01 -3.834644e-01
   outer loop
     vertex  8.419180e+01 -2.395463e+01 -2.726667e+01
     vertex  8.691698e+01 -2.473001e+01 -3.408333e+01
     vertex  8.426441e+01 -3.264421e+01 -3.408333e+01
   endloop
 endfacet
 facet normal -8.982906e-01  2.050290e-01 -3.886350e-01
   outer loop
     vertex  8.882800e+01 -1.660483e+01 -3.408333e+01
     vertex  9.135208e+01 -1.846722e+01 -4.090000e+01
     vertex  9.031800e+01 -2.299779e+01 -4.090000e+01
   endloop
 endfacet
 facet normal -9.105236e-01  1.605499e-01 -3.810124e-01
   outer loop
     vertex  8.882800e+01 -1.660483e+01 -3.408333e+01
     vertex  9.215903e+01 -1.389074e+01 -4.090000e+01
     vertex  9.135208e+01 -1.846722e+01 -4.090000e+01
   endloop
 endfacet
 facet normal -8.950791e-01  2.105207e-01 -3.930834e-01
   outer loop
     vertex  8.882800e+01 -1.660483e+01 -3.408333e+01
     vertex  9.031800e+01 -2.299779e+01 -4.090000e+01
     vertex  8.691698e+01 -2.473001e+01 -3.408333e+01
   endloop
 endfacet
 facet normal -8.100765e-01  4.512097e-01 -3.744140e-01
   outer loop
     vertex  7.074774e+01 -3.522819e+01 -6.816667e+00
     vertex  6.719549e+01 -4.160569e+01 -6.816667e+00
     vertex  6.692048e+01 -3.644295e+01  0.000000e+00
   endloop
 endfacet
 facet normal -8.209362e-01  4.208694e-01 -3.859180e-01
   outer loop
     vertex  7.074774e+01 -3.522819e+01 -6.816667e+00
     vertex  6.692048e+01 -3.644295e+01  0.000000e+00
     vertex  6.865383e+01 -3.306194e+01  0.000000e+00
   endloop
 endfacet
 facet normal -8.431671e-01  3.804515e-01 -3.799025e-01
   outer loop
     vertex  7.074774e+01 -3.522819e+01 -6.816667e+00
     vertex  6.865383e+01 -3.306194e+01  0.000000e+00
     vertex  7.021649e+01 -2.959873e+01  0.000000e+00
   endloop
 endfacet
 facet normal -8.068389e-01  4.494063e-01 -3.834644e-01
   outer loop
     vertex  7.074774e+01 -3.522819e+01 -6.816667e+00
     vertex  7.328403e+01 -3.649111e+01 -1.363333e+01
     vertex  6.960444e+01 -4.309725e+01 -1.363333e+01
   endloop
 endfacet
 facet normal -8.068389e-01  4.494063e-01 -3.834644e-01
   outer loop
     vertex  7.074774e+01 -3.522819e+01 -6.816667e+00
     vertex  6.960444e+01 -4.309725e+01 -1.363333e+01
     vertex  6.719549e+01 -4.160569e+01 -6.816667e+00
   endloop
 endfacet
 facet normal -8.448631e-01  3.730435e-01 -3.834644e-01
   outer loop
     vertex  7.633839e+01 -2.957365e+01 -1.363333e+01
     vertex  7.898040e+01 -3.059717e+01 -2.045000e+01
     vertex  7.328403e+01 -3.649111e+01 -1.363333e+01
   endloop
 endfacet
 facet normal -8.756791e-01  2.934981e-01 -3.834644e-01
   outer loop
     vertex  8.146663e+01 -2.317926e+01 -2.045000e+01
     vertex  8.162240e+01 -3.162069e+01 -2.726667e+01
     vertex  7.898040e+01 -3.059717e+01 -2.045000e+01
   endloop
 endfacet
 facet normal -8.756791e-01  2.934981e-01 -3.834644e-01
   outer loop
     vertex  8.146663e+01 -2.317926e+01 -2.045000e+01
     vertex  8.419180e+01 -2.395463e+01 -2.726667e+01
     vertex  8.162240e+01 -3.162069e+01 -2.726667e+01
   endloop
 endfacet
 facet normal -8.990242e-01  2.114486e-01 -3.834644e-01
   outer loop
     vertex  8.604291e+01 -1.608421e+01 -2.726667e+01
     vertex  8.691698e+01 -2.473001e+01 -3.408333e+01
     vertex  8.419180e+01 -2.395463e+01 -2.726667e+01
   endloop
 endfacet
 facet normal -8.990242e-01  2.114486e-01 -3.834644e-01
   outer loop
     vertex  8.604291e+01 -1.608421e+01 -2.726667e+01
     vertex  8.882800e+01 -1.660483e+01 -3.408333e+01
     vertex  8.691698e+01 -2.473001e+01 -3.408333e+01
   endloop
 endfacet
 facet normal -9.153818e-01  1.147122e-01 -3.858979e-01
   outer loop
     vertex  8.998118e+01 -8.337984e+00 -3.408333e+01
     vertex  9.273687e+01 -9.279723e+00 -4.090000e+01
     vertex  9.215903e+01 -1.389074e+01 -4.090000e+01
   endloop
 endfacet
 facet normal -9.215443e-01  6.906020e-02 -3.820822e-01
   outer loop
     vertex  8.998118e+01 -8.337984e+00 -3.408333e+01
     vertex  9.308415e+01 -4.645637e+00 -4.090000e+01
     vertex  9.273687e+01 -9.279723e+00 -4.090000e+01
   endloop
 endfacet
 facet normal -9.102007e-01  1.269676e-01 -3.942256e-01
   outer loop
     vertex  8.998118e+01 -8.337984e+00 -3.408333e+01
     vertex  9.215903e+01 -1.389074e+01 -4.090000e+01
     vertex  8.882800e+01 -1.660483e+01 -3.408333e+01
   endloop
 endfacet
 facet normal -9.177884e-01  4.243192e-02 -3.947961e-01
   outer loop
     vertex  8.998118e+01 -8.337984e+00 -3.408333e+01
     vertex  9.036667e+01 -2.057815e-14 -3.408333e+01
     vertex  9.308415e+01 -4.645637e+00 -4.090000e+01
   endloop
 endfacet
 facet normal -8.585520e-01  3.369568e-01 -3.864563e-01
   outer loop
     vertex  7.369639e+01 -2.855013e+01 -6.816667e+00
     vertex  7.021649e+01 -2.959873e+01  0.000000e+00
     vertex  7.160458e+01 -2.606193e+01  0.000000e+00
   endloop
 endfacet
 facet normal -8.779501e-01  2.949755e-01 -3.770850e-01
   outer loop
     vertex  7.369639e+01 -2.855013e+01 -6.816667e+00
     vertex  7.160458e+01 -2.606193e+01  0.000000e+00
     vertex  7.281465e+01 -2.246034e+01  0.000000e+00
   endloop
 endfacet
 facet normal -8.448631e-01  3.730435e-01 -3.834644e-01
   outer loop
     vertex  7.369639e+01 -2.855013e+01 -6.816667e+00
     vertex  7.633839e+01 -2.957365e+01 -1.363333e+01
     vertex  7.328403e+01 -3.649111e+01 -1.363333e+01
   endloop
 endfacet
 facet normal -8.479344e-01  3.743996e-01 -3.752762e-01
   outer loop
     vertex  7.369639e+01 -2.855013e+01 -6.816667e+00
     vertex  7.074774e+01 -3.522819e+01 -6.816667e+00
     vertex  7.021649e+01 -2.959873e+01  0.000000e+00
   endloop
 endfacet
 facet normal -8.448631e-01  3.730435e-01 -3.834644e-01
   outer loop
     vertex  7.369639e+01 -2.855013e+01 -6.816667e+00
     vertex  7.328403e+01 -3.649111e+01 -1.363333e+01
     vertex  7.074774e+01 -3.522819e+01 -6.816667e+00
   endloop
 endfacet
 facet normal -8.756791e-01  2.934981e-01 -3.834644e-01
   outer loop
     vertex  7.874146e+01 -2.240388e+01 -1.363333e+01
     vertex  7.898040e+01 -3.059717e+01 -2.045000e+01
     vertex  7.633839e+01 -2.957365e+01 -1.363333e+01
   endloop
 endfacet
 facet normal -8.756791e-01  2.934981e-01 -3.834644e-01
   outer loop
     vertex  7.874146e+01 -2.240388e+01 -1.363333e+01
     vertex  8.146663e+01 -2.317926e+01 -2.045000e+01
     vertex  7.898040e+01 -3.059717e+01 -2.045000e+01
   endloop
 endfacet
 facet normal -8.990242e-01  2.114486e-01 -3.834644e-01
   outer loop
     vertex  8.325782e+01 -1.556358e+01 -2.045000e+01
     vertex  8.419180e+01 -2.395463e+01 -2.726667e+01
     vertex  8.146663e+01 -2.317926e+01 -2.045000e+01
   endloop
 endfacet
 facet normal -8.990242e-01  2.114486e-01 -3.834644e-01
   outer loop
     vertex  8.325782e+01 -1.556358e+01 -2.045000e+01
     vertex  8.604291e+01 -1.608421e+01 -2.726667e+01
     vertex  8.419180e+01 -2.395463e+01 -2.726667e+01
   endloop
 endfacet
 facet normal -9.225702e-01  4.265299e-02 -3.834644e-01
   outer loop
     vertex  8.715993e+01 -8.076557e+00 -2.726667e+01
     vertex  8.753333e+01 -1.832888e-14 -2.726667e+01
     vertex  9.036667e+01 -2.057815e-14 -3.408333e+01
   endloop
 endfacet
 facet normal -9.146992e-01  1.275951e-01 -3.834644e-01
   outer loop
     vertex  8.715993e+01 -8.076557e+00 -2.726667e+01
     vertex  8.882800e+01 -1.660483e+01 -3.408333e+01
     vertex  8.604291e+01 -1.608421e+01 -2.726667e+01
   endloop
 endfacet
 facet normal -9.225702e-01  4.265299e-02 -3.834644e-01
   outer loop
     vertex  8.715993e+01 -8.076557e+00 -2.726667e+01
     vertex  9.036667e+01 -2.057815e-14 -3.408333e+01
     vertex  8.998118e+01 -8.337984e+00 -3.408333e+01
   endloop
 endfacet
 facet normal -9.146992e-01  1.275951e-01 -3.834644e-01
   outer loop
     vertex  8.715993e+01 -8.076557e+00 -2.726667e+01
     vertex  8.998118e+01 -8.337984e+00 -3.408333e+01
     vertex  8.882800e+01 -1.660483e+01 -3.408333e+01
   endloop
 endfacet
 facet normal -8.878160e-01  2.497927e-01 -3.865052e-01
   outer loop
     vertex  7.601629e+01 -2.162850e+01 -6.816667e+00
     vertex  7.281465e+01 -2.246034e+01  0.000000e+00
     vertex  7.384369e+01 -1.880291e+01  0.000000e+00
   endloop
 endfacet
 facet normal -8.783473e-01  2.943923e-01 -3.766154e-01
   outer loop
     vertex  7.601629e+01 -2.162850e+01 -6.816667e+00
     vertex  7.369639e+01 -2.855013e+01 -6.816667e+00
     vertex  7.281465e+01 -2.246034e+01  0.000000e+00
   endloop
 endfacet
 facet normal -8.756791e-01  2.934981e-01 -3.834644e-01
   outer loop
     vertex  7.601629e+01 -2.162850e+01 -6.816667e+00
     vertex  7.874146e+01 -2.240388e+01 -1.363333e+01
     vertex  7.633839e+01 -2.957365e+01 -1.363333e+01
   endloop
 endfacet
 facet normal -8.756791e-01  2.934981e-01 -3.834644e-01
   outer loop
     vertex  7.601629e+01 -2.162850e+01 -6.816667e+00
     vertex  7.633839e+01 -2.957365e+01 -1.363333e+01
     vertex  7.369639e+01 -2.855013e+01 -6.816667e+00
   endloop
 endfacet
 facet normal -8.990242e-01  2.114486e-01 -3.834644e-01
   outer loop
     vertex  8.047273e+01 -1.504296e+01 -1.363333e+01
     vertex  8.146663e+01 -2.317926e+01 -2.045000e+01
     vertex  7.874146e+01 -2.240388e+01 -1.363333e+01
   endloop
 endfacet
 facet normal -8.990242e-01  2.114486e-01 -3.834644e-01
   outer loop
     vertex  8.047273e+01 -1.504296e+01 -1.363333e+01
     vertex  8.325782e+01 -1.556358e+01 -2.045000e+01
     vertex  8.146663e+01 -2.317926e+01 -2.045000e+01
   endloop
 endfacet
 facet normal -9.146992e-01  1.275951e-01 -3.834644e-01
   outer loop
     vertex  8.433868e+01 -7.815130e+00 -2.045000e+01
     vertex  8.325782e+01 -1.556358e+01 -2.045000e+01
     vertex  8.047273e+01 -1.504296e+01 -1.363333e+01
   endloop
 endfacet
 facet normal -9.225702e-01  4.265299e-02 -3.834644e-01
   outer loop
     vertex  8.433868e+01 -7.815130e+00 -2.045000e+01
     vertex  8.470000e+01 -1.607961e-14 -2.045000e+01
     vertex  8.753333e+01 -1.832888e-14 -2.726667e+01
   endloop
 endfacet
 facet normal -9.225702e-01  4.265299e-02 -3.834644e-01
   outer loop
     vertex  8.433868e+01 -7.815130e+00 -2.045000e+01
     vertex  8.186667e+01 -1.383034e-14 -1.363333e+01
     vertex  8.470000e+01 -1.607961e-14 -2.045000e+01
   endloop
 endfacet
 facet normal -9.225702e-01  4.265299e-02 -3.834644e-01
   outer loop
     vertex  8.433868e+01 -7.815130e+00 -2.045000e+01
     vertex  8.753333e+01 -1.832888e-14 -2.726667e+01
     vertex  8.715993e+01 -8.076557e+00 -2.726667e+01
   endloop
 endfacet
 facet normal -9.146992e-01  1.275951e-01 -3.834644e-01
   outer loop
     vertex  8.433868e+01 -7.815130e+00 -2.045000e+01
     vertex  8.604291e+01 -1.608421e+01 -2.726667e+01
     vertex  8.325782e+01 -1.556358e+01 -2.045000e+01
   endloop
 endfacet
 facet normal -9.146992e-01  1.275951e-01 -3.834644e-01
   outer loop
     vertex  8.433868e+01 -7.815130e+00 -2.045000e+01
     vertex  8.715993e+01 -8.076557e+00 -2.726667e+01
     vertex  8.604291e+01 -1.608421e+01 -2.726667e+01
   endloop
 endfacet
 facet normal -8.990242e-01  2.114486e-01 -3.834644e-01
   outer loop
     vertex  7.768764e+01 -1.452234e+01 -6.816667e+00
     vertex  7.874146e+01 -2.240388e+01 -1.363333e+01
     vertex  7.601629e+01 -2.162850e+01 -6.816667e+00
   endloop
 endfacet
 facet normal -9.020435e-01  2.058855e-01 -3.793793e-01
   outer loop
     vertex  7.768764e+01 -1.452234e+01 -6.816667e+00
     vertex  7.384369e+01 -1.880291e+01  0.000000e+00
     vertex  7.468914e+01 -1.509874e+01  0.000000e+00
   endloop
 endfacet
 facet normal -9.084572e-01  1.601855e-01 -3.860649e-01
   outer loop
     vertex  7.768764e+01 -1.452234e+01 -6.816667e+00
     vertex  7.468914e+01 -1.509874e+01  0.000000e+00
     vertex  7.534891e+01 -1.135702e+01  0.000000e+00
   endloop
 endfacet
 facet normal -9.022018e-01  2.121959e-01 -3.755060e-01
   outer loop
     vertex  7.768764e+01 -1.452234e+01 -6.816667e+00
     vertex  7.601629e+01 -2.162850e+01 -6.816667e+00
     vertex  7.384369e+01 -1.880291e+01  0.000000e+00
   endloop
 endfacet
 facet normal -8.990242e-01  2.114486e-01 -3.834644e-01
   outer loop
     vertex  7.768764e+01 -1.452234e+01 -6.816667e+00
     vertex  8.047273e+01 -1.504296e+01 -1.363333e+01
     vertex  7.874146e+01 -2.240388e+01 -1.363333e+01
   endloop
 endfacet
 facet normal -9.225702e-01  4.265299e-02 -3.834644e-01
   outer loop
     vertex  8.151744e+01 -7.553703e+00 -1.363333e+01
     vertex  8.186667e+01 -1.383034e-14 -1.363333e+01
     vertex  8.433868e+01 -7.815130e+00 -2.045000e+01
   endloop
 endfacet
 facet normal -9.225702e-01  4.265299e-02 -3.834644e-01
   outer loop
     vertex  8.151744e+01 -7.553703e+00 -1.363333e+01
     vertex  7.903333e+01 -1.158108e-14 -6.816667e+00
     vertex  8.186667e+01 -1.383034e-14 -1.363333e+01
   endloop
 endfacet
 facet normal -9.146992e-01  1.275951e-01 -3.834644e-01
   outer loop
     vertex  8.151744e+01 -7.553703e+00 -1.363333e+01
     vertex  8.433868e+01 -7.815130e+00 -2.045000e+01
     vertex  8.047273e+01 -1.504296e+01 -1.363333e+01
   endloop
 endfacet
 facet normal -9.146992e-01  1.275951e-01 -3.834644e-01
   outer loop
     vertex  7.869619e+01 -7.292276e+00 -6.816667e+00
     vertex  8.047273e+01 -1.504296e+01 -1.363333e+01
     vertex  7.768764e+01 -1.452234e+01 -6.816667e+00
   endloop
 endfacet
 facet normal -9.146992e-01  1.275951e-01 -3.834644e-01
   outer loop
     vertex  7.869619e+01 -7.292276e+00 -6.816667e+00
     vertex  8.151744e+01 -7.553703e+00 -1.363333e+01
     vertex  8.047273e+01 -1.504296e+01 -1.363333e+01
   endloop
 endfacet
 facet normal -9.225702e-01  4.265299e-02 -3.834644e-01
   outer loop
     vertex  7.869619e+01 -7.292276e+00 -6.816667e+00
     vertex  7.903333e+01 -1.158108e-14 -6.816667e+00
     vertex  8.151744e+01 -7.553703e+00 -1.363333e+01
   endloop
 endfacet
 facet normal -9.170742e-01  1.149243e-01 -3.817948e-01
   outer loop
     vertex  7.869619e+01 -7.292276e+00 -6.816667e+00
     vertex  7.534891e+01 -1.135702e+01  0.000000e+00
     vertex  7.582135e+01 -7.587070e+00  0.000000e+00
   endloop
 endfacet
 facet normal -9.202800e-01  6.896545e-02 -3.851344e-01
   outer loop
     vertex  7.869619e+01 -7.292276e+00 -6.816667e+00
     vertex  7.582135e+01 -7.587070e+00  0.000000e+00
     vertex  7.610528e+01 -3.798256e+00  0.000000e+00
   endloop
 endfacet
 facet normal -9.183159e-01  1.280996e-01 -3.745482e-01
   outer loop
     vertex  7.869619e+01 -7.292276e+00 -6.816667e+00
     vertex  7.768764e+01 -1.452234e+01 -6.816667e+00
     vertex  7.534891e+01 -1.135702e+01  0.000000e+00
   endloop
 endfacet
 facet normal -9.264114e-01  4.283058e-02 -3.740689e-01
   outer loop
     vertex  7.869619e+01 -7.292276e+00 -6.816667e+00
     vertex  7.610528e+01 -3.798256e+00  0.000000e+00
     vertex  7.903333e+01 -1.158108e-14 -6.816667e+00
   endloop
 endfacet
 facet normal  0.000000e+00  0.000000e+00  1.000000e+00
   outer loop
     vertex -5.585855e+01 -5.182916e+01  6.980000e+02
     vertex -8.943233e+01 -8.298107e+01  6.980000e+02
     vertex -8.518489e+01 -8.733576e+01  6.980000e+02
   endloop
 endfacet
 facet normal  0.000000e+00  0.000000e+00  1.000000e+00
   outer loop
     vertex -5.585855e+01 -5.182916e+01  6.980000e+02
     vertex -8.518489e+01 -8.733576e+01  6.980000e+02
     vertex -5.320565e+01 -5.454905e+01  6.980000e+02
   endloop
 endfacet
 facet normal  0.000000e+00  0.000000e+00  1.000000e+00
   outer loop
     vertex -5.042046e+01 -5.713333e+01  6.980000e+02
     vertex -8.518489e+01 -8.733576e+01  6.980000e+02
     vertex -8.072567e+01 -9.147331e+01  6.980000e+02
   endloop
 endfacet
 facet normal  0.000000e+00  0.000000e+00  1.000000e+00
   outer loop
     vertex -5.042046e+01 -5.713333e+01  6.980000e+02
     vertex -8.072567e+01 -9.147331e+01  6.980000e+02
     vertex -7.606576e+01 -9.538344e+01  6.980000e+02
   endloop
 endfacet
 facet normal  0.000000e+00  0.000000e+00  1.000000e+00
   outer loop
     vertex -5.042046e+01 -5.713333e+01  6.980000e+02
     vertex -5.320565e+01 -5.454905e+01  6.980000e+02
     vertex -8.518489e+01 -8.733576e+01  6.980000e+02
   endloop
 endfacet
 facet normal  0.000000e+00  0.000000e+00  1.000000e+00
   outer loop
     vertex -5.837259e+01 -4.898042e+01  6.980000e+02
     vertex -8.943233e+01 -8.298107e+01  6.980000e+02
     vertex -5.585855e+01 -5.182916e+01  6.980000e+02
   endloop
 endfacet
 facet normal  0.000000e+00  0.000000e+00  1.000000e+00
   outer loop
     vertex -5.837259e+01 -4.898042e+01  6.980000e+02
     vertex -9.725017e+01 -7.366414e+01  6.980000e+02
     vertex -9.345742e+01 -7.842009e+01  6.980000e+02
   endloop
 endfacet
 facet normal  0.000000e+00  0.000000e+00  1.000000e+00
   outer loop
     vertex -5.837259e+01 -4.898042e+01  6.980000e+02
     vertex -9.345742e+01 -7.842009e+01  6.980000e+02
     vertex -8.943233e+01 -8.298107e+01  6.980000e+02
   endloop
 endfacet
 facet normal  0.000000e+00  0.000000e+00  1.000000e+00
   outer loop
     vertex -4.750992e+01 -5.957556e+01  6.980000e+02
     vertex -5.042046e+01 -5.713333e+01  6.980000e+02
     vertex -7.606576e+01 -9.538344e+01  6.980000e+02
   endloop
 endfacet
 facet normal  0.000000e+00  0.000000e+00  1.000000e+00
   outer loop
     vertex -6.074150e+01 -4.600990e+01  6.980000e+02
     vertex -9.725017e+01 -7.366414e+01  6.980000e+02
     vertex -5.837259e+01 -4.898042e+01  6.980000e+02
   endloop
 endfacet
 facet normal  0.000000e+00  0.000000e+00  1.000000e+00
   outer loop
     vertex -6.074150e+01 -4.600990e+01  6.980000e+02
     vertex -1.008011e+02 -6.872505e+01  6.980000e+02
     vertex -9.725017e+01 -7.366414e+01  6.980000e+02
   endloop
 endfacet
 facet normal  0.000000e+00  0.000000e+00  1.000000e+00
   outer loop
     vertex -4.448127e+01 -6.186968e+01  6.980000e+02
     vertex -4.750992e+01 -5.957556e+01  6.980000e+02
     vertex -7.606576e+01 -9.538344e+01  6.980000e+02
   endloop
 endfacet
 facet normal  0.000000e+00  0.000000e+00  1.000000e+00
   outer loop
     vertex -4.448127e+01 -6.186968e+01  6.980000e+02
     vertex -7.606576e+01 -9.538344e+01  6.980000e+02
     vertex -7.121673e+01 -9.905644e+01  6.980000e+02
   endloop
 endfacet
 facet normal  0.000000e+00  0.000000e+00  1.000000e+00
   outer loop
     vertex -4.448127e+01 -6.186968e+01  6.980000e+02
     vertex -7.121673e+01 -9.905644e+01  6.980000e+02
     vertex -6.619064e+01 -1.024832e+02  6.980000e+02
   endloop
 endfacet
 facet normal  0.000000e+00  0.000000e+00  1.000000e+00
   outer loop
     vertex -6.295939e+01 -4.292499e+01  6.980000e+02
     vertex -1.008011e+02 -6.872505e+01  6.980000e+02
     vertex -6.074150e+01 -4.600990e+01  6.980000e+02
   endloop
 endfacet
 facet normal  0.000000e+00  0.000000e+00  1.000000e+00
   outer loop
     vertex -4.134203e+01 -6.400998e+01  6.980000e+02
     vertex -4.448127e+01 -6.186968e+01  6.980000e+02
     vertex -6.619064e+01 -1.024832e+02  6.980000e+02
   endloop
 endfacet
 facet normal  0.000000e+00  0.000000e+00  1.000000e+00
   outer loop
     vertex -6.502077e+01 -3.973336e+01  6.980000e+02
     vertex -1.041015e+02 -6.361509e+01  6.980000e+02
     vertex -1.008011e+02 -6.872505e+01  6.980000e+02
   endloop
 endfacet
 facet normal  0.000000e+00  0.000000e+00  1.000000e+00
   outer loop
     vertex -6.502077e+01 -3.973336e+01  6.980000e+02
     vertex -1.008011e+02 -6.872505e+01  6.980000e+02
     vertex -6.295939e+01 -4.292499e+01  6.980000e+02
   endloop
 endfacet
 facet normal  0.000000e+00  0.000000e+00  1.000000e+00
   outer loop
     vertex -3.810000e+01 -6.599114e+01  6.980000e+02
     vertex -6.619064e+01 -1.024832e+02  6.980000e+02
     vertex -6.100000e+01 -1.056551e+02  6.980000e+02
   endloop
 endfacet
 facet normal  0.000000e+00  0.000000e+00  1.000000e+00
   outer loop
     vertex -3.810000e+01 -6.599114e+01  6.980000e+02
     vertex -6.100000e+01 -1.056551e+02  6.980000e+02
     vertex -5.565770e+01 -1.085644e+02  6.980000e+02
   endloop
 endfacet
 facet normal  0.000000e+00  0.000000e+00  1.000000e+00
   outer loop
     vertex -3.810000e+01 -6.599114e+01  6.980000e+02
     vertex -4.134203e+01 -6.400998e+01  6.980000e+02
     vertex -6.619064e+01 -1.024832e+02  6.980000e+02
   endloop
 endfacet
 facet normal  0.000000e+00  0.000000e+00  1.000000e+00
   outer loop
     vertex -6.692048e+01 -3.644295e+01  6.980000e+02
     vertex -1.041015e+02 -6.361509e+01  6.980000e+02
     vertex -6.502077e+01 -3.973336e+01  6.980000e+02
   endloop
 endfacet
 facet normal  0.000000e+00  0.000000e+00  1.000000e+00
   outer loop
     vertex -6.692048e+01 -3.644295e+01  6.980000e+02
     vertex -1.071430e+02 -5.834699e+01  6.980000e+02
     vertex -1.041015e+02 -6.361509e+01  6.980000e+02
   endloop
 endfacet
 facet normal  0.000000e+00  0.000000e+00  1.000000e+00
   outer loop
     vertex -3.476325e+01 -6.780823e+01  6.980000e+02
     vertex -3.810000e+01 -6.599114e+01  6.980000e+02
     vertex -5.565770e+01 -1.085644e+02  6.980000e+02
   endloop
 endfacet
 facet normal  0.000000e+00  0.000000e+00  1.000000e+00
   outer loop
     vertex -6.865383e+01 -3.306194e+01  6.980000e+02
     vertex -1.071430e+02 -5.834699e+01  6.980000e+02
     vertex -6.692048e+01 -3.644295e+01  6.980000e+02
   endloop
 endfacet
 facet normal  0.000000e+00  0.000000e+00  1.000000e+00
   outer loop
     vertex -6.865383e+01 -3.306194e+01  6.980000e+02
     vertex -1.124201e+02 -4.738905e+01  6.980000e+02
     vertex -1.099182e+02 -5.293382e+01  6.980000e+02
   endloop
 endfacet
 facet normal  0.000000e+00  0.000000e+00  1.000000e+00
   outer loop
     vertex -6.865383e+01 -3.306194e+01  6.980000e+02
     vertex -1.099182e+02 -5.293382e+01  6.980000e+02
     vertex -1.071430e+02 -5.834699e+01  6.980000e+02
   endloop
 endfacet
 facet normal  0.000000e+00  0.000000e+00  1.000000e+00
   outer loop
     vertex -3.134008e+01 -6.945675e+01  6.980000e+02
     vertex -3.476325e+01 -6.780823e+01  6.980000e+02
     vertex -5.565770e+01 -1.085644e+02  6.980000e+02
   endloop
 endfacet
 facet normal  0.000000e+00  0.000000e+00  1.000000e+00
   outer loop
     vertex -3.134008e+01 -6.945675e+01  6.980000e+02
     vertex -5.565770e+01 -1.085644e+02  6.980000e+02
     vertex -5.017703e+01 -1.112037e+02  6.980000e+02
   endloop
 endfacet
 facet normal  0.000000e+00  0.000000e+00  1.000000e+00
   outer loop
     vertex -7.021649e+01 -2.959873e+01  6.980000e+02
     vertex -1.124201e+02 -4.738905e+01  6.980000e+02
     vertex -6.865383e+01 -3.306194e+01  6.980000e+02
   endloop
 endfacet
 facet normal  0.000000e+00  0.000000e+00  1.000000e+00
   outer loop
     vertex -2.783899e+01 -7.093258e+01  6.980000e+02
     vertex -3.134008e+01 -6.945675e+01  6.980000e+02
     vertex -5.017703e+01 -1.112037e+02  6.980000e+02
   endloop
 endfacet
 facet normal  0.000000e+00  0.000000e+00  1.000000e+00
   outer loop
     vertex -2.783899e+01 -7.093258e+01  6.980000e+02
     vertex -5.017703e+01 -1.112037e+02  6.980000e+02
     vertex -4.457160e+01 -1.135666e+02  6.980000e+02
   endloop
 endfacet
 facet normal  0.000000e+00  0.000000e+00  1.000000e+00
   outer loop
     vertex -7.160458e+01 -2.606193e+01  6.980000e+02
     vertex -1.146425e+02 -4.172646e+01  6.980000e+02
     vertex -1.124201e+02 -4.738905e+01  6.980000e+02
   endloop
 endfacet
 facet normal  0.000000e+00  0.000000e+00  1.000000e+00
   outer loop
     vertex -7.160458e+01 -2.606193e+01  6.980000e+02
     vertex -1.124201e+02 -4.738905e+01  6.980000e+02
     vertex -7.021649e+01 -2.959873e+01  6.980000e+02
   endloop
 endfacet
 facet normal  0.000000e+00  0.000000e+00  1.000000e+00
   outer loop
     vertex -2.426868e+01 -7.223206e+01  6.980000e+02
     vertex -2.783899e+01 -7.093258e+01  6.980000e+02
     vertex -4.457160e+01 -1.135666e+02  6.980000e+02
   endloop
 endfacet
 facet normal  0.000000e+00  0.000000e+00  1.000000e+00
   outer loop
     vertex -2.426868e+01 -7.223206e+01  6.980000e+02
     vertex -4.457160e+01 -1.135666e+02  6.980000e+02
     vertex -3.885537e+01 -1.156471e+02  6.980000e+02
   endloop
 endfacet
 facet normal  0.000000e+00  0.000000e+00  1.000000e+00
   outer loop
     vertex -7.281465e+01 -2.246034e+01  6.980000e+02
     vertex -1.146425e+02 -4.172646e+01  6.980000e+02
     vertex -7.160458e+01 -2.606193e+01  6.980000e+02
   endloop
 endfacet
 facet normal  0.000000e+00  0.000000e+00  1.000000e+00
   outer loop
     vertex -7.281465e+01 -2.246034e+01  6.980000e+02
     vertex -1.182274e+02 -3.010440e+01  6.980000e+02
     vertex -1.165799e+02 -3.596013e+01  6.980000e+02
   endloop
 endfacet
 facet normal  0.000000e+00  0.000000e+00  1.000000e+00
   outer loop
     vertex -7.281465e+01 -2.246034e+01  6.980000e+02
     vertex -1.165799e+02 -3.596013e+01  6.980000e+02
     vertex -1.146425e+02 -4.172646e+01  6.980000e+02
   endloop
 endfacet
 facet normal  0.000000e+00  0.000000e+00  1.000000e+00
   outer loop
     vertex -2.063804e+01 -7.335197e+01  6.980000e+02
     vertex -2.426868e+01 -7.223206e+01  6.980000e+02
     vertex -3.885537e+01 -1.156471e+02  6.980000e+02
   endloop
 endfacet
 facet normal  0.000000e+00  0.000000e+00  1.000000e+00
   outer loop
     vertex -2.063804e+01 -7.335197e+01  6.980000e+02
     vertex -3.885537e+01 -1.156471e+02  6.980000e+02
     vertex -3.304254e+01 -1.174402e+02  6.980000e+02
   endloop
 endfacet
 facet normal  0.000000e+00  0.000000e+00  1.000000e+00
   outer loop
     vertex -2.063804e+01 -7.335197e+01  6.980000e+02
     vertex -3.304254e+01 -1.174402e+02  6.980000e+02
     vertex -2.714755e+01 -1.189412e+02  6.980000e+02
   endloop
 endfacet
 facet normal  0.000000e+00  0.000000e+00  1.000000e+00
   outer loop
     vertex -7.384369e+01 -1.880291e+01  6.980000e+02
     vertex -1.182274e+02 -3.010440e+01  6.980000e+02
     vertex -7.281465e+01 -2.246034e+01  6.980000e+02
   endloop
 endfacet
 facet normal  0.000000e+00  0.000000e+00  1.000000e+00
   outer loop
     vertex -1.695610e+01 -7.428951e+01  6.980000e+02
     vertex -2.063804e+01 -7.335197e+01  6.980000e+02
     vertex -2.714755e+01 -1.189412e+02  6.980000e+02
   endloop
 endfacet
 facet normal  0.000000e+00  0.000000e+00  1.000000e+00
   outer loop
     vertex -1.695610e+01 -7.428951e+01  6.980000e+02
     vertex -2.714755e+01 -1.189412e+02  6.980000e+02
     vertex -2.118508e+01 -1.201465e+02  6.980000e+02
   endloop
 endfacet
 facet normal  0.000000e+00  0.000000e+00  1.000000e+00
   outer loop
     vertex -7.468914e+01 -1.509874e+01  6.980000e+02
     vertex -1.182274e+02 -3.010440e+01  6.980000e+02
     vertex -7.384369e+01 -1.880291e+01  6.980000e+02
   endloop
 endfacet
 facet normal  0.000000e+00  0.000000e+00  1.000000e+00
   outer loop
     vertex -7.468914e+01 -1.509874e+01  6.980000e+02
     vertex -1.195810e+02 -2.417383e+01  6.980000e+02
     vertex -1.182274e+02 -3.010440e+01  6.980000e+02
   endloop
 endfacet
 facet normal  0.000000e+00  0.000000e+00  1.000000e+00
   outer loop
     vertex -1.323199e+01 -7.504235e+01  6.980000e+02
     vertex -1.695610e+01 -7.428951e+01  6.980000e+02
     vertex -2.118508e+01 -1.201465e+02  6.980000e+02
   endloop
 endfacet
 facet normal  0.000000e+00  0.000000e+00  1.000000e+00
   outer loop
     vertex -1.323199e+01 -7.504235e+01  6.980000e+02
     vertex -2.118508e+01 -1.201465e+02  6.980000e+02
     vertex -1.516993e+01 -1.210532e+02  6.980000e+02
   endloop
 endfacet
 facet normal  0.000000e+00  0.000000e+00  1.000000e+00
   outer loop
     vertex -7.534891e+01 -1.135702e+01  6.980000e+02
     vertex -1.206374e+02 -1.818316e+01  6.980000e+02
     vertex -1.195810e+02 -2.417383e+01  6.980000e+02
   endloop
 endfacet
 facet normal  0.000000e+00  0.000000e+00  1.000000e+00
   outer loop
     vertex -7.534891e+01 -1.135702e+01  6.980000e+02
     vertex -1.195810e+02 -2.417383e+01  6.980000e+02
     vertex -7.468914e+01 -1.509874e+01  6.980000e+02
   endloop
 endfacet
 facet normal  0.000000e+00  0.000000e+00  1.000000e+00
   outer loop
     vertex -9.474990e+00 -7.560863e+01  6.980000e+02
     vertex -1.323199e+01 -7.504235e+01  6.980000e+02
     vertex -1.516993e+01 -1.210532e+02  6.980000e+02
   endloop
 endfacet
 facet normal  0.000000e+00  0.000000e+00  1.000000e+00
   outer loop
     vertex -9.474990e+00 -7.560863e+01  6.980000e+02
     vertex -1.516993e+01 -1.210532e+02  6.980000e+02
     vertex -9.117071e+00 -1.216589e+02  6.980000e+02
   endloop
 endfacet
 facet normal  0.000000e+00  0.000000e+00  1.000000e+00
   outer loop
     vertex -7.582135e+01 -7.587070e+00  6.980000e+02
     vertex -1.213938e+02 -1.214728e+01  6.980000e+02
     vertex -1.206374e+02 -1.818316e+01  6.980000e+02
   endloop
 endfacet
 facet normal  0.000000e+00  0.000000e+00  1.000000e+00
   outer loop
     vertex -7.582135e+01 -7.587070e+00  6.980000e+02
     vertex -1.206374e+02 -1.818316e+01  6.980000e+02
     vertex -7.534891e+01 -1.135702e+01  6.980000e+02
   endloop
 endfacet
 facet normal  0.000000e+00  0.000000e+00  1.000000e+00
   outer loop
     vertex -5.694433e+00 -7.598693e+01  6.980000e+02
     vertex -9.474990e+00 -7.560863e+01  6.980000e+02
     vertex -9.117071e+00 -1.216589e+02  6.980000e+02
   endloop
 endfacet
 facet normal  0.000000e+00  0.000000e+00  1.000000e+00
   outer loop
     vertex -7.610528e+01 -3.798256e+00  6.980000e+02
     vertex -1.218483e+02 -6.081198e+00  6.980000e+02
     vertex -1.213938e+02 -1.214728e+01  6.980000e+02
   endloop
 endfacet
 facet normal  0.000000e+00  0.000000e+00  1.000000e+00
   outer loop
     vertex -7.610528e+01 -3.798256e+00  6.980000e+02
     vertex -1.213938e+02 -1.214728e+01  6.980000e+02
     vertex -7.582135e+01 -7.587070e+00  6.980000e+02
   endloop
 endfacet
 facet normal  0.000000e+00  0.000000e+00  1.000000e+00
   outer loop
     vertex -1.899719e+00 -7.617632e+01  6.980000e+02
     vertex -5.694433e+00 -7.598693e+01  6.980000e+02
     vertex -9.117071e+00 -1.216589e+02  6.980000e+02
   endloop
 endfacet
 facet normal  0.000000e+00  0.000000e+00  1.000000e+00
   outer loop
     vertex -1.899719e+00 -7.617632e+01  6.980000e+02
     vertex -9.117071e+00 -1.216589e+02  6.980000e+02
     vertex -3.041544e+00 -1.219621e+02  6.980000e+02
   endloop
 endfacet
 facet normal  0.000000e+00  0.000000e+00  1.000000e+00
   outer loop
     vertex -7.620000e+01 -2.613850e-13  6.980000e+02
     vertex -1.220000e+02 -4.184904e-13  6.980000e+02
     vertex -1.218483e+02 -6.081198e+00  6.980000e+02
   endloop
 endfacet
 facet normal  0.000000e+00  0.000000e+00  1.000000e+00
   outer loop
     vertex -7.620000e+01 -2.613850e-13  6.980000e+02
     vertex -1.218483e+02 -6.081198e+00  6.980000e+02
     vertex -7.610528e+01 -3.798256e+00  6.980000e+02
   endloop
 endfacet
 facet normal  0.000000e+00  0.000000e+00  1.000000e+00
   outer loop
     vertex  1.899719e+00 -7.617632e+01  6.980000e+02
     vertex -1.899719e+00 -7.617632e+01  6.980000e+02
     vertex -3.041544e+00 -1.219621e+02  6.980000e+02
   endloop
 endfacet
 facet normal  0.000000e+00  0.000000e+00  1.000000e+00
   outer loop
     vertex  1.899719e+00 -7.617632e+01  6.980000e+02
     vertex -3.041544e+00 -1.219621e+02  6.980000e+02
     vertex  3.041544e+00 -1.219621e+02  6.980000e+02
   endloop
 endfacet
 facet normal  0.000000e+00  0.000000e+00  1.000000e+00
   outer loop
     vertex -7.610528e+01  3.798256e+00  6.980000e+02
     vertex -1.213938e+02  1.214728e+01  6.980000e+02
     vertex -1.218483e+02  6.081198e+00  6.980000e+02
   endloop
 endfacet
 facet normal  0.000000e+00  0.000000e+00  1.000000e+00
   outer loop
     vertex -7.610528e+01  3.798256e+00  6.980000e+02
     vertex -1.218483e+02  6.081198e+00  6.980000e+02
     vertex -1.220000e+02 -4.184904e-13  6.980000e+02
   endloop
 endfacet
 facet normal  0.000000e+00  0.000000e+00  1.000000e+00
   outer loop
     vertex -7.610528e+01  3.798256e+00  6.980000e+02
     vertex -1.220000e+02 -4.184904e-13  6.980000e+02
     vertex -7.620000e+01 -2.613850e-13  6.980000e+02
   endloop
 endfacet
 facet normal  0.000000e+00  0.000000e+00  1.000000e+00
   outer loop
     vertex  5.694433e+00 -7.598693e+01  6.980000e+02
     vertex  1.899719e+00 -7.617632e+01  6.980000e+02
     vertex  3.041544e+00 -1.219621e+02  6.980000e+02
   endloop
 endfacet
 facet normal  0.000000e+00  0.000000e+00  1.000000e+00
   outer loop
     vertex  5.694433e+00 -7.598693e+01  6.980000e+02
     vertex  3.041544e+00 -1.219621e+02  6.980000e+02
     vertex  9.117071e+00 -1.216589e+02  6.980000e+02
   endloop
 endfacet
 facet normal  0.000000e+00  0.000000e+00  1.000000e+00
   outer loop
     vertex -7.582135e+01  7.587070e+00  6.980000e+02
     vertex -1.213938e+02  1.214728e+01  6.980000e+02
     vertex -7.610528e+01  3.798256e+00  6.980000e+02
   endloop
 endfacet
 facet normal  0.000000e+00  0.000000e+00  1.000000e+00
   outer loop
     vertex  9.474990e+00 -7.560863e+01  6.980000e+02
     vertex  5.694433e+00 -7.598693e+01  6.980000e+02
     vertex  9.117071e+00 -1.216589e+02  6.980000e+02
   endloop
 endfacet
 facet normal  0.000000e+00  0.000000e+00  1.000000e+00
   outer loop
     vertex  9.474990e+00 -7.560863e+01  6.980000e+02
     vertex  9.117071e+00 -1.216589e+02  6.980000e+02
     vertex  1.516993e+01 -1.210532e+02  6.980000e+02
   endloop
 endfacet
 facet normal  0.000000e+00  0.000000e+00  1.000000e+00
   outer loop
     vertex  9.474990e+00 -7.560863e+01  6.980000e+02
     vertex  1.516993e+01 -1.210532e+02  6.980000e+02
     vertex  2.118508e+01 -1.201465e+02  6.980000e+02
   endloop
 endfacet
 facet normal  0.000000e+00  0.000000e+00  1.000000e+00
   outer loop
     vertex -7.534891e+01  1.135702e+01  6.980000e+02
     vertex -1.213938e+02  1.214728e+01  6.980000e+02
     vertex -7.582135e+01  7.587070e+00  6.980000e+02
   endloop
 endfacet
 facet normal  0.000000e+00  0.000000e+00  1.000000e+00
   outer loop
     vertex -7.534891e+01  1.135702e+01  6.980000e+02
     vertex -1.206374e+02  1.818316e+01  6.980000e+02
     vertex -1.213938e+02  1.214728e+01  6.980000e+02
   endloop
 endfacet
 facet normal  0.000000e+00  0.000000e+00  1.000000e+00
   outer loop
     vertex  1.323199e+01 -7.504235e+01  6.980000e+02
     vertex  9.474990e+00 -7.560863e+01  6.980000e+02
     vertex  2.118508e+01 -1.201465e+02  6.980000e+02
   endloop
 endfacet
 facet normal  0.000000e+00  0.000000e+00  1.000000e+00
   outer loop
     vertex -7.468914e+01  1.509874e+01  6.980000e+02
     vertex -1.206374e+02  1.818316e+01  6.980000e+02
     vertex -7.534891e+01  1.135702e+01  6.980000e+02
   endloop
 endfacet
 facet normal  0.000000e+00  0.000000e+00  1.000000e+00
   outer loop
     vertex -7.468914e+01  1.509874e+01  6.980000e+02
     vertex -1.182274e+02  3.010440e+01  6.980000e+02
     vertex -1.195810e+02  2.417383e+01  6.980000e+02
   endloop
 endfacet
 facet normal  0.000000e+00  0.000000e+00  1.000000e+00
   outer loop
     vertex -7.468914e+01  1.509874e+01  6.980000e+02
     vertex -1.195810e+02  2.417383e+01  6.980000e+02
     vertex -1.206374e+02  1.818316e+01  6.980000e+02
   endloop
 endfacet
 facet normal  0.000000e+00  0.000000e+00  1.000000e+00
   outer loop
     vertex  1.695610e+01 -7.428951e+01  6.980000e+02
     vertex  1.323199e+01 -7.504235e+01  6.980000e+02
     vertex  2.118508e+01 -1.201465e+02  6.980000e+02
   endloop
 endfacet
 facet normal  0.000000e+00  0.000000e+00  1.000000e+00
   outer loop
     vertex  1.695610e+01 -7.428951e+01  6.980000e+02
     vertex  2.118508e+01 -1.201465e+02  6.980000e+02
     vertex  2.714755e+01 -1.189412e+02  6.980000e+02
   endloop
 endfacet
 facet normal  0.000000e+00  0.000000e+00  1.000000e+00
   outer loop
     vertex  1.695610e+01 -7.428951e+01  6.980000e+02
     vertex  2.714755e+01 -1.189412e+02  6.980000e+02
     vertex  3.304254e+01 -1.174402e+02  6.980000e+02
   endloop
 endfacet
 facet normal  0.000000e+00  0.000000e+00  1.000000e+00
   outer loop
     vertex -7.384369e+01  1.880291e+01  6.980000e+02
     vertex -1.182274e+02  3.010440e+01  6.980000e+02
     vertex -7.468914e+01  1.509874e+01  6.980000e+02
   endloop
 endfacet
 facet normal  0.000000e+00  0.000000e+00  1.000000e+00
   outer loop
     vertex  2.063804e+01 -7.335197e+01  6.980000e+02
     vertex  1.695610e+01 -7.428951e+01  6.980000e+02
     vertex  3.304254e+01 -1.174402e+02  6.980000e+02
   endloop
 endfacet
 facet normal  0.000000e+00  0.000000e+00  1.000000e+00
   outer loop
     vertex -7.281465e+01  2.246034e+01  6.980000e+02
     vertex -1.165799e+02  3.596013e+01  6.980000e+02
     vertex -1.182274e+02  3.010440e+01  6.980000e+02
   endloop
 endfacet
 facet normal  0.000000e+00  0.000000e+00  1.000000e+00
   outer loop
     vertex -7.281465e+01  2.246034e+01  6.980000e+02
     vertex -1.182274e+02  3.010440e+01  6.980000e+02
     vertex -7.384369e+01  1.880291e+01  6.980000e+02
   endloop
 endfacet
 facet normal  0.000000e+00  0.000000e+00  1.000000e+00
   outer loop
     vertex  2.426868e+01 -7.223206e+01  6.980000e+02
     vertex  3.304254e+01 -1.174402e+02  6.980000e+02
     vertex  3.885537e+01 -1.156471e+02  6.980000e+02
   endloop
 endfacet
 facet normal  0.000000e+00  0.000000e+00  1.000000e+00
   outer loop
     vertex  2.426868e+01 -7.223206e+01  6.980000e+02
     vertex  2.063804e+01 -7.335197e+01  6.980000e+02
     vertex  3.304254e+01 -1.174402e+02  6.980000e+02
   endloop
 endfacet
 facet normal  0.000000e+00  0.000000e+00  1.000000e+00
   outer loop
     vertex -7.160458e+01  2.606193e+01  6.980000e+02
     vertex -1.165799e+02  3.596013e+01  6.980000e+02
     vertex -7.281465e+01  2.246034e+01  6.980000e+02
   endloop
 endfacet
 facet normal  0.000000e+00  0.000000e+00  1.000000e+00
   outer loop
     vertex -7.160458e+01  2.606193e+01  6.980000e+02
     vertex -1.124201e+02  4.738905e+01  6.980000e+02
     vertex -1.146425e+02  4.172646e+01  6.980000e+02
   endloop
 endfacet
 facet normal  0.000000e+00  0.000000e+00  1.000000e+00
   outer loop
     vertex -7.160458e+01  2.606193e+01  6.980000e+02
     vertex -1.146425e+02  4.172646e+01  6.980000e+02
     vertex -1.165799e+02  3.596013e+01  6.980000e+02
   endloop
 endfacet
 facet normal  0.000000e+00  0.000000e+00  1.000000e+00
   outer loop
     vertex  2.783899e+01 -7.093258e+01  6.980000e+02
     vertex  3.885537e+01 -1.156471e+02  6.980000e+02
     vertex  4.457160e+01 -1.135666e+02  6.980000e+02
   endloop
 endfacet
 facet normal  0.000000e+00  0.000000e+00  1.000000e+00
   outer loop
     vertex  2.783899e+01 -7.093258e+01  6.980000e+02
     vertex  2.426868e+01 -7.223206e+01  6.980000e+02
     vertex  3.885537e+01 -1.156471e+02  6.980000e+02
   endloop
 endfacet
 facet normal  0.000000e+00  0.000000e+00  1.000000e+00
   outer loop
     vertex -7.021649e+01  2.959873e+01  6.980000e+02
     vertex -1.124201e+02  4.738905e+01  6.980000e+02
     vertex -7.160458e+01  2.606193e+01  6.980000e+02
   endloop
 endfacet
 facet normal  0.000000e+00  0.000000e+00  1.000000e+00
   outer loop
     vertex  3.134008e+01 -6.945675e+01  6.980000e+02
     vertex  4.457160e+01 -1.135666e+02  6.980000e+02
     vertex  5.017703e+01 -1.112037e+02  6.980000e+02
   endloop
 endfacet
 facet normal  0.000000e+00  0.000000e+00  1.000000e+00
   outer loop
     vertex  3.134008e+01 -6.945675e+01  6.980000e+02
     vertex  2.783899e+01 -7.093258e+01  6.980000e+02
     vertex  4.457160e+01 -1.135666e+02  6.980000e+02
   endloop
 endfacet
 facet normal  0.000000e+00  0.000000e+00  1.000000e+00
   outer loop
     vertex -6.865383e+01  3.306194e+01  6.980000e+02
     vertex -1.124201e+02  4.738905e+01  6.980000e+02
     vertex -7.021649e+01  2.959873e+01  6.980000e+02
   endloop
 endfacet
 facet normal  0.000000e+00  0.000000e+00  1.000000e+00
   outer loop
     vertex -6.865383e+01  3.306194e+01  6.980000e+02
     vertex -1.099182e+02  5.293382e+01  6.980000e+02
     vertex -1.124201e+02  4.738905e+01  6.980000e+02
   endloop
 endfacet
 facet normal  0.000000e+00  0.000000e+00  1.000000e+00
   outer loop
     vertex  3.476325e+01 -6.780823e+01  6.980000e+02
     vertex  5.017703e+01 -1.112037e+02  6.980000e+02
     vertex  5.565770e+01 -1.085644e+02  6.980000e+02
   endloop
 endfacet
 facet normal  0.000000e+00  0.000000e+00  1.000000e+00
   outer loop
     vertex  3.476325e+01 -6.780823e+01  6.980000e+02
     vertex  3.134008e+01 -6.945675e+01  6.980000e+02
     vertex  5.017703e+01 -1.112037e+02  6.980000e+02
   endloop
 endfacet
 facet normal  0.000000e+00  0.000000e+00  1.000000e+00
   outer loop
     vertex -6.692048e+01  3.644295e+01  6.980000e+02
     vertex -1.071430e+02  5.834699e+01  6.980000e+02
     vertex -1.099182e+02  5.293382e+01  6.980000e+02
   endloop
 endfacet
 facet normal  0.000000e+00  0.000000e+00  1.000000e+00
   outer loop
     vertex -6.692048e+01  3.644295e+01  6.980000e+02
     vertex -1.099182e+02  5.293382e+01  6.980000e+02
     vertex -6.865383e+01  3.306194e+01  6.980000e+02
   endloop
 endfacet
 facet normal  0.000000e+00  0.000000e+00  1.000000e+00
   outer loop
     vertex  3.810000e+01 -6.599114e+01  6.980000e+02
     vertex  5.565770e+01 -1.085644e+02  6.980000e+02
     vertex  6.100000e+01 -1.056551e+02  6.980000e+02
   endloop
 endfacet
 facet normal  0.000000e+00  0.000000e+00  1.000000e+00
   outer loop
     vertex  3.810000e+01 -6.599114e+01  6.980000e+02
     vertex  3.476325e+01 -6.780823e+01  6.980000e+02
     vertex  5.565770e+01 -1.085644e+02  6.980000e+02
   endloop
 endfacet
 facet normal  0.000000e+00  0.000000e+00  1.000000e+00
   outer loop
     vertex -6.502077e+01  3.973336e+01  6.980000e+02
     vertex -1.041015e+02  6.361509e+01  6.980000e+02
     vertex -1.071430e+02  5.834699e+01  6.980000e+02
   endloop
 endfacet
 facet normal  0.000000e+00  0.000000e+00  1.000000e+00
   outer loop
     vertex -6.502077e+01  3.973336e+01  6.980000e+02
     vertex -1.071430e+02  5.834699e+01  6.980000e+02
     vertex -6.692048e+01  3.644295e+01  6.980000e+02
   endloop
 endfacet
 facet normal  0.000000e+00  0.000000e+00  1.000000e+00
   outer loop
     vertex  4.134203e+01 -6.400998e+01  6.980000e+02
     vertex  6.100000e+01 -1.056551e+02  6.980000e+02
     vertex  6.619064e+01 -1.024832e+02  6.980000e+02
   endloop
 endfacet
 facet normal  0.000000e+00  0.000000e+00  1.000000e+00
   outer loop
     vertex  4.134203e+01 -6.400998e+01  6.980000e+02
     vertex  6.619064e+01 -1.024832e+02  6.980000e+02
     vertex  7.121673e+01 -9.905644e+01  6.980000e+02
   endloop
 endfacet
 facet normal  0.000000e+00  0.000000e+00  1.000000e+00
   outer loop
     vertex  4.134203e+01 -6.400998e+01  6.980000e+02
     vertex  3.810000e+01 -6.599114e+01  6.980000e+02
     vertex  6.100000e+01 -1.056551e+02  6.980000e+02
   endloop
 endfacet
 facet normal  0.000000e+00  0.000000e+00  1.000000e+00
   outer loop
     vertex -6.295939e+01  4.292499e+01  6.980000e+02
     vertex -1.008011e+02  6.872505e+01  6.980000e+02
     vertex -1.041015e+02  6.361509e+01  6.980000e+02
   endloop
 endfacet
 facet normal  0.000000e+00  0.000000e+00  1.000000e+00
   outer loop
     vertex -6.295939e+01  4.292499e+01  6.980000e+02
     vertex -1.041015e+02  6.361509e+01  6.980000e+02
     vertex -6.502077e+01  3.973336e+01  6.980000e+02
   endloop
 endfacet
 facet normal  0.000000e+00  0.000000e+00  1.000000e+00
   outer loop
     vertex  4.448127e+01 -6.186968e+01  6.980000e+02
     vertex  4.134203e+01 -6.400998e+01  6.980000e+02
     vertex  7.121673e+01 -9.905644e+01  6.980000e+02
   endloop
 endfacet
 facet normal  0.000000e+00  0.000000e+00  1.000000e+00
   outer loop
     vertex -6.074150e+01  4.600990e+01  6.980000e+02
     vertex -9.725017e+01  7.366414e+01  6.980000e+02
     vertex -1.008011e+02  6.872505e+01  6.980000e+02
   endloop
 endfacet
 facet normal  0.000000e+00  0.000000e+00  1.000000e+00
   outer loop
     vertex -6.074150e+01  4.600990e+01  6.980000e+02
     vertex -1.008011e+02  6.872505e+01  6.980000e+02
     vertex -6.295939e+01  4.292499e+01  6.980000e+02
   endloop
 endfacet
 facet normal  0.000000e+00  0.000000e+00  1.000000e+00
   outer loop
     vertex  4.750992e+01 -5.957556e+01  6.980000e+02
     vertex  7.121673e+01 -9.905644e+01  6.980000e+02
     vertex  7.606576e+01 -9.538344e+01  6.980000e+02
   endloop
 endfacet
 facet normal  0.000000e+00  0.000000e+00  1.000000e+00
   outer loop
     vertex  4.750992e+01 -5.957556e+01  6.980000e+02
     vertex  4.448127e+01 -6.186968e+01  6.980000e+02
     vertex  7.121673e+01 -9.905644e+01  6.980000e+02
   endloop
 endfacet
 facet normal  0.000000e+00  0.000000e+00  1.000000e+00
   outer loop
     vertex -5.837259e+01  4.898042e+01  6.980000e+02
     vertex -9.345742e+01  7.842009e+01  6.980000e+02
     vertex -9.725017e+01  7.366414e+01  6.980000e+02
   endloop
 endfacet
 facet normal  0.000000e+00  0.000000e+00  1.000000e+00
   outer loop
     vertex -5.837259e+01  4.898042e+01  6.980000e+02
     vertex -9.725017e+01  7.366414e+01  6.980000e+02
     vertex -6.074150e+01  4.600990e+01  6.980000e+02
   endloop
 endfacet
 facet normal  0.000000e+00  0.000000e+00  1.000000e+00
   outer loop
     vertex  5.042046e+01 -5.713333e+01  6.980000e+02
     vertex  7.606576e+01 -9.538344e+01  6.980000e+02
     vertex  8.072567e+01 -9.147331e+01  6.980000e+02
   endloop
 endfacet
 facet normal  0.000000e+00  0.000000e+00  1.000000e+00
   outer loop
     vertex  5.042046e+01 -5.713333e+01  6.980000e+02
     vertex  4.750992e+01 -5.957556e+01  6.980000e+02
     vertex  7.606576e+01 -9.538344e+01  6.980000e+02
   endloop
 endfacet
 facet normal  0.000000e+00  0.000000e+00  1.000000e+00
   outer loop
     vertex -5.585855e+01  5.182916e+01  6.980000e+02
     vertex -8.943233e+01  8.298107e+01  6.980000e+02
     vertex -9.345742e+01  7.842009e+01  6.980000e+02
   endloop
 endfacet
 facet normal  0.000000e+00  0.000000e+00  1.000000e+00
   outer loop
     vertex -5.585855e+01  5.182916e+01  6.980000e+02
     vertex -9.345742e+01  7.842009e+01  6.980000e+02
     vertex -5.837259e+01  4.898042e+01  6.980000e+02
   endloop
 endfacet
 facet normal  0.000000e+00  0.000000e+00  1.000000e+00
   outer loop
     vertex  5.320565e+01 -5.454905e+01  6.980000e+02
     vertex  8.072567e+01 -9.147331e+01  6.980000e+02
     vertex  8.518489e+01 -8.733576e+01  6.980000e+02
   endloop
 endfacet
 facet normal  0.000000e+00  0.000000e+00  1.000000e+00
   outer loop
     vertex  5.320565e+01 -5.454905e+01  6.980000e+02
     vertex  5.042046e+01 -5.713333e+01  6.980000e+02
     vertex  8.072567e+01 -9.147331e+01  6.980000e+02
   endloop
 endfacet
 facet normal  0.000000e+00  0.000000e+00  1.000000e+00
   outer loop
     vertex -8.518489e+01  8.733576e+01  6.980000e+02
     vertex -5.585855e+01  5.182916e+01  6.980000e+02
     vertex -5.320565e+01  5.454905e+01  6.980000e+02
   endloop
 endfacet
 facet normal  0.000000e+00  0.000000e+00  1.000000e+00
   outer loop
     vertex -8.518489e+01  8.733576e+01  6.980000e+02
     vertex -8.943233e+01  8.298107e+01  6.980000e+02
     vertex -5.585855e+01  5.182916e+01  6.980000e+02
   endloop
 endfacet
 facet normal  0.000000e+00  0.000000e+00  1.000000e+00
   outer loop
     vertex  8.943233e+01 -8.298107e+01  6.980000e+02
     vertex  5.585855e+01 -5.182916e+01  6.980000e+02
     vertex  5.320565e+01 -5.454905e+01  6.980000e+02
   endloop
 endfacet
 facet normal  0.000000e+00  0.000000e+00  1.000000e+00
   outer loop
     vertex  8.943233e+01 -8.298107e+01  6.980000e+02
     vertex  5.320565e+01 -5.454905e+01  6.980000e+02
     vertex  8.518489e+01 -8.733576e+01  6.980000e+02
   endloop
 endfacet
 facet normal  0.000000e+00  0.000000e+00  1.000000e+00
   outer loop
     vertex -8.072567e+01  9.147331e+01  6.980000e+02
     vertex -8.518489e+01  8.733576e+01  6.980000e+02
     vertex -5.320565e+01  5.454905e+01  6.980000e+02
   endloop
 endfacet
 facet normal  0.000000e+00  0.000000e+00  1.000000e+00
   outer loop
     vertex -8.072567e+01  9.147331e+01  6.980000e+02
     vertex -5.320565e+01  5.454905e+01  6.980000e+02
     vertex -5.042046e+01  5.713333e+01  6.980000e+02
   endloop
 endfacet
 facet normal  0.000000e+00  0.000000e+00  1.000000e+00
   outer loop
     vertex  9.345742e+01 -7.842009e+01  6.980000e+02
     vertex  5.585855e+01 -5.182916e+01  6.980000e+02
     vertex  8.943233e+01 -8.298107e+01  6.980000e+02
   endloop
 endfacet
 facet normal  0.000000e+00  0.000000e+00  1.000000e+00
   outer loop
     vertex  9.345742e+01 -7.842009e+01  6.980000e+02
     vertex  5.837259e+01 -4.898042e+01  6.980000e+02
     vertex  5.585855e+01 -5.182916e+01  6.980000e+02
   endloop
 endfacet
 facet normal  0.000000e+00  0.000000e+00  1.000000e+00
   outer loop
     vertex -7.606576e+01  9.538344e+01  6.980000e+02
     vertex -8.072567e+01  9.147331e+01  6.980000e+02
     vertex -5.042046e+01  5.713333e+01  6.980000e+02
   endloop
 endfacet
 facet normal  0.000000e+00  0.000000e+00  1.000000e+00
   outer loop
     vertex -7.606576e+01  9.538344e+01  6.980000e+02
     vertex -4.750992e+01  5.957556e+01  6.980000e+02
     vertex -4.448127e+01  6.186968e+01  6.980000e+02
   endloop
 endfacet
 facet normal  0.000000e+00  0.000000e+00  1.000000e+00
   outer loop
     vertex -7.606576e+01  9.538344e+01  6.980000e+02
     vertex -5.042046e+01  5.713333e+01  6.980000e+02
     vertex -4.750992e+01  5.957556e+01  6.980000e+02
   endloop
 endfacet
 facet normal  0.000000e+00  0.000000e+00  1.000000e+00
   outer loop
     vertex  9.725017e+01 -7.366414e+01  6.980000e+02
     vertex  5.837259e+01 -4.898042e+01  6.980000e+02
     vertex  9.345742e+01 -7.842009e+01  6.980000e+02
   endloop
 endfacet
 facet normal  0.000000e+00  0.000000e+00  1.000000e+00
   outer loop
     vertex  9.725017e+01 -7.366414e+01  6.980000e+02
     vertex  6.074150e+01 -4.600990e+01  6.980000e+02
     vertex  5.837259e+01 -4.898042e+01  6.980000e+02
   endloop
 endfacet
 facet normal  0.000000e+00  0.000000e+00  1.000000e+00
   outer loop
     vertex -7.121673e+01  9.905644e+01  6.980000e+02
     vertex -7.606576e+01  9.538344e+01  6.980000e+02
     vertex -4.448127e+01  6.186968e+01  6.980000e+02
   endloop
 endfacet
 facet normal  0.000000e+00  0.000000e+00  1.000000e+00
   outer loop
     vertex -7.121673e+01  9.905644e+01  6.980000e+02
     vertex -4.448127e+01  6.186968e+01  6.980000e+02
     vertex -4.134203e+01  6.400998e+01  6.980000e+02
   endloop
 endfacet
 facet normal  0.000000e+00  0.000000e+00  1.000000e+00
   outer loop
     vertex  1.008011e+02 -6.872505e+01  6.980000e+02
     vertex  6.074150e+01 -4.600990e+01  6.980000e+02
     vertex  9.725017e+01 -7.366414e+01  6.980000e+02
   endloop
 endfacet
 facet normal  0.000000e+00  0.000000e+00  1.000000e+00
   outer loop
     vertex  1.008011e+02 -6.872505e+01  6.980000e+02
     vertex  6.295939e+01 -4.292499e+01  6.980000e+02
     vertex  6.074150e+01 -4.600990e+01  6.980000e+02
   endloop
 endfacet
 facet normal  0.000000e+00  0.000000e+00  1.000000e+00
   outer loop
     vertex  1.008011e+02 -6.872505e+01  6.980000e+02
     vertex  6.502077e+01 -3.973336e+01  6.980000e+02
     vertex  6.295939e+01 -4.292499e+01  6.980000e+02
   endloop
 endfacet
 facet normal  0.000000e+00  0.000000e+00  1.000000e+00
   outer loop
     vertex -6.619064e+01  1.024832e+02  6.980000e+02
     vertex -7.121673e+01  9.905644e+01  6.980000e+02
     vertex -4.134203e+01  6.400998e+01  6.980000e+02
   endloop
 endfacet
 facet normal  0.000000e+00  0.000000e+00  1.000000e+00
   outer loop
     vertex -6.619064e+01  1.024832e+02  6.980000e+02
     vertex -4.134203e+01  6.400998e+01  6.980000e+02
     vertex -3.810000e+01  6.599114e+01  6.980000e+02
   endloop
 endfacet
 facet normal  0.000000e+00  0.000000e+00  1.000000e+00
   outer loop
     vertex  1.041015e+02 -6.361509e+01  6.980000e+02
     vertex  6.502077e+01 -3.973336e+01  6.980000e+02
     vertex  1.008011e+02 -6.872505e+01  6.980000e+02
   endloop
 endfacet
 facet normal  0.000000e+00  0.000000e+00  1.000000e+00
   outer loop
     vertex -6.100000e+01  1.056551e+02  6.980000e+02
     vertex -6.619064e+01  1.024832e+02  6.980000e+02
     vertex -3.810000e+01  6.599114e+01  6.980000e+02
   endloop
 endfacet
 facet normal  0.000000e+00  0.000000e+00  1.000000e+00
   outer loop
     vertex -6.100000e+01  1.056551e+02  6.980000e+02
     vertex -3.810000e+01  6.599114e+01  6.980000e+02
     vertex -3.476325e+01  6.780823e+01  6.980000e+02
   endloop
 endfacet
 facet normal  0.000000e+00  0.000000e+00  1.000000e+00
   outer loop
     vertex  1.071430e+02 -5.834699e+01  6.980000e+02
     vertex  6.692048e+01 -3.644295e+01  6.980000e+02
     vertex  6.502077e+01 -3.973336e+01  6.980000e+02
   endloop
 endfacet
 facet normal  0.000000e+00  0.000000e+00  1.000000e+00
   outer loop
     vertex  1.071430e+02 -5.834699e+01  6.980000e+02
     vertex  6.502077e+01 -3.973336e+01  6.980000e+02
     vertex  1.041015e+02 -6.361509e+01  6.980000e+02
   endloop
 endfacet
 facet normal  0.000000e+00  0.000000e+00  1.000000e+00
   outer loop
     vertex -5.565770e+01  1.085644e+02  6.980000e+02
     vertex -6.100000e+01  1.056551e+02  6.980000e+02
     vertex -3.476325e+01  6.780823e+01  6.980000e+02
   endloop
 endfacet
 facet normal  0.000000e+00  0.000000e+00  1.000000e+00
   outer loop
     vertex  1.099182e+02 -5.293382e+01  6.980000e+02
     vertex  6.865383e+01 -3.306194e+01  6.980000e+02
     vertex  6.692048e+01 -3.644295e+01  6.980000e+02
   endloop
 endfacet
 facet normal  0.000000e+00  0.000000e+00  1.000000e+00
   outer loop
     vertex  1.099182e+02 -5.293382e+01  6.980000e+02
     vertex  6.692048e+01 -3.644295e+01  6.980000e+02
     vertex  1.071430e+02 -5.834699e+01  6.980000e+02
   endloop
 endfacet
 facet normal  0.000000e+00  0.000000e+00  1.000000e+00
   outer loop
     vertex -5.017703e+01  1.112037e+02  6.980000e+02
     vertex -5.565770e+01  1.085644e+02  6.980000e+02
     vertex -3.476325e+01  6.780823e+01  6.980000e+02
   endloop
 endfacet
 facet normal  0.000000e+00  0.000000e+00  1.000000e+00
   outer loop
     vertex -5.017703e+01  1.112037e+02  6.980000e+02
     vertex -3.476325e+01  6.780823e+01  6.980000e+02
     vertex -3.134008e+01  6.945675e+01  6.980000e+02
   endloop
 endfacet
 facet normal  0.000000e+00  0.000000e+00  1.000000e+00
   outer loop
     vertex  1.124201e+02 -4.738905e+01  6.980000e+02
     vertex  7.021649e+01 -2.959873e+01  6.980000e+02
     vertex  6.865383e+01 -3.306194e+01  6.980000e+02
   endloop
 endfacet
 facet normal  0.000000e+00  0.000000e+00  1.000000e+00
   outer loop
     vertex  1.124201e+02 -4.738905e+01  6.980000e+02
     vertex  6.865383e+01 -3.306194e+01  6.980000e+02
     vertex  1.099182e+02 -5.293382e+01  6.980000e+02
   endloop
 endfacet
 facet normal  0.000000e+00  0.000000e+00  1.000000e+00
   outer loop
     vertex -4.457160e+01  1.135666e+02  6.980000e+02
     vertex -3.134008e+01  6.945675e+01  6.980000e+02
     vertex -2.783899e+01  7.093258e+01  6.980000e+02
   endloop
 endfacet
 facet normal  0.000000e+00  0.000000e+00  1.000000e+00
   outer loop
     vertex -4.457160e+01  1.135666e+02  6.980000e+02
     vertex -5.017703e+01  1.112037e+02  6.980000e+02
     vertex -3.134008e+01  6.945675e+01  6.980000e+02
   endloop
 endfacet
 facet normal  0.000000e+00  0.000000e+00  1.000000e+00
   outer loop
     vertex  1.146425e+02 -4.172646e+01  6.980000e+02
     vertex  7.160458e+01 -2.606193e+01  6.980000e+02
     vertex  7.021649e+01 -2.959873e+01  6.980000e+02
   endloop
 endfacet
 facet normal  0.000000e+00  0.000000e+00  1.000000e+00
   outer loop
     vertex  1.146425e+02 -4.172646e+01  6.980000e+02
     vertex  7.021649e+01 -2.959873e+01  6.980000e+02
     vertex  1.124201e+02 -4.738905e+01  6.980000e+02
   endloop
 endfacet
 facet normal  0.000000e+00  0.000000e+00  1.000000e+00
   outer loop
     vertex -3.885537e+01  1.156471e+02  6.980000e+02
     vertex -2.783899e+01  7.093258e+01  6.980000e+02
     vertex -2.426868e+01  7.223206e+01  6.980000e+02
   endloop
 endfacet
 facet normal  0.000000e+00  0.000000e+00  1.000000e+00
   outer loop
     vertex -3.885537e+01  1.156471e+02  6.980000e+02
     vertex -4.457160e+01  1.135666e+02  6.980000e+02
     vertex -2.783899e+01  7.093258e+01  6.980000e+02
   endloop
 endfacet
 facet normal  0.000000e+00  0.000000e+00  1.000000e+00
   outer loop
     vertex  1.165799e+02 -3.596013e+01  6.980000e+02
     vertex  7.281465e+01 -2.246034e+01  6.980000e+02
     vertex  7.160458e+01 -2.606193e+01  6.980000e+02
   endloop
 endfacet
 facet normal  0.000000e+00  0.000000e+00  1.000000e+00
   outer loop
     vertex  1.165799e+02 -3.596013e+01  6.980000e+02
     vertex  7.160458e+01 -2.606193e+01  6.980000e+02
     vertex  1.146425e+02 -4.172646e+01  6.980000e+02
   endloop
 endfacet
 facet normal  0.000000e+00  0.000000e+00  1.000000e+00
   outer loop
     vertex -3.304254e+01  1.174402e+02  6.980000e+02
     vertex -3.885537e+01  1.156471e+02  6.980000e+02
     vertex -2.426868e+01  7.223206e+01  6.980000e+02
   endloop
 endfacet
 facet normal  0.000000e+00  0.000000e+00  1.000000e+00
   outer loop
     vertex -3.304254e+01  1.174402e+02  6.980000e+02
     vertex -2.426868e+01  7.223206e+01  6.980000e+02
     vertex -2.063804e+01  7.335197e+01  6.980000e+02
   endloop
 endfacet
 facet normal  0.000000e+00  0.000000e+00  1.000000e+00
   outer loop
     vertex  1.182274e+02 -3.010440e+01  6.980000e+02
     vertex  7.281465e+01 -2.246034e+01  6.980000e+02
     vertex  1.165799e+02 -3.596013e+01  6.980000e+02
   endloop
 endfacet
 facet normal  0.000000e+00  0.000000e+00  1.000000e+00
   outer loop
     vertex  1.182274e+02 -3.010440e+01  6.980000e+02
     vertex  7.384369e+01 -1.880291e+01  6.980000e+02
     vertex  7.281465e+01 -2.246034e+01  6.980000e+02
   endloop
 endfacet
 facet normal  0.000000e+00  0.000000e+00  1.000000e+00
   outer loop
     vertex  1.182274e+02 -3.010440e+01  6.980000e+02
     vertex  7.468914e+01 -1.509874e+01  6.980000e+02
     vertex  7.384369e+01 -1.880291e+01  6.980000e+02
   endloop
 endfacet
 facet normal  0.000000e+00  0.000000e+00  1.000000e+00
   outer loop
     vertex -2.714755e+01  1.189412e+02  6.980000e+02
     vertex -3.304254e+01  1.174402e+02  6.980000e+02
     vertex -2.063804e+01  7.335197e+01  6.980000e+02
   endloop
 endfacet
 facet normal  0.000000e+00  0.000000e+00  1.000000e+00
   outer loop
     vertex -2.714755e+01  1.189412e+02  6.980000e+02
     vertex -1.695610e+01  7.428951e+01  6.980000e+02
     vertex -1.323199e+01  7.504235e+01  6.980000e+02
   endloop
 endfacet
 facet normal  0.000000e+00  0.000000e+00  1.000000e+00
   outer loop
     vertex -2.714755e+01  1.189412e+02  6.980000e+02
     vertex -2.063804e+01  7.335197e+01  6.980000e+02
     vertex -1.695610e+01  7.428951e+01  6.980000e+02
   endloop
 endfacet
 facet normal  0.000000e+00  0.000000e+00  1.000000e+00
   outer loop
     vertex  1.195810e+02 -2.417383e+01  6.980000e+02
     vertex  7.468914e+01 -1.509874e+01  6.980000e+02
     vertex  1.182274e+02 -3.010440e+01  6.980000e+02
   endloop
 endfacet
 facet normal  0.000000e+00  0.000000e+00  1.000000e+00
   outer loop
     vertex -2.118508e+01  1.201465e+02  6.980000e+02
     vertex -2.714755e+01  1.189412e+02  6.980000e+02
     vertex -1.323199e+01  7.504235e+01  6.980000e+02
   endloop
 endfacet
 facet normal  0.000000e+00  0.000000e+00  1.000000e+00
   outer loop
     vertex  1.206374e+02 -1.818316e+01  6.980000e+02
     vertex  7.468914e+01 -1.509874e+01  6.980000e+02
     vertex  1.195810e+02 -2.417383e+01  6.980000e+02
   endloop
 endfacet
 facet normal  0.000000e+00  0.000000e+00  1.000000e+00
   outer loop
     vertex  1.206374e+02 -1.818316e+01  6.980000e+02
     vertex  7.534891e+01 -1.135702e+01  6.980000e+02
     vertex  7.468914e+01 -1.509874e+01  6.980000e+02
   endloop
 endfacet
 facet normal  0.000000e+00  0.000000e+00  1.000000e+00
   outer loop
     vertex -1.516993e+01  1.210532e+02  6.980000e+02
     vertex -2.118508e+01  1.201465e+02  6.980000e+02
     vertex -1.323199e+01  7.504235e+01  6.980000e+02
   endloop
 endfacet
 facet normal  0.000000e+00  0.000000e+00  1.000000e+00
   outer loop
     vertex -1.516993e+01  1.210532e+02  6.980000e+02
     vertex -9.474990e+00  7.560863e+01  6.980000e+02
     vertex -5.694433e+00  7.598693e+01  6.980000e+02
   endloop
 endfacet
 facet normal  0.000000e+00  0.000000e+00  1.000000e+00
   outer loop
     vertex -1.516993e+01  1.210532e+02  6.980000e+02
     vertex -1.323199e+01  7.504235e+01  6.980000e+02
     vertex -9.474990e+00  7.560863e+01  6.980000e+02
   endloop
 endfacet
 facet normal  0.000000e+00  0.000000e+00  1.000000e+00
   outer loop
     vertex  1.213938e+02 -1.214728e+01  6.980000e+02
     vertex  7.534891e+01 -1.135702e+01  6.980000e+02
     vertex  1.206374e+02 -1.818316e+01  6.980000e+02
   endloop
 endfacet
 facet normal  0.000000e+00  0.000000e+00  1.000000e+00
   outer loop
     vertex  1.213938e+02 -1.214728e+01  6.980000e+02
     vertex  7.582135e+01 -7.587070e+00  6.980000e+02
     vertex  7.534891e+01 -1.135702e+01  6.980000e+02
   endloop
 endfacet
 facet normal  0.000000e+00  0.000000e+00  1.000000e+00
   outer loop
     vertex  1.213938e+02 -1.214728e+01  6.980000e+02
     vertex  7.610528e+01 -3.798256e+00  6.980000e+02
     vertex  7.582135e+01 -7.587070e+00  6.980000e+02
   endloop
 endfacet
 facet normal  0.000000e+00  0.000000e+00  1.000000e+00
   outer loop
     vertex -9.117071e+00  1.216589e+02  6.980000e+02
     vertex -1.516993e+01  1.210532e+02  6.980000e+02
     vertex -5.694433e+00  7.598693e+01  6.980000e+02
   endloop
 endfacet
 facet normal  0.000000e+00  0.000000e+00  1.000000e+00
   outer loop
     vertex  1.218483e+02 -6.081198e+00  6.980000e+02
     vertex  7.610528e+01 -3.798256e+00  6.980000e+02
     vertex  1.213938e+02 -1.214728e+01  6.980000e+02
   endloop
 endfacet
 facet normal  0.000000e+00  0.000000e+00  1.000000e+00
   outer loop
     vertex -3.041544e+00  1.219621e+02  6.980000e+02
     vertex -5.694433e+00  7.598693e+01  6.980000e+02
     vertex -1.899719e+00  7.617632e+01  6.980000e+02
   endloop
 endfacet
 facet normal  0.000000e+00  0.000000e+00  1.000000e+00
   outer loop
     vertex -3.041544e+00  1.219621e+02  6.980000e+02
     vertex -9.117071e+00  1.216589e+02  6.980000e+02
     vertex -5.694433e+00  7.598693e+01  6.980000e+02
   endloop
 endfacet
 facet normal  0.000000e+00  0.000000e+00  1.000000e+00
   outer loop
     vertex  1.220000e+02  0.000000e+00  6.980000e+02
     vertex  7.620000e+01  0.000000e+00  6.980000e+02
     vertex  7.610528e+01 -3.798256e+00  6.980000e+02
   endloop
 endfacet
 facet normal  0.000000e+00  0.000000e+00  1.000000e+00
   outer loop
     vertex  1.220000e+02  0.000000e+00  6.980000e+02
     vertex  7.610528e+01 -3.798256e+00  6.980000e+02
     vertex  1.218483e+02 -6.081198e+00  6.980000e+02
   endloop
 endfacet
 facet normal  0.000000e+00  0.000000e+00  1.000000e+00
   outer loop
     vertex  3.041544e+00  1.219621e+02  6.980000e+02
     vertex  1.899719e+00  7.617632e+01  6.980000e+02
     vertex  5.694433e+00  7.598693e+01  6.980000e+02
   endloop
 endfacet
 facet normal  0.000000e+00  0.000000e+00  1.000000e+00
   outer loop
     vertex  3.041544e+00  1.219621e+02  6.980000e+02
     vertex -1.899719e+00  7.617632e+01  6.980000e+02
     vertex  1.899719e+00  7.617632e+01  6.980000e+02
   endloop
 endfacet
 facet normal  0.000000e+00  0.000000e+00  1.000000e+00
   outer loop
     vertex  3.041544e+00  1.219621e+02  6.980000e+02
     vertex -3.041544e+00  1.219621e+02  6.980000e+02
     vertex -1.899719e+00  7.617632e+01  6.980000e+02
   endloop
 endfacet
 facet normal  0.000000e+00  0.000000e+00  1.000000e+00
   outer loop
     vertex  1.218483e+02  6.081198e+00  6.980000e+02
     vertex  7.610528e+01  3.798256e+00  6.980000e+02
     vertex  7.620000e+01  0.000000e+00  6.980000e+02
   endloop
 endfacet
 facet normal  0.000000e+00  0.000000e+00  1.000000e+00
   outer loop
     vertex  1.218483e+02  6.081198e+00  6.980000e+02
     vertex  7.620000e+01  0.000000e+00  6.980000e+02
     vertex  1.220000e+02  0.000000e+00  6.980000e+02
   endloop
 endfacet
 facet normal  0.000000e+00  0.000000e+00  1.000000e+00
   outer loop
     vertex  9.117071e+00  1.216589e+02  6.980000e+02
     vertex  5.694433e+00  7.598693e+01  6.980000e+02
     vertex  9.474990e+00  7.560863e+01  6.980000e+02
   endloop
 endfacet
 facet normal  0.000000e+00  0.000000e+00  1.000000e+00
   outer loop
     vertex  9.117071e+00  1.216589e+02  6.980000e+02
     vertex  3.041544e+00  1.219621e+02  6.980000e+02
     vertex  5.694433e+00  7.598693e+01  6.980000e+02
   endloop
 endfacet
 facet normal  0.000000e+00  0.000000e+00  1.000000e+00
   outer loop
     vertex  1.213938e+02  1.214728e+01  6.980000e+02
     vertex  7.582135e+01  7.587070e+00  6.980000e+02
     vertex  7.610528e+01  3.798256e+00  6.980000e+02
   endloop
 endfacet
 facet normal  0.000000e+00  0.000000e+00  1.000000e+00
   outer loop
     vertex  1.213938e+02  1.214728e+01  6.980000e+02
     vertex  7.534891e+01  1.135702e+01  6.980000e+02
     vertex  7.582135e+01  7.587070e+00  6.980000e+02
   endloop
 endfacet
 facet normal  0.000000e+00  0.000000e+00  1.000000e+00
   outer loop
     vertex  1.213938e+02  1.214728e+01  6.980000e+02
     vertex  7.610528e+01  3.798256e+00  6.980000e+02
     vertex  1.218483e+02  6.081198e+00  6.980000e+02
   endloop
 endfacet
 facet normal  0.000000e+00  0.000000e+00  1.000000e+00
   outer loop
     vertex  1.516993e+01  1.210532e+02  6.980000e+02
     vertex  9.117071e+00  1.216589e+02  6.980000e+02
     vertex  9.474990e+00  7.560863e+01  6.980000e+02
   endloop
 endfacet
 facet normal  0.000000e+00  0.000000e+00  1.000000e+00
   outer loop
     vertex  1.516993e+01  1.210532e+02  6.980000e+02
     vertex  9.474990e+00  7.560863e+01  6.980000e+02
     vertex  1.323199e+01  7.504235e+01  6.980000e+02
   endloop
 endfacet
 facet normal  0.000000e+00  0.000000e+00  1.000000e+00
   outer loop
     vertex  1.206374e+02  1.818316e+01  6.980000e+02
     vertex  7.534891e+01  1.135702e+01  6.980000e+02
     vertex  1.213938e+02  1.214728e+01  6.980000e+02
   endloop
 endfacet
 facet normal  0.000000e+00  0.000000e+00  1.000000e+00
   outer loop
     vertex  2.118508e+01  1.201465e+02  6.980000e+02
     vertex  1.516993e+01  1.210532e+02  6.980000e+02
     vertex  1.323199e+01  7.504235e+01  6.980000e+02
   endloop
 endfacet
 facet normal  0.000000e+00  0.000000e+00  1.000000e+00
   outer loop
     vertex  1.195810e+02  2.417383e+01  6.980000e+02
     vertex  7.468914e+01  1.509874e+01  6.980000e+02
     vertex  7.534891e+01  1.135702e+01  6.980000e+02
   endloop
 endfacet
 facet normal  0.000000e+00  0.000000e+00  1.000000e+00
   outer loop
     vertex  1.195810e+02  2.417383e+01  6.980000e+02
     vertex  7.534891e+01  1.135702e+01  6.980000e+02
     vertex  1.206374e+02  1.818316e+01  6.980000e+02
   endloop
 endfacet
 facet normal  0.000000e+00  0.000000e+00  1.000000e+00
   outer loop
     vertex  2.714755e+01  1.189412e+02  6.980000e+02
     vertex  2.118508e+01  1.201465e+02  6.980000e+02
     vertex  1.323199e+01  7.504235e+01  6.980000e+02
   endloop
 endfacet
 facet normal  0.000000e+00  0.000000e+00  1.000000e+00
   outer loop
     vertex  2.714755e+01  1.189412e+02  6.980000e+02
     vertex  1.695610e+01  7.428951e+01  6.980000e+02
     vertex  2.063804e+01  7.335197e+01  6.980000e+02
   endloop
 endfacet
 facet normal  0.000000e+00  0.000000e+00  1.000000e+00
   outer loop
     vertex  2.714755e+01  1.189412e+02  6.980000e+02
     vertex  1.323199e+01  7.504235e+01  6.980000e+02
     vertex  1.695610e+01  7.428951e+01  6.980000e+02
   endloop
 endfacet
 facet normal  0.000000e+00  0.000000e+00  1.000000e+00
   outer loop
     vertex  1.182274e+02  3.010440e+01  6.980000e+02
     vertex  7.384369e+01  1.880291e+01  6.980000e+02
     vertex  7.468914e+01  1.509874e+01  6.980000e+02
   endloop
 endfacet
 facet normal  0.000000e+00  0.000000e+00  1.000000e+00
   outer loop
     vertex  1.182274e+02  3.010440e+01  6.980000e+02
     vertex  7.281465e+01  2.246034e+01  6.980000e+02
     vertex  7.384369e+01  1.880291e+01  6.980000e+02
   endloop
 endfacet
 facet normal  0.000000e+00  0.000000e+00  1.000000e+00
   outer loop
     vertex  1.182274e+02  3.010440e+01  6.980000e+02
     vertex  7.468914e+01  1.509874e+01  6.980000e+02
     vertex  1.195810e+02  2.417383e+01  6.980000e+02
   endloop
 endfacet
 facet normal  0.000000e+00  0.000000e+00  1.000000e+00
   outer loop
     vertex  3.304254e+01  1.174402e+02  6.980000e+02
     vertex  2.714755e+01  1.189412e+02  6.980000e+02
     vertex  2.063804e+01  7.335197e+01  6.980000e+02
   endloop
 endfacet
 facet normal  0.000000e+00  0.000000e+00  1.000000e+00
   outer loop
     vertex  1.165799e+02  3.596013e+01  6.980000e+02
     vertex  7.160458e+01  2.606193e+01  6.980000e+02
     vertex  7.281465e+01  2.246034e+01  6.980000e+02
   endloop
 endfacet
 facet normal  0.000000e+00  0.000000e+00  1.000000e+00
   outer loop
     vertex  1.165799e+02  3.596013e+01  6.980000e+02
     vertex  7.281465e+01  2.246034e+01  6.980000e+02
     vertex  1.182274e+02  3.010440e+01  6.980000e+02
   endloop
 endfacet
 facet normal  0.000000e+00  0.000000e+00  1.000000e+00
   outer loop
     vertex  3.885537e+01  1.156471e+02  6.980000e+02
     vertex  2.063804e+01  7.335197e+01  6.980000e+02
     vertex  2.426868e+01  7.223206e+01  6.980000e+02
   endloop
 endfacet
 facet normal  0.000000e+00  0.000000e+00  1.000000e+00
   outer loop
     vertex  3.885537e+01  1.156471e+02  6.980000e+02
     vertex  3.304254e+01  1.174402e+02  6.980000e+02
     vertex  2.063804e+01  7.335197e+01  6.980000e+02
   endloop
 endfacet
 facet normal  0.000000e+00  0.000000e+00  1.000000e+00
   outer loop
     vertex  1.146425e+02  4.172646e+01  6.980000e+02
     vertex  7.160458e+01  2.606193e+01  6.980000e+02
     vertex  1.165799e+02  3.596013e+01  6.980000e+02
   endloop
 endfacet
 facet normal  0.000000e+00  0.000000e+00  1.000000e+00
   outer loop
     vertex  4.457160e+01  1.135666e+02  6.980000e+02
     vertex  3.885537e+01  1.156471e+02  6.980000e+02
     vertex  2.426868e+01  7.223206e+01  6.980000e+02
   endloop
 endfacet
 facet normal  0.000000e+00  0.000000e+00  1.000000e+00
   outer loop
     vertex  4.457160e+01  1.135666e+02  6.980000e+02
     vertex  2.426868e+01  7.223206e+01  6.980000e+02
     vertex  2.783899e+01  7.093258e+01  6.980000e+02
   endloop
 endfacet
 facet normal  0.000000e+00  0.000000e+00  1.000000e+00
   outer loop
     vertex  1.124201e+02  4.738905e+01  6.980000e+02
     vertex  7.160458e+01  2.606193e+01  6.980000e+02
     vertex  1.146425e+02  4.172646e+01  6.980000e+02
   endloop
 endfacet
 facet normal  0.000000e+00  0.000000e+00  1.000000e+00
   outer loop
     vertex  1.124201e+02  4.738905e+01  6.980000e+02
     vertex  7.021649e+01  2.959873e+01  6.980000e+02
     vertex  7.160458e+01  2.606193e+01  6.980000e+02
   endloop
 endfacet
 facet normal  0.000000e+00  0.000000e+00  1.000000e+00
   outer loop
     vertex  5.017703e+01  1.112037e+02  6.980000e+02
     vertex  4.457160e+01  1.135666e+02  6.980000e+02
     vertex  2.783899e+01  7.093258e+01  6.980000e+02
   endloop
 endfacet
 facet normal  0.000000e+00  0.000000e+00  1.000000e+00
   outer loop
     vertex  5.017703e+01  1.112037e+02  6.980000e+02
     vertex  2.783899e+01  7.093258e+01  6.980000e+02
     vertex  3.134008e+01  6.945675e+01  6.980000e+02
   endloop
 endfacet
 facet normal  0.000000e+00  0.000000e+00  1.000000e+00
   outer loop
     vertex  1.099182e+02  5.293382e+01  6.980000e+02
     vertex  7.021649e+01  2.959873e+01  6.980000e+02
     vertex  1.124201e+02  4.738905e+01  6.980000e+02
   endloop
 endfacet
 facet normal  0.000000e+00  0.000000e+00  1.000000e+00
   outer loop
     vertex  1.099182e+02  5.293382e+01  6.980000e+02
     vertex  6.865383e+01  3.306194e+01  6.980000e+02
     vertex  7.021649e+01  2.959873e+01  6.980000e+02
   endloop
 endfacet
 facet normal  0.000000e+00  0.000000e+00  1.000000e+00
   outer loop
     vertex  1.099182e+02  5.293382e+01  6.980000e+02
     vertex  6.692048e+01  3.644295e+01  6.980000e+02
     vertex  6.865383e+01  3.306194e+01  6.980000e+02
   endloop
 endfacet
 facet normal  0.000000e+00  0.000000e+00  1.000000e+00
   outer loop
     vertex  5.565770e+01  1.085644e+02  6.980000e+02
     vertex  5.017703e+01  1.112037e+02  6.980000e+02
     vertex  3.134008e+01  6.945675e+01  6.980000e+02
   endloop
 endfacet
 facet normal  0.000000e+00  0.000000e+00  1.000000e+00
   outer loop
     vertex  5.565770e+01  1.085644e+02  6.980000e+02
     vertex  3.476325e+01  6.780823e+01  6.980000e+02
     vertex  3.810000e+01  6.599114e+01  6.980000e+02
   endloop
 endfacet
 facet normal  0.000000e+00  0.000000e+00  1.000000e+00
   outer loop
     vertex  5.565770e+01  1.085644e+02  6.980000e+02
     vertex  3.134008e+01  6.945675e+01  6.980000e+02
     vertex  3.476325e+01  6.780823e+01  6.980000e+02
   endloop
 endfacet
 facet normal  0.000000e+00  0.000000e+00  1.000000e+00
   outer loop
     vertex  1.071430e+02  5.834699e+01  6.980000e+02
     vertex  6.692048e+01  3.644295e+01  6.980000e+02
     vertex  1.099182e+02  5.293382e+01  6.980000e+02
   endloop
 endfacet
 facet normal  0.000000e+00  0.000000e+00  1.000000e+00
   outer loop
     vertex  6.100000e+01  1.056551e+02  6.980000e+02
     vertex  5.565770e+01  1.085644e+02  6.980000e+02
     vertex  3.810000e+01  6.599114e+01  6.980000e+02
   endloop
 endfacet
 facet normal  0.000000e+00  0.000000e+00  1.000000e+00
   outer loop
     vertex  1.041015e+02  6.361509e+01  6.980000e+02
     vertex  6.692048e+01  3.644295e+01  6.980000e+02
     vertex  1.071430e+02  5.834699e+01  6.980000e+02
   endloop
 endfacet
 facet normal  0.000000e+00  0.000000e+00  1.000000e+00
   outer loop
     vertex  1.041015e+02  6.361509e+01  6.980000e+02
     vertex  6.502077e+01  3.973336e+01  6.980000e+02
     vertex  6.692048e+01  3.644295e+01  6.980000e+02
   endloop
 endfacet
 facet normal  0.000000e+00  0.000000e+00  1.000000e+00
   outer loop
     vertex  6.619064e+01  1.024832e+02  6.980000e+02
     vertex  6.100000e+01  1.056551e+02  6.980000e+02
     vertex  3.810000e+01  6.599114e+01  6.980000e+02
   endloop
 endfacet
 facet normal  0.000000e+00  0.000000e+00  1.000000e+00
   outer loop
     vertex  6.619064e+01  1.024832e+02  6.980000e+02
     vertex  3.810000e+01  6.599114e+01  6.980000e+02
     vertex  4.134203e+01  6.400998e+01  6.980000e+02
   endloop
 endfacet
 facet normal  0.000000e+00  0.000000e+00  1.000000e+00
   outer loop
     vertex  1.008011e+02  6.872505e+01  6.980000e+02
     vertex  6.295939e+01  4.292499e+01  6.980000e+02
     vertex  6.502077e+01  3.973336e+01  6.980000e+02
   endloop
 endfacet
 facet normal  0.000000e+00  0.000000e+00  1.000000e+00
   outer loop
     vertex  1.008011e+02  6.872505e+01  6.980000e+02
     vertex  6.502077e+01  3.973336e+01  6.980000e+02
     vertex  1.041015e+02  6.361509e+01  6.980000e+02
   endloop
 endfacet
 facet normal  0.000000e+00  0.000000e+00  1.000000e+00
   outer loop
     vertex  7.121673e+01  9.905644e+01  6.980000e+02
     vertex  6.619064e+01  1.024832e+02  6.980000e+02
     vertex  4.134203e+01  6.400998e+01  6.980000e+02
   endloop
 endfacet
 facet normal  0.000000e+00  0.000000e+00  1.000000e+00
   outer loop
     vertex  7.121673e+01  9.905644e+01  6.980000e+02
     vertex  4.134203e+01  6.400998e+01  6.980000e+02
     vertex  4.448127e+01  6.186968e+01  6.980000e+02
   endloop
 endfacet
 facet normal  0.000000e+00  0.000000e+00  1.000000e+00
   outer loop
     vertex  9.725017e+01  7.366414e+01  6.980000e+02
     vertex  6.295939e+01  4.292499e+01  6.980000e+02
     vertex  1.008011e+02  6.872505e+01  6.980000e+02
   endloop
 endfacet
 facet normal  0.000000e+00  0.000000e+00  1.000000e+00
   outer loop
     vertex  9.725017e+01  7.366414e+01  6.980000e+02
     vertex  6.074150e+01  4.600990e+01  6.980000e+02
     vertex  6.295939e+01  4.292499e+01  6.980000e+02
   endloop
 endfacet
 facet normal  0.000000e+00  0.000000e+00  1.000000e+00
   outer loop
     vertex  7.606576e+01  9.538344e+01  6.980000e+02
     vertex  7.121673e+01  9.905644e+01  6.980000e+02
     vertex  4.448127e+01  6.186968e+01  6.980000e+02
   endloop
 endfacet
 facet normal  0.000000e+00  0.000000e+00  1.000000e+00
   outer loop
     vertex  7.606576e+01  9.538344e+01  6.980000e+02
     vertex  4.448127e+01  6.186968e+01  6.980000e+02
     vertex  4.750992e+01  5.957556e+01  6.980000e+02
   endloop
 endfacet
 facet normal  0.000000e+00  0.000000e+00  1.000000e+00
   outer loop
     vertex  9.345742e+01  7.842009e+01  6.980000e+02
     vertex  5.837259e+01  4.898042e+01  6.980000e+02
     vertex  6.074150e+01  4.600990e+01  6.980000e+02
   endloop
 endfacet
 facet normal  0.000000e+00  0.000000e+00  1.000000e+00
   outer loop
     vertex  9.345742e+01  7.842009e+01  6.980000e+02
     vertex  6.074150e+01  4.600990e+01  6.980000e+02
     vertex  9.725017e+01  7.366414e+01  6.980000e+02
   endloop
 endfacet
 facet normal  0.000000e+00  0.000000e+00  1.000000e+00
   outer loop
     vertex  8.072567e+01  9.147331e+01  6.980000e+02
     vertex  5.042046e+01  5.713333e+01  6.980000e+02
     vertex  5.320565e+01  5.454905e+01  6.980000e+02
   endloop
 endfacet
 facet normal  0.000000e+00  0.000000e+00  1.000000e+00
   outer loop
     vertex  8.072567e+01  9.147331e+01  6.980000e+02
     vertex  4.750992e+01  5.957556e+01  6.980000e+02
     vertex  5.042046e+01  5.713333e+01  6.980000e+02
   endloop
 endfacet
 facet normal  0.000000e+00  0.000000e+00  1.000000e+00
   outer loop
     vertex  8.072567e+01  9.147331e+01  6.980000e+02
     vertex  7.606576e+01  9.538344e+01  6.980000e+02
     vertex  4.750992e+01  5.957556e+01  6.980000e+02
   endloop
 endfacet
 facet normal  0.000000e+00  0.000000e+00  1.000000e+00
   outer loop
     vertex  8.943233e+01  8.298107e+01  6.980000e+02
     vertex  5.585855e+01  5.182916e+01  6.980000e+02
     vertex  5.837259e+01  4.898042e+01  6.980000e+02
   endloop
 endfacet
 facet normal  0.000000e+00  0.000000e+00  1.000000e+00
   outer loop
     vertex  8.943233e+01  8.298107e+01  6.980000e+02
     vertex  5.320565e+01  5.454905e+01  6.980000e+02
     vertex  5.585855e+01  5.182916e+01  6.980000e+02
   endloop
 endfacet
 facet normal  0.000000e+00  0.000000e+00  1.000000e+00
   outer loop
     vertex  8.943233e+01  8.298107e+01  6.980000e+02
     vertex  5.837259e+01  4.898042e+01  6.980000e+02
     vertex  9.345742e+01  7.842009e+01  6.980000e+02
   endloop
 endfacet
 facet normal  0.000000e+00  0.000000e+00  1.000000e+00
   outer loop
     vertex  8.518489e+01  8.733576e+01  6.980000e+02
     vertex  8.072567e+01  9.147331e+01  6.980000e+02
     vertex  5.320565e+01  5.454905e+01  6.980000e+02
   endloop
 endfacet
 facet normal  0.000000e+00  0.000000e+00  1.000000e+00
   outer loop
     vertex  8.518489e+01  8.733576e+01  6.980000e+02
     vertex  5.320565e+01  5.454905e+01  6.980000e+02
     vertex  8.943233e+01  8.298107e+01  6.980000e+02
   endloop
 endfacet
 facet normal -9.996892e-01 -2.493069e-02  3.349080e-19
   outer loop
     vertex  7.610528e+01  3.798256e+00  0.000000e+00
     vertex  7.620000e+01 -9.331809e-15  0.000000e+00
     vertex  7.620000e+01  0.000000e+00  6.980000e+02
   endloop
 endfacet
 facet normal -9.996892e-01 -2.493069e-02  0.000000e+00
   outer loop
     vertex  7.610528e+01  3.798256e+00  0.000000e+00
     vertex  7.620000e+01  0.000000e+00  6.980000e+02
     vertex  7.610528e+01  3.798256e+00  6.980000e+02
   endloop
 endfacet
 facet normal -9.972038e-01 -7.473009e-02  0.000000e+00
   outer loop
     vertex  7.582135e+01  7.587070e+00  0.000000e+00
     vertex  7.610528e+01  3.798256e+00  6.980000e+02
     vertex  7.582135e+01  7.587070e+00  6.980000e+02
   endloop
 endfacet
 facet normal -9.922392e-01 -1.243437e-01  0.000000e+00
   outer loop
     vertex  7.582135e+01  7.587070e+00  0.000000e+00
     vertex  7.582135e+01  7.587070e+00  6.980000e+02
     vertex  7.534891e+01  1.135702e+01  6.980000e+02
   endloop
 endfacet
 facet normal -9.972038e-01 -7.473009e-02  0.000000e+00
   outer loop
     vertex  7.582135e+01  7.587070e+00  0.000000e+00
     vertex  7.610528e+01  3.798256e+00  0.000000e+00
     vertex  7.610528e+01  3.798256e+00  6.980000e+02
   endloop
 endfacet
 facet normal -9.922392e-01 -1.243437e-01  0.000000e+00
   outer loop
     vertex  7.534891e+01  1.135702e+01  0.000000e+00
     vertex  7.582135e+01  7.587070e+00  0.000000e+00
     vertex  7.534891e+01  1.135702e+01  6.980000e+02
   endloop
 endfacet
 facet normal -9.848078e-01 -1.736482e-01  0.000000e+00
   outer loop
     vertex  7.468914e+01  1.509874e+01  0.000000e+00
     vertex  7.534891e+01  1.135702e+01  6.980000e+02
     vertex  7.468914e+01  1.509874e+01  6.980000e+02
   endloop
 endfacet
 facet normal -9.749279e-01 -2.225209e-01  0.000000e+00
   outer loop
     vertex  7.468914e+01  1.509874e+01  0.000000e+00
     vertex  7.468914e+01  1.509874e+01  6.980000e+02
     vertex  7.384369e+01  1.880291e+01  6.980000e+02
   endloop
 endfacet
 facet normal -9.848078e-01 -1.736482e-01  0.000000e+00
   outer loop
     vertex  7.468914e+01  1.509874e+01  0.000000e+00
     vertex  7.534891e+01  1.135702e+01  0.000000e+00
     vertex  7.534891e+01  1.135702e+01  6.980000e+02
   endloop
 endfacet
 facet normal -9.749279e-01 -2.225209e-01  0.000000e+00
   outer loop
     vertex  7.384369e+01  1.880291e+01  0.000000e+00
     vertex  7.468914e+01  1.509874e+01  0.000000e+00
     vertex  7.384369e+01  1.880291e+01  6.980000e+02
   endloop
 endfacet
 facet normal -9.626242e-01 -2.708405e-01  0.000000e+00
   outer loop
     vertex  7.281465e+01  2.246034e+01  0.000000e+00
     vertex  7.384369e+01  1.880291e+01  6.980000e+02
     vertex  7.281465e+01  2.246034e+01  6.980000e+02
   endloop
 endfacet
 facet normal -9.626242e-01 -2.708405e-01  0.000000e+00
   outer loop
     vertex  7.281465e+01  2.246034e+01  0.000000e+00
     vertex  7.384369e+01  1.880291e+01  0.000000e+00
     vertex  7.384369e+01  1.880291e+01  6.980000e+02
   endloop
 endfacet
 facet normal -9.479273e-01 -3.184867e-01  0.000000e+00
   outer loop
     vertex  7.160458e+01  2.606193e+01  0.000000e+00
     vertex  7.281465e+01  2.246034e+01  6.980000e+02
     vertex  7.160458e+01  2.606193e+01  6.980000e+02
   endloop
 endfacet
 facet normal -9.479273e-01 -3.184867e-01  0.000000e+00
   outer loop
     vertex  7.160458e+01  2.606193e+01  0.000000e+00
     vertex  7.281465e+01  2.246034e+01  0.000000e+00
     vertex  7.281465e+01  2.246034e+01  6.980000e+02
   endloop
 endfacet
 facet normal -9.308737e-01 -3.653410e-01  0.000000e+00
   outer loop
     vertex  7.021649e+01  2.959873e+01  0.000000e+00
     vertex  7.160458e+01  2.606193e+01  6.980000e+02
     vertex  7.021649e+01  2.959873e+01  6.980000e+02
   endloop
 endfacet
 facet normal -9.115059e-01 -4.112871e-01  0.000000e+00
   outer loop
     vertex  7.021649e+01  2.959873e+01  0.000000e+00
     vertex  7.021649e+01  2.959873e+01  6.980000e+02
     vertex  6.865383e+01  3.306194e+01  6.980000e+02
   endloop
 endfacet
 facet normal -9.308737e-01 -3.653410e-01  0.000000e+00
   outer loop
     vertex  7.021649e+01  2.959873e+01  0.000000e+00
     vertex  7.160458e+01  2.606193e+01  0.000000e+00
     vertex  7.160458e+01  2.606193e+01  6.980000e+02
   endloop
 endfacet
 facet normal -9.115059e-01 -4.112871e-01  0.000000e+00
   outer loop
     vertex  6.865383e+01  3.306194e+01  0.000000e+00
     vertex  7.021649e+01  2.959873e+01  0.000000e+00
     vertex  6.865383e+01  3.306194e+01  6.980000e+02
   endloop
 endfacet
 facet normal -8.898718e-01 -4.562107e-01  0.000000e+00
   outer loop
     vertex  6.692048e+01  3.644295e+01  0.000000e+00
     vertex  6.865383e+01  3.306194e+01  6.980000e+02
     vertex  6.692048e+01  3.644295e+01  6.980000e+02
   endloop
 endfacet
 facet normal -8.660254e-01 -5.000000e-01  0.000000e+00
   outer loop
     vertex  6.692048e+01  3.644295e+01  0.000000e+00
     vertex  6.692048e+01  3.644295e+01  6.980000e+02
     vertex  6.502077e+01  3.973336e+01  6.980000e+02
   endloop
 endfacet
 facet normal -8.898718e-01 -4.562107e-01  0.000000e+00
   outer loop
     vertex  6.692048e+01  3.644295e+01  0.000000e+00
     vertex  6.865383e+01  3.306194e+01  0.000000e+00
     vertex  6.865383e+01  3.306194e+01  6.980000e+02
   endloop
 endfacet
 facet normal -8.660254e-01 -5.000000e-01  0.000000e+00
   outer loop
     vertex  6.502077e+01  3.973336e+01  0.000000e+00
     vertex  6.692048e+01  3.644295e+01  0.000000e+00
     vertex  6.502077e+01  3.973336e+01  6.980000e+02
   endloop
 endfacet
 facet normal -8.400259e-01 -5.425463e-01  0.000000e+00
   outer loop
     vertex  6.295939e+01  4.292499e+01  0.000000e+00
     vertex  6.502077e+01  3.973336e+01  0.000000e+00
     vertex  6.502077e+01  3.973336e+01  6.980000e+02
   endloop
 endfacet
 facet normal -8.400259e-01 -5.425463e-01  0.000000e+00
   outer loop
     vertex  6.295939e+01  4.292499e+01  0.000000e+00
     vertex  6.502077e+01  3.973336e+01  6.980000e+02
     vertex  6.295939e+01  4.292499e+01  6.980000e+02
   endloop
 endfacet
 facet normal -8.119380e-01 -5.837437e-01  0.000000e+00
   outer loop
     vertex  6.074150e+01  4.600990e+01  0.000000e+00
     vertex  6.295939e+01  4.292499e+01  0.000000e+00
     vertex  6.295939e+01  4.292499e+01  6.980000e+02
   endloop
 endfacet
 facet normal -8.119380e-01 -5.837437e-01  0.000000e+00
   outer loop
     vertex  6.074150e+01  4.600990e+01  0.000000e+00
     vertex  6.295939e+01  4.292499e+01  6.980000e+02
     vertex  6.074150e+01  4.600990e+01  6.980000e+02
   endloop
 endfacet
 facet normal -7.818315e-01 -6.234898e-01  0.000000e+00
   outer loop
     vertex  5.837259e+01  4.898042e+01  0.000000e+00
     vertex  6.074150e+01  4.600990e+01  0.000000e+00
     vertex  6.074150e+01  4.600990e+01  6.980000e+02
   endloop
 endfacet
 facet normal -7.818315e-01 -6.234898e-01  0.000000e+00
   outer loop
     vertex  5.837259e+01  4.898042e+01  0.000000e+00
     vertex  6.074150e+01  4.600990e+01  6.980000e+02
     vertex  5.837259e+01  4.898042e+01  6.980000e+02
   endloop
 endfacet
 facet normal -7.497812e-01 -6.616858e-01  0.000000e+00
   outer loop
     vertex  5.837259e+01  4.898042e+01  0.000000e+00
     vertex  5.837259e+01  4.898042e+01  6.980000e+02
     vertex  5.585855e+01  5.182916e+01  6.980000e+02
   endloop
 endfacet
 facet normal -7.497812e-01 -6.616858e-01  0.000000e+00
   outer loop
     vertex  5.585855e+01  5.182916e+01  0.000000e+00
     vertex  5.837259e+01  4.898042e+01  0.000000e+00
     vertex  5.585855e+01  5.182916e+01  6.980000e+02
   endloop
 endfacet
 facet normal -7.158668e-01 -6.982368e-01  0.000000e+00
   outer loop
     vertex  5.320565e+01  5.454905e+01  0.000000e+00
     vertex  5.585855e+01  5.182916e+01  0.000000e+00
     vertex  5.585855e+01  5.182916e+01  6.980000e+02
   endloop
 endfacet
 facet normal -7.158668e-01 -6.982368e-01  0.000000e+00
   outer loop
     vertex  5.320565e+01  5.454905e+01  0.000000e+00
     vertex  5.585855e+01  5.182916e+01  6.980000e+02
     vertex  5.320565e+01  5.454905e+01  6.980000e+02
   endloop
 endfacet
 facet normal -6.801727e-01 -7.330519e-01  0.000000e+00
   outer loop
     vertex  5.042046e+01  5.713333e+01  0.000000e+00
     vertex  5.320565e+01  5.454905e+01  6.980000e+02
     vertex  5.042046e+01  5.713333e+01  6.980000e+02
   endloop
 endfacet
 facet normal -6.801727e-01 -7.330519e-01  0.000000e+00
   outer loop
     vertex  5.042046e+01  5.713333e+01  0.000000e+00
     vertex  5.320565e+01  5.454905e+01  0.000000e+00
     vertex  5.320565e+01  5.454905e+01  6.980000e+02
   endloop
 endfacet
 facet normal -6.427876e-01 -7.660444e-01  0.000000e+00
   outer loop
     vertex  4.750992e+01  5.957556e+01  0.000000e+00
     vertex  5.042046e+01  5.713333e+01  6.980000e+02
     vertex  4.750992e+01  5.957556e+01  6.980000e+02
   endloop
 endfacet
 facet normal -6.427876e-01 -7.660444e-01  0.000000e+00
   outer loop
     vertex  4.750992e+01  5.957556e+01  0.000000e+00
     vertex  5.042046e+01  5.713333e+01  0.000000e+00
     vertex  5.042046e+01  5.713333e+01  6.980000e+02
   endloop
 endfacet
 facet normal -6.038044e-01 -7.971325e-01  0.000000e+00
   outer loop
     vertex  4.448127e+01  6.186968e+01  0.000000e+00
     vertex  4.750992e+01  5.957556e+01  6.980000e+02
     vertex  4.448127e+01  6.186968e+01  6.980000e+02
   endloop
 endfacet
 facet normal -6.038044e-01 -7.971325e-01  0.000000e+00
   outer loop
     vertex  4.448127e+01  6.186968e+01  0.000000e+00
     vertex  4.750992e+01  5.957556e+01  0.000000e+00
     vertex  4.750992e+01  5.957556e+01  6.980000e+02
   endloop
 endfacet
 facet normal -5.633201e-01 -8.262388e-01  0.000000e+00
   outer loop
     vertex  4.134203e+01  6.400998e+01  0.000000e+00
     vertex  4.448127e+01  6.186968e+01  6.980000e+02
     vertex  4.134203e+01  6.400998e+01  6.980000e+02
   endloop
 endfacet
 facet normal -5.214352e-01 -8.532909e-01  0.000000e+00
   outer loop
     vertex  4.134203e+01  6.400998e+01  0.000000e+00
     vertex  4.134203e+01  6.400998e+01  6.980000e+02
     vertex  3.810000e+01  6.599114e+01  6.980000e+02
   endloop
 endfacet
 facet normal -5.633201e-01 -8.262388e-01  0.000000e+00
   outer loop
     vertex  4.134203e+01  6.400998e+01  0.000000e+00
     vertex  4.448127e+01  6.186968e+01  0.000000e+00
     vertex  4.448127e+01  6.186968e+01  6.980000e+02
   endloop
 endfacet
 facet normal -5.214352e-01 -8.532909e-01  0.000000e+00
   outer loop
     vertex  3.810000e+01  6.599114e+01  0.000000e+00
     vertex  4.134203e+01  6.400998e+01  0.000000e+00
     vertex  3.810000e+01  6.599114e+01  6.980000e+02
   endloop
 endfacet
 facet normal -4.782540e-01 -8.782216e-01  0.000000e+00
   outer loop
     vertex  3.476325e+01  6.780823e+01  0.000000e+00
     vertex  3.810000e+01  6.599114e+01  6.980000e+02
     vertex  3.476325e+01  6.780823e+01  6.980000e+02
   endloop
 endfacet
 facet normal -4.782540e-01 -8.782216e-01  0.000000e+00
   outer loop
     vertex  3.476325e+01  6.780823e+01  0.000000e+00
     vertex  3.810000e+01  6.599114e+01  0.000000e+00
     vertex  3.810000e+01  6.599114e+01  6.980000e+02
   endloop
 endfacet
 facet normal -4.338837e-01 -9.009689e-01  0.000000e+00
   outer loop
     vertex  3.134008e+01  6.945675e+01  0.000000e+00
     vertex  3.476325e+01  6.780823e+01  6.980000e+02
     vertex  3.134008e+01  6.945675e+01  6.980000e+02
   endloop
 endfacet
 facet normal -4.338837e-01 -9.009689e-01  0.000000e+00
   outer loop
     vertex  3.134008e+01  6.945675e+01  0.000000e+00
     vertex  3.476325e+01  6.780823e+01  0.000000e+00
     vertex  3.476325e+01  6.780823e+01  6.980000e+02
   endloop
 endfacet
 facet normal -3.884348e-01 -9.214762e-01  0.000000e+00
   outer loop
     vertex  2.783899e+01  7.093258e+01  0.000000e+00
     vertex  3.134008e+01  6.945675e+01  6.980000e+02
     vertex  2.783899e+01  7.093258e+01  6.980000e+02
   endloop
 endfacet
 facet normal -3.884348e-01 -9.214762e-01  0.000000e+00
   outer loop
     vertex  2.783899e+01  7.093258e+01  0.000000e+00
     vertex  3.134008e+01  6.945675e+01  0.000000e+00
     vertex  3.134008e+01  6.945675e+01  6.980000e+02
   endloop
 endfacet
 facet normal -3.420201e-01 -9.396926e-01  0.000000e+00
   outer loop
     vertex  2.426868e+01  7.223206e+01  0.000000e+00
     vertex  2.783899e+01  7.093258e+01  6.980000e+02
     vertex  2.426868e+01  7.223206e+01  6.980000e+02
   endloop
 endfacet
 facet normal -2.947552e-01 -9.555728e-01  0.000000e+00
   outer loop
     vertex  2.426868e+01  7.223206e+01  0.000000e+00
     vertex  2.426868e+01  7.223206e+01  6.980000e+02
     vertex  2.063804e+01  7.335197e+01  6.980000e+02
   endloop
 endfacet
 facet normal -3.420201e-01 -9.396926e-01  0.000000e+00
   outer loop
     vertex  2.426868e+01  7.223206e+01  0.000000e+00
     vertex  2.783899e+01  7.093258e+01  0.000000e+00
     vertex  2.783899e+01  7.093258e+01  6.980000e+02
   endloop
 endfacet
 facet normal -2.947552e-01 -9.555728e-01  0.000000e+00
   outer loop
     vertex  2.063804e+01  7.335197e+01  0.000000e+00
     vertex  2.426868e+01  7.223206e+01  0.000000e+00
     vertex  2.063804e+01  7.335197e+01  6.980000e+02
   endloop
 endfacet
 facet normal -2.467574e-01 -9.690773e-01  0.000000e+00
   outer loop
     vertex  1.695610e+01  7.428951e+01  0.000000e+00
     vertex  2.063804e+01  7.335197e+01  6.980000e+02
     vertex  1.695610e+01  7.428951e+01  6.980000e+02
   endloop
 endfacet
 facet normal -1.981461e-01 -9.801725e-01  0.000000e+00
   outer loop
     vertex  1.695610e+01  7.428951e+01  0.000000e+00
     vertex  1.695610e+01  7.428951e+01  6.980000e+02
     vertex  1.323199e+01  7.504235e+01  6.980000e+02
   endloop
 endfacet
 facet normal -2.467574e-01 -9.690773e-01  0.000000e+00
   outer loop
     vertex  1.695610e+01  7.428951e+01  0.000000e+00
     vertex  2.063804e+01  7.335197e+01  0.000000e+00
     vertex  2.063804e+01  7.335197e+01  6.980000e+02
   endloop
 endfacet
 facet normal -1.981461e-01 -9.801725e-01  0.000000e+00
   outer loop
     vertex  1.323199e+01  7.504235e+01  0.000000e+00
     vertex  1.695610e+01  7.428951e+01  0.000000e+00
     vertex  1.323199e+01  7.504235e+01  6.980000e+02
   endloop
 endfacet
 facet normal -1.490423e-01 -9.888308e-01  0.000000e+00
   outer loop
     vertex  9.474990e+00  7.560863e+01  0.000000e+00
     vertex  1.323199e+01  7.504235e+01  6.980000e+02
     vertex  9.474990e+00  7.560863e+01  6.980000e+02
   endloop
 endfacet
 facet normal -1.490423e-01 -9.888308e-01  0.000000e+00
   outer loop
     vertex  9.474990e+00  7.560863e+01  0.000000e+00
     vertex  1.323199e+01  7.504235e+01  0.000000e+00
     vertex  1.323199e+01  7.504235e+01  6.980000e+02
   endloop
 endfacet
 facet normal -9.956785e-02 -9.950308e-01  0.000000e+00
   outer loop
     vertex  5.694433e+00  7.598693e+01  0.000000e+00
     vertex  9.474990e+00  7.560863e+01  6.980000e+02
     vertex  5.694433e+00  7.598693e+01  6.980000e+02
   endloop
 endfacet
 facet normal -9.956785e-02 -9.950308e-01  0.000000e+00
   outer loop
     vertex  5.694433e+00  7.598693e+01  0.000000e+00
     vertex  9.474990e+00  7.560863e+01  0.000000e+00
     vertex  9.474990e+00  7.560863e+01  6.980000e+02
   endloop
 endfacet
 facet normal -4.984589e-02 -9.987569e-01  0.000000e+00
   outer loop
     vertex  1.899719e+00  7.617632e+01  0.000000e+00
     vertex  5.694433e+00  7.598693e+01  6.980000e+02
     vertex  1.899719e+00  7.617632e+01  6.980000e+02
   endloop
 endfacet
 facet normal -4.984589e-02 -9.987569e-01  0.000000e+00
   outer loop
     vertex  1.899719e+00  7.617632e+01  0.000000e+00
     vertex  5.694433e+00  7.598693e+01  0.000000e+00
     vertex  5.694433e+00  7.598693e+01  6.980000e+02
   endloop
 endfacet
 facet normal  0.000000e+00 -1.000000e+00  0.000000e+00
   outer loop
     vertex -1.899719e+00  7.617632e+01  0.000000e+00
     vertex  1.899719e+00  7.617632e+01  6.980000e+02
     vertex -1.899719e+00  7.617632e+01  6.980000e+02
   endloop
 endfacet
 facet normal  0.000000e+00 -1.000000e+00  0.000000e+00
   outer loop
     vertex -1.899719e+00  7.617632e+01  0.000000e+00
     vertex  1.899719e+00  7.617632e+01  0.000000e+00
     vertex  1.899719e+00  7.617632e+01  6.980000e+02
   endloop
 endfacet
 facet normal  4.984589e-02 -9.987569e-01  0.000000e+00
   outer loop
     vertex -5.694433e+00  7.598693e+01  0.000000e+00
     vertex -1.899719e+00  7.617632e+01  6.980000e+02
     vertex -5.694433e+00  7.598693e+01  6.980000e+02
   endloop
 endfacet
 facet normal  4.984589e-02 -9.987569e-01  0.000000e+00
   outer loop
     vertex -5.694433e+00  7.598693e+01  0.000000e+00
     vertex -1.899719e+00  7.617632e+01  0.000000e+00
     vertex -1.899719e+00  7.617632e+01  6.980000e+02
   endloop
 endfacet
 facet normal  9.956785e-02 -9.950308e-01  0.000000e+00
   outer loop
     vertex -9.474990e+00  7.560863e+01  0.000000e+00
     vertex -5.694433e+00  7.598693e+01  6.980000e+02
     vertex -9.474990e+00  7.560863e+01  6.980000e+02
   endloop
 endfacet
 facet normal  9.956785e-02 -9.950308e-01  0.000000e+00
   outer loop
     vertex -9.474990e+00  7.560863e+01  0.000000e+00
     vertex -5.694433e+00  7.598693e+01  0.000000e+00
     vertex -5.694433e+00  7.598693e+01  6.980000e+02
   endloop
 endfacet
 facet normal  1.490423e-01 -9.888308e-01  0.000000e+00
   outer loop
     vertex -1.323199e+01  7.504235e+01  0.000000e+00
     vertex -9.474990e+00  7.560863e+01  6.980000e+02
     vertex -1.323199e+01  7.504235e+01  6.980000e+02
   endloop
 endfacet
 facet normal  1.490423e-01 -9.888308e-01  0.000000e+00
   outer loop
     vertex -1.323199e+01  7.504235e+01  0.000000e+00
     vertex -9.474990e+00  7.560863e+01  0.000000e+00
     vertex -9.474990e+00  7.560863e+01  6.980000e+02
   endloop
 endfacet
 facet normal  1.981461e-01 -9.801725e-01  0.000000e+00
   outer loop
     vertex -1.695610e+01  7.428951e+01  0.000000e+00
     vertex -1.323199e+01  7.504235e+01  6.980000e+02
     vertex -1.695610e+01  7.428951e+01  6.980000e+02
   endloop
 endfacet
 facet normal  1.981461e-01 -9.801725e-01  0.000000e+00
   outer loop
     vertex -1.695610e+01  7.428951e+01  0.000000e+00
     vertex -1.323199e+01  7.504235e+01  0.000000e+00
     vertex -1.323199e+01  7.504235e+01  6.980000e+02
   endloop
 endfacet
 facet normal  2.467574e-01 -9.690773e-01  0.000000e+00
   outer loop
     vertex -2.063804e+01  7.335197e+01  0.000000e+00
     vertex -1.695610e+01  7.428951e+01  6.980000e+02
     vertex -2.063804e+01  7.335197e+01  6.980000e+02
   endloop
 endfacet
 facet normal  2.467574e-01 -9.690773e-01  0.000000e+00
   outer loop
     vertex -2.063804e+01  7.335197e+01  0.000000e+00
     vertex -1.695610e+01  7.428951e+01  0.000000e+00
     vertex -1.695610e+01  7.428951e+01  6.980000e+02
   endloop
 endfacet
 facet normal  2.947552e-01 -9.555728e-01  0.000000e+00
   outer loop
     vertex -2.426868e+01  7.223206e+01  0.000000e+00
     vertex -2.063804e+01  7.335197e+01  0.000000e+00
     vertex -2.063804e+01  7.335197e+01  6.980000e+02
   endloop
 endfacet
 facet normal  2.947552e-01 -9.555728e-01  0.000000e+00
   outer loop
     vertex -2.426868e+01  7.223206e+01  0.000000e+00
     vertex -2.063804e+01  7.335197e+01  6.980000e+02
     vertex -2.426868e+01  7.223206e+01  6.980000e+02
   endloop
 endfacet
 facet normal  3.420201e-01 -9.396926e-01  0.000000e+00
   outer loop
     vertex -2.426868e+01  7.223206e+01  0.000000e+00
     vertex -2.426868e+01  7.223206e+01  6.980000e+02
     vertex -2.783899e+01  7.093258e+01  6.980000e+02
   endloop
 endfacet
 facet normal  3.420201e-01 -9.396926e-01  0.000000e+00
   outer loop
     vertex -2.783899e+01  7.093258e+01  0.000000e+00
     vertex -2.426868e+01  7.223206e+01  0.000000e+00
     vertex -2.783899e+01  7.093258e+01  6.980000e+02
   endloop
 endfacet
 facet normal  3.884348e-01 -9.214762e-01  0.000000e+00
   outer loop
     vertex -3.134008e+01  6.945675e+01  0.000000e+00
     vertex -2.783899e+01  7.093258e+01  0.000000e+00
     vertex -2.783899e+01  7.093258e+01  6.980000e+02
   endloop
 endfacet
 facet normal  3.884348e-01 -9.214762e-01  0.000000e+00
   outer loop
     vertex -3.134008e+01  6.945675e+01  0.000000e+00
     vertex -2.783899e+01  7.093258e+01  6.980000e+02
     vertex -3.134008e+01  6.945675e+01  6.980000e+02
   endloop
 endfacet
 facet normal  4.338837e-01 -9.009689e-01  0.000000e+00
   outer loop
     vertex -3.476325e+01  6.780823e+01  0.000000e+00
     vertex -3.134008e+01  6.945675e+01  0.000000e+00
     vertex -3.134008e+01  6.945675e+01  6.980000e+02
   endloop
 endfacet
 facet normal  4.338837e-01 -9.009689e-01  0.000000e+00
   outer loop
     vertex -3.476325e+01  6.780823e+01  0.000000e+00
     vertex -3.134008e+01  6.945675e+01  6.980000e+02
     vertex -3.476325e+01  6.780823e+01  6.980000e+02
   endloop
 endfacet
 facet normal  4.782540e-01 -8.782216e-01  0.000000e+00
   outer loop
     vertex -3.810000e+01  6.599114e+01  0.000000e+00
     vertex -3.476325e+01  6.780823e+01  0.000000e+00
     vertex -3.476325e+01  6.780823e+01  6.980000e+02
   endloop
 endfacet
 facet normal  4.782540e-01 -8.782216e-01  0.000000e+00
   outer loop
     vertex -3.810000e+01  6.599114e+01  0.000000e+00
     vertex -3.476325e+01  6.780823e+01  6.980000e+02
     vertex -3.810000e+01  6.599114e+01  6.980000e+02
   endloop
 endfacet
 facet normal  5.214352e-01 -8.532909e-01  0.000000e+00
   outer loop
     vertex -4.134203e+01  6.400998e+01  0.000000e+00
     vertex -3.810000e+01  6.599114e+01  0.000000e+00
     vertex -3.810000e+01  6.599114e+01  6.980000e+02
   endloop
 endfacet
 facet normal  5.214352e-01 -8.532909e-01  0.000000e+00
   outer loop
     vertex -4.134203e+01  6.400998e+01  0.000000e+00
     vertex -3.810000e+01  6.599114e+01  6.980000e+02
     vertex -4.134203e+01  6.400998e+01  6.980000e+02
   endloop
 endfacet
 facet normal  5.633201e-01 -8.262388e-01  0.000000e+00
   outer loop
     vertex -4.448127e+01  6.186968e+01  0.000000e+00
     vertex -4.134203e+01  6.400998e+01  0.000000e+00
     vertex -4.134203e+01  6.400998e+01  6.980000e+02
   endloop
 endfacet
 facet normal  5.633201e-01 -8.262388e-01  0.000000e+00
   outer loop
     vertex -4.448127e+01  6.186968e+01  0.000000e+00
     vertex -4.134203e+01  6.400998e+01  6.980000e+02
     vertex -4.448127e+01  6.186968e+01  6.980000e+02
   endloop
 endfacet
 facet normal  6.038044e-01 -7.971325e-01  0.000000e+00
   outer loop
     vertex -4.750992e+01  5.957556e+01  0.000000e+00
     vertex -4.448127e+01  6.186968e+01  0.000000e+00
     vertex -4.448127e+01  6.186968e+01  6.980000e+02
   endloop
 endfacet
 facet normal  6.038044e-01 -7.971325e-01  0.000000e+00
   outer loop
     vertex -4.750992e+01  5.957556e+01  0.000000e+00
     vertex -4.448127e+01  6.186968e+01  6.980000e+02
     vertex -4.750992e+01  5.957556e+01  6.980000e+02
   endloop
 endfacet
 facet normal  6.427876e-01 -7.660444e-01  0.000000e+00
   outer loop
     vertex -5.042046e+01  5.713333e+01  0.000000e+00
     vertex -4.750992e+01  5.957556e+01  0.000000e+00
     vertex -4.750992e+01  5.957556e+01  6.980000e+02
   endloop
 endfacet
 facet normal  6.427876e-01 -7.660444e-01  0.000000e+00
   outer loop
     vertex -5.042046e+01  5.713333e+01  0.000000e+00
     vertex -4.750992e+01  5.957556e+01  6.980000e+02
     vertex -5.042046e+01  5.713333e+01  6.980000e+02
   endloop
 endfacet
 facet normal  6.801727e-01 -7.330519e-01  0.000000e+00
   outer loop
     vertex -5.320565e+01  5.454905e+01  0.000000e+00
     vertex -5.042046e+01  5.713333e+01  0.000000e+00
     vertex -5.042046e+01  5.713333e+01  6.980000e+02
   endloop
 endfacet
 facet normal  6.801727e-01 -7.330519e-01  0.000000e+00
   outer loop
     vertex -5.320565e+01  5.454905e+01  0.000000e+00
     vertex -5.042046e+01  5.713333e+01  6.980000e+02
     vertex -5.320565e+01  5.454905e+01  6.980000e+02
   endloop
 endfacet
 facet normal  7.158668e-01 -6.982368e-01  0.000000e+00
   outer loop
     vertex -5.585855e+01  5.182916e+01  0.000000e+00
     vertex -5.320565e+01  5.454905e+01  6.980000e+02
     vertex -5.585855e+01  5.182916e+01  6.980000e+02
   endloop
 endfacet
 facet normal  7.158668e-01 -6.982368e-01  0.000000e+00
   outer loop
     vertex -5.585855e+01  5.182916e+01  0.000000e+00
     vertex -5.320565e+01  5.454905e+01  0.000000e+00
     vertex -5.320565e+01  5.454905e+01  6.980000e+02
   endloop
 endfacet
 facet normal  7.497812e-01 -6.616858e-01  0.000000e+00
   outer loop
     vertex -5.837259e+01  4.898042e+01  0.000000e+00
     vertex -5.585855e+01  5.182916e+01  6.980000e+02
     vertex -5.837259e+01  4.898042e+01  6.980000e+02
   endloop
 endfacet
 facet normal  7.818315e-01 -6.234898e-01  0.000000e+00
   outer loop
     vertex -5.837259e+01  4.898042e+01  0.000000e+00
     vertex -5.837259e+01  4.898042e+01  6.980000e+02
     vertex -6.074150e+01  4.600990e+01  6.980000e+02
   endloop
 endfacet
 facet normal  7.497812e-01 -6.616858e-01  0.000000e+00
   outer loop
     vertex -5.837259e+01  4.898042e+01  0.000000e+00
     vertex -5.585855e+01  5.182916e+01  0.000000e+00
     vertex -5.585855e+01  5.182916e+01  6.980000e+02
   endloop
 endfacet
 facet normal  7.818315e-01 -6.234898e-01  0.000000e+00
   outer loop
     vertex -6.074150e+01  4.600990e+01  0.000000e+00
     vertex -5.837259e+01  4.898042e+01  0.000000e+00
     vertex -6.074150e+01  4.600990e+01  6.980000e+02
   endloop
 endfacet
 facet normal  8.119380e-01 -5.837437e-01  0.000000e+00
   outer loop
     vertex -6.295939e+01  4.292499e+01  0.000000e+00
     vertex -6.074150e+01  4.600990e+01  6.980000e+02
     vertex -6.295939e+01  4.292499e+01  6.980000e+02
   endloop
 endfacet
 facet normal  8.119380e-01 -5.837437e-01  0.000000e+00
   outer loop
     vertex -6.295939e+01  4.292499e+01  0.000000e+00
     vertex -6.074150e+01  4.600990e+01  0.000000e+00
     vertex -6.074150e+01  4.600990e+01  6.980000e+02
   endloop
 endfacet
 facet normal  8.400259e-01 -5.425463e-01  0.000000e+00
   outer loop
     vertex -6.502077e+01  3.973336e+01  0.000000e+00
     vertex -6.295939e+01  4.292499e+01  6.980000e+02
     vertex -6.502077e+01  3.973336e+01  6.980000e+02
   endloop
 endfacet
 facet normal  8.400259e-01 -5.425463e-01  0.000000e+00
   outer loop
     vertex -6.502077e+01  3.973336e+01  0.000000e+00
     vertex -6.295939e+01  4.292499e+01  0.000000e+00
     vertex -6.295939e+01  4.292499e+01  6.980000e+02
   endloop
 endfacet
 facet normal  8.660254e-01 -5.000000e-01  0.000000e+00
   outer loop
     vertex -6.692048e+01  3.644295e+01  0.000000e+00
     vertex -6.502077e+01  3.973336e+01  6.980000e+02
     vertex -6.692048e+01  3.644295e+01  6.980000e+02
   endloop
 endfacet
 facet normal  8.660254e-01 -5.000000e-01  0.000000e+00
   outer loop
     vertex -6.692048e+01  3.644295e+01  0.000000e+00
     vertex -6.502077e+01  3.973336e+01  0.000000e+00
     vertex -6.502077e+01  3.973336e+01  6.980000e+02
   endloop
 endfacet
 facet normal  8.898718e-01 -4.562107e-01  0.000000e+00
   outer loop
     vertex -6.865383e+01  3.306194e+01  0.000000e+00
     vertex -6.692048e+01  3.644295e+01  6.980000e+02
     vertex -6.865383e+01  3.306194e+01  6.980000e+02
   endloop
 endfacet
 facet normal  8.898718e-01 -4.562107e-01  0.000000e+00
   outer loop
     vertex -6.865383e+01  3.306194e+01  0.000000e+00
     vertex -6.692048e+01  3.644295e+01  0.000000e+00
     vertex -6.692048e+01  3.644295e+01  6.980000e+02
   endloop
 endfacet
 facet normal  9.115059e-01 -4.112871e-01  0.000000e+00
   outer loop
     vertex -7.021649e+01  2.959873e+01  0.000000e+00
     vertex -6.865383e+01  3.306194e+01  6.980000e+02
     vertex -7.021649e+01  2.959873e+01  6.980000e+02
   endloop
 endfacet
 facet normal  9.115059e-01 -4.112871e-01  0.000000e+00
   outer loop
     vertex -7.021649e+01  2.959873e+01  0.000000e+00
     vertex -6.865383e+01  3.306194e+01  0.000000e+00
     vertex -6.865383e+01  3.306194e+01  6.980000e+02
   endloop
 endfacet
 facet normal  9.308737e-01 -3.653410e-01  0.000000e+00
   outer loop
     vertex -7.160458e+01  2.606193e+01  0.000000e+00
     vertex -7.021649e+01  2.959873e+01  6.980000e+02
     vertex -7.160458e+01  2.606193e+01  6.980000e+02
   endloop
 endfacet
 facet normal  9.308737e-01 -3.653410e-01  0.000000e+00
   outer loop
     vertex -7.160458e+01  2.606193e+01  0.000000e+00
     vertex -7.021649e+01  2.959873e+01  0.000000e+00
     vertex -7.021649e+01  2.959873e+01  6.980000e+02
   endloop
 endfacet
 facet normal  9.479273e-01 -3.184867e-01  0.000000e+00
   outer loop
     vertex -7.281465e+01  2.246034e+01  0.000000e+00
     vertex -7.160458e+01  2.606193e+01  6.980000e+02
     vertex -7.281465e+01  2.246034e+01  6.980000e+02
   endloop
 endfacet
 facet normal  9.626242e-01 -2.708405e-01  0.000000e+00
   outer loop
     vertex -7.281465e+01  2.246034e+01  0.000000e+00
     vertex -7.281465e+01  2.246034e+01  6.980000e+02
     vertex -7.384369e+01  1.880291e+01  6.980000e+02
   endloop
 endfacet
 facet normal  9.479273e-01 -3.184867e-01  0.000000e+00
   outer loop
     vertex -7.281465e+01  2.246034e+01  0.000000e+00
     vertex -7.160458e+01  2.606193e+01  0.000000e+00
     vertex -7.160458e+01  2.606193e+01  6.980000e+02
   endloop
 endfacet
 facet normal  9.626242e-01 -2.708405e-01  0.000000e+00
   outer loop
     vertex -7.384369e+01  1.880291e+01  0.000000e+00
     vertex -7.281465e+01  2.246034e+01  0.000000e+00
     vertex -7.384369e+01  1.880291e+01  6.980000e+02
   endloop
 endfacet
 facet normal  9.749279e-01 -2.225209e-01  0.000000e+00
   outer loop
     vertex -7.468914e+01  1.509874e+01  0.000000e+00
     vertex -7.384369e+01  1.880291e+01  6.980000e+02
     vertex -7.468914e+01  1.509874e+01  6.980000e+02
   endloop
 endfacet
 facet normal  9.749279e-01 -2.225209e-01  0.000000e+00
   outer loop
     vertex -7.468914e+01  1.509874e+01  0.000000e+00
     vertex -7.384369e+01  1.880291e+01  0.000000e+00
     vertex -7.384369e+01  1.880291e+01  6.980000e+02
   endloop
 endfacet
 facet normal  9.848078e-01 -1.736482e-01  0.000000e+00
   outer loop
     vertex -7.534891e+01  1.135702e+01  0.000000e+00
     vertex -7.468914e+01  1.509874e+01  6.980000e+02
     vertex -7.534891e+01  1.135702e+01  6.980000e+02
   endloop
 endfacet
 facet normal  9.848078e-01 -1.736482e-01  0.000000e+00
   outer loop
     vertex -7.534891e+01  1.135702e+01  0.000000e+00
     vertex -7.468914e+01  1.509874e+01  0.000000e+00
     vertex -7.468914e+01  1.509874e+01  6.980000e+02
   endloop
 endfacet
 facet normal  9.922392e-01 -1.243437e-01  0.000000e+00
   outer loop
     vertex -7.582135e+01  7.587070e+00  0.000000e+00
     vertex -7.534891e+01  1.135702e+01  6.980000e+02
     vertex -7.582135e+01  7.587070e+00  6.980000e+02
   endloop
 endfacet
 facet normal  9.922392e-01 -1.243437e-01  0.000000e+00
   outer loop
     vertex -7.582135e+01  7.587070e+00  0.000000e+00
     vertex -7.534891e+01  1.135702e+01  0.000000e+00
     vertex -7.534891e+01  1.135702e+01  6.980000e+02
   endloop
 endfacet
 facet normal  9.972038e-01 -7.473009e-02  0.000000e+00
   outer loop
     vertex -7.610528e+01  3.798256e+00  0.000000e+00
     vertex -7.582135e+01  7.587070e+00  0.000000e+00
     vertex -7.582135e+01  7.587070e+00  6.980000e+02
   endloop
 endfacet
 facet normal  9.972038e-01 -7.473009e-02  0.000000e+00
   outer loop
     vertex -7.610528e+01  3.798256e+00  0.000000e+00
     vertex -7.582135e+01  7.587070e+00  6.980000e+02
     vertex -7.610528e+01  3.798256e+00  6.980000e+02
   endloop
 endfacet
 facet normal  9.996892e-01 -2.493069e-02  0.000000e+00
   outer loop
     vertex -7.620000e+01 -2.613850e-13  0.000000e+00
     vertex -7.610528e+01  3.798256e+00  0.000000e+00
     vertex -7.610528e+01  3.798256e+00  6.980000e+02
   endloop
 endfacet
 facet normal  9.996892e-01 -2.493069e-02  0.000000e+00
   outer loop
     vertex -7.620000e+01 -2.613850e-13  0.000000e+00
     vertex -7.610528e+01  3.798256e+00  6.980000e+02
     vertex -7.620000e+01 -2.613850e-13  6.980000e+02
   endloop
 endfacet
 facet normal  9.996892e-01  2.493069e-02  0.000000e+00
   outer loop
     vertex -7.610528e+01 -3.798256e+00  0.000000e+00
     vertex -7.620000e+01 -2.613850e-13  0.000000e+00
     vertex -7.620000e+01 -2.613850e-13  6.980000e+02
   endloop
 endfacet
 facet normal  9.996892e-01  2.493069e-02 -0.000000e+00
   outer loop
     vertex -7.610528e+01 -3.798256e+00  0.000000e+00
     vertex -7.620000e+01 -2.613850e-13  6.980000e+02
     vertex -7.610528e+01 -3.798256e+00  6.980000e+02
   endloop
 endfacet
 facet normal  9.972038e-01  7.473009e-02  0.000000e+00
   outer loop
     vertex -7.582135e+01 -7.587070e+00  0.000000e+00
     vertex -7.610528e+01 -3.798256e+00  0.000000e+00
     vertex -7.610528e+01 -3.798256e+00  6.980000e+02
   endloop
 endfacet
 facet normal  9.972038e-01  7.473009e-02 -0.000000e+00
   outer loop
     vertex -7.582135e+01 -7.587070e+00  0.000000e+00
     vertex -7.610528e+01 -3.798256e+00  6.980000e+02
     vertex -7.582135e+01 -7.587070e+00  6.980000e+02
   endloop
 endfacet
 facet normal  9.922392e-01  1.243437e-01  0.000000e+00
   outer loop
     vertex -7.534891e+01 -1.135702e+01  0.000000e+00
     vertex -7.582135e+01 -7.587070e+00  0.000000e+00
     vertex -7.582135e+01 -7.587070e+00  6.980000e+02
   endloop
 endfacet
 facet normal  9.922392e-01  1.243437e-01 -0.000000e+00
   outer loop
     vertex -7.534891e+01 -1.135702e+01  0.000000e+00
     vertex -7.582135e+01 -7.587070e+00  6.980000e+02
     vertex -7.534891e+01 -1.135702e+01  6.980000e+02
   endloop
 endfacet
 facet normal  9.848078e-01  1.736482e-01 -0.000000e+00
   outer loop
     vertex -7.534891e+01 -1.135702e+01  0.000000e+00
     vertex -7.534891e+01 -1.135702e+01  6.980000e+02
     vertex -7.468914e+01 -1.509874e+01  6.980000e+02
   endloop
 endfacet
 facet normal  9.848078e-01  1.736482e-01 -0.000000e+00
   outer loop
     vertex -7.468914e+01 -1.509874e+01  0.000000e+00
     vertex -7.534891e+01 -1.135702e+01  0.000000e+00
     vertex -7.468914e+01 -1.509874e+01  6.980000e+02
   endloop
 endfacet
 facet normal  9.749279e-01  2.225209e-01  0.000000e+00
   outer loop
     vertex -7.384369e+01 -1.880291e+01  0.000000e+00
     vertex -7.468914e+01 -1.509874e+01  0.000000e+00
     vertex -7.468914e+01 -1.509874e+01  6.980000e+02
   endloop
 endfacet
 facet normal  9.749279e-01  2.225209e-01 -0.000000e+00
   outer loop
     vertex -7.384369e+01 -1.880291e+01  0.000000e+00
     vertex -7.468914e+01 -1.509874e+01  6.980000e+02
     vertex -7.384369e+01 -1.880291e+01  6.980000e+02
   endloop
 endfacet
 facet normal  9.626242e-01  2.708405e-01  0.000000e+00
   outer loop
     vertex -7.281465e+01 -2.246034e+01  0.000000e+00
     vertex -7.384369e+01 -1.880291e+01  0.000000e+00
     vertex -7.384369e+01 -1.880291e+01  6.980000e+02
   endloop
 endfacet
 facet normal  9.626242e-01  2.708405e-01 -0.000000e+00
   outer loop
     vertex -7.281465e+01 -2.246034e+01  0.000000e+00
     vertex -7.384369e+01 -1.880291e+01  6.980000e+02
     vertex -7.281465e+01 -2.246034e+01  6.980000e+02
   endloop
 endfacet
 facet normal  9.479273e-01  3.184867e-01  0.000000e+00
   outer loop
     vertex -7.160458e+01 -2.606193e+01  0.000000e+00
     vertex -7.281465e+01 -2.246034e+01  0.000000e+00
     vertex -7.281465e+01 -2.246034e+01  6.980000e+02
   endloop
 endfacet
 facet normal  9.479273e-01  3.184867e-01 -0.000000e+00
   outer loop
     vertex -7.160458e+01 -2.606193e+01  0.000000e+00
     vertex -7.281465e+01 -2.246034e+01  6.980000e+02
     vertex -7.160458e+01 -2.606193e+01  6.980000e+02
   endloop
 endfacet
 facet normal  9.308737e-01  3.653410e-01 -0.000000e+00
   outer loop
     vertex -7.160458e+01 -2.606193e+01  0.000000e+00
     vertex -7.160458e+01 -2.606193e+01  6.980000e+02
     vertex -7.021649e+01 -2.959873e+01  6.980000e+02
   endloop
 endfacet
 facet normal  9.308737e-01  3.653410e-01 -0.000000e+00
   outer loop
     vertex -7.021649e+01 -2.959873e+01  0.000000e+00
     vertex -7.160458e+01 -2.606193e+01  0.000000e+00
     vertex -7.021649e+01 -2.959873e+01  6.980000e+02
   endloop
 endfacet
 facet normal  9.115059e-01  4.112871e-01  0.000000e+00
   outer loop
     vertex -6.865383e+01 -3.306194e+01  0.000000e+00
     vertex -7.021649e+01 -2.959873e+01  0.000000e+00
     vertex -7.021649e+01 -2.959873e+01  6.980000e+02
   endloop
 endfacet
 facet normal  9.115059e-01  4.112871e-01 -0.000000e+00
   outer loop
     vertex -6.865383e+01 -3.306194e+01  0.000000e+00
     vertex -7.021649e+01 -2.959873e+01  6.980000e+02
     vertex -6.865383e+01 -3.306194e+01  6.980000e+02
   endloop
 endfacet
 facet normal  8.898718e-01  4.562107e-01 -0.000000e+00
   outer loop
     vertex -6.865383e+01 -3.306194e+01  0.000000e+00
     vertex -6.865383e+01 -3.306194e+01  6.980000e+02
     vertex -6.692048e+01 -3.644295e+01  6.980000e+02
   endloop
 endfacet
 facet normal  8.898718e-01  4.562107e-01 -0.000000e+00
   outer loop
     vertex -6.692048e+01 -3.644295e+01  0.000000e+00
     vertex -6.865383e+01 -3.306194e+01  0.000000e+00
     vertex -6.692048e+01 -3.644295e+01  6.980000e+02
   endloop
 endfacet
 facet normal  8.660254e-01  5.000000e-01 -0.000000e+00
   outer loop
     vertex -6.692048e+01 -3.644295e+01  0.000000e+00
     vertex -6.692048e+01 -3.644295e+01  6.980000e+02
     vertex -6.502077e+01 -3.973336e+01  6.980000e+02
   endloop
 endfacet
 facet normal  8.660254e-01  5.000000e-01 -0.000000e+00
   outer loop
     vertex -6.502077e+01 -3.973336e+01  0.000000e+00
     vertex -6.692048e+01 -3.644295e+01  0.000000e+00
     vertex -6.502077e+01 -3.973336e+01  6.980000e+02
   endloop
 endfacet
 facet normal  8.400259e-01  5.425463e-01  0.000000e+00
   outer loop
     vertex -6.295939e+01 -4.292499e+01  0.000000e+00
     vertex -6.502077e+01 -3.973336e+01  0.000000e+00
     vertex -6.502077e+01 -3.973336e+01  6.980000e+02
   endloop
 endfacet
 facet normal  8.400259e-01  5.425463e-01 -0.000000e+00
   outer loop
     vertex -6.295939e+01 -4.292499e+01  0.000000e+00
     vertex -6.502077e+01 -3.973336e+01  6.980000e+02
     vertex -6.295939e+01 -4.292499e+01  6.980000e+02
   endloop
 endfacet
 facet normal  8.119380e-01  5.837437e-01  0.000000e+00
   outer loop
     vertex -6.074150e+01 -4.600990e+01  0.000000e+00
     vertex -6.295939e+01 -4.292499e+01  0.000000e+00
     vertex -6.295939e+01 -4.292499e+01  6.980000e+02
   endloop
 endfacet
 facet normal  8.119380e-01  5.837437e-01 -0.000000e+00
   outer loop
     vertex -6.074150e+01 -4.600990e+01  0.000000e+00
     vertex -6.295939e+01 -4.292499e+01  6.980000e+02
     vertex -6.074150e+01 -4.600990e+01  6.980000e+02
   endloop
 endfacet
 facet normal  7.818315e-01  6.234898e-01  0.000000e+00
   outer loop
     vertex -5.837259e+01 -4.898042e+01  0.000000e+00
     vertex -6.074150e+01 -4.600990e+01  0.000000e+00
     vertex -6.074150e+01 -4.600990e+01  6.980000e+02
   endloop
 endfacet
 facet normal  7.818315e-01  6.234898e-01 -0.000000e+00
   outer loop
     vertex -5.837259e+01 -4.898042e+01  0.000000e+00
     vertex -6.074150e+01 -4.600990e+01  6.980000e+02
     vertex -5.837259e+01 -4.898042e+01  6.980000e+02
   endloop
 endfacet
 facet normal  7.497812e-01  6.616858e-01 -0.000000e+00
   outer loop
     vertex -5.837259e+01 -4.898042e+01  0.000000e+00
     vertex -5.837259e+01 -4.898042e+01  6.980000e+02
     vertex -5.585855e+01 -5.182916e+01  6.980000e+02
   endloop
 endfacet
 facet normal  7.497812e-01  6.616858e-01 -0.000000e+00
   outer loop
     vertex -5.585855e+01 -5.182916e+01  0.000000e+00
     vertex -5.837259e+01 -4.898042e+01  0.000000e+00
     vertex -5.585855e+01 -5.182916e+01  6.980000e+02
   endloop
 endfacet
 facet normal  7.158668e-01  6.982368e-01  0.000000e+00
   outer loop
     vertex -5.320565e+01 -5.454905e+01  0.000000e+00
     vertex -5.585855e+01 -5.182916e+01  0.000000e+00
     vertex -5.585855e+01 -5.182916e+01  6.980000e+02
   endloop
 endfacet
 facet normal  7.158668e-01  6.982368e-01 -0.000000e+00
   outer loop
     vertex -5.320565e+01 -5.454905e+01  0.000000e+00
     vertex -5.585855e+01 -5.182916e+01  6.980000e+02
     vertex -5.320565e+01 -5.454905e+01  6.980000e+02
   endloop
 endfacet
 facet normal  6.801727e-01  7.330519e-01 -0.000000e+00
   outer loop
     vertex -5.320565e+01 -5.454905e+01  0.000000e+00
     vertex -5.320565e+01 -5.454905e+01  6.980000e+02
     vertex -5.042046e+01 -5.713333e+01  6.980000e+02
   endloop
 endfacet
 facet normal  6.801727e-01  7.330519e-01 -0.000000e+00
   outer loop
     vertex -5.042046e+01 -5.713333e+01  0.000000e+00
     vertex -5.320565e+01 -5.454905e+01  0.000000e+00
     vertex -5.042046e+01 -5.713333e+01  6.980000e+02
   endloop
 endfacet
 facet normal  6.427876e-01  7.660444e-01  0.000000e+00
   outer loop
     vertex -4.750992e+01 -5.957556e+01  0.000000e+00
     vertex -5.042046e+01 -5.713333e+01  0.000000e+00
     vertex -5.042046e+01 -5.713333e+01  6.980000e+02
   endloop
 endfacet
 facet normal  6.427876e-01  7.660444e-01 -0.000000e+00
   outer loop
     vertex -4.750992e+01 -5.957556e+01  0.000000e+00
     vertex -5.042046e+01 -5.713333e+01  6.980000e+02
     vertex -4.750992e+01 -5.957556e+01  6.980000e+02
   endloop
 endfacet
 facet normal  6.038044e-01  7.971325e-01 -0.000000e+00
   outer loop
     vertex -4.750992e+01 -5.957556e+01  0.000000e+00
     vertex -4.750992e+01 -5.957556e+01  6.980000e+02
     vertex -4.448127e+01 -6.186968e+01  6.980000e+02
   endloop
 endfacet
 facet normal  6.038044e-01  7.971325e-01 -0.000000e+00
   outer loop
     vertex -4.448127e+01 -6.186968e+01  0.000000e+00
     vertex -4.750992e+01 -5.957556e+01  0.000000e+00
     vertex -4.448127e+01 -6.186968e+01  6.980000e+02
   endloop
 endfacet
 facet normal  5.633201e-01  8.262388e-01 -0.000000e+00
   outer loop
     vertex -4.134203e+01 -6.400998e+01  0.000000e+00
     vertex -4.448127e+01 -6.186968e+01  6.980000e+02
     vertex -4.134203e+01 -6.400998e+01  6.980000e+02
   endloop
 endfacet
 facet normal  5.633201e-01  8.262388e-01  0.000000e+00
   outer loop
     vertex -4.134203e+01 -6.400998e+01  0.000000e+00
     vertex -4.448127e+01 -6.186968e+01  0.000000e+00
     vertex -4.448127e+01 -6.186968e+01  6.980000e+02
   endloop
 endfacet
 facet normal  5.214352e-01  8.532909e-01 -0.000000e+00
   outer loop
     vertex -3.810000e+01 -6.599114e+01  0.000000e+00
     vertex -4.134203e+01 -6.400998e+01  6.980000e+02
     vertex -3.810000e+01 -6.599114e+01  6.980000e+02
   endloop
 endfacet
 facet normal  5.214352e-01  8.532909e-01  0.000000e+00
   outer loop
     vertex -3.810000e+01 -6.599114e+01  0.000000e+00
     vertex -4.134203e+01 -6.400998e+01  0.000000e+00
     vertex -4.134203e+01 -6.400998e+01  6.980000e+02
   endloop
 endfacet
 facet normal  4.782540e-01  8.782216e-01 -0.000000e+00
   outer loop
     vertex -3.476325e+01 -6.780823e+01  0.000000e+00
     vertex -3.810000e+01 -6.599114e+01  6.980000e+02
     vertex -3.476325e+01 -6.780823e+01  6.980000e+02
   endloop
 endfacet
 facet normal  4.338837e-01  9.009689e-01 -0.000000e+00
   outer loop
     vertex -3.476325e+01 -6.780823e+01  0.000000e+00
     vertex -3.476325e+01 -6.780823e+01  6.980000e+02
     vertex -3.134008e+01 -6.945675e+01  6.980000e+02
   endloop
 endfacet
 facet normal  4.782540e-01  8.782216e-01  0.000000e+00
   outer loop
     vertex -3.476325e+01 -6.780823e+01  0.000000e+00
     vertex -3.810000e+01 -6.599114e+01  0.000000e+00
     vertex -3.810000e+01 -6.599114e+01  6.980000e+02
   endloop
 endfacet
 facet normal  4.338837e-01  9.009689e-01 -0.000000e+00
   outer loop
     vertex -3.134008e+01 -6.945675e+01  0.000000e+00
     vertex -3.476325e+01 -6.780823e+01  0.000000e+00
     vertex -3.134008e+01 -6.945675e+01  6.980000e+02
   endloop
 endfacet
 facet normal  3.884348e-01  9.214762e-01 -0.000000e+00
   outer loop
     vertex -2.783899e+01 -7.093258e+01  0.000000e+00
     vertex -3.134008e+01 -6.945675e+01  6.980000e+02
     vertex -2.783899e+01 -7.093258e+01  6.980000e+02
   endloop
 endfacet
 facet normal  3.420201e-01  9.396926e-01 -0.000000e+00
   outer loop
     vertex -2.783899e+01 -7.093258e+01  0.000000e+00
     vertex -2.783899e+01 -7.093258e+01  6.980000e+02
     vertex -2.426868e+01 -7.223206e+01  6.980000e+02
   endloop
 endfacet
 facet normal  3.884348e-01  9.214762e-01  0.000000e+00
   outer loop
     vertex -2.783899e+01 -7.093258e+01  0.000000e+00
     vertex -3.134008e+01 -6.945675e+01  0.000000e+00
     vertex -3.134008e+01 -6.945675e+01  6.980000e+02
   endloop
 endfacet
 facet normal  3.420201e-01  9.396926e-01 -0.000000e+00
   outer loop
     vertex -2.426868e+01 -7.223206e+01  0.000000e+00
     vertex -2.783899e+01 -7.093258e+01  0.000000e+00
     vertex -2.426868e+01 -7.223206e+01  6.980000e+02
   endloop
 endfacet
 facet normal  2.947552e-01  9.555728e-01  0.000000e+00
   outer loop
     vertex -2.063804e+01 -7.335197e+01  0.000000e+00
     vertex -2.426868e+01 -7.223206e+01  0.000000e+00
     vertex -2.426868e+01 -7.223206e+01  6.980000e+02
   endloop
 endfacet
 facet normal  2.947552e-01  9.555728e-01 -0.000000e+00
   outer loop
     vertex -2.063804e+01 -7.335197e+01  0.000000e+00
     vertex -2.426868e+01 -7.223206e+01  6.980000e+02
     vertex -2.063804e+01 -7.335197e+01  6.980000e+02
   endloop
 endfacet
 facet normal  2.467574e-01  9.690773e-01  0.000000e+00
   outer loop
     vertex -1.695610e+01 -7.428951e+01  0.000000e+00
     vertex -2.063804e+01 -7.335197e+01  0.000000e+00
     vertex -2.063804e+01 -7.335197e+01  6.980000e+02
   endloop
 endfacet
 facet normal  2.467574e-01  9.690773e-01 -0.000000e+00
   outer loop
     vertex -1.695610e+01 -7.428951e+01  0.000000e+00
     vertex -2.063804e+01 -7.335197e+01  6.980000e+02
     vertex -1.695610e+01 -7.428951e+01  6.980000e+02
   endloop
 endfacet
 facet normal  1.981461e-01  9.801725e-01  0.000000e+00
   outer loop
     vertex -1.323199e+01 -7.504235e+01  0.000000e+00
     vertex -1.695610e+01 -7.428951e+01  0.000000e+00
     vertex -1.695610e+01 -7.428951e+01  6.980000e+02
   endloop
 endfacet
 facet normal  1.981461e-01  9.801725e-01 -0.000000e+00
   outer loop
     vertex -1.323199e+01 -7.504235e+01  0.000000e+00
     vertex -1.695610e+01 -7.428951e+01  6.980000e+02
     vertex -1.323199e+01 -7.504235e+01  6.980000e+02
   endloop
 endfacet
 facet normal  1.490423e-01  9.888308e-01  0.000000e+00
   outer loop
     vertex -9.474990e+00 -7.560863e+01  0.000000e+00
     vertex -1.323199e+01 -7.504235e+01  0.000000e+00
     vertex -1.323199e+01 -7.504235e+01  6.980000e+02
   endloop
 endfacet
 facet normal  1.490423e-01  9.888308e-01 -0.000000e+00
   outer loop
     vertex -9.474990e+00 -7.560863e+01  0.000000e+00
     vertex -1.323199e+01 -7.504235e+01  6.980000e+02
     vertex -9.474990e+00 -7.560863e+01  6.980000e+02
   endloop
 endfacet
 facet normal  9.956785e-02  9.950308e-01  0.000000e+00
   outer loop
     vertex -5.694433e+00 -7.598693e+01  0.000000e+00
     vertex -9.474990e+00 -7.560863e+01  0.000000e+00
     vertex -9.474990e+00 -7.560863e+01  6.980000e+02
   endloop
 endfacet
 facet normal  9.956785e-02  9.950308e-01 -0.000000e+00
   outer loop
     vertex -5.694433e+00 -7.598693e+01  0.000000e+00
     vertex -9.474990e+00 -7.560863e+01  6.980000e+02
     vertex -5.694433e+00 -7.598693e+01  6.980000e+02
   endloop
 endfacet
 facet normal  4.984589e-02  9.987569e-01  0.000000e+00
   outer loop
     vertex -1.899719e+00 -7.617632e+01  0.000000e+00
     vertex -5.694433e+00 -7.598693e+01  0.000000e+00
     vertex -5.694433e+00 -7.598693e+01  6.980000e+02
   endloop
 endfacet
 facet normal  4.984589e-02  9.987569e-01 -0.000000e+00
   outer loop
     vertex -1.899719e+00 -7.617632e+01  0.000000e+00
     vertex -5.694433e+00 -7.598693e+01  6.980000e+02
     vertex -1.899719e+00 -7.617632e+01  6.980000e+02
   endloop
 endfacet
 facet normal -1.122076e-14  1.000000e+00  0.000000e+00
   outer loop
     vertex  1.899719e+00 -7.617632e+01  0.000000e+00
     vertex -1.899719e+00 -7.617632e+01  0.000000e+00
     vertex -1.899719e+00 -7.617632e+01  6.980000e+02
   endloop
 endfacet
 facet normal -1.122076e-14  1.000000e+00  0.000000e+00
   outer loop
     vertex  1.899719e+00 -7.617632e+01  0.000000e+00
     vertex -1.899719e+00 -7.617632e+01  6.980000e+02
     vertex  1.899719e+00 -7.617632e+01  6.980000e+02
   endloop
 endfacet
 facet normal -4.984589e-02  9.987569e-01  0.000000e+00
   outer loop
     vertex  1.899719e+00 -7.617632e+01  0.000000e+00
     vertex  1.899719e+00 -7.617632e+01  6.980000e+02
     vertex  5.694433e+00 -7.598693e+01  6.980000e+02
   endloop
 endfacet
 facet normal -4.984589e-02  9.987569e-01  0.000000e+00
   outer loop
     vertex  5.694433e+00 -7.598693e+01  0.000000e+00
     vertex  1.899719e+00 -7.617632e+01  0.000000e+00
     vertex  5.694433e+00 -7.598693e+01  6.980000e+02
   endloop
 endfacet
 facet normal -9.956785e-02  9.950308e-01  0.000000e+00
   outer loop
     vertex  5.694433e+00 -7.598693e+01  0.000000e+00
     vertex  5.694433e+00 -7.598693e+01  6.980000e+02
     vertex  9.474990e+00 -7.560863e+01  6.980000e+02
   endloop
 endfacet
 facet normal -9.956785e-02  9.950308e-01  0.000000e+00
   outer loop
     vertex  9.474990e+00 -7.560863e+01  0.000000e+00
     vertex  5.694433e+00 -7.598693e+01  0.000000e+00
     vertex  9.474990e+00 -7.560863e+01  6.980000e+02
   endloop
 endfacet
 facet normal -1.490423e-01  9.888308e-01  0.000000e+00
   outer loop
     vertex  1.323199e+01 -7.504235e+01  0.000000e+00
     vertex  9.474990e+00 -7.560863e+01  0.000000e+00
     vertex  9.474990e+00 -7.560863e+01  6.980000e+02
   endloop
 endfacet
 facet normal -1.490423e-01  9.888308e-01  0.000000e+00
   outer loop
     vertex  1.323199e+01 -7.504235e+01  0.000000e+00
     vertex  9.474990e+00 -7.560863e+01  6.980000e+02
     vertex  1.323199e+01 -7.504235e+01  6.980000e+02
   endloop
 endfacet
 facet normal -1.981461e-01  9.801725e-01  0.000000e+00
   outer loop
     vertex  1.323199e+01 -7.504235e+01  0.000000e+00
     vertex  1.323199e+01 -7.504235e+01  6.980000e+02
     vertex  1.695610e+01 -7.428951e+01  6.980000e+02
   endloop
 endfacet
 facet normal -2.467574e-01  9.690773e-01  0.000000e+00
   outer loop
     vertex  1.695610e+01 -7.428951e+01  0.000000e+00
     vertex  1.695610e+01 -7.428951e+01  6.980000e+02
     vertex  2.063804e+01 -7.335197e+01  6.980000e+02
   endloop
 endfacet
 facet normal -1.981461e-01  9.801725e-01  0.000000e+00
   outer loop
     vertex  1.695610e+01 -7.428951e+01  0.000000e+00
     vertex  1.323199e+01 -7.504235e+01  0.000000e+00
     vertex  1.695610e+01 -7.428951e+01  6.980000e+02
   endloop
 endfacet
 facet normal -2.467574e-01  9.690773e-01  0.000000e+00
   outer loop
     vertex  2.063804e+01 -7.335197e+01  0.000000e+00
     vertex  1.695610e+01 -7.428951e+01  0.000000e+00
     vertex  2.063804e+01 -7.335197e+01  6.980000e+02
   endloop
 endfacet
 facet normal -2.947552e-01  9.555728e-01  0.000000e+00
   outer loop
     vertex  2.426868e+01 -7.223206e+01  0.000000e+00
     vertex  2.063804e+01 -7.335197e+01  6.980000e+02
     vertex  2.426868e+01 -7.223206e+01  6.980000e+02
   endloop
 endfacet
 facet normal -2.947552e-01  9.555728e-01  0.000000e+00
   outer loop
     vertex  2.426868e+01 -7.223206e+01  0.000000e+00
     vertex  2.063804e+01 -7.335197e+01  0.000000e+00
     vertex  2.063804e+01 -7.335197e+01  6.980000e+02
   endloop
 endfacet
 facet normal -3.420201e-01  9.396926e-01  0.000000e+00
   outer loop
     vertex  2.783899e+01 -7.093258e+01  0.000000e+00
     vertex  2.426868e+01 -7.223206e+01  6.980000e+02
     vertex  2.783899e+01 -7.093258e+01  6.980000e+02
   endloop
 endfacet
 facet normal -3.420201e-01  9.396926e-01  0.000000e+00
   outer loop
     vertex  2.783899e+01 -7.093258e+01  0.000000e+00
     vertex  2.426868e+01 -7.223206e+01  0.000000e+00
     vertex  2.426868e+01 -7.223206e+01  6.980000e+02
   endloop
 endfacet
 facet normal -3.884348e-01  9.214762e-01  0.000000e+00
   outer loop
     vertex  3.134008e+01 -6.945675e+01  0.000000e+00
     vertex  2.783899e+01 -7.093258e+01  6.980000e+02
     vertex  3.134008e+01 -6.945675e+01  6.980000e+02
   endloop
 endfacet
 facet normal -3.884348e-01  9.214762e-01  0.000000e+00
   outer loop
     vertex  3.134008e+01 -6.945675e+01  0.000000e+00
     vertex  2.783899e+01 -7.093258e+01  0.000000e+00
     vertex  2.783899e+01 -7.093258e+01  6.980000e+02
   endloop
 endfacet
 facet normal -4.338837e-01  9.009689e-01  0.000000e+00
   outer loop
     vertex  3.476325e+01 -6.780823e+01  0.000000e+00
     vertex  3.134008e+01 -6.945675e+01  6.980000e+02
     vertex  3.476325e+01 -6.780823e+01  6.980000e+02
   endloop
 endfacet
 facet normal -4.338837e-01  9.009689e-01  0.000000e+00
   outer loop
     vertex  3.476325e+01 -6.780823e+01  0.000000e+00
     vertex  3.134008e+01 -6.945675e+01  0.000000e+00
     vertex  3.134008e+01 -6.945675e+01  6.980000e+02
   endloop
 endfacet
 facet normal -4.782540e-01  8.782216e-01  0.000000e+00
   outer loop
     vertex  3.810000e+01 -6.599114e+01  0.000000e+00
     vertex  3.476325e+01 -6.780823e+01  6.980000e+02
     vertex  3.810000e+01 -6.599114e+01  6.980000e+02
   endloop
 endfacet
 facet normal -5.214352e-01  8.532909e-01  0.000000e+00
   outer loop
     vertex  3.810000e+01 -6.599114e+01  0.000000e+00
     vertex  3.810000e+01 -6.599114e+01  6.980000e+02
     vertex  4.134203e+01 -6.400998e+01  6.980000e+02
   endloop
 endfacet
 facet normal -4.782540e-01  8.782216e-01  0.000000e+00
   outer loop
     vertex  3.810000e+01 -6.599114e+01  0.000000e+00
     vertex  3.476325e+01 -6.780823e+01  0.000000e+00
     vertex  3.476325e+01 -6.780823e+01  6.980000e+02
   endloop
 endfacet
 facet normal -5.214352e-01  8.532909e-01  0.000000e+00
   outer loop
     vertex  4.134203e+01 -6.400998e+01  0.000000e+00
     vertex  3.810000e+01 -6.599114e+01  0.000000e+00
     vertex  4.134203e+01 -6.400998e+01  6.980000e+02
   endloop
 endfacet
 facet normal -5.633201e-01  8.262388e-01  0.000000e+00
   outer loop
     vertex  4.448127e+01 -6.186968e+01  0.000000e+00
     vertex  4.134203e+01 -6.400998e+01  6.980000e+02
     vertex  4.448127e+01 -6.186968e+01  6.980000e+02
   endloop
 endfacet
 facet normal -6.038044e-01  7.971325e-01  0.000000e+00
   outer loop
     vertex  4.448127e+01 -6.186968e+01  0.000000e+00
     vertex  4.448127e+01 -6.186968e+01  6.980000e+02
     vertex  4.750992e+01 -5.957556e+01  6.980000e+02
   endloop
 endfacet
 facet normal -5.633201e-01  8.262388e-01  0.000000e+00
   outer loop
     vertex  4.448127e+01 -6.186968e+01  0.000000e+00
     vertex  4.134203e+01 -6.400998e+01  0.000000e+00
     vertex  4.134203e+01 -6.400998e+01  6.980000e+02
   endloop
 endfacet
 facet normal -6.038044e-01  7.971325e-01  0.000000e+00
   outer loop
     vertex  4.750992e+01 -5.957556e+01  0.000000e+00
     vertex  4.448127e+01 -6.186968e+01  0.000000e+00
     vertex  4.750992e+01 -5.957556e+01  6.980000e+02
   endloop
 endfacet
 facet normal -6.427876e-01  7.660444e-01  0.000000e+00
   outer loop
     vertex  5.042046e+01 -5.713333e+01  0.000000e+00
     vertex  4.750992e+01 -5.957556e+01  6.980000e+02
     vertex  5.042046e+01 -5.713333e+01  6.980000e+02
   endloop
 endfacet
 facet normal -6.427876e-01  7.660444e-01  0.000000e+00
   outer loop
     vertex  5.042046e+01 -5.713333e+01  0.000000e+00
     vertex  4.750992e+01 -5.957556e+01  0.000000e+00
     vertex  4.750992e+01 -5.957556e+01  6.980000e+02
   endloop
 endfacet
 facet normal -6.801727e-01  7.330519e-01  0.000000e+00
   outer loop
     vertex  5.320565e+01 -5.454905e+01  0.000000e+00
     vertex  5.042046e+01 -5.713333e+01  6.980000e+02
     vertex  5.320565e+01 -5.454905e+01  6.980000e+02
   endloop
 endfacet
 facet normal -6.801727e-01  7.330519e-01  0.000000e+00
   outer loop
     vertex  5.320565e+01 -5.454905e+01  0.000000e+00
     vertex  5.042046e+01 -5.713333e+01  0.000000e+00
     vertex  5.042046e+01 -5.713333e+01  6.980000e+02
   endloop
 endfacet
 facet normal -7.158668e-01  6.982368e-01  0.000000e+00
   outer loop
     vertex  5.585855e+01 -5.182916e+01  0.000000e+00
     vertex  5.320565e+01 -5.454905e+01  6.980000e+02
     vertex  5.585855e+01 -5.182916e+01  6.980000e+02
   endloop
 endfacet
 facet normal -7.158668e-01  6.982368e-01  0.000000e+00
   outer loop
     vertex  5.585855e+01 -5.182916e+01  0.000000e+00
     vertex  5.320565e+01 -5.454905e+01  0.000000e+00
     vertex  5.320565e+01 -5.454905e+01  6.980000e+02
   endloop
 endfacet
 facet normal -7.497812e-01  6.616858e-01  0.000000e+00
   outer loop
     vertex  5.837259e+01 -4.898042e+01  0.000000e+00
     vertex  5.585855e+01 -5.182916e+01  0.000000e+00
     vertex  5.585855e+01 -5.182916e+01  6.980000e+02
   endloop
 endfacet
 facet normal -7.497812e-01  6.616858e-01  0.000000e+00
   outer loop
     vertex  5.837259e+01 -4.898042e+01  0.000000e+00
     vertex  5.585855e+01 -5.182916e+01  6.980000e+02
     vertex  5.837259e+01 -4.898042e+01  6.980000e+02
   endloop
 endfacet
 facet normal -7.818315e-01  6.234898e-01  0.000000e+00
   outer loop
     vertex  5.837259e+01 -4.898042e+01  0.000000e+00
     vertex  5.837259e+01 -4.898042e+01  6.980000e+02
     vertex  6.074150e+01 -4.600990e+01  6.980000e+02
   endloop
 endfacet
 facet normal -7.818315e-01  6.234898e-01  0.000000e+00
   outer loop
     vertex  6.074150e+01 -4.600990e+01  0.000000e+00
     vertex  5.837259e+01 -4.898042e+01  0.000000e+00
     vertex  6.074150e+01 -4.600990e+01  6.980000e+02
   endloop
 endfacet
 facet normal -8.119380e-01  5.837437e-01  0.000000e+00
   outer loop
     vertex  6.295939e+01 -4.292499e+01  0.000000e+00
     vertex  6.074150e+01 -4.600990e+01  6.980000e+02
     vertex  6.295939e+01 -4.292499e+01  6.980000e+02
   endloop
 endfacet
 facet normal -8.400259e-01  5.425463e-01  0.000000e+00
   outer loop
     vertex  6.295939e+01 -4.292499e+01  0.000000e+00
     vertex  6.295939e+01 -4.292499e+01  6.980000e+02
     vertex  6.502077e+01 -3.973336e+01  6.980000e+02
   endloop
 endfacet
 facet normal -8.119380e-01  5.837437e-01  0.000000e+00
   outer loop
     vertex  6.295939e+01 -4.292499e+01  0.000000e+00
     vertex  6.074150e+01 -4.600990e+01  0.000000e+00
     vertex  6.074150e+01 -4.600990e+01  6.980000e+02
   endloop
 endfacet
 facet normal -8.400259e-01  5.425463e-01  0.000000e+00
   outer loop
     vertex  6.502077e+01 -3.973336e+01  0.000000e+00
     vertex  6.295939e+01 -4.292499e+01  0.000000e+00
     vertex  6.502077e+01 -3.973336e+01  6.980000e+02
   endloop
 endfacet
 facet normal -8.660254e-01  5.000000e-01  0.000000e+00
   outer loop
     vertex  6.692048e+01 -3.644295e+01  0.000000e+00
     vertex  6.502077e+01 -3.973336e+01  6.980000e+02
     vertex  6.692048e+01 -3.644295e+01  6.980000e+02
   endloop
 endfacet
 facet normal -8.660254e-01  5.000000e-01  0.000000e+00
   outer loop
     vertex  6.692048e+01 -3.644295e+01  0.000000e+00
     vertex  6.502077e+01 -3.973336e+01  0.000000e+00
     vertex  6.502077e+01 -3.973336e+01  6.980000e+02
   endloop
 endfacet
 facet normal -8.898718e-01  4.562107e-01  0.000000e+00
   outer loop
     vertex  6.865383e+01 -3.306194e+01  0.000000e+00
     vertex  6.692048e+01 -3.644295e+01  6.980000e+02
     vertex  6.865383e+01 -3.306194e+01  6.980000e+02
   endloop
 endfacet
 facet normal -9.115059e-01  4.112871e-01  0.000000e+00
   outer loop
     vertex  6.865383e+01 -3.306194e+01  0.000000e+00
     vertex  6.865383e+01 -3.306194e+01  6.980000e+02
     vertex  7.021649e+01 -2.959873e+01  6.980000e+02
   endloop
 endfacet
 facet normal -8.898718e-01  4.562107e-01  0.000000e+00
   outer loop
     vertex  6.865383e+01 -3.306194e+01  0.000000e+00
     vertex  6.692048e+01 -3.644295e+01  0.000000e+00
     vertex  6.692048e+01 -3.644295e+01  6.980000e+02
   endloop
 endfacet
 facet normal -9.115059e-01  4.112871e-01  0.000000e+00
   outer loop
     vertex  7.021649e+01 -2.959873e+01  0.000000e+00
     vertex  6.865383e+01 -3.306194e+01  0.000000e+00
     vertex  7.021649e+01 -2.959873e+01  6.980000e+02
   endloop
 endfacet
 facet normal -9.308737e-01  3.653410e-01  0.000000e+00
   outer loop
     vertex  7.160458e+01 -2.606193e+01  0.000000e+00
     vertex  7.021649e+01 -2.959873e+01  6.980000e+02
     vertex  7.160458e+01 -2.606193e+01  6.980000e+02
   endloop
 endfacet
 facet normal -9.308737e-01  3.653410e-01  0.000000e+00
   outer loop
     vertex  7.160458e+01 -2.606193e+01  0.000000e+00
     vertex  7.021649e+01 -2.959873e+01  0.000000e+00
     vertex  7.021649e+01 -2.959873e+01  6.980000e+02
   endloop
 endfacet
 facet normal -9.479273e-01  3.184867e-01  0.000000e+00
   outer loop
     vertex  7.281465e+01 -2.246034e+01  0.000000e+00
     vertex  7.160458e+01 -2.606193e+01  6.980000e+02
     vertex  7.281465e+01 -2.246034e+01  6.980000e+02
   endloop
 endfacet
 facet normal -9.479273e-01  3.184867e-01  0.000000e+00
   outer loop
     vertex  7.281465e+01 -2.246034e+01  0.000000e+00
     vertex  7.160458e+01 -2.606193e+01  0.000000e+00
     vertex  7.160458e+01 -2.606193e+01  6.980000e+02
   endloop
 endfacet
 facet normal -9.626242e-01  2.708405e-01  0.000000e+00
   outer loop
     vertex  7.384369e+01 -1.880291e+01  0.000000e+00
     vertex  7.281465e+01 -2.246034e+01  6.980000e+02
     vertex  7.384369e+01 -1.880291e+01  6.980000e+02
   endloop
 endfacet
 facet normal -9.626242e-01  2.708405e-01  0.000000e+00
   outer loop
     vertex  7.384369e+01 -1.880291e+01  0.000000e+00
     vertex  7.281465e+01 -2.246034e+01  0.000000e+00
     vertex  7.281465e+01 -2.246034e+01  6.980000e+02
   endloop
 endfacet
 facet normal -9.749279e-01  2.225209e-01  0.000000e+00
   outer loop
     vertex  7.468914e+01 -1.509874e+01  0.000000e+00
     vertex  7.384369e+01 -1.880291e+01  6.980000e+02
     vertex  7.468914e+01 -1.509874e+01  6.980000e+02
   endloop
 endfacet
 facet normal -9.749279e-01  2.225209e-01  0.000000e+00
   outer loop
     vertex  7.468914e+01 -1.509874e+01  0.000000e+00
     vertex  7.384369e+01 -1.880291e+01  0.000000e+00
     vertex  7.384369e+01 -1.880291e+01  6.980000e+02
   endloop
 endfacet
 facet normal -9.848078e-01  1.736482e-01  0.000000e+00
   outer loop
     vertex  7.534891e+01 -1.135702e+01  0.000000e+00
     vertex  7.468914e+01 -1.509874e+01  6.980000e+02
     vertex  7.534891e+01 -1.135702e+01  6.980000e+02
   endloop
 endfacet
 facet normal -9.922392e-01  1.243437e-01  0.000000e+00
   outer loop
     vertex  7.534891e+01 -1.135702e+01  0.000000e+00
     vertex  7.534891e+01 -1.135702e+01  6.980000e+02
     vertex  7.582135e+01 -7.587070e+00  6.980000e+02
   endloop
 endfacet
 facet normal -9.848078e-01  1.736482e-01  0.000000e+00
   outer loop
     vertex  7.534891e+01 -1.135702e+01  0.000000e+00
     vertex  7.468914e+01 -1.509874e+01  0.000000e+00
     vertex  7.468914e+01 -1.509874e+01  6.980000e+02
   endloop
 endfacet
 facet normal -9.922392e-01  1.243437e-01  0.000000e+00
   outer loop
     vertex  7.582135e+01 -7.587070e+00  0.000000e+00
     vertex  7.534891e+01 -1.135702e+01  0.000000e+00
     vertex  7.582135e+01 -7.587070e+00  6.980000e+02
   endloop
 endfacet
 facet normal -9.972038e-01  7.473009e-02  0.000000e+00
   outer loop
     vertex  7.610528e+01 -3.798256e+00  0.000000e+00
     vertex  7.582135e+01 -7.587070e+00  6.980000e+02
     vertex  7.610528e+01 -3.798256e+00  6.980000e+02
   endloop
 endfacet
 facet normal -9.972038e-01  7.473009e-02  0.000000e+00
   outer loop
     vertex  7.610528e+01 -3.798256e+00  0.000000e+00
     vertex  7.582135e+01 -7.587070e+00  0.000000e+00
     vertex  7.582135e+01 -7.587070e+00  6.980000e+02
   endloop
 endfacet
 facet normal -9.996892e-01  2.493069e-02 -3.333072e-19
   outer loop
     vertex  7.620000e+01 -9.331809e-15  0.000000e+00
     vertex  7.610528e+01 -3.798256e+00  6.980000e+02
     vertex  7.620000e+01  0.000000e+00  6.980000e+02
   endloop
 endfacet
 facet normal -9.996892e-01  2.493069e-02  0.000000e+00
   outer loop
     vertex  7.620000e+01 -9.331809e-15  0.000000e+00
     vertex  7.610528e+01 -3.798256e+00  0.000000e+00
     vertex  7.610528e+01 -3.798256e+00  6.980000e+02
   endloop
 endfacet
endsolid
